entity_id,group,outcome,model,model_sha256,model_binding_source_id,model_binding_source_sha256,field,value,json_path,source_id,source_sha256,record_role
v2|P1|overall|rSI_sMS,overall,P1,rSI_sMS,3ac455bf04f5913d137b28d987ca9f2a68962cda46a99578457cbea462d6575a,s0184,fb577a2845289c682371f2aa456ab2827110e96d0c8158dcbf898f7352391f4f,seed,20260710,seed,s1276,504df23f785be43e6770e99bb857b16c4630a27da90141862f1ec9bedae25c61,task_record
v2|P1|overall|rSI_sMS,overall,P1,rSI_sMS,3ac455bf04f5913d137b28d987ca9f2a68962cda46a99578457cbea462d6575a,s0184,fb577a2845289c682371f2aa456ab2827110e96d0c8158dcbf898f7352391f4f,runtime_packages,"{""numpy"":""2.4.4"",""pandas"":""2.3.3"",""scikit-learn"":""1.8.0"",""imbalanced-learn"":""0.14.2"",""xgboost"":""3.2.0"",""lightgbm"":""4.6.0"",""catboost"":""1.2.10"",""optuna"":""4.9.0"",""joblib"":""1.5.3""}",runtime.packages,s1277,eb613408e4131a1941869f96834edf00cdee45a9f0359ac5f73cb9958d796772,training_runtime_record
v2|P1|overall|rSI_sMS,overall,P1,rSI_sMS,3ac455bf04f5913d137b28d987ca9f2a68962cda46a99578457cbea462d6575a,s0184,fb577a2845289c682371f2aa456ab2827110e96d0c8158dcbf898f7352391f4f,runtime_python,3.12.13,runtime.python,s1277,eb613408e4131a1941869f96834edf00cdee45a9f0359ac5f73cb9958d796772,training_runtime_record
v2|P1|overall|logistic_regression,overall,P1,logistic_regression,ed41a3084f1051626d70bb380031d0999528267ece311fcfeaaa4cc134552474,s0181,46e0775cf3e37c596711c28614544334b2e7acff201c06ea6353c21a6c82b86c,seed,20260710,seed,s1282,b743cae467ba2548697c0b152c07c7fff96107e161f558ff194fe571bae67858,task_record
v2|P1|overall|logistic_regression,overall,P1,logistic_regression,ed41a3084f1051626d70bb380031d0999528267ece311fcfeaaa4cc134552474,s0181,46e0775cf3e37c596711c28614544334b2e7acff201c06ea6353c21a6c82b86c,runtime_packages,"{""numpy"":""2.4.4"",""pandas"":""2.3.3"",""scikit-learn"":""1.8.0"",""imbalanced-learn"":""0.14.2"",""xgboost"":""3.2.0"",""lightgbm"":""4.6.0"",""catboost"":""1.2.10"",""optuna"":""4.9.0"",""joblib"":""1.5.3""}",runtime.packages,s1283,4c4dbf43df6d31be4d14bd9c07d93645d569fefabbef3feaf82e35327a3a489b,training_runtime_record
v2|P1|overall|logistic_regression,overall,P1,logistic_regression,ed41a3084f1051626d70bb380031d0999528267ece311fcfeaaa4cc134552474,s0181,46e0775cf3e37c596711c28614544334b2e7acff201c06ea6353c21a6c82b86c,runtime_python,3.12.13,runtime.python,s1283,4c4dbf43df6d31be4d14bd9c07d93645d569fefabbef3feaf82e35327a3a489b,training_runtime_record
v2|P1|overall|catboost,overall,P1,catboost,e404e0a3a84bc6d22f27a8cd5b95c21896ecd3ddd089b113159b92583c006f5f,s0174,c7dc669e691af36b18eef0ed70183fd14709ba1f0b994fb768eb0c0199b5c35c,lineage,core_model_optimization_v2,lineage,s1288,16f453279dc1e774b797f6e873e04fc30ed829b308a44ce21040a24efa812fa7,task_record
v2|P1|overall|catboost,overall,P1,catboost,e404e0a3a84bc6d22f27a8cd5b95c21896ecd3ddd089b113159b92583c006f5f,s0174,c7dc669e691af36b18eef0ed70183fd14709ba1f0b994fb768eb0c0199b5c35c,configuration,"{""source_trial_number"":51,""params"":{""depth"":7,""learning_rate"":0.08959642079366602,""l2_leaf_reg"":49.428101518911575,""random_strength"":0.00020807709492908494,""bagging_temperature"":4.5387603276474024,""scale_pos_weight"":1.0},""revalidated_median_best_iteration"":283,""final_development_monitor_fold"":4,""final_refit_iterations"":324,""final_refit_rows"":24784,""validation_2024_fit_rows"":0,""validation_2024_monitor_rows"":0}",locked_configuration,s1288,16f453279dc1e774b797f6e873e04fc30ed829b308a44ce21040a24efa812fa7,recorded_locked_configuration
v2|P1|overall|catboost,overall,P1,catboost,e404e0a3a84bc6d22f27a8cd5b95c21896ecd3ddd089b113159b92583c006f5f,s0174,c7dc669e691af36b18eef0ed70183fd14709ba1f0b994fb768eb0c0199b5c35c,final_refit_rows,24784,locked_configuration.final_refit_rows,s1288,16f453279dc1e774b797f6e873e04fc30ed829b308a44ce21040a24efa812fa7,recorded_locked_configuration
v2|P1|overall|catboost,overall,P1,catboost,e404e0a3a84bc6d22f27a8cd5b95c21896ecd3ddd089b113159b92583c006f5f,s0174,c7dc669e691af36b18eef0ed70183fd14709ba1f0b994fb768eb0c0199b5c35c,final_refit_iterations,324,locked_configuration.final_refit_iterations,s1288,16f453279dc1e774b797f6e873e04fc30ed829b308a44ce21040a24efa812fa7,recorded_locked_configuration
v2|P1|overall|catboost,overall,P1,catboost,e404e0a3a84bc6d22f27a8cd5b95c21896ecd3ddd089b113159b92583c006f5f,s0174,c7dc669e691af36b18eef0ed70183fd14709ba1f0b994fb768eb0c0199b5c35c,runtime_packages,"{""numpy"":""2.0.2"",""pandas"":""2.3.3"",""scikit-learn"":""1.6.1"",""imbalanced-learn"":""0.14.1"",""xgboost"":""3.2.0"",""lightgbm"":""4.6.0"",""catboost"":""1.2.10"",""optuna"":""4.9.0"",""joblib"":""1.5.3""}",runtime.packages,s1289,8109a840729da8d82a7f3b81e41d520551e5dc40824caed4be90ebf617e29261,training_runtime_record
v2|P1|overall|catboost,overall,P1,catboost,e404e0a3a84bc6d22f27a8cd5b95c21896ecd3ddd089b113159b92583c006f5f,s0174,c7dc669e691af36b18eef0ed70183fd14709ba1f0b994fb768eb0c0199b5c35c,runtime_python,3.12.13,runtime.python,s1289,8109a840729da8d82a7f3b81e41d520551e5dc40824caed4be90ebf617e29261,training_runtime_record
v2|P1|overall|xgboost,overall,P1,xgboost,e6d348c174b82b0e0072b241be730ca7f375c2b5525a00858b2acd22e40f3c05,s0191,84031da36b84b5295b0969af59461a0faf08314d8adaf2c3a5f4a08eb0e88c1c,lineage,core_model_optimization_v2,lineage,s1294,b8bf64244219ca848d4951c51c541f2daf61302ffaa3d5fb2228a004ace19e74,task_record
v2|P1|overall|xgboost,overall,P1,xgboost,e6d348c174b82b0e0072b241be730ca7f375c2b5525a00858b2acd22e40f3c05,s0191,84031da36b84b5295b0969af59461a0faf08314d8adaf2c3a5f4a08eb0e88c1c,configuration,"{""source_trial_number"":244,""params"":{""max_depth"":8,""learning_rate"":0.00902116817122505,""subsample"":0.9877007824080123,""colsample_bytree"":0.9775809218538409,""min_child_weight"":11.618141941841003,""reg_alpha"":0.00013902087749557184,""reg_lambda"":29.373438406447296,""scale_pos_weight"":1.0},""revalidated_median_best_iteration"":1013,""final_development_monitor_fold"":4,""final_refit_iterations"":873,""final_refit_rows"":24784,""validation_2024_fit_rows"":0,""validation_2024_monitor_rows"":0}",locked_configuration,s1294,b8bf64244219ca848d4951c51c541f2daf61302ffaa3d5fb2228a004ace19e74,recorded_locked_configuration
v2|P1|overall|xgboost,overall,P1,xgboost,e6d348c174b82b0e0072b241be730ca7f375c2b5525a00858b2acd22e40f3c05,s0191,84031da36b84b5295b0969af59461a0faf08314d8adaf2c3a5f4a08eb0e88c1c,final_refit_rows,24784,locked_configuration.final_refit_rows,s1294,b8bf64244219ca848d4951c51c541f2daf61302ffaa3d5fb2228a004ace19e74,recorded_locked_configuration
v2|P1|overall|xgboost,overall,P1,xgboost,e6d348c174b82b0e0072b241be730ca7f375c2b5525a00858b2acd22e40f3c05,s0191,84031da36b84b5295b0969af59461a0faf08314d8adaf2c3a5f4a08eb0e88c1c,final_refit_iterations,873,locked_configuration.final_refit_iterations,s1294,b8bf64244219ca848d4951c51c541f2daf61302ffaa3d5fb2228a004ace19e74,recorded_locked_configuration
v2|P1|overall|xgboost,overall,P1,xgboost,e6d348c174b82b0e0072b241be730ca7f375c2b5525a00858b2acd22e40f3c05,s0191,84031da36b84b5295b0969af59461a0faf08314d8adaf2c3a5f4a08eb0e88c1c,runtime_packages,"{""numpy"":""2.0.2"",""pandas"":""2.3.3"",""scikit-learn"":""1.6.1"",""imbalanced-learn"":""0.14.1"",""xgboost"":""3.2.0"",""lightgbm"":""4.6.0"",""catboost"":""1.2.10"",""optuna"":""4.9.0"",""joblib"":""1.5.3""}",runtime.packages,s1295,0947001824818ede1dcd2bce2cdac6595b3b9802a64e322d9f9666af3e362ab7,training_runtime_record
v2|P1|overall|xgboost,overall,P1,xgboost,e6d348c174b82b0e0072b241be730ca7f375c2b5525a00858b2acd22e40f3c05,s0191,84031da36b84b5295b0969af59461a0faf08314d8adaf2c3a5f4a08eb0e88c1c,runtime_python,3.12.13,runtime.python,s1295,0947001824818ede1dcd2bce2cdac6595b3b9802a64e322d9f9666af3e362ab7,training_runtime_record
v2|P1|overall|lightgbm,overall,P1,lightgbm,bf271da47511deb44fbbc318ed179284dbd83cf5e55a44a7c71d6556d48e819e,s0179,9787bb2a08510d2785258cf9110c8114349ea2e36001f97bf27df44225fb07ab,lineage,core_model_optimization_v2,lineage,s1301,cc99d747d9020a1d89b48d0589551af2fff8d81209fede7edded12fb2123ebff,task_record
v2|P1|overall|lightgbm,overall,P1,lightgbm,bf271da47511deb44fbbc318ed179284dbd83cf5e55a44a7c71d6556d48e819e,s0179,9787bb2a08510d2785258cf9110c8114349ea2e36001f97bf27df44225fb07ab,configuration,"{""source_trial_number"":309,""params"":{""num_leaves"":181,""max_depth"":10,""learning_rate"":0.06584798441450593,""subsample"":0.5635098896485028,""colsample_bytree"":0.9152562231392767,""min_child_samples"":275,""reg_alpha"":4.515844667700695,""reg_lambda"":2.6308565184497454,""scale_pos_weight"":1.0},""revalidated_median_best_iteration"":64,""final_development_monitor_fold"":4,""final_refit_iterations"":64,""final_refit_rows"":24784,""validation_2024_fit_rows"":0,""validation_2024_monitor_rows"":0}",locked_configuration,s1301,cc99d747d9020a1d89b48d0589551af2fff8d81209fede7edded12fb2123ebff,recorded_locked_configuration
v2|P1|overall|lightgbm,overall,P1,lightgbm,bf271da47511deb44fbbc318ed179284dbd83cf5e55a44a7c71d6556d48e819e,s0179,9787bb2a08510d2785258cf9110c8114349ea2e36001f97bf27df44225fb07ab,final_refit_rows,24784,locked_configuration.final_refit_rows,s1301,cc99d747d9020a1d89b48d0589551af2fff8d81209fede7edded12fb2123ebff,recorded_locked_configuration
v2|P1|overall|lightgbm,overall,P1,lightgbm,bf271da47511deb44fbbc318ed179284dbd83cf5e55a44a7c71d6556d48e819e,s0179,9787bb2a08510d2785258cf9110c8114349ea2e36001f97bf27df44225fb07ab,final_refit_iterations,64,locked_configuration.final_refit_iterations,s1301,cc99d747d9020a1d89b48d0589551af2fff8d81209fede7edded12fb2123ebff,recorded_locked_configuration
v2|P1|overall|lightgbm,overall,P1,lightgbm,bf271da47511deb44fbbc318ed179284dbd83cf5e55a44a7c71d6556d48e819e,s0179,9787bb2a08510d2785258cf9110c8114349ea2e36001f97bf27df44225fb07ab,runtime_packages,"{""numpy"":""2.0.2"",""pandas"":""2.3.3"",""scikit-learn"":""1.6.1"",""imbalanced-learn"":""0.14.1"",""xgboost"":""3.2.0"",""lightgbm"":""4.6.0"",""catboost"":""1.2.10"",""optuna"":""4.9.0"",""joblib"":""1.5.3""}",runtime.packages,s1302,4ca0d8fb85de541f0381bd271624ce0b1a98744ce49a75234ba37e866c6263dd,training_runtime_record
v2|P1|overall|lightgbm,overall,P1,lightgbm,bf271da47511deb44fbbc318ed179284dbd83cf5e55a44a7c71d6556d48e819e,s0179,9787bb2a08510d2785258cf9110c8114349ea2e36001f97bf27df44225fb07ab,runtime_python,3.12.13,runtime.python,s1302,4ca0d8fb85de541f0381bd271624ce0b1a98744ce49a75234ba37e866c6263dd,training_runtime_record
v2|P1|overall|bert_finetuned,overall,P1,bert_finetuned,822eae85f4f28b49a018a2afba574c90f58a33c5c096df6257da53cec3c5c711,s0172,d1c428cd89e1e7cc3875791f23971c0db8c0d3869470977efcfa7f3948ef3b55,runtime_python,3.12.13,runtime.python,s1308,3b2bd94cf5e82a25ed1897605ef1d90bee3d4dff10f56bdb13a966d271c04857,training_runtime_record
v2|P1|overall|bert_finetuned,overall,P1,bert_finetuned,822eae85f4f28b49a018a2afba574c90f58a33c5c096df6257da53cec3c5c711,s0172,d1c428cd89e1e7cc3875791f23971c0db8c0d3869470977efcfa7f3948ef3b55,seed,20260715,seed,s1318,64b86b5474549b2fbe64dae4950a6d9288428c530edd4d3837c302b085b35ad6,task_record
v2|P1|overall|bert_finetuned,overall,P1,bert_finetuned,822eae85f4f28b49a018a2afba574c90f58a33c5c096df6257da53cec3c5c711,s0172,d1c428cd89e1e7cc3875791f23971c0db8c0d3869470977efcfa7f3948ef3b55,version,1.0,version,s1323,90c7d851c51fcfe895df307e601bc85d4d3c820a367abb78c3c84643d942d4ca,task_record
v2|P1|overall|bert_finetuned,overall,P1,bert_finetuned,822eae85f4f28b49a018a2afba574c90f58a33c5c096df6257da53cec3c5c711,s0172,d1c428cd89e1e7cc3875791f23971c0db8c0d3869470977efcfa7f3948ef3b55,backend,tokenizers,backend,s1324,035996d5b54a8c1c1ef3906781f5d6af5080493ccb35e89f66a9fb5e97f1c0b8,task_record
v2|P1|overall|mlp_plr,overall,P1,mlp_plr,e12ce512bbd83ec0e6ea2e5ad4c16592adbde6f338dfa9b80f4f5f86cc8eb6fa,s0183,db1f13f6288f7a8296f2f77abecf7eb176c6ec7c12fd63679b121e34403efe41,runtime_python,3.12.13,runtime.python,s1329,4bc03efbeecf3465ac3f99d222e74f2f66233fe25c9582f77a83c5716a8e9b25,training_runtime_record
v2|P1|overall|mlp_plr,overall,P1,mlp_plr,e12ce512bbd83ec0e6ea2e5ad4c16592adbde6f338dfa9b80f4f5f86cc8eb6fa,s0183,db1f13f6288f7a8296f2f77abecf7eb176c6ec7c12fd63679b121e34403efe41,seed,20260715,seed,s1339,383858f5959067f699e8fc74ff1a7b1da5414fc9b28101b63f5d3844c78e76e3,task_record
v2|P1|overall|ft_transformer,overall,P1,ft_transformer,fcc71eaee742b5cbea1ad293a46e24378426385f3d8e7d0c249447db768ad365,s0178,290893ccb9645b1b8f98712be1053aececfa9f6bd8cef153fe0936eecefac0c4,runtime_python,3.12.13,runtime.python,s1346,77a578d07aa7e45a16a889666d7dffced58bd6b57e14cff2073d656cf6539b36,training_runtime_record
v2|P1|overall|ft_transformer,overall,P1,ft_transformer,fcc71eaee742b5cbea1ad293a46e24378426385f3d8e7d0c249447db768ad365,s0178,290893ccb9645b1b8f98712be1053aececfa9f6bd8cef153fe0936eecefac0c4,seed,20260715,seed,s1368,18d810c73578359638be868469d177cab4b2dcf8b617057b5abf128b0d67405b,task_record
v2|P1|overall|cnn_1d,overall,P1,cnn_1d,d7795a96b6fdf7d2a37e8f44af6d52ccbfb6cfeb3895a517a572a19c2444dd74,s0176,c0e12212f3351e94471a8e5dc5d4b9c8ea14d6bd394a4a8e5ae0e3519702cd38,runtime_python,3.12.13,runtime.python,s1376,2175407d05550ee5350ecd8dafac998f5323522e7eb363444e2c60071adbbd18,training_runtime_record
v2|P1|overall|tabpfn,overall,P1,tabpfn,bf6489dd7a19b57da91994073086580939cb3b4941689743c212569596257863,s0189,35ec887eaf2b3308066da0d17eeb1214fb63f9d0fbcaf14d8222846612bbcee1,lineage,core_model_optimization_v2_tabpfn_standard_priorlabs_cloud_v3,lineage,s1384,e946f5f039d2c1c5b17d6e74419437a4ba910383d962a02d7bf159b0b77edba5,task_record
v2|P1|overall|tabpfn,overall,P1,tabpfn,bf6489dd7a19b57da91994073086580939cb3b4941689743c212569596257863,s0189,35ec887eaf2b3308066da0d17eeb1214fb63f9d0fbcaf14d8222846612bbcee1,configuration,"{""feature_count"":""all"",""context_row_policy"":""full_or_model_limit"",""preprocessing"":""median_indicator"",""context_bagging"":""prevalence_stratified"",""estimator_count"":4,""bag_count"":2,""config_sha256"":""193c86ad52b6f7f5207e113952726f45ffa9728a66ad41fd401ee76afac0a2bd""}",locked_configuration,s1385,b697a046ef410c525092779b812e2f9d221a5217fe8c849fbf7b51040ac0f20a,recorded_locked_configuration
v2|P1|overall|tabpfn,overall,P1,tabpfn,bf6489dd7a19b57da91994073086580939cb3b4941689743c212569596257863,s0189,35ec887eaf2b3308066da0d17eeb1214fb63f9d0fbcaf14d8222846612bbcee1,context_row_policy,full_or_model_limit,locked_configuration.context_row_policy,s1385,b697a046ef410c525092779b812e2f9d221a5217fe8c849fbf7b51040ac0f20a,recorded_locked_configuration
v2|P1|overall|tabpfn,overall,P1,tabpfn,bf6489dd7a19b57da91994073086580939cb3b4941689743c212569596257863,s0189,35ec887eaf2b3308066da0d17eeb1214fb63f9d0fbcaf14d8222846612bbcee1,estimator_count,4,locked_configuration.estimator_count,s1385,b697a046ef410c525092779b812e2f9d221a5217fe8c849fbf7b51040ac0f20a,recorded_locked_configuration
v2|P1|overall|tabpfn,overall,P1,tabpfn,bf6489dd7a19b57da91994073086580939cb3b4941689743c212569596257863,s0189,35ec887eaf2b3308066da0d17eeb1214fb63f9d0fbcaf14d8222846612bbcee1,bag_count,2,locked_configuration.bag_count,s1385,b697a046ef410c525092779b812e2f9d221a5217fe8c849fbf7b51040ac0f20a,recorded_locked_configuration
v2|P1|overall|tabpfn,overall,P1,tabpfn,bf6489dd7a19b57da91994073086580939cb3b4941689743c212569596257863,s0189,35ec887eaf2b3308066da0d17eeb1214fb63f9d0fbcaf14d8222846612bbcee1,preprocessing,median_indicator,locked_configuration.preprocessing,s1385,b697a046ef410c525092779b812e2f9d221a5217fe8c849fbf7b51040ac0f20a,recorded_locked_configuration
v2|P1|overall|tabpfn,overall,P1,tabpfn,bf6489dd7a19b57da91994073086580939cb3b4941689743c212569596257863,s0189,35ec887eaf2b3308066da0d17eeb1214fb63f9d0fbcaf14d8222846612bbcee1,runtime_packages,"{""numpy"":""2.4.4"",""pandas"":""2.3.3"",""scikit-learn"":""1.8.0"",""imbalanced-learn"":""0.14.2"",""xgboost"":""3.2.0"",""lightgbm"":""4.6.0"",""catboost"":""1.2.10"",""optuna"":""4.9.0"",""joblib"":""1.5.3""}",runtime.packages,s1386,d0e373261fe5acc152d07b6ebe2d2ba7c69199e854cd63d0e31abab7f77bab30,training_runtime_record
v2|P1|overall|tabpfn,overall,P1,tabpfn,bf6489dd7a19b57da91994073086580939cb3b4941689743c212569596257863,s0189,35ec887eaf2b3308066da0d17eeb1214fb63f9d0fbcaf14d8222846612bbcee1,runtime_device,priorlabs_cloud_v3_non_thinking,runtime.device,s1386,d0e373261fe5acc152d07b6ebe2d2ba7c69199e854cd63d0e31abab7f77bab30,training_runtime_record
v2|P1|overall|tabpfn,overall,P1,tabpfn,bf6489dd7a19b57da91994073086580939cb3b4941689743c212569596257863,s0189,35ec887eaf2b3308066da0d17eeb1214fb63f9d0fbcaf14d8222846612bbcee1,seed,20260716,result.seed,s1388,3152ff41fd30448b51573b29d16979695a31af6189c670e65c27866a5dc8a1c2,actual_final_checkpoint
v2|P1|overall|tabicl,overall,P1,tabicl,0a7e5dd08eff1a2351343661479fc33830735a2c8f56300848de38e7f532a2f1,s0188,3e60043900daa1875f93763bb5dd5823697abb4801780b3deb717b6caa378c7f,configuration,"{""config_sha256"":""03119933dfddbe68165ed7fb3793b1858d413355aca4d8290c95f485c40d744e"",""estimator_count"":8}",locked_configuration,s1391,b518dd61995c733ed72ef1175223366fcba4d46042d5e05a7df0b1fe4fcef4de,recorded_locked_configuration
v2|P1|overall|tabicl,overall,P1,tabicl,0a7e5dd08eff1a2351343661479fc33830735a2c8f56300848de38e7f532a2f1,s0188,3e60043900daa1875f93763bb5dd5823697abb4801780b3deb717b6caa378c7f,estimator_count,8,locked_configuration.estimator_count,s1391,b518dd61995c733ed72ef1175223366fcba4d46042d5e05a7df0b1fe4fcef4de,recorded_locked_configuration
v2|P1|overall|tabicl,overall,P1,tabicl,0a7e5dd08eff1a2351343661479fc33830735a2c8f56300848de38e7f532a2f1,s0188,3e60043900daa1875f93763bb5dd5823697abb4801780b3deb717b6caa378c7f,lineage,core_model_optimization_v2,lineage,s1393,74109388301623aa41b526d8a6c9e4c53413da5f059238c66d848989683499cb,task_record
v2|P1|overall|tabicl,overall,P1,tabicl,0a7e5dd08eff1a2351343661479fc33830735a2c8f56300848de38e7f532a2f1,s0188,3e60043900daa1875f93763bb5dd5823697abb4801780b3deb717b6caa378c7f,runtime_packages,"{""numpy"":""2.0.2"",""pandas"":""2.3.3"",""scikit-learn"":""1.6.1"",""imbalanced-learn"":""0.14.1"",""xgboost"":""3.2.0"",""lightgbm"":""4.6.0"",""catboost"":""1.2.10"",""optuna"":""4.9.0"",""joblib"":""1.5.3""}",runtime.packages,s1393,74109388301623aa41b526d8a6c9e4c53413da5f059238c66d848989683499cb,training_runtime_record
v2|P1|overall|tabicl,overall,P1,tabicl,0a7e5dd08eff1a2351343661479fc33830735a2c8f56300848de38e7f532a2f1,s0188,3e60043900daa1875f93763bb5dd5823697abb4801780b3deb717b6caa378c7f,runtime_device,cuda,runtime.device,s1393,74109388301623aa41b526d8a6c9e4c53413da5f059238c66d848989683499cb,training_runtime_record
v2|P1|overall|tabicl,overall,P1,tabicl,0a7e5dd08eff1a2351343661479fc33830735a2c8f56300848de38e7f532a2f1,s0188,3e60043900daa1875f93763bb5dd5823697abb4801780b3deb717b6caa378c7f,configuration,"{""feature_count"":128,""context_row_policy"":""full_or_model_limit"",""preprocessing"":""median_indicator"",""context_bagging"":""prevalence_stratified"",""estimator_count"":2,""bag_count"":4,""config_sha256"":""03119933dfddbe68165ed7fb3793b1858d413355aca4d8290c95f485c40d744e""}",locked_configuration,s1394,0a3eb92995f1c95a71167dd874605950f50da4cf443924c4817757903cbac726,recorded_locked_configuration
v2|P1|overall|tabicl,overall,P1,tabicl,0a7e5dd08eff1a2351343661479fc33830735a2c8f56300848de38e7f532a2f1,s0188,3e60043900daa1875f93763bb5dd5823697abb4801780b3deb717b6caa378c7f,context_row_policy,full_or_model_limit,locked_configuration.context_row_policy,s1394,0a3eb92995f1c95a71167dd874605950f50da4cf443924c4817757903cbac726,recorded_locked_configuration
v2|P1|overall|tabicl,overall,P1,tabicl,0a7e5dd08eff1a2351343661479fc33830735a2c8f56300848de38e7f532a2f1,s0188,3e60043900daa1875f93763bb5dd5823697abb4801780b3deb717b6caa378c7f,estimator_count,2,locked_configuration.estimator_count,s1394,0a3eb92995f1c95a71167dd874605950f50da4cf443924c4817757903cbac726,recorded_locked_configuration
v2|P1|overall|tabicl,overall,P1,tabicl,0a7e5dd08eff1a2351343661479fc33830735a2c8f56300848de38e7f532a2f1,s0188,3e60043900daa1875f93763bb5dd5823697abb4801780b3deb717b6caa378c7f,bag_count,4,locked_configuration.bag_count,s1394,0a3eb92995f1c95a71167dd874605950f50da4cf443924c4817757903cbac726,recorded_locked_configuration
v2|P1|overall|tabicl,overall,P1,tabicl,0a7e5dd08eff1a2351343661479fc33830735a2c8f56300848de38e7f532a2f1,s0188,3e60043900daa1875f93763bb5dd5823697abb4801780b3deb717b6caa378c7f,preprocessing,median_indicator,locked_configuration.preprocessing,s1394,0a3eb92995f1c95a71167dd874605950f50da4cf443924c4817757903cbac726,recorded_locked_configuration
v2|P1|overall|tabicl,overall,P1,tabicl,0a7e5dd08eff1a2351343661479fc33830735a2c8f56300848de38e7f532a2f1,s0188,3e60043900daa1875f93763bb5dd5823697abb4801780b3deb717b6caa378c7f,seed,20260716,result.seed,s1397,9a3e18cd1d60463f4d81c4b4726b225f4e3bc3572675deea733136f625b8dd3c,actual_final_checkpoint
v2|P1|overall|stacking,overall,P1,stacking,6168ecc99271a9b6956453c930d0fec36b43219b4101f6d2aee6f18cf5af5cc3,s0186,5fc0dba6432c2fd80c1ea4e077b9d0a5f254013dcc95c5864b4db2639a13d57a,runtime_python,3.13.11,runtime.python,s1399,a0fa500368c155d79f19221cda8adca5cd7961be690a0263d4c3a93f42d66e4d,training_runtime_record
v2|P1|overall|stacking,overall,P1,stacking,6168ecc99271a9b6956453c930d0fec36b43219b4101f6d2aee6f18cf5af5cc3,s0186,5fc0dba6432c2fd80c1ea4e077b9d0a5f254013dcc95c5864b4db2639a13d57a,stack_member_order,"[""logistic_l2"",""catboost"",""xgboost"",""lightgbm"",""balanced_random_forest"",""bert_finetuned"",""mlp_plr"",""ft_transformer"",""cnn_1d"",""tabpfn_standard"",""tabicl""]",feature_order,s1400,464b66bba87e86b0e50d675b33ebb6135c10710d396249f048b86a9ca6f7d922,sealed_stack_input_order
v2|P2|overall|rSI_sMS,overall,P2,rSI_sMS,763901b5b1ee3ef12e55bb7bc6a516e0b444ccd44e600c229b02352f7b85bf83,s0205,c5a316f094e2aa572899ff7ebcb0132a407d648d6907d0e882180c684845cfff,seed,20260710,seed,s1408,b1e5e36c5c97b5dd87bdf1c56a3c8acadb2b5763ebb2ed22c27c6c8b78e45c4e,task_record
v2|P2|overall|rSI_sMS,overall,P2,rSI_sMS,763901b5b1ee3ef12e55bb7bc6a516e0b444ccd44e600c229b02352f7b85bf83,s0205,c5a316f094e2aa572899ff7ebcb0132a407d648d6907d0e882180c684845cfff,runtime_packages,"{""numpy"":""2.4.4"",""pandas"":""2.3.3"",""scikit-learn"":""1.8.0"",""imbalanced-learn"":""0.14.2"",""xgboost"":""3.2.0"",""lightgbm"":""4.6.0"",""catboost"":""1.2.10"",""optuna"":""4.9.0"",""joblib"":""1.5.3""}",runtime.packages,s1409,add72b911550a35acfc9bb2d96f02442af5ecbbf5c590fd610b8518ba9930526,training_runtime_record
v2|P2|overall|rSI_sMS,overall,P2,rSI_sMS,763901b5b1ee3ef12e55bb7bc6a516e0b444ccd44e600c229b02352f7b85bf83,s0205,c5a316f094e2aa572899ff7ebcb0132a407d648d6907d0e882180c684845cfff,runtime_python,3.12.13,runtime.python,s1409,add72b911550a35acfc9bb2d96f02442af5ecbbf5c590fd610b8518ba9930526,training_runtime_record
v2|P2|overall|logistic_regression,overall,P2,logistic_regression,d8cb9035ce590a108d1e2fecf3b629e3181767b2fb964d458bfd35bb7d542266,s0202,88bfecac3308cf13f8f7b5833fb64504c04969b57091115f645664149bcaab87,seed,20260710,seed,s1414,a767eb4a38c09805ea7ee26d2fa0a60d74e542b9951412d843688dca0da458e5,task_record
v2|P2|overall|logistic_regression,overall,P2,logistic_regression,d8cb9035ce590a108d1e2fecf3b629e3181767b2fb964d458bfd35bb7d542266,s0202,88bfecac3308cf13f8f7b5833fb64504c04969b57091115f645664149bcaab87,runtime_packages,"{""numpy"":""2.4.4"",""pandas"":""2.3.3"",""scikit-learn"":""1.8.0"",""imbalanced-learn"":""0.14.2"",""xgboost"":""3.2.0"",""lightgbm"":""4.6.0"",""catboost"":""1.2.10"",""optuna"":""4.9.0"",""joblib"":""1.5.3""}",runtime.packages,s1415,07856dce11d70b7d2179738587b7300682f4311224348147d536738e0a3475c3,training_runtime_record
v2|P2|overall|logistic_regression,overall,P2,logistic_regression,d8cb9035ce590a108d1e2fecf3b629e3181767b2fb964d458bfd35bb7d542266,s0202,88bfecac3308cf13f8f7b5833fb64504c04969b57091115f645664149bcaab87,runtime_python,3.12.13,runtime.python,s1415,07856dce11d70b7d2179738587b7300682f4311224348147d536738e0a3475c3,training_runtime_record
v2|P2|overall|catboost,overall,P2,catboost,e111b4861670f57366f3368e0f663b6b340467e979d9cbb461a1e25400f2862e,s0195,8accf97194ffe057cf7dbefdbca891660b6afd5f2fc68e3201bef25063ee8376,lineage,core_model_optimization_v2,lineage,s1420,6671e88c714e06bc20f6cfbf436fff8f8f014ffddf18608795755253fdf32c9f,task_record
v2|P2|overall|catboost,overall,P2,catboost,e111b4861670f57366f3368e0f663b6b340467e979d9cbb461a1e25400f2862e,s0195,8accf97194ffe057cf7dbefdbca891660b6afd5f2fc68e3201bef25063ee8376,configuration,"{""source_trial_number"":171,""params"":{""depth"":10,""learning_rate"":0.008740854777861998,""l2_leaf_reg"":11.271329477999169,""random_strength"":11.949407817457393,""bagging_temperature"":2.3966999727190945,""scale_pos_weight"":3.0},""revalidated_median_best_iteration"":1457,""final_development_monitor_fold"":4,""final_refit_iterations"":1487,""final_refit_rows"":24784,""validation_2024_fit_rows"":0,""validation_2024_monitor_rows"":0}",locked_configuration,s1420,6671e88c714e06bc20f6cfbf436fff8f8f014ffddf18608795755253fdf32c9f,recorded_locked_configuration
v2|P2|overall|catboost,overall,P2,catboost,e111b4861670f57366f3368e0f663b6b340467e979d9cbb461a1e25400f2862e,s0195,8accf97194ffe057cf7dbefdbca891660b6afd5f2fc68e3201bef25063ee8376,final_refit_rows,24784,locked_configuration.final_refit_rows,s1420,6671e88c714e06bc20f6cfbf436fff8f8f014ffddf18608795755253fdf32c9f,recorded_locked_configuration
v2|P2|overall|catboost,overall,P2,catboost,e111b4861670f57366f3368e0f663b6b340467e979d9cbb461a1e25400f2862e,s0195,8accf97194ffe057cf7dbefdbca891660b6afd5f2fc68e3201bef25063ee8376,final_refit_iterations,1487,locked_configuration.final_refit_iterations,s1420,6671e88c714e06bc20f6cfbf436fff8f8f014ffddf18608795755253fdf32c9f,recorded_locked_configuration
v2|P2|overall|catboost,overall,P2,catboost,e111b4861670f57366f3368e0f663b6b340467e979d9cbb461a1e25400f2862e,s0195,8accf97194ffe057cf7dbefdbca891660b6afd5f2fc68e3201bef25063ee8376,runtime_packages,"{""numpy"":""2.0.2"",""pandas"":""2.3.3"",""scikit-learn"":""1.6.1"",""imbalanced-learn"":""0.14.1"",""xgboost"":""3.2.0"",""lightgbm"":""4.6.0"",""catboost"":""1.2.10"",""optuna"":""4.9.0"",""joblib"":""1.5.3""}",runtime.packages,s1421,7935bcfc85246ce0db3592db9392b439d4e1931ac840a5ee9eedf38eeeeae4fe,training_runtime_record
v2|P2|overall|catboost,overall,P2,catboost,e111b4861670f57366f3368e0f663b6b340467e979d9cbb461a1e25400f2862e,s0195,8accf97194ffe057cf7dbefdbca891660b6afd5f2fc68e3201bef25063ee8376,runtime_python,3.12.13,runtime.python,s1421,7935bcfc85246ce0db3592db9392b439d4e1931ac840a5ee9eedf38eeeeae4fe,training_runtime_record
v2|P2|overall|xgboost,overall,P2,xgboost,c1cafc777f34f22d8edbc404183238f2b8a52320eb36e4057d07188ee55a80d4,s0212,d7b7f000cb94c8b22e24b24209378c58c3602b30eeac6ec86b954279f6fd2c67,lineage,core_model_optimization_v2,lineage,s1426,d97113e8526cd1c01fa8c9846f7b3ebd80c69061ca4feea3fb01f8beac3b2e1b,task_record
v2|P2|overall|xgboost,overall,P2,xgboost,c1cafc777f34f22d8edbc404183238f2b8a52320eb36e4057d07188ee55a80d4,s0212,d7b7f000cb94c8b22e24b24209378c58c3602b30eeac6ec86b954279f6fd2c67,configuration,"{""source_trial_number"":233,""params"":{""max_depth"":3,""learning_rate"":0.02008400537957407,""subsample"":0.5411371034868787,""colsample_bytree"":0.7741110367271404,""min_child_weight"":3.17559801960883,""reg_alpha"":0.00010228836327661167,""reg_lambda"":0.01384208343366691,""scale_pos_weight"":1.0},""revalidated_median_best_iteration"":731,""final_development_monitor_fold"":4,""final_refit_iterations"":651,""final_refit_rows"":24784,""validation_2024_fit_rows"":0,""validation_2024_monitor_rows"":0}",locked_configuration,s1426,d97113e8526cd1c01fa8c9846f7b3ebd80c69061ca4feea3fb01f8beac3b2e1b,recorded_locked_configuration
v2|P2|overall|xgboost,overall,P2,xgboost,c1cafc777f34f22d8edbc404183238f2b8a52320eb36e4057d07188ee55a80d4,s0212,d7b7f000cb94c8b22e24b24209378c58c3602b30eeac6ec86b954279f6fd2c67,final_refit_rows,24784,locked_configuration.final_refit_rows,s1426,d97113e8526cd1c01fa8c9846f7b3ebd80c69061ca4feea3fb01f8beac3b2e1b,recorded_locked_configuration
v2|P2|overall|xgboost,overall,P2,xgboost,c1cafc777f34f22d8edbc404183238f2b8a52320eb36e4057d07188ee55a80d4,s0212,d7b7f000cb94c8b22e24b24209378c58c3602b30eeac6ec86b954279f6fd2c67,final_refit_iterations,651,locked_configuration.final_refit_iterations,s1426,d97113e8526cd1c01fa8c9846f7b3ebd80c69061ca4feea3fb01f8beac3b2e1b,recorded_locked_configuration
v2|P2|overall|xgboost,overall,P2,xgboost,c1cafc777f34f22d8edbc404183238f2b8a52320eb36e4057d07188ee55a80d4,s0212,d7b7f000cb94c8b22e24b24209378c58c3602b30eeac6ec86b954279f6fd2c67,runtime_packages,"{""numpy"":""2.0.2"",""pandas"":""2.3.3"",""scikit-learn"":""1.6.1"",""imbalanced-learn"":""0.14.1"",""xgboost"":""3.2.0"",""lightgbm"":""4.6.0"",""catboost"":""1.2.10"",""optuna"":""4.9.0"",""joblib"":""1.5.3""}",runtime.packages,s1427,b152868d8831878e53a4d559559d0dc8aa166426584ec2dfc1d3ebc053c64409,training_runtime_record
v2|P2|overall|xgboost,overall,P2,xgboost,c1cafc777f34f22d8edbc404183238f2b8a52320eb36e4057d07188ee55a80d4,s0212,d7b7f000cb94c8b22e24b24209378c58c3602b30eeac6ec86b954279f6fd2c67,runtime_python,3.12.13,runtime.python,s1427,b152868d8831878e53a4d559559d0dc8aa166426584ec2dfc1d3ebc053c64409,training_runtime_record
v2|P2|overall|lightgbm,overall,P2,lightgbm,73cf53d4f963242dd5c52224d37ca8803413bdce51d5776df64b0af8ad634275,s0200,d97fa8bb4e5aaa798551b5672ad8ecb8c5cffa830b5791b058dc1977fa6524a2,lineage,core_model_optimization_v2,lineage,s1432,8046891f10543a739ff178be5b8e40dddd1447e068f60c706ec3c5225504a8eb,task_record
v2|P2|overall|lightgbm,overall,P2,lightgbm,73cf53d4f963242dd5c52224d37ca8803413bdce51d5776df64b0af8ad634275,s0200,d97fa8bb4e5aaa798551b5672ad8ecb8c5cffa830b5791b058dc1977fa6524a2,configuration,"{""source_trial_number"":383,""params"":{""num_leaves"":50,""max_depth"":5,""learning_rate"":0.00712698758279614,""subsample"":0.6125836583588428,""colsample_bytree"":0.5820614833706678,""min_child_samples"":40,""reg_alpha"":0.0005593386654229337,""reg_lambda"":6.799786572670784,""scale_pos_weight"":1.0},""revalidated_median_best_iteration"":1523,""final_development_monitor_fold"":4,""final_refit_iterations"":1442,""final_refit_rows"":24784,""validation_2024_fit_rows"":0,""validation_2024_monitor_rows"":0}",locked_configuration,s1432,8046891f10543a739ff178be5b8e40dddd1447e068f60c706ec3c5225504a8eb,recorded_locked_configuration
v2|P2|overall|lightgbm,overall,P2,lightgbm,73cf53d4f963242dd5c52224d37ca8803413bdce51d5776df64b0af8ad634275,s0200,d97fa8bb4e5aaa798551b5672ad8ecb8c5cffa830b5791b058dc1977fa6524a2,final_refit_rows,24784,locked_configuration.final_refit_rows,s1432,8046891f10543a739ff178be5b8e40dddd1447e068f60c706ec3c5225504a8eb,recorded_locked_configuration
v2|P2|overall|lightgbm,overall,P2,lightgbm,73cf53d4f963242dd5c52224d37ca8803413bdce51d5776df64b0af8ad634275,s0200,d97fa8bb4e5aaa798551b5672ad8ecb8c5cffa830b5791b058dc1977fa6524a2,final_refit_iterations,1442,locked_configuration.final_refit_iterations,s1432,8046891f10543a739ff178be5b8e40dddd1447e068f60c706ec3c5225504a8eb,recorded_locked_configuration
v2|P2|overall|lightgbm,overall,P2,lightgbm,73cf53d4f963242dd5c52224d37ca8803413bdce51d5776df64b0af8ad634275,s0200,d97fa8bb4e5aaa798551b5672ad8ecb8c5cffa830b5791b058dc1977fa6524a2,runtime_packages,"{""numpy"":""2.0.2"",""pandas"":""2.3.3"",""scikit-learn"":""1.6.1"",""imbalanced-learn"":""0.14.1"",""xgboost"":""3.2.0"",""lightgbm"":""4.6.0"",""catboost"":""1.2.10"",""optuna"":""4.9.0"",""joblib"":""1.5.3""}",runtime.packages,s1433,f86b4a7834a274a38aeb4eb79aa7d335e9525e0229e319c51513a559a45e02da,training_runtime_record
v2|P2|overall|lightgbm,overall,P2,lightgbm,73cf53d4f963242dd5c52224d37ca8803413bdce51d5776df64b0af8ad634275,s0200,d97fa8bb4e5aaa798551b5672ad8ecb8c5cffa830b5791b058dc1977fa6524a2,runtime_python,3.12.13,runtime.python,s1433,f86b4a7834a274a38aeb4eb79aa7d335e9525e0229e319c51513a559a45e02da,training_runtime_record
v2|P2|overall|bert_finetuned,overall,P2,bert_finetuned,8d275b51892ce8261a897675daf10c5b5d0cad9d8298aac99fc0bffcace9be19,s0193,fa6571e40cb678afd319c8f64c56eb3bc67a89e698aecbf20a1371bd6f3b3cbc,runtime_python,3.12.13,runtime.python,s1439,90846f489b0c55236147ddc91337eed6e10849ed32043e1569e0c47fae042013,training_runtime_record
v2|P2|overall|bert_finetuned,overall,P2,bert_finetuned,8d275b51892ce8261a897675daf10c5b5d0cad9d8298aac99fc0bffcace9be19,s0193,fa6571e40cb678afd319c8f64c56eb3bc67a89e698aecbf20a1371bd6f3b3cbc,seed,20260715,seed,s1449,766776b5040a093911e8e888514cf3fd0f2db088eee87143e990c95263e90c4e,task_record
v2|P2|overall|bert_finetuned,overall,P2,bert_finetuned,8d275b51892ce8261a897675daf10c5b5d0cad9d8298aac99fc0bffcace9be19,s0193,fa6571e40cb678afd319c8f64c56eb3bc67a89e698aecbf20a1371bd6f3b3cbc,version,1.0,version,s1454,90c7d851c51fcfe895df307e601bc85d4d3c820a367abb78c3c84643d942d4ca,task_record
v2|P2|overall|bert_finetuned,overall,P2,bert_finetuned,8d275b51892ce8261a897675daf10c5b5d0cad9d8298aac99fc0bffcace9be19,s0193,fa6571e40cb678afd319c8f64c56eb3bc67a89e698aecbf20a1371bd6f3b3cbc,backend,tokenizers,backend,s1455,035996d5b54a8c1c1ef3906781f5d6af5080493ccb35e89f66a9fb5e97f1c0b8,task_record
v2|P2|overall|mlp_plr,overall,P2,mlp_plr,8ee476c461d25e1ae03af509a06cab8affd6b41cfa0857a4e96ae92b8eb1cc86,s0204,6e502101a8b4d947ecf8a4d830940645f27b9d65a338797dab273bee3048c57f,runtime_python,3.12.13,runtime.python,s1460,912674d4012029985a3236f32b1d1b18d46b4dca0345fd46e8c779354476b07d,training_runtime_record
v2|P2|overall|mlp_plr,overall,P2,mlp_plr,8ee476c461d25e1ae03af509a06cab8affd6b41cfa0857a4e96ae92b8eb1cc86,s0204,6e502101a8b4d947ecf8a4d830940645f27b9d65a338797dab273bee3048c57f,seed,20260715,seed,s1470,e121fe2450127b284343a9c3d04fecbdd75e47602b4022906ff14a515d70d22f,task_record
v2|P2|overall|ft_transformer,overall,P2,ft_transformer,41f5fd7cbc44197fdd003c40d9a73e7d245ca3db800f61b21c24a43fbc96b066,s0199,03108437b5f3e65b904b441c7397cdbfbec98c2bb311e64365ecefa00c850541,runtime_python,3.12.13,runtime.python,s1477,99889fdf3c85fd3a0dd153003618f60f81b7ddf7189837add6d0671cba09d585,training_runtime_record
v2|P2|overall|ft_transformer,overall,P2,ft_transformer,41f5fd7cbc44197fdd003c40d9a73e7d245ca3db800f61b21c24a43fbc96b066,s0199,03108437b5f3e65b904b441c7397cdbfbec98c2bb311e64365ecefa00c850541,seed,20260715,seed,s1499,5fe403e20e8b2efd118d53cb905f3612ebadbf6cbcd67d66051cea04f6db06e9,task_record
v2|P2|overall|cnn_1d,overall,P2,cnn_1d,8de26ba7a0d732f5cc5b1eeae54ab8f052d2d04a18ef8eae2459856c97e90b65,s0197,a1db80d703b0c457fe290f78624797841cb9900b76512327f73bace16173d8ba,runtime_python,3.12.13,runtime.python,s1507,19c3fa6a1beda61b25978e1904662057262276cd44588ce91d845f0aa7088b9c,training_runtime_record
v2|P2|overall|tabpfn,overall,P2,tabpfn,ab6d6fad28a50ca46fcb83b3cb921928981616a0de0763ee589b4aa93cc3f70a,s0210,0317849e05c0dfed0c7f867be6ff1ba79285852a1a120a44712edf6a96eac4f4,lineage,core_model_optimization_v2_tabpfn_standard_priorlabs_cloud_v3,lineage,s1515,1231355a48c1e82e1a5dd43372a9a88f80338396c1d5a1f58c6513a8c438cd6f,task_record
v2|P2|overall|tabpfn,overall,P2,tabpfn,ab6d6fad28a50ca46fcb83b3cb921928981616a0de0763ee589b4aa93cc3f70a,s0210,0317849e05c0dfed0c7f867be6ff1ba79285852a1a120a44712edf6a96eac4f4,configuration,"{""feature_count"":""all"",""context_row_policy"":""full_or_model_limit"",""preprocessing"":""median_indicator"",""context_bagging"":""prevalence_stratified"",""estimator_count"":8,""bag_count"":2,""config_sha256"":""01ee399af72d0d596c552a5b5f56dfa08e98ae5c37097f954095b0ae85ec991b""}",locked_configuration,s1516,13aa42327af6c442c059582f8c313ac9bd424ee18df71da74a9a63c3c657b7d5,recorded_locked_configuration
v2|P2|overall|tabpfn,overall,P2,tabpfn,ab6d6fad28a50ca46fcb83b3cb921928981616a0de0763ee589b4aa93cc3f70a,s0210,0317849e05c0dfed0c7f867be6ff1ba79285852a1a120a44712edf6a96eac4f4,context_row_policy,full_or_model_limit,locked_configuration.context_row_policy,s1516,13aa42327af6c442c059582f8c313ac9bd424ee18df71da74a9a63c3c657b7d5,recorded_locked_configuration
v2|P2|overall|tabpfn,overall,P2,tabpfn,ab6d6fad28a50ca46fcb83b3cb921928981616a0de0763ee589b4aa93cc3f70a,s0210,0317849e05c0dfed0c7f867be6ff1ba79285852a1a120a44712edf6a96eac4f4,estimator_count,8,locked_configuration.estimator_count,s1516,13aa42327af6c442c059582f8c313ac9bd424ee18df71da74a9a63c3c657b7d5,recorded_locked_configuration
v2|P2|overall|tabpfn,overall,P2,tabpfn,ab6d6fad28a50ca46fcb83b3cb921928981616a0de0763ee589b4aa93cc3f70a,s0210,0317849e05c0dfed0c7f867be6ff1ba79285852a1a120a44712edf6a96eac4f4,bag_count,2,locked_configuration.bag_count,s1516,13aa42327af6c442c059582f8c313ac9bd424ee18df71da74a9a63c3c657b7d5,recorded_locked_configuration
v2|P2|overall|tabpfn,overall,P2,tabpfn,ab6d6fad28a50ca46fcb83b3cb921928981616a0de0763ee589b4aa93cc3f70a,s0210,0317849e05c0dfed0c7f867be6ff1ba79285852a1a120a44712edf6a96eac4f4,preprocessing,median_indicator,locked_configuration.preprocessing,s1516,13aa42327af6c442c059582f8c313ac9bd424ee18df71da74a9a63c3c657b7d5,recorded_locked_configuration
v2|P2|overall|tabpfn,overall,P2,tabpfn,ab6d6fad28a50ca46fcb83b3cb921928981616a0de0763ee589b4aa93cc3f70a,s0210,0317849e05c0dfed0c7f867be6ff1ba79285852a1a120a44712edf6a96eac4f4,runtime_packages,"{""numpy"":""2.4.4"",""pandas"":""2.3.3"",""scikit-learn"":""1.8.0"",""imbalanced-learn"":""0.14.2"",""xgboost"":""3.2.0"",""lightgbm"":""4.6.0"",""catboost"":""1.2.10"",""optuna"":""4.9.0"",""joblib"":""1.5.3""}",runtime.packages,s1517,52869aee6dc3d2476a5998d53f0c76030e6a0c2277fdb478939e9fd1f523df8f,training_runtime_record
v2|P2|overall|tabpfn,overall,P2,tabpfn,ab6d6fad28a50ca46fcb83b3cb921928981616a0de0763ee589b4aa93cc3f70a,s0210,0317849e05c0dfed0c7f867be6ff1ba79285852a1a120a44712edf6a96eac4f4,runtime_device,priorlabs_cloud_v3_non_thinking,runtime.device,s1517,52869aee6dc3d2476a5998d53f0c76030e6a0c2277fdb478939e9fd1f523df8f,training_runtime_record
v2|P2|overall|tabicl,overall,P2,tabicl,7b333329274150b0a8485337c4afd0036ee4204eb455ddf1c412852ca46c91b5,s0209,e3c5fbdfb1cf4adea09787fb9f6c97c0346945c9d5863f019f382c3afb27e02d,configuration,"{""config_sha256"":""2526dc1aa39e8ee31a901d1622997e9ed2105a09433c2d2ccd10eba0a40638fe"",""estimator_count"":8}",locked_configuration,s1522,359ebbbaced95cff5816a8dd1b99e8304cfe8a317c1f6c67a736f7f3f5492b04,recorded_locked_configuration
v2|P2|overall|tabicl,overall,P2,tabicl,7b333329274150b0a8485337c4afd0036ee4204eb455ddf1c412852ca46c91b5,s0209,e3c5fbdfb1cf4adea09787fb9f6c97c0346945c9d5863f019f382c3afb27e02d,estimator_count,8,locked_configuration.estimator_count,s1522,359ebbbaced95cff5816a8dd1b99e8304cfe8a317c1f6c67a736f7f3f5492b04,recorded_locked_configuration
v2|P2|overall|stacking,overall,P2,stacking,766595d1f04e7988407fdfca65a2a47e8618bf7c58024c7d8718fdff344e42cd,s0207,64658731f70203260084feff65af592a341d9a52556446f302cc7f3cd8c7dae4,runtime_python,3.13.11,runtime.python,s1525,29d63311922478dffa471dbb6e39ac6465066f450809d391cec3c7ce3bb2f267,training_runtime_record
v2|P2|overall|stacking,overall,P2,stacking,766595d1f04e7988407fdfca65a2a47e8618bf7c58024c7d8718fdff344e42cd,s0207,64658731f70203260084feff65af592a341d9a52556446f302cc7f3cd8c7dae4,stack_member_order,"[""logistic_l2"",""catboost"",""xgboost"",""lightgbm"",""balanced_random_forest"",""bert_finetuned"",""mlp_plr"",""ft_transformer"",""cnn_1d"",""tabpfn_standard"",""tabicl""]",feature_order,s1526,17b9bb7f6ae95a1b3491d8758c32687bd789d2f3672d70d56693bcf4d817c868,sealed_stack_input_order
v2|P3|overall|rSI_sMS,overall,P3,rSI_sMS,7f10c404a348775a7ebb68299a1de483b721ed31c17c9e81522823212a83be6a,s0226,6bebc38e2f9aeabdcf9ddf0bc6342dfb043f7b1cc022970d5a430f476e732bb7,seed,20260710,seed,s1534,e94417b8fa93c472af15488a6478e17acc2158c033c4a7c202616d637d1eda60,task_record
v2|P3|overall|rSI_sMS,overall,P3,rSI_sMS,7f10c404a348775a7ebb68299a1de483b721ed31c17c9e81522823212a83be6a,s0226,6bebc38e2f9aeabdcf9ddf0bc6342dfb043f7b1cc022970d5a430f476e732bb7,runtime_packages,"{""numpy"":""2.4.4"",""pandas"":""2.3.3"",""scikit-learn"":""1.8.0"",""imbalanced-learn"":""0.14.2"",""xgboost"":""3.2.0"",""lightgbm"":""4.6.0"",""catboost"":""1.2.10"",""optuna"":""4.9.0"",""joblib"":""1.5.3""}",runtime.packages,s1535,870dad35ae770cd80232b73b462a74e1fc451bab732558a00fb6c4010e186c57,training_runtime_record
v2|P3|overall|rSI_sMS,overall,P3,rSI_sMS,7f10c404a348775a7ebb68299a1de483b721ed31c17c9e81522823212a83be6a,s0226,6bebc38e2f9aeabdcf9ddf0bc6342dfb043f7b1cc022970d5a430f476e732bb7,runtime_python,3.12.13,runtime.python,s1535,870dad35ae770cd80232b73b462a74e1fc451bab732558a00fb6c4010e186c57,training_runtime_record
v2|P3|overall|logistic_regression,overall,P3,logistic_regression,52f5479359c2945b2275e628cb10d3266c003dbbd5fb733d14b76adfe25d3ffb,s0223,8c4b9f36256f1487d3c6c1933d97158e9add6dc93b3aee4f480b4506aced15c7,seed,20260710,seed,s1540,14a912931b98987190cfa5ccbae2a2f59876830ebf9fef56c65bce6f035b12a5,task_record
v2|P3|overall|logistic_regression,overall,P3,logistic_regression,52f5479359c2945b2275e628cb10d3266c003dbbd5fb733d14b76adfe25d3ffb,s0223,8c4b9f36256f1487d3c6c1933d97158e9add6dc93b3aee4f480b4506aced15c7,runtime_packages,"{""numpy"":""2.4.4"",""pandas"":""2.3.3"",""scikit-learn"":""1.8.0"",""imbalanced-learn"":""0.14.2"",""xgboost"":""3.2.0"",""lightgbm"":""4.6.0"",""catboost"":""1.2.10"",""optuna"":""4.9.0"",""joblib"":""1.5.3""}",runtime.packages,s1541,f4cc96a906c76c76d8da796b5c050ef4b9af48a2b41a678a6a5a316647681e64,training_runtime_record
v2|P3|overall|logistic_regression,overall,P3,logistic_regression,52f5479359c2945b2275e628cb10d3266c003dbbd5fb733d14b76adfe25d3ffb,s0223,8c4b9f36256f1487d3c6c1933d97158e9add6dc93b3aee4f480b4506aced15c7,runtime_python,3.12.13,runtime.python,s1541,f4cc96a906c76c76d8da796b5c050ef4b9af48a2b41a678a6a5a316647681e64,training_runtime_record
v2|P3|overall|catboost,overall,P3,catboost,16489ba7787a1912ef4542ef322dba23788204ec3d9769dee0fc26f8f5186777,s0216,c88c9ef90635440b0cf471c4c8d4e75977dcbc43ead7c1daa4d8a8016b8ce0ec,lineage,core_model_optimization_v2,lineage,s1546,cc0c5868bf21d8ced306f1929396a3567e43ac68b61015c644e3e4196f92e0b3,task_record
v2|P3|overall|catboost,overall,P3,catboost,16489ba7787a1912ef4542ef322dba23788204ec3d9769dee0fc26f8f5186777,s0216,c88c9ef90635440b0cf471c4c8d4e75977dcbc43ead7c1daa4d8a8016b8ce0ec,configuration,"{""source_trial_number"":311,""params"":{""depth"":6,""learning_rate"":0.012430183815181411,""l2_leaf_reg"":13.862423580075927,""random_strength"":0.001179959636568839,""bagging_temperature"":1.6257965278965822,""scale_pos_weight"":3.0},""revalidated_median_best_iteration"":1333,""final_development_monitor_fold"":4,""final_refit_iterations"":781,""final_refit_rows"":24784,""validation_2024_fit_rows"":0,""validation_2024_monitor_rows"":0}",locked_configuration,s1546,cc0c5868bf21d8ced306f1929396a3567e43ac68b61015c644e3e4196f92e0b3,recorded_locked_configuration
v2|P3|overall|catboost,overall,P3,catboost,16489ba7787a1912ef4542ef322dba23788204ec3d9769dee0fc26f8f5186777,s0216,c88c9ef90635440b0cf471c4c8d4e75977dcbc43ead7c1daa4d8a8016b8ce0ec,final_refit_rows,24784,locked_configuration.final_refit_rows,s1546,cc0c5868bf21d8ced306f1929396a3567e43ac68b61015c644e3e4196f92e0b3,recorded_locked_configuration
v2|P3|overall|catboost,overall,P3,catboost,16489ba7787a1912ef4542ef322dba23788204ec3d9769dee0fc26f8f5186777,s0216,c88c9ef90635440b0cf471c4c8d4e75977dcbc43ead7c1daa4d8a8016b8ce0ec,final_refit_iterations,781,locked_configuration.final_refit_iterations,s1546,cc0c5868bf21d8ced306f1929396a3567e43ac68b61015c644e3e4196f92e0b3,recorded_locked_configuration
v2|P3|overall|catboost,overall,P3,catboost,16489ba7787a1912ef4542ef322dba23788204ec3d9769dee0fc26f8f5186777,s0216,c88c9ef90635440b0cf471c4c8d4e75977dcbc43ead7c1daa4d8a8016b8ce0ec,runtime_packages,"{""numpy"":""2.0.2"",""pandas"":""2.3.3"",""scikit-learn"":""1.6.1"",""imbalanced-learn"":""0.14.1"",""xgboost"":""3.2.0"",""lightgbm"":""4.6.0"",""catboost"":""1.2.10"",""optuna"":""4.9.0"",""joblib"":""1.5.3""}",runtime.packages,s1547,b465240fec5d44e13ab5b47ea42f0940d618edb3b5905d183344501059203c2c,training_runtime_record
v2|P3|overall|catboost,overall,P3,catboost,16489ba7787a1912ef4542ef322dba23788204ec3d9769dee0fc26f8f5186777,s0216,c88c9ef90635440b0cf471c4c8d4e75977dcbc43ead7c1daa4d8a8016b8ce0ec,runtime_python,3.12.13,runtime.python,s1547,b465240fec5d44e13ab5b47ea42f0940d618edb3b5905d183344501059203c2c,training_runtime_record
v2|P3|overall|xgboost,overall,P3,xgboost,f8ddc7c4def46b799cb07ce0669748ec5c22e5aca4308aca2f19c8ee2d691a97,s0233,54126da5adfe0293c22ecc9262e00e342d7941b7bfc581f3f368f097facfe35f,lineage,core_model_optimization_v2,lineage,s1552,6f135bec2ec006ae3810dca38f832e5d297ed20d1a1e039ab11790b50fc811c5,task_record
v2|P3|overall|xgboost,overall,P3,xgboost,f8ddc7c4def46b799cb07ce0669748ec5c22e5aca4308aca2f19c8ee2d691a97,s0233,54126da5adfe0293c22ecc9262e00e342d7941b7bfc581f3f368f097facfe35f,configuration,"{""source_trial_number"":325,""params"":{""max_depth"":4,""learning_rate"":0.019983550078535646,""subsample"":0.7341045932167233,""colsample_bytree"":0.7237301230369966,""min_child_weight"":1.6640541411025473,""reg_alpha"":0.0003515960598879721,""reg_lambda"":0.002649524046807352,""scale_pos_weight"":1.0},""revalidated_median_best_iteration"":316,""final_development_monitor_fold"":4,""final_refit_iterations"":371,""final_refit_rows"":24784,""validation_2024_fit_rows"":0,""validation_2024_monitor_rows"":0}",locked_configuration,s1552,6f135bec2ec006ae3810dca38f832e5d297ed20d1a1e039ab11790b50fc811c5,recorded_locked_configuration
v2|P3|overall|xgboost,overall,P3,xgboost,f8ddc7c4def46b799cb07ce0669748ec5c22e5aca4308aca2f19c8ee2d691a97,s0233,54126da5adfe0293c22ecc9262e00e342d7941b7bfc581f3f368f097facfe35f,final_refit_rows,24784,locked_configuration.final_refit_rows,s1552,6f135bec2ec006ae3810dca38f832e5d297ed20d1a1e039ab11790b50fc811c5,recorded_locked_configuration
v2|P3|overall|xgboost,overall,P3,xgboost,f8ddc7c4def46b799cb07ce0669748ec5c22e5aca4308aca2f19c8ee2d691a97,s0233,54126da5adfe0293c22ecc9262e00e342d7941b7bfc581f3f368f097facfe35f,final_refit_iterations,371,locked_configuration.final_refit_iterations,s1552,6f135bec2ec006ae3810dca38f832e5d297ed20d1a1e039ab11790b50fc811c5,recorded_locked_configuration
v2|P3|overall|xgboost,overall,P3,xgboost,f8ddc7c4def46b799cb07ce0669748ec5c22e5aca4308aca2f19c8ee2d691a97,s0233,54126da5adfe0293c22ecc9262e00e342d7941b7bfc581f3f368f097facfe35f,runtime_packages,"{""numpy"":""2.0.2"",""pandas"":""2.3.3"",""scikit-learn"":""1.6.1"",""imbalanced-learn"":""0.14.1"",""xgboost"":""3.2.0"",""lightgbm"":""4.6.0"",""catboost"":""1.2.10"",""optuna"":""4.9.0"",""joblib"":""1.5.3""}",runtime.packages,s1553,5b927f02e59cbade1e545edcfdaf2b3120aeb97cb917591c1520791e925bd520,training_runtime_record
v2|P3|overall|xgboost,overall,P3,xgboost,f8ddc7c4def46b799cb07ce0669748ec5c22e5aca4308aca2f19c8ee2d691a97,s0233,54126da5adfe0293c22ecc9262e00e342d7941b7bfc581f3f368f097facfe35f,runtime_python,3.12.13,runtime.python,s1553,5b927f02e59cbade1e545edcfdaf2b3120aeb97cb917591c1520791e925bd520,training_runtime_record
v2|P3|overall|lightgbm,overall,P3,lightgbm,8d06fe644fd76f8c88a63520648c2ceec5f51a885d9a02c094ccefce2e1337e4,s0221,38dea5445f4b32f39f2967dfe4406beca46e5326f1c04a24a98d4812a394d375,lineage,core_model_optimization_v2,lineage,s1558,ae768d583ec3b48222b376645c68e47dd1b58fa9380f386ea19726187751cb2c,task_record
v2|P3|overall|lightgbm,overall,P3,lightgbm,8d06fe644fd76f8c88a63520648c2ceec5f51a885d9a02c094ccefce2e1337e4,s0221,38dea5445f4b32f39f2967dfe4406beca46e5326f1c04a24a98d4812a394d375,configuration,"{""source_trial_number"":326,""params"":{""num_leaves"":142,""max_depth"":4,""learning_rate"":0.0256650716902792,""subsample"":0.6366281649306826,""colsample_bytree"":0.8607085682392299,""min_child_samples"":23,""reg_alpha"":0.00020492118338586818,""reg_lambda"":0.0018995520214338745,""scale_pos_weight"":1.0},""revalidated_median_best_iteration"":216,""final_development_monitor_fold"":4,""final_refit_iterations"":200,""final_refit_rows"":24784,""validation_2024_fit_rows"":0,""validation_2024_monitor_rows"":0}",locked_configuration,s1558,ae768d583ec3b48222b376645c68e47dd1b58fa9380f386ea19726187751cb2c,recorded_locked_configuration
v2|P3|overall|lightgbm,overall,P3,lightgbm,8d06fe644fd76f8c88a63520648c2ceec5f51a885d9a02c094ccefce2e1337e4,s0221,38dea5445f4b32f39f2967dfe4406beca46e5326f1c04a24a98d4812a394d375,final_refit_rows,24784,locked_configuration.final_refit_rows,s1558,ae768d583ec3b48222b376645c68e47dd1b58fa9380f386ea19726187751cb2c,recorded_locked_configuration
v2|P3|overall|lightgbm,overall,P3,lightgbm,8d06fe644fd76f8c88a63520648c2ceec5f51a885d9a02c094ccefce2e1337e4,s0221,38dea5445f4b32f39f2967dfe4406beca46e5326f1c04a24a98d4812a394d375,final_refit_iterations,200,locked_configuration.final_refit_iterations,s1558,ae768d583ec3b48222b376645c68e47dd1b58fa9380f386ea19726187751cb2c,recorded_locked_configuration
v2|P3|overall|lightgbm,overall,P3,lightgbm,8d06fe644fd76f8c88a63520648c2ceec5f51a885d9a02c094ccefce2e1337e4,s0221,38dea5445f4b32f39f2967dfe4406beca46e5326f1c04a24a98d4812a394d375,runtime_packages,"{""numpy"":""2.0.2"",""pandas"":""2.3.3"",""scikit-learn"":""1.6.1"",""imbalanced-learn"":""0.14.1"",""xgboost"":""3.2.0"",""lightgbm"":""4.6.0"",""catboost"":""1.2.10"",""optuna"":""4.9.0"",""joblib"":""1.5.3""}",runtime.packages,s1559,fdb5cc9177afb374ddc548fecc904a1f856ab50401bbf56b760bf65f7d9b9ddd,training_runtime_record
v2|P3|overall|lightgbm,overall,P3,lightgbm,8d06fe644fd76f8c88a63520648c2ceec5f51a885d9a02c094ccefce2e1337e4,s0221,38dea5445f4b32f39f2967dfe4406beca46e5326f1c04a24a98d4812a394d375,runtime_python,3.12.13,runtime.python,s1559,fdb5cc9177afb374ddc548fecc904a1f856ab50401bbf56b760bf65f7d9b9ddd,training_runtime_record
v2|P3|overall|bert_finetuned,overall,P3,bert_finetuned,fc19998e8c3533d55fdcfc19707c846f3d55c1a18bdca8b14199be9b9e48b4de,s0214,2d1ad57201b624c935d4868904cee8038628000d9e0e23c5aa3e64e317b58392,runtime_python,3.12.13,runtime.python,s1565,c01cbe6a7dc0797f75be2350fe200ddade2e272d8714bba75d137e841f9f063b,training_runtime_record
v2|P3|overall|bert_finetuned,overall,P3,bert_finetuned,fc19998e8c3533d55fdcfc19707c846f3d55c1a18bdca8b14199be9b9e48b4de,s0214,2d1ad57201b624c935d4868904cee8038628000d9e0e23c5aa3e64e317b58392,seed,20260715,seed,s1575,ec00e3da3f879b83097bb81bb24a6e2158da4db699536108634a1caf6668e431,task_record
v2|P3|overall|bert_finetuned,overall,P3,bert_finetuned,fc19998e8c3533d55fdcfc19707c846f3d55c1a18bdca8b14199be9b9e48b4de,s0214,2d1ad57201b624c935d4868904cee8038628000d9e0e23c5aa3e64e317b58392,version,1.0,version,s1580,90c7d851c51fcfe895df307e601bc85d4d3c820a367abb78c3c84643d942d4ca,task_record
v2|P3|overall|bert_finetuned,overall,P3,bert_finetuned,fc19998e8c3533d55fdcfc19707c846f3d55c1a18bdca8b14199be9b9e48b4de,s0214,2d1ad57201b624c935d4868904cee8038628000d9e0e23c5aa3e64e317b58392,backend,tokenizers,backend,s1581,035996d5b54a8c1c1ef3906781f5d6af5080493ccb35e89f66a9fb5e97f1c0b8,task_record
v2|P3|overall|mlp_plr,overall,P3,mlp_plr,de24bf51f5e0bf4bae9c14dbc58fdf80f9db8f88dc583efdf6f595592e8826dd,s0225,0dc32a7df8a32de3f1f4cebe4a55fd84fccf2892e3d1b4ad984f0e7b042fe8d3,runtime_python,3.12.13,runtime.python,s1586,eca256cc3ea60c53de7e145f3227ca4862fd41ae1c5711d1aee63a9baa397034,training_runtime_record
v2|P3|overall|mlp_plr,overall,P3,mlp_plr,de24bf51f5e0bf4bae9c14dbc58fdf80f9db8f88dc583efdf6f595592e8826dd,s0225,0dc32a7df8a32de3f1f4cebe4a55fd84fccf2892e3d1b4ad984f0e7b042fe8d3,seed,20260715,seed,s1596,f4be62a7ec4c5bb53ae170f5abbd99b20e149d80a8c2b78f00e3df4afc1ff1d0,task_record
v2|P3|overall|ft_transformer,overall,P3,ft_transformer,5ecad6fc94cccf846646db09a540865c2682759a5808efefd0931f7c965065b3,s0220,b11a30bac4e60a94df7d71d939cecd34139deccf5200dc41351c104ef6eebbc0,runtime_python,3.12.13,runtime.python,s1603,9bef737ef1ab7168c9b59baa40c0facd052b20eb0a0c4ca1498b52e25ff97e7f,training_runtime_record
v2|P3|overall|ft_transformer,overall,P3,ft_transformer,5ecad6fc94cccf846646db09a540865c2682759a5808efefd0931f7c965065b3,s0220,b11a30bac4e60a94df7d71d939cecd34139deccf5200dc41351c104ef6eebbc0,seed,20260715,seed,s1625,f3905e43ff9307ec13693f19c6f684e5935f38100fcfc1897118e13372a01f05,task_record
v2|P3|overall|cnn_1d,overall,P3,cnn_1d,10a267a60c8ec7c1043a84217ae85da0af291742f0687addab2279fc9feec665,s0218,6df72b8fd70d5402ac54935d50299f3c50384b69feb68b6c1b46879782de034f,runtime_python,3.12.13,runtime.python,s1633,0ed056e3c99f12e9b8bdc5b14a8336ba0700726a5bcf42686bfbf58265860308,training_runtime_record
v2|P3|overall|tabpfn,overall,P3,tabpfn,07a1135b5d61ff20744eb0f00f19055d1d7396d55e12f8c8298f6b406ab2b31e,s0231,e1e0250a6f194b8c82b3a91e7d9cdf800ed714d917946aacec464c3fbbaa5d5a,lineage,core_model_optimization_v2_tabpfn_standard_priorlabs_cloud_v3,lineage,s1641,dad60f3515ec67baaebd113060efb09ab9db73a10ab267f1c53e06011e776b7f,task_record
v2|P3|overall|tabpfn,overall,P3,tabpfn,07a1135b5d61ff20744eb0f00f19055d1d7396d55e12f8c8298f6b406ab2b31e,s0231,e1e0250a6f194b8c82b3a91e7d9cdf800ed714d917946aacec464c3fbbaa5d5a,configuration,"{""feature_count"":""all"",""context_row_policy"":""half_model_limit"",""preprocessing"":""median_indicator"",""context_bagging"":""prevalence_stratified"",""estimator_count"":8,""bag_count"":2,""config_sha256"":""2ec2ca17bf612e14aa9535000679446c631430a1d73b9ca3939f0d8df2366e34""}",locked_configuration,s1642,ab52b3a2228e33745622df647698275780d2fcc23cd86b988cc0c53962f1ff24,recorded_locked_configuration
v2|P3|overall|tabpfn,overall,P3,tabpfn,07a1135b5d61ff20744eb0f00f19055d1d7396d55e12f8c8298f6b406ab2b31e,s0231,e1e0250a6f194b8c82b3a91e7d9cdf800ed714d917946aacec464c3fbbaa5d5a,context_row_policy,half_model_limit,locked_configuration.context_row_policy,s1642,ab52b3a2228e33745622df647698275780d2fcc23cd86b988cc0c53962f1ff24,recorded_locked_configuration
v2|P3|overall|tabpfn,overall,P3,tabpfn,07a1135b5d61ff20744eb0f00f19055d1d7396d55e12f8c8298f6b406ab2b31e,s0231,e1e0250a6f194b8c82b3a91e7d9cdf800ed714d917946aacec464c3fbbaa5d5a,estimator_count,8,locked_configuration.estimator_count,s1642,ab52b3a2228e33745622df647698275780d2fcc23cd86b988cc0c53962f1ff24,recorded_locked_configuration
v2|P3|overall|tabpfn,overall,P3,tabpfn,07a1135b5d61ff20744eb0f00f19055d1d7396d55e12f8c8298f6b406ab2b31e,s0231,e1e0250a6f194b8c82b3a91e7d9cdf800ed714d917946aacec464c3fbbaa5d5a,bag_count,2,locked_configuration.bag_count,s1642,ab52b3a2228e33745622df647698275780d2fcc23cd86b988cc0c53962f1ff24,recorded_locked_configuration
v2|P3|overall|tabpfn,overall,P3,tabpfn,07a1135b5d61ff20744eb0f00f19055d1d7396d55e12f8c8298f6b406ab2b31e,s0231,e1e0250a6f194b8c82b3a91e7d9cdf800ed714d917946aacec464c3fbbaa5d5a,preprocessing,median_indicator,locked_configuration.preprocessing,s1642,ab52b3a2228e33745622df647698275780d2fcc23cd86b988cc0c53962f1ff24,recorded_locked_configuration
v2|P3|overall|tabpfn,overall,P3,tabpfn,07a1135b5d61ff20744eb0f00f19055d1d7396d55e12f8c8298f6b406ab2b31e,s0231,e1e0250a6f194b8c82b3a91e7d9cdf800ed714d917946aacec464c3fbbaa5d5a,runtime_packages,"{""numpy"":""2.4.4"",""pandas"":""2.3.3"",""scikit-learn"":""1.8.0"",""imbalanced-learn"":""0.14.2"",""xgboost"":""3.2.0"",""lightgbm"":""4.6.0"",""catboost"":""1.2.10"",""optuna"":""4.9.0"",""joblib"":""1.5.3""}",runtime.packages,s1643,f27a9840020e4cf6a4e06642df43f7926f5d0114da660c342731dde3a3863707,training_runtime_record
v2|P3|overall|tabpfn,overall,P3,tabpfn,07a1135b5d61ff20744eb0f00f19055d1d7396d55e12f8c8298f6b406ab2b31e,s0231,e1e0250a6f194b8c82b3a91e7d9cdf800ed714d917946aacec464c3fbbaa5d5a,runtime_device,priorlabs_cloud_v3_non_thinking,runtime.device,s1643,f27a9840020e4cf6a4e06642df43f7926f5d0114da660c342731dde3a3863707,training_runtime_record
v2|P3|overall|tabicl,overall,P3,tabicl,d8fce1f86bb3f0ce0a88bd9d3c835c063fcc46c4527ed65c486bae7b25578aed,s0230,9922645ea472313b0ad925fb34905c6f9ea72687349c3d52926399239ba5e4ef,configuration,"{""config_sha256"":""03119933dfddbe68165ed7fb3793b1858d413355aca4d8290c95f485c40d744e"",""estimator_count"":8}",locked_configuration,s1648,e2bbee77e21289198a6e1bd9ed449db7af5267286e8389ff3da4e71c2c3d4808,recorded_locked_configuration
v2|P3|overall|tabicl,overall,P3,tabicl,d8fce1f86bb3f0ce0a88bd9d3c835c063fcc46c4527ed65c486bae7b25578aed,s0230,9922645ea472313b0ad925fb34905c6f9ea72687349c3d52926399239ba5e4ef,estimator_count,8,locked_configuration.estimator_count,s1648,e2bbee77e21289198a6e1bd9ed449db7af5267286e8389ff3da4e71c2c3d4808,recorded_locked_configuration
v2|P3|overall|stacking,overall,P3,stacking,c04cd21ee5166de3b83d69fb9ebf431541a46f7c60c401cae339ddcd05d56adc,s0228,0117c9c20007aa8e8ba8b435f5d5dd5df9fb2f40bda328dde128f100d1e10bd8,runtime_python,3.13.11,runtime.python,s1651,9bc00ac74d3640242f2d6223beb7316675645d947280b1b4c4706905c7c5a54b,training_runtime_record
v2|P3|overall|stacking,overall,P3,stacking,c04cd21ee5166de3b83d69fb9ebf431541a46f7c60c401cae339ddcd05d56adc,s0228,0117c9c20007aa8e8ba8b435f5d5dd5df9fb2f40bda328dde128f100d1e10bd8,stack_member_order,"[""logistic_l2"",""catboost"",""xgboost"",""lightgbm"",""balanced_random_forest"",""bert_finetuned"",""mlp_plr"",""ft_transformer"",""cnn_1d"",""tabpfn_standard"",""tabicl""]",feature_order,s1652,f25632ff665f022e318b005af87988e30ecb545f9705e29e4446e9a978625ee4,sealed_stack_input_order
v2|S1|overall|rSI_sMS,overall,S1,rSI_sMS,5832ea7cbceb29d16779199328eb82e887cc0e67de3c04e3d9efa9675bd149a7,s0247,5ae99e5708af73adba9caa51f06f7047edf63f49cb0e530d8cc3a7db6b27b644,seed,20260710,seed,s1660,00bc74d77a5d422b21be91aa979ca4d98f0ddb97797fbd40be4a33648ee37316,task_record
v2|S1|overall|rSI_sMS,overall,S1,rSI_sMS,5832ea7cbceb29d16779199328eb82e887cc0e67de3c04e3d9efa9675bd149a7,s0247,5ae99e5708af73adba9caa51f06f7047edf63f49cb0e530d8cc3a7db6b27b644,runtime_packages,"{""numpy"":""2.4.4"",""pandas"":""2.3.3"",""scikit-learn"":""1.8.0"",""imbalanced-learn"":""0.14.2"",""xgboost"":""3.2.0"",""lightgbm"":""4.6.0"",""catboost"":""1.2.10"",""optuna"":""4.9.0"",""joblib"":""1.5.3""}",runtime.packages,s1661,8b9accaa47379e42157bf2ac41166918479d7a34b806dab5d9d03b856a75e3a9,training_runtime_record
v2|S1|overall|rSI_sMS,overall,S1,rSI_sMS,5832ea7cbceb29d16779199328eb82e887cc0e67de3c04e3d9efa9675bd149a7,s0247,5ae99e5708af73adba9caa51f06f7047edf63f49cb0e530d8cc3a7db6b27b644,runtime_python,3.12.13,runtime.python,s1661,8b9accaa47379e42157bf2ac41166918479d7a34b806dab5d9d03b856a75e3a9,training_runtime_record
v2|S1|overall|logistic_regression,overall,S1,logistic_regression,d2fd654e94ac436fc29fb7b9cc68bd2a59dbaa5b736c363d47662f3008f20abd,s0244,c4f17c90fae1463262c7df165ae9590b805a11047fdb5101200f8c23ddf1c8da,seed,20260710,seed,s1666,a4dccffbdc9102b14f4fe32c8f5feb4d1e7ee2b9c0e6831bcba725d24e908c2f,task_record
v2|S1|overall|logistic_regression,overall,S1,logistic_regression,d2fd654e94ac436fc29fb7b9cc68bd2a59dbaa5b736c363d47662f3008f20abd,s0244,c4f17c90fae1463262c7df165ae9590b805a11047fdb5101200f8c23ddf1c8da,runtime_packages,"{""numpy"":""2.4.4"",""pandas"":""2.3.3"",""scikit-learn"":""1.8.0"",""imbalanced-learn"":""0.14.2"",""xgboost"":""3.2.0"",""lightgbm"":""4.6.0"",""catboost"":""1.2.10"",""optuna"":""4.9.0"",""joblib"":""1.5.3""}",runtime.packages,s1667,cb560a2a7584e0d2fa4c2f43c55bdbfd5e0a4cc2c6e760c4e732e60fc3e62293,training_runtime_record
v2|S1|overall|logistic_regression,overall,S1,logistic_regression,d2fd654e94ac436fc29fb7b9cc68bd2a59dbaa5b736c363d47662f3008f20abd,s0244,c4f17c90fae1463262c7df165ae9590b805a11047fdb5101200f8c23ddf1c8da,runtime_python,3.12.13,runtime.python,s1667,cb560a2a7584e0d2fa4c2f43c55bdbfd5e0a4cc2c6e760c4e732e60fc3e62293,training_runtime_record
v2|S1|overall|catboost,overall,S1,catboost,c72af8d24102edf692755f3155cf70bffbc0fa5c318254e1575692de816f280b,s0237,7c5ad75ec07110d3a3482d04ce67ec7df4100cd7684504289045cbe6dc905f15,lineage,core_model_optimization_v2,lineage,s1672,e7edec92a73effea090b57abade864c9aa726cac9a0358fe628d20bf3671fa10,task_record
v2|S1|overall|catboost,overall,S1,catboost,c72af8d24102edf692755f3155cf70bffbc0fa5c318254e1575692de816f280b,s0237,7c5ad75ec07110d3a3482d04ce67ec7df4100cd7684504289045cbe6dc905f15,configuration,"{""source_trial_number"":203,""params"":{""depth"":7,""learning_rate"":0.011251460865612233,""l2_leaf_reg"":82.01038360971484,""random_strength"":0.0006979455190062152,""bagging_temperature"":2.81314752038881,""scale_pos_weight"":1.0},""revalidated_median_best_iteration"":2006,""final_development_monitor_fold"":4,""final_refit_iterations"":2718,""final_refit_rows"":24784,""validation_2024_fit_rows"":0,""validation_2024_monitor_rows"":0}",locked_configuration,s1672,e7edec92a73effea090b57abade864c9aa726cac9a0358fe628d20bf3671fa10,recorded_locked_configuration
v2|S1|overall|catboost,overall,S1,catboost,c72af8d24102edf692755f3155cf70bffbc0fa5c318254e1575692de816f280b,s0237,7c5ad75ec07110d3a3482d04ce67ec7df4100cd7684504289045cbe6dc905f15,final_refit_rows,24784,locked_configuration.final_refit_rows,s1672,e7edec92a73effea090b57abade864c9aa726cac9a0358fe628d20bf3671fa10,recorded_locked_configuration
v2|S1|overall|catboost,overall,S1,catboost,c72af8d24102edf692755f3155cf70bffbc0fa5c318254e1575692de816f280b,s0237,7c5ad75ec07110d3a3482d04ce67ec7df4100cd7684504289045cbe6dc905f15,final_refit_iterations,2718,locked_configuration.final_refit_iterations,s1672,e7edec92a73effea090b57abade864c9aa726cac9a0358fe628d20bf3671fa10,recorded_locked_configuration
v2|S1|overall|catboost,overall,S1,catboost,c72af8d24102edf692755f3155cf70bffbc0fa5c318254e1575692de816f280b,s0237,7c5ad75ec07110d3a3482d04ce67ec7df4100cd7684504289045cbe6dc905f15,runtime_packages,"{""numpy"":""2.0.2"",""pandas"":""2.3.3"",""scikit-learn"":""1.6.1"",""imbalanced-learn"":""0.14.1"",""xgboost"":""3.2.0"",""lightgbm"":""4.6.0"",""catboost"":""1.2.10"",""optuna"":""4.9.0"",""joblib"":""1.5.3""}",runtime.packages,s1673,a81962f0854bbc11bf2fa7c13a24a7e7f4f5dca04aa7c86d36d4a29a5d552483,training_runtime_record
v2|S1|overall|catboost,overall,S1,catboost,c72af8d24102edf692755f3155cf70bffbc0fa5c318254e1575692de816f280b,s0237,7c5ad75ec07110d3a3482d04ce67ec7df4100cd7684504289045cbe6dc905f15,runtime_python,3.12.13,runtime.python,s1673,a81962f0854bbc11bf2fa7c13a24a7e7f4f5dca04aa7c86d36d4a29a5d552483,training_runtime_record
v2|S1|overall|xgboost,overall,S1,xgboost,8d397a2cfd2fa0e3ecb3234faaf2e2de74ed2525ba07f99dfdd59b5d67c6dfe1,s0255,fe41d06b18fc6a889a6e3c17a738d441c0a782c94574e9dd736748bd9f4a2e11,lineage,core_model_optimization_v2,lineage,s1678,05437e8110c61cd173c138f1b382bd71fd8f796ccb4a20b1dbe6b4763cc312cb,task_record
v2|S1|overall|xgboost,overall,S1,xgboost,8d397a2cfd2fa0e3ecb3234faaf2e2de74ed2525ba07f99dfdd59b5d67c6dfe1,s0255,fe41d06b18fc6a889a6e3c17a738d441c0a782c94574e9dd736748bd9f4a2e11,configuration,"{""source_trial_number"":387,""params"":{""max_depth"":3,""learning_rate"":0.005695331470787949,""subsample"":0.9986050332043883,""colsample_bytree"":0.5593077028430681,""min_child_weight"":4.336752145972194,""reg_alpha"":0.009016505037478025,""reg_lambda"":0.019310671944677484,""scale_pos_weight"":1.0},""revalidated_median_best_iteration"":1451,""final_development_monitor_fold"":4,""final_refit_iterations"":1345,""final_refit_rows"":24784,""validation_2024_fit_rows"":0,""validation_2024_monitor_rows"":0}",locked_configuration,s1678,05437e8110c61cd173c138f1b382bd71fd8f796ccb4a20b1dbe6b4763cc312cb,recorded_locked_configuration
v2|S1|overall|xgboost,overall,S1,xgboost,8d397a2cfd2fa0e3ecb3234faaf2e2de74ed2525ba07f99dfdd59b5d67c6dfe1,s0255,fe41d06b18fc6a889a6e3c17a738d441c0a782c94574e9dd736748bd9f4a2e11,final_refit_rows,24784,locked_configuration.final_refit_rows,s1678,05437e8110c61cd173c138f1b382bd71fd8f796ccb4a20b1dbe6b4763cc312cb,recorded_locked_configuration
v2|S1|overall|xgboost,overall,S1,xgboost,8d397a2cfd2fa0e3ecb3234faaf2e2de74ed2525ba07f99dfdd59b5d67c6dfe1,s0255,fe41d06b18fc6a889a6e3c17a738d441c0a782c94574e9dd736748bd9f4a2e11,final_refit_iterations,1345,locked_configuration.final_refit_iterations,s1678,05437e8110c61cd173c138f1b382bd71fd8f796ccb4a20b1dbe6b4763cc312cb,recorded_locked_configuration
v2|S1|overall|xgboost,overall,S1,xgboost,8d397a2cfd2fa0e3ecb3234faaf2e2de74ed2525ba07f99dfdd59b5d67c6dfe1,s0255,fe41d06b18fc6a889a6e3c17a738d441c0a782c94574e9dd736748bd9f4a2e11,runtime_packages,"{""numpy"":""2.0.2"",""pandas"":""2.3.3"",""scikit-learn"":""1.6.1"",""imbalanced-learn"":""0.14.1"",""xgboost"":""3.2.0"",""lightgbm"":""4.6.0"",""catboost"":""1.2.10"",""optuna"":""4.9.0"",""joblib"":""1.5.3""}",runtime.packages,s1679,192d0f40c44c3d68545deb4c9b260bd5857cb0b1bccba7b077465ba239e6371c,training_runtime_record
v2|S1|overall|xgboost,overall,S1,xgboost,8d397a2cfd2fa0e3ecb3234faaf2e2de74ed2525ba07f99dfdd59b5d67c6dfe1,s0255,fe41d06b18fc6a889a6e3c17a738d441c0a782c94574e9dd736748bd9f4a2e11,runtime_python,3.12.13,runtime.python,s1679,192d0f40c44c3d68545deb4c9b260bd5857cb0b1bccba7b077465ba239e6371c,training_runtime_record
v2|S1|overall|lightgbm,overall,S1,lightgbm,690ec39b1dbe276403ff9597fcd25043a9079822547407cbb77220555f4618d9,s0242,72ef52b589a7052ad57edf87a3c79c37b0bec38445aaae0cfac1f83ea967e6ac,lineage,core_model_optimization_v2,lineage,s1684,17fb135ff62deee953ee6305ff19ccb554913b49fff3709a2974788425b98dd1,task_record
v2|S1|overall|lightgbm,overall,S1,lightgbm,690ec39b1dbe276403ff9597fcd25043a9079822547407cbb77220555f4618d9,s0242,72ef52b589a7052ad57edf87a3c79c37b0bec38445aaae0cfac1f83ea967e6ac,configuration,"{""source_trial_number"":293,""params"":{""num_leaves"":170,""max_depth"":4,""learning_rate"":0.01656857182986396,""subsample"":0.5787258627305002,""colsample_bytree"":0.40093803741184325,""min_child_samples"":46,""reg_alpha"":0.0005881112847093206,""reg_lambda"":0.0021387767448196172,""scale_pos_weight"":1.0},""revalidated_median_best_iteration"":387,""final_development_monitor_fold"":4,""final_refit_iterations"":247,""final_refit_rows"":24784,""validation_2024_fit_rows"":0,""validation_2024_monitor_rows"":0}",locked_configuration,s1684,17fb135ff62deee953ee6305ff19ccb554913b49fff3709a2974788425b98dd1,recorded_locked_configuration
v2|S1|overall|lightgbm,overall,S1,lightgbm,690ec39b1dbe276403ff9597fcd25043a9079822547407cbb77220555f4618d9,s0242,72ef52b589a7052ad57edf87a3c79c37b0bec38445aaae0cfac1f83ea967e6ac,final_refit_rows,24784,locked_configuration.final_refit_rows,s1684,17fb135ff62deee953ee6305ff19ccb554913b49fff3709a2974788425b98dd1,recorded_locked_configuration
v2|S1|overall|lightgbm,overall,S1,lightgbm,690ec39b1dbe276403ff9597fcd25043a9079822547407cbb77220555f4618d9,s0242,72ef52b589a7052ad57edf87a3c79c37b0bec38445aaae0cfac1f83ea967e6ac,final_refit_iterations,247,locked_configuration.final_refit_iterations,s1684,17fb135ff62deee953ee6305ff19ccb554913b49fff3709a2974788425b98dd1,recorded_locked_configuration
v2|S1|overall|lightgbm,overall,S1,lightgbm,690ec39b1dbe276403ff9597fcd25043a9079822547407cbb77220555f4618d9,s0242,72ef52b589a7052ad57edf87a3c79c37b0bec38445aaae0cfac1f83ea967e6ac,runtime_packages,"{""numpy"":""2.0.2"",""pandas"":""2.3.3"",""scikit-learn"":""1.6.1"",""imbalanced-learn"":""0.14.1"",""xgboost"":""3.2.0"",""lightgbm"":""4.6.0"",""catboost"":""1.2.10"",""optuna"":""4.9.0"",""joblib"":""1.5.3""}",runtime.packages,s1685,571ccaea1c916ab545e212cce7dc680f653e859d457ef9fe81c19445cf28ae7d,training_runtime_record
v2|S1|overall|lightgbm,overall,S1,lightgbm,690ec39b1dbe276403ff9597fcd25043a9079822547407cbb77220555f4618d9,s0242,72ef52b589a7052ad57edf87a3c79c37b0bec38445aaae0cfac1f83ea967e6ac,runtime_python,3.12.13,runtime.python,s1685,571ccaea1c916ab545e212cce7dc680f653e859d457ef9fe81c19445cf28ae7d,training_runtime_record
v2|S1|overall|bert_finetuned,overall,S1,bert_finetuned,66b83b3f3e06a65061eba21aeb74fd2e71015ea781afb0de1ead1528e668721d,s0235,bb43ca4905d56083d92c339d4178deb2a54378912c43d17d550968cefdfed282,runtime_python,3.12.13,runtime.python,s1691,5f9cc98589a62255484edc9217125587f6c7a3ab3fcc7da7eb7a54d7c33d7899,training_runtime_record
v2|S1|overall|bert_finetuned,overall,S1,bert_finetuned,66b83b3f3e06a65061eba21aeb74fd2e71015ea781afb0de1ead1528e668721d,s0235,bb43ca4905d56083d92c339d4178deb2a54378912c43d17d550968cefdfed282,seed,20260715,seed,s1701,06cfc0b07c8439f0bc18e0b5839332966fc459d1aceae13a43a07b14c0404029,task_record
v2|S1|overall|bert_finetuned,overall,S1,bert_finetuned,66b83b3f3e06a65061eba21aeb74fd2e71015ea781afb0de1ead1528e668721d,s0235,bb43ca4905d56083d92c339d4178deb2a54378912c43d17d550968cefdfed282,version,1.0,version,s1706,90c7d851c51fcfe895df307e601bc85d4d3c820a367abb78c3c84643d942d4ca,task_record
v2|S1|overall|bert_finetuned,overall,S1,bert_finetuned,66b83b3f3e06a65061eba21aeb74fd2e71015ea781afb0de1ead1528e668721d,s0235,bb43ca4905d56083d92c339d4178deb2a54378912c43d17d550968cefdfed282,backend,tokenizers,backend,s1707,035996d5b54a8c1c1ef3906781f5d6af5080493ccb35e89f66a9fb5e97f1c0b8,task_record
v2|S1|overall|mlp_plr,overall,S1,mlp_plr,1be7478efbc6de90f101911ed368bf2385036d046b35a330a1c9f43e92d6f815,s0246,4f4cfbe62b8d85c806b6d4694d7d5950657441bddab87843ad12ecddc2a58d86,runtime_python,3.12.13,runtime.python,s1712,1429adec9e49f2460584d13c41b56eafe71dc51ce72864751c447b2f5af973a9,training_runtime_record
v2|S1|overall|mlp_plr,overall,S1,mlp_plr,1be7478efbc6de90f101911ed368bf2385036d046b35a330a1c9f43e92d6f815,s0246,4f4cfbe62b8d85c806b6d4694d7d5950657441bddab87843ad12ecddc2a58d86,seed,20260715,seed,s1722,2143d844212f6095e9936631f733b422303b96ea5f37866be082621820c350e8,task_record
v2|S1|overall|ft_transformer,overall,S1,ft_transformer,347ff59c7d74aa4e569b9d3116278ecf6cb4921b316e87c6054f871cb48f33fd,s0241,78f9f2be95805aac867cfc6b585b3d9f642cf5289f988e113b523f8082264a64,runtime_python,3.12.13,runtime.python,s1729,925c660399369c63542b7323bab663c65cdb88c3154f6a270a5b2e9703322242,training_runtime_record
v2|S1|overall|ft_transformer,overall,S1,ft_transformer,347ff59c7d74aa4e569b9d3116278ecf6cb4921b316e87c6054f871cb48f33fd,s0241,78f9f2be95805aac867cfc6b585b3d9f642cf5289f988e113b523f8082264a64,seed,20260715,seed,s1751,dd3070408fd3ecaf2fe18ab474afad292f837f83b6755a0fbc38380cb3c93a51,task_record
v2|S1|overall|cnn_1d,overall,S1,cnn_1d,3334f7651e0c84ffa02a5fd396bcc1cbae3080542ae5ec086fb98223fc40611c,s0239,74323bba362e6182d0236011ab5cbf3ca614af9d93f47dad0d0578030bcfd066,runtime_python,3.12.13,runtime.python,s1759,d16cb49fb06e70d009f02f633973ec12ff6f242bc703c08d96340bd8dbd09edd,training_runtime_record
v2|S1|overall|tabpfn,overall,S1,tabpfn,dfc8a227e247bca4b77b4e9a62cb5c4e7f2c54b87f23b5cb64aae3c143e39c22,s0253,c4f4c06c6b28f7902383c2a2838f04b70b3d2b4faa4a1a7f0666d6d80196d18b,lineage,core_model_optimization_v2,lineage,s1766,c61b36e3a709acd2b74d80715e26c67aa138e2c41f22d825691c9f77f8117fb4,task_record
v2|S1|overall|tabpfn,overall,S1,tabpfn,dfc8a227e247bca4b77b4e9a62cb5c4e7f2c54b87f23b5cb64aae3c143e39c22,s0253,c4f4c06c6b28f7902383c2a2838f04b70b3d2b4faa4a1a7f0666d6d80196d18b,configuration,"{""feature_count"":128,""context_row_policy"":""full_or_model_limit"",""preprocessing"":""robust_indicator"",""context_bagging"":""prevalence_stratified"",""estimator_count"":2,""bag_count"":1,""config_sha256"":""058d3a9e0225f7866f79334e5de6ed714961fd02b472bebce41469f682271aaf""}",locked_configuration,s1767,76759a2c0bcb467f140fa79b35e10d194a8b9ff9d5bacd21d782c57d5b958b6b,recorded_locked_configuration
v2|S1|overall|tabpfn,overall,S1,tabpfn,dfc8a227e247bca4b77b4e9a62cb5c4e7f2c54b87f23b5cb64aae3c143e39c22,s0253,c4f4c06c6b28f7902383c2a2838f04b70b3d2b4faa4a1a7f0666d6d80196d18b,context_row_policy,full_or_model_limit,locked_configuration.context_row_policy,s1767,76759a2c0bcb467f140fa79b35e10d194a8b9ff9d5bacd21d782c57d5b958b6b,recorded_locked_configuration
v2|S1|overall|tabpfn,overall,S1,tabpfn,dfc8a227e247bca4b77b4e9a62cb5c4e7f2c54b87f23b5cb64aae3c143e39c22,s0253,c4f4c06c6b28f7902383c2a2838f04b70b3d2b4faa4a1a7f0666d6d80196d18b,estimator_count,2,locked_configuration.estimator_count,s1767,76759a2c0bcb467f140fa79b35e10d194a8b9ff9d5bacd21d782c57d5b958b6b,recorded_locked_configuration
v2|S1|overall|tabpfn,overall,S1,tabpfn,dfc8a227e247bca4b77b4e9a62cb5c4e7f2c54b87f23b5cb64aae3c143e39c22,s0253,c4f4c06c6b28f7902383c2a2838f04b70b3d2b4faa4a1a7f0666d6d80196d18b,bag_count,1,locked_configuration.bag_count,s1767,76759a2c0bcb467f140fa79b35e10d194a8b9ff9d5bacd21d782c57d5b958b6b,recorded_locked_configuration
v2|S1|overall|tabpfn,overall,S1,tabpfn,dfc8a227e247bca4b77b4e9a62cb5c4e7f2c54b87f23b5cb64aae3c143e39c22,s0253,c4f4c06c6b28f7902383c2a2838f04b70b3d2b4faa4a1a7f0666d6d80196d18b,preprocessing,robust_indicator,locked_configuration.preprocessing,s1767,76759a2c0bcb467f140fa79b35e10d194a8b9ff9d5bacd21d782c57d5b958b6b,recorded_locked_configuration
v2|S1|overall|tabpfn,overall,S1,tabpfn,dfc8a227e247bca4b77b4e9a62cb5c4e7f2c54b87f23b5cb64aae3c143e39c22,s0253,c4f4c06c6b28f7902383c2a2838f04b70b3d2b4faa4a1a7f0666d6d80196d18b,runtime_packages,"{""numpy"":""2.0.2"",""pandas"":""2.3.3"",""scikit-learn"":""1.6.1"",""imbalanced-learn"":""0.14.1"",""xgboost"":""3.2.0"",""lightgbm"":""4.6.0"",""catboost"":""1.2.10"",""optuna"":""4.9.0"",""joblib"":""1.5.3""}",runtime.packages,s1768,329dd4869a11c0f95705e296bebeb7fae3fe774ee93d9a3eaf83398c08a37bf7,training_runtime_record
v2|S1|overall|tabpfn,overall,S1,tabpfn,dfc8a227e247bca4b77b4e9a62cb5c4e7f2c54b87f23b5cb64aae3c143e39c22,s0253,c4f4c06c6b28f7902383c2a2838f04b70b3d2b4faa4a1a7f0666d6d80196d18b,runtime_device,cuda,runtime.device,s1768,329dd4869a11c0f95705e296bebeb7fae3fe774ee93d9a3eaf83398c08a37bf7,training_runtime_record
v2|S1|overall|tabicl,overall,S1,tabicl,52ac319bac1ac6698548cae62d87739328f8d4ba1e9e1457e0dbe4c37f393cdf,s0251,ce2b1c9debc88c9b0137e495fb7a235064d0732f5f523c491d2914413cc8079e,lineage,core_model_optimization_v2,lineage,s1774,4a0d72d785a29b9abbaeccdd26897190c096afc6795ba0f9094d04523cd5a26a,task_record
v2|S1|overall|tabicl,overall,S1,tabicl,52ac319bac1ac6698548cae62d87739328f8d4ba1e9e1457e0dbe4c37f393cdf,s0251,ce2b1c9debc88c9b0137e495fb7a235064d0732f5f523c491d2914413cc8079e,configuration,"{""feature_count"":128,""context_row_policy"":""half_model_limit"",""preprocessing"":""robust_indicator"",""context_bagging"":""prevalence_stratified"",""estimator_count"":2,""bag_count"":2,""config_sha256"":""2f778d84e365ea44f6e4cfd75be2a7ead320d5685a0870b997c11e650d81b814""}",locked_configuration,s1775,141f6fc50681ee73452bf1b55abfc4646b1232bdb18b6e9e80870279f711ad8b,recorded_locked_configuration
v2|S1|overall|tabicl,overall,S1,tabicl,52ac319bac1ac6698548cae62d87739328f8d4ba1e9e1457e0dbe4c37f393cdf,s0251,ce2b1c9debc88c9b0137e495fb7a235064d0732f5f523c491d2914413cc8079e,context_row_policy,half_model_limit,locked_configuration.context_row_policy,s1775,141f6fc50681ee73452bf1b55abfc4646b1232bdb18b6e9e80870279f711ad8b,recorded_locked_configuration
v2|S1|overall|tabicl,overall,S1,tabicl,52ac319bac1ac6698548cae62d87739328f8d4ba1e9e1457e0dbe4c37f393cdf,s0251,ce2b1c9debc88c9b0137e495fb7a235064d0732f5f523c491d2914413cc8079e,estimator_count,2,locked_configuration.estimator_count,s1775,141f6fc50681ee73452bf1b55abfc4646b1232bdb18b6e9e80870279f711ad8b,recorded_locked_configuration
v2|S1|overall|tabicl,overall,S1,tabicl,52ac319bac1ac6698548cae62d87739328f8d4ba1e9e1457e0dbe4c37f393cdf,s0251,ce2b1c9debc88c9b0137e495fb7a235064d0732f5f523c491d2914413cc8079e,bag_count,2,locked_configuration.bag_count,s1775,141f6fc50681ee73452bf1b55abfc4646b1232bdb18b6e9e80870279f711ad8b,recorded_locked_configuration
v2|S1|overall|tabicl,overall,S1,tabicl,52ac319bac1ac6698548cae62d87739328f8d4ba1e9e1457e0dbe4c37f393cdf,s0251,ce2b1c9debc88c9b0137e495fb7a235064d0732f5f523c491d2914413cc8079e,preprocessing,robust_indicator,locked_configuration.preprocessing,s1775,141f6fc50681ee73452bf1b55abfc4646b1232bdb18b6e9e80870279f711ad8b,recorded_locked_configuration
v2|S1|overall|tabicl,overall,S1,tabicl,52ac319bac1ac6698548cae62d87739328f8d4ba1e9e1457e0dbe4c37f393cdf,s0251,ce2b1c9debc88c9b0137e495fb7a235064d0732f5f523c491d2914413cc8079e,runtime_packages,"{""numpy"":""2.0.2"",""pandas"":""2.3.3"",""scikit-learn"":""1.6.1"",""imbalanced-learn"":""0.14.1"",""xgboost"":""3.2.0"",""lightgbm"":""4.6.0"",""catboost"":""1.2.10"",""optuna"":""4.9.0"",""joblib"":""1.5.3""}",runtime.packages,s1776,e8af6f1710dc53db57c17e64f0b25997fe0dd71817e7e0e207e05a71f8ad2f4e,training_runtime_record
v2|S1|overall|tabicl,overall,S1,tabicl,52ac319bac1ac6698548cae62d87739328f8d4ba1e9e1457e0dbe4c37f393cdf,s0251,ce2b1c9debc88c9b0137e495fb7a235064d0732f5f523c491d2914413cc8079e,runtime_device,cuda,runtime.device,s1776,e8af6f1710dc53db57c17e64f0b25997fe0dd71817e7e0e207e05a71f8ad2f4e,training_runtime_record
v2|S1|overall|stacking,overall,S1,stacking,7099741678ec5583d3805c54f031402d0fce552b8773eaf3a734c64a121cb14a,s0249,d0a5bbb224d9d2b67d114d03774048d5bfdf7523916b57a69c2c031523517b21,runtime_python,3.13.11,runtime.python,s1780,a16311272ff2dea1875b0fcc92f8ea61990bd7be78fbdaae297a98d7ea60d2ba,training_runtime_record
v2|S1|overall|stacking,overall,S1,stacking,7099741678ec5583d3805c54f031402d0fce552b8773eaf3a734c64a121cb14a,s0249,d0a5bbb224d9d2b67d114d03774048d5bfdf7523916b57a69c2c031523517b21,stack_member_order,"[""logistic_l2"",""catboost"",""xgboost"",""lightgbm"",""balanced_random_forest"",""bert_finetuned"",""mlp_plr"",""ft_transformer"",""cnn_1d"",""tabpfn_finetuned"",""tabicl""]",feature_order,s1781,c1aa228e7dc9897da3e3dd70cedf6526f8e6583c8626377c06f323f357caec6a,sealed_stack_input_order
v2|S2|overall|rSI_sMS,overall,S2,rSI_sMS,631704644e4880eb10619ffeec39456ca923876bd0d3979f13adf3e93d6c8501,s0269,2e5098349377b022f9e223e33ea67c7b94d1d45fd5dd9b82f91f4b364805470a,seed,20260710,seed,s1789,5650c50f30ed70756732f08821a7c9642b8607bc3ad7c476880c1d693f8953ff,task_record
v2|S2|overall|rSI_sMS,overall,S2,rSI_sMS,631704644e4880eb10619ffeec39456ca923876bd0d3979f13adf3e93d6c8501,s0269,2e5098349377b022f9e223e33ea67c7b94d1d45fd5dd9b82f91f4b364805470a,runtime_packages,"{""numpy"":""2.4.4"",""pandas"":""2.3.3"",""scikit-learn"":""1.8.0"",""imbalanced-learn"":""0.14.2"",""xgboost"":""3.2.0"",""lightgbm"":""4.6.0"",""catboost"":""1.2.10"",""optuna"":""4.9.0"",""joblib"":""1.5.3""}",runtime.packages,s1790,46a835d652218fbeaa34bb3f7f5018bc3e48c75953e57d4dfed04ab07817cb2b,training_runtime_record
v2|S2|overall|rSI_sMS,overall,S2,rSI_sMS,631704644e4880eb10619ffeec39456ca923876bd0d3979f13adf3e93d6c8501,s0269,2e5098349377b022f9e223e33ea67c7b94d1d45fd5dd9b82f91f4b364805470a,runtime_python,3.12.13,runtime.python,s1790,46a835d652218fbeaa34bb3f7f5018bc3e48c75953e57d4dfed04ab07817cb2b,training_runtime_record
v2|S2|overall|logistic_regression,overall,S2,logistic_regression,24a1753b5d58b5b20ab26ff19b474da9e9426987ddf222670f249c97e79ffd59,s0266,14bf3ded939930fdb2a8f7c5739cddc1faa9041905ef0b0ecf687a19ca97dd03,seed,20260710,seed,s1795,534c428f503cd1d74149069e5d5fb62fba9219568d1f1bea82a3c56d0257d827,task_record
v2|S2|overall|logistic_regression,overall,S2,logistic_regression,24a1753b5d58b5b20ab26ff19b474da9e9426987ddf222670f249c97e79ffd59,s0266,14bf3ded939930fdb2a8f7c5739cddc1faa9041905ef0b0ecf687a19ca97dd03,runtime_packages,"{""numpy"":""2.4.4"",""pandas"":""2.3.3"",""scikit-learn"":""1.8.0"",""imbalanced-learn"":""0.14.2"",""xgboost"":""3.2.0"",""lightgbm"":""4.6.0"",""catboost"":""1.2.10"",""optuna"":""4.9.0"",""joblib"":""1.5.3""}",runtime.packages,s1796,78a29e1891011ef82b622293b6431177c2b9473ba9a7aab628352c7dea4ff519,training_runtime_record
v2|S2|overall|logistic_regression,overall,S2,logistic_regression,24a1753b5d58b5b20ab26ff19b474da9e9426987ddf222670f249c97e79ffd59,s0266,14bf3ded939930fdb2a8f7c5739cddc1faa9041905ef0b0ecf687a19ca97dd03,runtime_python,3.12.13,runtime.python,s1796,78a29e1891011ef82b622293b6431177c2b9473ba9a7aab628352c7dea4ff519,training_runtime_record
v2|S2|overall|catboost,overall,S2,catboost,463ad82b3eac64dbdfc8c4588b3b5dded3dfa65d51d6bb74000ed343ddc10434,s0259,4835eed4fabfea7749e1299491bdc1e8347ef2548edc646fd8935ea7e38529d8,lineage,core_model_optimization_v2,lineage,s1801,088ab2fa2c5aef51d286d6f8dc396f52935cb56f6338efc0792c939269e2feec,task_record
v2|S2|overall|catboost,overall,S2,catboost,463ad82b3eac64dbdfc8c4588b3b5dded3dfa65d51d6bb74000ed343ddc10434,s0259,4835eed4fabfea7749e1299491bdc1e8347ef2548edc646fd8935ea7e38529d8,configuration,"{""source_trial_number"":145,""params"":{""depth"":10,""learning_rate"":0.03475955923140753,""l2_leaf_reg"":51.5049277083169,""random_strength"":2.9424161486558624,""bagging_temperature"":2.012535614944696,""scale_pos_weight"":1.0},""revalidated_median_best_iteration"":427,""final_development_monitor_fold"":4,""final_refit_iterations"":441,""final_refit_rows"":24784,""validation_2024_fit_rows"":0,""validation_2024_monitor_rows"":0}",locked_configuration,s1801,088ab2fa2c5aef51d286d6f8dc396f52935cb56f6338efc0792c939269e2feec,recorded_locked_configuration
v2|S2|overall|catboost,overall,S2,catboost,463ad82b3eac64dbdfc8c4588b3b5dded3dfa65d51d6bb74000ed343ddc10434,s0259,4835eed4fabfea7749e1299491bdc1e8347ef2548edc646fd8935ea7e38529d8,final_refit_rows,24784,locked_configuration.final_refit_rows,s1801,088ab2fa2c5aef51d286d6f8dc396f52935cb56f6338efc0792c939269e2feec,recorded_locked_configuration
v2|S2|overall|catboost,overall,S2,catboost,463ad82b3eac64dbdfc8c4588b3b5dded3dfa65d51d6bb74000ed343ddc10434,s0259,4835eed4fabfea7749e1299491bdc1e8347ef2548edc646fd8935ea7e38529d8,final_refit_iterations,441,locked_configuration.final_refit_iterations,s1801,088ab2fa2c5aef51d286d6f8dc396f52935cb56f6338efc0792c939269e2feec,recorded_locked_configuration
v2|S2|overall|catboost,overall,S2,catboost,463ad82b3eac64dbdfc8c4588b3b5dded3dfa65d51d6bb74000ed343ddc10434,s0259,4835eed4fabfea7749e1299491bdc1e8347ef2548edc646fd8935ea7e38529d8,runtime_packages,"{""numpy"":""2.0.2"",""pandas"":""2.3.3"",""scikit-learn"":""1.6.1"",""imbalanced-learn"":""0.14.1"",""xgboost"":""3.2.0"",""lightgbm"":""4.6.0"",""catboost"":""1.2.10"",""optuna"":""4.9.0"",""joblib"":""1.5.3""}",runtime.packages,s1802,33bb42bf9893fe258a491d9ad32a7d2506084898b91f862aecd2e7e07635a82b,training_runtime_record
v2|S2|overall|catboost,overall,S2,catboost,463ad82b3eac64dbdfc8c4588b3b5dded3dfa65d51d6bb74000ed343ddc10434,s0259,4835eed4fabfea7749e1299491bdc1e8347ef2548edc646fd8935ea7e38529d8,runtime_python,3.12.13,runtime.python,s1802,33bb42bf9893fe258a491d9ad32a7d2506084898b91f862aecd2e7e07635a82b,training_runtime_record
v2|S2|overall|xgboost,overall,S2,xgboost,6e94ece77e9d48e413940e91e391683adcddb98ecb74ca64e81381ed7f22eae9,s0277,359898a61a4a6238732cc53c7be6f94acc212731075687584d081da2f08d44ee,lineage,core_model_optimization_v2,lineage,s1807,c03c03bbde5620ad857a351556ad544bf3e6ef40bf1f01e8d6e0d5c7321683e7,task_record
v2|S2|overall|xgboost,overall,S2,xgboost,6e94ece77e9d48e413940e91e391683adcddb98ecb74ca64e81381ed7f22eae9,s0277,359898a61a4a6238732cc53c7be6f94acc212731075687584d081da2f08d44ee,configuration,"{""source_trial_number"":315,""params"":{""max_depth"":4,""learning_rate"":0.008443302134548913,""subsample"":0.9459872536145326,""colsample_bytree"":0.5495755813298927,""min_child_weight"":6.197694494159835,""reg_alpha"":0.045269697706176476,""reg_lambda"":1.4828878312225762,""scale_pos_weight"":1.0},""revalidated_median_best_iteration"":1010,""final_development_monitor_fold"":4,""final_refit_iterations"":1112,""final_refit_rows"":24784,""validation_2024_fit_rows"":0,""validation_2024_monitor_rows"":0}",locked_configuration,s1807,c03c03bbde5620ad857a351556ad544bf3e6ef40bf1f01e8d6e0d5c7321683e7,recorded_locked_configuration
v2|S2|overall|xgboost,overall,S2,xgboost,6e94ece77e9d48e413940e91e391683adcddb98ecb74ca64e81381ed7f22eae9,s0277,359898a61a4a6238732cc53c7be6f94acc212731075687584d081da2f08d44ee,final_refit_rows,24784,locked_configuration.final_refit_rows,s1807,c03c03bbde5620ad857a351556ad544bf3e6ef40bf1f01e8d6e0d5c7321683e7,recorded_locked_configuration
v2|S2|overall|xgboost,overall,S2,xgboost,6e94ece77e9d48e413940e91e391683adcddb98ecb74ca64e81381ed7f22eae9,s0277,359898a61a4a6238732cc53c7be6f94acc212731075687584d081da2f08d44ee,final_refit_iterations,1112,locked_configuration.final_refit_iterations,s1807,c03c03bbde5620ad857a351556ad544bf3e6ef40bf1f01e8d6e0d5c7321683e7,recorded_locked_configuration
v2|S2|overall|xgboost,overall,S2,xgboost,6e94ece77e9d48e413940e91e391683adcddb98ecb74ca64e81381ed7f22eae9,s0277,359898a61a4a6238732cc53c7be6f94acc212731075687584d081da2f08d44ee,runtime_packages,"{""numpy"":""2.0.2"",""pandas"":""2.3.3"",""scikit-learn"":""1.6.1"",""imbalanced-learn"":""0.14.1"",""xgboost"":""3.2.0"",""lightgbm"":""4.6.0"",""catboost"":""1.2.10"",""optuna"":""4.9.0"",""joblib"":""1.5.3""}",runtime.packages,s1808,29bb46a9f7f299b2f63557c62eddb1f8c332bd5e7ae3d0f897123527c610f183,training_runtime_record
v2|S2|overall|xgboost,overall,S2,xgboost,6e94ece77e9d48e413940e91e391683adcddb98ecb74ca64e81381ed7f22eae9,s0277,359898a61a4a6238732cc53c7be6f94acc212731075687584d081da2f08d44ee,runtime_python,3.12.13,runtime.python,s1808,29bb46a9f7f299b2f63557c62eddb1f8c332bd5e7ae3d0f897123527c610f183,training_runtime_record
v2|S2|overall|lightgbm,overall,S2,lightgbm,a4c1cbbf407f4261b1b926c0b5253f799213c8d7d0e647ea1922e18c857b2509,s0264,e11f83b1780ec011510b544593945a3438d5ceab04e1727b66adede2d2c37a70,lineage,core_model_optimization_v2,lineage,s1813,edbcedf85a0557c14292aa5afed1dff2583f6246bf52a61e9f6bda138f2a6f25,task_record
v2|S2|overall|lightgbm,overall,S2,lightgbm,a4c1cbbf407f4261b1b926c0b5253f799213c8d7d0e647ea1922e18c857b2509,s0264,e11f83b1780ec011510b544593945a3438d5ceab04e1727b66adede2d2c37a70,configuration,"{""source_trial_number"":295,""params"":{""num_leaves"":74,""max_depth"":3,""learning_rate"":0.017636960428031572,""subsample"":0.8711113886585382,""colsample_bytree"":0.9552545543954536,""min_child_samples"":49,""reg_alpha"":0.0008941598847782388,""reg_lambda"":15.64262594481176,""scale_pos_weight"":1.0},""revalidated_median_best_iteration"":976,""final_development_monitor_fold"":4,""final_refit_iterations"":1446,""final_refit_rows"":24784,""validation_2024_fit_rows"":0,""validation_2024_monitor_rows"":0}",locked_configuration,s1813,edbcedf85a0557c14292aa5afed1dff2583f6246bf52a61e9f6bda138f2a6f25,recorded_locked_configuration
v2|S2|overall|lightgbm,overall,S2,lightgbm,a4c1cbbf407f4261b1b926c0b5253f799213c8d7d0e647ea1922e18c857b2509,s0264,e11f83b1780ec011510b544593945a3438d5ceab04e1727b66adede2d2c37a70,final_refit_rows,24784,locked_configuration.final_refit_rows,s1813,edbcedf85a0557c14292aa5afed1dff2583f6246bf52a61e9f6bda138f2a6f25,recorded_locked_configuration
v2|S2|overall|lightgbm,overall,S2,lightgbm,a4c1cbbf407f4261b1b926c0b5253f799213c8d7d0e647ea1922e18c857b2509,s0264,e11f83b1780ec011510b544593945a3438d5ceab04e1727b66adede2d2c37a70,final_refit_iterations,1446,locked_configuration.final_refit_iterations,s1813,edbcedf85a0557c14292aa5afed1dff2583f6246bf52a61e9f6bda138f2a6f25,recorded_locked_configuration
v2|S2|overall|lightgbm,overall,S2,lightgbm,a4c1cbbf407f4261b1b926c0b5253f799213c8d7d0e647ea1922e18c857b2509,s0264,e11f83b1780ec011510b544593945a3438d5ceab04e1727b66adede2d2c37a70,runtime_packages,"{""numpy"":""2.0.2"",""pandas"":""2.3.3"",""scikit-learn"":""1.6.1"",""imbalanced-learn"":""0.14.1"",""xgboost"":""3.2.0"",""lightgbm"":""4.6.0"",""catboost"":""1.2.10"",""optuna"":""4.9.0"",""joblib"":""1.5.3""}",runtime.packages,s1814,08868e54fee37b2eb658865b3e5deb9de6e875804d3a0ad310853c4c4e543dbf,training_runtime_record
v2|S2|overall|lightgbm,overall,S2,lightgbm,a4c1cbbf407f4261b1b926c0b5253f799213c8d7d0e647ea1922e18c857b2509,s0264,e11f83b1780ec011510b544593945a3438d5ceab04e1727b66adede2d2c37a70,runtime_python,3.12.13,runtime.python,s1814,08868e54fee37b2eb658865b3e5deb9de6e875804d3a0ad310853c4c4e543dbf,training_runtime_record
v2|S2|overall|bert_finetuned,overall,S2,bert_finetuned,5cd8032281b4d1a8574cb87c8a4565defa55ce93237c1f944074f3664c450943,s0257,673a27ec27415e6c162abdaeb509cce15e8fef79b692bf70260d8f0de62ad658,runtime_python,3.12.13,runtime.python,s1820,823109b746253120201f8ecba3db8f2241d561d8d0e3453051586d1e5e9d7787,training_runtime_record
v2|S2|overall|bert_finetuned,overall,S2,bert_finetuned,5cd8032281b4d1a8574cb87c8a4565defa55ce93237c1f944074f3664c450943,s0257,673a27ec27415e6c162abdaeb509cce15e8fef79b692bf70260d8f0de62ad658,seed,20260715,seed,s1830,9f4f44086867ca3be7d02d29b19d11f56326bf366dd0bd744297e67cecf337ab,task_record
v2|S2|overall|bert_finetuned,overall,S2,bert_finetuned,5cd8032281b4d1a8574cb87c8a4565defa55ce93237c1f944074f3664c450943,s0257,673a27ec27415e6c162abdaeb509cce15e8fef79b692bf70260d8f0de62ad658,version,1.0,version,s1835,90c7d851c51fcfe895df307e601bc85d4d3c820a367abb78c3c84643d942d4ca,task_record
v2|S2|overall|bert_finetuned,overall,S2,bert_finetuned,5cd8032281b4d1a8574cb87c8a4565defa55ce93237c1f944074f3664c450943,s0257,673a27ec27415e6c162abdaeb509cce15e8fef79b692bf70260d8f0de62ad658,backend,tokenizers,backend,s1836,035996d5b54a8c1c1ef3906781f5d6af5080493ccb35e89f66a9fb5e97f1c0b8,task_record
v2|S2|overall|mlp_plr,overall,S2,mlp_plr,de9561a610a322a3d498d9f71f2479be802e0544e6ab7b5921e3c2583541250e,s0268,c875b0a28ca1f672c16cd5b75c7ea046c7dad25cf134e1f64f95355a6582faa3,runtime_python,3.12.13,runtime.python,s1841,67d8f2a4651a0a0b397fb8d03a84124825f7acf152d1b7dcb5c6a41bdd466191,training_runtime_record
v2|S2|overall|mlp_plr,overall,S2,mlp_plr,de9561a610a322a3d498d9f71f2479be802e0544e6ab7b5921e3c2583541250e,s0268,c875b0a28ca1f672c16cd5b75c7ea046c7dad25cf134e1f64f95355a6582faa3,seed,20260715,seed,s1851,983612517854cdec6966928ddaf61d3c41141b23b29d83d0d4404757f94b8cbf,task_record
v2|S2|overall|ft_transformer,overall,S2,ft_transformer,49a5067d5d1f177b3d2591a85918dc3248bb731c86066dcf6dfc6c87604a3fdc,s0263,23a09307155a67aa6f013f4933733cf7459c77972c581921864c8783f2ec6c2d,runtime_python,3.12.13,runtime.python,s1858,6536fb1e71f1a8264dff1794bac84c531109510e4c9230bbdd5b9368e940324a,training_runtime_record
v2|S2|overall|ft_transformer,overall,S2,ft_transformer,49a5067d5d1f177b3d2591a85918dc3248bb731c86066dcf6dfc6c87604a3fdc,s0263,23a09307155a67aa6f013f4933733cf7459c77972c581921864c8783f2ec6c2d,seed,20260715,seed,s1880,9248a80ce1d21960aebe4e9dcb47510abe330750ec4a3ead7ce147e3898815f9,task_record
v2|S2|overall|cnn_1d,overall,S2,cnn_1d,1729143282a96196dfb66ded57a4cf99b3a32bb8a25be66a958f3a212da340cb,s0261,9cf5ce85f2f76867698aeb174797381c86f04c85100df61d3d9fe53c3116e93b,runtime_python,3.13.11,runtime.python,s1888,7ce812044deb1cb9a3301f5f200f246158a7f5a1dda7040d839e93e2a3feb0a8,training_runtime_record
v2|S2|overall|tabpfn,overall,S2,tabpfn,9f039c164b3350750246caedb41d66c32632af57c2a19e0055ac459d27a2c63c,s0275,6debdee3afe1429b9671b49e5fa1fdcbbb817f546e55c9d592d69894532007bf,lineage,core_model_optimization_v2,lineage,s1895,70b7fe103eee9792df68450acb9c608f0f9747ee4456f921baa4fa963f06e52c,task_record
v2|S2|overall|tabpfn,overall,S2,tabpfn,9f039c164b3350750246caedb41d66c32632af57c2a19e0055ac459d27a2c63c,s0275,6debdee3afe1429b9671b49e5fa1fdcbbb817f546e55c9d592d69894532007bf,configuration,"{""feature_count"":128,""context_row_policy"":""half_model_limit"",""preprocessing"":""median_indicator"",""context_bagging"":""event_enriched"",""estimator_count"":2,""bag_count"":1,""config_sha256"":""00baaa9173a15b23409de03f0cdc2586c45426035da15bd4fb1a44ae9a688eb6""}",locked_configuration,s1896,e1d3b9f4e7e6f5298c1634bf3264af5fd75a2b82610e1571796e2d2993bd3fd7,recorded_locked_configuration
v2|S2|overall|tabpfn,overall,S2,tabpfn,9f039c164b3350750246caedb41d66c32632af57c2a19e0055ac459d27a2c63c,s0275,6debdee3afe1429b9671b49e5fa1fdcbbb817f546e55c9d592d69894532007bf,context_row_policy,half_model_limit,locked_configuration.context_row_policy,s1896,e1d3b9f4e7e6f5298c1634bf3264af5fd75a2b82610e1571796e2d2993bd3fd7,recorded_locked_configuration
v2|S2|overall|tabpfn,overall,S2,tabpfn,9f039c164b3350750246caedb41d66c32632af57c2a19e0055ac459d27a2c63c,s0275,6debdee3afe1429b9671b49e5fa1fdcbbb817f546e55c9d592d69894532007bf,estimator_count,2,locked_configuration.estimator_count,s1896,e1d3b9f4e7e6f5298c1634bf3264af5fd75a2b82610e1571796e2d2993bd3fd7,recorded_locked_configuration
v2|S2|overall|tabpfn,overall,S2,tabpfn,9f039c164b3350750246caedb41d66c32632af57c2a19e0055ac459d27a2c63c,s0275,6debdee3afe1429b9671b49e5fa1fdcbbb817f546e55c9d592d69894532007bf,bag_count,1,locked_configuration.bag_count,s1896,e1d3b9f4e7e6f5298c1634bf3264af5fd75a2b82610e1571796e2d2993bd3fd7,recorded_locked_configuration
v2|S2|overall|tabpfn,overall,S2,tabpfn,9f039c164b3350750246caedb41d66c32632af57c2a19e0055ac459d27a2c63c,s0275,6debdee3afe1429b9671b49e5fa1fdcbbb817f546e55c9d592d69894532007bf,preprocessing,median_indicator,locked_configuration.preprocessing,s1896,e1d3b9f4e7e6f5298c1634bf3264af5fd75a2b82610e1571796e2d2993bd3fd7,recorded_locked_configuration
v2|S2|overall|tabpfn,overall,S2,tabpfn,9f039c164b3350750246caedb41d66c32632af57c2a19e0055ac459d27a2c63c,s0275,6debdee3afe1429b9671b49e5fa1fdcbbb817f546e55c9d592d69894532007bf,runtime_packages,"{""numpy"":""2.0.2"",""pandas"":""2.3.3"",""scikit-learn"":""1.6.1"",""imbalanced-learn"":""0.14.1"",""xgboost"":""3.2.0"",""lightgbm"":""4.6.0"",""catboost"":""1.2.10"",""optuna"":""4.9.0"",""joblib"":""1.5.3""}",runtime.packages,s1897,ffc7201ac00cbd6aa9a2ad245798882702ed9bffb01c3650784893729767f083,training_runtime_record
v2|S2|overall|tabpfn,overall,S2,tabpfn,9f039c164b3350750246caedb41d66c32632af57c2a19e0055ac459d27a2c63c,s0275,6debdee3afe1429b9671b49e5fa1fdcbbb817f546e55c9d592d69894532007bf,runtime_device,cuda,runtime.device,s1897,ffc7201ac00cbd6aa9a2ad245798882702ed9bffb01c3650784893729767f083,training_runtime_record
v2|S2|overall|tabicl,overall,S2,tabicl,1c281c94b12c789b3abd6061aabbebe156b9aa82ff03c5b048ffb50adf6ba7aa,s0273,7f32f5b8c28ccd21ac9d1fc56836b70cf1f6abffb6a21621199119fd920e1d96,lineage,core_model_optimization_v2,lineage,s1903,375b708f02a69208b25d10dd26a1d70281e75ee2923e3647920de80a868e5cfa,task_record
v2|S2|overall|tabicl,overall,S2,tabicl,1c281c94b12c789b3abd6061aabbebe156b9aa82ff03c5b048ffb50adf6ba7aa,s0273,7f32f5b8c28ccd21ac9d1fc56836b70cf1f6abffb6a21621199119fd920e1d96,configuration,"{""bag_count"":4,""config_sha256"":""03119933dfddbe68165ed7fb3793b1858d413355aca4d8290c95f485c40d744e"",""context_bagging"":""prevalence_stratified"",""context_row_policy"":""full_or_model_limit"",""estimator_count"":2,""feature_count"":128,""preprocessing"":""median_indicator""}",locked_configuration,s1904,c428d47b8ef714abdeeb1c3f1d8a3f2da23652658d473411592d49b39c012d9c,recorded_locked_configuration
v2|S2|overall|tabicl,overall,S2,tabicl,1c281c94b12c789b3abd6061aabbebe156b9aa82ff03c5b048ffb50adf6ba7aa,s0273,7f32f5b8c28ccd21ac9d1fc56836b70cf1f6abffb6a21621199119fd920e1d96,context_row_policy,full_or_model_limit,locked_configuration.context_row_policy,s1904,c428d47b8ef714abdeeb1c3f1d8a3f2da23652658d473411592d49b39c012d9c,recorded_locked_configuration
v2|S2|overall|tabicl,overall,S2,tabicl,1c281c94b12c789b3abd6061aabbebe156b9aa82ff03c5b048ffb50adf6ba7aa,s0273,7f32f5b8c28ccd21ac9d1fc56836b70cf1f6abffb6a21621199119fd920e1d96,estimator_count,2,locked_configuration.estimator_count,s1904,c428d47b8ef714abdeeb1c3f1d8a3f2da23652658d473411592d49b39c012d9c,recorded_locked_configuration
v2|S2|overall|tabicl,overall,S2,tabicl,1c281c94b12c789b3abd6061aabbebe156b9aa82ff03c5b048ffb50adf6ba7aa,s0273,7f32f5b8c28ccd21ac9d1fc56836b70cf1f6abffb6a21621199119fd920e1d96,bag_count,4,locked_configuration.bag_count,s1904,c428d47b8ef714abdeeb1c3f1d8a3f2da23652658d473411592d49b39c012d9c,recorded_locked_configuration
v2|S2|overall|tabicl,overall,S2,tabicl,1c281c94b12c789b3abd6061aabbebe156b9aa82ff03c5b048ffb50adf6ba7aa,s0273,7f32f5b8c28ccd21ac9d1fc56836b70cf1f6abffb6a21621199119fd920e1d96,preprocessing,median_indicator,locked_configuration.preprocessing,s1904,c428d47b8ef714abdeeb1c3f1d8a3f2da23652658d473411592d49b39c012d9c,recorded_locked_configuration
v2|S2|overall|tabicl,overall,S2,tabicl,1c281c94b12c789b3abd6061aabbebe156b9aa82ff03c5b048ffb50adf6ba7aa,s0273,7f32f5b8c28ccd21ac9d1fc56836b70cf1f6abffb6a21621199119fd920e1d96,runtime_packages,"{""catboost"":""1.2.10"",""imbalanced-learn"":""0.14.1"",""joblib"":""1.5.3"",""lightgbm"":""4.6.0"",""numpy"":""2.0.2"",""optuna"":""4.9.0"",""pandas"":""2.3.3"",""scikit-learn"":""1.6.1"",""xgboost"":""3.2.0""}",runtime.packages,s1905,3df0a2ff66f907cdaa953514554d6c019ba180b1561b651682dee814d4717798,training_runtime_record
v2|S2|overall|tabicl,overall,S2,tabicl,1c281c94b12c789b3abd6061aabbebe156b9aa82ff03c5b048ffb50adf6ba7aa,s0273,7f32f5b8c28ccd21ac9d1fc56836b70cf1f6abffb6a21621199119fd920e1d96,runtime_device,cuda,runtime.device,s1905,3df0a2ff66f907cdaa953514554d6c019ba180b1561b651682dee814d4717798,training_runtime_record
v2|S2|overall|tabicl,overall,S2,tabicl,1c281c94b12c789b3abd6061aabbebe156b9aa82ff03c5b048ffb50adf6ba7aa,s0273,7f32f5b8c28ccd21ac9d1fc56836b70cf1f6abffb6a21621199119fd920e1d96,seed,20260716,result.seed,s1907,83c6ed4b1e52969da1d00f5f2332a31969749a506377e0b1b208279b8f4b94c2,actual_final_checkpoint
v2|S2|overall|stacking,overall,S2,stacking,6d5e479075b14287b0cbd975324fdc9761cece98c45ff7612e9f177613886242,s0271,9a6d85e3186431cf7a7587df2174a91200f375000c537001888083a6cbc55de0,runtime_python,3.13.11,runtime.python,s1909,d46b954505f5dac85e3c2610c56328a5ad9dac18746c80ae687eb5091bc461c5,training_runtime_record
v2|S2|overall|stacking,overall,S2,stacking,6d5e479075b14287b0cbd975324fdc9761cece98c45ff7612e9f177613886242,s0271,9a6d85e3186431cf7a7587df2174a91200f375000c537001888083a6cbc55de0,stack_member_order,"[""logistic_l2"",""catboost"",""xgboost"",""lightgbm"",""balanced_random_forest"",""bert_finetuned"",""mlp_plr"",""ft_transformer"",""cnn_1d"",""tabpfn_finetuned"",""tabicl""]",feature_order,s1910,b550e6c37f78e77fca8d66e37a85f62c9c8ff4a70d0dbb32ed3c7a51a938aba6,sealed_stack_input_order
v2|S3|overall|rSI_sMS,overall,S3,rSI_sMS,ee317ae3ddf4800ad7d4ef69f784a986fe8bffc6913e89d606dc6ecc02e2631d,s0291,1dfeefc334eeeaef6a6aa445e226b39f2ae6947dd4e461b01b62ac5d009baa4e,seed,20260710,seed,s1918,68d946074e8a22a12898c67a2517368a342d1b0a9665034b10cddd561d0717c6,task_record
v2|S3|overall|rSI_sMS,overall,S3,rSI_sMS,ee317ae3ddf4800ad7d4ef69f784a986fe8bffc6913e89d606dc6ecc02e2631d,s0291,1dfeefc334eeeaef6a6aa445e226b39f2ae6947dd4e461b01b62ac5d009baa4e,runtime_packages,"{""numpy"":""2.4.4"",""pandas"":""2.3.3"",""scikit-learn"":""1.8.0"",""imbalanced-learn"":""0.14.2"",""xgboost"":""3.2.0"",""lightgbm"":""4.6.0"",""catboost"":""1.2.10"",""optuna"":""4.9.0"",""joblib"":""1.5.3""}",runtime.packages,s1919,bbc5a725b2b6917a8019b7ee40a97a35848ec598a633db9b8e29a6d840df26d6,training_runtime_record
v2|S3|overall|rSI_sMS,overall,S3,rSI_sMS,ee317ae3ddf4800ad7d4ef69f784a986fe8bffc6913e89d606dc6ecc02e2631d,s0291,1dfeefc334eeeaef6a6aa445e226b39f2ae6947dd4e461b01b62ac5d009baa4e,runtime_python,3.12.13,runtime.python,s1919,bbc5a725b2b6917a8019b7ee40a97a35848ec598a633db9b8e29a6d840df26d6,training_runtime_record
v2|S3|overall|logistic_regression,overall,S3,logistic_regression,0578043fc9b4ca3c7bcbd877598878e4379535fb023e0d7df5238291eb8a8fa6,s0288,eec4eab10c13a8d4e567ca60b115f5441f43ba1f0cb4d7e0addd6ade1ebca797,seed,20260710,seed,s1924,777367d430723920adf089b7275f49eac2de2467a8e72debe0a16a6a4c409da8,task_record
v2|S3|overall|logistic_regression,overall,S3,logistic_regression,0578043fc9b4ca3c7bcbd877598878e4379535fb023e0d7df5238291eb8a8fa6,s0288,eec4eab10c13a8d4e567ca60b115f5441f43ba1f0cb4d7e0addd6ade1ebca797,runtime_packages,"{""numpy"":""2.4.4"",""pandas"":""2.3.3"",""scikit-learn"":""1.8.0"",""imbalanced-learn"":""0.14.2"",""xgboost"":""3.2.0"",""lightgbm"":""4.6.0"",""catboost"":""1.2.10"",""optuna"":""4.9.0"",""joblib"":""1.5.3""}",runtime.packages,s1925,b336aaa7c65b3537c5748f7dc29763cc44d841bda7e0901dd7647e826416c1f9,training_runtime_record
v2|S3|overall|logistic_regression,overall,S3,logistic_regression,0578043fc9b4ca3c7bcbd877598878e4379535fb023e0d7df5238291eb8a8fa6,s0288,eec4eab10c13a8d4e567ca60b115f5441f43ba1f0cb4d7e0addd6ade1ebca797,runtime_python,3.12.13,runtime.python,s1925,b336aaa7c65b3537c5748f7dc29763cc44d841bda7e0901dd7647e826416c1f9,training_runtime_record
v2|S3|overall|catboost,overall,S3,catboost,eb3f3cb5f634085ce186b50736f38f7e47fff8b2721a64f3e2cdfd0101ab4100,s0281,67c022d679f878faf1bad337f36f248dfb12da09d97f58ae005870ea5afba007,lineage,core_model_optimization_v2,lineage,s1930,0bfe3e7f742df05e49655e11e6077c1f647df170b798e61f53e907b64c29f20f,task_record
v2|S3|overall|catboost,overall,S3,catboost,eb3f3cb5f634085ce186b50736f38f7e47fff8b2721a64f3e2cdfd0101ab4100,s0281,67c022d679f878faf1bad337f36f248dfb12da09d97f58ae005870ea5afba007,configuration,"{""source_trial_number"":292,""params"":{""depth"":9,""learning_rate"":0.008078869475443187,""l2_leaf_reg"":12.308009166389516,""random_strength"":0.0010727470647334365,""bagging_temperature"":0.8010791811134512,""scale_pos_weight"":2.233820459290188},""revalidated_median_best_iteration"":2263,""final_development_monitor_fold"":4,""final_refit_iterations"":1777,""final_refit_rows"":24784,""validation_2024_fit_rows"":0,""validation_2024_monitor_rows"":0}",locked_configuration,s1930,0bfe3e7f742df05e49655e11e6077c1f647df170b798e61f53e907b64c29f20f,recorded_locked_configuration
v2|S3|overall|catboost,overall,S3,catboost,eb3f3cb5f634085ce186b50736f38f7e47fff8b2721a64f3e2cdfd0101ab4100,s0281,67c022d679f878faf1bad337f36f248dfb12da09d97f58ae005870ea5afba007,final_refit_rows,24784,locked_configuration.final_refit_rows,s1930,0bfe3e7f742df05e49655e11e6077c1f647df170b798e61f53e907b64c29f20f,recorded_locked_configuration
v2|S3|overall|catboost,overall,S3,catboost,eb3f3cb5f634085ce186b50736f38f7e47fff8b2721a64f3e2cdfd0101ab4100,s0281,67c022d679f878faf1bad337f36f248dfb12da09d97f58ae005870ea5afba007,final_refit_iterations,1777,locked_configuration.final_refit_iterations,s1930,0bfe3e7f742df05e49655e11e6077c1f647df170b798e61f53e907b64c29f20f,recorded_locked_configuration
v2|S3|overall|catboost,overall,S3,catboost,eb3f3cb5f634085ce186b50736f38f7e47fff8b2721a64f3e2cdfd0101ab4100,s0281,67c022d679f878faf1bad337f36f248dfb12da09d97f58ae005870ea5afba007,runtime_packages,"{""numpy"":""2.0.2"",""pandas"":""2.3.3"",""scikit-learn"":""1.6.1"",""imbalanced-learn"":""0.14.1"",""xgboost"":""3.2.0"",""lightgbm"":""4.6.0"",""catboost"":""1.2.10"",""optuna"":""4.9.0"",""joblib"":""1.5.3""}",runtime.packages,s1931,8a813da6bcb511316d0a64c7d87a61c37e72fa068b209003e5c4372cd77084a8,training_runtime_record
v2|S3|overall|catboost,overall,S3,catboost,eb3f3cb5f634085ce186b50736f38f7e47fff8b2721a64f3e2cdfd0101ab4100,s0281,67c022d679f878faf1bad337f36f248dfb12da09d97f58ae005870ea5afba007,runtime_python,3.12.13,runtime.python,s1931,8a813da6bcb511316d0a64c7d87a61c37e72fa068b209003e5c4372cd77084a8,training_runtime_record
v2|S3|overall|xgboost,overall,S3,xgboost,eedca2823b66585285a53cc8acc88f099f86bbe0070693d18660f54e237de89d,s0298,223fc557941c776d210a2b7955ed5f387e42d4e1e8df02dc1648380a1c98dd8c,lineage,core_model_optimization_v2,lineage,s1936,aa25a74ee914117a4aa1a45c74a15b0d6a65a0fbaeb825c2a10c33706360362c,task_record
v2|S3|overall|xgboost,overall,S3,xgboost,eedca2823b66585285a53cc8acc88f099f86bbe0070693d18660f54e237de89d,s0298,223fc557941c776d210a2b7955ed5f387e42d4e1e8df02dc1648380a1c98dd8c,configuration,"{""source_trial_number"":317,""params"":{""max_depth"":8,""learning_rate"":0.007941885135492715,""subsample"":0.8405017063304172,""colsample_bytree"":0.730828365266099,""min_child_weight"":1.6086236280560222,""reg_alpha"":0.003929292623579659,""reg_lambda"":0.3440731833556048,""scale_pos_weight"":1.0},""revalidated_median_best_iteration"":1245,""final_development_monitor_fold"":4,""final_refit_iterations"":1162,""final_refit_rows"":24784,""validation_2024_fit_rows"":0,""validation_2024_monitor_rows"":0}",locked_configuration,s1936,aa25a74ee914117a4aa1a45c74a15b0d6a65a0fbaeb825c2a10c33706360362c,recorded_locked_configuration
v2|S3|overall|xgboost,overall,S3,xgboost,eedca2823b66585285a53cc8acc88f099f86bbe0070693d18660f54e237de89d,s0298,223fc557941c776d210a2b7955ed5f387e42d4e1e8df02dc1648380a1c98dd8c,final_refit_rows,24784,locked_configuration.final_refit_rows,s1936,aa25a74ee914117a4aa1a45c74a15b0d6a65a0fbaeb825c2a10c33706360362c,recorded_locked_configuration
v2|S3|overall|xgboost,overall,S3,xgboost,eedca2823b66585285a53cc8acc88f099f86bbe0070693d18660f54e237de89d,s0298,223fc557941c776d210a2b7955ed5f387e42d4e1e8df02dc1648380a1c98dd8c,final_refit_iterations,1162,locked_configuration.final_refit_iterations,s1936,aa25a74ee914117a4aa1a45c74a15b0d6a65a0fbaeb825c2a10c33706360362c,recorded_locked_configuration
v2|S3|overall|xgboost,overall,S3,xgboost,eedca2823b66585285a53cc8acc88f099f86bbe0070693d18660f54e237de89d,s0298,223fc557941c776d210a2b7955ed5f387e42d4e1e8df02dc1648380a1c98dd8c,runtime_packages,"{""numpy"":""2.0.2"",""pandas"":""2.3.3"",""scikit-learn"":""1.6.1"",""imbalanced-learn"":""0.14.1"",""xgboost"":""3.2.0"",""lightgbm"":""4.6.0"",""catboost"":""1.2.10"",""optuna"":""4.9.0"",""joblib"":""1.5.3""}",runtime.packages,s1937,db11a09006df363d4d5542c143360f4313c0fde59fdde124e8797f16ba98f5d3,training_runtime_record
v2|S3|overall|xgboost,overall,S3,xgboost,eedca2823b66585285a53cc8acc88f099f86bbe0070693d18660f54e237de89d,s0298,223fc557941c776d210a2b7955ed5f387e42d4e1e8df02dc1648380a1c98dd8c,runtime_python,3.12.13,runtime.python,s1937,db11a09006df363d4d5542c143360f4313c0fde59fdde124e8797f16ba98f5d3,training_runtime_record
v2|S3|overall|lightgbm,overall,S3,lightgbm,8082db988bdef12433f8558feb33b8789e923b4fcf8ec0e75097a350852489d1,s0286,dfc6bebce3279ed626e64631851c46cd3cf04bbdc292dcaee9d7fd96650d4956,lineage,core_model_optimization_v2,lineage,s1942,6786ce4f664b32853851ce2ef0ef243f28eff3ebbe4bb7198ab32bf329df14d4,task_record
v2|S3|overall|lightgbm,overall,S3,lightgbm,8082db988bdef12433f8558feb33b8789e923b4fcf8ec0e75097a350852489d1,s0286,dfc6bebce3279ed626e64631851c46cd3cf04bbdc292dcaee9d7fd96650d4956,configuration,"{""source_trial_number"":394,""params"":{""num_leaves"":33,""max_depth"":8,""learning_rate"":0.00893159063122451,""subsample"":0.5455696569434498,""colsample_bytree"":0.4004417299818492,""min_child_samples"":16,""reg_alpha"":0.2920684035573563,""reg_lambda"":0.0072907012222216535,""scale_pos_weight"":1.0},""revalidated_median_best_iteration"":1557,""final_development_monitor_fold"":4,""final_refit_iterations"":1576,""final_refit_rows"":24784,""validation_2024_fit_rows"":0,""validation_2024_monitor_rows"":0}",locked_configuration,s1942,6786ce4f664b32853851ce2ef0ef243f28eff3ebbe4bb7198ab32bf329df14d4,recorded_locked_configuration
v2|S3|overall|lightgbm,overall,S3,lightgbm,8082db988bdef12433f8558feb33b8789e923b4fcf8ec0e75097a350852489d1,s0286,dfc6bebce3279ed626e64631851c46cd3cf04bbdc292dcaee9d7fd96650d4956,final_refit_rows,24784,locked_configuration.final_refit_rows,s1942,6786ce4f664b32853851ce2ef0ef243f28eff3ebbe4bb7198ab32bf329df14d4,recorded_locked_configuration
v2|S3|overall|lightgbm,overall,S3,lightgbm,8082db988bdef12433f8558feb33b8789e923b4fcf8ec0e75097a350852489d1,s0286,dfc6bebce3279ed626e64631851c46cd3cf04bbdc292dcaee9d7fd96650d4956,final_refit_iterations,1576,locked_configuration.final_refit_iterations,s1942,6786ce4f664b32853851ce2ef0ef243f28eff3ebbe4bb7198ab32bf329df14d4,recorded_locked_configuration
v2|S3|overall|lightgbm,overall,S3,lightgbm,8082db988bdef12433f8558feb33b8789e923b4fcf8ec0e75097a350852489d1,s0286,dfc6bebce3279ed626e64631851c46cd3cf04bbdc292dcaee9d7fd96650d4956,runtime_packages,"{""numpy"":""2.0.2"",""pandas"":""2.3.3"",""scikit-learn"":""1.6.1"",""imbalanced-learn"":""0.14.1"",""xgboost"":""3.2.0"",""lightgbm"":""4.6.0"",""catboost"":""1.2.10"",""optuna"":""4.9.0"",""joblib"":""1.5.3""}",runtime.packages,s1943,0ebcf7297e9cf2f0892644ca205b862919fc3c69b6ba39c0376169710b4a4b8a,training_runtime_record
v2|S3|overall|lightgbm,overall,S3,lightgbm,8082db988bdef12433f8558feb33b8789e923b4fcf8ec0e75097a350852489d1,s0286,dfc6bebce3279ed626e64631851c46cd3cf04bbdc292dcaee9d7fd96650d4956,runtime_python,3.12.13,runtime.python,s1943,0ebcf7297e9cf2f0892644ca205b862919fc3c69b6ba39c0376169710b4a4b8a,training_runtime_record
v2|S3|overall|bert_finetuned,overall,S3,bert_finetuned,c349d9332160a252bc5f8130d62300422d746be82a9fba6086d8e3cce32d0c4d,s0279,cf3dbe1fa0f6806c0adc6a2fb77717d583d8ad23227e80580ff37ac0da8a18dc,runtime_python,3.12.13,runtime.python,s1949,083cb9feaac4fec7e1dde6b8b1127bd359c4c20d0a0d9ae34999a8389971ec9a,training_runtime_record
v2|S3|overall|bert_finetuned,overall,S3,bert_finetuned,c349d9332160a252bc5f8130d62300422d746be82a9fba6086d8e3cce32d0c4d,s0279,cf3dbe1fa0f6806c0adc6a2fb77717d583d8ad23227e80580ff37ac0da8a18dc,seed,20260715,seed,s1959,85e92a74acdae7b82acced6ef6586c6be71247f091fad97960f8563a9832acc7,task_record
v2|S3|overall|bert_finetuned,overall,S3,bert_finetuned,c349d9332160a252bc5f8130d62300422d746be82a9fba6086d8e3cce32d0c4d,s0279,cf3dbe1fa0f6806c0adc6a2fb77717d583d8ad23227e80580ff37ac0da8a18dc,version,1.0,version,s1964,90c7d851c51fcfe895df307e601bc85d4d3c820a367abb78c3c84643d942d4ca,task_record
v2|S3|overall|bert_finetuned,overall,S3,bert_finetuned,c349d9332160a252bc5f8130d62300422d746be82a9fba6086d8e3cce32d0c4d,s0279,cf3dbe1fa0f6806c0adc6a2fb77717d583d8ad23227e80580ff37ac0da8a18dc,backend,tokenizers,backend,s1965,035996d5b54a8c1c1ef3906781f5d6af5080493ccb35e89f66a9fb5e97f1c0b8,task_record
v2|S3|overall|mlp_plr,overall,S3,mlp_plr,e9710da9cdfbbdc32a708809809226fe42b1ece779dac0e949f1614d84cf5ee6,s0290,793f54d26cc392533635cba51601baa6676679a6f5f026d3c22dcd440b095733,runtime_python,3.12.13,runtime.python,s1970,3ff1d3ae0454a4674cbb8b6982229a98d6383855c7f7a1a1bfe707bc8fcb1319,training_runtime_record
v2|S3|overall|mlp_plr,overall,S3,mlp_plr,e9710da9cdfbbdc32a708809809226fe42b1ece779dac0e949f1614d84cf5ee6,s0290,793f54d26cc392533635cba51601baa6676679a6f5f026d3c22dcd440b095733,seed,20260715,seed,s1980,a620558b1d4e0325c82b9f5c5897742c0ed5abbdc53d8794a2c949fd314d1a26,task_record
v2|S3|overall|ft_transformer,overall,S3,ft_transformer,eded06d57718297bcef7ae1352bd864f342299832e3feb2f4c1add96a501e7a3,s0285,b95489c7ca0e80bc38e33aab71f2a60d1ae7de0d37696dbed14411b616962101,runtime_python,3.12.13,runtime.python,s1987,75233abd4ad22c456edd705ba45bfcf31d49e9d6f67b5030d88748301219b2a8,training_runtime_record
v2|S3|overall|ft_transformer,overall,S3,ft_transformer,eded06d57718297bcef7ae1352bd864f342299832e3feb2f4c1add96a501e7a3,s0285,b95489c7ca0e80bc38e33aab71f2a60d1ae7de0d37696dbed14411b616962101,seed,20260715,seed,s2009,fd981ffeb22802e98a60f9896d4d591e32daf5a7eb70214804cc927a03e4254a,task_record
v2|S3|overall|cnn_1d,overall,S3,cnn_1d,f22194e07fcf6f9be356de042a18ff5749d812900bc74a39da8da3a6c6d0dbb9,s0283,ec009587294ca01b3b58bd06e1d7da3d869b6e74652e2ff7138f5736b108b4ba,runtime_python,3.12.13,runtime.python,s2017,f3e716b181f01cfc569df8cc683b9d1f62a5bcecd914734e1cc388ba31dc0b6b,training_runtime_record
v2|S3|overall|tabpfn,overall,S3,tabpfn,efdc3ab701f05bf5f0ba652f31282c702bb55ce9c31508f9eb6f7d3b12a6bb97,s0296,bdf1524b2144df495d9939ca22fdfd3f9216ef86e3e5788262dc0db5b0c08e8b,lineage,core_model_optimization_v2,lineage,s2024,d33e2c95c873a4069f978adf10ece1c346c4796f4c79a3b93c4a5197440e50e6,task_record
v2|S3|overall|tabpfn,overall,S3,tabpfn,efdc3ab701f05bf5f0ba652f31282c702bb55ce9c31508f9eb6f7d3b12a6bb97,s0296,bdf1524b2144df495d9939ca22fdfd3f9216ef86e3e5788262dc0db5b0c08e8b,configuration,"{""feature_count"":128,""context_row_policy"":""full_or_model_limit"",""preprocessing"":""median_indicator"",""context_bagging"":""prevalence_stratified"",""estimator_count"":1,""bag_count"":1,""config_sha256"":""01016f6ffc89e8e8d22ce3836d62a529c41381b076c9509db0557b3c42a32c61""}",locked_configuration,s2025,60a15afbd60388f1a369787004be64d26ddb4031ae4d281efc21a49868bb2192,recorded_locked_configuration
v2|S3|overall|tabpfn,overall,S3,tabpfn,efdc3ab701f05bf5f0ba652f31282c702bb55ce9c31508f9eb6f7d3b12a6bb97,s0296,bdf1524b2144df495d9939ca22fdfd3f9216ef86e3e5788262dc0db5b0c08e8b,context_row_policy,full_or_model_limit,locked_configuration.context_row_policy,s2025,60a15afbd60388f1a369787004be64d26ddb4031ae4d281efc21a49868bb2192,recorded_locked_configuration
v2|S3|overall|tabpfn,overall,S3,tabpfn,efdc3ab701f05bf5f0ba652f31282c702bb55ce9c31508f9eb6f7d3b12a6bb97,s0296,bdf1524b2144df495d9939ca22fdfd3f9216ef86e3e5788262dc0db5b0c08e8b,estimator_count,1,locked_configuration.estimator_count,s2025,60a15afbd60388f1a369787004be64d26ddb4031ae4d281efc21a49868bb2192,recorded_locked_configuration
v2|S3|overall|tabpfn,overall,S3,tabpfn,efdc3ab701f05bf5f0ba652f31282c702bb55ce9c31508f9eb6f7d3b12a6bb97,s0296,bdf1524b2144df495d9939ca22fdfd3f9216ef86e3e5788262dc0db5b0c08e8b,bag_count,1,locked_configuration.bag_count,s2025,60a15afbd60388f1a369787004be64d26ddb4031ae4d281efc21a49868bb2192,recorded_locked_configuration
v2|S3|overall|tabpfn,overall,S3,tabpfn,efdc3ab701f05bf5f0ba652f31282c702bb55ce9c31508f9eb6f7d3b12a6bb97,s0296,bdf1524b2144df495d9939ca22fdfd3f9216ef86e3e5788262dc0db5b0c08e8b,preprocessing,median_indicator,locked_configuration.preprocessing,s2025,60a15afbd60388f1a369787004be64d26ddb4031ae4d281efc21a49868bb2192,recorded_locked_configuration
v2|S3|overall|tabpfn,overall,S3,tabpfn,efdc3ab701f05bf5f0ba652f31282c702bb55ce9c31508f9eb6f7d3b12a6bb97,s0296,bdf1524b2144df495d9939ca22fdfd3f9216ef86e3e5788262dc0db5b0c08e8b,runtime_packages,"{""numpy"":""2.0.2"",""pandas"":""2.3.3"",""scikit-learn"":""1.6.1"",""imbalanced-learn"":""0.14.1"",""xgboost"":""3.2.0"",""lightgbm"":""4.6.0"",""catboost"":""1.2.10"",""optuna"":""4.9.0"",""joblib"":""1.5.3""}",runtime.packages,s2026,65e0de1b5c2bd3fcd28c1541a1e946f937b714985cc8bf7bd891966f1e3bc86b,training_runtime_record
v2|S3|overall|tabpfn,overall,S3,tabpfn,efdc3ab701f05bf5f0ba652f31282c702bb55ce9c31508f9eb6f7d3b12a6bb97,s0296,bdf1524b2144df495d9939ca22fdfd3f9216ef86e3e5788262dc0db5b0c08e8b,runtime_device,cuda,runtime.device,s2026,65e0de1b5c2bd3fcd28c1541a1e946f937b714985cc8bf7bd891966f1e3bc86b,training_runtime_record
v2|S3|overall|tabicl,overall,S3,tabicl,9abe0101079f122a2f97b905320a2a7391bef86fba472ae80354954e890b8ecc,s0295,d157373f0a1b0f2113a7d6afb4382f35181d4cf52d8bb898044eefbe6356e7b6,lineage,core_model_optimization_v2,lineage,s2031,dae8bf56ceeddd39b8ed6582f21f98ea00118a919e6d6f5062fc6bc454dbf7b9,task_record
v2|S3|overall|tabicl,overall,S3,tabicl,9abe0101079f122a2f97b905320a2a7391bef86fba472ae80354954e890b8ecc,s0295,d157373f0a1b0f2113a7d6afb4382f35181d4cf52d8bb898044eefbe6356e7b6,configuration,"{""feature_count"":64,""context_row_policy"":""full_or_model_limit"",""preprocessing"":""robust_indicator"",""context_bagging"":""prevalence_stratified"",""estimator_count"":1,""bag_count"":4,""config_sha256"":""3edd31439f4ba82211b1944bbdb6f6d02eadcef914f757cc1bee593fd3bfb510""}",locked_configuration,s2032,0352b89081a876d1dca9045d0af114e54a442fcabf652bc8b618975e8bfe853d,recorded_locked_configuration
v2|S3|overall|tabicl,overall,S3,tabicl,9abe0101079f122a2f97b905320a2a7391bef86fba472ae80354954e890b8ecc,s0295,d157373f0a1b0f2113a7d6afb4382f35181d4cf52d8bb898044eefbe6356e7b6,context_row_policy,full_or_model_limit,locked_configuration.context_row_policy,s2032,0352b89081a876d1dca9045d0af114e54a442fcabf652bc8b618975e8bfe853d,recorded_locked_configuration
v2|S3|overall|tabicl,overall,S3,tabicl,9abe0101079f122a2f97b905320a2a7391bef86fba472ae80354954e890b8ecc,s0295,d157373f0a1b0f2113a7d6afb4382f35181d4cf52d8bb898044eefbe6356e7b6,estimator_count,1,locked_configuration.estimator_count,s2032,0352b89081a876d1dca9045d0af114e54a442fcabf652bc8b618975e8bfe853d,recorded_locked_configuration
v2|S3|overall|tabicl,overall,S3,tabicl,9abe0101079f122a2f97b905320a2a7391bef86fba472ae80354954e890b8ecc,s0295,d157373f0a1b0f2113a7d6afb4382f35181d4cf52d8bb898044eefbe6356e7b6,bag_count,4,locked_configuration.bag_count,s2032,0352b89081a876d1dca9045d0af114e54a442fcabf652bc8b618975e8bfe853d,recorded_locked_configuration
v2|S3|overall|tabicl,overall,S3,tabicl,9abe0101079f122a2f97b905320a2a7391bef86fba472ae80354954e890b8ecc,s0295,d157373f0a1b0f2113a7d6afb4382f35181d4cf52d8bb898044eefbe6356e7b6,preprocessing,robust_indicator,locked_configuration.preprocessing,s2032,0352b89081a876d1dca9045d0af114e54a442fcabf652bc8b618975e8bfe853d,recorded_locked_configuration
v2|S3|overall|tabicl,overall,S3,tabicl,9abe0101079f122a2f97b905320a2a7391bef86fba472ae80354954e890b8ecc,s0295,d157373f0a1b0f2113a7d6afb4382f35181d4cf52d8bb898044eefbe6356e7b6,runtime_packages,"{""numpy"":""2.0.2"",""pandas"":""2.3.3"",""scikit-learn"":""1.6.1"",""imbalanced-learn"":""0.14.1"",""xgboost"":""3.2.0"",""lightgbm"":""4.6.0"",""catboost"":""1.2.10"",""optuna"":""4.9.0"",""joblib"":""1.5.3""}",runtime.packages,s2033,f0e751e7e6af3828144db2c35ed23f0724c26da8e682588f87734000c3b14621,training_runtime_record
v2|S3|overall|tabicl,overall,S3,tabicl,9abe0101079f122a2f97b905320a2a7391bef86fba472ae80354954e890b8ecc,s0295,d157373f0a1b0f2113a7d6afb4382f35181d4cf52d8bb898044eefbe6356e7b6,runtime_device,cuda,runtime.device,s2033,f0e751e7e6af3828144db2c35ed23f0724c26da8e682588f87734000c3b14621,training_runtime_record
v2|S3|overall|tabicl,overall,S3,tabicl,9abe0101079f122a2f97b905320a2a7391bef86fba472ae80354954e890b8ecc,s0295,d157373f0a1b0f2113a7d6afb4382f35181d4cf52d8bb898044eefbe6356e7b6,seed,20260716,result.seed,s2038,6079a10e25839ca4a0804c0e38e744da9ad1e72663ef618dc816329f0e4fa7d0,actual_final_checkpoint
v2|S3|overall|stacking,overall,S3,stacking,7b5d537f722067ee0bb835978e95ad42d9a3bf887c84aac5b2d488f5f2092444,s0293,83d840eb2cf2f2c9cbf4aeb8755f29f67bc474070d7abd6d90e5c4e9054825f2,runtime_python,3.13.11,runtime.python,s2040,2c927f5ef3519d7487fae8671cdfa1f419e44d27264fba3fe800676237465fe4,training_runtime_record
v2|S3|overall|stacking,overall,S3,stacking,7b5d537f722067ee0bb835978e95ad42d9a3bf887c84aac5b2d488f5f2092444,s0293,83d840eb2cf2f2c9cbf4aeb8755f29f67bc474070d7abd6d90e5c4e9054825f2,stack_member_order,"[""logistic_l2"",""catboost"",""xgboost"",""lightgbm"",""balanced_random_forest"",""bert_finetuned"",""mlp_plr"",""ft_transformer"",""cnn_1d"",""tabpfn_finetuned"",""tabicl""]",feature_order,s2041,55bb8bb2a351a153c2cb21494cc38e32678370d3fef1e258b4800bf5a82283b6,sealed_stack_input_order
v2|S4|overall|rSI_sMS,overall,S4,rSI_sMS,221b4d8eec9abebf0c92b4f9233b1ea46c79c61d1d4fc978d2b2410f3f165765,s0312,585e4c8c35bf22c2ff5847f560830d8e073acde44fffafb20cc3dddfa609c747,seed,20260710,seed,s2049,8978b71c5db8f4bf34d0ca6c8eb55a1d9fa8ea3fa62c14299aae76a7328c6461,task_record
v2|S4|overall|rSI_sMS,overall,S4,rSI_sMS,221b4d8eec9abebf0c92b4f9233b1ea46c79c61d1d4fc978d2b2410f3f165765,s0312,585e4c8c35bf22c2ff5847f560830d8e073acde44fffafb20cc3dddfa609c747,runtime_packages,"{""numpy"":""2.4.4"",""pandas"":""2.3.3"",""scikit-learn"":""1.8.0"",""imbalanced-learn"":""0.14.2"",""xgboost"":""3.2.0"",""lightgbm"":""4.6.0"",""catboost"":""1.2.10"",""optuna"":""4.9.0"",""joblib"":""1.5.3""}",runtime.packages,s2050,8c8c57db07cdb0620858d945559bdc9a2eae951c52979bded406d82c92e3c95a,training_runtime_record
v2|S4|overall|rSI_sMS,overall,S4,rSI_sMS,221b4d8eec9abebf0c92b4f9233b1ea46c79c61d1d4fc978d2b2410f3f165765,s0312,585e4c8c35bf22c2ff5847f560830d8e073acde44fffafb20cc3dddfa609c747,runtime_python,3.12.13,runtime.python,s2050,8c8c57db07cdb0620858d945559bdc9a2eae951c52979bded406d82c92e3c95a,training_runtime_record
v2|S4|overall|logistic_regression,overall,S4,logistic_regression,b0ef40db269b3a0dfb46fa182bc4bbc814b5e3ba19221c81bcce4bdbf01ece08,s0309,1fdd46cbe114c2e1536742b4049332bcc71f259ccf55b3952399f4e6d8f8d03b,seed,20260710,seed,s2055,ff44a97956fa7343650a67b2eaaa4bfe227baef2e930d139059a7618b2c41128,task_record
v2|S4|overall|logistic_regression,overall,S4,logistic_regression,b0ef40db269b3a0dfb46fa182bc4bbc814b5e3ba19221c81bcce4bdbf01ece08,s0309,1fdd46cbe114c2e1536742b4049332bcc71f259ccf55b3952399f4e6d8f8d03b,runtime_packages,"{""numpy"":""2.4.4"",""pandas"":""2.3.3"",""scikit-learn"":""1.8.0"",""imbalanced-learn"":""0.14.2"",""xgboost"":""3.2.0"",""lightgbm"":""4.6.0"",""catboost"":""1.2.10"",""optuna"":""4.9.0"",""joblib"":""1.5.3""}",runtime.packages,s2056,cb2547a37ae6852df00c2c1ff171161c3b4fa24d3376e58a917f87da1da22d14,training_runtime_record
v2|S4|overall|logistic_regression,overall,S4,logistic_regression,b0ef40db269b3a0dfb46fa182bc4bbc814b5e3ba19221c81bcce4bdbf01ece08,s0309,1fdd46cbe114c2e1536742b4049332bcc71f259ccf55b3952399f4e6d8f8d03b,runtime_python,3.12.13,runtime.python,s2056,cb2547a37ae6852df00c2c1ff171161c3b4fa24d3376e58a917f87da1da22d14,training_runtime_record
v2|S4|overall|catboost,overall,S4,catboost,c618b402ba9e650507dfed8c0e4a98df43a721218cdbb5a23a07031af6c85409,s0302,5256e63290b8b09ec6e02bbc8b8e40cc29e18090a6bee367ceb33c79fee38c52,lineage,core_model_optimization_v2,lineage,s2061,846f7169fef468dfcd71b4d872432e69acd36e278f63d4c9fd4fedc0dee99afa,task_record
v2|S4|overall|catboost,overall,S4,catboost,c618b402ba9e650507dfed8c0e4a98df43a721218cdbb5a23a07031af6c85409,s0302,5256e63290b8b09ec6e02bbc8b8e40cc29e18090a6bee367ceb33c79fee38c52,configuration,"{""source_trial_number"":241,""params"":{""depth"":7,""learning_rate"":0.007066399832023712,""l2_leaf_reg"":57.67491190322269,""random_strength"":10.463830596866972,""bagging_temperature"":0.8723631117522399,""scale_pos_weight"":3.0},""revalidated_median_best_iteration"":3114,""final_development_monitor_fold"":4,""final_refit_iterations"":2894,""final_refit_rows"":24784,""validation_2024_fit_rows"":0,""validation_2024_monitor_rows"":0}",locked_configuration,s2061,846f7169fef468dfcd71b4d872432e69acd36e278f63d4c9fd4fedc0dee99afa,recorded_locked_configuration
v2|S4|overall|catboost,overall,S4,catboost,c618b402ba9e650507dfed8c0e4a98df43a721218cdbb5a23a07031af6c85409,s0302,5256e63290b8b09ec6e02bbc8b8e40cc29e18090a6bee367ceb33c79fee38c52,final_refit_rows,24784,locked_configuration.final_refit_rows,s2061,846f7169fef468dfcd71b4d872432e69acd36e278f63d4c9fd4fedc0dee99afa,recorded_locked_configuration
v2|S4|overall|catboost,overall,S4,catboost,c618b402ba9e650507dfed8c0e4a98df43a721218cdbb5a23a07031af6c85409,s0302,5256e63290b8b09ec6e02bbc8b8e40cc29e18090a6bee367ceb33c79fee38c52,final_refit_iterations,2894,locked_configuration.final_refit_iterations,s2061,846f7169fef468dfcd71b4d872432e69acd36e278f63d4c9fd4fedc0dee99afa,recorded_locked_configuration
v2|S4|overall|catboost,overall,S4,catboost,c618b402ba9e650507dfed8c0e4a98df43a721218cdbb5a23a07031af6c85409,s0302,5256e63290b8b09ec6e02bbc8b8e40cc29e18090a6bee367ceb33c79fee38c52,runtime_packages,"{""numpy"":""2.0.2"",""pandas"":""2.3.3"",""scikit-learn"":""1.6.1"",""imbalanced-learn"":""0.14.1"",""xgboost"":""3.2.0"",""lightgbm"":""4.6.0"",""catboost"":""1.2.10"",""optuna"":""4.9.0"",""joblib"":""1.5.3""}",runtime.packages,s2062,3fa3e87b09e16200b10589e67ff457f8ef69da5849980fc3f3df1b6a40435843,training_runtime_record
v2|S4|overall|catboost,overall,S4,catboost,c618b402ba9e650507dfed8c0e4a98df43a721218cdbb5a23a07031af6c85409,s0302,5256e63290b8b09ec6e02bbc8b8e40cc29e18090a6bee367ceb33c79fee38c52,runtime_python,3.12.13,runtime.python,s2062,3fa3e87b09e16200b10589e67ff457f8ef69da5849980fc3f3df1b6a40435843,training_runtime_record
v2|S4|overall|xgboost,overall,S4,xgboost,0e9d3baa3729d39a0833e77fad2d2097fd00a8178868071d2f41d1526b027cac,s0319,bb8253e68c0064994a2e5a888ef54a756e122de8a9d9ffb02d4ec3d111924628,lineage,core_model_optimization_v2,lineage,s2067,ba9e4f9633b397124b912f055872b081c5bf5d3f5c53929a5b1e60641bf5c7b0,task_record
v2|S4|overall|xgboost,overall,S4,xgboost,0e9d3baa3729d39a0833e77fad2d2097fd00a8178868071d2f41d1526b027cac,s0319,bb8253e68c0064994a2e5a888ef54a756e122de8a9d9ffb02d4ec3d111924628,configuration,"{""source_trial_number"":197,""params"":{""max_depth"":5,""learning_rate"":0.01008191530473691,""subsample"":0.7596997751865272,""colsample_bytree"":0.42166059734828126,""min_child_weight"":4.0092145320671095,""reg_alpha"":0.0007843824047304113,""reg_lambda"":0.06125799491355523,""scale_pos_weight"":1.0},""revalidated_median_best_iteration"":1249,""final_development_monitor_fold"":4,""final_refit_iterations"":1243,""final_refit_rows"":24784,""validation_2024_fit_rows"":0,""validation_2024_monitor_rows"":0}",locked_configuration,s2067,ba9e4f9633b397124b912f055872b081c5bf5d3f5c53929a5b1e60641bf5c7b0,recorded_locked_configuration
v2|S4|overall|xgboost,overall,S4,xgboost,0e9d3baa3729d39a0833e77fad2d2097fd00a8178868071d2f41d1526b027cac,s0319,bb8253e68c0064994a2e5a888ef54a756e122de8a9d9ffb02d4ec3d111924628,final_refit_rows,24784,locked_configuration.final_refit_rows,s2067,ba9e4f9633b397124b912f055872b081c5bf5d3f5c53929a5b1e60641bf5c7b0,recorded_locked_configuration
v2|S4|overall|xgboost,overall,S4,xgboost,0e9d3baa3729d39a0833e77fad2d2097fd00a8178868071d2f41d1526b027cac,s0319,bb8253e68c0064994a2e5a888ef54a756e122de8a9d9ffb02d4ec3d111924628,final_refit_iterations,1243,locked_configuration.final_refit_iterations,s2067,ba9e4f9633b397124b912f055872b081c5bf5d3f5c53929a5b1e60641bf5c7b0,recorded_locked_configuration
v2|S4|overall|xgboost,overall,S4,xgboost,0e9d3baa3729d39a0833e77fad2d2097fd00a8178868071d2f41d1526b027cac,s0319,bb8253e68c0064994a2e5a888ef54a756e122de8a9d9ffb02d4ec3d111924628,runtime_packages,"{""numpy"":""2.0.2"",""pandas"":""2.3.3"",""scikit-learn"":""1.6.1"",""imbalanced-learn"":""0.14.1"",""xgboost"":""3.2.0"",""lightgbm"":""4.6.0"",""catboost"":""1.2.10"",""optuna"":""4.9.0"",""joblib"":""1.5.3""}",runtime.packages,s2068,76caf957ea34cd096d7a8e6347f5720f94bd357bd914aacbf68ebf58d59db6c6,training_runtime_record
v2|S4|overall|xgboost,overall,S4,xgboost,0e9d3baa3729d39a0833e77fad2d2097fd00a8178868071d2f41d1526b027cac,s0319,bb8253e68c0064994a2e5a888ef54a756e122de8a9d9ffb02d4ec3d111924628,runtime_python,3.12.13,runtime.python,s2068,76caf957ea34cd096d7a8e6347f5720f94bd357bd914aacbf68ebf58d59db6c6,training_runtime_record
v2|S4|overall|lightgbm,overall,S4,lightgbm,a3227e5ca50afb6628828f71897168ae801a59f8ef2ed31ce4c4bad1d9641b8c,s0307,35fc09a7e19178f1c083ad45294590a9f01259dec4ef874649d2b598c2393213,lineage,core_model_optimization_v2,lineage,s2073,705f8c1597e2645341256abe6a2a660704ceb0282f34f89f7d9a95c5d4d9e5f0,task_record
v2|S4|overall|lightgbm,overall,S4,lightgbm,a3227e5ca50afb6628828f71897168ae801a59f8ef2ed31ce4c4bad1d9641b8c,s0307,35fc09a7e19178f1c083ad45294590a9f01259dec4ef874649d2b598c2393213,configuration,"{""source_trial_number"":287,""params"":{""num_leaves"":35,""max_depth"":12,""learning_rate"":0.007973186073573798,""subsample"":0.5001756901180909,""colsample_bytree"":0.4100138922058776,""min_child_samples"":39,""reg_alpha"":0.000262200621381791,""reg_lambda"":0.027101859398393522,""scale_pos_weight"":1.0},""revalidated_median_best_iteration"":912,""final_development_monitor_fold"":4,""final_refit_iterations"":958,""final_refit_rows"":24784,""validation_2024_fit_rows"":0,""validation_2024_monitor_rows"":0}",locked_configuration,s2073,705f8c1597e2645341256abe6a2a660704ceb0282f34f89f7d9a95c5d4d9e5f0,recorded_locked_configuration
v2|S4|overall|lightgbm,overall,S4,lightgbm,a3227e5ca50afb6628828f71897168ae801a59f8ef2ed31ce4c4bad1d9641b8c,s0307,35fc09a7e19178f1c083ad45294590a9f01259dec4ef874649d2b598c2393213,final_refit_rows,24784,locked_configuration.final_refit_rows,s2073,705f8c1597e2645341256abe6a2a660704ceb0282f34f89f7d9a95c5d4d9e5f0,recorded_locked_configuration
v2|S4|overall|lightgbm,overall,S4,lightgbm,a3227e5ca50afb6628828f71897168ae801a59f8ef2ed31ce4c4bad1d9641b8c,s0307,35fc09a7e19178f1c083ad45294590a9f01259dec4ef874649d2b598c2393213,final_refit_iterations,958,locked_configuration.final_refit_iterations,s2073,705f8c1597e2645341256abe6a2a660704ceb0282f34f89f7d9a95c5d4d9e5f0,recorded_locked_configuration
v2|S4|overall|lightgbm,overall,S4,lightgbm,a3227e5ca50afb6628828f71897168ae801a59f8ef2ed31ce4c4bad1d9641b8c,s0307,35fc09a7e19178f1c083ad45294590a9f01259dec4ef874649d2b598c2393213,runtime_packages,"{""numpy"":""2.0.2"",""pandas"":""2.3.3"",""scikit-learn"":""1.6.1"",""imbalanced-learn"":""0.14.1"",""xgboost"":""3.2.0"",""lightgbm"":""4.6.0"",""catboost"":""1.2.10"",""optuna"":""4.9.0"",""joblib"":""1.5.3""}",runtime.packages,s2074,9fa7560ff268c103b9ae9291d684dca6cfaef498f0d7268030bf9604f8ec0dc6,training_runtime_record
v2|S4|overall|lightgbm,overall,S4,lightgbm,a3227e5ca50afb6628828f71897168ae801a59f8ef2ed31ce4c4bad1d9641b8c,s0307,35fc09a7e19178f1c083ad45294590a9f01259dec4ef874649d2b598c2393213,runtime_python,3.12.13,runtime.python,s2074,9fa7560ff268c103b9ae9291d684dca6cfaef498f0d7268030bf9604f8ec0dc6,training_runtime_record
v2|S4|overall|bert_finetuned,overall,S4,bert_finetuned,3b70a36ecf79d777e704637b9418b100d2498d44709e754e80ee4241da8213d7,s0300,cdd9479cc01fde5f305551786ff3f7730bf2470284b82fb2d3830855f3e788dc,runtime_python,3.12.13,runtime.python,s2080,062af1d37e3eb0763bca91d30f514c4614ae739b34fe56c971bff2653aef6ea6,training_runtime_record
v2|S4|overall|bert_finetuned,overall,S4,bert_finetuned,3b70a36ecf79d777e704637b9418b100d2498d44709e754e80ee4241da8213d7,s0300,cdd9479cc01fde5f305551786ff3f7730bf2470284b82fb2d3830855f3e788dc,seed,20260715,seed,s2090,e91259065f5ca04aa6258f62e5189ff117996d6918594f0f5b5b8f1051cbda18,task_record
v2|S4|overall|bert_finetuned,overall,S4,bert_finetuned,3b70a36ecf79d777e704637b9418b100d2498d44709e754e80ee4241da8213d7,s0300,cdd9479cc01fde5f305551786ff3f7730bf2470284b82fb2d3830855f3e788dc,version,1.0,version,s2095,90c7d851c51fcfe895df307e601bc85d4d3c820a367abb78c3c84643d942d4ca,task_record
v2|S4|overall|bert_finetuned,overall,S4,bert_finetuned,3b70a36ecf79d777e704637b9418b100d2498d44709e754e80ee4241da8213d7,s0300,cdd9479cc01fde5f305551786ff3f7730bf2470284b82fb2d3830855f3e788dc,backend,tokenizers,backend,s2096,035996d5b54a8c1c1ef3906781f5d6af5080493ccb35e89f66a9fb5e97f1c0b8,task_record
v2|S4|overall|mlp_plr,overall,S4,mlp_plr,996d20795c5370582346041504b607ff69063d6a97c4f27722e77d1dc204c2a4,s0311,802e4d3c16e0236a3310f27c071edd6a963a96dec183ed132e29e9189d523336,runtime_python,3.12.13,runtime.python,s2101,750f20f0ebfd10cfc4770160e4a9c54f1dbdc9748ef113754e41948a115c75b1,training_runtime_record
v2|S4|overall|mlp_plr,overall,S4,mlp_plr,996d20795c5370582346041504b607ff69063d6a97c4f27722e77d1dc204c2a4,s0311,802e4d3c16e0236a3310f27c071edd6a963a96dec183ed132e29e9189d523336,seed,20260715,seed,s2111,8d78211ce038187f4583677c95448989714946aef92108323912f8f3bc90c305,task_record
v2|S4|overall|ft_transformer,overall,S4,ft_transformer,40af13ef784801d64fe5ce5c89ded21a95a7190f55547b6217f8df066f1f3aa5,s0306,040edae3034095e5064da8a0e30102d40d6e43f013caa6da3a9a206987b15769,runtime_python,3.12.13,runtime.python,s2118,801ee8ad61bd624648f3b8ebd7ab07985fba275e1777328bc02594f738ddf9e8,training_runtime_record
v2|S4|overall|ft_transformer,overall,S4,ft_transformer,40af13ef784801d64fe5ce5c89ded21a95a7190f55547b6217f8df066f1f3aa5,s0306,040edae3034095e5064da8a0e30102d40d6e43f013caa6da3a9a206987b15769,seed,20260715,seed,s2140,19499674182509cf3f9112d26f22bedd92d5b7f22f17f7d0bcf313cd550a95c9,task_record
v2|S4|overall|cnn_1d,overall,S4,cnn_1d,14ac5082876b92e746c4e98501a3deeb1c6cbe51b37da7b0f3561d059bc29824,s0304,476be01e434fe8372c8e69ebd71585c95d8beba7ce4ceb73bd07a0805e707764,runtime_python,3.12.13,runtime.python,s2148,5996229cd94dfc9fd352982788798fe33eac2eba7ad45ff6e4aa26489f182157,training_runtime_record
v2|S4|overall|tabpfn,overall,S4,tabpfn,6a4b0e442f927f934276679facdd546f7cc0863fd7cc151a8bc24304b11640a8,s0317,548f2a495a1360661d87b4d9909ea6e18d2043b6f65dfb277aaa83e54d1ffbf4,lineage,core_model_optimization_v2,lineage,s2155,955e470d0d26d411e3da8fdae8e8ed77c821462c1a385691ae890ff1e3a40611,task_record
v2|S4|overall|tabpfn,overall,S4,tabpfn,6a4b0e442f927f934276679facdd546f7cc0863fd7cc151a8bc24304b11640a8,s0317,548f2a495a1360661d87b4d9909ea6e18d2043b6f65dfb277aaa83e54d1ffbf4,configuration,"{""feature_count"":128,""context_row_policy"":""full_or_model_limit"",""preprocessing"":""median_indicator"",""context_bagging"":""prevalence_stratified"",""estimator_count"":1,""bag_count"":1,""config_sha256"":""01016f6ffc89e8e8d22ce3836d62a529c41381b076c9509db0557b3c42a32c61""}",locked_configuration,s2156,df21d91cba4e15b54ca0bc63df5ec6683c2e87430aa6278b9ddfeae504553b2f,recorded_locked_configuration
v2|S4|overall|tabpfn,overall,S4,tabpfn,6a4b0e442f927f934276679facdd546f7cc0863fd7cc151a8bc24304b11640a8,s0317,548f2a495a1360661d87b4d9909ea6e18d2043b6f65dfb277aaa83e54d1ffbf4,context_row_policy,full_or_model_limit,locked_configuration.context_row_policy,s2156,df21d91cba4e15b54ca0bc63df5ec6683c2e87430aa6278b9ddfeae504553b2f,recorded_locked_configuration
v2|S4|overall|tabpfn,overall,S4,tabpfn,6a4b0e442f927f934276679facdd546f7cc0863fd7cc151a8bc24304b11640a8,s0317,548f2a495a1360661d87b4d9909ea6e18d2043b6f65dfb277aaa83e54d1ffbf4,estimator_count,1,locked_configuration.estimator_count,s2156,df21d91cba4e15b54ca0bc63df5ec6683c2e87430aa6278b9ddfeae504553b2f,recorded_locked_configuration
v2|S4|overall|tabpfn,overall,S4,tabpfn,6a4b0e442f927f934276679facdd546f7cc0863fd7cc151a8bc24304b11640a8,s0317,548f2a495a1360661d87b4d9909ea6e18d2043b6f65dfb277aaa83e54d1ffbf4,bag_count,1,locked_configuration.bag_count,s2156,df21d91cba4e15b54ca0bc63df5ec6683c2e87430aa6278b9ddfeae504553b2f,recorded_locked_configuration
v2|S4|overall|tabpfn,overall,S4,tabpfn,6a4b0e442f927f934276679facdd546f7cc0863fd7cc151a8bc24304b11640a8,s0317,548f2a495a1360661d87b4d9909ea6e18d2043b6f65dfb277aaa83e54d1ffbf4,preprocessing,median_indicator,locked_configuration.preprocessing,s2156,df21d91cba4e15b54ca0bc63df5ec6683c2e87430aa6278b9ddfeae504553b2f,recorded_locked_configuration
v2|S4|overall|tabpfn,overall,S4,tabpfn,6a4b0e442f927f934276679facdd546f7cc0863fd7cc151a8bc24304b11640a8,s0317,548f2a495a1360661d87b4d9909ea6e18d2043b6f65dfb277aaa83e54d1ffbf4,runtime_packages,"{""numpy"":""2.0.2"",""pandas"":""2.3.3"",""scikit-learn"":""1.6.1"",""imbalanced-learn"":""0.14.1"",""xgboost"":""3.2.0"",""lightgbm"":""4.6.0"",""catboost"":""1.2.10"",""optuna"":""4.9.0"",""joblib"":""1.5.3""}",runtime.packages,s2157,1ad42c465355286138d8f6b44f0caa2911230dcc69c62ba3d571b2469387a202,training_runtime_record
v2|S4|overall|tabpfn,overall,S4,tabpfn,6a4b0e442f927f934276679facdd546f7cc0863fd7cc151a8bc24304b11640a8,s0317,548f2a495a1360661d87b4d9909ea6e18d2043b6f65dfb277aaa83e54d1ffbf4,runtime_device,cuda,runtime.device,s2157,1ad42c465355286138d8f6b44f0caa2911230dcc69c62ba3d571b2469387a202,training_runtime_record
v2|S4|overall|tabicl,overall,S4,tabicl,3d9ab080a1885d6cf7a1e6fa19f4c166acc58be7d3ad69186b47029f50e80ac9,s0316,12ad024ef2a72aa299c1d9d9d996f290181be8a20678940787a6224c7d08a815,configuration,"{""config_sha256"":""03119933dfddbe68165ed7fb3793b1858d413355aca4d8290c95f485c40d744e"",""estimator_count"":8}",locked_configuration,s2163,7f7fed42d17ddf724886a14c4cb8c8fc268a48d98983fbbb3545cf098cef747e,recorded_locked_configuration
v2|S4|overall|tabicl,overall,S4,tabicl,3d9ab080a1885d6cf7a1e6fa19f4c166acc58be7d3ad69186b47029f50e80ac9,s0316,12ad024ef2a72aa299c1d9d9d996f290181be8a20678940787a6224c7d08a815,estimator_count,8,locked_configuration.estimator_count,s2163,7f7fed42d17ddf724886a14c4cb8c8fc268a48d98983fbbb3545cf098cef747e,recorded_locked_configuration
v2|S4|overall|stacking,overall,S4,stacking,6b90e6d701591c4ce117a86d7a59993a243e27657f8c44bd84446ece304c128e,s0314,e23421eb334e22d0b88050c48855170e7e92bf8897da9eb2a878fd651b58dd1e,runtime_python,3.13.11,runtime.python,s2166,12c04d91701b61d618a04764a9f8300dccf746fc2d97c687caf2a7d3a6c8c6ef,training_runtime_record
v2|S4|overall|stacking,overall,S4,stacking,6b90e6d701591c4ce117a86d7a59993a243e27657f8c44bd84446ece304c128e,s0314,e23421eb334e22d0b88050c48855170e7e92bf8897da9eb2a878fd651b58dd1e,stack_member_order,"[""logistic_l2"",""catboost"",""xgboost"",""lightgbm"",""balanced_random_forest"",""bert_finetuned"",""mlp_plr"",""ft_transformer"",""cnn_1d"",""tabpfn_finetuned"",""tabicl""]",feature_order,s2167,1e66abc9daa68ad98188d87d12bd419972ccf9d4624dd1bdc582efda9e7cf7b3,sealed_stack_input_order
v2|S5|overall|rSI_sMS,overall,S5,rSI_sMS,9eb8e1f4ccc1a6bccee2b405f65298028e834f75104194195b1bad81d31f743a,s0333,d5916a048b133ae377534039000e70d5dc5bdb8e4ecef607cd49ba62553dcf3f,seed,20260710,seed,s2175,ae06bcd8aa72ff8a854bab5105bd2cd7c60c85dff197a975f8bb02a45ecd20a1,task_record
v2|S5|overall|rSI_sMS,overall,S5,rSI_sMS,9eb8e1f4ccc1a6bccee2b405f65298028e834f75104194195b1bad81d31f743a,s0333,d5916a048b133ae377534039000e70d5dc5bdb8e4ecef607cd49ba62553dcf3f,runtime_packages,"{""numpy"":""2.4.4"",""pandas"":""2.3.3"",""scikit-learn"":""1.8.0"",""imbalanced-learn"":""0.14.2"",""xgboost"":""3.2.0"",""lightgbm"":""4.6.0"",""catboost"":""1.2.10"",""optuna"":""4.9.0"",""joblib"":""1.5.3""}",runtime.packages,s2176,811c092ac4ec635078e5e952c845e8ac20325d8edabb8278b68ae15c1163c1dc,training_runtime_record
v2|S5|overall|rSI_sMS,overall,S5,rSI_sMS,9eb8e1f4ccc1a6bccee2b405f65298028e834f75104194195b1bad81d31f743a,s0333,d5916a048b133ae377534039000e70d5dc5bdb8e4ecef607cd49ba62553dcf3f,runtime_python,3.12.13,runtime.python,s2176,811c092ac4ec635078e5e952c845e8ac20325d8edabb8278b68ae15c1163c1dc,training_runtime_record
v2|S5|overall|logistic_regression,overall,S5,logistic_regression,c0c381ee72e5ad65f1a1a8717cce18e5deb14c6113aa4aaa75a076d72a7a4dc1,s0330,bdd413619e1dc85c58bdcf85b07208564dc14cff6747d8d6c285a20eb82f3ec0,seed,20260710,seed,s2181,1018c7fc342c23dd48db9c8681cdb71d6bc0f01b822caa8f23e38c5e2b00505b,task_record
v2|S5|overall|logistic_regression,overall,S5,logistic_regression,c0c381ee72e5ad65f1a1a8717cce18e5deb14c6113aa4aaa75a076d72a7a4dc1,s0330,bdd413619e1dc85c58bdcf85b07208564dc14cff6747d8d6c285a20eb82f3ec0,runtime_packages,"{""numpy"":""2.4.4"",""pandas"":""2.3.3"",""scikit-learn"":""1.8.0"",""imbalanced-learn"":""0.14.2"",""xgboost"":""3.2.0"",""lightgbm"":""4.6.0"",""catboost"":""1.2.10"",""optuna"":""4.9.0"",""joblib"":""1.5.3""}",runtime.packages,s2182,ef1d4aefcd3d8c0b28ea3d55c48abb273f4d25bc00c17fc9faa915990819b72e,training_runtime_record
v2|S5|overall|logistic_regression,overall,S5,logistic_regression,c0c381ee72e5ad65f1a1a8717cce18e5deb14c6113aa4aaa75a076d72a7a4dc1,s0330,bdd413619e1dc85c58bdcf85b07208564dc14cff6747d8d6c285a20eb82f3ec0,runtime_python,3.12.13,runtime.python,s2182,ef1d4aefcd3d8c0b28ea3d55c48abb273f4d25bc00c17fc9faa915990819b72e,training_runtime_record
v2|S5|overall|catboost,overall,S5,catboost,c84ad3b9ebb1e610c200c0f5862dae51cae7ffbf73caa18fafe32a0660a52d7d,s0323,ceb51afb5c9b32a7d39a094e6d517f20b78423ceed467f9edeed699a283c703a,lineage,core_model_optimization_v2,lineage,s2187,c79607a3c900819775f57b0d23d507406249e44cb97611275cfcb8bdee57149b,task_record
v2|S5|overall|catboost,overall,S5,catboost,c84ad3b9ebb1e610c200c0f5862dae51cae7ffbf73caa18fafe32a0660a52d7d,s0323,ceb51afb5c9b32a7d39a094e6d517f20b78423ceed467f9edeed699a283c703a,configuration,"{""source_trial_number"":365,""params"":{""depth"":4,""learning_rate"":0.007244646755242517,""l2_leaf_reg"":0.21121553467410345,""random_strength"":1.838441529681945,""bagging_temperature"":6.595976703545842,""scale_pos_weight"":1.0},""revalidated_median_best_iteration"":2290,""final_development_monitor_fold"":4,""final_refit_iterations"":3050,""final_refit_rows"":24784,""validation_2024_fit_rows"":0,""validation_2024_monitor_rows"":0}",locked_configuration,s2187,c79607a3c900819775f57b0d23d507406249e44cb97611275cfcb8bdee57149b,recorded_locked_configuration
v2|S5|overall|catboost,overall,S5,catboost,c84ad3b9ebb1e610c200c0f5862dae51cae7ffbf73caa18fafe32a0660a52d7d,s0323,ceb51afb5c9b32a7d39a094e6d517f20b78423ceed467f9edeed699a283c703a,final_refit_rows,24784,locked_configuration.final_refit_rows,s2187,c79607a3c900819775f57b0d23d507406249e44cb97611275cfcb8bdee57149b,recorded_locked_configuration
v2|S5|overall|catboost,overall,S5,catboost,c84ad3b9ebb1e610c200c0f5862dae51cae7ffbf73caa18fafe32a0660a52d7d,s0323,ceb51afb5c9b32a7d39a094e6d517f20b78423ceed467f9edeed699a283c703a,final_refit_iterations,3050,locked_configuration.final_refit_iterations,s2187,c79607a3c900819775f57b0d23d507406249e44cb97611275cfcb8bdee57149b,recorded_locked_configuration
v2|S5|overall|catboost,overall,S5,catboost,c84ad3b9ebb1e610c200c0f5862dae51cae7ffbf73caa18fafe32a0660a52d7d,s0323,ceb51afb5c9b32a7d39a094e6d517f20b78423ceed467f9edeed699a283c703a,runtime_packages,"{""numpy"":""2.0.2"",""pandas"":""2.3.3"",""scikit-learn"":""1.6.1"",""imbalanced-learn"":""0.14.1"",""xgboost"":""3.2.0"",""lightgbm"":""4.6.0"",""catboost"":""1.2.10"",""optuna"":""4.9.0"",""joblib"":""1.5.3""}",runtime.packages,s2188,23c49962a0b6b3783e5a2b202db47495838cfd55b7a3be3dcc6481fcddbe4d69,training_runtime_record
v2|S5|overall|catboost,overall,S5,catboost,c84ad3b9ebb1e610c200c0f5862dae51cae7ffbf73caa18fafe32a0660a52d7d,s0323,ceb51afb5c9b32a7d39a094e6d517f20b78423ceed467f9edeed699a283c703a,runtime_python,3.12.13,runtime.python,s2188,23c49962a0b6b3783e5a2b202db47495838cfd55b7a3be3dcc6481fcddbe4d69,training_runtime_record
v2|S5|overall|xgboost,overall,S5,xgboost,360fd7b9053471e0a85575ece521086b32e42e6d059289488d52fdcfd3cf32a8,s0341,0b072676bc5b1c11b412677eb0c798460aa359f63990a8a65463399ba592b22f,lineage,core_model_optimization_v2,lineage,s2193,dc5ac140e14230495e409e910359a83f683f567ddfd8cd1e59fed16718d0afd9,task_record
v2|S5|overall|xgboost,overall,S5,xgboost,360fd7b9053471e0a85575ece521086b32e42e6d059289488d52fdcfd3cf32a8,s0341,0b072676bc5b1c11b412677eb0c798460aa359f63990a8a65463399ba592b22f,configuration,"{""source_trial_number"":250,""params"":{""max_depth"":2,""learning_rate"":0.07455889746930144,""subsample"":0.656782005045897,""colsample_bytree"":0.9038341603100211,""min_child_weight"":3.0323595635067804,""reg_alpha"":0.013443277346351656,""reg_lambda"":0.0035787383511599307,""scale_pos_weight"":1.0},""revalidated_median_best_iteration"":88,""final_development_monitor_fold"":4,""final_refit_iterations"":109,""final_refit_rows"":24784,""validation_2024_fit_rows"":0,""validation_2024_monitor_rows"":0}",locked_configuration,s2193,dc5ac140e14230495e409e910359a83f683f567ddfd8cd1e59fed16718d0afd9,recorded_locked_configuration
v2|S5|overall|xgboost,overall,S5,xgboost,360fd7b9053471e0a85575ece521086b32e42e6d059289488d52fdcfd3cf32a8,s0341,0b072676bc5b1c11b412677eb0c798460aa359f63990a8a65463399ba592b22f,final_refit_rows,24784,locked_configuration.final_refit_rows,s2193,dc5ac140e14230495e409e910359a83f683f567ddfd8cd1e59fed16718d0afd9,recorded_locked_configuration
v2|S5|overall|xgboost,overall,S5,xgboost,360fd7b9053471e0a85575ece521086b32e42e6d059289488d52fdcfd3cf32a8,s0341,0b072676bc5b1c11b412677eb0c798460aa359f63990a8a65463399ba592b22f,final_refit_iterations,109,locked_configuration.final_refit_iterations,s2193,dc5ac140e14230495e409e910359a83f683f567ddfd8cd1e59fed16718d0afd9,recorded_locked_configuration
v2|S5|overall|xgboost,overall,S5,xgboost,360fd7b9053471e0a85575ece521086b32e42e6d059289488d52fdcfd3cf32a8,s0341,0b072676bc5b1c11b412677eb0c798460aa359f63990a8a65463399ba592b22f,runtime_packages,"{""numpy"":""2.0.2"",""pandas"":""2.3.3"",""scikit-learn"":""1.6.1"",""imbalanced-learn"":""0.14.1"",""xgboost"":""3.2.0"",""lightgbm"":""4.6.0"",""catboost"":""1.2.10"",""optuna"":""4.9.0"",""joblib"":""1.5.3""}",runtime.packages,s2194,931b23415763403df9495b04d64344d88cb4931b70a91a7ba4448c05e51083ac,training_runtime_record
v2|S5|overall|xgboost,overall,S5,xgboost,360fd7b9053471e0a85575ece521086b32e42e6d059289488d52fdcfd3cf32a8,s0341,0b072676bc5b1c11b412677eb0c798460aa359f63990a8a65463399ba592b22f,runtime_python,3.12.13,runtime.python,s2194,931b23415763403df9495b04d64344d88cb4931b70a91a7ba4448c05e51083ac,training_runtime_record
v2|S5|overall|lightgbm,overall,S5,lightgbm,3f1719e7b08ec72aeb6835743dd8b085178c081a8df87f4fbfac6ab7a3233f95,s0328,f12878416ebb6969001eee809bc4cb7bdd172d94b26c284d00c24d4129da0dd1,lineage,core_model_optimization_v2,lineage,s2199,43d6def9ed05ac65509d72725c8d774f624974224de734ff81ab5b10857d2821,task_record
v2|S5|overall|lightgbm,overall,S5,lightgbm,3f1719e7b08ec72aeb6835743dd8b085178c081a8df87f4fbfac6ab7a3233f95,s0328,f12878416ebb6969001eee809bc4cb7bdd172d94b26c284d00c24d4129da0dd1,configuration,"{""source_trial_number"":357,""params"":{""num_leaves"":147,""max_depth"":4,""learning_rate"":0.015405308603780875,""subsample"":0.9535766401300647,""colsample_bytree"":0.8887726673524067,""min_child_samples"":29,""reg_alpha"":0.22263573761132024,""reg_lambda"":0.05988729986897997,""scale_pos_weight"":1.0},""revalidated_median_best_iteration"":200,""final_development_monitor_fold"":4,""final_refit_iterations"":187,""final_refit_rows"":24784,""validation_2024_fit_rows"":0,""validation_2024_monitor_rows"":0}",locked_configuration,s2199,43d6def9ed05ac65509d72725c8d774f624974224de734ff81ab5b10857d2821,recorded_locked_configuration
v2|S5|overall|lightgbm,overall,S5,lightgbm,3f1719e7b08ec72aeb6835743dd8b085178c081a8df87f4fbfac6ab7a3233f95,s0328,f12878416ebb6969001eee809bc4cb7bdd172d94b26c284d00c24d4129da0dd1,final_refit_rows,24784,locked_configuration.final_refit_rows,s2199,43d6def9ed05ac65509d72725c8d774f624974224de734ff81ab5b10857d2821,recorded_locked_configuration
v2|S5|overall|lightgbm,overall,S5,lightgbm,3f1719e7b08ec72aeb6835743dd8b085178c081a8df87f4fbfac6ab7a3233f95,s0328,f12878416ebb6969001eee809bc4cb7bdd172d94b26c284d00c24d4129da0dd1,final_refit_iterations,187,locked_configuration.final_refit_iterations,s2199,43d6def9ed05ac65509d72725c8d774f624974224de734ff81ab5b10857d2821,recorded_locked_configuration
v2|S5|overall|lightgbm,overall,S5,lightgbm,3f1719e7b08ec72aeb6835743dd8b085178c081a8df87f4fbfac6ab7a3233f95,s0328,f12878416ebb6969001eee809bc4cb7bdd172d94b26c284d00c24d4129da0dd1,runtime_packages,"{""numpy"":""2.0.2"",""pandas"":""2.3.3"",""scikit-learn"":""1.6.1"",""imbalanced-learn"":""0.14.1"",""xgboost"":""3.2.0"",""lightgbm"":""4.6.0"",""catboost"":""1.2.10"",""optuna"":""4.9.0"",""joblib"":""1.5.3""}",runtime.packages,s2200,f34425115bc8884890513c25b9e085dbf541dffb23651482d50cf83744c53d27,training_runtime_record
v2|S5|overall|lightgbm,overall,S5,lightgbm,3f1719e7b08ec72aeb6835743dd8b085178c081a8df87f4fbfac6ab7a3233f95,s0328,f12878416ebb6969001eee809bc4cb7bdd172d94b26c284d00c24d4129da0dd1,runtime_python,3.12.13,runtime.python,s2200,f34425115bc8884890513c25b9e085dbf541dffb23651482d50cf83744c53d27,training_runtime_record
v2|S5|overall|bert_finetuned,overall,S5,bert_finetuned,315a240c097261dd5978775f3e292910a2240ed3177430bbe05326fdc7eca937,s0321,da78f9db337dd397ed230ec7c6e50a95c3688daa9bec46ac306c7132012cca43,runtime_python,3.12.13,runtime.python,s2206,b2663bff06d92a7b5d6aa1d43beaab049f1d9a51814f36af5fcba78dc81e6f9c,training_runtime_record
v2|S5|overall|bert_finetuned,overall,S5,bert_finetuned,315a240c097261dd5978775f3e292910a2240ed3177430bbe05326fdc7eca937,s0321,da78f9db337dd397ed230ec7c6e50a95c3688daa9bec46ac306c7132012cca43,seed,20260715,seed,s2216,294745a2a829ee1a51ad0843851abad680b4f71501061c5ea689d667da0368fc,task_record
v2|S5|overall|bert_finetuned,overall,S5,bert_finetuned,315a240c097261dd5978775f3e292910a2240ed3177430bbe05326fdc7eca937,s0321,da78f9db337dd397ed230ec7c6e50a95c3688daa9bec46ac306c7132012cca43,version,1.0,version,s2221,90c7d851c51fcfe895df307e601bc85d4d3c820a367abb78c3c84643d942d4ca,task_record
v2|S5|overall|bert_finetuned,overall,S5,bert_finetuned,315a240c097261dd5978775f3e292910a2240ed3177430bbe05326fdc7eca937,s0321,da78f9db337dd397ed230ec7c6e50a95c3688daa9bec46ac306c7132012cca43,backend,tokenizers,backend,s2222,035996d5b54a8c1c1ef3906781f5d6af5080493ccb35e89f66a9fb5e97f1c0b8,task_record
v2|S5|overall|mlp_plr,overall,S5,mlp_plr,41335e6cf3abe33c7fac53f302ca972ad6af5f2b239c80db3c69d385e4476f25,s0332,b4fa1a6fae818d441458da23a37a6b6f19434c08dc6e60aac7b35b44799d03cf,runtime_python,3.12.13,runtime.python,s2227,80d218a5910881863905c422dde1c9f564aa61f350655fcf51ed42c84e4f2369,training_runtime_record
v2|S5|overall|mlp_plr,overall,S5,mlp_plr,41335e6cf3abe33c7fac53f302ca972ad6af5f2b239c80db3c69d385e4476f25,s0332,b4fa1a6fae818d441458da23a37a6b6f19434c08dc6e60aac7b35b44799d03cf,seed,20260715,seed,s2237,fdf1877e610f6494a093f2b95e24b78dcc96b0ac67322289fa8582b1f00d29a7,task_record
v2|S5|overall|ft_transformer,overall,S5,ft_transformer,85bcb983024910a05e32775bb978fd8f854918219a510910ec0f626af16b0d08,s0327,d6e600800c753d8fdbeee13f77624fe82847ec7276cbd3a7ee1d5104078bba83,runtime_python,3.12.13,runtime.python,s2244,cf4aecd2082e56e4a4436d4d942668d74078f4935d51e5666ad1b20a7b166c30,training_runtime_record
v2|S5|overall|ft_transformer,overall,S5,ft_transformer,85bcb983024910a05e32775bb978fd8f854918219a510910ec0f626af16b0d08,s0327,d6e600800c753d8fdbeee13f77624fe82847ec7276cbd3a7ee1d5104078bba83,seed,20260715,seed,s2266,ab09fcd40b179389c9bcb03a7983e5314e9be06b3a83f5b884e65e7e6d05006e,task_record
v2|S5|overall|cnn_1d,overall,S5,cnn_1d,6c521ec19aa050386070f7c022dc26f5940bb5e6641d53a04b72cea35bf0174a,s0325,ac7ab4ec863540d11db8600d2f25c9ab4af4ba40803c9b357b50928658366034,runtime_python,3.12.13,runtime.python,s2274,18f29f340f0d26859b5716125a5a2dba943ab256b751cd90b56e81053b0fbe41,training_runtime_record
v2|S5|overall|tabpfn,overall,S5,tabpfn,13d8e3a3cd240f29edb74ea02e8f6cc9e2298b8f27c074c26d5f12859c68b258,s0339,b9076ffc5a5174689392ac9ee876aeb7779486d1e64f1ffbf5648174652479f5,lineage,core_model_optimization_v2,lineage,s2281,22923f8b6db37e6246271f3623fd96f2ac5771a81975cdf4101ee79fad7807b8,task_record
v2|S5|overall|tabpfn,overall,S5,tabpfn,13d8e3a3cd240f29edb74ea02e8f6cc9e2298b8f27c074c26d5f12859c68b258,s0339,b9076ffc5a5174689392ac9ee876aeb7779486d1e64f1ffbf5648174652479f5,configuration,"{""feature_count"":128,""context_row_policy"":""full_or_model_limit"",""preprocessing"":""median_indicator"",""context_bagging"":""prevalence_stratified"",""estimator_count"":1,""bag_count"":1,""config_sha256"":""01016f6ffc89e8e8d22ce3836d62a529c41381b076c9509db0557b3c42a32c61""}",locked_configuration,s2282,af0363f9735ba8a2cfa83b178b40d83d6bc68189d667a6188a70b381cd848ee3,recorded_locked_configuration
v2|S5|overall|tabpfn,overall,S5,tabpfn,13d8e3a3cd240f29edb74ea02e8f6cc9e2298b8f27c074c26d5f12859c68b258,s0339,b9076ffc5a5174689392ac9ee876aeb7779486d1e64f1ffbf5648174652479f5,context_row_policy,full_or_model_limit,locked_configuration.context_row_policy,s2282,af0363f9735ba8a2cfa83b178b40d83d6bc68189d667a6188a70b381cd848ee3,recorded_locked_configuration
v2|S5|overall|tabpfn,overall,S5,tabpfn,13d8e3a3cd240f29edb74ea02e8f6cc9e2298b8f27c074c26d5f12859c68b258,s0339,b9076ffc5a5174689392ac9ee876aeb7779486d1e64f1ffbf5648174652479f5,estimator_count,1,locked_configuration.estimator_count,s2282,af0363f9735ba8a2cfa83b178b40d83d6bc68189d667a6188a70b381cd848ee3,recorded_locked_configuration
v2|S5|overall|tabpfn,overall,S5,tabpfn,13d8e3a3cd240f29edb74ea02e8f6cc9e2298b8f27c074c26d5f12859c68b258,s0339,b9076ffc5a5174689392ac9ee876aeb7779486d1e64f1ffbf5648174652479f5,bag_count,1,locked_configuration.bag_count,s2282,af0363f9735ba8a2cfa83b178b40d83d6bc68189d667a6188a70b381cd848ee3,recorded_locked_configuration
v2|S5|overall|tabpfn,overall,S5,tabpfn,13d8e3a3cd240f29edb74ea02e8f6cc9e2298b8f27c074c26d5f12859c68b258,s0339,b9076ffc5a5174689392ac9ee876aeb7779486d1e64f1ffbf5648174652479f5,preprocessing,median_indicator,locked_configuration.preprocessing,s2282,af0363f9735ba8a2cfa83b178b40d83d6bc68189d667a6188a70b381cd848ee3,recorded_locked_configuration
v2|S5|overall|tabpfn,overall,S5,tabpfn,13d8e3a3cd240f29edb74ea02e8f6cc9e2298b8f27c074c26d5f12859c68b258,s0339,b9076ffc5a5174689392ac9ee876aeb7779486d1e64f1ffbf5648174652479f5,runtime_packages,"{""numpy"":""2.0.2"",""pandas"":""2.3.3"",""scikit-learn"":""1.6.1"",""imbalanced-learn"":""0.14.1"",""xgboost"":""3.2.0"",""lightgbm"":""4.6.0"",""catboost"":""1.2.10"",""optuna"":""4.9.0"",""joblib"":""1.5.3""}",runtime.packages,s2283,c8356b1c560aaa293336f199a366a7c8f74b15ec48f1883865fe16718cffc610,training_runtime_record
v2|S5|overall|tabpfn,overall,S5,tabpfn,13d8e3a3cd240f29edb74ea02e8f6cc9e2298b8f27c074c26d5f12859c68b258,s0339,b9076ffc5a5174689392ac9ee876aeb7779486d1e64f1ffbf5648174652479f5,runtime_device,cuda,runtime.device,s2283,c8356b1c560aaa293336f199a366a7c8f74b15ec48f1883865fe16718cffc610,training_runtime_record
v2|S5|overall|tabicl,overall,S5,tabicl,e3fa6bee80780f5cfc9b93ccbc9911aa33fbec7bace5b68b29eaa91986155d3f,s0337,4ebd053adf72239742af883752a1a33ae53aeb0a38dad9023f444f033d8605bc,lineage,core_model_optimization_v2,lineage,s2289,9816b3f5b86a7a7ca6675d58b2e8150d74b14edc26e66e3753a515679f192404,task_record
v2|S5|overall|tabicl,overall,S5,tabicl,e3fa6bee80780f5cfc9b93ccbc9911aa33fbec7bace5b68b29eaa91986155d3f,s0337,4ebd053adf72239742af883752a1a33ae53aeb0a38dad9023f444f033d8605bc,configuration,"{""feature_count"":128,""context_row_policy"":""half_model_limit"",""preprocessing"":""median_indicator"",""context_bagging"":""prevalence_stratified"",""estimator_count"":1,""bag_count"":2,""config_sha256"":""1b626a96409a4cb51f44cbdd6393f938d4c1e9b8a355d89bdbf565d94e052143""}",locked_configuration,s2290,eb5bfa457d180a85276124f31f1893e2c6039c853967ec527fde8a0ebc958e51,recorded_locked_configuration
v2|S5|overall|tabicl,overall,S5,tabicl,e3fa6bee80780f5cfc9b93ccbc9911aa33fbec7bace5b68b29eaa91986155d3f,s0337,4ebd053adf72239742af883752a1a33ae53aeb0a38dad9023f444f033d8605bc,context_row_policy,half_model_limit,locked_configuration.context_row_policy,s2290,eb5bfa457d180a85276124f31f1893e2c6039c853967ec527fde8a0ebc958e51,recorded_locked_configuration
v2|S5|overall|tabicl,overall,S5,tabicl,e3fa6bee80780f5cfc9b93ccbc9911aa33fbec7bace5b68b29eaa91986155d3f,s0337,4ebd053adf72239742af883752a1a33ae53aeb0a38dad9023f444f033d8605bc,estimator_count,1,locked_configuration.estimator_count,s2290,eb5bfa457d180a85276124f31f1893e2c6039c853967ec527fde8a0ebc958e51,recorded_locked_configuration
v2|S5|overall|tabicl,overall,S5,tabicl,e3fa6bee80780f5cfc9b93ccbc9911aa33fbec7bace5b68b29eaa91986155d3f,s0337,4ebd053adf72239742af883752a1a33ae53aeb0a38dad9023f444f033d8605bc,bag_count,2,locked_configuration.bag_count,s2290,eb5bfa457d180a85276124f31f1893e2c6039c853967ec527fde8a0ebc958e51,recorded_locked_configuration
v2|S5|overall|tabicl,overall,S5,tabicl,e3fa6bee80780f5cfc9b93ccbc9911aa33fbec7bace5b68b29eaa91986155d3f,s0337,4ebd053adf72239742af883752a1a33ae53aeb0a38dad9023f444f033d8605bc,preprocessing,median_indicator,locked_configuration.preprocessing,s2290,eb5bfa457d180a85276124f31f1893e2c6039c853967ec527fde8a0ebc958e51,recorded_locked_configuration
v2|S5|overall|tabicl,overall,S5,tabicl,e3fa6bee80780f5cfc9b93ccbc9911aa33fbec7bace5b68b29eaa91986155d3f,s0337,4ebd053adf72239742af883752a1a33ae53aeb0a38dad9023f444f033d8605bc,runtime_packages,"{""numpy"":""2.0.2"",""pandas"":""2.3.3"",""scikit-learn"":""1.6.1"",""imbalanced-learn"":""0.14.1"",""xgboost"":""3.2.0"",""lightgbm"":""4.6.0"",""catboost"":""1.2.10"",""optuna"":""4.9.0"",""joblib"":""1.5.3""}",runtime.packages,s2291,b8613e7de291c089656599b612d170ed60a5e34d609806ad73b65d1a580450ba,training_runtime_record
v2|S5|overall|tabicl,overall,S5,tabicl,e3fa6bee80780f5cfc9b93ccbc9911aa33fbec7bace5b68b29eaa91986155d3f,s0337,4ebd053adf72239742af883752a1a33ae53aeb0a38dad9023f444f033d8605bc,runtime_device,cuda,runtime.device,s2291,b8613e7de291c089656599b612d170ed60a5e34d609806ad73b65d1a580450ba,training_runtime_record
v2|S5|overall|stacking,overall,S5,stacking,df9c8b555c2d226faa7e8aca45b4704423b2ae078c2a7f33b2e1160fee4f5235,s0335,326609f71d270a45d65962bf84d4f2d05798a6253113465d77eff626ffcfb7b1,runtime_python,3.13.11,runtime.python,s2295,ca99d9a3be522e8bc0e8b320d4354cf7ee1d3d5e82b85adf80d3345cf49abec5,training_runtime_record
v2|S5|overall|stacking,overall,S5,stacking,df9c8b555c2d226faa7e8aca45b4704423b2ae078c2a7f33b2e1160fee4f5235,s0335,326609f71d270a45d65962bf84d4f2d05798a6253113465d77eff626ffcfb7b1,stack_member_order,"[""logistic_l2"",""catboost"",""xgboost"",""lightgbm"",""balanced_random_forest"",""bert_finetuned"",""mlp_plr"",""ft_transformer"",""cnn_1d"",""tabpfn_finetuned"",""tabicl""]",feature_order,s2296,90e0e7e6a0150a15a03574fa594e3c9d34364a936f019d5a8bf10da7f28c6725,sealed_stack_input_order
v2|S6|overall|rSI_sMS,overall,S6,rSI_sMS,97f2e37c97a7e8fc734ba6358974823cbb90f93a1d8322d4b447c5202c5d765b,s0355,5bcb4f233c7983a7236bd8e248a17621b6a6d38976d43b66a09aa60f0099c5bd,seed,20260710,seed,s2304,99606acd81e25982a0d066ef9a45c10ddb171583dff7d218498687dea9a8c35d,task_record
v2|S6|overall|rSI_sMS,overall,S6,rSI_sMS,97f2e37c97a7e8fc734ba6358974823cbb90f93a1d8322d4b447c5202c5d765b,s0355,5bcb4f233c7983a7236bd8e248a17621b6a6d38976d43b66a09aa60f0099c5bd,runtime_packages,"{""numpy"":""2.4.4"",""pandas"":""2.3.3"",""scikit-learn"":""1.8.0"",""imbalanced-learn"":""0.14.2"",""xgboost"":""3.2.0"",""lightgbm"":""4.6.0"",""catboost"":""1.2.10"",""optuna"":""4.9.0"",""joblib"":""1.5.3""}",runtime.packages,s2305,20282ebaf180f62e2e1f167420f19ce10770a44d9fee74af1f72974d2c04246d,training_runtime_record
v2|S6|overall|rSI_sMS,overall,S6,rSI_sMS,97f2e37c97a7e8fc734ba6358974823cbb90f93a1d8322d4b447c5202c5d765b,s0355,5bcb4f233c7983a7236bd8e248a17621b6a6d38976d43b66a09aa60f0099c5bd,runtime_python,3.12.13,runtime.python,s2305,20282ebaf180f62e2e1f167420f19ce10770a44d9fee74af1f72974d2c04246d,training_runtime_record
v2|S6|overall|logistic_regression,overall,S6,logistic_regression,83fc0d85a033e5b54b2179bb8d2c70436b8d4a49f85c0b09486ef0ef30282eb4,s0352,18fdfe7e96268be942c1a80a2c132b0f07a5ba41c390d8801eb621369eb92050,seed,20260710,seed,s2310,5442d4214583b06cf95d53aacac209f98d0ad5f25083e529476ee740ee3c23f5,task_record
v2|S6|overall|logistic_regression,overall,S6,logistic_regression,83fc0d85a033e5b54b2179bb8d2c70436b8d4a49f85c0b09486ef0ef30282eb4,s0352,18fdfe7e96268be942c1a80a2c132b0f07a5ba41c390d8801eb621369eb92050,runtime_packages,"{""numpy"":""2.4.4"",""pandas"":""2.3.3"",""scikit-learn"":""1.8.0"",""imbalanced-learn"":""0.14.2"",""xgboost"":""3.2.0"",""lightgbm"":""4.6.0"",""catboost"":""1.2.10"",""optuna"":""4.9.0"",""joblib"":""1.5.3""}",runtime.packages,s2311,efcaf1bcf32a03b82e517143c0c5e39e6633f0b3ce2a06fe54a954dabcbfb283,training_runtime_record
v2|S6|overall|logistic_regression,overall,S6,logistic_regression,83fc0d85a033e5b54b2179bb8d2c70436b8d4a49f85c0b09486ef0ef30282eb4,s0352,18fdfe7e96268be942c1a80a2c132b0f07a5ba41c390d8801eb621369eb92050,runtime_python,3.12.13,runtime.python,s2311,efcaf1bcf32a03b82e517143c0c5e39e6633f0b3ce2a06fe54a954dabcbfb283,training_runtime_record
v2|S6|overall|catboost,overall,S6,catboost,46b8a1d4f5953f9fd308a084f03f2087c3e9618e880ad33a56de84e0859a46e0,s0345,384f571d067a90841ceb3f64a6ab09dcb99673d22aff5a7dbff30533d7520d45,lineage,core_model_optimization_v2,lineage,s2316,5d7e8d5a245a32e0bf13d3107e697092f20aad8f16d7da8d41a939ae18bf79f7,task_record
v2|S6|overall|catboost,overall,S6,catboost,46b8a1d4f5953f9fd308a084f03f2087c3e9618e880ad33a56de84e0859a46e0,s0345,384f571d067a90841ceb3f64a6ab09dcb99673d22aff5a7dbff30533d7520d45,configuration,"{""source_trial_number"":242,""params"":{""depth"":10,""learning_rate"":0.008412820109443652,""l2_leaf_reg"":53.9078710566283,""random_strength"":0.02305212991301169,""bagging_temperature"":1.7243181646790762,""scale_pos_weight"":10.0},""revalidated_median_best_iteration"":529,""final_development_monitor_fold"":4,""final_refit_iterations"":534,""final_refit_rows"":24784,""validation_2024_fit_rows"":0,""validation_2024_monitor_rows"":0}",locked_configuration,s2316,5d7e8d5a245a32e0bf13d3107e697092f20aad8f16d7da8d41a939ae18bf79f7,recorded_locked_configuration
v2|S6|overall|catboost,overall,S6,catboost,46b8a1d4f5953f9fd308a084f03f2087c3e9618e880ad33a56de84e0859a46e0,s0345,384f571d067a90841ceb3f64a6ab09dcb99673d22aff5a7dbff30533d7520d45,final_refit_rows,24784,locked_configuration.final_refit_rows,s2316,5d7e8d5a245a32e0bf13d3107e697092f20aad8f16d7da8d41a939ae18bf79f7,recorded_locked_configuration
v2|S6|overall|catboost,overall,S6,catboost,46b8a1d4f5953f9fd308a084f03f2087c3e9618e880ad33a56de84e0859a46e0,s0345,384f571d067a90841ceb3f64a6ab09dcb99673d22aff5a7dbff30533d7520d45,final_refit_iterations,534,locked_configuration.final_refit_iterations,s2316,5d7e8d5a245a32e0bf13d3107e697092f20aad8f16d7da8d41a939ae18bf79f7,recorded_locked_configuration
v2|S6|overall|catboost,overall,S6,catboost,46b8a1d4f5953f9fd308a084f03f2087c3e9618e880ad33a56de84e0859a46e0,s0345,384f571d067a90841ceb3f64a6ab09dcb99673d22aff5a7dbff30533d7520d45,runtime_packages,"{""numpy"":""2.0.2"",""pandas"":""2.3.3"",""scikit-learn"":""1.6.1"",""imbalanced-learn"":""0.14.1"",""xgboost"":""3.2.0"",""lightgbm"":""4.6.0"",""catboost"":""1.2.10"",""optuna"":""4.9.0"",""joblib"":""1.5.3""}",runtime.packages,s2317,c6a43ce5a2209ed27a02cf79b5b9ae230b3393ca8e121e7680d5daea5c04ffe2,training_runtime_record
v2|S6|overall|catboost,overall,S6,catboost,46b8a1d4f5953f9fd308a084f03f2087c3e9618e880ad33a56de84e0859a46e0,s0345,384f571d067a90841ceb3f64a6ab09dcb99673d22aff5a7dbff30533d7520d45,runtime_python,3.12.13,runtime.python,s2317,c6a43ce5a2209ed27a02cf79b5b9ae230b3393ca8e121e7680d5daea5c04ffe2,training_runtime_record
v2|S6|overall|xgboost,overall,S6,xgboost,f88757747ffde35033638b7894ca8c5e1d7decbde0c28c8872a1691c11e1db03,s0362,7eba3af26a6fd4ada0f2a73a1e98079a77f806e0c79063fc26b464daf197ab86,lineage,core_model_optimization_v2,lineage,s2322,41567df683078471494dcb51b4ebaf584b8535d1bed406d3de0a77769ccfe0a8,task_record
v2|S6|overall|xgboost,overall,S6,xgboost,f88757747ffde35033638b7894ca8c5e1d7decbde0c28c8872a1691c11e1db03,s0362,7eba3af26a6fd4ada0f2a73a1e98079a77f806e0c79063fc26b464daf197ab86,configuration,"{""source_trial_number"":367,""params"":{""max_depth"":6,""learning_rate"":0.005053544703178855,""subsample"":0.8515798121814684,""colsample_bytree"":0.6502155834817127,""min_child_weight"":6.671237583478213,""reg_alpha"":0.7987824822713842,""reg_lambda"":0.0026413139485023094,""scale_pos_weight"":1.0},""revalidated_median_best_iteration"":1218,""final_development_monitor_fold"":4,""final_refit_iterations"":1076,""final_refit_rows"":24784,""validation_2024_fit_rows"":0,""validation_2024_monitor_rows"":0}",locked_configuration,s2322,41567df683078471494dcb51b4ebaf584b8535d1bed406d3de0a77769ccfe0a8,recorded_locked_configuration
v2|S6|overall|xgboost,overall,S6,xgboost,f88757747ffde35033638b7894ca8c5e1d7decbde0c28c8872a1691c11e1db03,s0362,7eba3af26a6fd4ada0f2a73a1e98079a77f806e0c79063fc26b464daf197ab86,final_refit_rows,24784,locked_configuration.final_refit_rows,s2322,41567df683078471494dcb51b4ebaf584b8535d1bed406d3de0a77769ccfe0a8,recorded_locked_configuration
v2|S6|overall|xgboost,overall,S6,xgboost,f88757747ffde35033638b7894ca8c5e1d7decbde0c28c8872a1691c11e1db03,s0362,7eba3af26a6fd4ada0f2a73a1e98079a77f806e0c79063fc26b464daf197ab86,final_refit_iterations,1076,locked_configuration.final_refit_iterations,s2322,41567df683078471494dcb51b4ebaf584b8535d1bed406d3de0a77769ccfe0a8,recorded_locked_configuration
v2|S6|overall|xgboost,overall,S6,xgboost,f88757747ffde35033638b7894ca8c5e1d7decbde0c28c8872a1691c11e1db03,s0362,7eba3af26a6fd4ada0f2a73a1e98079a77f806e0c79063fc26b464daf197ab86,runtime_packages,"{""numpy"":""2.0.2"",""pandas"":""2.3.3"",""scikit-learn"":""1.6.1"",""imbalanced-learn"":""0.14.1"",""xgboost"":""3.2.0"",""lightgbm"":""4.6.0"",""catboost"":""1.2.10"",""optuna"":""4.9.0"",""joblib"":""1.5.3""}",runtime.packages,s2323,90de2440a0e212cea0f4d1c7028a3c33951c4847a03e074d9a53c4f32719d7d8,training_runtime_record
v2|S6|overall|xgboost,overall,S6,xgboost,f88757747ffde35033638b7894ca8c5e1d7decbde0c28c8872a1691c11e1db03,s0362,7eba3af26a6fd4ada0f2a73a1e98079a77f806e0c79063fc26b464daf197ab86,runtime_python,3.12.13,runtime.python,s2323,90de2440a0e212cea0f4d1c7028a3c33951c4847a03e074d9a53c4f32719d7d8,training_runtime_record
v2|S6|overall|lightgbm,overall,S6,lightgbm,e875628793a5fdc1f95b0e9c0ca9fff0d8e82acdfb0b3930d431fee0c7914809,s0350,5ca82f657a6934f72265596c96646682eb5adf39c648e814a96c40be1a5219c5,lineage,core_model_optimization_v2,lineage,s2328,eaeac49e8241b56d35e56636d2972bb126786f182be7c0c26b4d5ddb6670d531,task_record
v2|S6|overall|lightgbm,overall,S6,lightgbm,e875628793a5fdc1f95b0e9c0ca9fff0d8e82acdfb0b3930d431fee0c7914809,s0350,5ca82f657a6934f72265596c96646682eb5adf39c648e814a96c40be1a5219c5,configuration,"{""source_trial_number"":272,""params"":{""num_leaves"":218,""max_depth"":6,""learning_rate"":0.03870965429624148,""subsample"":0.970219175948927,""colsample_bytree"":0.8793751690853282,""min_child_samples"":99,""reg_alpha"":0.00662534912800222,""reg_lambda"":7.657805477470207,""scale_pos_weight"":1.0},""revalidated_median_best_iteration"":193,""final_development_monitor_fold"":4,""final_refit_iterations"":229,""final_refit_rows"":24784,""validation_2024_fit_rows"":0,""validation_2024_monitor_rows"":0}",locked_configuration,s2328,eaeac49e8241b56d35e56636d2972bb126786f182be7c0c26b4d5ddb6670d531,recorded_locked_configuration
v2|S6|overall|lightgbm,overall,S6,lightgbm,e875628793a5fdc1f95b0e9c0ca9fff0d8e82acdfb0b3930d431fee0c7914809,s0350,5ca82f657a6934f72265596c96646682eb5adf39c648e814a96c40be1a5219c5,final_refit_rows,24784,locked_configuration.final_refit_rows,s2328,eaeac49e8241b56d35e56636d2972bb126786f182be7c0c26b4d5ddb6670d531,recorded_locked_configuration
v2|S6|overall|lightgbm,overall,S6,lightgbm,e875628793a5fdc1f95b0e9c0ca9fff0d8e82acdfb0b3930d431fee0c7914809,s0350,5ca82f657a6934f72265596c96646682eb5adf39c648e814a96c40be1a5219c5,final_refit_iterations,229,locked_configuration.final_refit_iterations,s2328,eaeac49e8241b56d35e56636d2972bb126786f182be7c0c26b4d5ddb6670d531,recorded_locked_configuration
v2|S6|overall|lightgbm,overall,S6,lightgbm,e875628793a5fdc1f95b0e9c0ca9fff0d8e82acdfb0b3930d431fee0c7914809,s0350,5ca82f657a6934f72265596c96646682eb5adf39c648e814a96c40be1a5219c5,runtime_packages,"{""numpy"":""2.0.2"",""pandas"":""2.3.3"",""scikit-learn"":""1.6.1"",""imbalanced-learn"":""0.14.1"",""xgboost"":""3.2.0"",""lightgbm"":""4.6.0"",""catboost"":""1.2.10"",""optuna"":""4.9.0"",""joblib"":""1.5.3""}",runtime.packages,s2329,db40ae769d019d570a277e4e4f0090efc96266776e31717f13fde6504a8a50db,training_runtime_record
v2|S6|overall|lightgbm,overall,S6,lightgbm,e875628793a5fdc1f95b0e9c0ca9fff0d8e82acdfb0b3930d431fee0c7914809,s0350,5ca82f657a6934f72265596c96646682eb5adf39c648e814a96c40be1a5219c5,runtime_python,3.12.13,runtime.python,s2329,db40ae769d019d570a277e4e4f0090efc96266776e31717f13fde6504a8a50db,training_runtime_record
v2|S6|overall|bert_finetuned,overall,S6,bert_finetuned,cdb1916b5b5b1d28c4932fa48ed430de93438e25331cec927622db88e01dedef,s0343,1d005f7328b1d4c3fd5c1cf293233f58ab1210a54b83a35bee750d1f2504f79e,runtime_python,3.12.13,runtime.python,s2335,d7c0728b2d81aa7ad581e142df96cdcba9b44e69ba0d8c554db6dd13dbb58cfa,training_runtime_record
v2|S6|overall|bert_finetuned,overall,S6,bert_finetuned,cdb1916b5b5b1d28c4932fa48ed430de93438e25331cec927622db88e01dedef,s0343,1d005f7328b1d4c3fd5c1cf293233f58ab1210a54b83a35bee750d1f2504f79e,seed,20260715,seed,s2345,e919f0af59368ec875ab669ec52e54b9104257dde093cbae26e001120b163fe7,task_record
v2|S6|overall|bert_finetuned,overall,S6,bert_finetuned,cdb1916b5b5b1d28c4932fa48ed430de93438e25331cec927622db88e01dedef,s0343,1d005f7328b1d4c3fd5c1cf293233f58ab1210a54b83a35bee750d1f2504f79e,version,1.0,version,s2350,90c7d851c51fcfe895df307e601bc85d4d3c820a367abb78c3c84643d942d4ca,task_record
v2|S6|overall|bert_finetuned,overall,S6,bert_finetuned,cdb1916b5b5b1d28c4932fa48ed430de93438e25331cec927622db88e01dedef,s0343,1d005f7328b1d4c3fd5c1cf293233f58ab1210a54b83a35bee750d1f2504f79e,backend,tokenizers,backend,s2351,035996d5b54a8c1c1ef3906781f5d6af5080493ccb35e89f66a9fb5e97f1c0b8,task_record
v2|S6|overall|mlp_plr,overall,S6,mlp_plr,07ad8ea5e7cf29dbee83ac3d188338681814fdec077279631a070b832b4a0ce1,s0354,87bcf35443a87a189698042b1d3eb315b70e63cced093ef9dcc9a8ab034d6e68,runtime_python,3.12.13,runtime.python,s2356,d72f15a0209df5d5de269691089204ef0eb90659d0ed8eea4759aa17c8ff3167,training_runtime_record
v2|S6|overall|mlp_plr,overall,S6,mlp_plr,07ad8ea5e7cf29dbee83ac3d188338681814fdec077279631a070b832b4a0ce1,s0354,87bcf35443a87a189698042b1d3eb315b70e63cced093ef9dcc9a8ab034d6e68,seed,20260715,seed,s2366,dcb8820f2e55dc781f578486c9b4bb27dadb28c6ab1d3f6696e3e70c728ed379,task_record
v2|S6|overall|ft_transformer,overall,S6,ft_transformer,69a56431f37fc9822d4fce131bb5efe11e644755176b9a72fee3acc1db7f426b,s0349,f3f7baee394ccfeadf4c5f44892f5efbe028740550cbe735712cb9f658c98d2e,runtime_python,3.12.13,runtime.python,s2373,3ea4dd6d138367a7ef17e3ece78ac5509c6331e635f7f0d9d522ae2ed23b1b2e,training_runtime_record
v2|S6|overall|ft_transformer,overall,S6,ft_transformer,69a56431f37fc9822d4fce131bb5efe11e644755176b9a72fee3acc1db7f426b,s0349,f3f7baee394ccfeadf4c5f44892f5efbe028740550cbe735712cb9f658c98d2e,seed,20260715,seed,s2395,0613a88680d5fe6900aa98e60c6ebb61d3534c408bf7dace2c1c2558682cd3ee,task_record
v2|S6|overall|cnn_1d,overall,S6,cnn_1d,73754ea95ed11004a3d122479af9c9c5600791e40739c07900ad40998034944b,s0347,091fd235c94203dbec01fe7fff556bab8073460734aa017ba09a467d658c407d,runtime_python,3.12.13,runtime.python,s2403,758cefd7f24ae1f52efa5a737273964540d96e4f079744dea06fb40501013c38,training_runtime_record
v2|S6|overall|tabpfn,overall,S6,tabpfn,b523f73d48480f28a7cc63ded6ed24abdec3f2bf4fe4f9c21f5baa43503131a4,s0360,e7660b2214eaaf01b3d7fa02642921e29efd602257424d3ecbded7c1827862c2,lineage,core_model_optimization_v2,lineage,s2410,1d210b8a29271af59c6e7078024f60cf35dd4b4e307ca4e3f3d824c3e84da7cb,task_record
v2|S6|overall|tabpfn,overall,S6,tabpfn,b523f73d48480f28a7cc63ded6ed24abdec3f2bf4fe4f9c21f5baa43503131a4,s0360,e7660b2214eaaf01b3d7fa02642921e29efd602257424d3ecbded7c1827862c2,configuration,"{""feature_count"":128,""context_row_policy"":""full_or_model_limit"",""preprocessing"":""robust_indicator"",""context_bagging"":""prevalence_stratified"",""estimator_count"":2,""bag_count"":1,""config_sha256"":""058d3a9e0225f7866f79334e5de6ed714961fd02b472bebce41469f682271aaf""}",locked_configuration,s2411,04ff7309c7716b13329d4da3e44a39aec5470058174f4c82664129563bd76ab7,recorded_locked_configuration
v2|S6|overall|tabpfn,overall,S6,tabpfn,b523f73d48480f28a7cc63ded6ed24abdec3f2bf4fe4f9c21f5baa43503131a4,s0360,e7660b2214eaaf01b3d7fa02642921e29efd602257424d3ecbded7c1827862c2,context_row_policy,full_or_model_limit,locked_configuration.context_row_policy,s2411,04ff7309c7716b13329d4da3e44a39aec5470058174f4c82664129563bd76ab7,recorded_locked_configuration
v2|S6|overall|tabpfn,overall,S6,tabpfn,b523f73d48480f28a7cc63ded6ed24abdec3f2bf4fe4f9c21f5baa43503131a4,s0360,e7660b2214eaaf01b3d7fa02642921e29efd602257424d3ecbded7c1827862c2,estimator_count,2,locked_configuration.estimator_count,s2411,04ff7309c7716b13329d4da3e44a39aec5470058174f4c82664129563bd76ab7,recorded_locked_configuration
v2|S6|overall|tabpfn,overall,S6,tabpfn,b523f73d48480f28a7cc63ded6ed24abdec3f2bf4fe4f9c21f5baa43503131a4,s0360,e7660b2214eaaf01b3d7fa02642921e29efd602257424d3ecbded7c1827862c2,bag_count,1,locked_configuration.bag_count,s2411,04ff7309c7716b13329d4da3e44a39aec5470058174f4c82664129563bd76ab7,recorded_locked_configuration
v2|S6|overall|tabpfn,overall,S6,tabpfn,b523f73d48480f28a7cc63ded6ed24abdec3f2bf4fe4f9c21f5baa43503131a4,s0360,e7660b2214eaaf01b3d7fa02642921e29efd602257424d3ecbded7c1827862c2,preprocessing,robust_indicator,locked_configuration.preprocessing,s2411,04ff7309c7716b13329d4da3e44a39aec5470058174f4c82664129563bd76ab7,recorded_locked_configuration
v2|S6|overall|tabpfn,overall,S6,tabpfn,b523f73d48480f28a7cc63ded6ed24abdec3f2bf4fe4f9c21f5baa43503131a4,s0360,e7660b2214eaaf01b3d7fa02642921e29efd602257424d3ecbded7c1827862c2,runtime_packages,"{""numpy"":""2.0.2"",""pandas"":""2.3.3"",""scikit-learn"":""1.6.1"",""imbalanced-learn"":""0.14.1"",""xgboost"":""3.2.0"",""lightgbm"":""4.6.0"",""catboost"":""1.2.10"",""optuna"":""4.9.0"",""joblib"":""1.5.3""}",runtime.packages,s2412,83bc40d45973c1a42be121a78a13baa228ee2cdcb6fb3f6d8239520aad824754,training_runtime_record
v2|S6|overall|tabpfn,overall,S6,tabpfn,b523f73d48480f28a7cc63ded6ed24abdec3f2bf4fe4f9c21f5baa43503131a4,s0360,e7660b2214eaaf01b3d7fa02642921e29efd602257424d3ecbded7c1827862c2,runtime_device,cuda,runtime.device,s2412,83bc40d45973c1a42be121a78a13baa228ee2cdcb6fb3f6d8239520aad824754,training_runtime_record
v2|S6|overall|tabicl,overall,S6,tabicl,cd1f79dadf15fa498da28f826ef0136cf43fb21dc6e7bf6d6aa8326d775a19ae,s0359,4a83a64da743a31321007ba25a829fab9dd6fd3e38bd6330c8281afe7b9b26cc,lineage,core_model_optimization_v2,lineage,s2417,12002ea2021aaff5e7d62da33d20430b7798074ab83fe0674092fab2cf30e55c,task_record
v2|S6|overall|tabicl,overall,S6,tabicl,cd1f79dadf15fa498da28f826ef0136cf43fb21dc6e7bf6d6aa8326d775a19ae,s0359,4a83a64da743a31321007ba25a829fab9dd6fd3e38bd6330c8281afe7b9b26cc,configuration,"{""feature_count"":128,""context_row_policy"":""full_or_model_limit"",""preprocessing"":""robust_indicator"",""context_bagging"":""event_enriched"",""estimator_count"":1,""bag_count"":2,""config_sha256"":""1e52a3a368a9484395a181040893a72cc8b0db6f9fb000d3c955b8361f90b888""}",locked_configuration,s2418,379539075db577d28a76ea3dc01a2742e2c22c00c520a9102fdf916f8794840b,recorded_locked_configuration
v2|S6|overall|tabicl,overall,S6,tabicl,cd1f79dadf15fa498da28f826ef0136cf43fb21dc6e7bf6d6aa8326d775a19ae,s0359,4a83a64da743a31321007ba25a829fab9dd6fd3e38bd6330c8281afe7b9b26cc,context_row_policy,full_or_model_limit,locked_configuration.context_row_policy,s2418,379539075db577d28a76ea3dc01a2742e2c22c00c520a9102fdf916f8794840b,recorded_locked_configuration
v2|S6|overall|tabicl,overall,S6,tabicl,cd1f79dadf15fa498da28f826ef0136cf43fb21dc6e7bf6d6aa8326d775a19ae,s0359,4a83a64da743a31321007ba25a829fab9dd6fd3e38bd6330c8281afe7b9b26cc,estimator_count,1,locked_configuration.estimator_count,s2418,379539075db577d28a76ea3dc01a2742e2c22c00c520a9102fdf916f8794840b,recorded_locked_configuration
v2|S6|overall|tabicl,overall,S6,tabicl,cd1f79dadf15fa498da28f826ef0136cf43fb21dc6e7bf6d6aa8326d775a19ae,s0359,4a83a64da743a31321007ba25a829fab9dd6fd3e38bd6330c8281afe7b9b26cc,bag_count,2,locked_configuration.bag_count,s2418,379539075db577d28a76ea3dc01a2742e2c22c00c520a9102fdf916f8794840b,recorded_locked_configuration
v2|S6|overall|tabicl,overall,S6,tabicl,cd1f79dadf15fa498da28f826ef0136cf43fb21dc6e7bf6d6aa8326d775a19ae,s0359,4a83a64da743a31321007ba25a829fab9dd6fd3e38bd6330c8281afe7b9b26cc,preprocessing,robust_indicator,locked_configuration.preprocessing,s2418,379539075db577d28a76ea3dc01a2742e2c22c00c520a9102fdf916f8794840b,recorded_locked_configuration
v2|S6|overall|tabicl,overall,S6,tabicl,cd1f79dadf15fa498da28f826ef0136cf43fb21dc6e7bf6d6aa8326d775a19ae,s0359,4a83a64da743a31321007ba25a829fab9dd6fd3e38bd6330c8281afe7b9b26cc,runtime_packages,"{""numpy"":""2.0.2"",""pandas"":""2.3.3"",""scikit-learn"":""1.6.1"",""imbalanced-learn"":""0.14.1"",""xgboost"":""3.2.0"",""lightgbm"":""4.6.0"",""catboost"":""1.2.10"",""optuna"":""4.9.0"",""joblib"":""1.5.3""}",runtime.packages,s2419,fa8bd2abf80781d57a9c56de1184a57061ee5dd073d327c879cd79a925889a86,training_runtime_record
v2|S6|overall|tabicl,overall,S6,tabicl,cd1f79dadf15fa498da28f826ef0136cf43fb21dc6e7bf6d6aa8326d775a19ae,s0359,4a83a64da743a31321007ba25a829fab9dd6fd3e38bd6330c8281afe7b9b26cc,runtime_device,cuda,runtime.device,s2419,fa8bd2abf80781d57a9c56de1184a57061ee5dd073d327c879cd79a925889a86,training_runtime_record
v2|S6|overall|tabicl,overall,S6,tabicl,cd1f79dadf15fa498da28f826ef0136cf43fb21dc6e7bf6d6aa8326d775a19ae,s0359,4a83a64da743a31321007ba25a829fab9dd6fd3e38bd6330c8281afe7b9b26cc,seed,20260716,result.seed,s2424,6596cbfc86012c5c8c01f63d5c4b899f5b6745dc54e7d06149d7d24642bbed8a,actual_final_checkpoint
v2|S6|overall|stacking,overall,S6,stacking,c4d68bac9d216db470003e17c601acf77afe1dabe172ae722f3db7152227fa50,s0357,fbcb63e1b4f6936b69522ac65affb3d02f8ed75bc033e16cbe88400d367dc6e1,runtime_python,3.13.11,runtime.python,s2426,10534cb904c7f7b8f7f6889293d0ef1bececcb2bec9cc67f575ccb6b06af46fe,training_runtime_record
v2|S6|overall|stacking,overall,S6,stacking,c4d68bac9d216db470003e17c601acf77afe1dabe172ae722f3db7152227fa50,s0357,fbcb63e1b4f6936b69522ac65affb3d02f8ed75bc033e16cbe88400d367dc6e1,stack_member_order,"[""logistic_l2"",""catboost"",""xgboost"",""lightgbm"",""balanced_random_forest"",""bert_finetuned"",""mlp_plr"",""ft_transformer"",""cnn_1d"",""tabpfn_finetuned"",""tabicl""]",feature_order,s2427,4a0ba1524f92db14b5b9f54f2b6b8390e62de3999bfb64abfacab8f7faec99f9,sealed_stack_input_order
v3|P1|medicine|stacking,medicine,P1,stacking,5a35ad8166ed08daf0fc5e963ea59a5199d6bf0cd9c948ee0df5bc483456804b,s2443,1812fd000f2ef8d10dcc6509851a5d6ffa6b63ac2eeeec88dc327f225792cacb,meta_learning_contract,OOF_STACKING,meta_learning_contract,s2443,1812fd000f2ef8d10dcc6509851a5d6ffa6b63ac2eeeec88dc327f225792cacb,task_record
v3|P1|medicine|stacking,medicine,P1,stacking,5a35ad8166ed08daf0fc5e963ea59a5199d6bf0cd9c948ee0df5bc483456804b,s2443,1812fd000f2ef8d10dcc6509851a5d6ffa6b63ac2eeeec88dc327f225792cacb,final_selected_C,0.000774263682681127,final_selected_C,s2443,1812fd000f2ef8d10dcc6509851a5d6ffa6b63ac2eeeec88dc327f225792cacb,task_record
v3|P1|medicine|stacking,medicine,P1,stacking,5a35ad8166ed08daf0fc5e963ea59a5199d6bf0cd9c948ee0df5bc483456804b,s2443,1812fd000f2ef8d10dcc6509851a5d6ffa6b63ac2eeeec88dc327f225792cacb,stack_member_order,"[""logistic_l2"",""catboost"",""xgboost"",""lightgbm"",""bert_finetuned"",""mlp_plr"",""ft_transformer"",""cnn_1d"",""tabpfn_standard"",""tabicl"",""tabpfn_thinking""]",feature_order,s2443,1812fd000f2ef8d10dcc6509851a5d6ffa6b63ac2eeeec88dc327f225792cacb,sealed_stack_input_order
v3|P1|medicine|tabicl,medicine,P1,tabicl,cd9cacac6b1b176b41ddd8b58ec3f000925d58cadb9b3de82e37750d6e399ff1,s2444,540a9152ae31ae37e0981179f8688a32143d80ad928e80b5e9e6ec60b0e2009d,configuration,"{""bag_count"":4,""config_sha256"":""2db216e8d974882506ec992cef441b976da134ac7f77eb6a04ba8fb12e102f41"",""context_bagging"":""prevalence_stratified"",""context_row_policy"":""half_model_limit"",""estimator_count"":1,""feature_count"":""all"",""preprocessing"":""robust_indicator""}",locked_configuration,s2444,540a9152ae31ae37e0981179f8688a32143d80ad928e80b5e9e6ec60b0e2009d,recorded_locked_configuration
v3|P1|medicine|tabicl,medicine,P1,tabicl,cd9cacac6b1b176b41ddd8b58ec3f000925d58cadb9b3de82e37750d6e399ff1,s2444,540a9152ae31ae37e0981179f8688a32143d80ad928e80b5e9e6ec60b0e2009d,context_row_policy,half_model_limit,locked_configuration.context_row_policy,s2444,540a9152ae31ae37e0981179f8688a32143d80ad928e80b5e9e6ec60b0e2009d,recorded_locked_configuration
v3|P1|medicine|tabicl,medicine,P1,tabicl,cd9cacac6b1b176b41ddd8b58ec3f000925d58cadb9b3de82e37750d6e399ff1,s2444,540a9152ae31ae37e0981179f8688a32143d80ad928e80b5e9e6ec60b0e2009d,estimator_count,1,locked_configuration.estimator_count,s2444,540a9152ae31ae37e0981179f8688a32143d80ad928e80b5e9e6ec60b0e2009d,recorded_locked_configuration
v3|P1|medicine|tabicl,medicine,P1,tabicl,cd9cacac6b1b176b41ddd8b58ec3f000925d58cadb9b3de82e37750d6e399ff1,s2444,540a9152ae31ae37e0981179f8688a32143d80ad928e80b5e9e6ec60b0e2009d,bag_count,4,locked_configuration.bag_count,s2444,540a9152ae31ae37e0981179f8688a32143d80ad928e80b5e9e6ec60b0e2009d,recorded_locked_configuration
v3|P1|medicine|tabicl,medicine,P1,tabicl,cd9cacac6b1b176b41ddd8b58ec3f000925d58cadb9b3de82e37750d6e399ff1,s2444,540a9152ae31ae37e0981179f8688a32143d80ad928e80b5e9e6ec60b0e2009d,preprocessing,robust_indicator,locked_configuration.preprocessing,s2444,540a9152ae31ae37e0981179f8688a32143d80ad928e80b5e9e6ec60b0e2009d,recorded_locked_configuration
v3|P1|medicine|tabpfn,medicine,P1,tabpfn,44e9c25dfdcd73ed79be68829fd143f2c8a08001952da8af0b305eda59b3f53e,s2445,2551e181c6b2683145fd23bd036a134861e1e3fa47ed072c9cbf345d1aff829d,lineage,core_model_optimization_v2_tabpfn_standard_priorlabs_cloud_v3_specialty_opname_v1,lineage,s2445,2551e181c6b2683145fd23bd036a134861e1e3fa47ed072c9cbf345d1aff829d,task_record
v3|P1|medicine|tabpfn,medicine,P1,tabpfn,44e9c25dfdcd73ed79be68829fd143f2c8a08001952da8af0b305eda59b3f53e,s2445,2551e181c6b2683145fd23bd036a134861e1e3fa47ed072c9cbf345d1aff829d,runtime_packages,"{""numpy"":""2.4.4"",""pandas"":""2.3.3"",""scikit-learn"":""1.8.0"",""imbalanced-learn"":""0.14.2"",""xgboost"":""3.2.0"",""lightgbm"":""4.6.0"",""catboost"":""1.2.10"",""optuna"":""4.9.0"",""joblib"":""1.5.3""}",runtime.packages,s2445,2551e181c6b2683145fd23bd036a134861e1e3fa47ed072c9cbf345d1aff829d,training_runtime_record
v3|P1|medicine|tabpfn,medicine,P1,tabpfn,44e9c25dfdcd73ed79be68829fd143f2c8a08001952da8af0b305eda59b3f53e,s2445,2551e181c6b2683145fd23bd036a134861e1e3fa47ed072c9cbf345d1aff829d,runtime_device,priorlabs_cloud_v3_non_thinking,runtime.device,s2445,2551e181c6b2683145fd23bd036a134861e1e3fa47ed072c9cbf345d1aff829d,training_runtime_record
v3|P1|medicine|tabpfn,medicine,P1,tabpfn,44e9c25dfdcd73ed79be68829fd143f2c8a08001952da8af0b305eda59b3f53e,s2445,2551e181c6b2683145fd23bd036a134861e1e3fa47ed072c9cbf345d1aff829d,configuration,"{""feature_count"":""all"",""context_row_policy"":""full_or_model_limit"",""preprocessing"":""robust_indicator"",""context_bagging"":""prevalence_stratified"",""estimator_count"":8,""bag_count"":1,""config_sha256"":""112bd71cc8d8a95b591275584acd72b105b5a8de90626ab8309b5f58ec7804da""}",locked_configuration,s2446,087f181ac08c331d76c8dd2f02066f5049f09c6380a4912d22ef9bde15d9b5cd,recorded_locked_configuration
v3|P1|medicine|tabpfn,medicine,P1,tabpfn,44e9c25dfdcd73ed79be68829fd143f2c8a08001952da8af0b305eda59b3f53e,s2445,2551e181c6b2683145fd23bd036a134861e1e3fa47ed072c9cbf345d1aff829d,context_row_policy,full_or_model_limit,locked_configuration.context_row_policy,s2446,087f181ac08c331d76c8dd2f02066f5049f09c6380a4912d22ef9bde15d9b5cd,recorded_locked_configuration
v3|P1|medicine|tabpfn,medicine,P1,tabpfn,44e9c25dfdcd73ed79be68829fd143f2c8a08001952da8af0b305eda59b3f53e,s2445,2551e181c6b2683145fd23bd036a134861e1e3fa47ed072c9cbf345d1aff829d,estimator_count,8,locked_configuration.estimator_count,s2446,087f181ac08c331d76c8dd2f02066f5049f09c6380a4912d22ef9bde15d9b5cd,recorded_locked_configuration
v3|P1|medicine|tabpfn,medicine,P1,tabpfn,44e9c25dfdcd73ed79be68829fd143f2c8a08001952da8af0b305eda59b3f53e,s2445,2551e181c6b2683145fd23bd036a134861e1e3fa47ed072c9cbf345d1aff829d,bag_count,1,locked_configuration.bag_count,s2446,087f181ac08c331d76c8dd2f02066f5049f09c6380a4912d22ef9bde15d9b5cd,recorded_locked_configuration
v3|P1|medicine|tabpfn,medicine,P1,tabpfn,44e9c25dfdcd73ed79be68829fd143f2c8a08001952da8af0b305eda59b3f53e,s2445,2551e181c6b2683145fd23bd036a134861e1e3fa47ed072c9cbf345d1aff829d,preprocessing,robust_indicator,locked_configuration.preprocessing,s2446,087f181ac08c331d76c8dd2f02066f5049f09c6380a4912d22ef9bde15d9b5cd,recorded_locked_configuration
v3|P1|medicine|tabpfn,medicine,P1,tabpfn,44e9c25dfdcd73ed79be68829fd143f2c8a08001952da8af0b305eda59b3f53e,s2445,2551e181c6b2683145fd23bd036a134861e1e3fa47ed072c9cbf345d1aff829d,seed,20260716,result.seed,s2449,969903948eacc157f3b5d605ca90b5e6c830bdaa524947db984073faf81ed7f7,actual_final_checkpoint
v3|P2|medicine|stacking,medicine,P2,stacking,fdc52a0698e06173d5f80824d951ff815ab4b12889c7047f69ad20b7059cf7d4,s2461,45ba16d5755f70b96ca641f49e01de9eca6b72d6454ef8f6be25e3ae846880f2,meta_learning_contract,OOF_STACKING,meta_learning_contract,s2461,45ba16d5755f70b96ca641f49e01de9eca6b72d6454ef8f6be25e3ae846880f2,task_record
v3|P2|medicine|stacking,medicine,P2,stacking,fdc52a0698e06173d5f80824d951ff815ab4b12889c7047f69ad20b7059cf7d4,s2461,45ba16d5755f70b96ca641f49e01de9eca6b72d6454ef8f6be25e3ae846880f2,final_selected_C,0.0001,final_selected_C,s2461,45ba16d5755f70b96ca641f49e01de9eca6b72d6454ef8f6be25e3ae846880f2,task_record
v3|P2|medicine|stacking,medicine,P2,stacking,fdc52a0698e06173d5f80824d951ff815ab4b12889c7047f69ad20b7059cf7d4,s2461,45ba16d5755f70b96ca641f49e01de9eca6b72d6454ef8f6be25e3ae846880f2,stack_member_order,"[""logistic_l2"",""catboost"",""xgboost"",""lightgbm"",""bert_finetuned"",""mlp_plr"",""ft_transformer"",""cnn_1d"",""tabpfn_standard"",""tabicl"",""tabpfn_thinking""]",feature_order,s2461,45ba16d5755f70b96ca641f49e01de9eca6b72d6454ef8f6be25e3ae846880f2,sealed_stack_input_order
v3|P2|medicine|tabicl,medicine,P2,tabicl,f9a86772892d0507b201745f21f31a0117d8039b709bddf4595febfa00f19c1e,s2462,d8cf037a56c5d3da9bd615e785d66c2942f1877a1317bf820d5f4082ca9aa8c4,configuration,"{""bag_count"":4,""config_sha256"":""2db216e8d974882506ec992cef441b976da134ac7f77eb6a04ba8fb12e102f41"",""context_bagging"":""prevalence_stratified"",""context_row_policy"":""half_model_limit"",""estimator_count"":1,""feature_count"":""all"",""preprocessing"":""robust_indicator""}",locked_configuration,s2462,d8cf037a56c5d3da9bd615e785d66c2942f1877a1317bf820d5f4082ca9aa8c4,recorded_locked_configuration
v3|P2|medicine|tabicl,medicine,P2,tabicl,f9a86772892d0507b201745f21f31a0117d8039b709bddf4595febfa00f19c1e,s2462,d8cf037a56c5d3da9bd615e785d66c2942f1877a1317bf820d5f4082ca9aa8c4,context_row_policy,half_model_limit,locked_configuration.context_row_policy,s2462,d8cf037a56c5d3da9bd615e785d66c2942f1877a1317bf820d5f4082ca9aa8c4,recorded_locked_configuration
v3|P2|medicine|tabicl,medicine,P2,tabicl,f9a86772892d0507b201745f21f31a0117d8039b709bddf4595febfa00f19c1e,s2462,d8cf037a56c5d3da9bd615e785d66c2942f1877a1317bf820d5f4082ca9aa8c4,estimator_count,1,locked_configuration.estimator_count,s2462,d8cf037a56c5d3da9bd615e785d66c2942f1877a1317bf820d5f4082ca9aa8c4,recorded_locked_configuration
v3|P2|medicine|tabicl,medicine,P2,tabicl,f9a86772892d0507b201745f21f31a0117d8039b709bddf4595febfa00f19c1e,s2462,d8cf037a56c5d3da9bd615e785d66c2942f1877a1317bf820d5f4082ca9aa8c4,bag_count,4,locked_configuration.bag_count,s2462,d8cf037a56c5d3da9bd615e785d66c2942f1877a1317bf820d5f4082ca9aa8c4,recorded_locked_configuration
v3|P2|medicine|tabicl,medicine,P2,tabicl,f9a86772892d0507b201745f21f31a0117d8039b709bddf4595febfa00f19c1e,s2462,d8cf037a56c5d3da9bd615e785d66c2942f1877a1317bf820d5f4082ca9aa8c4,preprocessing,robust_indicator,locked_configuration.preprocessing,s2462,d8cf037a56c5d3da9bd615e785d66c2942f1877a1317bf820d5f4082ca9aa8c4,recorded_locked_configuration
v3|P2|medicine|tabpfn,medicine,P2,tabpfn,713b45f80a873c7438f4f6615228ef37ae5695e20761f986f90db77159b41794,s2463,416927bca22dfe5069f8e39759eaaeafd3cfb0daaf65254092e940c65ebb4687,lineage,core_model_optimization_v2_tabpfn_standard_priorlabs_cloud_v3_specialty_opname_v1,lineage,s2463,416927bca22dfe5069f8e39759eaaeafd3cfb0daaf65254092e940c65ebb4687,task_record
v3|P2|medicine|tabpfn,medicine,P2,tabpfn,713b45f80a873c7438f4f6615228ef37ae5695e20761f986f90db77159b41794,s2463,416927bca22dfe5069f8e39759eaaeafd3cfb0daaf65254092e940c65ebb4687,runtime_packages,"{""numpy"":""2.4.4"",""pandas"":""2.3.3"",""scikit-learn"":""1.8.0"",""imbalanced-learn"":""0.14.2"",""xgboost"":""3.2.0"",""lightgbm"":""4.6.0"",""catboost"":""1.2.10"",""optuna"":""4.9.0"",""joblib"":""1.5.3""}",runtime.packages,s2463,416927bca22dfe5069f8e39759eaaeafd3cfb0daaf65254092e940c65ebb4687,training_runtime_record
v3|P2|medicine|tabpfn,medicine,P2,tabpfn,713b45f80a873c7438f4f6615228ef37ae5695e20761f986f90db77159b41794,s2463,416927bca22dfe5069f8e39759eaaeafd3cfb0daaf65254092e940c65ebb4687,runtime_device,priorlabs_cloud_v3_non_thinking,runtime.device,s2463,416927bca22dfe5069f8e39759eaaeafd3cfb0daaf65254092e940c65ebb4687,training_runtime_record
v3|P2|medicine|tabpfn,medicine,P2,tabpfn,713b45f80a873c7438f4f6615228ef37ae5695e20761f986f90db77159b41794,s2463,416927bca22dfe5069f8e39759eaaeafd3cfb0daaf65254092e940c65ebb4687,configuration,"{""feature_count"":""all"",""context_row_policy"":""full_or_model_limit"",""preprocessing"":""median_indicator"",""context_bagging"":""prevalence_stratified"",""estimator_count"":8,""bag_count"":2,""config_sha256"":""01ee399af72d0d596c552a5b5f56dfa08e98ae5c37097f954095b0ae85ec991b""}",locked_configuration,s2464,ad959fff4706d70e2aabd7853296b7be7b6cf454a090133f3a80743f7fed615a,recorded_locked_configuration
v3|P2|medicine|tabpfn,medicine,P2,tabpfn,713b45f80a873c7438f4f6615228ef37ae5695e20761f986f90db77159b41794,s2463,416927bca22dfe5069f8e39759eaaeafd3cfb0daaf65254092e940c65ebb4687,context_row_policy,full_or_model_limit,locked_configuration.context_row_policy,s2464,ad959fff4706d70e2aabd7853296b7be7b6cf454a090133f3a80743f7fed615a,recorded_locked_configuration
v3|P2|medicine|tabpfn,medicine,P2,tabpfn,713b45f80a873c7438f4f6615228ef37ae5695e20761f986f90db77159b41794,s2463,416927bca22dfe5069f8e39759eaaeafd3cfb0daaf65254092e940c65ebb4687,estimator_count,8,locked_configuration.estimator_count,s2464,ad959fff4706d70e2aabd7853296b7be7b6cf454a090133f3a80743f7fed615a,recorded_locked_configuration
v3|P2|medicine|tabpfn,medicine,P2,tabpfn,713b45f80a873c7438f4f6615228ef37ae5695e20761f986f90db77159b41794,s2463,416927bca22dfe5069f8e39759eaaeafd3cfb0daaf65254092e940c65ebb4687,bag_count,2,locked_configuration.bag_count,s2464,ad959fff4706d70e2aabd7853296b7be7b6cf454a090133f3a80743f7fed615a,recorded_locked_configuration
v3|P2|medicine|tabpfn,medicine,P2,tabpfn,713b45f80a873c7438f4f6615228ef37ae5695e20761f986f90db77159b41794,s2463,416927bca22dfe5069f8e39759eaaeafd3cfb0daaf65254092e940c65ebb4687,preprocessing,median_indicator,locked_configuration.preprocessing,s2464,ad959fff4706d70e2aabd7853296b7be7b6cf454a090133f3a80743f7fed615a,recorded_locked_configuration
v3|P2|medicine|tabpfn,medicine,P2,tabpfn,713b45f80a873c7438f4f6615228ef37ae5695e20761f986f90db77159b41794,s2463,416927bca22dfe5069f8e39759eaaeafd3cfb0daaf65254092e940c65ebb4687,seed,20260716,result.seed,s2467,b0f5bbaf2b577ba82f10ced66160fcf14276f821e963c19e82965ca99a9a8a7a,actual_final_checkpoint
v3|P3|medicine|stacking,medicine,P3,stacking,0bdd468eee749f2cadf30046fa422b97b59c159a88abec055279bf61c1545ccd,s2479,d78f22b01729110e02facbcee07c401ae9e1d305cce6111dc2761f8809e157c8,meta_learning_contract,OOF_STACKING,meta_learning_contract,s2479,d78f22b01729110e02facbcee07c401ae9e1d305cce6111dc2761f8809e157c8,task_record
v3|P3|medicine|stacking,medicine,P3,stacking,0bdd468eee749f2cadf30046fa422b97b59c159a88abec055279bf61c1545ccd,s2479,d78f22b01729110e02facbcee07c401ae9e1d305cce6111dc2761f8809e157c8,final_selected_C,0.0001,final_selected_C,s2479,d78f22b01729110e02facbcee07c401ae9e1d305cce6111dc2761f8809e157c8,task_record
v3|P3|medicine|stacking,medicine,P3,stacking,0bdd468eee749f2cadf30046fa422b97b59c159a88abec055279bf61c1545ccd,s2479,d78f22b01729110e02facbcee07c401ae9e1d305cce6111dc2761f8809e157c8,stack_member_order,"[""logistic_l2"",""catboost"",""xgboost"",""lightgbm"",""bert_finetuned"",""mlp_plr"",""ft_transformer"",""cnn_1d"",""tabpfn_standard"",""tabicl"",""tabpfn_thinking""]",feature_order,s2479,d78f22b01729110e02facbcee07c401ae9e1d305cce6111dc2761f8809e157c8,sealed_stack_input_order
v3|P3|medicine|tabicl,medicine,P3,tabicl,ade710e3ef6caeccbefbf719bc30dea43286a575582a6f27a15e89b9973da00b,s2480,03b0be22658375a1a0125c705e2ef530cd11ddc553a4536d72fb1a7874a3585e,configuration,"{""bag_count"":4,""config_sha256"":""2db216e8d974882506ec992cef441b976da134ac7f77eb6a04ba8fb12e102f41"",""context_bagging"":""prevalence_stratified"",""context_row_policy"":""half_model_limit"",""estimator_count"":1,""feature_count"":""all"",""preprocessing"":""robust_indicator""}",locked_configuration,s2480,03b0be22658375a1a0125c705e2ef530cd11ddc553a4536d72fb1a7874a3585e,recorded_locked_configuration
v3|P3|medicine|tabicl,medicine,P3,tabicl,ade710e3ef6caeccbefbf719bc30dea43286a575582a6f27a15e89b9973da00b,s2480,03b0be22658375a1a0125c705e2ef530cd11ddc553a4536d72fb1a7874a3585e,context_row_policy,half_model_limit,locked_configuration.context_row_policy,s2480,03b0be22658375a1a0125c705e2ef530cd11ddc553a4536d72fb1a7874a3585e,recorded_locked_configuration
v3|P3|medicine|tabicl,medicine,P3,tabicl,ade710e3ef6caeccbefbf719bc30dea43286a575582a6f27a15e89b9973da00b,s2480,03b0be22658375a1a0125c705e2ef530cd11ddc553a4536d72fb1a7874a3585e,estimator_count,1,locked_configuration.estimator_count,s2480,03b0be22658375a1a0125c705e2ef530cd11ddc553a4536d72fb1a7874a3585e,recorded_locked_configuration
v3|P3|medicine|tabicl,medicine,P3,tabicl,ade710e3ef6caeccbefbf719bc30dea43286a575582a6f27a15e89b9973da00b,s2480,03b0be22658375a1a0125c705e2ef530cd11ddc553a4536d72fb1a7874a3585e,bag_count,4,locked_configuration.bag_count,s2480,03b0be22658375a1a0125c705e2ef530cd11ddc553a4536d72fb1a7874a3585e,recorded_locked_configuration
v3|P3|medicine|tabicl,medicine,P3,tabicl,ade710e3ef6caeccbefbf719bc30dea43286a575582a6f27a15e89b9973da00b,s2480,03b0be22658375a1a0125c705e2ef530cd11ddc553a4536d72fb1a7874a3585e,preprocessing,robust_indicator,locked_configuration.preprocessing,s2480,03b0be22658375a1a0125c705e2ef530cd11ddc553a4536d72fb1a7874a3585e,recorded_locked_configuration
v3|P3|medicine|tabpfn,medicine,P3,tabpfn,7ff193d7ea4b20749200154df386e3fb10ae08e3d7cd0ff95c3918ee7642b725,s2481,36dbab0a888abf6b6075765e57427c297de5090d4ae1667f140f93d75cc5c7c8,lineage,core_model_optimization_v2_tabpfn_standard_priorlabs_cloud_v3_specialty_opname_v1,lineage,s2481,36dbab0a888abf6b6075765e57427c297de5090d4ae1667f140f93d75cc5c7c8,task_record
v3|P3|medicine|tabpfn,medicine,P3,tabpfn,7ff193d7ea4b20749200154df386e3fb10ae08e3d7cd0ff95c3918ee7642b725,s2481,36dbab0a888abf6b6075765e57427c297de5090d4ae1667f140f93d75cc5c7c8,runtime_packages,"{""numpy"":""2.4.4"",""pandas"":""2.3.3"",""scikit-learn"":""1.8.0"",""imbalanced-learn"":""0.14.2"",""xgboost"":""3.2.0"",""lightgbm"":""4.6.0"",""catboost"":""1.2.10"",""optuna"":""4.9.0"",""joblib"":""1.5.3""}",runtime.packages,s2481,36dbab0a888abf6b6075765e57427c297de5090d4ae1667f140f93d75cc5c7c8,training_runtime_record
v3|P3|medicine|tabpfn,medicine,P3,tabpfn,7ff193d7ea4b20749200154df386e3fb10ae08e3d7cd0ff95c3918ee7642b725,s2481,36dbab0a888abf6b6075765e57427c297de5090d4ae1667f140f93d75cc5c7c8,runtime_device,priorlabs_cloud_v3_non_thinking,runtime.device,s2481,36dbab0a888abf6b6075765e57427c297de5090d4ae1667f140f93d75cc5c7c8,training_runtime_record
v3|P3|medicine|tabpfn,medicine,P3,tabpfn,7ff193d7ea4b20749200154df386e3fb10ae08e3d7cd0ff95c3918ee7642b725,s2481,36dbab0a888abf6b6075765e57427c297de5090d4ae1667f140f93d75cc5c7c8,configuration,"{""feature_count"":""all"",""context_row_policy"":""full_or_model_limit"",""preprocessing"":""median_indicator"",""context_bagging"":""prevalence_stratified"",""estimator_count"":8,""bag_count"":2,""config_sha256"":""01ee399af72d0d596c552a5b5f56dfa08e98ae5c37097f954095b0ae85ec991b""}",locked_configuration,s2482,243e5d30f82976b2e24f4da8d9a8c1ef1884152dba50ce8ae70b463e4c0ebaaf,recorded_locked_configuration
v3|P3|medicine|tabpfn,medicine,P3,tabpfn,7ff193d7ea4b20749200154df386e3fb10ae08e3d7cd0ff95c3918ee7642b725,s2481,36dbab0a888abf6b6075765e57427c297de5090d4ae1667f140f93d75cc5c7c8,context_row_policy,full_or_model_limit,locked_configuration.context_row_policy,s2482,243e5d30f82976b2e24f4da8d9a8c1ef1884152dba50ce8ae70b463e4c0ebaaf,recorded_locked_configuration
v3|P3|medicine|tabpfn,medicine,P3,tabpfn,7ff193d7ea4b20749200154df386e3fb10ae08e3d7cd0ff95c3918ee7642b725,s2481,36dbab0a888abf6b6075765e57427c297de5090d4ae1667f140f93d75cc5c7c8,estimator_count,8,locked_configuration.estimator_count,s2482,243e5d30f82976b2e24f4da8d9a8c1ef1884152dba50ce8ae70b463e4c0ebaaf,recorded_locked_configuration
v3|P3|medicine|tabpfn,medicine,P3,tabpfn,7ff193d7ea4b20749200154df386e3fb10ae08e3d7cd0ff95c3918ee7642b725,s2481,36dbab0a888abf6b6075765e57427c297de5090d4ae1667f140f93d75cc5c7c8,bag_count,2,locked_configuration.bag_count,s2482,243e5d30f82976b2e24f4da8d9a8c1ef1884152dba50ce8ae70b463e4c0ebaaf,recorded_locked_configuration
v3|P3|medicine|tabpfn,medicine,P3,tabpfn,7ff193d7ea4b20749200154df386e3fb10ae08e3d7cd0ff95c3918ee7642b725,s2481,36dbab0a888abf6b6075765e57427c297de5090d4ae1667f140f93d75cc5c7c8,preprocessing,median_indicator,locked_configuration.preprocessing,s2482,243e5d30f82976b2e24f4da8d9a8c1ef1884152dba50ce8ae70b463e4c0ebaaf,recorded_locked_configuration
v3|P3|medicine|tabpfn,medicine,P3,tabpfn,7ff193d7ea4b20749200154df386e3fb10ae08e3d7cd0ff95c3918ee7642b725,s2481,36dbab0a888abf6b6075765e57427c297de5090d4ae1667f140f93d75cc5c7c8,seed,20260716,result.seed,s2485,080d4a51f50db63bf7fd4d1b3d6dcca1bed0174d1a37b34999d04e6f633c4617,actual_final_checkpoint
v3|S1|medicine|stacking,medicine,S1,stacking,477cb66d06492b728e1cea10d8bf943ac25519d24129b03dd413d176d4b3a877,s2497,a6f815fc9a3a3816d47a9b1b0fcba64be8cab585a34f339e0d4ff066bfcbabd9,meta_learning_contract,VALIDATION_2024_META_MODEL,meta_learning_contract,s2497,a6f815fc9a3a3816d47a9b1b0fcba64be8cab585a34f339e0d4ff066bfcbabd9,task_record
v3|S1|medicine|stacking,medicine,S1,stacking,477cb66d06492b728e1cea10d8bf943ac25519d24129b03dd413d176d4b3a877,s2497,a6f815fc9a3a3816d47a9b1b0fcba64be8cab585a34f339e0d4ff066bfcbabd9,final_selected_C,0.0001,final_selected_C,s2497,a6f815fc9a3a3816d47a9b1b0fcba64be8cab585a34f339e0d4ff066bfcbabd9,task_record
v3|S1|medicine|stacking,medicine,S1,stacking,477cb66d06492b728e1cea10d8bf943ac25519d24129b03dd413d176d4b3a877,s2497,a6f815fc9a3a3816d47a9b1b0fcba64be8cab585a34f339e0d4ff066bfcbabd9,stack_member_order,"[""logistic_l2"",""catboost"",""xgboost"",""lightgbm"",""bert_finetuned"",""mlp_plr"",""ft_transformer"",""cnn_1d"",""tabpfn_finetuned"",""tabicl"",""tabpfn_thinking""]",feature_order,s2497,a6f815fc9a3a3816d47a9b1b0fcba64be8cab585a34f339e0d4ff066bfcbabd9,sealed_stack_input_order
v3|S1|medicine|tabpfn,medicine,S1,tabpfn,a1e2e26824fff61a11544b93285fa2da3333f2451c58846515faf1eb4f05e2ba,s2499,1e578387b75900da5bc06eea49ebb513d0b4388c632a538a5d73b4e5e6edb627,lineage,specialty_opname_tabpfn_finetuned_v25,lineage,s2499,1e578387b75900da5bc06eea49ebb513d0b4388c632a538a5d73b4e5e6edb627,task_record
v3|S1|medicine|tabpfn,medicine,S1,tabpfn,a1e2e26824fff61a11544b93285fa2da3333f2451c58846515faf1eb4f05e2ba,s2499,1e578387b75900da5bc06eea49ebb513d0b4388c632a538a5d73b4e5e6edb627,runtime_packages,"{""numpy"":""2.0.2"",""pandas"":""2.3.3"",""scikit-learn"":""1.6.1"",""imbalanced-learn"":""0.14.1"",""xgboost"":""3.2.0"",""lightgbm"":""4.6.0"",""catboost"":""1.2.10"",""optuna"":""4.9.0"",""joblib"":""1.5.3""}",runtime.packages,s2499,1e578387b75900da5bc06eea49ebb513d0b4388c632a538a5d73b4e5e6edb627,training_runtime_record
v3|S1|medicine|tabpfn,medicine,S1,tabpfn,a1e2e26824fff61a11544b93285fa2da3333f2451c58846515faf1eb4f05e2ba,s2499,1e578387b75900da5bc06eea49ebb513d0b4388c632a538a5d73b4e5e6edb627,runtime_device,cuda,runtime.device,s2499,1e578387b75900da5bc06eea49ebb513d0b4388c632a538a5d73b4e5e6edb627,training_runtime_record
v3|S1|medicine|tabpfn,medicine,S1,tabpfn,a1e2e26824fff61a11544b93285fa2da3333f2451c58846515faf1eb4f05e2ba,s2499,1e578387b75900da5bc06eea49ebb513d0b4388c632a538a5d73b4e5e6edb627,model_version,TabPFN v2.5 fine-tuned,model_version,s2500,c533406d960d63df4f0bead97705fc759d509c5e391c4912263aa22a1d2c2822,task_record
v3|S1|medicine|tabpfn,medicine,S1,tabpfn,a1e2e26824fff61a11544b93285fa2da3333f2451c58846515faf1eb4f05e2ba,s2499,1e578387b75900da5bc06eea49ebb513d0b4388c632a538a5d73b4e5e6edb627,configuration,"{""bag_count"":1,""config_sha256"":""058d3a9e0225f7866f79334e5de6ed714961fd02b472bebce41469f682271aaf"",""context_bagging"":""prevalence_stratified"",""context_row_policy"":""full_or_model_limit"",""estimator_count"":2,""feature_count"":128,""preprocessing"":""robust_indicator""}",locked_configuration,s2500,c533406d960d63df4f0bead97705fc759d509c5e391c4912263aa22a1d2c2822,recorded_locked_configuration
v3|S1|medicine|tabpfn,medicine,S1,tabpfn,a1e2e26824fff61a11544b93285fa2da3333f2451c58846515faf1eb4f05e2ba,s2499,1e578387b75900da5bc06eea49ebb513d0b4388c632a538a5d73b4e5e6edb627,context_row_policy,full_or_model_limit,locked_configuration.context_row_policy,s2500,c533406d960d63df4f0bead97705fc759d509c5e391c4912263aa22a1d2c2822,recorded_locked_configuration
v3|S1|medicine|tabpfn,medicine,S1,tabpfn,a1e2e26824fff61a11544b93285fa2da3333f2451c58846515faf1eb4f05e2ba,s2499,1e578387b75900da5bc06eea49ebb513d0b4388c632a538a5d73b4e5e6edb627,estimator_count,2,locked_configuration.estimator_count,s2500,c533406d960d63df4f0bead97705fc759d509c5e391c4912263aa22a1d2c2822,recorded_locked_configuration
v3|S1|medicine|tabpfn,medicine,S1,tabpfn,a1e2e26824fff61a11544b93285fa2da3333f2451c58846515faf1eb4f05e2ba,s2499,1e578387b75900da5bc06eea49ebb513d0b4388c632a538a5d73b4e5e6edb627,bag_count,1,locked_configuration.bag_count,s2500,c533406d960d63df4f0bead97705fc759d509c5e391c4912263aa22a1d2c2822,recorded_locked_configuration
v3|S1|medicine|tabpfn,medicine,S1,tabpfn,a1e2e26824fff61a11544b93285fa2da3333f2451c58846515faf1eb4f05e2ba,s2499,1e578387b75900da5bc06eea49ebb513d0b4388c632a538a5d73b4e5e6edb627,preprocessing,robust_indicator,locked_configuration.preprocessing,s2500,c533406d960d63df4f0bead97705fc759d509c5e391c4912263aa22a1d2c2822,recorded_locked_configuration
v3|S2|medicine|stacking,medicine,S2,stacking,816d7dcbe70b51c011b13d4e6c7579b0ca625b9f931e71b39ed95ed552c6538f,s2516,f11a59e7b410315e1538d35725f0d36e6624af77f4b62b72e4c85a766e061962,meta_learning_contract,VALIDATION_2024_META_MODEL,meta_learning_contract,s2516,f11a59e7b410315e1538d35725f0d36e6624af77f4b62b72e4c85a766e061962,task_record
v3|S2|medicine|stacking,medicine,S2,stacking,816d7dcbe70b51c011b13d4e6c7579b0ca625b9f931e71b39ed95ed552c6538f,s2516,f11a59e7b410315e1538d35725f0d36e6624af77f4b62b72e4c85a766e061962,final_selected_C,0.046415888336127774,final_selected_C,s2516,f11a59e7b410315e1538d35725f0d36e6624af77f4b62b72e4c85a766e061962,task_record
v3|S2|medicine|stacking,medicine,S2,stacking,816d7dcbe70b51c011b13d4e6c7579b0ca625b9f931e71b39ed95ed552c6538f,s2516,f11a59e7b410315e1538d35725f0d36e6624af77f4b62b72e4c85a766e061962,stack_member_order,"[""logistic_l2"",""catboost"",""xgboost"",""lightgbm"",""bert_finetuned"",""mlp_plr"",""ft_transformer"",""cnn_1d"",""tabpfn_finetuned"",""tabicl"",""tabpfn_thinking""]",feature_order,s2516,f11a59e7b410315e1538d35725f0d36e6624af77f4b62b72e4c85a766e061962,sealed_stack_input_order
v3|S2|medicine|tabpfn,medicine,S2,tabpfn,02bcd8948bfa04a0a470ad07845e38525a76f672cff5d6f305f2c4bd96a567ae,s2518,7a097909acadbf7c92a3fd6e6995aed22c977e45a98974615d7b4a8c87ff9f56,lineage,specialty_opname_tabpfn_finetuned_v25,lineage,s2518,7a097909acadbf7c92a3fd6e6995aed22c977e45a98974615d7b4a8c87ff9f56,task_record
v3|S2|medicine|tabpfn,medicine,S2,tabpfn,02bcd8948bfa04a0a470ad07845e38525a76f672cff5d6f305f2c4bd96a567ae,s2518,7a097909acadbf7c92a3fd6e6995aed22c977e45a98974615d7b4a8c87ff9f56,runtime_packages,"{""numpy"":""2.0.2"",""pandas"":""2.3.3"",""scikit-learn"":""1.6.1"",""imbalanced-learn"":""0.14.1"",""xgboost"":""3.2.0"",""lightgbm"":""4.6.0"",""catboost"":""1.2.10"",""optuna"":""4.9.0"",""joblib"":""1.5.3""}",runtime.packages,s2518,7a097909acadbf7c92a3fd6e6995aed22c977e45a98974615d7b4a8c87ff9f56,training_runtime_record
v3|S2|medicine|tabpfn,medicine,S2,tabpfn,02bcd8948bfa04a0a470ad07845e38525a76f672cff5d6f305f2c4bd96a567ae,s2518,7a097909acadbf7c92a3fd6e6995aed22c977e45a98974615d7b4a8c87ff9f56,runtime_device,cuda,runtime.device,s2518,7a097909acadbf7c92a3fd6e6995aed22c977e45a98974615d7b4a8c87ff9f56,training_runtime_record
v3|S2|medicine|tabpfn,medicine,S2,tabpfn,02bcd8948bfa04a0a470ad07845e38525a76f672cff5d6f305f2c4bd96a567ae,s2518,7a097909acadbf7c92a3fd6e6995aed22c977e45a98974615d7b4a8c87ff9f56,model_version,TabPFN v2.5 fine-tuned,model_version,s2519,cfb4a62e8c7a26520c5af42d08bf59f09b29e011ccd043c275bc24f525f2bdbb,task_record
v3|S2|medicine|tabpfn,medicine,S2,tabpfn,02bcd8948bfa04a0a470ad07845e38525a76f672cff5d6f305f2c4bd96a567ae,s2518,7a097909acadbf7c92a3fd6e6995aed22c977e45a98974615d7b4a8c87ff9f56,configuration,"{""bag_count"":1,""config_sha256"":""00baaa9173a15b23409de03f0cdc2586c45426035da15bd4fb1a44ae9a688eb6"",""context_bagging"":""event_enriched"",""context_row_policy"":""half_model_limit"",""estimator_count"":2,""feature_count"":128,""preprocessing"":""median_indicator""}",locked_configuration,s2519,cfb4a62e8c7a26520c5af42d08bf59f09b29e011ccd043c275bc24f525f2bdbb,recorded_locked_configuration
v3|S2|medicine|tabpfn,medicine,S2,tabpfn,02bcd8948bfa04a0a470ad07845e38525a76f672cff5d6f305f2c4bd96a567ae,s2518,7a097909acadbf7c92a3fd6e6995aed22c977e45a98974615d7b4a8c87ff9f56,context_row_policy,half_model_limit,locked_configuration.context_row_policy,s2519,cfb4a62e8c7a26520c5af42d08bf59f09b29e011ccd043c275bc24f525f2bdbb,recorded_locked_configuration
v3|S2|medicine|tabpfn,medicine,S2,tabpfn,02bcd8948bfa04a0a470ad07845e38525a76f672cff5d6f305f2c4bd96a567ae,s2518,7a097909acadbf7c92a3fd6e6995aed22c977e45a98974615d7b4a8c87ff9f56,estimator_count,2,locked_configuration.estimator_count,s2519,cfb4a62e8c7a26520c5af42d08bf59f09b29e011ccd043c275bc24f525f2bdbb,recorded_locked_configuration
v3|S2|medicine|tabpfn,medicine,S2,tabpfn,02bcd8948bfa04a0a470ad07845e38525a76f672cff5d6f305f2c4bd96a567ae,s2518,7a097909acadbf7c92a3fd6e6995aed22c977e45a98974615d7b4a8c87ff9f56,bag_count,1,locked_configuration.bag_count,s2519,cfb4a62e8c7a26520c5af42d08bf59f09b29e011ccd043c275bc24f525f2bdbb,recorded_locked_configuration
v3|S2|medicine|tabpfn,medicine,S2,tabpfn,02bcd8948bfa04a0a470ad07845e38525a76f672cff5d6f305f2c4bd96a567ae,s2518,7a097909acadbf7c92a3fd6e6995aed22c977e45a98974615d7b4a8c87ff9f56,preprocessing,median_indicator,locked_configuration.preprocessing,s2519,cfb4a62e8c7a26520c5af42d08bf59f09b29e011ccd043c275bc24f525f2bdbb,recorded_locked_configuration
v3|S3|medicine|stacking,medicine,S3,stacking,638653a748093799d168976aa821f82f8f47f2c723b38d416bb5f9461feb204f,s2535,4e950b98754f12f7a624986755bb97e6cf7b6a9ab04b5db76a4ced668555c8d2,meta_learning_contract,VALIDATION_2024_META_MODEL,meta_learning_contract,s2535,4e950b98754f12f7a624986755bb97e6cf7b6a9ab04b5db76a4ced668555c8d2,task_record
v3|S3|medicine|stacking,medicine,S3,stacking,638653a748093799d168976aa821f82f8f47f2c723b38d416bb5f9461feb204f,s2535,4e950b98754f12f7a624986755bb97e6cf7b6a9ab04b5db76a4ced668555c8d2,final_selected_C,0.005994842503189409,final_selected_C,s2535,4e950b98754f12f7a624986755bb97e6cf7b6a9ab04b5db76a4ced668555c8d2,task_record
v3|S3|medicine|stacking,medicine,S3,stacking,638653a748093799d168976aa821f82f8f47f2c723b38d416bb5f9461feb204f,s2535,4e950b98754f12f7a624986755bb97e6cf7b6a9ab04b5db76a4ced668555c8d2,stack_member_order,"[""logistic_l2"",""catboost"",""xgboost"",""lightgbm"",""bert_finetuned"",""mlp_plr"",""ft_transformer"",""cnn_1d"",""tabpfn_finetuned"",""tabicl"",""tabpfn_thinking""]",feature_order,s2535,4e950b98754f12f7a624986755bb97e6cf7b6a9ab04b5db76a4ced668555c8d2,sealed_stack_input_order
v3|S3|medicine|tabpfn,medicine,S3,tabpfn,ea11ab7baa321b9a28986b4a8df1f539b15359322cbe4e538fa315c5a97376e3,s2537,f710dcea0cad1b83bc2ce39193e38d7582f0bdf8a3364eb348939244234bfeed,lineage,specialty_opname_tabpfn_finetuned_v25,lineage,s2537,f710dcea0cad1b83bc2ce39193e38d7582f0bdf8a3364eb348939244234bfeed,task_record
v3|S3|medicine|tabpfn,medicine,S3,tabpfn,ea11ab7baa321b9a28986b4a8df1f539b15359322cbe4e538fa315c5a97376e3,s2537,f710dcea0cad1b83bc2ce39193e38d7582f0bdf8a3364eb348939244234bfeed,runtime_packages,"{""numpy"":""2.0.2"",""pandas"":""2.3.3"",""scikit-learn"":""1.6.1"",""imbalanced-learn"":""0.14.1"",""xgboost"":""3.2.0"",""lightgbm"":""4.6.0"",""catboost"":""1.2.10"",""optuna"":""4.9.0"",""joblib"":""1.5.3""}",runtime.packages,s2537,f710dcea0cad1b83bc2ce39193e38d7582f0bdf8a3364eb348939244234bfeed,training_runtime_record
v3|S3|medicine|tabpfn,medicine,S3,tabpfn,ea11ab7baa321b9a28986b4a8df1f539b15359322cbe4e538fa315c5a97376e3,s2537,f710dcea0cad1b83bc2ce39193e38d7582f0bdf8a3364eb348939244234bfeed,runtime_device,cuda,runtime.device,s2537,f710dcea0cad1b83bc2ce39193e38d7582f0bdf8a3364eb348939244234bfeed,training_runtime_record
v3|S3|medicine|tabpfn,medicine,S3,tabpfn,ea11ab7baa321b9a28986b4a8df1f539b15359322cbe4e538fa315c5a97376e3,s2537,f710dcea0cad1b83bc2ce39193e38d7582f0bdf8a3364eb348939244234bfeed,model_version,TabPFN v2.5 fine-tuned,model_version,s2538,3b3969696711604d7d68b0f6c41a55cf8c998762115fc298dcd6107e664231f5,task_record
v3|S3|medicine|tabpfn,medicine,S3,tabpfn,ea11ab7baa321b9a28986b4a8df1f539b15359322cbe4e538fa315c5a97376e3,s2537,f710dcea0cad1b83bc2ce39193e38d7582f0bdf8a3364eb348939244234bfeed,configuration,"{""bag_count"":1,""config_sha256"":""01016f6ffc89e8e8d22ce3836d62a529c41381b076c9509db0557b3c42a32c61"",""context_bagging"":""prevalence_stratified"",""context_row_policy"":""full_or_model_limit"",""estimator_count"":1,""feature_count"":128,""preprocessing"":""median_indicator""}",locked_configuration,s2538,3b3969696711604d7d68b0f6c41a55cf8c998762115fc298dcd6107e664231f5,recorded_locked_configuration
v3|S3|medicine|tabpfn,medicine,S3,tabpfn,ea11ab7baa321b9a28986b4a8df1f539b15359322cbe4e538fa315c5a97376e3,s2537,f710dcea0cad1b83bc2ce39193e38d7582f0bdf8a3364eb348939244234bfeed,context_row_policy,full_or_model_limit,locked_configuration.context_row_policy,s2538,3b3969696711604d7d68b0f6c41a55cf8c998762115fc298dcd6107e664231f5,recorded_locked_configuration
v3|S3|medicine|tabpfn,medicine,S3,tabpfn,ea11ab7baa321b9a28986b4a8df1f539b15359322cbe4e538fa315c5a97376e3,s2537,f710dcea0cad1b83bc2ce39193e38d7582f0bdf8a3364eb348939244234bfeed,estimator_count,1,locked_configuration.estimator_count,s2538,3b3969696711604d7d68b0f6c41a55cf8c998762115fc298dcd6107e664231f5,recorded_locked_configuration
v3|S3|medicine|tabpfn,medicine,S3,tabpfn,ea11ab7baa321b9a28986b4a8df1f539b15359322cbe4e538fa315c5a97376e3,s2537,f710dcea0cad1b83bc2ce39193e38d7582f0bdf8a3364eb348939244234bfeed,bag_count,1,locked_configuration.bag_count,s2538,3b3969696711604d7d68b0f6c41a55cf8c998762115fc298dcd6107e664231f5,recorded_locked_configuration
v3|S3|medicine|tabpfn,medicine,S3,tabpfn,ea11ab7baa321b9a28986b4a8df1f539b15359322cbe4e538fa315c5a97376e3,s2537,f710dcea0cad1b83bc2ce39193e38d7582f0bdf8a3364eb348939244234bfeed,preprocessing,median_indicator,locked_configuration.preprocessing,s2538,3b3969696711604d7d68b0f6c41a55cf8c998762115fc298dcd6107e664231f5,recorded_locked_configuration
v3|S4|medicine|stacking,medicine,S4,stacking,cd26c3a837f4d0a259641975f64a51dce0d308b4e6a04239769f7a76f44b0b34,s2554,ea8e1839f173fd84c5dc2e4292edd1464fc092b48551206b669ab355276ad59e,meta_learning_contract,VALIDATION_2024_META_MODEL,meta_learning_contract,s2554,ea8e1839f173fd84c5dc2e4292edd1464fc092b48551206b669ab355276ad59e,task_record
v3|S4|medicine|stacking,medicine,S4,stacking,cd26c3a837f4d0a259641975f64a51dce0d308b4e6a04239769f7a76f44b0b34,s2554,ea8e1839f173fd84c5dc2e4292edd1464fc092b48551206b669ab355276ad59e,final_selected_C,0.046415888336127774,final_selected_C,s2554,ea8e1839f173fd84c5dc2e4292edd1464fc092b48551206b669ab355276ad59e,task_record
v3|S4|medicine|stacking,medicine,S4,stacking,cd26c3a837f4d0a259641975f64a51dce0d308b4e6a04239769f7a76f44b0b34,s2554,ea8e1839f173fd84c5dc2e4292edd1464fc092b48551206b669ab355276ad59e,stack_member_order,"[""logistic_l2"",""catboost"",""xgboost"",""lightgbm"",""bert_finetuned"",""mlp_plr"",""ft_transformer"",""cnn_1d"",""tabpfn_finetuned"",""tabicl"",""tabpfn_thinking""]",feature_order,s2554,ea8e1839f173fd84c5dc2e4292edd1464fc092b48551206b669ab355276ad59e,sealed_stack_input_order
v3|S4|medicine|tabpfn,medicine,S4,tabpfn,6ae3f29fbf3c47a82a28c80750c633e3fdde6603fb644d24b8d4be82e5d1181e,s2556,6fefc96c6935a9ef4de54c92e082db39881e3f70af5bb779b5bddb956452aa70,lineage,specialty_opname_tabpfn_finetuned_v25,lineage,s2556,6fefc96c6935a9ef4de54c92e082db39881e3f70af5bb779b5bddb956452aa70,task_record
v3|S4|medicine|tabpfn,medicine,S4,tabpfn,6ae3f29fbf3c47a82a28c80750c633e3fdde6603fb644d24b8d4be82e5d1181e,s2556,6fefc96c6935a9ef4de54c92e082db39881e3f70af5bb779b5bddb956452aa70,runtime_packages,"{""numpy"":""2.0.2"",""pandas"":""2.3.3"",""scikit-learn"":""1.6.1"",""imbalanced-learn"":""0.14.1"",""xgboost"":""3.2.0"",""lightgbm"":""4.6.0"",""catboost"":""1.2.10"",""optuna"":""4.9.0"",""joblib"":""1.5.3""}",runtime.packages,s2556,6fefc96c6935a9ef4de54c92e082db39881e3f70af5bb779b5bddb956452aa70,training_runtime_record
v3|S4|medicine|tabpfn,medicine,S4,tabpfn,6ae3f29fbf3c47a82a28c80750c633e3fdde6603fb644d24b8d4be82e5d1181e,s2556,6fefc96c6935a9ef4de54c92e082db39881e3f70af5bb779b5bddb956452aa70,runtime_device,cuda,runtime.device,s2556,6fefc96c6935a9ef4de54c92e082db39881e3f70af5bb779b5bddb956452aa70,training_runtime_record
v3|S4|medicine|tabpfn,medicine,S4,tabpfn,6ae3f29fbf3c47a82a28c80750c633e3fdde6603fb644d24b8d4be82e5d1181e,s2556,6fefc96c6935a9ef4de54c92e082db39881e3f70af5bb779b5bddb956452aa70,model_version,TabPFN v2.5 fine-tuned,model_version,s2557,9fe6e28561c4ec69c7abc93a78b124f728a4c54b466b36eabb9d20728e7250bc,task_record
v3|S4|medicine|tabpfn,medicine,S4,tabpfn,6ae3f29fbf3c47a82a28c80750c633e3fdde6603fb644d24b8d4be82e5d1181e,s2556,6fefc96c6935a9ef4de54c92e082db39881e3f70af5bb779b5bddb956452aa70,configuration,"{""bag_count"":1,""config_sha256"":""01016f6ffc89e8e8d22ce3836d62a529c41381b076c9509db0557b3c42a32c61"",""context_bagging"":""prevalence_stratified"",""context_row_policy"":""full_or_model_limit"",""estimator_count"":1,""feature_count"":128,""preprocessing"":""median_indicator""}",locked_configuration,s2557,9fe6e28561c4ec69c7abc93a78b124f728a4c54b466b36eabb9d20728e7250bc,recorded_locked_configuration
v3|S4|medicine|tabpfn,medicine,S4,tabpfn,6ae3f29fbf3c47a82a28c80750c633e3fdde6603fb644d24b8d4be82e5d1181e,s2556,6fefc96c6935a9ef4de54c92e082db39881e3f70af5bb779b5bddb956452aa70,context_row_policy,full_or_model_limit,locked_configuration.context_row_policy,s2557,9fe6e28561c4ec69c7abc93a78b124f728a4c54b466b36eabb9d20728e7250bc,recorded_locked_configuration
v3|S4|medicine|tabpfn,medicine,S4,tabpfn,6ae3f29fbf3c47a82a28c80750c633e3fdde6603fb644d24b8d4be82e5d1181e,s2556,6fefc96c6935a9ef4de54c92e082db39881e3f70af5bb779b5bddb956452aa70,estimator_count,1,locked_configuration.estimator_count,s2557,9fe6e28561c4ec69c7abc93a78b124f728a4c54b466b36eabb9d20728e7250bc,recorded_locked_configuration
v3|S4|medicine|tabpfn,medicine,S4,tabpfn,6ae3f29fbf3c47a82a28c80750c633e3fdde6603fb644d24b8d4be82e5d1181e,s2556,6fefc96c6935a9ef4de54c92e082db39881e3f70af5bb779b5bddb956452aa70,bag_count,1,locked_configuration.bag_count,s2557,9fe6e28561c4ec69c7abc93a78b124f728a4c54b466b36eabb9d20728e7250bc,recorded_locked_configuration
v3|S4|medicine|tabpfn,medicine,S4,tabpfn,6ae3f29fbf3c47a82a28c80750c633e3fdde6603fb644d24b8d4be82e5d1181e,s2556,6fefc96c6935a9ef4de54c92e082db39881e3f70af5bb779b5bddb956452aa70,preprocessing,median_indicator,locked_configuration.preprocessing,s2557,9fe6e28561c4ec69c7abc93a78b124f728a4c54b466b36eabb9d20728e7250bc,recorded_locked_configuration
v3|S5|medicine|stacking,medicine,S5,stacking,478899ce69688000c6f0726ad90a58e0a69e48bea1074af8a1186e7c59ac08e4,s2573,904fe1878e60cef65142cbe71380f2b46db88c7cbbdef1b912e7165d58e40885,meta_learning_contract,VALIDATION_2024_META_MODEL,meta_learning_contract,s2573,904fe1878e60cef65142cbe71380f2b46db88c7cbbdef1b912e7165d58e40885,task_record
v3|S5|medicine|stacking,medicine,S5,stacking,478899ce69688000c6f0726ad90a58e0a69e48bea1074af8a1186e7c59ac08e4,s2573,904fe1878e60cef65142cbe71380f2b46db88c7cbbdef1b912e7165d58e40885,final_selected_C,0.0001,final_selected_C,s2573,904fe1878e60cef65142cbe71380f2b46db88c7cbbdef1b912e7165d58e40885,task_record
v3|S5|medicine|stacking,medicine,S5,stacking,478899ce69688000c6f0726ad90a58e0a69e48bea1074af8a1186e7c59ac08e4,s2573,904fe1878e60cef65142cbe71380f2b46db88c7cbbdef1b912e7165d58e40885,stack_member_order,"[""logistic_l2"",""catboost"",""xgboost"",""lightgbm"",""bert_finetuned"",""mlp_plr"",""ft_transformer"",""cnn_1d"",""tabpfn_finetuned"",""tabicl"",""tabpfn_thinking""]",feature_order,s2573,904fe1878e60cef65142cbe71380f2b46db88c7cbbdef1b912e7165d58e40885,sealed_stack_input_order
v3|S5|medicine|tabpfn,medicine,S5,tabpfn,a1d0b043d06b1263f89603fc7d5c12d475ec05242032438b03afbfc344b06f66,s2575,3b9195e3e18ea5d84a8b3e21a9add80c6f61c4dce7762c60559a33514f1e241d,lineage,specialty_opname_tabpfn_finetuned_v25,lineage,s2575,3b9195e3e18ea5d84a8b3e21a9add80c6f61c4dce7762c60559a33514f1e241d,task_record
v3|S5|medicine|tabpfn,medicine,S5,tabpfn,a1d0b043d06b1263f89603fc7d5c12d475ec05242032438b03afbfc344b06f66,s2575,3b9195e3e18ea5d84a8b3e21a9add80c6f61c4dce7762c60559a33514f1e241d,runtime_packages,"{""numpy"":""2.0.2"",""pandas"":""2.3.3"",""scikit-learn"":""1.6.1"",""imbalanced-learn"":""0.14.1"",""xgboost"":""3.2.0"",""lightgbm"":""4.6.0"",""catboost"":""1.2.10"",""optuna"":""4.9.0"",""joblib"":""1.5.3""}",runtime.packages,s2575,3b9195e3e18ea5d84a8b3e21a9add80c6f61c4dce7762c60559a33514f1e241d,training_runtime_record
v3|S5|medicine|tabpfn,medicine,S5,tabpfn,a1d0b043d06b1263f89603fc7d5c12d475ec05242032438b03afbfc344b06f66,s2575,3b9195e3e18ea5d84a8b3e21a9add80c6f61c4dce7762c60559a33514f1e241d,runtime_device,cuda,runtime.device,s2575,3b9195e3e18ea5d84a8b3e21a9add80c6f61c4dce7762c60559a33514f1e241d,training_runtime_record
v3|S5|medicine|tabpfn,medicine,S5,tabpfn,a1d0b043d06b1263f89603fc7d5c12d475ec05242032438b03afbfc344b06f66,s2575,3b9195e3e18ea5d84a8b3e21a9add80c6f61c4dce7762c60559a33514f1e241d,model_version,TabPFN v2.5 fine-tuned,model_version,s2576,a98fe3eab9ffc66d7645adc12164efe447918cf190190435619e3b659da615f9,task_record
v3|S5|medicine|tabpfn,medicine,S5,tabpfn,a1d0b043d06b1263f89603fc7d5c12d475ec05242032438b03afbfc344b06f66,s2575,3b9195e3e18ea5d84a8b3e21a9add80c6f61c4dce7762c60559a33514f1e241d,configuration,"{""bag_count"":1,""config_sha256"":""01016f6ffc89e8e8d22ce3836d62a529c41381b076c9509db0557b3c42a32c61"",""context_bagging"":""prevalence_stratified"",""context_row_policy"":""full_or_model_limit"",""estimator_count"":1,""feature_count"":128,""preprocessing"":""median_indicator""}",locked_configuration,s2576,a98fe3eab9ffc66d7645adc12164efe447918cf190190435619e3b659da615f9,recorded_locked_configuration
v3|S5|medicine|tabpfn,medicine,S5,tabpfn,a1d0b043d06b1263f89603fc7d5c12d475ec05242032438b03afbfc344b06f66,s2575,3b9195e3e18ea5d84a8b3e21a9add80c6f61c4dce7762c60559a33514f1e241d,context_row_policy,full_or_model_limit,locked_configuration.context_row_policy,s2576,a98fe3eab9ffc66d7645adc12164efe447918cf190190435619e3b659da615f9,recorded_locked_configuration
v3|S5|medicine|tabpfn,medicine,S5,tabpfn,a1d0b043d06b1263f89603fc7d5c12d475ec05242032438b03afbfc344b06f66,s2575,3b9195e3e18ea5d84a8b3e21a9add80c6f61c4dce7762c60559a33514f1e241d,estimator_count,1,locked_configuration.estimator_count,s2576,a98fe3eab9ffc66d7645adc12164efe447918cf190190435619e3b659da615f9,recorded_locked_configuration
v3|S5|medicine|tabpfn,medicine,S5,tabpfn,a1d0b043d06b1263f89603fc7d5c12d475ec05242032438b03afbfc344b06f66,s2575,3b9195e3e18ea5d84a8b3e21a9add80c6f61c4dce7762c60559a33514f1e241d,bag_count,1,locked_configuration.bag_count,s2576,a98fe3eab9ffc66d7645adc12164efe447918cf190190435619e3b659da615f9,recorded_locked_configuration
v3|S5|medicine|tabpfn,medicine,S5,tabpfn,a1d0b043d06b1263f89603fc7d5c12d475ec05242032438b03afbfc344b06f66,s2575,3b9195e3e18ea5d84a8b3e21a9add80c6f61c4dce7762c60559a33514f1e241d,preprocessing,median_indicator,locked_configuration.preprocessing,s2576,a98fe3eab9ffc66d7645adc12164efe447918cf190190435619e3b659da615f9,recorded_locked_configuration
v3|S6|medicine|stacking,medicine,S6,stacking,692bc773c458dcc556e06ea990c3311cf99512cf390cfc97f74ea8c30e026377,s2592,28023bc48cf48fd174a74a1caa890bf9bc50015db86045ef9c685c870a52d055,meta_learning_contract,VALIDATION_2024_META_MODEL,meta_learning_contract,s2592,28023bc48cf48fd174a74a1caa890bf9bc50015db86045ef9c685c870a52d055,task_record
v3|S6|medicine|stacking,medicine,S6,stacking,692bc773c458dcc556e06ea990c3311cf99512cf390cfc97f74ea8c30e026377,s2592,28023bc48cf48fd174a74a1caa890bf9bc50015db86045ef9c685c870a52d055,final_selected_C,0.000774263682681127,final_selected_C,s2592,28023bc48cf48fd174a74a1caa890bf9bc50015db86045ef9c685c870a52d055,task_record
v3|S6|medicine|stacking,medicine,S6,stacking,692bc773c458dcc556e06ea990c3311cf99512cf390cfc97f74ea8c30e026377,s2592,28023bc48cf48fd174a74a1caa890bf9bc50015db86045ef9c685c870a52d055,stack_member_order,"[""logistic_l2"",""catboost"",""xgboost"",""lightgbm"",""bert_finetuned"",""mlp_plr"",""ft_transformer"",""cnn_1d"",""tabpfn_finetuned"",""tabicl"",""tabpfn_thinking""]",feature_order,s2592,28023bc48cf48fd174a74a1caa890bf9bc50015db86045ef9c685c870a52d055,sealed_stack_input_order
v3|S6|medicine|tabpfn,medicine,S6,tabpfn,5fbb56d529c6002630a3707567456ad0a2148a9910ab4645181413aefd81297f,s2594,9ce94cc5acd5340b98b6813b60189352c52c316ef6ca0167e47d840d35aee578,lineage,specialty_opname_tabpfn_finetuned_v25,lineage,s2594,9ce94cc5acd5340b98b6813b60189352c52c316ef6ca0167e47d840d35aee578,task_record
v3|S6|medicine|tabpfn,medicine,S6,tabpfn,5fbb56d529c6002630a3707567456ad0a2148a9910ab4645181413aefd81297f,s2594,9ce94cc5acd5340b98b6813b60189352c52c316ef6ca0167e47d840d35aee578,runtime_packages,"{""numpy"":""2.0.2"",""pandas"":""2.3.3"",""scikit-learn"":""1.6.1"",""imbalanced-learn"":""0.14.1"",""xgboost"":""3.2.0"",""lightgbm"":""4.6.0"",""catboost"":""1.2.10"",""optuna"":""4.9.0"",""joblib"":""1.5.3""}",runtime.packages,s2594,9ce94cc5acd5340b98b6813b60189352c52c316ef6ca0167e47d840d35aee578,training_runtime_record
v3|S6|medicine|tabpfn,medicine,S6,tabpfn,5fbb56d529c6002630a3707567456ad0a2148a9910ab4645181413aefd81297f,s2594,9ce94cc5acd5340b98b6813b60189352c52c316ef6ca0167e47d840d35aee578,runtime_device,cuda,runtime.device,s2594,9ce94cc5acd5340b98b6813b60189352c52c316ef6ca0167e47d840d35aee578,training_runtime_record
v3|S6|medicine|tabpfn,medicine,S6,tabpfn,5fbb56d529c6002630a3707567456ad0a2148a9910ab4645181413aefd81297f,s2594,9ce94cc5acd5340b98b6813b60189352c52c316ef6ca0167e47d840d35aee578,model_version,TabPFN v2.5 fine-tuned,model_version,s2595,5c1422c25c1c70d081924c0c2c89d30f5d82ff1ddae90de432ea25c0981ac9b7,task_record
v3|S6|medicine|tabpfn,medicine,S6,tabpfn,5fbb56d529c6002630a3707567456ad0a2148a9910ab4645181413aefd81297f,s2594,9ce94cc5acd5340b98b6813b60189352c52c316ef6ca0167e47d840d35aee578,configuration,"{""bag_count"":1,""config_sha256"":""058d3a9e0225f7866f79334e5de6ed714961fd02b472bebce41469f682271aaf"",""context_bagging"":""prevalence_stratified"",""context_row_policy"":""full_or_model_limit"",""estimator_count"":2,""feature_count"":128,""preprocessing"":""robust_indicator""}",locked_configuration,s2595,5c1422c25c1c70d081924c0c2c89d30f5d82ff1ddae90de432ea25c0981ac9b7,recorded_locked_configuration
v3|S6|medicine|tabpfn,medicine,S6,tabpfn,5fbb56d529c6002630a3707567456ad0a2148a9910ab4645181413aefd81297f,s2594,9ce94cc5acd5340b98b6813b60189352c52c316ef6ca0167e47d840d35aee578,context_row_policy,full_or_model_limit,locked_configuration.context_row_policy,s2595,5c1422c25c1c70d081924c0c2c89d30f5d82ff1ddae90de432ea25c0981ac9b7,recorded_locked_configuration
v3|S6|medicine|tabpfn,medicine,S6,tabpfn,5fbb56d529c6002630a3707567456ad0a2148a9910ab4645181413aefd81297f,s2594,9ce94cc5acd5340b98b6813b60189352c52c316ef6ca0167e47d840d35aee578,estimator_count,2,locked_configuration.estimator_count,s2595,5c1422c25c1c70d081924c0c2c89d30f5d82ff1ddae90de432ea25c0981ac9b7,recorded_locked_configuration
v3|S6|medicine|tabpfn,medicine,S6,tabpfn,5fbb56d529c6002630a3707567456ad0a2148a9910ab4645181413aefd81297f,s2594,9ce94cc5acd5340b98b6813b60189352c52c316ef6ca0167e47d840d35aee578,bag_count,1,locked_configuration.bag_count,s2595,5c1422c25c1c70d081924c0c2c89d30f5d82ff1ddae90de432ea25c0981ac9b7,recorded_locked_configuration
v3|S6|medicine|tabpfn,medicine,S6,tabpfn,5fbb56d529c6002630a3707567456ad0a2148a9910ab4645181413aefd81297f,s2594,9ce94cc5acd5340b98b6813b60189352c52c316ef6ca0167e47d840d35aee578,preprocessing,robust_indicator,locked_configuration.preprocessing,s2595,5c1422c25c1c70d081924c0c2c89d30f5d82ff1ddae90de432ea25c0981ac9b7,recorded_locked_configuration
v3|P1|surgery|stacking,surgery,P1,stacking,85c332163b33eef732a34eb19330b69f29b8afc83351e16f1386eb66ada3cb1f,s2609,26151bd05c446322945554011d07663bfa8646e5414b2836ccd7fd57b57ab1f6,meta_learning_contract,VALIDATION_2024_META_MODEL,meta_learning_contract,s2609,26151bd05c446322945554011d07663bfa8646e5414b2836ccd7fd57b57ab1f6,task_record
v3|P1|surgery|stacking,surgery,P1,stacking,85c332163b33eef732a34eb19330b69f29b8afc83351e16f1386eb66ada3cb1f,s2609,26151bd05c446322945554011d07663bfa8646e5414b2836ccd7fd57b57ab1f6,runtime_python,3.12.13,runtime.python,s2609,26151bd05c446322945554011d07663bfa8646e5414b2836ccd7fd57b57ab1f6,training_runtime_record
v3|P1|surgery|stacking,surgery,P1,stacking,85c332163b33eef732a34eb19330b69f29b8afc83351e16f1386eb66ada3cb1f,s2609,26151bd05c446322945554011d07663bfa8646e5414b2836ccd7fd57b57ab1f6,stack_member_order,"[""logistic_l2"",""catboost"",""xgboost"",""lightgbm"",""balanced_random_forest"",""bert_finetuned"",""mlp_plr"",""ft_transformer"",""cnn_1d"",""tabpfn_standard"",""tabicl"",""tabpfn_thinking""]",feature_order,s2609,26151bd05c446322945554011d07663bfa8646e5414b2836ccd7fd57b57ab1f6,sealed_stack_input_order
v3|P1|surgery|tabpfn,surgery,P1,tabpfn,9a9f5bd75abcc5c8ecdb6f5f258417df24ac4bc00180f16a0a6a781254d8789e,s2611,e1bcc203a81fdf4c6cf4cc24dc2f042a4c27fa818bcdc9ce1670fa3e0441fb97,lineage,core_model_optimization_v2_tabpfn_standard_priorlabs_cloud_v3_specialty_opname_v1,lineage,s2611,e1bcc203a81fdf4c6cf4cc24dc2f042a4c27fa818bcdc9ce1670fa3e0441fb97,task_record
v3|P1|surgery|tabpfn,surgery,P1,tabpfn,9a9f5bd75abcc5c8ecdb6f5f258417df24ac4bc00180f16a0a6a781254d8789e,s2611,e1bcc203a81fdf4c6cf4cc24dc2f042a4c27fa818bcdc9ce1670fa3e0441fb97,runtime_packages,"{""numpy"":""2.4.4"",""pandas"":""2.3.3"",""scikit-learn"":""1.8.0"",""imbalanced-learn"":""0.14.2"",""xgboost"":""3.2.0"",""lightgbm"":""4.6.0"",""catboost"":""1.2.10"",""optuna"":""4.9.0"",""joblib"":""1.5.3""}",runtime.packages,s2611,e1bcc203a81fdf4c6cf4cc24dc2f042a4c27fa818bcdc9ce1670fa3e0441fb97,training_runtime_record
v3|P1|surgery|tabpfn,surgery,P1,tabpfn,9a9f5bd75abcc5c8ecdb6f5f258417df24ac4bc00180f16a0a6a781254d8789e,s2611,e1bcc203a81fdf4c6cf4cc24dc2f042a4c27fa818bcdc9ce1670fa3e0441fb97,runtime_device,priorlabs_cloud_v3_non_thinking,runtime.device,s2611,e1bcc203a81fdf4c6cf4cc24dc2f042a4c27fa818bcdc9ce1670fa3e0441fb97,training_runtime_record
v3|P1|surgery|tabpfn,surgery,P1,tabpfn,9a9f5bd75abcc5c8ecdb6f5f258417df24ac4bc00180f16a0a6a781254d8789e,s2611,e1bcc203a81fdf4c6cf4cc24dc2f042a4c27fa818bcdc9ce1670fa3e0441fb97,configuration,"{""feature_count"":""all"",""context_row_policy"":""full_or_model_limit"",""preprocessing"":""robust_indicator"",""context_bagging"":""event_enriched"",""estimator_count"":4,""bag_count"":1,""config_sha256"":""1c0869b2b8755aec92bc0a32d2b5d429710768546279d72d62a2a7696e9ac562""}",locked_configuration,s2612,af63f4991ff581f4e93c1f1998f6f045052a8e3d95fc3c2de0579142bd8f77a4,recorded_locked_configuration
v3|P1|surgery|tabpfn,surgery,P1,tabpfn,9a9f5bd75abcc5c8ecdb6f5f258417df24ac4bc00180f16a0a6a781254d8789e,s2611,e1bcc203a81fdf4c6cf4cc24dc2f042a4c27fa818bcdc9ce1670fa3e0441fb97,context_row_policy,full_or_model_limit,locked_configuration.context_row_policy,s2612,af63f4991ff581f4e93c1f1998f6f045052a8e3d95fc3c2de0579142bd8f77a4,recorded_locked_configuration
v3|P1|surgery|tabpfn,surgery,P1,tabpfn,9a9f5bd75abcc5c8ecdb6f5f258417df24ac4bc00180f16a0a6a781254d8789e,s2611,e1bcc203a81fdf4c6cf4cc24dc2f042a4c27fa818bcdc9ce1670fa3e0441fb97,estimator_count,4,locked_configuration.estimator_count,s2612,af63f4991ff581f4e93c1f1998f6f045052a8e3d95fc3c2de0579142bd8f77a4,recorded_locked_configuration
v3|P1|surgery|tabpfn,surgery,P1,tabpfn,9a9f5bd75abcc5c8ecdb6f5f258417df24ac4bc00180f16a0a6a781254d8789e,s2611,e1bcc203a81fdf4c6cf4cc24dc2f042a4c27fa818bcdc9ce1670fa3e0441fb97,bag_count,1,locked_configuration.bag_count,s2612,af63f4991ff581f4e93c1f1998f6f045052a8e3d95fc3c2de0579142bd8f77a4,recorded_locked_configuration
v3|P1|surgery|tabpfn,surgery,P1,tabpfn,9a9f5bd75abcc5c8ecdb6f5f258417df24ac4bc00180f16a0a6a781254d8789e,s2611,e1bcc203a81fdf4c6cf4cc24dc2f042a4c27fa818bcdc9ce1670fa3e0441fb97,preprocessing,robust_indicator,locked_configuration.preprocessing,s2612,af63f4991ff581f4e93c1f1998f6f045052a8e3d95fc3c2de0579142bd8f77a4,recorded_locked_configuration
v3|P1|surgery|tabpfn,surgery,P1,tabpfn,9a9f5bd75abcc5c8ecdb6f5f258417df24ac4bc00180f16a0a6a781254d8789e,s2611,e1bcc203a81fdf4c6cf4cc24dc2f042a4c27fa818bcdc9ce1670fa3e0441fb97,seed,20260716,result.seed,s2615,5d9860e95c2db064b32b980dc3e7c8ebbcd8192cf25da6d9a18295657a0a70e7,actual_final_checkpoint
v3|P2|surgery|stacking,surgery,P2,stacking,fad471dd92f88dcfa3fb79fdfff34504425eb4fcd55513996c42ce315022f179,s2625,b2ba82cb1dd1e1a57d50fa06939de24e621fd0e5504acf080771407db8555620,meta_learning_contract,OOF_STACKING,meta_learning_contract,s2625,b2ba82cb1dd1e1a57d50fa06939de24e621fd0e5504acf080771407db8555620,task_record
v3|P2|surgery|stacking,surgery,P2,stacking,fad471dd92f88dcfa3fb79fdfff34504425eb4fcd55513996c42ce315022f179,s2625,b2ba82cb1dd1e1a57d50fa06939de24e621fd0e5504acf080771407db8555620,runtime_python,3.12.13,runtime.python,s2625,b2ba82cb1dd1e1a57d50fa06939de24e621fd0e5504acf080771407db8555620,training_runtime_record
v3|P2|surgery|stacking,surgery,P2,stacking,fad471dd92f88dcfa3fb79fdfff34504425eb4fcd55513996c42ce315022f179,s2625,b2ba82cb1dd1e1a57d50fa06939de24e621fd0e5504acf080771407db8555620,stack_member_order,"[""logistic_l2"",""catboost"",""xgboost"",""lightgbm"",""balanced_random_forest"",""bert_finetuned"",""mlp_plr"",""ft_transformer"",""cnn_1d"",""tabpfn_standard"",""tabicl"",""tabpfn_thinking""]",feature_order,s2625,b2ba82cb1dd1e1a57d50fa06939de24e621fd0e5504acf080771407db8555620,sealed_stack_input_order
v3|P2|surgery|tabpfn,surgery,P2,tabpfn,f1bd439d70243e9a587e95bac648d61ccb27b2375d8edd853975fa355c592d11,s2627,9c575bfe36f09c7974975cfd9ed5d7134464380cebb97e7de889d309e490838b,lineage,core_model_optimization_v2_tabpfn_standard_priorlabs_cloud_v3_specialty_opname_v1,lineage,s2627,9c575bfe36f09c7974975cfd9ed5d7134464380cebb97e7de889d309e490838b,task_record
v3|P2|surgery|tabpfn,surgery,P2,tabpfn,f1bd439d70243e9a587e95bac648d61ccb27b2375d8edd853975fa355c592d11,s2627,9c575bfe36f09c7974975cfd9ed5d7134464380cebb97e7de889d309e490838b,runtime_packages,"{""numpy"":""2.4.4"",""pandas"":""2.3.3"",""scikit-learn"":""1.8.0"",""imbalanced-learn"":""0.14.2"",""xgboost"":""3.2.0"",""lightgbm"":""4.6.0"",""catboost"":""1.2.10"",""optuna"":""4.9.0"",""joblib"":""1.5.3""}",runtime.packages,s2627,9c575bfe36f09c7974975cfd9ed5d7134464380cebb97e7de889d309e490838b,training_runtime_record
v3|P2|surgery|tabpfn,surgery,P2,tabpfn,f1bd439d70243e9a587e95bac648d61ccb27b2375d8edd853975fa355c592d11,s2627,9c575bfe36f09c7974975cfd9ed5d7134464380cebb97e7de889d309e490838b,runtime_device,priorlabs_cloud_v3_non_thinking,runtime.device,s2627,9c575bfe36f09c7974975cfd9ed5d7134464380cebb97e7de889d309e490838b,training_runtime_record
v3|P2|surgery|tabpfn,surgery,P2,tabpfn,f1bd439d70243e9a587e95bac648d61ccb27b2375d8edd853975fa355c592d11,s2627,9c575bfe36f09c7974975cfd9ed5d7134464380cebb97e7de889d309e490838b,configuration,"{""feature_count"":""all"",""context_row_policy"":""full_or_model_limit"",""preprocessing"":""median_indicator"",""context_bagging"":""prevalence_stratified"",""estimator_count"":4,""bag_count"":2,""config_sha256"":""193c86ad52b6f7f5207e113952726f45ffa9728a66ad41fd401ee76afac0a2bd""}",locked_configuration,s2628,51e6136624cbc8370b642820729645eeecf961c8c2bfa8a1c3ab1f7b6fc91abd,recorded_locked_configuration
v3|P2|surgery|tabpfn,surgery,P2,tabpfn,f1bd439d70243e9a587e95bac648d61ccb27b2375d8edd853975fa355c592d11,s2627,9c575bfe36f09c7974975cfd9ed5d7134464380cebb97e7de889d309e490838b,context_row_policy,full_or_model_limit,locked_configuration.context_row_policy,s2628,51e6136624cbc8370b642820729645eeecf961c8c2bfa8a1c3ab1f7b6fc91abd,recorded_locked_configuration
v3|P2|surgery|tabpfn,surgery,P2,tabpfn,f1bd439d70243e9a587e95bac648d61ccb27b2375d8edd853975fa355c592d11,s2627,9c575bfe36f09c7974975cfd9ed5d7134464380cebb97e7de889d309e490838b,estimator_count,4,locked_configuration.estimator_count,s2628,51e6136624cbc8370b642820729645eeecf961c8c2bfa8a1c3ab1f7b6fc91abd,recorded_locked_configuration
v3|P2|surgery|tabpfn,surgery,P2,tabpfn,f1bd439d70243e9a587e95bac648d61ccb27b2375d8edd853975fa355c592d11,s2627,9c575bfe36f09c7974975cfd9ed5d7134464380cebb97e7de889d309e490838b,bag_count,2,locked_configuration.bag_count,s2628,51e6136624cbc8370b642820729645eeecf961c8c2bfa8a1c3ab1f7b6fc91abd,recorded_locked_configuration
v3|P2|surgery|tabpfn,surgery,P2,tabpfn,f1bd439d70243e9a587e95bac648d61ccb27b2375d8edd853975fa355c592d11,s2627,9c575bfe36f09c7974975cfd9ed5d7134464380cebb97e7de889d309e490838b,preprocessing,median_indicator,locked_configuration.preprocessing,s2628,51e6136624cbc8370b642820729645eeecf961c8c2bfa8a1c3ab1f7b6fc91abd,recorded_locked_configuration
v3|P2|surgery|tabpfn,surgery,P2,tabpfn,f1bd439d70243e9a587e95bac648d61ccb27b2375d8edd853975fa355c592d11,s2627,9c575bfe36f09c7974975cfd9ed5d7134464380cebb97e7de889d309e490838b,seed,20260716,result.seed,s2631,9f1a151e2adbe7994308d8d04211708d2ab10bccba2663348113d91a7d8c2acf,actual_final_checkpoint
v3|P3|surgery|stacking,surgery,P3,stacking,ebaa14c111cd89fb3722c50ebde8c322097a959b39c4e8a6f652a50b86e64920,s2641,102e6d0bea234e405727491ab9f4b2f1eda85dfe276bd0e55290dfdecfb9e181,meta_learning_contract,OOF_STACKING,meta_learning_contract,s2641,102e6d0bea234e405727491ab9f4b2f1eda85dfe276bd0e55290dfdecfb9e181,task_record
v3|P3|surgery|stacking,surgery,P3,stacking,ebaa14c111cd89fb3722c50ebde8c322097a959b39c4e8a6f652a50b86e64920,s2641,102e6d0bea234e405727491ab9f4b2f1eda85dfe276bd0e55290dfdecfb9e181,runtime_python,3.12.13,runtime.python,s2641,102e6d0bea234e405727491ab9f4b2f1eda85dfe276bd0e55290dfdecfb9e181,training_runtime_record
v3|P3|surgery|stacking,surgery,P3,stacking,ebaa14c111cd89fb3722c50ebde8c322097a959b39c4e8a6f652a50b86e64920,s2641,102e6d0bea234e405727491ab9f4b2f1eda85dfe276bd0e55290dfdecfb9e181,stack_member_order,"[""logistic_l2"",""catboost"",""xgboost"",""lightgbm"",""balanced_random_forest"",""bert_finetuned"",""mlp_plr"",""ft_transformer"",""cnn_1d"",""tabpfn_standard"",""tabicl"",""tabpfn_thinking""]",feature_order,s2641,102e6d0bea234e405727491ab9f4b2f1eda85dfe276bd0e55290dfdecfb9e181,sealed_stack_input_order
v3|P3|surgery|tabpfn,surgery,P3,tabpfn,a4739e9af1eab7dae909a8b869daf52ae91b97e0ada2bc71ddec1a7014be3ca3,s2643,f81be52e7d89605dc7dd65fe77932e39c9e5a9d02166638de9fb98adce115667,lineage,core_model_optimization_v2_tabpfn_standard_priorlabs_cloud_v3_specialty_opname_v1,lineage,s2643,f81be52e7d89605dc7dd65fe77932e39c9e5a9d02166638de9fb98adce115667,task_record
v3|P3|surgery|tabpfn,surgery,P3,tabpfn,a4739e9af1eab7dae909a8b869daf52ae91b97e0ada2bc71ddec1a7014be3ca3,s2643,f81be52e7d89605dc7dd65fe77932e39c9e5a9d02166638de9fb98adce115667,runtime_packages,"{""numpy"":""2.4.4"",""pandas"":""2.3.3"",""scikit-learn"":""1.8.0"",""imbalanced-learn"":""0.14.2"",""xgboost"":""3.2.0"",""lightgbm"":""4.6.0"",""catboost"":""1.2.10"",""optuna"":""4.9.0"",""joblib"":""1.5.3""}",runtime.packages,s2643,f81be52e7d89605dc7dd65fe77932e39c9e5a9d02166638de9fb98adce115667,training_runtime_record
v3|P3|surgery|tabpfn,surgery,P3,tabpfn,a4739e9af1eab7dae909a8b869daf52ae91b97e0ada2bc71ddec1a7014be3ca3,s2643,f81be52e7d89605dc7dd65fe77932e39c9e5a9d02166638de9fb98adce115667,runtime_device,priorlabs_cloud_v3_non_thinking,runtime.device,s2643,f81be52e7d89605dc7dd65fe77932e39c9e5a9d02166638de9fb98adce115667,training_runtime_record
v3|P3|surgery|tabpfn,surgery,P3,tabpfn,a4739e9af1eab7dae909a8b869daf52ae91b97e0ada2bc71ddec1a7014be3ca3,s2643,f81be52e7d89605dc7dd65fe77932e39c9e5a9d02166638de9fb98adce115667,configuration,"{""feature_count"":""all"",""context_row_policy"":""full_or_model_limit"",""preprocessing"":""median_indicator"",""context_bagging"":""prevalence_stratified"",""estimator_count"":4,""bag_count"":1,""config_sha256"":""260979a317dd8a0aa5c1ce5ff24ac333c51b9958431f75f00337c14df1346926""}",locked_configuration,s2644,51dbe08b9c813db821375a5660239c709c3dd39f6c7b6f4e86528f54e1343769,recorded_locked_configuration
v3|P3|surgery|tabpfn,surgery,P3,tabpfn,a4739e9af1eab7dae909a8b869daf52ae91b97e0ada2bc71ddec1a7014be3ca3,s2643,f81be52e7d89605dc7dd65fe77932e39c9e5a9d02166638de9fb98adce115667,context_row_policy,full_or_model_limit,locked_configuration.context_row_policy,s2644,51dbe08b9c813db821375a5660239c709c3dd39f6c7b6f4e86528f54e1343769,recorded_locked_configuration
v3|P3|surgery|tabpfn,surgery,P3,tabpfn,a4739e9af1eab7dae909a8b869daf52ae91b97e0ada2bc71ddec1a7014be3ca3,s2643,f81be52e7d89605dc7dd65fe77932e39c9e5a9d02166638de9fb98adce115667,estimator_count,4,locked_configuration.estimator_count,s2644,51dbe08b9c813db821375a5660239c709c3dd39f6c7b6f4e86528f54e1343769,recorded_locked_configuration
v3|P3|surgery|tabpfn,surgery,P3,tabpfn,a4739e9af1eab7dae909a8b869daf52ae91b97e0ada2bc71ddec1a7014be3ca3,s2643,f81be52e7d89605dc7dd65fe77932e39c9e5a9d02166638de9fb98adce115667,bag_count,1,locked_configuration.bag_count,s2644,51dbe08b9c813db821375a5660239c709c3dd39f6c7b6f4e86528f54e1343769,recorded_locked_configuration
v3|P3|surgery|tabpfn,surgery,P3,tabpfn,a4739e9af1eab7dae909a8b869daf52ae91b97e0ada2bc71ddec1a7014be3ca3,s2643,f81be52e7d89605dc7dd65fe77932e39c9e5a9d02166638de9fb98adce115667,preprocessing,median_indicator,locked_configuration.preprocessing,s2644,51dbe08b9c813db821375a5660239c709c3dd39f6c7b6f4e86528f54e1343769,recorded_locked_configuration
v3|P3|surgery|tabpfn,surgery,P3,tabpfn,a4739e9af1eab7dae909a8b869daf52ae91b97e0ada2bc71ddec1a7014be3ca3,s2643,f81be52e7d89605dc7dd65fe77932e39c9e5a9d02166638de9fb98adce115667,seed,20260716,result.seed,s2647,3f8890aeeaf3aba3a4468230fad57fd0fe3b53769b9ebd16144f3190621b2712,actual_final_checkpoint
v3|S1|surgery|stacking,surgery,S1,stacking,f2c15cb1b65f142d73e4cdd178b0991e7c39f4c364e9007fd60ac974bd10a4a2,s2659,be5db5e1e54b90b7717959cee7249c568dd8e5f392f280d03fca0fea0adb69de,meta_learning_contract,VALIDATION_2024_META_MODEL,meta_learning_contract,s2659,be5db5e1e54b90b7717959cee7249c568dd8e5f392f280d03fca0fea0adb69de,task_record
v3|S1|surgery|stacking,surgery,S1,stacking,f2c15cb1b65f142d73e4cdd178b0991e7c39f4c364e9007fd60ac974bd10a4a2,s2659,be5db5e1e54b90b7717959cee7249c568dd8e5f392f280d03fca0fea0adb69de,final_selected_C,0.000774263682681127,final_selected_C,s2659,be5db5e1e54b90b7717959cee7249c568dd8e5f392f280d03fca0fea0adb69de,task_record
v3|S1|surgery|stacking,surgery,S1,stacking,f2c15cb1b65f142d73e4cdd178b0991e7c39f4c364e9007fd60ac974bd10a4a2,s2659,be5db5e1e54b90b7717959cee7249c568dd8e5f392f280d03fca0fea0adb69de,stack_member_order,"[""logistic_l2"",""catboost"",""xgboost"",""lightgbm"",""bert_finetuned"",""mlp_plr"",""ft_transformer"",""cnn_1d"",""tabpfn_finetuned"",""tabicl"",""tabpfn_thinking""]",feature_order,s2659,be5db5e1e54b90b7717959cee7249c568dd8e5f392f280d03fca0fea0adb69de,sealed_stack_input_order
v3|S1|surgery|tabpfn,surgery,S1,tabpfn,0c912328c5f73110fc99385ccb497cf735fe3c7778ccf7c40c8084ea898ff128,s2661,8efdca506387f1768d9bec9c55fa100456772c48aad346f2dc9e4f0735050aa0,lineage,specialty_opname_tabpfn_finetuned_v25,lineage,s2661,8efdca506387f1768d9bec9c55fa100456772c48aad346f2dc9e4f0735050aa0,task_record
v3|S1|surgery|tabpfn,surgery,S1,tabpfn,0c912328c5f73110fc99385ccb497cf735fe3c7778ccf7c40c8084ea898ff128,s2661,8efdca506387f1768d9bec9c55fa100456772c48aad346f2dc9e4f0735050aa0,runtime_packages,"{""numpy"":""2.0.2"",""pandas"":""2.3.3"",""scikit-learn"":""1.6.1"",""imbalanced-learn"":""0.14.1"",""xgboost"":""3.2.0"",""lightgbm"":""4.6.0"",""catboost"":""1.2.10"",""optuna"":""4.9.0"",""joblib"":""1.5.3""}",runtime.packages,s2661,8efdca506387f1768d9bec9c55fa100456772c48aad346f2dc9e4f0735050aa0,training_runtime_record
v3|S1|surgery|tabpfn,surgery,S1,tabpfn,0c912328c5f73110fc99385ccb497cf735fe3c7778ccf7c40c8084ea898ff128,s2661,8efdca506387f1768d9bec9c55fa100456772c48aad346f2dc9e4f0735050aa0,runtime_device,cuda,runtime.device,s2661,8efdca506387f1768d9bec9c55fa100456772c48aad346f2dc9e4f0735050aa0,training_runtime_record
v3|S1|surgery|tabpfn,surgery,S1,tabpfn,0c912328c5f73110fc99385ccb497cf735fe3c7778ccf7c40c8084ea898ff128,s2661,8efdca506387f1768d9bec9c55fa100456772c48aad346f2dc9e4f0735050aa0,model_version,TabPFN v2.5 fine-tuned,model_version,s2662,1287a1a1889ca175966dc363feb12078a48c43e725f05bc863818432dedc533e,task_record
v3|S1|surgery|tabpfn,surgery,S1,tabpfn,0c912328c5f73110fc99385ccb497cf735fe3c7778ccf7c40c8084ea898ff128,s2661,8efdca506387f1768d9bec9c55fa100456772c48aad346f2dc9e4f0735050aa0,configuration,"{""bag_count"":1,""config_sha256"":""058d3a9e0225f7866f79334e5de6ed714961fd02b472bebce41469f682271aaf"",""context_bagging"":""prevalence_stratified"",""context_row_policy"":""full_or_model_limit"",""estimator_count"":2,""feature_count"":128,""preprocessing"":""robust_indicator""}",locked_configuration,s2662,1287a1a1889ca175966dc363feb12078a48c43e725f05bc863818432dedc533e,recorded_locked_configuration
v3|S1|surgery|tabpfn,surgery,S1,tabpfn,0c912328c5f73110fc99385ccb497cf735fe3c7778ccf7c40c8084ea898ff128,s2661,8efdca506387f1768d9bec9c55fa100456772c48aad346f2dc9e4f0735050aa0,context_row_policy,full_or_model_limit,locked_configuration.context_row_policy,s2662,1287a1a1889ca175966dc363feb12078a48c43e725f05bc863818432dedc533e,recorded_locked_configuration
v3|S1|surgery|tabpfn,surgery,S1,tabpfn,0c912328c5f73110fc99385ccb497cf735fe3c7778ccf7c40c8084ea898ff128,s2661,8efdca506387f1768d9bec9c55fa100456772c48aad346f2dc9e4f0735050aa0,estimator_count,2,locked_configuration.estimator_count,s2662,1287a1a1889ca175966dc363feb12078a48c43e725f05bc863818432dedc533e,recorded_locked_configuration
v3|S1|surgery|tabpfn,surgery,S1,tabpfn,0c912328c5f73110fc99385ccb497cf735fe3c7778ccf7c40c8084ea898ff128,s2661,8efdca506387f1768d9bec9c55fa100456772c48aad346f2dc9e4f0735050aa0,bag_count,1,locked_configuration.bag_count,s2662,1287a1a1889ca175966dc363feb12078a48c43e725f05bc863818432dedc533e,recorded_locked_configuration
v3|S1|surgery|tabpfn,surgery,S1,tabpfn,0c912328c5f73110fc99385ccb497cf735fe3c7778ccf7c40c8084ea898ff128,s2661,8efdca506387f1768d9bec9c55fa100456772c48aad346f2dc9e4f0735050aa0,preprocessing,robust_indicator,locked_configuration.preprocessing,s2662,1287a1a1889ca175966dc363feb12078a48c43e725f05bc863818432dedc533e,recorded_locked_configuration
v3|S2|surgery|stacking,surgery,S2,stacking,2cfa2d0de837266d3d57a3be950784859dfa9c24dc95ed809b645883f771f6cd,s2680,c8ff53b7693e14eab6ec88266f9f5160827aa546d942dd92178444aa26f192ff,meta_learning_contract,VALIDATION_2024_META_MODEL,meta_learning_contract,s2680,c8ff53b7693e14eab6ec88266f9f5160827aa546d942dd92178444aa26f192ff,task_record
v3|S2|surgery|stacking,surgery,S2,stacking,2cfa2d0de837266d3d57a3be950784859dfa9c24dc95ed809b645883f771f6cd,s2680,c8ff53b7693e14eab6ec88266f9f5160827aa546d942dd92178444aa26f192ff,final_selected_C,0.005994842503189409,final_selected_C,s2680,c8ff53b7693e14eab6ec88266f9f5160827aa546d942dd92178444aa26f192ff,task_record
v3|S2|surgery|stacking,surgery,S2,stacking,2cfa2d0de837266d3d57a3be950784859dfa9c24dc95ed809b645883f771f6cd,s2680,c8ff53b7693e14eab6ec88266f9f5160827aa546d942dd92178444aa26f192ff,stack_member_order,"[""logistic_l2"",""catboost"",""xgboost"",""lightgbm"",""bert_finetuned"",""mlp_plr"",""ft_transformer"",""cnn_1d"",""tabpfn_finetuned"",""tabicl"",""tabpfn_thinking""]",feature_order,s2680,c8ff53b7693e14eab6ec88266f9f5160827aa546d942dd92178444aa26f192ff,sealed_stack_input_order
v3|S2|surgery|tabpfn,surgery,S2,tabpfn,f0e4fc9d8ebb850136e73c910017fc1d1e5e22efb60445b691bfcacee00d43bd,s2682,6ee53ee8f1dfe566e127e980fe489a4cf2c7086333aec90a4d4e09b7461af603,lineage,specialty_opname_tabpfn_finetuned_v25,lineage,s2682,6ee53ee8f1dfe566e127e980fe489a4cf2c7086333aec90a4d4e09b7461af603,task_record
v3|S2|surgery|tabpfn,surgery,S2,tabpfn,f0e4fc9d8ebb850136e73c910017fc1d1e5e22efb60445b691bfcacee00d43bd,s2682,6ee53ee8f1dfe566e127e980fe489a4cf2c7086333aec90a4d4e09b7461af603,runtime_packages,"{""numpy"":""2.0.2"",""pandas"":""2.3.3"",""scikit-learn"":""1.6.1"",""imbalanced-learn"":""0.14.1"",""xgboost"":""3.2.0"",""lightgbm"":""4.6.0"",""catboost"":""1.2.10"",""optuna"":""4.9.0"",""joblib"":""1.5.3""}",runtime.packages,s2682,6ee53ee8f1dfe566e127e980fe489a4cf2c7086333aec90a4d4e09b7461af603,training_runtime_record
v3|S2|surgery|tabpfn,surgery,S2,tabpfn,f0e4fc9d8ebb850136e73c910017fc1d1e5e22efb60445b691bfcacee00d43bd,s2682,6ee53ee8f1dfe566e127e980fe489a4cf2c7086333aec90a4d4e09b7461af603,runtime_device,cuda,runtime.device,s2682,6ee53ee8f1dfe566e127e980fe489a4cf2c7086333aec90a4d4e09b7461af603,training_runtime_record
v3|S2|surgery|tabpfn,surgery,S2,tabpfn,f0e4fc9d8ebb850136e73c910017fc1d1e5e22efb60445b691bfcacee00d43bd,s2682,6ee53ee8f1dfe566e127e980fe489a4cf2c7086333aec90a4d4e09b7461af603,model_version,TabPFN v2.5 fine-tuned,model_version,s2683,4401bfa9cf9950dbbc08432c57ed0880984bbb0a0ae726c59dfbbf6e5e27261b,task_record
v3|S2|surgery|tabpfn,surgery,S2,tabpfn,f0e4fc9d8ebb850136e73c910017fc1d1e5e22efb60445b691bfcacee00d43bd,s2682,6ee53ee8f1dfe566e127e980fe489a4cf2c7086333aec90a4d4e09b7461af603,configuration,"{""bag_count"":1,""config_sha256"":""00baaa9173a15b23409de03f0cdc2586c45426035da15bd4fb1a44ae9a688eb6"",""context_bagging"":""event_enriched"",""context_row_policy"":""half_model_limit"",""estimator_count"":2,""feature_count"":128,""preprocessing"":""median_indicator""}",locked_configuration,s2683,4401bfa9cf9950dbbc08432c57ed0880984bbb0a0ae726c59dfbbf6e5e27261b,recorded_locked_configuration
v3|S2|surgery|tabpfn,surgery,S2,tabpfn,f0e4fc9d8ebb850136e73c910017fc1d1e5e22efb60445b691bfcacee00d43bd,s2682,6ee53ee8f1dfe566e127e980fe489a4cf2c7086333aec90a4d4e09b7461af603,context_row_policy,half_model_limit,locked_configuration.context_row_policy,s2683,4401bfa9cf9950dbbc08432c57ed0880984bbb0a0ae726c59dfbbf6e5e27261b,recorded_locked_configuration
v3|S2|surgery|tabpfn,surgery,S2,tabpfn,f0e4fc9d8ebb850136e73c910017fc1d1e5e22efb60445b691bfcacee00d43bd,s2682,6ee53ee8f1dfe566e127e980fe489a4cf2c7086333aec90a4d4e09b7461af603,estimator_count,2,locked_configuration.estimator_count,s2683,4401bfa9cf9950dbbc08432c57ed0880984bbb0a0ae726c59dfbbf6e5e27261b,recorded_locked_configuration
v3|S2|surgery|tabpfn,surgery,S2,tabpfn,f0e4fc9d8ebb850136e73c910017fc1d1e5e22efb60445b691bfcacee00d43bd,s2682,6ee53ee8f1dfe566e127e980fe489a4cf2c7086333aec90a4d4e09b7461af603,bag_count,1,locked_configuration.bag_count,s2683,4401bfa9cf9950dbbc08432c57ed0880984bbb0a0ae726c59dfbbf6e5e27261b,recorded_locked_configuration
v3|S2|surgery|tabpfn,surgery,S2,tabpfn,f0e4fc9d8ebb850136e73c910017fc1d1e5e22efb60445b691bfcacee00d43bd,s2682,6ee53ee8f1dfe566e127e980fe489a4cf2c7086333aec90a4d4e09b7461af603,preprocessing,median_indicator,locked_configuration.preprocessing,s2683,4401bfa9cf9950dbbc08432c57ed0880984bbb0a0ae726c59dfbbf6e5e27261b,recorded_locked_configuration
v3|S3|surgery|stacking,surgery,S3,stacking,776f0b37671f271f7fb19da42e9ca055052d634bbab9a3c88ff99f43b618b745,s2699,da92586f853d8046dbe6578977a07ec08cf5b3deb1c2f2b6ff82e0688aff3a4c,meta_learning_contract,VALIDATION_2024_META_MODEL,meta_learning_contract,s2699,da92586f853d8046dbe6578977a07ec08cf5b3deb1c2f2b6ff82e0688aff3a4c,task_record
v3|S3|surgery|stacking,surgery,S3,stacking,776f0b37671f271f7fb19da42e9ca055052d634bbab9a3c88ff99f43b618b745,s2699,da92586f853d8046dbe6578977a07ec08cf5b3deb1c2f2b6ff82e0688aff3a4c,final_selected_C,0.046415888336127774,final_selected_C,s2699,da92586f853d8046dbe6578977a07ec08cf5b3deb1c2f2b6ff82e0688aff3a4c,task_record
v3|S3|surgery|stacking,surgery,S3,stacking,776f0b37671f271f7fb19da42e9ca055052d634bbab9a3c88ff99f43b618b745,s2699,da92586f853d8046dbe6578977a07ec08cf5b3deb1c2f2b6ff82e0688aff3a4c,stack_member_order,"[""logistic_l2"",""catboost"",""xgboost"",""lightgbm"",""bert_finetuned"",""mlp_plr"",""ft_transformer"",""cnn_1d"",""tabpfn_finetuned"",""tabicl"",""tabpfn_thinking""]",feature_order,s2699,da92586f853d8046dbe6578977a07ec08cf5b3deb1c2f2b6ff82e0688aff3a4c,sealed_stack_input_order
v3|S3|surgery|tabpfn,surgery,S3,tabpfn,98e772b25a68353f8fbf710828b318380a76b195810e70e56786691c91449979,s2701,de09d79c43460ca34c7ebc5180abb4888851f854cf0c598e4aa05a2412af701f,lineage,specialty_opname_tabpfn_finetuned_v25,lineage,s2701,de09d79c43460ca34c7ebc5180abb4888851f854cf0c598e4aa05a2412af701f,task_record
v3|S3|surgery|tabpfn,surgery,S3,tabpfn,98e772b25a68353f8fbf710828b318380a76b195810e70e56786691c91449979,s2701,de09d79c43460ca34c7ebc5180abb4888851f854cf0c598e4aa05a2412af701f,runtime_packages,"{""numpy"":""2.0.2"",""pandas"":""2.3.3"",""scikit-learn"":""1.6.1"",""imbalanced-learn"":""0.14.1"",""xgboost"":""3.2.0"",""lightgbm"":""4.6.0"",""catboost"":""1.2.10"",""optuna"":""4.9.0"",""joblib"":""1.5.3""}",runtime.packages,s2701,de09d79c43460ca34c7ebc5180abb4888851f854cf0c598e4aa05a2412af701f,training_runtime_record
v3|S3|surgery|tabpfn,surgery,S3,tabpfn,98e772b25a68353f8fbf710828b318380a76b195810e70e56786691c91449979,s2701,de09d79c43460ca34c7ebc5180abb4888851f854cf0c598e4aa05a2412af701f,runtime_device,cuda,runtime.device,s2701,de09d79c43460ca34c7ebc5180abb4888851f854cf0c598e4aa05a2412af701f,training_runtime_record
v3|S3|surgery|tabpfn,surgery,S3,tabpfn,98e772b25a68353f8fbf710828b318380a76b195810e70e56786691c91449979,s2701,de09d79c43460ca34c7ebc5180abb4888851f854cf0c598e4aa05a2412af701f,model_version,TabPFN v2.5 fine-tuned,model_version,s2702,465a1831674b596aec34d0037c8d85b5dcc1cda9efb1ca0d6d34c4d50b32a2e5,task_record
v3|S3|surgery|tabpfn,surgery,S3,tabpfn,98e772b25a68353f8fbf710828b318380a76b195810e70e56786691c91449979,s2701,de09d79c43460ca34c7ebc5180abb4888851f854cf0c598e4aa05a2412af701f,configuration,"{""bag_count"":1,""config_sha256"":""01016f6ffc89e8e8d22ce3836d62a529c41381b076c9509db0557b3c42a32c61"",""context_bagging"":""prevalence_stratified"",""context_row_policy"":""full_or_model_limit"",""estimator_count"":1,""feature_count"":128,""preprocessing"":""median_indicator""}",locked_configuration,s2702,465a1831674b596aec34d0037c8d85b5dcc1cda9efb1ca0d6d34c4d50b32a2e5,recorded_locked_configuration
v3|S3|surgery|tabpfn,surgery,S3,tabpfn,98e772b25a68353f8fbf710828b318380a76b195810e70e56786691c91449979,s2701,de09d79c43460ca34c7ebc5180abb4888851f854cf0c598e4aa05a2412af701f,context_row_policy,full_or_model_limit,locked_configuration.context_row_policy,s2702,465a1831674b596aec34d0037c8d85b5dcc1cda9efb1ca0d6d34c4d50b32a2e5,recorded_locked_configuration
v3|S3|surgery|tabpfn,surgery,S3,tabpfn,98e772b25a68353f8fbf710828b318380a76b195810e70e56786691c91449979,s2701,de09d79c43460ca34c7ebc5180abb4888851f854cf0c598e4aa05a2412af701f,estimator_count,1,locked_configuration.estimator_count,s2702,465a1831674b596aec34d0037c8d85b5dcc1cda9efb1ca0d6d34c4d50b32a2e5,recorded_locked_configuration
v3|S3|surgery|tabpfn,surgery,S3,tabpfn,98e772b25a68353f8fbf710828b318380a76b195810e70e56786691c91449979,s2701,de09d79c43460ca34c7ebc5180abb4888851f854cf0c598e4aa05a2412af701f,bag_count,1,locked_configuration.bag_count,s2702,465a1831674b596aec34d0037c8d85b5dcc1cda9efb1ca0d6d34c4d50b32a2e5,recorded_locked_configuration
v3|S3|surgery|tabpfn,surgery,S3,tabpfn,98e772b25a68353f8fbf710828b318380a76b195810e70e56786691c91449979,s2701,de09d79c43460ca34c7ebc5180abb4888851f854cf0c598e4aa05a2412af701f,preprocessing,median_indicator,locked_configuration.preprocessing,s2702,465a1831674b596aec34d0037c8d85b5dcc1cda9efb1ca0d6d34c4d50b32a2e5,recorded_locked_configuration
v3|S4|surgery|stacking,surgery,S4,stacking,7f21ae46eed9ad696bcaf57d3367e541d933a09c8a40ce36f8dab4efa3744c5b,s2718,9ab54d248129d700ec482d92e27455d053485611cf4303df6be8f6953d98208f,meta_learning_contract,VALIDATION_2024_META_MODEL,meta_learning_contract,s2718,9ab54d248129d700ec482d92e27455d053485611cf4303df6be8f6953d98208f,task_record
v3|S4|surgery|stacking,surgery,S4,stacking,7f21ae46eed9ad696bcaf57d3367e541d933a09c8a40ce36f8dab4efa3744c5b,s2718,9ab54d248129d700ec482d92e27455d053485611cf4303df6be8f6953d98208f,final_selected_C,0.0001,final_selected_C,s2718,9ab54d248129d700ec482d92e27455d053485611cf4303df6be8f6953d98208f,task_record
v3|S4|surgery|stacking,surgery,S4,stacking,7f21ae46eed9ad696bcaf57d3367e541d933a09c8a40ce36f8dab4efa3744c5b,s2718,9ab54d248129d700ec482d92e27455d053485611cf4303df6be8f6953d98208f,stack_member_order,"[""logistic_l2"",""catboost"",""xgboost"",""lightgbm"",""bert_finetuned"",""mlp_plr"",""ft_transformer"",""cnn_1d"",""tabpfn_finetuned"",""tabicl"",""tabpfn_thinking""]",feature_order,s2718,9ab54d248129d700ec482d92e27455d053485611cf4303df6be8f6953d98208f,sealed_stack_input_order
v3|S4|surgery|tabpfn,surgery,S4,tabpfn,a69155ee6b7d441a5fb501b6c6f172129baa4f73a65ce13f4330452bd2eb30f0,s2720,9ed28880d0013aec4f89cac86d13613e09780577e8a5f9d030ca09630f013d28,lineage,specialty_opname_tabpfn_finetuned_v25,lineage,s2720,9ed28880d0013aec4f89cac86d13613e09780577e8a5f9d030ca09630f013d28,task_record
v3|S4|surgery|tabpfn,surgery,S4,tabpfn,a69155ee6b7d441a5fb501b6c6f172129baa4f73a65ce13f4330452bd2eb30f0,s2720,9ed28880d0013aec4f89cac86d13613e09780577e8a5f9d030ca09630f013d28,runtime_packages,"{""numpy"":""2.0.2"",""pandas"":""2.3.3"",""scikit-learn"":""1.6.1"",""imbalanced-learn"":""0.14.1"",""xgboost"":""3.2.0"",""lightgbm"":""4.6.0"",""catboost"":""1.2.10"",""optuna"":""4.9.0"",""joblib"":""1.5.3""}",runtime.packages,s2720,9ed28880d0013aec4f89cac86d13613e09780577e8a5f9d030ca09630f013d28,training_runtime_record
v3|S4|surgery|tabpfn,surgery,S4,tabpfn,a69155ee6b7d441a5fb501b6c6f172129baa4f73a65ce13f4330452bd2eb30f0,s2720,9ed28880d0013aec4f89cac86d13613e09780577e8a5f9d030ca09630f013d28,runtime_device,cuda,runtime.device,s2720,9ed28880d0013aec4f89cac86d13613e09780577e8a5f9d030ca09630f013d28,training_runtime_record
v3|S4|surgery|tabpfn,surgery,S4,tabpfn,a69155ee6b7d441a5fb501b6c6f172129baa4f73a65ce13f4330452bd2eb30f0,s2720,9ed28880d0013aec4f89cac86d13613e09780577e8a5f9d030ca09630f013d28,model_version,TabPFN v2.5 fine-tuned,model_version,s2721,63028a99cfe4a02610f0062e8055e1f6907c95745e857b6ba5a02702b6a57a95,task_record
v3|S4|surgery|tabpfn,surgery,S4,tabpfn,a69155ee6b7d441a5fb501b6c6f172129baa4f73a65ce13f4330452bd2eb30f0,s2720,9ed28880d0013aec4f89cac86d13613e09780577e8a5f9d030ca09630f013d28,configuration,"{""bag_count"":1,""config_sha256"":""01016f6ffc89e8e8d22ce3836d62a529c41381b076c9509db0557b3c42a32c61"",""context_bagging"":""prevalence_stratified"",""context_row_policy"":""full_or_model_limit"",""estimator_count"":1,""feature_count"":128,""preprocessing"":""median_indicator""}",locked_configuration,s2721,63028a99cfe4a02610f0062e8055e1f6907c95745e857b6ba5a02702b6a57a95,recorded_locked_configuration
v3|S4|surgery|tabpfn,surgery,S4,tabpfn,a69155ee6b7d441a5fb501b6c6f172129baa4f73a65ce13f4330452bd2eb30f0,s2720,9ed28880d0013aec4f89cac86d13613e09780577e8a5f9d030ca09630f013d28,context_row_policy,full_or_model_limit,locked_configuration.context_row_policy,s2721,63028a99cfe4a02610f0062e8055e1f6907c95745e857b6ba5a02702b6a57a95,recorded_locked_configuration
v3|S4|surgery|tabpfn,surgery,S4,tabpfn,a69155ee6b7d441a5fb501b6c6f172129baa4f73a65ce13f4330452bd2eb30f0,s2720,9ed28880d0013aec4f89cac86d13613e09780577e8a5f9d030ca09630f013d28,estimator_count,1,locked_configuration.estimator_count,s2721,63028a99cfe4a02610f0062e8055e1f6907c95745e857b6ba5a02702b6a57a95,recorded_locked_configuration
v3|S4|surgery|tabpfn,surgery,S4,tabpfn,a69155ee6b7d441a5fb501b6c6f172129baa4f73a65ce13f4330452bd2eb30f0,s2720,9ed28880d0013aec4f89cac86d13613e09780577e8a5f9d030ca09630f013d28,bag_count,1,locked_configuration.bag_count,s2721,63028a99cfe4a02610f0062e8055e1f6907c95745e857b6ba5a02702b6a57a95,recorded_locked_configuration
v3|S4|surgery|tabpfn,surgery,S4,tabpfn,a69155ee6b7d441a5fb501b6c6f172129baa4f73a65ce13f4330452bd2eb30f0,s2720,9ed28880d0013aec4f89cac86d13613e09780577e8a5f9d030ca09630f013d28,preprocessing,median_indicator,locked_configuration.preprocessing,s2721,63028a99cfe4a02610f0062e8055e1f6907c95745e857b6ba5a02702b6a57a95,recorded_locked_configuration
v3|S5|surgery|stacking,surgery,S5,stacking,3fcf94eca2729be04859096a568d83c1a60711b061e3ddd8a1b8bc0b8e227f35,s2737,2c98927dd6b00941affb83cc4077a17bd24112aaa4ac3e66569b335960b12d43,meta_learning_contract,VALIDATION_2024_META_MODEL,meta_learning_contract,s2737,2c98927dd6b00941affb83cc4077a17bd24112aaa4ac3e66569b335960b12d43,task_record
v3|S5|surgery|stacking,surgery,S5,stacking,3fcf94eca2729be04859096a568d83c1a60711b061e3ddd8a1b8bc0b8e227f35,s2737,2c98927dd6b00941affb83cc4077a17bd24112aaa4ac3e66569b335960b12d43,final_selected_C,0.0001,final_selected_C,s2737,2c98927dd6b00941affb83cc4077a17bd24112aaa4ac3e66569b335960b12d43,task_record
v3|S5|surgery|stacking,surgery,S5,stacking,3fcf94eca2729be04859096a568d83c1a60711b061e3ddd8a1b8bc0b8e227f35,s2737,2c98927dd6b00941affb83cc4077a17bd24112aaa4ac3e66569b335960b12d43,stack_member_order,"[""logistic_l2"",""catboost"",""xgboost"",""lightgbm"",""bert_finetuned"",""mlp_plr"",""ft_transformer"",""cnn_1d"",""tabpfn_finetuned"",""tabicl"",""tabpfn_thinking""]",feature_order,s2737,2c98927dd6b00941affb83cc4077a17bd24112aaa4ac3e66569b335960b12d43,sealed_stack_input_order
v3|S5|surgery|tabpfn,surgery,S5,tabpfn,5981ad96405de1b3540e16c023c1abb7df1995d470f278538ccac72260f603db,s2739,eecd32ff3948b7da20d2d51b208041ea60bf8890091c5f50e974f085d21953c1,lineage,specialty_opname_tabpfn_finetuned_v25,lineage,s2739,eecd32ff3948b7da20d2d51b208041ea60bf8890091c5f50e974f085d21953c1,task_record
v3|S5|surgery|tabpfn,surgery,S5,tabpfn,5981ad96405de1b3540e16c023c1abb7df1995d470f278538ccac72260f603db,s2739,eecd32ff3948b7da20d2d51b208041ea60bf8890091c5f50e974f085d21953c1,runtime_packages,"{""numpy"":""2.0.2"",""pandas"":""2.3.3"",""scikit-learn"":""1.6.1"",""imbalanced-learn"":""0.14.1"",""xgboost"":""3.2.0"",""lightgbm"":""4.6.0"",""catboost"":""1.2.10"",""optuna"":""4.9.0"",""joblib"":""1.5.3""}",runtime.packages,s2739,eecd32ff3948b7da20d2d51b208041ea60bf8890091c5f50e974f085d21953c1,training_runtime_record
v3|S5|surgery|tabpfn,surgery,S5,tabpfn,5981ad96405de1b3540e16c023c1abb7df1995d470f278538ccac72260f603db,s2739,eecd32ff3948b7da20d2d51b208041ea60bf8890091c5f50e974f085d21953c1,runtime_device,cuda,runtime.device,s2739,eecd32ff3948b7da20d2d51b208041ea60bf8890091c5f50e974f085d21953c1,training_runtime_record
v3|S5|surgery|tabpfn,surgery,S5,tabpfn,5981ad96405de1b3540e16c023c1abb7df1995d470f278538ccac72260f603db,s2739,eecd32ff3948b7da20d2d51b208041ea60bf8890091c5f50e974f085d21953c1,model_version,TabPFN v2.5 fine-tuned,model_version,s2740,c6df85b6ab25341d0ba317fea4db1ec33c1921ddeb7a5956e112610bd8b38140,task_record
v3|S5|surgery|tabpfn,surgery,S5,tabpfn,5981ad96405de1b3540e16c023c1abb7df1995d470f278538ccac72260f603db,s2739,eecd32ff3948b7da20d2d51b208041ea60bf8890091c5f50e974f085d21953c1,configuration,"{""bag_count"":1,""config_sha256"":""01016f6ffc89e8e8d22ce3836d62a529c41381b076c9509db0557b3c42a32c61"",""context_bagging"":""prevalence_stratified"",""context_row_policy"":""full_or_model_limit"",""estimator_count"":1,""feature_count"":128,""preprocessing"":""median_indicator""}",locked_configuration,s2740,c6df85b6ab25341d0ba317fea4db1ec33c1921ddeb7a5956e112610bd8b38140,recorded_locked_configuration
v3|S5|surgery|tabpfn,surgery,S5,tabpfn,5981ad96405de1b3540e16c023c1abb7df1995d470f278538ccac72260f603db,s2739,eecd32ff3948b7da20d2d51b208041ea60bf8890091c5f50e974f085d21953c1,context_row_policy,full_or_model_limit,locked_configuration.context_row_policy,s2740,c6df85b6ab25341d0ba317fea4db1ec33c1921ddeb7a5956e112610bd8b38140,recorded_locked_configuration
v3|S5|surgery|tabpfn,surgery,S5,tabpfn,5981ad96405de1b3540e16c023c1abb7df1995d470f278538ccac72260f603db,s2739,eecd32ff3948b7da20d2d51b208041ea60bf8890091c5f50e974f085d21953c1,estimator_count,1,locked_configuration.estimator_count,s2740,c6df85b6ab25341d0ba317fea4db1ec33c1921ddeb7a5956e112610bd8b38140,recorded_locked_configuration
v3|S5|surgery|tabpfn,surgery,S5,tabpfn,5981ad96405de1b3540e16c023c1abb7df1995d470f278538ccac72260f603db,s2739,eecd32ff3948b7da20d2d51b208041ea60bf8890091c5f50e974f085d21953c1,bag_count,1,locked_configuration.bag_count,s2740,c6df85b6ab25341d0ba317fea4db1ec33c1921ddeb7a5956e112610bd8b38140,recorded_locked_configuration
v3|S5|surgery|tabpfn,surgery,S5,tabpfn,5981ad96405de1b3540e16c023c1abb7df1995d470f278538ccac72260f603db,s2739,eecd32ff3948b7da20d2d51b208041ea60bf8890091c5f50e974f085d21953c1,preprocessing,median_indicator,locked_configuration.preprocessing,s2740,c6df85b6ab25341d0ba317fea4db1ec33c1921ddeb7a5956e112610bd8b38140,recorded_locked_configuration
v3|S6|surgery|stacking,surgery,S6,stacking,d9311f8791111883d9ce68165b5883fd5f3de4deb8ff36074563d6925edc527f,s2756,02c05ad3f54b64dd5ff287ce5f3db51978b15c6d3d688ef91fc4e83392684994,meta_learning_contract,VALIDATION_2024_META_MODEL,meta_learning_contract,s2756,02c05ad3f54b64dd5ff287ce5f3db51978b15c6d3d688ef91fc4e83392684994,task_record
v3|S6|surgery|stacking,surgery,S6,stacking,d9311f8791111883d9ce68165b5883fd5f3de4deb8ff36074563d6925edc527f,s2756,02c05ad3f54b64dd5ff287ce5f3db51978b15c6d3d688ef91fc4e83392684994,final_selected_C,0.0001,final_selected_C,s2756,02c05ad3f54b64dd5ff287ce5f3db51978b15c6d3d688ef91fc4e83392684994,task_record
v3|S6|surgery|stacking,surgery,S6,stacking,d9311f8791111883d9ce68165b5883fd5f3de4deb8ff36074563d6925edc527f,s2756,02c05ad3f54b64dd5ff287ce5f3db51978b15c6d3d688ef91fc4e83392684994,stack_member_order,"[""logistic_l2"",""catboost"",""xgboost"",""lightgbm"",""bert_finetuned"",""mlp_plr"",""ft_transformer"",""cnn_1d"",""tabpfn_finetuned"",""tabicl"",""tabpfn_thinking""]",feature_order,s2756,02c05ad3f54b64dd5ff287ce5f3db51978b15c6d3d688ef91fc4e83392684994,sealed_stack_input_order
v3|S6|surgery|tabpfn,surgery,S6,tabpfn,725c9b9182cb45b0ac1ac51962d2d67618c4e2ce223192a832ad1750c06342da,s2758,50d5a7fc9c98e41a3a9e6b6d1293e2d49c73e06ce75dc65ea0a8b89813c9434b,lineage,specialty_opname_tabpfn_finetuned_v25,lineage,s2758,50d5a7fc9c98e41a3a9e6b6d1293e2d49c73e06ce75dc65ea0a8b89813c9434b,task_record
v3|S6|surgery|tabpfn,surgery,S6,tabpfn,725c9b9182cb45b0ac1ac51962d2d67618c4e2ce223192a832ad1750c06342da,s2758,50d5a7fc9c98e41a3a9e6b6d1293e2d49c73e06ce75dc65ea0a8b89813c9434b,runtime_packages,"{""numpy"":""2.0.2"",""pandas"":""2.3.3"",""scikit-learn"":""1.6.1"",""imbalanced-learn"":""0.14.1"",""xgboost"":""3.2.0"",""lightgbm"":""4.6.0"",""catboost"":""1.2.10"",""optuna"":""4.9.0"",""joblib"":""1.5.3""}",runtime.packages,s2758,50d5a7fc9c98e41a3a9e6b6d1293e2d49c73e06ce75dc65ea0a8b89813c9434b,training_runtime_record
v3|S6|surgery|tabpfn,surgery,S6,tabpfn,725c9b9182cb45b0ac1ac51962d2d67618c4e2ce223192a832ad1750c06342da,s2758,50d5a7fc9c98e41a3a9e6b6d1293e2d49c73e06ce75dc65ea0a8b89813c9434b,runtime_device,cuda,runtime.device,s2758,50d5a7fc9c98e41a3a9e6b6d1293e2d49c73e06ce75dc65ea0a8b89813c9434b,training_runtime_record
v3|S6|surgery|tabpfn,surgery,S6,tabpfn,725c9b9182cb45b0ac1ac51962d2d67618c4e2ce223192a832ad1750c06342da,s2758,50d5a7fc9c98e41a3a9e6b6d1293e2d49c73e06ce75dc65ea0a8b89813c9434b,model_version,TabPFN v2.5 fine-tuned,model_version,s2759,c2ec52ea8d183a957ae48ebd09f60f3339e325112eef746ec6d6992b6323c96e,task_record
v3|S6|surgery|tabpfn,surgery,S6,tabpfn,725c9b9182cb45b0ac1ac51962d2d67618c4e2ce223192a832ad1750c06342da,s2758,50d5a7fc9c98e41a3a9e6b6d1293e2d49c73e06ce75dc65ea0a8b89813c9434b,configuration,"{""bag_count"":1,""config_sha256"":""058d3a9e0225f7866f79334e5de6ed714961fd02b472bebce41469f682271aaf"",""context_bagging"":""prevalence_stratified"",""context_row_policy"":""full_or_model_limit"",""estimator_count"":2,""feature_count"":128,""preprocessing"":""robust_indicator""}",locked_configuration,s2759,c2ec52ea8d183a957ae48ebd09f60f3339e325112eef746ec6d6992b6323c96e,recorded_locked_configuration
v3|S6|surgery|tabpfn,surgery,S6,tabpfn,725c9b9182cb45b0ac1ac51962d2d67618c4e2ce223192a832ad1750c06342da,s2758,50d5a7fc9c98e41a3a9e6b6d1293e2d49c73e06ce75dc65ea0a8b89813c9434b,context_row_policy,full_or_model_limit,locked_configuration.context_row_policy,s2759,c2ec52ea8d183a957ae48ebd09f60f3339e325112eef746ec6d6992b6323c96e,recorded_locked_configuration
v3|S6|surgery|tabpfn,surgery,S6,tabpfn,725c9b9182cb45b0ac1ac51962d2d67618c4e2ce223192a832ad1750c06342da,s2758,50d5a7fc9c98e41a3a9e6b6d1293e2d49c73e06ce75dc65ea0a8b89813c9434b,estimator_count,2,locked_configuration.estimator_count,s2759,c2ec52ea8d183a957ae48ebd09f60f3339e325112eef746ec6d6992b6323c96e,recorded_locked_configuration
v3|S6|surgery|tabpfn,surgery,S6,tabpfn,725c9b9182cb45b0ac1ac51962d2d67618c4e2ce223192a832ad1750c06342da,s2758,50d5a7fc9c98e41a3a9e6b6d1293e2d49c73e06ce75dc65ea0a8b89813c9434b,bag_count,1,locked_configuration.bag_count,s2759,c2ec52ea8d183a957ae48ebd09f60f3339e325112eef746ec6d6992b6323c96e,recorded_locked_configuration
v3|S6|surgery|tabpfn,surgery,S6,tabpfn,725c9b9182cb45b0ac1ac51962d2d67618c4e2ce223192a832ad1750c06342da,s2758,50d5a7fc9c98e41a3a9e6b6d1293e2d49c73e06ce75dc65ea0a8b89813c9434b,preprocessing,robust_indicator,locked_configuration.preprocessing,s2759,c2ec52ea8d183a957ae48ebd09f60f3339e325112eef746ec6d6992b6323c96e,recorded_locked_configuration
