group,outcome,model_a,model_b,status,split,comparison_variant,comparison_definition_source,multiplicity,n_common,events_common,patient_groups_common,common_row_set_sha256,auroc_a,auroc_b,auroc_difference,auroc_delong_p,auprc_a,auprc_b,auprc_difference,auprc_difference_lower_ci,auprc_difference_upper_ci,auprc_paired_bootstrap_p,bootstrap_b,bootstrap_success,bootstrap_method
medicine,P1,catboost,lightgbm,ESTIMATED,validation_2024,current_locked_probability_exact_common_rows,outputs/v2/stage2a/formal_v4_complete_case/P1_03-evaluation-P1/paired_model_comparisons_2024.parquet,"Prespecified source comparison set; nominal unadjusted intervals and p-values, descriptive",4770,98,4071,51c63206c91a59e76546c6c74d104c6fdcec6d93f74046eb4039054410cc3b0c,0.9409443143695834,0.9406756709533128,0.0002686434162705309,0.9652181813741709,0.4679488387265004,0.42393312529644467,0.044015713430055725,-0.011754264974265374,0.09889196403237765,0.133,2000,2000,paired_outcome_stratified_patient_group_cluster
medicine,P1,catboost,xgboost,ESTIMATED,validation_2024,current_locked_probability_exact_common_rows,outputs/v2/stage2a/formal_v4_complete_case/P1_03-evaluation-P1/paired_model_comparisons_2024.parquet,"Prespecified source comparison set; nominal unadjusted intervals and p-values, descriptive",4770,98,4071,51c63206c91a59e76546c6c74d104c6fdcec6d93f74046eb4039054410cc3b0c,0.9409443143695834,0.9460190540257198,-0.005074739656136473,0.23162703149719077,0.4679488387265004,0.41638652345735333,0.05156231526914706,-0.014274850003107586,0.10602306882283095,0.142,2000,2000,paired_outcome_stratified_patient_group_cluster
medicine,P1,logistic_regression,catboost,ESTIMATED,validation_2024,current_locked_probability_exact_common_rows,outputs/v2/stage2a/formal_v4_complete_case/P1_03-evaluation-P1/paired_model_comparisons_2024.parquet,"Prespecified source comparison set; nominal unadjusted intervals and p-values, descriptive",4770,98,4071,51c63206c91a59e76546c6c74d104c6fdcec6d93f74046eb4039054410cc3b0c,0.7765192549622589,0.9409443143695834,-0.16442505940732444,4.254567910174904e-10,0.2390567868740542,0.4679488387265004,-0.22889205185244618,-0.3113018367582091,-0.14718774318645764,0.0,2000,2000,paired_outcome_stratified_patient_group_cluster
medicine,P1,logistic_regression,lightgbm,ESTIMATED,validation_2024,current_locked_probability_exact_common_rows,outputs/v2/stage2a/formal_v4_complete_case/P1_03-evaluation-P1/paired_model_comparisons_2024.parquet,"Prespecified source comparison set; nominal unadjusted intervals and p-values, descriptive",4770,98,4071,51c63206c91a59e76546c6c74d104c6fdcec6d93f74046eb4039054410cc3b0c,0.7765192549622589,0.9406756709533128,-0.1641564159910539,2.1871911500582146e-09,0.2390567868740542,0.42393312529644467,-0.18487633842239046,-0.2834738668025944,-0.08168680266909714,0.001,2000,2000,paired_outcome_stratified_patient_group_cluster
medicine,P1,logistic_regression,xgboost,ESTIMATED,validation_2024,current_locked_probability_exact_common_rows,outputs/v2/stage2a/formal_v4_complete_case/P1_03-evaluation-P1/paired_model_comparisons_2024.parquet,"Prespecified source comparison set; nominal unadjusted intervals and p-values, descriptive",4770,98,4071,51c63206c91a59e76546c6c74d104c6fdcec6d93f74046eb4039054410cc3b0c,0.7765192549622589,0.9460190540257198,-0.1694997990634609,1.5991621910339023e-10,0.2390567868740542,0.41638652345735333,-0.17732973658329912,-0.27955740177924154,-0.0772026280849686,0.0,2000,2000,paired_outcome_stratified_patient_group_cluster
medicine,P1,rSI_sMS,catboost,ESTIMATED,validation_2024,current_locked_probability_exact_common_rows,outputs/v2/stage2a/formal_v4_complete_case/P1_03-evaluation-P1/paired_model_comparisons_2024.parquet,"Prespecified source comparison set; nominal unadjusted intervals and p-values, descriptive",4579,58,3923,d598b0d1a07619c0d97ce0418d80c472199f614cfba470d7a91395695f1f9135,0.8598074884256611,0.9104447444492749,-0.0506372560236138,0.014582103322499805,0.06786170579157925,0.2508742526821513,-0.18301254689057206,-0.28784831720618437,-0.09214355598073479,0.0,2000,2000,paired_outcome_stratified_patient_group_cluster
medicine,P1,rSI_sMS,lightgbm,ESTIMATED,validation_2024,current_locked_probability_exact_common_rows,outputs/v2/stage2a/formal_v4_complete_case/P1_03-evaluation-P1/paired_model_comparisons_2024.parquet,"Prespecified source comparison set; nominal unadjusted intervals and p-values, descriptive",4579,58,3923,d598b0d1a07619c0d97ce0418d80c472199f614cfba470d7a91395695f1f9135,0.8598074884256611,0.9119320565331137,-0.052124568107452585,0.010986629515393115,0.06786170579157925,0.2260975735105026,-0.15823586771892334,-0.2620404961458535,-0.0755486129489582,0.0,2000,2000,paired_outcome_stratified_patient_group_cluster
medicine,P1,rSI_sMS,logistic_regression,ESTIMATED,validation_2024,current_locked_probability_exact_common_rows,outputs/v2/stage2a/formal_v4_complete_case/P1_03-evaluation-P1/paired_model_comparisons_2024.parquet,"Prespecified source comparison set; nominal unadjusted intervals and p-values, descriptive",4579,58,3923,d598b0d1a07619c0d97ce0418d80c472199f614cfba470d7a91395695f1f9135,0.8598074884256611,0.6952039905727296,0.1646034978529315,4.713231448004208e-05,0.06786170579157925,0.06064164168763607,0.007220064103943186,-0.050251448724690374,0.047872710413857524,0.781,2000,2000,paired_outcome_stratified_patient_group_cluster
medicine,P1,rSI_sMS,xgboost,ESTIMATED,validation_2024,current_locked_probability_exact_common_rows,outputs/v2/stage2a/formal_v4_complete_case/P1_03-evaluation-P1/paired_model_comparisons_2024.parquet,"Prespecified source comparison set; nominal unadjusted intervals and p-values, descriptive",4579,58,3923,d598b0d1a07619c0d97ce0418d80c472199f614cfba470d7a91395695f1f9135,0.8598074884256611,0.9204898214462776,-0.06068233302061643,0.001625389884585635,0.06786170579157925,0.21650500358492494,-0.14864329779334567,-0.2585167576188663,-0.07484814311852452,0.0,2000,2000,paired_outcome_stratified_patient_group_cluster
medicine,P1,xgboost,lightgbm,ESTIMATED,validation_2024,current_locked_probability_exact_common_rows,outputs/v2/stage2a/formal_v4_complete_case/P1_03-evaluation-P1/paired_model_comparisons_2024.parquet,"Prespecified source comparison set; nominal unadjusted intervals and p-values, descriptive",4770,98,4071,51c63206c91a59e76546c6c74d104c6fdcec6d93f74046eb4039054410cc3b0c,0.9460190540257198,0.9406756709533128,0.005343383072407004,0.15304593516399437,0.41638652345735333,0.42393312529644467,-0.007546601839091338,-0.028925218386602423,0.019823199920258102,0.679,2000,2000,paired_outcome_stratified_patient_group_cluster
medicine,P2,catboost,lightgbm,ESTIMATED,validation_2024,current_locked_probability_exact_common_rows,outputs/v2/stage2a/formal_v4_complete_case/P1_03-evaluation-P2/paired_model_comparisons_2024.parquet,"Prespecified source comparison set; nominal unadjusted intervals and p-values, descriptive",4770,568,4071,51c63206c91a59e76546c6c74d104c6fdcec6d93f74046eb4039054410cc3b0c,0.8849633977113514,0.8799054440876577,0.005057953623693656,0.0032186399441630925,0.5762144434517572,0.5608339463371855,0.015380497114571678,0.0040311543275367515,0.026880589341455822,0.007,2000,2000,paired_outcome_stratified_patient_group_cluster
medicine,P2,catboost,xgboost,ESTIMATED,validation_2024,current_locked_probability_exact_common_rows,outputs/v2/stage2a/formal_v4_complete_case/P1_03-evaluation-P2/paired_model_comparisons_2024.parquet,"Prespecified source comparison set; nominal unadjusted intervals and p-values, descriptive",4770,568,4071,51c63206c91a59e76546c6c74d104c6fdcec6d93f74046eb4039054410cc3b0c,0.8849633977113514,0.8823468536109568,0.00261654410039458,0.05918116116116864,0.5762144434517572,0.5629608494989834,0.013253593952773812,0.0033099658421353348,0.023016403279564293,0.01,2000,2000,paired_outcome_stratified_patient_group_cluster
medicine,P2,logistic_regression,catboost,ESTIMATED,validation_2024,current_locked_probability_exact_common_rows,outputs/v2/stage2a/formal_v4_complete_case/P1_03-evaluation-P2/paired_model_comparisons_2024.parquet,"Prespecified source comparison set; nominal unadjusted intervals and p-values, descriptive",4770,568,4071,51c63206c91a59e76546c6c74d104c6fdcec6d93f74046eb4039054410cc3b0c,0.8465165397429795,0.8849633977113514,-0.038446857968371884,2.0264089634958622e-08,0.4946534862712381,0.5762144434517572,-0.08156095718051909,-0.10684322512924181,-0.05467375470910318,0.0,2000,2000,paired_outcome_stratified_patient_group_cluster
medicine,P2,logistic_regression,lightgbm,ESTIMATED,validation_2024,current_locked_probability_exact_common_rows,outputs/v2/stage2a/formal_v4_complete_case/P1_03-evaluation-P2/paired_model_comparisons_2024.parquet,"Prespecified source comparison set; nominal unadjusted intervals and p-values, descriptive",4770,568,4071,51c63206c91a59e76546c6c74d104c6fdcec6d93f74046eb4039054410cc3b0c,0.8465165397429795,0.8799054440876577,-0.03338890434467823,5.438340599455712e-06,0.4946534862712381,0.5608339463371855,-0.06618046006594741,-0.09398034652541662,-0.035568905946359086,0.0,2000,2000,paired_outcome_stratified_patient_group_cluster
medicine,P2,logistic_regression,xgboost,ESTIMATED,validation_2024,current_locked_probability_exact_common_rows,outputs/v2/stage2a/formal_v4_complete_case/P1_03-evaluation-P2/paired_model_comparisons_2024.parquet,"Prespecified source comparison set; nominal unadjusted intervals and p-values, descriptive",4770,568,4071,51c63206c91a59e76546c6c74d104c6fdcec6d93f74046eb4039054410cc3b0c,0.8465165397429795,0.8823468536109568,-0.035830313867977304,5.674842063409579e-07,0.4946534862712381,0.5629608494989834,-0.06830736322774528,-0.0956438151683238,-0.040009874342148685,0.0,2000,2000,paired_outcome_stratified_patient_group_cluster
medicine,P2,rSI_sMS,catboost,ESTIMATED,validation_2024,current_locked_probability_exact_common_rows,outputs/v2/stage2a/formal_v4_complete_case/P1_03-evaluation-P2/paired_model_comparisons_2024.parquet,"Prespecified source comparison set; nominal unadjusted intervals and p-values, descriptive",4579,495,3923,d598b0d1a07619c0d97ce0418d80c472199f614cfba470d7a91395695f1f9135,0.7352249230799672,0.8743438300735068,-0.13911890699353957,1.3352694469452058e-36,0.2977415294373245,0.49339822535151917,-0.19565669591419466,-0.2338098396855428,-0.1575353552036192,0.0,2000,2000,paired_outcome_stratified_patient_group_cluster
medicine,P2,rSI_sMS,lightgbm,ESTIMATED,validation_2024,current_locked_probability_exact_common_rows,outputs/v2/stage2a/formal_v4_complete_case/P1_03-evaluation-P2/paired_model_comparisons_2024.parquet,"Prespecified source comparison set; nominal unadjusted intervals and p-values, descriptive",4579,495,3923,d598b0d1a07619c0d97ce0418d80c472199f614cfba470d7a91395695f1f9135,0.7352249230799672,0.8706709603379534,-0.1354460372579862,5.7450120759177115e-36,0.2977415294373245,0.49463883225232225,-0.19689730281499773,-0.23403009532201954,-0.15879385185853084,0.0,2000,2000,paired_outcome_stratified_patient_group_cluster
medicine,P2,rSI_sMS,logistic_regression,ESTIMATED,validation_2024,current_locked_probability_exact_common_rows,outputs/v2/stage2a/formal_v4_complete_case/P1_03-evaluation-P2/paired_model_comparisons_2024.parquet,"Prespecified source comparison set; nominal unadjusted intervals and p-values, descriptive",4579,495,3923,d598b0d1a07619c0d97ce0418d80c472199f614cfba470d7a91395695f1f9135,0.7352249230799672,0.8335507375419227,-0.09832581446195543,3.858182813832828e-13,0.2977415294373245,0.4103334634530995,-0.112591934015775,-0.15161077315839025,-0.07303687980432695,0.0,2000,2000,paired_outcome_stratified_patient_group_cluster
medicine,P2,rSI_sMS,xgboost,ESTIMATED,validation_2024,current_locked_probability_exact_common_rows,outputs/v2/stage2a/formal_v4_complete_case/P1_03-evaluation-P2/paired_model_comparisons_2024.parquet,"Prespecified source comparison set; nominal unadjusted intervals and p-values, descriptive",4579,495,3923,d598b0d1a07619c0d97ce0418d80c472199f614cfba470d7a91395695f1f9135,0.7352249230799672,0.8724027740678083,-0.13717785098784108,1.7498753366082183e-36,0.2977415294373245,0.491613763661728,-0.19387223422440347,-0.22988579415989036,-0.15545852791364848,0.0,2000,2000,paired_outcome_stratified_patient_group_cluster
medicine,P2,xgboost,lightgbm,ESTIMATED,validation_2024,current_locked_probability_exact_common_rows,outputs/v2/stage2a/formal_v4_complete_case/P1_03-evaluation-P2/paired_model_comparisons_2024.parquet,"Prespecified source comparison set; nominal unadjusted intervals and p-values, descriptive",4770,568,4071,51c63206c91a59e76546c6c74d104c6fdcec6d93f74046eb4039054410cc3b0c,0.8823468536109568,0.8799054440876577,0.0024414095232990762,0.05026912878730768,0.5629608494989834,0.5608339463371855,0.002126903161797866,-0.007894994767808302,0.011929356131835897,0.683,2000,2000,paired_outcome_stratified_patient_group_cluster
medicine,P3,catboost,lightgbm,ESTIMATED,validation_2024,current_locked_probability_exact_common_rows,outputs/v2/stage2a/formal_v4_complete_case/P1_03-evaluation-P3/paired_model_comparisons_2024.parquet,"Prespecified source comparison set; nominal unadjusted intervals and p-values, descriptive",4770,253,4071,51c63206c91a59e76546c6c74d104c6fdcec6d93f74046eb4039054410cc3b0c,0.897501839777879,0.892678165314871,0.004823674463008021,0.03238438393274211,0.3757521387421264,0.3675046845432375,0.008247454198888893,-0.017386384765366088,0.03207954763808888,0.548,2000,2000,paired_outcome_stratified_patient_group_cluster
medicine,P3,catboost,xgboost,ESTIMATED,validation_2024,current_locked_probability_exact_common_rows,outputs/v2/stage2a/formal_v4_complete_case/P1_03-evaluation-P3/paired_model_comparisons_2024.parquet,"Prespecified source comparison set; nominal unadjusted intervals and p-values, descriptive",4770,253,4071,51c63206c91a59e76546c6c74d104c6fdcec6d93f74046eb4039054410cc3b0c,0.897501839777879,0.8968901847303248,0.0006116550475542271,0.7630339704287098,0.3757521387421264,0.36906420943915547,0.0066879293029709075,-0.016527375495321718,0.0270233021515257,0.634,2000,2000,paired_outcome_stratified_patient_group_cluster
medicine,P3,logistic_regression,catboost,ESTIMATED,validation_2024,current_locked_probability_exact_common_rows,outputs/v2/stage2a/formal_v4_complete_case/P1_03-evaluation-P3/paired_model_comparisons_2024.parquet,"Prespecified source comparison set; nominal unadjusted intervals and p-values, descriptive",4770,253,4071,51c63206c91a59e76546c6c74d104c6fdcec6d93f74046eb4039054410cc3b0c,0.8014151195177464,0.897501839777879,-0.09608672026013265,5.412904207925098e-12,0.2645748302453472,0.3757521387421264,-0.11117730849677915,-0.15286903453043374,-0.07173854640924661,0.0,2000,2000,paired_outcome_stratified_patient_group_cluster
medicine,P3,logistic_regression,lightgbm,ESTIMATED,validation_2024,current_locked_probability_exact_common_rows,outputs/v2/stage2a/formal_v4_complete_case/P1_03-evaluation-P3/paired_model_comparisons_2024.parquet,"Prespecified source comparison set; nominal unadjusted intervals and p-values, descriptive",4770,253,4071,51c63206c91a59e76546c6c74d104c6fdcec6d93f74046eb4039054410cc3b0c,0.8014151195177464,0.892678165314871,-0.09126304579712463,5.805432073965654e-11,0.2645748302453472,0.3675046845432375,-0.10292985429789026,-0.14717583585350116,-0.060776988564502074,0.0,2000,2000,paired_outcome_stratified_patient_group_cluster
medicine,P3,logistic_regression,xgboost,ESTIMATED,validation_2024,current_locked_probability_exact_common_rows,outputs/v2/stage2a/formal_v4_complete_case/P1_03-evaluation-P3/paired_model_comparisons_2024.parquet,"Prespecified source comparison set; nominal unadjusted intervals and p-values, descriptive",4770,253,4071,51c63206c91a59e76546c6c74d104c6fdcec6d93f74046eb4039054410cc3b0c,0.8014151195177464,0.8968901847303248,-0.09547506521257842,5.600119508243895e-12,0.2645748302453472,0.36906420943915547,-0.10448937919380824,-0.14934292317930012,-0.0638607038934695,0.0,2000,2000,paired_outcome_stratified_patient_group_cluster
medicine,P3,rSI_sMS,catboost,ESTIMATED,validation_2024,current_locked_probability_exact_common_rows,outputs/v2/stage2a/formal_v4_complete_case/P1_03-evaluation-P3/paired_model_comparisons_2024.parquet,"Prespecified source comparison set; nominal unadjusted intervals and p-values, descriptive",4579,210,3923,d598b0d1a07619c0d97ce0418d80c472199f614cfba470d7a91395695f1f9135,0.6868352788586252,0.8889186803125919,-0.20208340145396675,4.0258906528103196e-25,0.1102271197778275,0.3339643914445369,-0.22373727166670937,-0.28781566560183314,-0.1719504212504555,0.0,2000,2000,paired_outcome_stratified_patient_group_cluster
medicine,P3,rSI_sMS,lightgbm,ESTIMATED,validation_2024,current_locked_probability_exact_common_rows,outputs/v2/stage2a/formal_v4_complete_case/P1_03-evaluation-P3/paired_model_comparisons_2024.parquet,"Prespecified source comparison set; nominal unadjusted intervals and p-values, descriptive",4579,210,3923,d598b0d1a07619c0d97ce0418d80c472199f614cfba470d7a91395695f1f9135,0.6868352788586252,0.882446130203054,-0.1956108513444288,1.3095294122190214e-23,0.1102271197778275,0.3259206872943999,-0.21569356751657237,-0.279584766615008,-0.16439430116294226,0.0,2000,2000,paired_outcome_stratified_patient_group_cluster
medicine,P3,rSI_sMS,logistic_regression,ESTIMATED,validation_2024,current_locked_probability_exact_common_rows,outputs/v2/stage2a/formal_v4_complete_case/P1_03-evaluation-P3/paired_model_comparisons_2024.parquet,"Prespecified source comparison set; nominal unadjusted intervals and p-values, descriptive",4579,210,3923,d598b0d1a07619c0d97ce0418d80c472199f614cfba470d7a91395695f1f9135,0.6868352788586252,0.7849747681173638,-0.09813948925873861,0.00022710548823111297,0.1102271197778275,0.22391909680377708,-0.11369197702594959,-0.1643390623064651,-0.06867048831436688,0.0,2000,2000,paired_outcome_stratified_patient_group_cluster
medicine,P3,rSI_sMS,xgboost,ESTIMATED,validation_2024,current_locked_probability_exact_common_rows,outputs/v2/stage2a/formal_v4_complete_case/P1_03-evaluation-P3/paired_model_comparisons_2024.parquet,"Prespecified source comparison set; nominal unadjusted intervals and p-values, descriptive",4579,210,3923,d598b0d1a07619c0d97ce0418d80c472199f614cfba470d7a91395695f1f9135,0.6868352788586252,0.8878222105963007,-0.20098693173767557,8.30840735474972e-25,0.1102271197778275,0.32907528237298167,-0.21884816259515416,-0.28563306882141815,-0.16869724611927964,0.0,2000,2000,paired_outcome_stratified_patient_group_cluster
medicine,P3,xgboost,lightgbm,ESTIMATED,validation_2024,current_locked_probability_exact_common_rows,outputs/v2/stage2a/formal_v4_complete_case/P1_03-evaluation-P3/paired_model_comparisons_2024.parquet,"Prespecified source comparison set; nominal unadjusted intervals and p-values, descriptive",4770,253,4071,51c63206c91a59e76546c6c74d104c6fdcec6d93f74046eb4039054410cc3b0c,0.8968901847303248,0.892678165314871,0.004212019415453794,0.022372800581729215,0.36906420943915547,0.3675046845432375,0.0015595248959179853,-0.015039645198952139,0.021215752499882102,0.782,2000,2000,paired_outcome_stratified_patient_group_cluster
medicine,S1,catboost,lightgbm,ESTIMATED,validation_2024,current_locked_probability_exact_common_rows,outputs/v2/stage2a/formal_v4_complete_case/P1_03-evaluation-S1/paired_model_comparisons_2024.parquet,"Prespecified source comparison set; nominal unadjusted intervals and p-values, descriptive",4770,174,4071,51c63206c91a59e76546c6c74d104c6fdcec6d93f74046eb4039054410cc3b0c,0.9154087012194511,0.9154749757410243,-6.627452157326186e-05,0.9837558501997222,0.4611947095017396,0.4582272901287989,0.0029674193729406495,-0.026870933624017507,0.02897799113567706,0.94,2000,2000,paired_outcome_stratified_patient_group_cluster
medicine,S1,catboost,xgboost,ESTIMATED,validation_2024,current_locked_probability_exact_common_rows,outputs/v2/stage2a/formal_v4_complete_case/P1_03-evaluation-S1/paired_model_comparisons_2024.parquet,"Prespecified source comparison set; nominal unadjusted intervals and p-values, descriptive",4770,174,4071,51c63206c91a59e76546c6c74d104c6fdcec6d93f74046eb4039054410cc3b0c,0.9154087012194511,0.9159551534067605,-0.0005464521873094208,0.8656958296615742,0.4611947095017396,0.45121353829600325,0.009981171205736328,-0.019719346510903176,0.03724011893075924,0.515,2000,2000,paired_outcome_stratified_patient_group_cluster
medicine,S1,logistic_regression,catboost,ESTIMATED,validation_2024,current_locked_probability_exact_common_rows,outputs/v2/stage2a/formal_v4_complete_case/P1_03-evaluation-S1/paired_model_comparisons_2024.parquet,"Prespecified source comparison set; nominal unadjusted intervals and p-values, descriptive",4770,174,4071,51c63206c91a59e76546c6c74d104c6fdcec6d93f74046eb4039054410cc3b0c,0.8389635415103589,0.9154087012194511,-0.07644515970909216,2.236648921327223e-06,0.30392511902438346,0.4611947095017396,-0.1572695904773561,-0.21406759586996554,-0.09713184561992332,0.0,2000,2000,paired_outcome_stratified_patient_group_cluster
medicine,S1,logistic_regression,lightgbm,ESTIMATED,validation_2024,current_locked_probability_exact_common_rows,outputs/v2/stage2a/formal_v4_complete_case/P1_03-evaluation-S1/paired_model_comparisons_2024.parquet,"Prespecified source comparison set; nominal unadjusted intervals and p-values, descriptive",4770,174,4071,51c63206c91a59e76546c6c74d104c6fdcec6d93f74046eb4039054410cc3b0c,0.8389635415103589,0.9154749757410243,-0.07651143423066542,2.3924295443278722e-06,0.30392511902438346,0.4582272901287989,-0.15430217110441546,-0.21905506553352178,-0.09191866452433532,0.0,2000,2000,paired_outcome_stratified_patient_group_cluster
medicine,S1,logistic_regression,xgboost,ESTIMATED,validation_2024,current_locked_probability_exact_common_rows,outputs/v2/stage2a/formal_v4_complete_case/P1_03-evaluation-S1/paired_model_comparisons_2024.parquet,"Prespecified source comparison set; nominal unadjusted intervals and p-values, descriptive",4770,174,4071,51c63206c91a59e76546c6c74d104c6fdcec6d93f74046eb4039054410cc3b0c,0.8389635415103589,0.9159551534067605,-0.07699161189640158,1.9387314896246685e-06,0.30392511902438346,0.45121353829600325,-0.14728841927161979,-0.20810015151130112,-0.08835090212822484,0.0,2000,2000,paired_outcome_stratified_patient_group_cluster
medicine,S1,rSI_sMS,catboost,ESTIMATED,validation_2024,current_locked_probability_exact_common_rows,outputs/v2/stage2a/formal_v4_complete_case/P1_03-evaluation-S1/paired_model_comparisons_2024.parquet,"Prespecified source comparison set; nominal unadjusted intervals and p-values, descriptive",4579,125,3923,d598b0d1a07619c0d97ce0418d80c472199f614cfba470d7a91395695f1f9135,0.7881751234845084,0.8887669510552313,-0.10059182757072294,7.846645237436288e-08,0.10587222563223674,0.2631306813530903,-0.15725845572085356,-0.2230798794105949,-0.1003150773706229,0.0,2000,2000,paired_outcome_stratified_patient_group_cluster
medicine,S1,rSI_sMS,lightgbm,ESTIMATED,validation_2024,current_locked_probability_exact_common_rows,outputs/v2/stage2a/formal_v4_complete_case/P1_03-evaluation-S1/paired_model_comparisons_2024.parquet,"Prespecified source comparison set; nominal unadjusted intervals and p-values, descriptive",4579,125,3923,d598b0d1a07619c0d97ce0418d80c472199f614cfba470d7a91395695f1f9135,0.7881751234845084,0.8906439155814997,-0.10246879209699133,2.7326935788767417e-08,0.10587222563223674,0.2794844987103157,-0.17361227307807897,-0.24203599986975322,-0.11834613347321113,0.0,2000,2000,paired_outcome_stratified_patient_group_cluster
medicine,S1,rSI_sMS,logistic_regression,ESTIMATED,validation_2024,current_locked_probability_exact_common_rows,outputs/v2/stage2a/formal_v4_complete_case/P1_03-evaluation-S1/paired_model_comparisons_2024.parquet,"Prespecified source comparison set; nominal unadjusted intervals and p-values, descriptive",4579,125,3923,d598b0d1a07619c0d97ce0418d80c472199f614cfba470d7a91395695f1f9135,0.7881751234845084,0.8052276605298608,-0.01705253704535248,0.5572908383675779,0.10587222563223674,0.15542020978741447,-0.049547984155177735,-0.10213286233337271,-0.011087945888288389,0.011,2000,2000,paired_outcome_stratified_patient_group_cluster
medicine,S1,rSI_sMS,xgboost,ESTIMATED,validation_2024,current_locked_probability_exact_common_rows,outputs/v2/stage2a/formal_v4_complete_case/P1_03-evaluation-S1/paired_model_comparisons_2024.parquet,"Prespecified source comparison set; nominal unadjusted intervals and p-values, descriptive",4579,125,3923,d598b0d1a07619c0d97ce0418d80c472199f614cfba470d7a91395695f1f9135,0.7881751234845084,0.8908666367310283,-0.10269151324651993,3.0318785924605875e-08,0.10587222563223674,0.2601456637575317,-0.15427343812529493,-0.21554950268656992,-0.09685713200342658,0.0,2000,2000,paired_outcome_stratified_patient_group_cluster
medicine,S1,xgboost,lightgbm,ESTIMATED,validation_2024,current_locked_probability_exact_common_rows,outputs/v2/stage2a/formal_v4_complete_case/P1_03-evaluation-S1/paired_model_comparisons_2024.parquet,"Prespecified source comparison set; nominal unadjusted intervals and p-values, descriptive",4770,174,4071,51c63206c91a59e76546c6c74d104c6fdcec6d93f74046eb4039054410cc3b0c,0.9159551534067605,0.9154749757410243,0.00048017766573615894,0.8242323727463634,0.45121353829600325,0.4582272901287989,-0.007013751832795678,-0.02311046560168304,0.00665464145983776,0.3,2000,2000,paired_outcome_stratified_patient_group_cluster
medicine,S2,catboost,lightgbm,ESTIMATED,validation_2024,current_locked_probability_exact_common_rows,outputs/v2/stage2a/formal_v4_complete_case/P1_03-evaluation-S2/paired_model_comparisons_2024.parquet,"Prespecified source comparison set; nominal unadjusted intervals and p-values, descriptive",4770,267,4071,51c63206c91a59e76546c6c74d104c6fdcec6d93f74046eb4039054410cc3b0c,0.8998744906641516,0.900733676508628,-0.0008591858444764178,0.7896441386915077,0.45413543447871585,0.471936537028512,-0.017801102549796166,-0.046733951094972935,0.011044562652740566,0.209,2000,2000,paired_outcome_stratified_patient_group_cluster
medicine,S2,catboost,xgboost,ESTIMATED,validation_2024,current_locked_probability_exact_common_rows,outputs/v2/stage2a/formal_v4_complete_case/P1_03-evaluation-S2/paired_model_comparisons_2024.parquet,"Prespecified source comparison set; nominal unadjusted intervals and p-values, descriptive",4770,267,4071,51c63206c91a59e76546c6c74d104c6fdcec6d93f74046eb4039054410cc3b0c,0.8998744906641516,0.9022615800868501,-0.0023870894226984962,0.48678752436154826,0.45413543447871585,0.47966644955362253,-0.025531015074906682,-0.05292264921340332,-0.001903930687817647,0.042,2000,2000,paired_outcome_stratified_patient_group_cluster
medicine,S2,logistic_regression,catboost,ESTIMATED,validation_2024,current_locked_probability_exact_common_rows,outputs/v2/stage2a/formal_v4_complete_case/P1_03-evaluation-S2/paired_model_comparisons_2024.parquet,"Prespecified source comparison set; nominal unadjusted intervals and p-values, descriptive",4770,267,4071,51c63206c91a59e76546c6c74d104c6fdcec6d93f74046eb4039054410cc3b0c,0.8420761523112765,0.8998744906641516,-0.05779833835287507,1.774466599768802e-05,0.35471065321236994,0.45413543447871585,-0.09942478126634591,-0.14401779713923477,-0.05727353662955962,0.0,2000,2000,paired_outcome_stratified_patient_group_cluster
medicine,S2,logistic_regression,lightgbm,ESTIMATED,validation_2024,current_locked_probability_exact_common_rows,outputs/v2/stage2a/formal_v4_complete_case/P1_03-evaluation-S2/paired_model_comparisons_2024.parquet,"Prespecified source comparison set; nominal unadjusted intervals and p-values, descriptive",4770,267,4071,51c63206c91a59e76546c6c74d104c6fdcec6d93f74046eb4039054410cc3b0c,0.8420761523112765,0.900733676508628,-0.058657524197351485,1.1030082411455203e-05,0.35471065321236994,0.471936537028512,-0.11722588381614207,-0.16353182234376443,-0.07341171679728091,0.0,2000,2000,paired_outcome_stratified_patient_group_cluster
medicine,S2,logistic_regression,xgboost,ESTIMATED,validation_2024,current_locked_probability_exact_common_rows,outputs/v2/stage2a/formal_v4_complete_case/P1_03-evaluation-S2/paired_model_comparisons_2024.parquet,"Prespecified source comparison set; nominal unadjusted intervals and p-values, descriptive",4770,267,4071,51c63206c91a59e76546c6c74d104c6fdcec6d93f74046eb4039054410cc3b0c,0.8420761523112765,0.9022615800868501,-0.06018542777557356,5.992818877943691e-06,0.35471065321236994,0.47966644955362253,-0.12495579634125259,-0.1734632152477966,-0.07582103260338108,0.0,2000,2000,paired_outcome_stratified_patient_group_cluster
medicine,S2,rSI_sMS,catboost,ESTIMATED,validation_2024,current_locked_probability_exact_common_rows,outputs/v2/stage2a/formal_v4_complete_case/P1_03-evaluation-S2/paired_model_comparisons_2024.parquet,"Prespecified source comparison set; nominal unadjusted intervals and p-values, descriptive",4579,209,3923,d598b0d1a07619c0d97ce0418d80c472199f614cfba470d7a91395695f1f9135,0.7673677641159274,0.8783938992478074,-0.11102613513187998,5.748418165597732e-14,0.15203069300700744,0.3154225605558584,-0.16339186754885093,-0.21002307572407825,-0.11948357189446894,0.0,2000,2000,paired_outcome_stratified_patient_group_cluster
medicine,S2,rSI_sMS,lightgbm,ESTIMATED,validation_2024,current_locked_probability_exact_common_rows,outputs/v2/stage2a/formal_v4_complete_case/P1_03-evaluation-S2/paired_model_comparisons_2024.parquet,"Prespecified source comparison set; nominal unadjusted intervals and p-values, descriptive",4579,209,3923,d598b0d1a07619c0d97ce0418d80c472199f614cfba470d7a91395695f1f9135,0.7673677641159274,0.8789572224716147,-0.11158945835568723,4.443917830000964e-13,0.15203069300700744,0.3222181346076164,-0.17018744160060895,-0.22134172757301301,-0.12324500658918838,0.0,2000,2000,paired_outcome_stratified_patient_group_cluster
medicine,S2,rSI_sMS,logistic_regression,ESTIMATED,validation_2024,current_locked_probability_exact_common_rows,outputs/v2/stage2a/formal_v4_complete_case/P1_03-evaluation-S2/paired_model_comparisons_2024.parquet,"Prespecified source comparison set; nominal unadjusted intervals and p-values, descriptive",4579,209,3923,d598b0d1a07619c0d97ce0418d80c472199f614cfba470d7a91395695f1f9135,0.7673677641159274,0.8179934963266289,-0.050625732210701435,0.03277424406623256,0.15203069300700744,0.23913268748126673,-0.08710199447425929,-0.13066553277035842,-0.043276851296066655,0.0,2000,2000,paired_outcome_stratified_patient_group_cluster
medicine,S2,rSI_sMS,xgboost,ESTIMATED,validation_2024,current_locked_probability_exact_common_rows,outputs/v2/stage2a/formal_v4_complete_case/P1_03-evaluation-S2/paired_model_comparisons_2024.parquet,"Prespecified source comparison set; nominal unadjusted intervals and p-values, descriptive",4579,209,3923,d598b0d1a07619c0d97ce0418d80c472199f614cfba470d7a91395695f1f9135,0.7673677641159274,0.8816462833805963,-0.11427851926466881,5.4613453678731e-14,0.15203069300700744,0.3213956672011528,-0.16936497419414537,-0.22203491546991916,-0.12215158601406491,0.0,2000,2000,paired_outcome_stratified_patient_group_cluster
medicine,S2,xgboost,lightgbm,ESTIMATED,validation_2024,current_locked_probability_exact_common_rows,outputs/v2/stage2a/formal_v4_complete_case/P1_03-evaluation-S2/paired_model_comparisons_2024.parquet,"Prespecified source comparison set; nominal unadjusted intervals and p-values, descriptive",4770,267,4071,51c63206c91a59e76546c6c74d104c6fdcec6d93f74046eb4039054410cc3b0c,0.9022615800868501,0.900733676508628,0.0015279035782220785,0.3200117535516749,0.47966644955362253,0.471936537028512,0.007729912525110516,-0.009478846486363154,0.024869026252523005,0.388,2000,2000,paired_outcome_stratified_patient_group_cluster
medicine,S3,catboost,lightgbm,ESTIMATED,validation_2024,current_locked_probability_exact_common_rows,outputs/v2/stage2a/formal_v4_complete_case/P1_03-evaluation-S3/paired_model_comparisons_2024.parquet,"Prespecified source comparison set; nominal unadjusted intervals and p-values, descriptive",4770,1606,4071,51c63206c91a59e76546c6c74d104c6fdcec6d93f74046eb4039054410cc3b0c,0.7635280073302864,0.7627036256264041,0.0008243817038822154,0.649543033576788,0.6212282800875848,0.6217222089421488,-0.0004939288545640075,-0.007434441237738998,0.00625407862374313,0.922,2000,2000,paired_outcome_stratified_patient_group_cluster
medicine,S3,catboost,xgboost,ESTIMATED,validation_2024,current_locked_probability_exact_common_rows,outputs/v2/stage2a/formal_v4_complete_case/P1_03-evaluation-S3/paired_model_comparisons_2024.parquet,"Prespecified source comparison set; nominal unadjusted intervals and p-values, descriptive",4770,1606,4071,51c63206c91a59e76546c6c74d104c6fdcec6d93f74046eb4039054410cc3b0c,0.7635280073302864,0.7639241592448042,-0.00039615191451780607,0.8360007844276848,0.6212282800875848,0.6206534917959078,0.0005747882916770086,-0.00743642175005145,0.0078121673797796835,0.906,2000,2000,paired_outcome_stratified_patient_group_cluster
medicine,S3,logistic_regression,catboost,ESTIMATED,validation_2024,current_locked_probability_exact_common_rows,outputs/v2/stage2a/formal_v4_complete_case/P1_03-evaluation-S3/paired_model_comparisons_2024.parquet,"Prespecified source comparison set; nominal unadjusted intervals and p-values, descriptive",4770,1606,4071,51c63206c91a59e76546c6c74d104c6fdcec6d93f74046eb4039054410cc3b0c,0.7372889944944132,0.7635280073302864,-0.026239012835873154,5.536173515496295e-10,0.553861333049192,0.6212282800875848,-0.06736694703839274,-0.08327693573255614,-0.051352307670115914,0.0,2000,2000,paired_outcome_stratified_patient_group_cluster
medicine,S3,logistic_regression,lightgbm,ESTIMATED,validation_2024,current_locked_probability_exact_common_rows,outputs/v2/stage2a/formal_v4_complete_case/P1_03-evaluation-S3/paired_model_comparisons_2024.parquet,"Prespecified source comparison set; nominal unadjusted intervals and p-values, descriptive",4770,1606,4071,51c63206c91a59e76546c6c74d104c6fdcec6d93f74046eb4039054410cc3b0c,0.7372889944944132,0.7627036256264041,-0.02541463113199094,9.641274323443724e-09,0.553861333049192,0.6217222089421488,-0.06786087589295675,-0.08397108440827344,-0.05302299045088598,0.0,2000,2000,paired_outcome_stratified_patient_group_cluster
medicine,S3,logistic_regression,xgboost,ESTIMATED,validation_2024,current_locked_probability_exact_common_rows,outputs/v2/stage2a/formal_v4_complete_case/P1_03-evaluation-S3/paired_model_comparisons_2024.parquet,"Prespecified source comparison set; nominal unadjusted intervals and p-values, descriptive",4770,1606,4071,51c63206c91a59e76546c6c74d104c6fdcec6d93f74046eb4039054410cc3b0c,0.7372889944944132,0.7639241592448042,-0.02663516475039096,2.848565196144442e-09,0.553861333049192,0.6206534917959078,-0.06679215874671574,-0.08264736018605193,-0.05081381995707916,0.0,2000,2000,paired_outcome_stratified_patient_group_cluster
medicine,S3,rSI_sMS,catboost,ESTIMATED,validation_2024,current_locked_probability_exact_common_rows,outputs/v2/stage2a/formal_v4_complete_case/P1_03-evaluation-S3/paired_model_comparisons_2024.parquet,"Prespecified source comparison set; nominal unadjusted intervals and p-values, descriptive",4579,1550,3923,d598b0d1a07619c0d97ce0418d80c472199f614cfba470d7a91395695f1f9135,0.6002515468748336,0.7613118350568164,-0.1610602881819828,2.4952757789722955e-59,0.42716997086317876,0.6224676802064002,-0.19529770934322144,-0.2212709142549825,-0.16927107338664055,0.0,2000,2000,paired_outcome_stratified_patient_group_cluster
medicine,S3,rSI_sMS,lightgbm,ESTIMATED,validation_2024,current_locked_probability_exact_common_rows,outputs/v2/stage2a/formal_v4_complete_case/P1_03-evaluation-S3/paired_model_comparisons_2024.parquet,"Prespecified source comparison set; nominal unadjusted intervals and p-values, descriptive",4579,1550,3923,d598b0d1a07619c0d97ce0418d80c472199f614cfba470d7a91395695f1f9135,0.6002515468748336,0.760777644064367,-0.16052609718953337,2.3621358665855904e-60,0.42716997086317876,0.6227848246363398,-0.195614853773161,-0.22029037847928776,-0.16839471002054207,0.0,2000,2000,paired_outcome_stratified_patient_group_cluster
medicine,S3,rSI_sMS,logistic_regression,ESTIMATED,validation_2024,current_locked_probability_exact_common_rows,outputs/v2/stage2a/formal_v4_complete_case/P1_03-evaluation-S3/paired_model_comparisons_2024.parquet,"Prespecified source comparison set; nominal unadjusted intervals and p-values, descriptive",4579,1550,3923,d598b0d1a07619c0d97ce0418d80c472199f614cfba470d7a91395695f1f9135,0.6002515468748336,0.7348111268490612,-0.13455957997422763,3.6292917461639573e-39,0.42716997086317876,0.555969835797757,-0.1287998649345783,-0.15455464039895586,-0.10307782991645749,0.0,2000,2000,paired_outcome_stratified_patient_group_cluster
medicine,S3,rSI_sMS,xgboost,ESTIMATED,validation_2024,current_locked_probability_exact_common_rows,outputs/v2/stage2a/formal_v4_complete_case/P1_03-evaluation-S3/paired_model_comparisons_2024.parquet,"Prespecified source comparison set; nominal unadjusted intervals and p-values, descriptive",4579,1550,3923,d598b0d1a07619c0d97ce0418d80c472199f614cfba470d7a91395695f1f9135,0.6002515468748336,0.7616040639410431,-0.16135251706620946,3.3379799548540185e-61,0.42716997086317876,0.6213973322323891,-0.19422736136921037,-0.2210890676801469,-0.16731573178335882,0.0,2000,2000,paired_outcome_stratified_patient_group_cluster
medicine,S3,xgboost,lightgbm,ESTIMATED,validation_2024,current_locked_probability_exact_common_rows,outputs/v2/stage2a/formal_v4_complete_case/P1_03-evaluation-S3/paired_model_comparisons_2024.parquet,"Prespecified source comparison set; nominal unadjusted intervals and p-values, descriptive",4770,1606,4071,51c63206c91a59e76546c6c74d104c6fdcec6d93f74046eb4039054410cc3b0c,0.7639241592448042,0.7627036256264041,0.0012205336184000215,0.32909033118968467,0.6206534917959078,0.6217222089421488,-0.001068717146241016,-0.006029849368493903,0.004635457354931979,0.698,2000,2000,paired_outcome_stratified_patient_group_cluster
medicine,S4,catboost,lightgbm,ESTIMATED,validation_2024,current_locked_probability_exact_common_rows,outputs/v2/stage2a/formal_v4_complete_case/P1_03-evaluation-S4/paired_model_comparisons_2024.parquet,"Prespecified source comparison set; nominal unadjusted intervals and p-values, descriptive",4770,615,4071,51c63206c91a59e76546c6c74d104c6fdcec6d93f74046eb4039054410cc3b0c,0.8150184418811697,0.8171218925185642,-0.0021034506373944772,0.3195800042420214,0.4299475676729327,0.43092581167120453,-0.0009782439982718438,-0.01300056730015012,0.011161063390569645,0.914,2000,2000,paired_outcome_stratified_patient_group_cluster
medicine,S4,catboost,xgboost,ESTIMATED,validation_2024,current_locked_probability_exact_common_rows,outputs/v2/stage2a/formal_v4_complete_case/P1_03-evaluation-S4/paired_model_comparisons_2024.parquet,"Prespecified source comparison set; nominal unadjusted intervals and p-values, descriptive",4770,615,4071,51c63206c91a59e76546c6c74d104c6fdcec6d93f74046eb4039054410cc3b0c,0.8150184418811697,0.8174870124152505,-0.002468570534080783,0.20986098740147363,0.4299475676729327,0.42876189225287986,0.001185675420052823,-0.009719444109788491,0.012478460317450715,0.815,2000,2000,paired_outcome_stratified_patient_group_cluster
medicine,S4,logistic_regression,catboost,ESTIMATED,validation_2024,current_locked_probability_exact_common_rows,outputs/v2/stage2a/formal_v4_complete_case/P1_03-evaluation-S4/paired_model_comparisons_2024.parquet,"Prespecified source comparison set; nominal unadjusted intervals and p-values, descriptive",4770,615,4071,51c63206c91a59e76546c6c74d104c6fdcec6d93f74046eb4039054410cc3b0c,0.7779217907702544,0.8150184418811697,-0.03709665111091531,9.054377357144779e-07,0.34228516128007014,0.4299475676729327,-0.08766240639286255,-0.11516521533481207,-0.060349722245225744,0.0,2000,2000,paired_outcome_stratified_patient_group_cluster
medicine,S4,logistic_regression,lightgbm,ESTIMATED,validation_2024,current_locked_probability_exact_common_rows,outputs/v2/stage2a/formal_v4_complete_case/P1_03-evaluation-S4/paired_model_comparisons_2024.parquet,"Prespecified source comparison set; nominal unadjusted intervals and p-values, descriptive",4770,615,4071,51c63206c91a59e76546c6c74d104c6fdcec6d93f74046eb4039054410cc3b0c,0.7779217907702544,0.8171218925185642,-0.03920010174830979,4.3989401083795476e-07,0.34228516128007014,0.43092581167120453,-0.08864065039113439,-0.11568913279196007,-0.05757400068203146,0.0,2000,2000,paired_outcome_stratified_patient_group_cluster
medicine,S4,logistic_regression,xgboost,ESTIMATED,validation_2024,current_locked_probability_exact_common_rows,outputs/v2/stage2a/formal_v4_complete_case/P1_03-evaluation-S4/paired_model_comparisons_2024.parquet,"Prespecified source comparison set; nominal unadjusted intervals and p-values, descriptive",4770,615,4071,51c63206c91a59e76546c6c74d104c6fdcec6d93f74046eb4039054410cc3b0c,0.7779217907702544,0.8174870124152505,-0.039565221644996096,2.0184763994219788e-07,0.34228516128007014,0.42876189225287986,-0.08647673097280972,-0.11273731218511421,-0.05837725360047228,0.0,2000,2000,paired_outcome_stratified_patient_group_cluster
medicine,S4,rSI_sMS,catboost,ESTIMATED,validation_2024,current_locked_probability_exact_common_rows,outputs/v2/stage2a/formal_v4_complete_case/P1_03-evaluation-S4/paired_model_comparisons_2024.parquet,"Prespecified source comparison set; nominal unadjusted intervals and p-values, descriptive",4579,572,3923,d598b0d1a07619c0d97ce0418d80c472199f614cfba470d7a91395695f1f9135,0.6095704894057776,0.8119108867174751,-0.2023403973116975,5.952421416164134e-49,0.19527740784288622,0.42611734066360263,-0.2308399328207164,-0.26861073732641116,-0.19180849732654387,0.0,2000,2000,paired_outcome_stratified_patient_group_cluster
medicine,S4,rSI_sMS,lightgbm,ESTIMATED,validation_2024,current_locked_probability_exact_common_rows,outputs/v2/stage2a/formal_v4_complete_case/P1_03-evaluation-S4/paired_model_comparisons_2024.parquet,"Prespecified source comparison set; nominal unadjusted intervals and p-values, descriptive",4579,572,3923,d598b0d1a07619c0d97ce0418d80c472199f614cfba470d7a91395695f1f9135,0.6095704894057776,0.8141914237496968,-0.20462093434391915,2.855398652573174e-52,0.19527740784288622,0.42809089155552393,-0.23281348371263771,-0.27173782789324386,-0.19517327850329744,0.0,2000,2000,paired_outcome_stratified_patient_group_cluster
medicine,S4,rSI_sMS,logistic_regression,ESTIMATED,validation_2024,current_locked_probability_exact_common_rows,outputs/v2/stage2a/formal_v4_complete_case/P1_03-evaluation-S4/paired_model_comparisons_2024.parquet,"Prespecified source comparison set; nominal unadjusted intervals and p-values, descriptive",4579,572,3923,d598b0d1a07619c0d97ce0418d80c472199f614cfba470d7a91395695f1f9135,0.6095704894057776,0.7767414454774076,-0.16717095607163002,1.5630428990012248e-26,0.19527740784288622,0.3471295715492051,-0.15185216370631888,-0.18511537918244564,-0.11758184865796424,0.0,2000,2000,paired_outcome_stratified_patient_group_cluster
medicine,S4,rSI_sMS,xgboost,ESTIMATED,validation_2024,current_locked_probability_exact_common_rows,outputs/v2/stage2a/formal_v4_complete_case/P1_03-evaluation-S4/paired_model_comparisons_2024.parquet,"Prespecified source comparison set; nominal unadjusted intervals and p-values, descriptive",4579,572,3923,d598b0d1a07619c0d97ce0418d80c472199f614cfba470d7a91395695f1f9135,0.6095704894057776,0.814919607470144,-0.2053491180643664,5.317367903939567e-53,0.19527740784288622,0.4259323670823531,-0.23065495923946688,-0.2714969120334141,-0.19130148427074,0.0,2000,2000,paired_outcome_stratified_patient_group_cluster
medicine,S4,xgboost,lightgbm,ESTIMATED,validation_2024,current_locked_probability_exact_common_rows,outputs/v2/stage2a/formal_v4_complete_case/P1_03-evaluation-S4/paired_model_comparisons_2024.parquet,"Prespecified source comparison set; nominal unadjusted intervals and p-values, descriptive",4770,615,4071,51c63206c91a59e76546c6c74d104c6fdcec6d93f74046eb4039054410cc3b0c,0.8174870124152505,0.8171218925185642,0.0003651198966863056,0.8058074117849873,0.42876189225287986,0.43092581167120453,-0.002163919418324667,-0.010930795037162672,0.006033788925244361,0.567,2000,2000,paired_outcome_stratified_patient_group_cluster
medicine,S5,catboost,lightgbm,ESTIMATED,validation_2024,current_locked_probability_exact_common_rows,outputs/v2/stage2a/formal_v4_complete_case/P1_03-evaluation-S5/paired_model_comparisons_2024.parquet,"Prespecified source comparison set; nominal unadjusted intervals and p-values, descriptive",4770,90,4071,51c63206c91a59e76546c6c74d104c6fdcec6d93f74046eb4039054410cc3b0c,0.7954131054131054,0.7911253561253562,0.004287749287749221,0.6585989020161912,0.0797858181880815,0.08111051980235504,-0.0013247016142735324,-0.04343781007505686,0.04439658084099267,0.905,2000,2000,paired_outcome_stratified_patient_group_cluster
medicine,S5,catboost,xgboost,ESTIMATED,validation_2024,current_locked_probability_exact_common_rows,outputs/v2/stage2a/formal_v4_complete_case/P1_03-evaluation-S5/paired_model_comparisons_2024.parquet,"Prespecified source comparison set; nominal unadjusted intervals and p-values, descriptive",4770,90,4071,51c63206c91a59e76546c6c74d104c6fdcec6d93f74046eb4039054410cc3b0c,0.7954131054131054,0.7994764957264957,-0.004063390313390314,0.6266262865066932,0.0797858181880815,0.07996323114649724,-0.00017741295841573745,-0.02126084353126532,0.03513354647145002,0.693,2000,2000,paired_outcome_stratified_patient_group_cluster
medicine,S5,logistic_regression,catboost,ESTIMATED,validation_2024,current_locked_probability_exact_common_rows,outputs/v2/stage2a/formal_v4_complete_case/P1_03-evaluation-S5/paired_model_comparisons_2024.parquet,"Prespecified source comparison set; nominal unadjusted intervals and p-values, descriptive",4770,90,4071,51c63206c91a59e76546c6c74d104c6fdcec6d93f74046eb4039054410cc3b0c,0.6223658594491928,0.7954131054131054,-0.17304724596391263,2.066564754089593e-07,0.04248341005274439,0.0797858181880815,-0.03730240813533711,-0.08003262300552638,-0.016689814714390634,0.0,2000,2000,paired_outcome_stratified_patient_group_cluster
medicine,S5,logistic_regression,lightgbm,ESTIMATED,validation_2024,current_locked_probability_exact_common_rows,outputs/v2/stage2a/formal_v4_complete_case/P1_03-evaluation-S5/paired_model_comparisons_2024.parquet,"Prespecified source comparison set; nominal unadjusted intervals and p-values, descriptive",4770,90,4071,51c63206c91a59e76546c6c74d104c6fdcec6d93f74046eb4039054410cc3b0c,0.6223658594491928,0.7911253561253562,-0.1687594966761634,3.114174006374313e-07,0.04248341005274439,0.08111051980235504,-0.038627109749610644,-0.07813863222751852,-0.013090015087479355,0.001,2000,2000,paired_outcome_stratified_patient_group_cluster
medicine,S5,logistic_regression,xgboost,ESTIMATED,validation_2024,current_locked_probability_exact_common_rows,outputs/v2/stage2a/formal_v4_complete_case/P1_03-evaluation-S5/paired_model_comparisons_2024.parquet,"Prespecified source comparison set; nominal unadjusted intervals and p-values, descriptive",4770,90,4071,51c63206c91a59e76546c6c74d104c6fdcec6d93f74046eb4039054410cc3b0c,0.6223658594491928,0.7994764957264957,-0.17711063627730295,9.680871336878082e-08,0.04248341005274439,0.07996323114649724,-0.03747982109375285,-0.06406331228555329,-0.014428229574813824,0.0,2000,2000,paired_outcome_stratified_patient_group_cluster
medicine,S5,rSI_sMS,catboost,ESTIMATED,validation_2024,current_locked_probability_exact_common_rows,outputs/v2/stage2a/formal_v4_complete_case/P1_03-evaluation-S5/paired_model_comparisons_2024.parquet,"Prespecified source comparison set; nominal unadjusted intervals and p-values, descriptive",4579,79,3923,d598b0d1a07619c0d97ce0418d80c472199f614cfba470d7a91395695f1f9135,0.6452911392405063,0.784886075949367,-0.1395949367088607,3.1442494334091567e-06,0.03162089856882937,0.05959164587532069,-0.027970747306491323,-0.061748462313930094,-0.011840908740513792,0.0,2000,2000,paired_outcome_stratified_patient_group_cluster
medicine,S5,rSI_sMS,lightgbm,ESTIMATED,validation_2024,current_locked_probability_exact_common_rows,outputs/v2/stage2a/formal_v4_complete_case/P1_03-evaluation-S5/paired_model_comparisons_2024.parquet,"Prespecified source comparison set; nominal unadjusted intervals and p-values, descriptive",4579,79,3923,d598b0d1a07619c0d97ce0418d80c472199f614cfba470d7a91395695f1f9135,0.6452911392405063,0.7837763713080168,-0.1384852320675105,5.1219983656457704e-06,0.03162089856882937,0.05474848660892861,-0.02312758804009924,-0.0564642779643024,-0.0055154044124354875,0.014,2000,2000,paired_outcome_stratified_patient_group_cluster
medicine,S5,rSI_sMS,logistic_regression,ESTIMATED,validation_2024,current_locked_probability_exact_common_rows,outputs/v2/stage2a/formal_v4_complete_case/P1_03-evaluation-S5/paired_model_comparisons_2024.parquet,"Prespecified source comparison set; nominal unadjusted intervals and p-values, descriptive",4579,79,3923,d598b0d1a07619c0d97ce0418d80c472199f614cfba470d7a91395695f1f9135,0.6452911392405063,0.611070323488045,0.034220815752461275,0.5148709795039639,0.03162089856882937,0.03267098537030582,-0.0010500868014764533,-0.015408438617237057,0.014818793327073781,0.935,2000,2000,paired_outcome_stratified_patient_group_cluster
medicine,S5,rSI_sMS,xgboost,ESTIMATED,validation_2024,current_locked_probability_exact_common_rows,outputs/v2/stage2a/formal_v4_complete_case/P1_03-evaluation-S5/paired_model_comparisons_2024.parquet,"Prespecified source comparison set; nominal unadjusted intervals and p-values, descriptive",4579,79,3923,d598b0d1a07619c0d97ce0418d80c472199f614cfba470d7a91395695f1f9135,0.6452911392405063,0.7908185654008439,-0.14552742616033765,1.1940272730723612e-06,0.03162089856882937,0.06301031946603008,-0.03138942089720072,-0.05994044047128692,-0.010546623034321643,0.001,2000,2000,paired_outcome_stratified_patient_group_cluster
medicine,S5,xgboost,lightgbm,ESTIMATED,validation_2024,current_locked_probability_exact_common_rows,outputs/v2/stage2a/formal_v4_complete_case/P1_03-evaluation-S5/paired_model_comparisons_2024.parquet,"Prespecified source comparison set; nominal unadjusted intervals and p-values, descriptive",4770,90,4071,51c63206c91a59e76546c6c74d104c6fdcec6d93f74046eb4039054410cc3b0c,0.7994764957264957,0.7911253561253562,0.008351139601139534,0.26685869755149305,0.07996323114649724,0.08111051980235504,-0.001147288655857795,-0.03577535632291273,0.021879000962268844,0.939,2000,2000,paired_outcome_stratified_patient_group_cluster
medicine,S6,catboost,lightgbm,ESTIMATED,validation_2024,current_locked_probability_exact_common_rows,outputs/v2/stage2a/formal_v4_complete_case/P1_03-evaluation-S6/paired_model_comparisons_2024.parquet,"Prespecified source comparison set; nominal unadjusted intervals and p-values, descriptive",4770,288,4071,51c63206c91a59e76546c6c74d104c6fdcec6d93f74046eb4039054410cc3b0c,0.7592406663691804,0.7540904358173434,0.005150230551837054,0.30736317691166115,0.16780777413461395,0.1611241162778298,0.006683657856784153,-0.005982877272541512,0.0211631799076745,0.298,2000,2000,paired_outcome_stratified_patient_group_cluster
medicine,S6,catboost,xgboost,ESTIMATED,validation_2024,current_locked_probability_exact_common_rows,outputs/v2/stage2a/formal_v4_complete_case/P1_03-evaluation-S6/paired_model_comparisons_2024.parquet,"Prespecified source comparison set; nominal unadjusted intervals and p-values, descriptive",4770,288,4071,51c63206c91a59e76546c6c74d104c6fdcec6d93f74046eb4039054410cc3b0c,0.7592406663691804,0.7566237170905846,0.0026169492785957926,0.5018776970191157,0.16780777413461395,0.165036909975993,0.0027708641586209615,-0.009832235448868559,0.016586719797887298,0.644,2000,2000,paired_outcome_stratified_patient_group_cluster
medicine,S6,logistic_regression,catboost,ESTIMATED,validation_2024,current_locked_probability_exact_common_rows,outputs/v2/stage2a/formal_v4_complete_case/P1_03-evaluation-S6/paired_model_comparisons_2024.parquet,"Prespecified source comparison set; nominal unadjusted intervals and p-values, descriptive",4770,288,4071,51c63206c91a59e76546c6c74d104c6fdcec6d93f74046eb4039054410cc3b0c,0.6772812701422976,0.7592406663691804,-0.08195939622688286,4.0144975365401964e-07,0.12285333776414364,0.16780777413461395,-0.04495443637047031,-0.07452503820926769,-0.021191401147558367,0.0,2000,2000,paired_outcome_stratified_patient_group_cluster
medicine,S6,logistic_regression,lightgbm,ESTIMATED,validation_2024,current_locked_probability_exact_common_rows,outputs/v2/stage2a/formal_v4_complete_case/P1_03-evaluation-S6/paired_model_comparisons_2024.parquet,"Prespecified source comparison set; nominal unadjusted intervals and p-values, descriptive",4770,288,4071,51c63206c91a59e76546c6c74d104c6fdcec6d93f74046eb4039054410cc3b0c,0.6772812701422976,0.7540904358173434,-0.07680916567504581,8.579644273935332e-07,0.12285333776414364,0.1611241162778298,-0.038270778513686154,-0.06459174999814443,-0.01776700580389868,0.001,2000,2000,paired_outcome_stratified_patient_group_cluster
medicine,S6,logistic_regression,xgboost,ESTIMATED,validation_2024,current_locked_probability_exact_common_rows,outputs/v2/stage2a/formal_v4_complete_case/P1_03-evaluation-S6/paired_model_comparisons_2024.parquet,"Prespecified source comparison set; nominal unadjusted intervals and p-values, descriptive",4770,288,4071,51c63206c91a59e76546c6c74d104c6fdcec6d93f74046eb4039054410cc3b0c,0.6772812701422976,0.7566237170905846,-0.07934244694828707,8.741319143911782e-07,0.12285333776414364,0.165036909975993,-0.042183572211849346,-0.06998615688104073,-0.02125540810818396,0.0,2000,2000,paired_outcome_stratified_patient_group_cluster
medicine,S6,rSI_sMS,catboost,ESTIMATED,validation_2024,current_locked_probability_exact_common_rows,outputs/v2/stage2a/formal_v4_complete_case/P1_03-evaluation-S6/paired_model_comparisons_2024.parquet,"Prespecified source comparison set; nominal unadjusted intervals and p-values, descriptive",4579,268,3923,d598b0d1a07619c0d97ce0418d80c472199f614cfba470d7a91395695f1f9135,0.5904826943916466,0.7587428203450389,-0.16826012595339235,4.479124618325341e-18,0.08469824136678614,0.15945546289151397,-0.07475722152472783,-0.11124739915855528,-0.046845543910387845,0.0,2000,2000,paired_outcome_stratified_patient_group_cluster
medicine,S6,rSI_sMS,lightgbm,ESTIMATED,validation_2024,current_locked_probability_exact_common_rows,outputs/v2/stage2a/formal_v4_complete_case/P1_03-evaluation-S6/paired_model_comparisons_2024.parquet,"Prespecified source comparison set; nominal unadjusted intervals and p-values, descriptive",4579,268,3923,d598b0d1a07619c0d97ce0418d80c472199f614cfba470d7a91395695f1f9135,0.5904826943916466,0.7549803176185876,-0.16449762322694106,1.8624804601721267e-16,0.08469824136678614,0.15172449649313127,-0.06702625512634514,-0.10195880369378751,-0.041540108968382644,0.0,2000,2000,paired_outcome_stratified_patient_group_cluster
medicine,S6,rSI_sMS,logistic_regression,ESTIMATED,validation_2024,current_locked_probability_exact_common_rows,outputs/v2/stage2a/formal_v4_complete_case/P1_03-evaluation-S6/paired_model_comparisons_2024.parquet,"Prespecified source comparison set; nominal unadjusted intervals and p-values, descriptive",4579,268,3923,d598b0d1a07619c0d97ce0418d80c472199f614cfba470d7a91395695f1f9135,0.5904826943916466,0.6756600608647784,-0.08517736647313179,0.0015911069913459473,0.08469824136678614,0.12051983548569553,-0.035821594118909394,-0.05857576684010542,-0.013972692132160784,0.001,2000,2000,paired_outcome_stratified_patient_group_cluster
medicine,S6,rSI_sMS,xgboost,ESTIMATED,validation_2024,current_locked_probability_exact_common_rows,outputs/v2/stage2a/formal_v4_complete_case/P1_03-evaluation-S6/paired_model_comparisons_2024.parquet,"Prespecified source comparison set; nominal unadjusted intervals and p-values, descriptive",4579,268,3923,d598b0d1a07619c0d97ce0418d80c472199f614cfba470d7a91395695f1f9135,0.5904826943916466,0.757566551376728,-0.16708385698508144,4.811067918012869e-18,0.08469824136678614,0.15134908364475083,-0.0666508422779647,-0.09852966188365261,-0.043011202935874154,0.0,2000,2000,paired_outcome_stratified_patient_group_cluster
medicine,S6,xgboost,lightgbm,ESTIMATED,validation_2024,current_locked_probability_exact_common_rows,outputs/v2/stage2a/formal_v4_complete_case/P1_03-evaluation-S6/paired_model_comparisons_2024.parquet,"Prespecified source comparison set; nominal unadjusted intervals and p-values, descriptive",4770,288,4071,51c63206c91a59e76546c6c74d104c6fdcec6d93f74046eb4039054410cc3b0c,0.7566237170905846,0.7540904358173434,0.0025332812732412613,0.45121456835044393,0.165036909975993,0.1611241162778298,0.003912793698163192,-0.006183032293345321,0.013536129574105736,0.476,2000,2000,paired_outcome_stratified_patient_group_cluster
overall,P1,catboost,lightgbm,ESTIMATED,validation_2024,current_locked_probability_exact_common_rows,outputs/v2/stage2a/formal_v4_complete_case/P1_03-evaluation-P1/paired_model_comparisons_2024.parquet,"Prespecified source comparison set; nominal unadjusted intervals and p-values, descriptive",7289,60,6434,5bc3a9212d70b9b6f124494d50381f6396083943a9add844343de1489e97a3ac,0.9311154147646055,0.9334393876515885,-0.00232397288698305,0.7424873032088251,0.21370304830430842,0.18022436683831924,0.033478681465989174,-0.018019703281505574,0.0958243106974353,0.235,2000,2000,paired_outcome_stratified_patient_group_cluster
overall,P1,catboost,xgboost,ESTIMATED,validation_2024,current_locked_probability_exact_common_rows,outputs/v2/stage2a/formal_v4_complete_case/P1_03-evaluation-P1/paired_model_comparisons_2024.parquet,"Prespecified source comparison set; nominal unadjusted intervals and p-values, descriptive",7289,60,6434,5bc3a9212d70b9b6f124494d50381f6396083943a9add844343de1489e97a3ac,0.9311154147646055,0.9362636602572969,-0.005148245492691439,0.41264105721511857,0.21370304830430842,0.18554920581402465,0.02815384249028377,-0.01683307015510984,0.07985738212077005,0.232,2000,2000,paired_outcome_stratified_patient_group_cluster
overall,P1,logistic_regression,catboost,ESTIMATED,validation_2024,current_locked_probability_exact_common_rows,outputs/v2/stage2a/formal_v4_complete_case/P1_03-evaluation-P1/paired_model_comparisons_2024.parquet,"Prespecified source comparison set; nominal unadjusted intervals and p-values, descriptive",7289,60,6434,5bc3a9212d70b9b6f124494d50381f6396083943a9add844343de1489e97a3ac,0.7732143680545949,0.9311154147646055,-0.1579010467100106,5.804953916565738e-07,0.07386469797937395,0.21370304830430842,-0.13983835032493447,-0.24529695989771935,-0.054954010838803656,0.0,2000,2000,paired_outcome_stratified_patient_group_cluster
overall,P1,logistic_regression,lightgbm,ESTIMATED,validation_2024,current_locked_probability_exact_common_rows,outputs/v2/stage2a/formal_v4_complete_case/P1_03-evaluation-P1/paired_model_comparisons_2024.parquet,"Prespecified source comparison set; nominal unadjusted intervals and p-values, descriptive",7289,60,6434,5bc3a9212d70b9b6f124494d50381f6396083943a9add844343de1489e97a3ac,0.7732143680545949,0.9334393876515885,-0.16022501959699365,1.8010082866386577e-07,0.07386469797937395,0.18022436683831924,-0.1063596688589453,-0.20536285313470334,-0.033654111192184796,0.003,2000,2000,paired_outcome_stratified_patient_group_cluster
overall,P1,logistic_regression,xgboost,ESTIMATED,validation_2024,current_locked_probability_exact_common_rows,outputs/v2/stage2a/formal_v4_complete_case/P1_03-evaluation-P1/paired_model_comparisons_2024.parquet,"Prespecified source comparison set; nominal unadjusted intervals and p-values, descriptive",7289,60,6434,5bc3a9212d70b9b6f124494d50381f6396083943a9add844343de1489e97a3ac,0.7732143680545949,0.9362636602572969,-0.16304929220270203,7.582288957317556e-08,0.07386469797937395,0.18554920581402465,-0.1116845078346507,-0.2189655720200323,-0.0371023674505786,0.003,2000,2000,paired_outcome_stratified_patient_group_cluster
overall,P1,rSI_sMS,catboost,ESTIMATED,validation_2024,current_locked_probability_exact_common_rows,outputs/v2/stage2a/formal_v4_complete_case/P1_03-evaluation-P1/paired_model_comparisons_2024.parquet,"Prespecified source comparison set; nominal unadjusted intervals and p-values, descriptive",7289,60,6434,5bc3a9212d70b9b6f124494d50381f6396083943a9add844343de1489e97a3ac,0.8738184165629179,0.9311154147646055,-0.05729699820168754,0.006148364148481742,0.06236502513085726,0.21370304830430842,-0.15133802317345116,-0.2640445764520299,-0.07754139250210014,0.0,2000,2000,paired_outcome_stratified_patient_group_cluster
overall,P1,rSI_sMS,lightgbm,ESTIMATED,validation_2024,current_locked_probability_exact_common_rows,outputs/v2/stage2a/formal_v4_complete_case/P1_03-evaluation-P1/paired_model_comparisons_2024.parquet,"Prespecified source comparison set; nominal unadjusted intervals and p-values, descriptive",7289,60,6434,5bc3a9212d70b9b6f124494d50381f6396083943a9add844343de1489e97a3ac,0.8738184165629179,0.9334393876515885,-0.059620971088670593,0.0019979945631932116,0.06236502513085726,0.18022436683831924,-0.11785934170746198,-0.22064608688912532,-0.05626969656331514,0.0,2000,2000,paired_outcome_stratified_patient_group_cluster
overall,P1,rSI_sMS,logistic_regression,ESTIMATED,validation_2024,current_locked_probability_exact_common_rows,outputs/v2/stage2a/formal_v4_complete_case/P1_03-evaluation-P1/paired_model_comparisons_2024.parquet,"Prespecified source comparison set; nominal unadjusted intervals and p-values, descriptive",7289,60,6434,5bc3a9212d70b9b6f124494d50381f6396083943a9add844343de1489e97a3ac,0.8738184165629179,0.7732143680545949,0.10060404850832305,0.008306024754299497,0.06236502513085726,0.07386469797937395,-0.01149967284851669,-0.07948369794420686,0.03282556568090019,0.637,2000,2000,paired_outcome_stratified_patient_group_cluster
overall,P1,rSI_sMS,xgboost,ESTIMATED,validation_2024,current_locked_probability_exact_common_rows,outputs/v2/stage2a/formal_v4_complete_case/P1_03-evaluation-P1/paired_model_comparisons_2024.parquet,"Prespecified source comparison set; nominal unadjusted intervals and p-values, descriptive",7289,60,6434,5bc3a9212d70b9b6f124494d50381f6396083943a9add844343de1489e97a3ac,0.8738184165629179,0.9362636602572969,-0.06244524369437898,0.0013418303687577917,0.06236502513085726,0.18554920581402465,-0.12318418068316739,-0.23317904715636043,-0.05737841998220789,0.0,2000,2000,paired_outcome_stratified_patient_group_cluster
overall,P1,xgboost,lightgbm,ESTIMATED,validation_2024,current_locked_probability_exact_common_rows,outputs/v2/stage2a/formal_v4_complete_case/P1_03-evaluation-P1/paired_model_comparisons_2024.parquet,"Prespecified source comparison set; nominal unadjusted intervals and p-values, descriptive",7289,60,6434,5bc3a9212d70b9b6f124494d50381f6396083943a9add844343de1489e97a3ac,0.9362636602572969,0.9334393876515885,0.002824272605708389,0.5563992447356616,0.18554920581402465,0.18022436683831924,0.005324838975705404,-0.02133969965877627,0.03432718879647337,0.725,2000,2000,paired_outcome_stratified_patient_group_cluster
overall,P2,catboost,lightgbm,ESTIMATED,validation_2024,current_locked_probability_exact_common_rows,outputs/v2/stage2a/formal_v4_complete_case/P1_03-evaluation-P2/paired_model_comparisons_2024.parquet,"Prespecified source comparison set; nominal unadjusted intervals and p-values, descriptive",7289,526,6434,5bc3a9212d70b9b6f124494d50381f6396083943a9add844343de1489e97a3ac,0.9080382578208761,0.9054610498074684,0.0025772080134076614,0.08614158318962774,0.4895122498840894,0.47922511104598575,0.010287138838103671,-0.0035582571880928477,0.024521205821893544,0.143,2000,2000,paired_outcome_stratified_patient_group_cluster
overall,P2,catboost,xgboost,ESTIMATED,validation_2024,current_locked_probability_exact_common_rows,outputs/v2/stage2a/formal_v4_complete_case/P1_03-evaluation-P2/paired_model_comparisons_2024.parquet,"Prespecified source comparison set; nominal unadjusted intervals and p-values, descriptive",7289,526,6434,5bc3a9212d70b9b6f124494d50381f6396083943a9add844343de1489e97a3ac,0.9080382578208761,0.9082266009021354,-0.0001883430812592568,0.8894439663182659,0.4895122498840894,0.4880677197209999,0.0014445301630895413,-0.011019711589122268,0.014138646454283973,0.825,2000,2000,paired_outcome_stratified_patient_group_cluster
overall,P2,logistic_regression,catboost,ESTIMATED,validation_2024,current_locked_probability_exact_common_rows,outputs/v2/stage2a/formal_v4_complete_case/P1_03-evaluation-P2/paired_model_comparisons_2024.parquet,"Prespecified source comparison set; nominal unadjusted intervals and p-values, descriptive",7289,526,6434,5bc3a9212d70b9b6f124494d50381f6396083943a9add844343de1489e97a3ac,0.8675273476965081,0.9080382578208761,-0.04051091012436803,4.6895933429064196e-09,0.4130543238235219,0.4895122498840894,-0.0764579260605675,-0.10534830167601059,-0.044484110612078055,0.0,2000,2000,paired_outcome_stratified_patient_group_cluster
overall,P2,logistic_regression,lightgbm,ESTIMATED,validation_2024,current_locked_probability_exact_common_rows,outputs/v2/stage2a/formal_v4_complete_case/P1_03-evaluation-P2/paired_model_comparisons_2024.parquet,"Prespecified source comparison set; nominal unadjusted intervals and p-values, descriptive",7289,526,6434,5bc3a9212d70b9b6f124494d50381f6396083943a9add844343de1489e97a3ac,0.8675273476965081,0.9054610498074684,-0.037933702110960366,2.0318101701783032e-07,0.4130543238235219,0.47922511104598575,-0.06617078722246383,-0.09667308006686723,-0.0336024287393607,0.0,2000,2000,paired_outcome_stratified_patient_group_cluster
overall,P2,logistic_regression,xgboost,ESTIMATED,validation_2024,current_locked_probability_exact_common_rows,outputs/v2/stage2a/formal_v4_complete_case/P1_03-evaluation-P2/paired_model_comparisons_2024.parquet,"Prespecified source comparison set; nominal unadjusted intervals and p-values, descriptive",7289,526,6434,5bc3a9212d70b9b6f124494d50381f6396083943a9add844343de1489e97a3ac,0.8675273476965081,0.9082266009021354,-0.040699253205627284,2.0989527423876336e-08,0.4130543238235219,0.4880677197209999,-0.07501339589747796,-0.10341916761344372,-0.04216581451082281,0.0,2000,2000,paired_outcome_stratified_patient_group_cluster
overall,P2,rSI_sMS,catboost,ESTIMATED,validation_2024,current_locked_probability_exact_common_rows,outputs/v2/stage2a/formal_v4_complete_case/P1_03-evaluation-P2/paired_model_comparisons_2024.parquet,"Prespecified source comparison set; nominal unadjusted intervals and p-values, descriptive",7289,526,6434,5bc3a9212d70b9b6f124494d50381f6396083943a9add844343de1489e97a3ac,0.7526071461300556,0.9080382578208761,-0.15543111169082047,7.558114581180966e-47,0.27583384778486986,0.4895122498840894,-0.21367840209921957,-0.24923447751332492,-0.17575408531767733,0.0,2000,2000,paired_outcome_stratified_patient_group_cluster
overall,P2,rSI_sMS,lightgbm,ESTIMATED,validation_2024,current_locked_probability_exact_common_rows,outputs/v2/stage2a/formal_v4_complete_case/P1_03-evaluation-P2/paired_model_comparisons_2024.parquet,"Prespecified source comparison set; nominal unadjusted intervals and p-values, descriptive",7289,526,6434,5bc3a9212d70b9b6f124494d50381f6396083943a9add844343de1489e97a3ac,0.7526071461300556,0.9054610498074684,-0.1528539036774128,2.5687316388864953e-46,0.27583384778486986,0.47922511104598575,-0.2033912632611159,-0.23841145954673956,-0.1615754908413555,0.0,2000,2000,paired_outcome_stratified_patient_group_cluster
overall,P2,rSI_sMS,logistic_regression,ESTIMATED,validation_2024,current_locked_probability_exact_common_rows,outputs/v2/stage2a/formal_v4_complete_case/P1_03-evaluation-P2/paired_model_comparisons_2024.parquet,"Prespecified source comparison set; nominal unadjusted intervals and p-values, descriptive",7289,526,6434,5bc3a9212d70b9b6f124494d50381f6396083943a9add844343de1489e97a3ac,0.7526071461300556,0.8675273476965081,-0.11492020156645244,1.0439817134133526e-17,0.27583384778486986,0.4130543238235219,-0.13722047603865206,-0.17976982110333942,-0.0962050075796565,0.0,2000,2000,paired_outcome_stratified_patient_group_cluster
overall,P2,rSI_sMS,xgboost,ESTIMATED,validation_2024,current_locked_probability_exact_common_rows,outputs/v2/stage2a/formal_v4_complete_case/P1_03-evaluation-P2/paired_model_comparisons_2024.parquet,"Prespecified source comparison set; nominal unadjusted intervals and p-values, descriptive",7289,526,6434,5bc3a9212d70b9b6f124494d50381f6396083943a9add844343de1489e97a3ac,0.7526071461300556,0.9082266009021354,-0.15561945477207972,2.56558621042101e-47,0.27583384778486986,0.4880677197209999,-0.21223387193613003,-0.24724374940292723,-0.17211376678838142,0.0,2000,2000,paired_outcome_stratified_patient_group_cluster
overall,P2,xgboost,lightgbm,ESTIMATED,validation_2024,current_locked_probability_exact_common_rows,outputs/v2/stage2a/formal_v4_complete_case/P1_03-evaluation-P2/paired_model_comparisons_2024.parquet,"Prespecified source comparison set; nominal unadjusted intervals and p-values, descriptive",7289,526,6434,5bc3a9212d70b9b6f124494d50381f6396083943a9add844343de1489e97a3ac,0.9082266009021354,0.9054610498074684,0.002765551094666918,0.0028294844431153076,0.4880677197209999,0.47922511104598575,0.00884260867501413,-0.002781644141373074,0.020002694518962905,0.138,2000,2000,paired_outcome_stratified_patient_group_cluster
overall,P3,catboost,lightgbm,ESTIMATED,validation_2024,current_locked_probability_exact_common_rows,outputs/v2/stage2a/formal_v4_complete_case/P1_03-evaluation-P3/paired_model_comparisons_2024.parquet,"Prespecified source comparison set; nominal unadjusted intervals and p-values, descriptive",7289,237,6434,5bc3a9212d70b9b6f124494d50381f6396083943a9add844343de1489e97a3ac,0.9135559592275345,0.9112909884618423,0.002264970765692209,0.46596722316034667,0.3836228340838022,0.3964220594933085,-0.012799225409506287,-0.034311625477204725,0.010889486665276931,0.28,2000,2000,paired_outcome_stratified_patient_group_cluster
overall,P3,catboost,xgboost,ESTIMATED,validation_2024,current_locked_probability_exact_common_rows,outputs/v2/stage2a/formal_v4_complete_case/P1_03-evaluation-P3/paired_model_comparisons_2024.parquet,"Prespecified source comparison set; nominal unadjusted intervals and p-values, descriptive",7289,237,6434,5bc3a9212d70b9b6f124494d50381f6396083943a9add844343de1489e97a3ac,0.9135559592275345,0.9143505388542258,-0.0007945796266912719,0.7191067286937517,0.3836228340838022,0.38376973365963907,-0.0001468995758368563,-0.01950662273625072,0.020196250897552965,1.0,2000,2000,paired_outcome_stratified_patient_group_cluster
overall,P3,logistic_regression,catboost,ESTIMATED,validation_2024,current_locked_probability_exact_common_rows,outputs/v2/stage2a/formal_v4_complete_case/P1_03-evaluation-P3/paired_model_comparisons_2024.parquet,"Prespecified source comparison set; nominal unadjusted intervals and p-values, descriptive",7289,237,6434,5bc3a9212d70b9b6f124494d50381f6396083943a9add844343de1489e97a3ac,0.8363507015994506,0.9135559592275345,-0.07720525762808395,2.4601708172962884e-08,0.2818575875679471,0.3836228340838022,-0.10176524651585511,-0.1494531653562903,-0.0497021500992556,0.0,2000,2000,paired_outcome_stratified_patient_group_cluster
overall,P3,logistic_regression,lightgbm,ESTIMATED,validation_2024,current_locked_probability_exact_common_rows,outputs/v2/stage2a/formal_v4_complete_case/P1_03-evaluation-P3/paired_model_comparisons_2024.parquet,"Prespecified source comparison set; nominal unadjusted intervals and p-values, descriptive",7289,237,6434,5bc3a9212d70b9b6f124494d50381f6396083943a9add844343de1489e97a3ac,0.8363507015994506,0.9112909884618423,-0.07494028686239174,4.473975099865181e-08,0.2818575875679471,0.3964220594933085,-0.1145644719253614,-0.16161388087814776,-0.06001075969974425,0.0,2000,2000,paired_outcome_stratified_patient_group_cluster
overall,P3,logistic_regression,xgboost,ESTIMATED,validation_2024,current_locked_probability_exact_common_rows,outputs/v2/stage2a/formal_v4_complete_case/P1_03-evaluation-P3/paired_model_comparisons_2024.parquet,"Prespecified source comparison set; nominal unadjusted intervals and p-values, descriptive",7289,237,6434,5bc3a9212d70b9b6f124494d50381f6396083943a9add844343de1489e97a3ac,0.8363507015994506,0.9143505388542258,-0.07799983725477522,1.0796284213025788e-08,0.2818575875679471,0.38376973365963907,-0.10191214609169197,-0.15049285278955404,-0.04939102821657837,0.0,2000,2000,paired_outcome_stratified_patient_group_cluster
overall,P3,rSI_sMS,catboost,ESTIMATED,validation_2024,current_locked_probability_exact_common_rows,outputs/v2/stage2a/formal_v4_complete_case/P1_03-evaluation-P3/paired_model_comparisons_2024.parquet,"Prespecified source comparison set; nominal unadjusted intervals and p-values, descriptive",7289,237,6434,5bc3a9212d70b9b6f124494d50381f6396083943a9add844343de1489e97a3ac,0.7210460090323599,0.9135559592275345,-0.19250995019517458,3.641024903735197e-25,0.11397601661632588,0.3836228340838022,-0.2696468174674763,-0.3283524550626479,-0.20868147678931967,0.0,2000,2000,paired_outcome_stratified_patient_group_cluster
overall,P3,rSI_sMS,lightgbm,ESTIMATED,validation_2024,current_locked_probability_exact_common_rows,outputs/v2/stage2a/formal_v4_complete_case/P1_03-evaluation-P3/paired_model_comparisons_2024.parquet,"Prespecified source comparison set; nominal unadjusted intervals and p-values, descriptive",7289,237,6434,5bc3a9212d70b9b6f124494d50381f6396083943a9add844343de1489e97a3ac,0.7210460090323599,0.9112909884618423,-0.19024497942948237,2.087838223269781e-24,0.11397601661632588,0.3964220594933085,-0.2824460428769826,-0.34048205199308845,-0.22232860731667162,0.0,2000,2000,paired_outcome_stratified_patient_group_cluster
overall,P3,rSI_sMS,logistic_regression,ESTIMATED,validation_2024,current_locked_probability_exact_common_rows,outputs/v2/stage2a/formal_v4_complete_case/P1_03-evaluation-P3/paired_model_comparisons_2024.parquet,"Prespecified source comparison set; nominal unadjusted intervals and p-values, descriptive",7289,237,6434,5bc3a9212d70b9b6f124494d50381f6396083943a9add844343de1489e97a3ac,0.7210460090323599,0.8363507015994506,-0.11530469256709064,9.91164105663166e-07,0.11397601661632588,0.2818575875679471,-0.1678815709516212,-0.22952032807670333,-0.11202952203984733,0.0,2000,2000,paired_outcome_stratified_patient_group_cluster
overall,P3,rSI_sMS,xgboost,ESTIMATED,validation_2024,current_locked_probability_exact_common_rows,outputs/v2/stage2a/formal_v4_complete_case/P1_03-evaluation-P3/paired_model_comparisons_2024.parquet,"Prespecified source comparison set; nominal unadjusted intervals and p-values, descriptive",7289,237,6434,5bc3a9212d70b9b6f124494d50381f6396083943a9add844343de1489e97a3ac,0.7210460090323599,0.9143505388542258,-0.19330452982186586,4.616489757917023e-25,0.11397601661632588,0.38376973365963907,-0.2697937170433132,-0.33366279151786343,-0.2068725272414573,0.0,2000,2000,paired_outcome_stratified_patient_group_cluster
overall,P3,xgboost,lightgbm,ESTIMATED,validation_2024,current_locked_probability_exact_common_rows,outputs/v2/stage2a/formal_v4_complete_case/P1_03-evaluation-P3/paired_model_comparisons_2024.parquet,"Prespecified source comparison set; nominal unadjusted intervals and p-values, descriptive",7289,237,6434,5bc3a9212d70b9b6f124494d50381f6396083943a9add844343de1489e97a3ac,0.9143505388542258,0.9112909884618423,0.003059550392383481,0.12376105061642802,0.38376973365963907,0.3964220594933085,-0.012652325833669431,-0.0324352168001283,0.007996054049311679,0.241,2000,2000,paired_outcome_stratified_patient_group_cluster
overall,S1,catboost,lightgbm,ESTIMATED,validation_2024,current_locked_probability_exact_common_rows,outputs/v2/stage2a/formal_v4_complete_case/P1_03-evaluation-S1/paired_model_comparisons_2024.parquet,"Prespecified source comparison set; nominal unadjusted intervals and p-values, descriptive",7289,135,6434,5bc3a9212d70b9b6f124494d50381f6396083943a9add844343de1489e97a3ac,0.9153905093239731,0.9143830439329461,0.0010074653910270293,0.7487371462347802,0.25049636372366824,0.2584462596455161,-0.00794989592184786,-0.041759766148495976,0.021027489795692227,0.497,2000,2000,paired_outcome_stratified_patient_group_cluster
overall,S1,catboost,xgboost,ESTIMATED,validation_2024,current_locked_probability_exact_common_rows,outputs/v2/stage2a/formal_v4_complete_case/P1_03-evaluation-S1/paired_model_comparisons_2024.parquet,"Prespecified source comparison set; nominal unadjusted intervals and p-values, descriptive",7289,135,6434,5bc3a9212d70b9b6f124494d50381f6396083943a9add844343de1489e97a3ac,0.9153905093239731,0.9167396639020907,-0.0013491545781175729,0.6624816591963167,0.25049636372366824,0.24919970024312868,0.001296663480539556,-0.027220349964968887,0.02711519754365392,0.998,2000,2000,paired_outcome_stratified_patient_group_cluster
overall,S1,logistic_regression,catboost,ESTIMATED,validation_2024,current_locked_probability_exact_common_rows,outputs/v2/stage2a/formal_v4_complete_case/P1_03-evaluation-S1/paired_model_comparisons_2024.parquet,"Prespecified source comparison set; nominal unadjusted intervals and p-values, descriptive",7289,135,6434,5bc3a9212d70b9b6f124494d50381f6396083943a9add844343de1489e97a3ac,0.8256442912020212,0.9153905093239731,-0.08974621812195194,3.220935669676011e-06,0.15695022544489334,0.25049636372366824,-0.09354613827877489,-0.14553938507526087,-0.04587452669764334,0.001,2000,2000,paired_outcome_stratified_patient_group_cluster
overall,S1,logistic_regression,lightgbm,ESTIMATED,validation_2024,current_locked_probability_exact_common_rows,outputs/v2/stage2a/formal_v4_complete_case/P1_03-evaluation-S1/paired_model_comparisons_2024.parquet,"Prespecified source comparison set; nominal unadjusted intervals and p-values, descriptive",7289,135,6434,5bc3a9212d70b9b6f124494d50381f6396083943a9add844343de1489e97a3ac,0.8256442912020212,0.9143830439329461,-0.08873875273092491,4.0419987019245024e-06,0.15695022544489334,0.2584462596455161,-0.10149603420062275,-0.16240440445308238,-0.05060879375315362,0.0,2000,2000,paired_outcome_stratified_patient_group_cluster
overall,S1,logistic_regression,xgboost,ESTIMATED,validation_2024,current_locked_probability_exact_common_rows,outputs/v2/stage2a/formal_v4_complete_case/P1_03-evaluation-S1/paired_model_comparisons_2024.parquet,"Prespecified source comparison set; nominal unadjusted intervals and p-values, descriptive",7289,135,6434,5bc3a9212d70b9b6f124494d50381f6396083943a9add844343de1489e97a3ac,0.8256442912020212,0.9167396639020907,-0.09109537270006951,2.4279505627085463e-06,0.15695022544489334,0.24919970024312868,-0.09224947479823534,-0.14692425996591707,-0.04544492654129572,0.0,2000,2000,paired_outcome_stratified_patient_group_cluster
overall,S1,rSI_sMS,catboost,ESTIMATED,validation_2024,current_locked_probability_exact_common_rows,outputs/v2/stage2a/formal_v4_complete_case/P1_03-evaluation-S1/paired_model_comparisons_2024.parquet,"Prespecified source comparison set; nominal unadjusted intervals and p-values, descriptive",7289,135,6434,5bc3a9212d70b9b6f124494d50381f6396083943a9add844343de1489e97a3ac,0.7996365669555494,0.9153905093239731,-0.11575394236842373,3.7448947417986464e-10,0.10085625516790192,0.25049636372366824,-0.14964010855576632,-0.20775922102888786,-0.09601174926421356,0.0,2000,2000,paired_outcome_stratified_patient_group_cluster
overall,S1,rSI_sMS,lightgbm,ESTIMATED,validation_2024,current_locked_probability_exact_common_rows,outputs/v2/stage2a/formal_v4_complete_case/P1_03-evaluation-S1/paired_model_comparisons_2024.parquet,"Prespecified source comparison set; nominal unadjusted intervals and p-values, descriptive",7289,135,6434,5bc3a9212d70b9b6f124494d50381f6396083943a9add844343de1489e97a3ac,0.7996365669555494,0.9143830439329461,-0.1147464769773967,2.013577689734213e-10,0.10085625516790192,0.2584462596455161,-0.15759000447761418,-0.2222288081304169,-0.1065884347580359,0.0,2000,2000,paired_outcome_stratified_patient_group_cluster
overall,S1,rSI_sMS,logistic_regression,ESTIMATED,validation_2024,current_locked_probability_exact_common_rows,outputs/v2/stage2a/formal_v4_complete_case/P1_03-evaluation-S1/paired_model_comparisons_2024.parquet,"Prespecified source comparison set; nominal unadjusted intervals and p-values, descriptive",7289,135,6434,5bc3a9212d70b9b6f124494d50381f6396083943a9add844343de1489e97a3ac,0.7996365669555494,0.8256442912020212,-0.026007724246471797,0.3371863141578423,0.10085625516790192,0.15695022544489334,-0.05609397027699142,-0.10523013832784074,-0.013711111188809239,0.007,2000,2000,paired_outcome_stratified_patient_group_cluster
overall,S1,rSI_sMS,xgboost,ESTIMATED,validation_2024,current_locked_probability_exact_common_rows,outputs/v2/stage2a/formal_v4_complete_case/P1_03-evaluation-S1/paired_model_comparisons_2024.parquet,"Prespecified source comparison set; nominal unadjusted intervals and p-values, descriptive",7289,135,6434,5bc3a9212d70b9b6f124494d50381f6396083943a9add844343de1489e97a3ac,0.7996365669555494,0.9167396639020907,-0.11710309694654131,1.4560800163861598e-10,0.10085625516790192,0.24919970024312868,-0.14834344507522676,-0.2128096458415811,-0.0964272395684336,0.0,2000,2000,paired_outcome_stratified_patient_group_cluster
overall,S1,xgboost,lightgbm,ESTIMATED,validation_2024,current_locked_probability_exact_common_rows,outputs/v2/stage2a/formal_v4_complete_case/P1_03-evaluation-S1/paired_model_comparisons_2024.parquet,"Prespecified source comparison set; nominal unadjusted intervals and p-values, descriptive",7289,135,6434,5bc3a9212d70b9b6f124494d50381f6396083943a9add844343de1489e97a3ac,0.9167396639020907,0.9143830439329461,0.002356619969144602,0.24521603575938167,0.24919970024312868,0.2584462596455161,-0.009246559402387416,-0.030247353245367703,0.007309934443282565,0.266,2000,2000,paired_outcome_stratified_patient_group_cluster
overall,S2,catboost,lightgbm,ESTIMATED,validation_2024,current_locked_probability_exact_common_rows,outputs/v2/stage2a/formal_v4_complete_case/P1_03-evaluation-S2/paired_model_comparisons_2024.parquet,"Prespecified source comparison set; nominal unadjusted intervals and p-values, descriptive",7289,226,6434,5bc3a9212d70b9b6f124494d50381f6396083943a9add844343de1489e97a3ac,0.909205268888474,0.9103247761298753,-0.0011195072414013074,0.7531953548442076,0.31091802439801497,0.31172251132548995,-0.0008044869274749789,-0.028709200365848325,0.02622398411712376,0.913,2000,2000,paired_outcome_stratified_patient_group_cluster
overall,S2,catboost,xgboost,ESTIMATED,validation_2024,current_locked_probability_exact_common_rows,outputs/v2/stage2a/formal_v4_complete_case/P1_03-evaluation-S2/paired_model_comparisons_2024.parquet,"Prespecified source comparison set; nominal unadjusted intervals and p-values, descriptive",7289,226,6434,5bc3a9212d70b9b6f124494d50381f6396083943a9add844343de1489e97a3ac,0.909205268888474,0.9109976081261065,-0.0017923392376325564,0.630058895206199,0.31091802439801497,0.3169684076184711,-0.006050383220456146,-0.032230776313055015,0.018513222266605858,0.649,2000,2000,paired_outcome_stratified_patient_group_cluster
overall,S2,logistic_regression,catboost,ESTIMATED,validation_2024,current_locked_probability_exact_common_rows,outputs/v2/stage2a/formal_v4_complete_case/P1_03-evaluation-S2/paired_model_comparisons_2024.parquet,"Prespecified source comparison set; nominal unadjusted intervals and p-values, descriptive",7289,226,6434,5bc3a9212d70b9b6f124494d50381f6396083943a9add844343de1489e97a3ac,0.8509652069428243,0.909205268888474,-0.05824006194564968,1.038988051002737e-05,0.25456229112592743,0.31091802439801497,-0.05635573327208754,-0.1019644733737069,-0.007851431561957235,0.022,2000,2000,paired_outcome_stratified_patient_group_cluster
overall,S2,logistic_regression,lightgbm,ESTIMATED,validation_2024,current_locked_probability_exact_common_rows,outputs/v2/stage2a/formal_v4_complete_case/P1_03-evaluation-S2/paired_model_comparisons_2024.parquet,"Prespecified source comparison set; nominal unadjusted intervals and p-values, descriptive",7289,226,6434,5bc3a9212d70b9b6f124494d50381f6396083943a9add844343de1489e97a3ac,0.8509652069428243,0.9103247761298753,-0.05935956918705099,6.330227962903195e-06,0.25456229112592743,0.31172251132548995,-0.05716022019956252,-0.10373689714862613,-0.014095427117190777,0.011,2000,2000,paired_outcome_stratified_patient_group_cluster
overall,S2,logistic_regression,xgboost,ESTIMATED,validation_2024,current_locked_probability_exact_common_rows,outputs/v2/stage2a/formal_v4_complete_case/P1_03-evaluation-S2/paired_model_comparisons_2024.parquet,"Prespecified source comparison set; nominal unadjusted intervals and p-values, descriptive",7289,226,6434,5bc3a9212d70b9b6f124494d50381f6396083943a9add844343de1489e97a3ac,0.8509652069428243,0.9109976081261065,-0.060032401183282236,7.4518776747152785e-06,0.25456229112592743,0.3169684076184711,-0.062406116492543684,-0.10705707329247872,-0.019238216679435774,0.008,2000,2000,paired_outcome_stratified_patient_group_cluster
overall,S2,rSI_sMS,catboost,ESTIMATED,validation_2024,current_locked_probability_exact_common_rows,outputs/v2/stage2a/formal_v4_complete_case/P1_03-evaluation-S2/paired_model_comparisons_2024.parquet,"Prespecified source comparison set; nominal unadjusted intervals and p-values, descriptive",7289,226,6434,5bc3a9212d70b9b6f124494d50381f6396083943a9add844343de1489e97a3ac,0.783317713273334,0.909205268888474,-0.12588755561513998,8.173463192169712e-17,0.14869697016812428,0.31091802439801497,-0.1622210542298907,-0.20967768048355756,-0.11555613066682209,0.0,2000,2000,paired_outcome_stratified_patient_group_cluster
overall,S2,rSI_sMS,lightgbm,ESTIMATED,validation_2024,current_locked_probability_exact_common_rows,outputs/v2/stage2a/formal_v4_complete_case/P1_03-evaluation-S2/paired_model_comparisons_2024.parquet,"Prespecified source comparison set; nominal unadjusted intervals and p-values, descriptive",7289,226,6434,5bc3a9212d70b9b6f124494d50381f6396083943a9add844343de1489e97a3ac,0.783317713273334,0.9103247761298753,-0.1270070628565413,2.0995087506769187e-17,0.14869697016812428,0.31172251132548995,-0.16302554115736567,-0.21807142183298345,-0.11400055329075902,0.0,2000,2000,paired_outcome_stratified_patient_group_cluster
overall,S2,rSI_sMS,logistic_regression,ESTIMATED,validation_2024,current_locked_probability_exact_common_rows,outputs/v2/stage2a/formal_v4_complete_case/P1_03-evaluation-S2/paired_model_comparisons_2024.parquet,"Prespecified source comparison set; nominal unadjusted intervals and p-values, descriptive",7289,226,6434,5bc3a9212d70b9b6f124494d50381f6396083943a9add844343de1489e97a3ac,0.783317713273334,0.8509652069428243,-0.0676474936694903,0.001539396441314252,0.14869697016812428,0.25456229112592743,-0.10586532095780316,-0.15772085891994245,-0.05732814270905672,0.0,2000,2000,paired_outcome_stratified_patient_group_cluster
overall,S2,rSI_sMS,xgboost,ESTIMATED,validation_2024,current_locked_probability_exact_common_rows,outputs/v2/stage2a/formal_v4_complete_case/P1_03-evaluation-S2/paired_model_comparisons_2024.parquet,"Prespecified source comparison set; nominal unadjusted intervals and p-values, descriptive",7289,226,6434,5bc3a9212d70b9b6f124494d50381f6396083943a9add844343de1489e97a3ac,0.783317713273334,0.9109976081261065,-0.12767989485277254,1.2326919007379592e-17,0.14869697016812428,0.3169684076184711,-0.16827143745034684,-0.22083588436788948,-0.1190703579670808,0.0,2000,2000,paired_outcome_stratified_patient_group_cluster
overall,S2,xgboost,lightgbm,ESTIMATED,validation_2024,current_locked_probability_exact_common_rows,outputs/v2/stage2a/formal_v4_complete_case/P1_03-evaluation-S2/paired_model_comparisons_2024.parquet,"Prespecified source comparison set; nominal unadjusted intervals and p-values, descriptive",7289,226,6434,5bc3a9212d70b9b6f124494d50381f6396083943a9add844343de1489e97a3ac,0.9109976081261065,0.9103247761298753,0.000672831996231249,0.6252964412706394,0.3169684076184711,0.31172251132548995,0.005245896292981167,-0.009718630628259766,0.02149252820878509,0.499,2000,2000,paired_outcome_stratified_patient_group_cluster
overall,S3,catboost,lightgbm,ESTIMATED,validation_2024,current_locked_probability_exact_common_rows,outputs/v2/stage2a/formal_v4_complete_case/P1_03-evaluation-S3/paired_model_comparisons_2024.parquet,"Prespecified source comparison set; nominal unadjusted intervals and p-values, descriptive",7289,2086,6434,5bc3a9212d70b9b6f124494d50381f6396083943a9add844343de1489e97a3ac,0.7740755066265517,0.7725109361458808,0.0015645704806708238,0.25472090235877964,0.5878675355769589,0.5861788069283926,0.0016887286485662845,-0.004221351237361312,0.00752784858468052,0.575,2000,2000,paired_outcome_stratified_patient_group_cluster
overall,S3,catboost,xgboost,ESTIMATED,validation_2024,current_locked_probability_exact_common_rows,outputs/v2/stage2a/formal_v4_complete_case/P1_03-evaluation-S3/paired_model_comparisons_2024.parquet,"Prespecified source comparison set; nominal unadjusted intervals and p-values, descriptive",7289,2086,6434,5bc3a9212d70b9b6f124494d50381f6396083943a9add844343de1489e97a3ac,0.7740755066265517,0.774631734881178,-0.000556228254626312,0.7025379641762517,0.5878675355769589,0.5882793582914931,-0.0004118227145342157,-0.0065376968841889625,0.005671427967933404,0.904,2000,2000,paired_outcome_stratified_patient_group_cluster
overall,S3,logistic_regression,catboost,ESTIMATED,validation_2024,current_locked_probability_exact_common_rows,outputs/v2/stage2a/formal_v4_complete_case/P1_03-evaluation-S3/paired_model_comparisons_2024.parquet,"Prespecified source comparison set; nominal unadjusted intervals and p-values, descriptive",7289,2086,6434,5bc3a9212d70b9b6f124494d50381f6396083943a9add844343de1489e97a3ac,0.7468057645775198,0.7740755066265517,-0.027269742049031875,5.918717414096592e-15,0.529135567971823,0.5878675355769589,-0.05873196760513588,-0.07235488056221,-0.043849407571874194,0.0,2000,2000,paired_outcome_stratified_patient_group_cluster
overall,S3,logistic_regression,lightgbm,ESTIMATED,validation_2024,current_locked_probability_exact_common_rows,outputs/v2/stage2a/formal_v4_complete_case/P1_03-evaluation-S3/paired_model_comparisons_2024.parquet,"Prespecified source comparison set; nominal unadjusted intervals and p-values, descriptive",7289,2086,6434,5bc3a9212d70b9b6f124494d50381f6396083943a9add844343de1489e97a3ac,0.7468057645775198,0.7725109361458808,-0.02570517156836105,4.804652656814687e-13,0.529135567971823,0.5861788069283926,-0.0570432389565696,-0.07072300922716188,-0.04183573841462356,0.0,2000,2000,paired_outcome_stratified_patient_group_cluster
overall,S3,logistic_regression,xgboost,ESTIMATED,validation_2024,current_locked_probability_exact_common_rows,outputs/v2/stage2a/formal_v4_complete_case/P1_03-evaluation-S3/paired_model_comparisons_2024.parquet,"Prespecified source comparison set; nominal unadjusted intervals and p-values, descriptive",7289,2086,6434,5bc3a9212d70b9b6f124494d50381f6396083943a9add844343de1489e97a3ac,0.7468057645775198,0.774631734881178,-0.027825970303658187,9.068668571768088e-15,0.529135567971823,0.5882793582914931,-0.0591437903196701,-0.07315266375083924,-0.043929298769856774,0.0,2000,2000,paired_outcome_stratified_patient_group_cluster
overall,S3,rSI_sMS,catboost,ESTIMATED,validation_2024,current_locked_probability_exact_common_rows,outputs/v2/stage2a/formal_v4_complete_case/P1_03-evaluation-S3/paired_model_comparisons_2024.parquet,"Prespecified source comparison set; nominal unadjusted intervals and p-values, descriptive",7289,2086,6434,5bc3a9212d70b9b6f124494d50381f6396083943a9add844343de1489e97a3ac,0.5765255644790812,0.7740755066265517,-0.19754994214747046,2.4398499162636493e-116,0.3635293612408893,0.5878675355769589,-0.22433817433606962,-0.24687209432612311,-0.20115961773200378,0.0,2000,2000,paired_outcome_stratified_patient_group_cluster
overall,S3,rSI_sMS,lightgbm,ESTIMATED,validation_2024,current_locked_probability_exact_common_rows,outputs/v2/stage2a/formal_v4_complete_case/P1_03-evaluation-S3/paired_model_comparisons_2024.parquet,"Prespecified source comparison set; nominal unadjusted intervals and p-values, descriptive",7289,2086,6434,5bc3a9212d70b9b6f124494d50381f6396083943a9add844343de1489e97a3ac,0.5765255644790812,0.7725109361458808,-0.19598537166679963,6.230843249821571e-116,0.3635293612408893,0.5861788069283926,-0.22264944568750333,-0.24588860689410902,-0.20003431797372712,0.0,2000,2000,paired_outcome_stratified_patient_group_cluster
overall,S3,rSI_sMS,logistic_regression,ESTIMATED,validation_2024,current_locked_probability_exact_common_rows,outputs/v2/stage2a/formal_v4_complete_case/P1_03-evaluation-S3/paired_model_comparisons_2024.parquet,"Prespecified source comparison set; nominal unadjusted intervals and p-values, descriptive",7289,2086,6434,5bc3a9212d70b9b6f124494d50381f6396083943a9add844343de1489e97a3ac,0.5765255644790812,0.7468057645775198,-0.17028020009843858,6.097939343410726e-82,0.3635293612408893,0.529135567971823,-0.16560620673093374,-0.18642189429643666,-0.14193462849002075,0.0,2000,2000,paired_outcome_stratified_patient_group_cluster
overall,S3,rSI_sMS,xgboost,ESTIMATED,validation_2024,current_locked_probability_exact_common_rows,outputs/v2/stage2a/formal_v4_complete_case/P1_03-evaluation-S3/paired_model_comparisons_2024.parquet,"Prespecified source comparison set; nominal unadjusted intervals and p-values, descriptive",7289,2086,6434,5bc3a9212d70b9b6f124494d50381f6396083943a9add844343de1489e97a3ac,0.5765255644790812,0.774631734881178,-0.19810617040209677,1.8542702728873165e-118,0.3635293612408893,0.5882793582914931,-0.22474999705060383,-0.24712137727162137,-0.20091740245761522,0.0,2000,2000,paired_outcome_stratified_patient_group_cluster
overall,S3,xgboost,lightgbm,ESTIMATED,validation_2024,current_locked_probability_exact_common_rows,outputs/v2/stage2a/formal_v4_complete_case/P1_03-evaluation-S3/paired_model_comparisons_2024.parquet,"Prespecified source comparison set; nominal unadjusted intervals and p-values, descriptive",7289,2086,6434,5bc3a9212d70b9b6f124494d50381f6396083943a9add844343de1489e97a3ac,0.774631734881178,0.7725109361458808,0.002120798735297136,0.030383659934749195,0.5882793582914931,0.5861788069283926,0.0021005513631005,-0.0021149444019291502,0.00634728283026278,0.345,2000,2000,paired_outcome_stratified_patient_group_cluster
overall,S4,catboost,lightgbm,ESTIMATED,validation_2024,current_locked_probability_exact_common_rows,outputs/v2/stage2a/formal_v4_complete_case/P1_03-evaluation-S4/paired_model_comparisons_2024.parquet,"Prespecified source comparison set; nominal unadjusted intervals and p-values, descriptive",7289,707,6434,5bc3a9212d70b9b6f124494d50381f6396083943a9add844343de1489e97a3ac,0.8426841967957701,0.8408975745862124,0.00178662220955772,0.28222381610272096,0.433699903467147,0.4301889735037922,0.003510929963354781,-0.005493886509267343,0.013407763659306725,0.482,2000,2000,paired_outcome_stratified_patient_group_cluster
overall,S4,catboost,xgboost,ESTIMATED,validation_2024,current_locked_probability_exact_common_rows,outputs/v2/stage2a/formal_v4_complete_case/P1_03-evaluation-S4/paired_model_comparisons_2024.parquet,"Prespecified source comparison set; nominal unadjusted intervals and p-values, descriptive",7289,707,6434,5bc3a9212d70b9b6f124494d50381f6396083943a9add844343de1489e97a3ac,0.8426841967957701,0.8414272863671312,0.0012569104286389576,0.3954215651195546,0.433699903467147,0.43238478828324317,0.0013151151839038144,-0.006958391474420869,0.010312003032339463,0.741,2000,2000,paired_outcome_stratified_patient_group_cluster
overall,S4,logistic_regression,catboost,ESTIMATED,validation_2024,current_locked_probability_exact_common_rows,outputs/v2/stage2a/formal_v4_complete_case/P1_03-evaluation-S4/paired_model_comparisons_2024.parquet,"Prespecified source comparison set; nominal unadjusted intervals and p-values, descriptive",7289,707,6434,5bc3a9212d70b9b6f124494d50381f6396083943a9add844343de1489e97a3ac,0.8003545308300852,0.8426841967957701,-0.04232966596568488,1.0942214931229844e-09,0.3600043199357973,0.433699903467147,-0.0736955835313497,-0.09922884279815379,-0.045846145755048084,0.0,2000,2000,paired_outcome_stratified_patient_group_cluster
overall,S4,logistic_regression,lightgbm,ESTIMATED,validation_2024,current_locked_probability_exact_common_rows,outputs/v2/stage2a/formal_v4_complete_case/P1_03-evaluation-S4/paired_model_comparisons_2024.parquet,"Prespecified source comparison set; nominal unadjusted intervals and p-values, descriptive",7289,707,6434,5bc3a9212d70b9b6f124494d50381f6396083943a9add844343de1489e97a3ac,0.8003545308300852,0.8408975745862124,-0.04054304375612716,8.214863626358e-09,0.3600043199357973,0.4301889735037922,-0.07018465356799491,-0.09564639882428626,-0.041693218201742016,0.0,2000,2000,paired_outcome_stratified_patient_group_cluster
overall,S4,logistic_regression,xgboost,ESTIMATED,validation_2024,current_locked_probability_exact_common_rows,outputs/v2/stage2a/formal_v4_complete_case/P1_03-evaluation-S4/paired_model_comparisons_2024.parquet,"Prespecified source comparison set; nominal unadjusted intervals and p-values, descriptive",7289,707,6434,5bc3a9212d70b9b6f124494d50381f6396083943a9add844343de1489e97a3ac,0.8003545308300852,0.8414272863671312,-0.041072755537045924,4.188024854053879e-09,0.3600043199357973,0.43238478828324317,-0.07238046834744588,-0.09669531819769775,-0.04344765662091669,0.0,2000,2000,paired_outcome_stratified_patient_group_cluster
overall,S4,rSI_sMS,catboost,ESTIMATED,validation_2024,current_locked_probability_exact_common_rows,outputs/v2/stage2a/formal_v4_complete_case/P1_03-evaluation-S4/paired_model_comparisons_2024.parquet,"Prespecified source comparison set; nominal unadjusted intervals and p-values, descriptive",7289,707,6434,5bc3a9212d70b9b6f124494d50381f6396083943a9add844343de1489e97a3ac,0.6137467406071249,0.8426841967957701,-0.22893745618864525,7.601700675320489e-71,0.18568462285702309,0.433699903467147,-0.2480152806101239,-0.2833175117794894,-0.21328944985773374,0.0,2000,2000,paired_outcome_stratified_patient_group_cluster
overall,S4,rSI_sMS,lightgbm,ESTIMATED,validation_2024,current_locked_probability_exact_common_rows,outputs/v2/stage2a/formal_v4_complete_case/P1_03-evaluation-S4/paired_model_comparisons_2024.parquet,"Prespecified source comparison set; nominal unadjusted intervals and p-values, descriptive",7289,707,6434,5bc3a9212d70b9b6f124494d50381f6396083943a9add844343de1489e97a3ac,0.6137467406071249,0.8408975745862124,-0.22715083397908753,2.7804290077740167e-69,0.18568462285702309,0.4301889735037922,-0.24450435064676912,-0.27801996502816384,-0.20618445766823923,0.0,2000,2000,paired_outcome_stratified_patient_group_cluster
overall,S4,rSI_sMS,logistic_regression,ESTIMATED,validation_2024,current_locked_probability_exact_common_rows,outputs/v2/stage2a/formal_v4_complete_case/P1_03-evaluation-S4/paired_model_comparisons_2024.parquet,"Prespecified source comparison set; nominal unadjusted intervals and p-values, descriptive",7289,707,6434,5bc3a9212d70b9b6f124494d50381f6396083943a9add844343de1489e97a3ac,0.6137467406071249,0.8003545308300852,-0.18660779022296037,1.5320144055627123e-35,0.18568462285702309,0.3600043199357973,-0.1743196970787742,-0.20724980769783935,-0.1411059659532025,0.0,2000,2000,paired_outcome_stratified_patient_group_cluster
overall,S4,rSI_sMS,xgboost,ESTIMATED,validation_2024,current_locked_probability_exact_common_rows,outputs/v2/stage2a/formal_v4_complete_case/P1_03-evaluation-S4/paired_model_comparisons_2024.parquet,"Prespecified source comparison set; nominal unadjusted intervals and p-values, descriptive",7289,707,6434,5bc3a9212d70b9b6f124494d50381f6396083943a9add844343de1489e97a3ac,0.6137467406071249,0.8414272863671312,-0.2276805457600063,2.0207599851116382e-69,0.18568462285702309,0.43238478828324317,-0.24670016542622009,-0.27925167222317904,-0.20994452158323007,0.0,2000,2000,paired_outcome_stratified_patient_group_cluster
overall,S4,xgboost,lightgbm,ESTIMATED,validation_2024,current_locked_probability_exact_common_rows,outputs/v2/stage2a/formal_v4_complete_case/P1_03-evaluation-S4/paired_model_comparisons_2024.parquet,"Prespecified source comparison set; nominal unadjusted intervals and p-values, descriptive",7289,707,6434,5bc3a9212d70b9b6f124494d50381f6396083943a9add844343de1489e97a3ac,0.8414272863671312,0.8408975745862124,0.0005297117809187624,0.6140594070535744,0.43238478828324317,0.4301889735037922,0.0021958147794509664,-0.004359849192277785,0.008560544168605307,0.55,2000,2000,paired_outcome_stratified_patient_group_cluster
overall,S5,catboost,lightgbm,ESTIMATED,validation_2024,current_locked_probability_exact_common_rows,outputs/v2/stage2a/formal_v4_complete_case/P1_03-evaluation-S5/paired_model_comparisons_2024.parquet,"Prespecified source comparison set; nominal unadjusted intervals and p-values, descriptive",7289,89,6434,5bc3a9212d70b9b6f124494d50381f6396083943a9add844343de1489e97a3ac,0.8202075530586765,0.8279572409488138,-0.007749687890137302,0.47058217312320016,0.05210609764816623,0.05755712648621979,-0.005451028838053554,-0.03858804852661721,0.01828676785151204,0.661,2000,2000,paired_outcome_stratified_patient_group_cluster
overall,S5,catboost,xgboost,ESTIMATED,validation_2024,current_locked_probability_exact_common_rows,outputs/v2/stage2a/formal_v4_complete_case/P1_03-evaluation-S5/paired_model_comparisons_2024.parquet,"Prespecified source comparison set; nominal unadjusted intervals and p-values, descriptive",7289,89,6434,5bc3a9212d70b9b6f124494d50381f6396083943a9add844343de1489e97a3ac,0.8202075530586765,0.8243274032459426,-0.0041198501872660165,0.677001007172607,0.05210609764816623,0.0642140437093749,-0.012107946061208671,-0.029528262433463466,0.0032680328374717193,0.204,2000,2000,paired_outcome_stratified_patient_group_cluster
overall,S5,logistic_regression,catboost,ESTIMATED,validation_2024,current_locked_probability_exact_common_rows,outputs/v2/stage2a/formal_v4_complete_case/P1_03-evaluation-S5/paired_model_comparisons_2024.parquet,"Prespecified source comparison set; nominal unadjusted intervals and p-values, descriptive",7289,89,6434,5bc3a9212d70b9b6f124494d50381f6396083943a9add844343de1489e97a3ac,0.5946145443196005,0.8202075530586765,-0.22559300873907606,1.8203692296920524e-08,0.028095144938519064,0.05210609764816623,-0.02401095270964717,-0.04491324544376049,-0.010515269455053733,0.0,2000,2000,paired_outcome_stratified_patient_group_cluster
overall,S5,logistic_regression,lightgbm,ESTIMATED,validation_2024,current_locked_probability_exact_common_rows,outputs/v2/stage2a/formal_v4_complete_case/P1_03-evaluation-S5/paired_model_comparisons_2024.parquet,"Prespecified source comparison set; nominal unadjusted intervals and p-values, descriptive",7289,89,6434,5bc3a9212d70b9b6f124494d50381f6396083943a9add844343de1489e97a3ac,0.5946145443196005,0.8279572409488138,-0.23334269662921336,2.1161750677516273e-09,0.028095144938519064,0.05755712648621979,-0.029461981547700723,-0.06680663950810081,-0.009662107487562596,0.001,2000,2000,paired_outcome_stratified_patient_group_cluster
overall,S5,logistic_regression,xgboost,ESTIMATED,validation_2024,current_locked_probability_exact_common_rows,outputs/v2/stage2a/formal_v4_complete_case/P1_03-evaluation-S5/paired_model_comparisons_2024.parquet,"Prespecified source comparison set; nominal unadjusted intervals and p-values, descriptive",7289,89,6434,5bc3a9212d70b9b6f124494d50381f6396083943a9add844343de1489e97a3ac,0.5946145443196005,0.8243274032459426,-0.22971285892634208,4.030833379012462e-09,0.028095144938519064,0.0642140437093749,-0.03611889877085584,-0.0671443476014972,-0.014316877028838089,0.0,2000,2000,paired_outcome_stratified_patient_group_cluster
overall,S5,rSI_sMS,catboost,ESTIMATED,validation_2024,current_locked_probability_exact_common_rows,outputs/v2/stage2a/formal_v4_complete_case/P1_03-evaluation-S5/paired_model_comparisons_2024.parquet,"Prespecified source comparison set; nominal unadjusted intervals and p-values, descriptive",7289,89,6434,5bc3a9212d70b9b6f124494d50381f6396083943a9add844343de1489e97a3ac,0.6613927902621723,0.8202075530586765,-0.1588147627965042,3.287236728253479e-08,0.027914085460894075,0.05210609764816623,-0.02419201218727216,-0.04704751192419784,-0.01214531880911732,0.0,2000,2000,paired_outcome_stratified_patient_group_cluster
overall,S5,rSI_sMS,lightgbm,ESTIMATED,validation_2024,current_locked_probability_exact_common_rows,outputs/v2/stage2a/formal_v4_complete_case/P1_03-evaluation-S5/paired_model_comparisons_2024.parquet,"Prespecified source comparison set; nominal unadjusted intervals and p-values, descriptive",7289,89,6434,5bc3a9212d70b9b6f124494d50381f6396083943a9add844343de1489e97a3ac,0.6613927902621723,0.8279572409488138,-0.1665644506866415,3.30607194356014e-09,0.027914085460894075,0.05755712648621979,-0.029643041025325712,-0.0646928479622756,-0.012275516141948235,0.001,2000,2000,paired_outcome_stratified_patient_group_cluster
overall,S5,rSI_sMS,logistic_regression,ESTIMATED,validation_2024,current_locked_probability_exact_common_rows,outputs/v2/stage2a/formal_v4_complete_case/P1_03-evaluation-S5/paired_model_comparisons_2024.parquet,"Prespecified source comparison set; nominal unadjusted intervals and p-values, descriptive",7289,89,6434,5bc3a9212d70b9b6f124494d50381f6396083943a9add844343de1489e97a3ac,0.6613927902621723,0.5946145443196005,0.06677824594257187,0.21620419563465676,0.027914085460894075,0.028095144938519064,-0.00018105947762498895,-0.014099789643151582,0.01415426053875763,0.945,2000,2000,paired_outcome_stratified_patient_group_cluster
overall,S5,rSI_sMS,xgboost,ESTIMATED,validation_2024,current_locked_probability_exact_common_rows,outputs/v2/stage2a/formal_v4_complete_case/P1_03-evaluation-S5/paired_model_comparisons_2024.parquet,"Prespecified source comparison set; nominal unadjusted intervals and p-values, descriptive",7289,89,6434,5bc3a9212d70b9b6f124494d50381f6396083943a9add844343de1489e97a3ac,0.6613927902621723,0.8243274032459426,-0.1629346129837702,9.93114274934941e-09,0.027914085460894075,0.0642140437093749,-0.036299958248480826,-0.06959513532592203,-0.014655935137608338,0.0,2000,2000,paired_outcome_stratified_patient_group_cluster
overall,S5,xgboost,lightgbm,ESTIMATED,validation_2024,current_locked_probability_exact_common_rows,outputs/v2/stage2a/formal_v4_complete_case/P1_03-evaluation-S5/paired_model_comparisons_2024.parquet,"Prespecified source comparison set; nominal unadjusted intervals and p-values, descriptive",7289,89,6434,5bc3a9212d70b9b6f124494d50381f6396083943a9add844343de1489e97a3ac,0.8243274032459426,0.8279572409488138,-0.003629837702871286,0.4171316313040384,0.0642140437093749,0.05755712648621979,0.006656917223155118,-0.029639851771862232,0.0376273910301942,0.753,2000,2000,paired_outcome_stratified_patient_group_cluster
overall,S6,catboost,lightgbm,ESTIMATED,validation_2024,current_locked_probability_exact_common_rows,outputs/v2/stage2a/formal_v4_complete_case/P1_03-evaluation-S6/paired_model_comparisons_2024.parquet,"Prespecified source comparison set; nominal unadjusted intervals and p-values, descriptive",7289,308,6434,5bc3a9212d70b9b6f124494d50381f6396083943a9add844343de1489e97a3ac,0.8077769530283497,0.8009574224658024,0.00681953056254736,0.05456617938478847,0.15159134003894995,0.14254004031559367,0.009051299723356276,-0.004142543868681988,0.02305534934195014,0.173,2000,2000,paired_outcome_stratified_patient_group_cluster
overall,S6,catboost,xgboost,ESTIMATED,validation_2024,current_locked_probability_exact_common_rows,outputs/v2/stage2a/formal_v4_complete_case/P1_03-evaluation-S6/paired_model_comparisons_2024.parquet,"Prespecified source comparison set; nominal unadjusted intervals and p-values, descriptive",7289,308,6434,5bc3a9212d70b9b6f124494d50381f6396083943a9add844343de1489e97a3ac,0.8077769530283497,0.809968430080162,-0.0021914770518122184,0.47518311966236015,0.15159134003894995,0.14959183403213455,0.0019995060068153936,-0.011399682280655068,0.016131891075354145,0.749,2000,2000,paired_outcome_stratified_patient_group_cluster
overall,S6,logistic_regression,catboost,ESTIMATED,validation_2024,current_locked_probability_exact_common_rows,outputs/v2/stage2a/formal_v4_complete_case/P1_03-evaluation-S6/paired_model_comparisons_2024.parquet,"Prespecified source comparison set; nominal unadjusted intervals and p-values, descriptive",7289,308,6434,5bc3a9212d70b9b6f124494d50381f6396083943a9add844343de1489e97a3ac,0.7163753378837178,0.8077769530283497,-0.09140161514463196,4.1183503718333614e-08,0.11731532510360536,0.15159134003894995,-0.03427601493534459,-0.06034671664552425,-0.009229108620102634,0.007,2000,2000,paired_outcome_stratified_patient_group_cluster
overall,S6,logistic_regression,lightgbm,ESTIMATED,validation_2024,current_locked_probability_exact_common_rows,outputs/v2/stage2a/formal_v4_complete_case/P1_03-evaluation-S6/paired_model_comparisons_2024.parquet,"Prespecified source comparison set; nominal unadjusted intervals and p-values, descriptive",7289,308,6434,5bc3a9212d70b9b6f124494d50381f6396083943a9add844343de1489e97a3ac,0.7163753378837178,0.8009574224658024,-0.0845820845820846,2.424197300574912e-07,0.11731532510360536,0.14254004031559367,-0.02522471521198831,-0.049774855178004965,-0.0016577315316059374,0.036,2000,2000,paired_outcome_stratified_patient_group_cluster
overall,S6,logistic_regression,xgboost,ESTIMATED,validation_2024,current_locked_probability_exact_common_rows,outputs/v2/stage2a/formal_v4_complete_case/P1_03-evaluation-S6/paired_model_comparisons_2024.parquet,"Prespecified source comparison set; nominal unadjusted intervals and p-values, descriptive",7289,308,6434,5bc3a9212d70b9b6f124494d50381f6396083943a9add844343de1489e97a3ac,0.7163753378837178,0.809968430080162,-0.09359309219644418,1.3411261742106071e-08,0.11731532510360536,0.14959183403213455,-0.03227650892852919,-0.0570602071602202,-0.008926478741368296,0.007,2000,2000,paired_outcome_stratified_patient_group_cluster
overall,S6,rSI_sMS,catboost,ESTIMATED,validation_2024,current_locked_probability_exact_common_rows,outputs/v2/stage2a/formal_v4_complete_case/P1_03-evaluation-S6/paired_model_comparisons_2024.parquet,"Prespecified source comparison set; nominal unadjusted intervals and p-values, descriptive",7289,308,6434,5bc3a9212d70b9b6f124494d50381f6396083943a9add844343de1489e97a3ac,0.6110937479652563,0.8077769530283497,-0.19668320506309345,1.1593205864926787e-28,0.07335132081398374,0.15159134003894995,-0.0782400192249662,-0.11118245789656203,-0.053674186913634826,0.0,2000,2000,paired_outcome_stratified_patient_group_cluster
overall,S6,rSI_sMS,lightgbm,ESTIMATED,validation_2024,current_locked_probability_exact_common_rows,outputs/v2/stage2a/formal_v4_complete_case/P1_03-evaluation-S6/paired_model_comparisons_2024.parquet,"Prespecified source comparison set; nominal unadjusted intervals and p-values, descriptive",7289,308,6434,5bc3a9212d70b9b6f124494d50381f6396083943a9add844343de1489e97a3ac,0.6110937479652563,0.8009574224658024,-0.1898636745005461,1.7692621944140177e-25,0.07335132081398374,0.14254004031559367,-0.06918871950160993,-0.09722418537118988,-0.046430989075510874,0.0,2000,2000,paired_outcome_stratified_patient_group_cluster
overall,S6,rSI_sMS,logistic_regression,ESTIMATED,validation_2024,current_locked_probability_exact_common_rows,outputs/v2/stage2a/formal_v4_complete_case/P1_03-evaluation-S6/paired_model_comparisons_2024.parquet,"Prespecified source comparison set; nominal unadjusted intervals and p-values, descriptive",7289,308,6434,5bc3a9212d70b9b6f124494d50381f6396083943a9add844343de1489e97a3ac,0.6110937479652563,0.7163753378837178,-0.10528158991846148,6.221411759110216e-05,0.07335132081398374,0.11731532510360536,-0.04396400428962162,-0.06894639198213556,-0.022943773214009033,0.0,2000,2000,paired_outcome_stratified_patient_group_cluster
overall,S6,rSI_sMS,xgboost,ESTIMATED,validation_2024,current_locked_probability_exact_common_rows,outputs/v2/stage2a/formal_v4_complete_case/P1_03-evaluation-S6/paired_model_comparisons_2024.parquet,"Prespecified source comparison set; nominal unadjusted intervals and p-values, descriptive",7289,308,6434,5bc3a9212d70b9b6f124494d50381f6396083943a9add844343de1489e97a3ac,0.6110937479652563,0.809968430080162,-0.19887468211490567,7.154100944836597e-29,0.07335132081398374,0.14959183403213455,-0.07624051321815081,-0.10582066840944805,-0.05329391235671034,0.0,2000,2000,paired_outcome_stratified_patient_group_cluster
overall,S6,xgboost,lightgbm,ESTIMATED,validation_2024,current_locked_probability_exact_common_rows,outputs/v2/stage2a/formal_v4_complete_case/P1_03-evaluation-S6/paired_model_comparisons_2024.parquet,"Prespecified source comparison set; nominal unadjusted intervals and p-values, descriptive",7289,308,6434,5bc3a9212d70b9b6f124494d50381f6396083943a9add844343de1489e97a3ac,0.809968430080162,0.8009574224658024,0.009011007614359579,0.0003475871692649384,0.14959183403213455,0.14254004031559367,0.007051793716540883,-0.0002963025228555127,0.014445477918850175,0.065,2000,2000,paired_outcome_stratified_patient_group_cluster
surgery,P1,catboost,lightgbm,ESTIMATED,validation_2024,current_locked_probability_exact_common_rows,outputs/v2/stage2a/formal_v4_complete_case/P1_03-evaluation-P1/paired_model_comparisons_2024.parquet,"Prespecified source comparison set; nominal unadjusted intervals and p-values, descriptive",2712,9,2657,ad5a28fd7848d894a1b7b5ee934c94433784acc664c67ec7880f0cec88717a4e,0.9411353639988489,0.9660459571669339,-0.02491059316808497,0.3802930356410884,0.6215383655393654,0.27350714568777806,0.3480312198515873,0.022548124799933095,0.5273454773371123,0.037,2000,2000,paired_outcome_stratified_patient_group_cluster
surgery,P1,catboost,xgboost,ESTIMATED,validation_2024,current_locked_probability_exact_common_rows,outputs/v2/stage2a/formal_v4_complete_case/P1_03-evaluation-P1/paired_model_comparisons_2024.parquet,"Prespecified source comparison set; nominal unadjusted intervals and p-values, descriptive",2712,9,2657,ad5a28fd7848d894a1b7b5ee934c94433784acc664c67ec7880f0cec88717a4e,0.9411353639988489,0.9639084145188473,-0.02277305051999845,0.38143162803105923,0.6215383655393654,0.2473469162579851,0.37419144928138026,0.07387686387686389,0.5793194107414515,0.014,2000,2000,paired_outcome_stratified_patient_group_cluster
surgery,P1,logistic_regression,catboost,ESTIMATED,validation_2024,current_locked_probability_exact_common_rows,outputs/v2/stage2a/formal_v4_complete_case/P1_03-evaluation-P1/paired_model_comparisons_2024.parquet,"Prespecified source comparison set; nominal unadjusted intervals and p-values, descriptive",2712,9,2657,ad5a28fd7848d894a1b7b5ee934c94433784acc664c67ec7880f0cec88717a4e,0.923582850330908,0.9411353639988489,-0.01755251366794086,0.7547429822607264,0.4439841548264751,0.6215383655393654,-0.1775542107128903,-0.40267368983034024,0.12100273442710399,0.246,2000,2000,paired_outcome_stratified_patient_group_cluster
surgery,P1,logistic_regression,lightgbm,ESTIMATED,validation_2024,current_locked_probability_exact_common_rows,outputs/v2/stage2a/formal_v4_complete_case/P1_03-evaluation-P1/paired_model_comparisons_2024.parquet,"Prespecified source comparison set; nominal unadjusted intervals and p-values, descriptive",2712,9,2657,ad5a28fd7848d894a1b7b5ee934c94433784acc664c67ec7880f0cec88717a4e,0.923582850330908,0.9660459571669339,-0.04246310683602583,0.3306639428305358,0.4439841548264751,0.27350714568777806,0.170477009138697,-0.11897417211259596,0.4596589123099616,0.24,2000,2000,paired_outcome_stratified_patient_group_cluster
surgery,P1,logistic_regression,xgboost,ESTIMATED,validation_2024,current_locked_probability_exact_common_rows,outputs/v2/stage2a/formal_v4_complete_case/P1_03-evaluation-P1/paired_model_comparisons_2024.parquet,"Prespecified source comparison set; nominal unadjusted intervals and p-values, descriptive",2712,9,2657,ad5a28fd7848d894a1b7b5ee934c94433784acc664c67ec7880f0cec88717a4e,0.923582850330908,0.9639084145188473,-0.04032556418793931,0.36331999880796584,0.4439841548264751,0.2473469162579851,0.19663723856848997,-0.07394003668666424,0.50200313151997,0.162,2000,2000,paired_outcome_stratified_patient_group_cluster
surgery,P1,rSI_sMS,catboost,ESTIMATED,validation_2024,current_locked_probability_exact_common_rows,outputs/v2/stage2a/formal_v4_complete_case/P1_03-evaluation-P1/paired_model_comparisons_2024.parquet,"Prespecified source comparison set; nominal unadjusted intervals and p-values, descriptive",2688,2,2634,80e3684479657cbcd3405a0da38aff720b4546992d077f774cf44bea5f8c6fcd,0.5290394638868205,0.7408786299329858,-0.21183916604616526,0.25536313553694656,0.006985782193482078,0.07214903252367229,-0.06516325033019021,-0.37436708860759493,-0.0005872575643525843,0.0,2000,2000,paired_outcome_stratified_patient_group_cluster
surgery,P1,rSI_sMS,lightgbm,ESTIMATED,validation_2024,current_locked_probability_exact_common_rows,outputs/v2/stage2a/formal_v4_complete_case/P1_03-evaluation-P1/paired_model_comparisons_2024.parquet,"Prespecified source comparison set; nominal unadjusted intervals and p-values, descriptive",2688,2,2634,80e3684479657cbcd3405a0da38aff720b4546992d077f774cf44bea5f8c6fcd,0.5290394638868205,0.8657855547282204,-0.33674609084139984,0.28192436089413053,0.006985782193482078,0.04307116104868913,-0.03608537885520705,-0.19519519519519518,-0.0018780712885244515,0.0,2000,2000,paired_outcome_stratified_patient_group_cluster
surgery,P1,rSI_sMS,logistic_regression,ESTIMATED,validation_2024,current_locked_probability_exact_common_rows,outputs/v2/stage2a/formal_v4_complete_case/P1_03-evaluation-P1/paired_model_comparisons_2024.parquet,"Prespecified source comparison set; nominal unadjusted intervals and p-values, descriptive",2688,2,2634,80e3684479657cbcd3405a0da38aff720b4546992d077f774cf44bea5f8c6fcd,0.5290394638868205,0.8702531645569621,-0.34121370067014156,0.2767298659231384,0.006985782193482078,0.251432664756447,-0.2444468825629649,-0.975609756097561,-0.001941921820877694,0.0,2000,2000,paired_outcome_stratified_patient_group_cluster
surgery,P1,rSI_sMS,xgboost,ESTIMATED,validation_2024,current_locked_probability_exact_common_rows,outputs/v2/stage2a/formal_v4_complete_case/P1_03-evaluation-P1/paired_model_comparisons_2024.parquet,"Prespecified source comparison set; nominal unadjusted intervals and p-values, descriptive",2688,2,2634,80e3684479657cbcd3405a0da38aff720b4546992d077f774cf44bea5f8c6fcd,0.5290394638868205,0.8553611317944899,-0.32632166790766937,0.2789802575422021,0.006985782193482078,0.05685257241677475,-0.04986679022329267,-0.2607220017636684,-0.001677975073440345,0.0,2000,2000,paired_outcome_stratified_patient_group_cluster
surgery,P1,xgboost,lightgbm,ESTIMATED,validation_2024,current_locked_probability_exact_common_rows,outputs/v2/stage2a/formal_v4_complete_case/P1_03-evaluation-P1/paired_model_comparisons_2024.parquet,"Prespecified source comparison set; nominal unadjusted intervals and p-values, descriptive",2712,9,2657,ad5a28fd7848d894a1b7b5ee934c94433784acc664c67ec7880f0cec88717a4e,0.9639084145188473,0.9660459571669339,-0.002137542648086521,0.40523752514264677,0.2473469162579851,0.27350714568777806,-0.02616022942979296,-0.14809574642949613,0.0423762494211263,0.427,2000,2000,paired_outcome_stratified_patient_group_cluster
surgery,P2,catboost,lightgbm,ESTIMATED,validation_2024,current_locked_probability_exact_common_rows,outputs/v2/stage2a/formal_v4_complete_case/P1_03-evaluation-P2/paired_model_comparisons_2024.parquet,"Prespecified source comparison set; nominal unadjusted intervals and p-values, descriptive",2712,41,2657,ad5a28fd7848d894a1b7b5ee934c94433784acc664c67ec7880f0cec88717a4e,0.9274776049894531,0.920501136872095,0.006976468117358081,0.423309730095091,0.46971020619774456,0.3801946003694503,0.08951560582829426,-0.0002413985344731648,0.18064732200041525,0.052,2000,2000,paired_outcome_stratified_patient_group_cluster
surgery,P2,catboost,xgboost,ESTIMATED,validation_2024,current_locked_probability_exact_common_rows,outputs/v2/stage2a/formal_v4_complete_case/P1_03-evaluation-P2/paired_model_comparisons_2024.parquet,"Prespecified source comparison set; nominal unadjusted intervals and p-values, descriptive",2712,41,2657,ad5a28fd7848d894a1b7b5ee934c94433784acc664c67ec7880f0cec88717a4e,0.9274776049894531,0.9276282747851814,-0.00015066979572830874,0.9831427790425974,0.46971020619774456,0.38195813488715447,0.0877520713105901,-0.015151823298022029,0.1651142794439545,0.109,2000,2000,paired_outcome_stratified_patient_group_cluster
surgery,P2,logistic_regression,catboost,ESTIMATED,validation_2024,current_locked_probability_exact_common_rows,outputs/v2/stage2a/formal_v4_complete_case/P1_03-evaluation-P2/paired_model_comparisons_2024.parquet,"Prespecified source comparison set; nominal unadjusted intervals and p-values, descriptive",2712,41,2657,ad5a28fd7848d894a1b7b5ee934c94433784acc664c67ec7880f0cec88717a4e,0.7377158458967592,0.9274776049894531,-0.18976175909269388,2.1304829951562267e-05,0.2658318349164776,0.46971020619774456,-0.20387837128126696,-0.333389112258228,-0.08148615162496287,0.0,2000,2000,paired_outcome_stratified_patient_group_cluster
surgery,P2,logistic_regression,lightgbm,ESTIMATED,validation_2024,current_locked_probability_exact_common_rows,outputs/v2/stage2a/formal_v4_complete_case/P1_03-evaluation-P2/paired_model_comparisons_2024.parquet,"Prespecified source comparison set; nominal unadjusted intervals and p-values, descriptive",2712,41,2657,ad5a28fd7848d894a1b7b5ee934c94433784acc664c67ec7880f0cec88717a4e,0.7377158458967592,0.920501136872095,-0.1827852909753358,8.289235423301756e-05,0.2658318349164776,0.3801946003694503,-0.11436276545297269,-0.2755655459582311,0.039800659805829114,0.152,2000,2000,paired_outcome_stratified_patient_group_cluster
surgery,P2,logistic_regression,xgboost,ESTIMATED,validation_2024,current_locked_probability_exact_common_rows,outputs/v2/stage2a/formal_v4_complete_case/P1_03-evaluation-P2/paired_model_comparisons_2024.parquet,"Prespecified source comparison set; nominal unadjusted intervals and p-values, descriptive",2712,41,2657,ad5a28fd7848d894a1b7b5ee934c94433784acc664c67ec7880f0cec88717a4e,0.7377158458967592,0.9276282747851814,-0.1899124288884222,2.547471775167458e-05,0.2658318349164776,0.38195813488715447,-0.11612629997067686,-0.2924293602790999,0.03845744260323509,0.129,2000,2000,paired_outcome_stratified_patient_group_cluster
surgery,P2,rSI_sMS,catboost,ESTIMATED,validation_2024,current_locked_probability_exact_common_rows,outputs/v2/stage2a/formal_v4_complete_case/P1_03-evaluation-P2/paired_model_comparisons_2024.parquet,"Prespecified source comparison set; nominal unadjusted intervals and p-values, descriptive",2688,31,2634,80e3684479657cbcd3405a0da38aff720b4546992d077f774cf44bea5f8c6fcd,0.6608896766909078,0.9056054002209624,-0.24471572353005455,4.280303231769524e-05,0.07333695418281855,0.2988850777999377,-0.22554812361711918,-0.348996786812786,-0.09169964853594438,0.0,2000,2000,paired_outcome_stratified_patient_group_cluster
surgery,P2,rSI_sMS,lightgbm,ESTIMATED,validation_2024,current_locked_probability_exact_common_rows,outputs/v2/stage2a/formal_v4_complete_case/P1_03-evaluation-P2/paired_model_comparisons_2024.parquet,"Prespecified source comparison set; nominal unadjusted intervals and p-values, descriptive",2688,31,2634,80e3684479657cbcd3405a0da38aff720b4546992d077f774cf44bea5f8c6fcd,0.6608896766909078,0.9000206393337137,-0.23913096264280587,2.2305422255085397e-05,0.07333695418281855,0.2706859383514389,-0.19734898416862034,-0.31897275253561064,-0.09394274037460267,0.0,2000,2000,paired_outcome_stratified_patient_group_cluster
surgery,P2,rSI_sMS,logistic_regression,ESTIMATED,validation_2024,current_locked_probability_exact_common_rows,outputs/v2/stage2a/formal_v4_complete_case/P1_03-evaluation-P2/paired_model_comparisons_2024.parquet,"Prespecified source comparison set; nominal unadjusted intervals and p-values, descriptive",2688,31,2634,80e3684479657cbcd3405a0da38aff720b4546992d077f774cf44bea5f8c6fcd,0.6608896766909078,0.6545703983391407,0.006319278351767155,0.938224950153699,0.07333695418281855,0.05472531526183644,0.01861163892098211,-0.07184664264487804,0.11378701819809317,0.65,2000,2000,paired_outcome_stratified_patient_group_cluster
surgery,P2,rSI_sMS,xgboost,ESTIMATED,validation_2024,current_locked_probability_exact_common_rows,outputs/v2/stage2a/formal_v4_complete_case/P1_03-evaluation-P2/paired_model_comparisons_2024.parquet,"Prespecified source comparison set; nominal unadjusted intervals and p-values, descriptive",2688,31,2634,80e3684479657cbcd3405a0da38aff720b4546992d077f774cf44bea5f8c6fcd,0.6608896766909078,0.9069469569123557,-0.2460572802214479,2.5793259215519948e-05,0.07333695418281855,0.2717975940291905,-0.19846063984637197,-0.353033198888551,-0.09290741723317782,0.0,2000,2000,paired_outcome_stratified_patient_group_cluster
surgery,P2,xgboost,lightgbm,ESTIMATED,validation_2024,current_locked_probability_exact_common_rows,outputs/v2/stage2a/formal_v4_complete_case/P1_03-evaluation-P2/paired_model_comparisons_2024.parquet,"Prespecified source comparison set; nominal unadjusted intervals and p-values, descriptive",2712,41,2657,ad5a28fd7848d894a1b7b5ee934c94433784acc664c67ec7880f0cec88717a4e,0.9276282747851814,0.920501136872095,0.00712713791308639,0.3477752549406984,0.38195813488715447,0.3801946003694503,0.0017635345177041684,-0.06614251771216013,0.09377552009683189,0.791,2000,2000,paired_outcome_stratified_patient_group_cluster
surgery,P3,catboost,lightgbm,ESTIMATED,validation_2024,current_locked_probability_exact_common_rows,outputs/v2/stage2a/formal_v4_complete_case/P1_03-evaluation-P3/paired_model_comparisons_2024.parquet,"Prespecified source comparison set; nominal unadjusted intervals and p-values, descriptive",2712,32,2657,ad5a28fd7848d894a1b7b5ee934c94433784acc664c67ec7880f0cec88717a4e,0.937686567164179,0.940625,-0.00293843283582107,0.8036959384912403,0.6199195069763357,0.4918282997438009,0.1280912072325348,0.03927851482077624,0.18575285958636142,0.001,2000,2000,paired_outcome_stratified_patient_group_cluster
surgery,P3,catboost,xgboost,ESTIMATED,validation_2024,current_locked_probability_exact_common_rows,outputs/v2/stage2a/formal_v4_complete_case/P1_03-evaluation-P3/paired_model_comparisons_2024.parquet,"Prespecified source comparison set; nominal unadjusted intervals and p-values, descriptive",2712,32,2657,ad5a28fd7848d894a1b7b5ee934c94433784acc664c67ec7880f0cec88717a4e,0.937686567164179,0.9339085820895523,0.0037779850746266774,0.6600521437923739,0.6199195069763357,0.4936205437186794,0.12629896325765627,0.052174623299379275,0.1889983278592558,0.0,2000,2000,paired_outcome_stratified_patient_group_cluster
surgery,P3,logistic_regression,catboost,ESTIMATED,validation_2024,current_locked_probability_exact_common_rows,outputs/v2/stage2a/formal_v4_complete_case/P1_03-evaluation-P3/paired_model_comparisons_2024.parquet,"Prespecified source comparison set; nominal unadjusted intervals and p-values, descriptive",2712,32,2657,ad5a28fd7848d894a1b7b5ee934c94433784acc664c67ec7880f0cec88717a4e,0.7972014925373133,0.937686567164179,-0.14048507462686566,0.006624497787804386,0.39126841543250646,0.6199195069763357,-0.22865109154382923,-0.3677621018147951,-0.06680804632697632,0.006,2000,2000,paired_outcome_stratified_patient_group_cluster
surgery,P3,logistic_regression,lightgbm,ESTIMATED,validation_2024,current_locked_probability_exact_common_rows,outputs/v2/stage2a/formal_v4_complete_case/P1_03-evaluation-P3/paired_model_comparisons_2024.parquet,"Prespecified source comparison set; nominal unadjusted intervals and p-values, descriptive",2712,32,2657,ad5a28fd7848d894a1b7b5ee934c94433784acc664c67ec7880f0cec88717a4e,0.7972014925373133,0.940625,-0.14342350746268673,0.0035408759605317706,0.39126841543250646,0.4918282997438009,-0.10055988431129442,-0.2698073261898929,0.07406854261136087,0.27,2000,2000,paired_outcome_stratified_patient_group_cluster
surgery,P3,logistic_regression,xgboost,ESTIMATED,validation_2024,current_locked_probability_exact_common_rows,outputs/v2/stage2a/formal_v4_complete_case/P1_03-evaluation-P3/paired_model_comparisons_2024.parquet,"Prespecified source comparison set; nominal unadjusted intervals and p-values, descriptive",2712,32,2657,ad5a28fd7848d894a1b7b5ee934c94433784acc664c67ec7880f0cec88717a4e,0.7972014925373133,0.9339085820895523,-0.13670708955223898,0.0067306133038932785,0.39126841543250646,0.4936205437186794,-0.10235212828617296,-0.2580709137952972,0.07125924711611793,0.228,2000,2000,paired_outcome_stratified_patient_group_cluster
surgery,P3,rSI_sMS,catboost,ESTIMATED,validation_2024,current_locked_probability_exact_common_rows,outputs/v2/stage2a/formal_v4_complete_case/P1_03-evaluation-P3/paired_model_comparisons_2024.parquet,"Prespecified source comparison set; nominal unadjusted intervals and p-values, descriptive",2688,27,2634,80e3684479657cbcd3405a0da38aff720b4546992d077f774cf44bea5f8c6fcd,0.8250727239829082,0.9282085542889751,-0.10313583030606688,0.023888039079861017,0.16337279178718364,0.67542522138353,-0.5120524295963463,-0.6441873610967127,-0.33085866342333137,0.0,2000,2000,paired_outcome_stratified_patient_group_cluster
surgery,P3,rSI_sMS,lightgbm,ESTIMATED,validation_2024,current_locked_probability_exact_common_rows,outputs/v2/stage2a/formal_v4_complete_case/P1_03-evaluation-P3/paired_model_comparisons_2024.parquet,"Prespecified source comparison set; nominal unadjusted intervals and p-values, descriptive",2688,27,2634,80e3684479657cbcd3405a0da38aff720b4546992d077f774cf44bea5f8c6fcd,0.8250727239829082,0.932147480061798,-0.10707475607888983,0.0042977089314647195,0.16337279178718364,0.6054768075084764,-0.44210401572129276,-0.5971896955884223,-0.2520086333798065,0.0,2000,2000,paired_outcome_stratified_patient_group_cluster
surgery,P3,rSI_sMS,logistic_regression,ESTIMATED,validation_2024,current_locked_probability_exact_common_rows,outputs/v2/stage2a/formal_v4_complete_case/P1_03-evaluation-P3/paired_model_comparisons_2024.parquet,"Prespecified source comparison set; nominal unadjusted intervals and p-values, descriptive",2688,27,2634,80e3684479657cbcd3405a0da38aff720b4546992d077f774cf44bea5f8c6fcd,0.8250727239829082,0.7603240218798278,0.06474870210308037,0.1949196649997963,0.16337279178718364,0.3356867151831563,-0.17231392339597265,-0.37536637917303395,0.0021616196553320144,0.054,2000,2000,paired_outcome_stratified_patient_group_cluster
surgery,P3,rSI_sMS,xgboost,ESTIMATED,validation_2024,current_locked_probability_exact_common_rows,outputs/v2/stage2a/formal_v4_complete_case/P1_03-evaluation-P3/paired_model_comparisons_2024.parquet,"Prespecified source comparison set; nominal unadjusted intervals and p-values, descriptive",2688,27,2634,80e3684479657cbcd3405a0da38aff720b4546992d077f774cf44bea5f8c6fcd,0.8250727239829082,0.9240469330660988,-0.09897420908319055,0.009587150083418112,0.16337279178718364,0.5916080418379933,-0.42823525005080965,-0.5781410946587162,-0.2242052327667002,0.0,2000,2000,paired_outcome_stratified_patient_group_cluster
surgery,P3,xgboost,lightgbm,ESTIMATED,validation_2024,current_locked_probability_exact_common_rows,outputs/v2/stage2a/formal_v4_complete_case/P1_03-evaluation-P3/paired_model_comparisons_2024.parquet,"Prespecified source comparison set; nominal unadjusted intervals and p-values, descriptive",2712,32,2657,ad5a28fd7848d894a1b7b5ee934c94433784acc664c67ec7880f0cec88717a4e,0.9339085820895523,0.940625,-0.006716417910447747,0.3981716084610438,0.4936205437186794,0.4918282997438009,0.001792243974878538,-0.06344849233763884,0.050726437176454836,0.884,2000,2000,paired_outcome_stratified_patient_group_cluster
surgery,S1,catboost,lightgbm,ESTIMATED,validation_2024,current_locked_probability_exact_common_rows,outputs/v2/stage2a/formal_v4_complete_case/P1_03-evaluation-S1/paired_model_comparisons_2024.parquet,"Prespecified source comparison set; nominal unadjusted intervals and p-values, descriptive",2712,17,2657,ad5a28fd7848d894a1b7b5ee934c94433784acc664c67ec7880f0cec88717a4e,0.9606351631561716,0.9541416566626649,0.006493506493506662,0.5530959928763216,0.3476970917468562,0.4459496330975719,-0.0982525413507157,-0.20670902395265647,0.010744058227146953,0.072,2000,2000,paired_outcome_stratified_patient_group_cluster
surgery,S1,catboost,xgboost,ESTIMATED,validation_2024,current_locked_probability_exact_common_rows,outputs/v2/stage2a/formal_v4_complete_case/P1_03-evaluation-S1/paired_model_comparisons_2024.parquet,"Prespecified source comparison set; nominal unadjusted intervals and p-values, descriptive",2712,17,2657,ad5a28fd7848d894a1b7b5ee934c94433784acc664c67ec7880f0cec88717a4e,0.9606351631561716,0.9722579941067335,-0.011622830950561935,0.39128366838745465,0.3476970917468562,0.47962987439597754,-0.13193278264912134,-0.263263033418923,0.0345148343591405,0.124,2000,2000,paired_outcome_stratified_patient_group_cluster
surgery,S1,logistic_regression,catboost,ESTIMATED,validation_2024,current_locked_probability_exact_common_rows,outputs/v2/stage2a/formal_v4_complete_case/P1_03-evaluation-S1/paired_model_comparisons_2024.parquet,"Prespecified source comparison set; nominal unadjusted intervals and p-values, descriptive",2712,17,2657,ad5a28fd7848d894a1b7b5ee934c94433784acc664c67ec7880f0cec88717a4e,0.9165229728254938,0.9606351631561716,-0.044112190330677814,0.43593943479769626,0.5136062064416712,0.3476970917468562,0.165909114694815,-0.004685633776083966,0.3508387533004256,0.06,2000,2000,paired_outcome_stratified_patient_group_cluster
surgery,S1,logistic_regression,lightgbm,ESTIMATED,validation_2024,current_locked_probability_exact_common_rows,outputs/v2/stage2a/formal_v4_complete_case/P1_03-evaluation-S1/paired_model_comparisons_2024.parquet,"Prespecified source comparison set; nominal unadjusted intervals and p-values, descriptive",2712,17,2657,ad5a28fd7848d894a1b7b5ee934c94433784acc664c67ec7880f0cec88717a4e,0.9165229728254938,0.9541416566626649,-0.03761868383717115,0.5414689905087622,0.5136062064416712,0.4459496330975719,0.0676565733440993,-0.10413464807171179,0.2629104447439175,0.475,2000,2000,paired_outcome_stratified_patient_group_cluster
surgery,S1,logistic_regression,xgboost,ESTIMATED,validation_2024,current_locked_probability_exact_common_rows,outputs/v2/stage2a/formal_v4_complete_case/P1_03-evaluation-S1/paired_model_comparisons_2024.parquet,"Prespecified source comparison set; nominal unadjusted intervals and p-values, descriptive",2712,17,2657,ad5a28fd7848d894a1b7b5ee934c94433784acc664c67ec7880f0cec88717a4e,0.9165229728254938,0.9722579941067335,-0.05573502128123975,0.32384766172312585,0.5136062064416712,0.47962987439597754,0.03397633204569367,-0.1689101302087483,0.26264329087341515,0.729,2000,2000,paired_outcome_stratified_patient_group_cluster
surgery,S1,rSI_sMS,catboost,ESTIMATED,validation_2024,current_locked_probability_exact_common_rows,outputs/v2/stage2a/formal_v4_complete_case/P1_03-evaluation-S1/paired_model_comparisons_2024.parquet,"Prespecified source comparison set; nominal unadjusted intervals and p-values, descriptive",2688,10,2634,80e3684479657cbcd3405a0da38aff720b4546992d077f774cf44bea5f8c6fcd,0.6030619865571322,0.9357356235997013,-0.33267363704256914,0.002937010659273576,0.057596918597799696,0.1341338476745602,-0.07653692907676052,-0.22854979603597653,0.08851743316454969,0.304,2000,2000,paired_outcome_stratified_patient_group_cluster
surgery,S1,rSI_sMS,lightgbm,ESTIMATED,validation_2024,current_locked_probability_exact_common_rows,outputs/v2/stage2a/formal_v4_complete_case/P1_03-evaluation-S1/paired_model_comparisons_2024.parquet,"Prespecified source comparison set; nominal unadjusted intervals and p-values, descriptive",2688,10,2634,80e3684479657cbcd3405a0da38aff720b4546992d077f774cf44bea5f8c6fcd,0.6030619865571322,0.924906646751307,-0.3218446601941748,0.0036056983213695695,0.057596918597799696,0.11315960270698229,-0.055562684109182595,-0.1895479361438736,0.07102714618654556,0.251,2000,2000,paired_outcome_stratified_patient_group_cluster
surgery,S1,rSI_sMS,logistic_regression,ESTIMATED,validation_2024,current_locked_probability_exact_common_rows,outputs/v2/stage2a/formal_v4_complete_case/P1_03-evaluation-S1/paired_model_comparisons_2024.parquet,"Prespecified source comparison set; nominal unadjusted intervals and p-values, descriptive",2688,10,2634,80e3684479657cbcd3405a0da38aff720b4546992d077f774cf44bea5f8c6fcd,0.6030619865571322,0.8597274085138165,-0.2566654219566843,0.08782794182601314,0.057596918597799696,0.28439892947598583,-0.22680201087818613,-0.469632247413189,-0.0477744274868791,0.001,2000,2000,paired_outcome_stratified_patient_group_cluster
surgery,S1,rSI_sMS,xgboost,ESTIMATED,validation_2024,current_locked_probability_exact_common_rows,outputs/v2/stage2a/formal_v4_complete_case/P1_03-evaluation-S1/paired_model_comparisons_2024.parquet,"Prespecified source comparison set; nominal unadjusted intervals and p-values, descriptive",2688,10,2634,80e3684479657cbcd3405a0da38aff720b4546992d077f774cf44bea5f8c6fcd,0.6030619865571322,0.9574309185959672,-0.354368932038835,0.002955900810187121,0.057596918597799696,0.23368382973786792,-0.17608691114006822,-0.4052310546188184,0.012286596668991246,0.07,2000,2000,paired_outcome_stratified_patient_group_cluster
surgery,S1,xgboost,lightgbm,ESTIMATED,validation_2024,current_locked_probability_exact_common_rows,outputs/v2/stage2a/formal_v4_complete_case/P1_03-evaluation-S1/paired_model_comparisons_2024.parquet,"Prespecified source comparison set; nominal unadjusted intervals and p-values, descriptive",2712,17,2657,ad5a28fd7848d894a1b7b5ee934c94433784acc664c67ec7880f0cec88717a4e,0.9722579941067335,0.9541416566626649,0.018116337444068598,0.4103448219200304,0.47962987439597754,0.4459496330975719,0.03368024129840563,-0.1423597552583249,0.19871504731896308,0.735,2000,2000,paired_outcome_stratified_patient_group_cluster
surgery,S2,catboost,lightgbm,ESTIMATED,validation_2024,current_locked_probability_exact_common_rows,outputs/v2/stage2a/formal_v4_complete_case/P1_03-evaluation-S2/paired_model_comparisons_2024.parquet,"Prespecified source comparison set; nominal unadjusted intervals and p-values, descriptive",2712,24,2657,ad5a28fd7848d894a1b7b5ee934c94433784acc664c67ec7880f0cec88717a4e,0.9445684523809523,0.9553261408730158,-0.010757688492063489,0.16181103354382242,0.4252054919188533,0.41473906536125654,0.010466426557596775,-0.14901738982940538,0.12889498558943183,0.99,2000,2000,paired_outcome_stratified_patient_group_cluster
surgery,S2,catboost,xgboost,ESTIMATED,validation_2024,current_locked_probability_exact_common_rows,outputs/v2/stage2a/formal_v4_complete_case/P1_03-evaluation-S2/paired_model_comparisons_2024.parquet,"Prespecified source comparison set; nominal unadjusted intervals and p-values, descriptive",2712,24,2657,ad5a28fd7848d894a1b7b5ee934c94433784acc664c67ec7880f0cec88717a4e,0.9445684523809523,0.9579148065476191,-0.01334635416666674,0.09146231176382412,0.4252054919188533,0.38400737779551186,0.041198114123341456,-0.09216575021395618,0.17514452680871395,0.574,2000,2000,paired_outcome_stratified_patient_group_cluster
surgery,S2,logistic_regression,catboost,ESTIMATED,validation_2024,current_locked_probability_exact_common_rows,outputs/v2/stage2a/formal_v4_complete_case/P1_03-evaluation-S2/paired_model_comparisons_2024.parquet,"Prespecified source comparison set; nominal unadjusted intervals and p-values, descriptive",2712,24,2657,ad5a28fd7848d894a1b7b5ee934c94433784acc664c67ec7880f0cec88717a4e,0.7810484871031746,0.9445684523809523,-0.16351996527777768,0.005778060345541814,0.20371837278066038,0.4252054919188533,-0.22148711913819294,-0.3781008046310562,-0.06997531469836442,0.011,2000,2000,paired_outcome_stratified_patient_group_cluster
surgery,S2,logistic_regression,lightgbm,ESTIMATED,validation_2024,current_locked_probability_exact_common_rows,outputs/v2/stage2a/formal_v4_complete_case/P1_03-evaluation-S2/paired_model_comparisons_2024.parquet,"Prespecified source comparison set; nominal unadjusted intervals and p-values, descriptive",2712,24,2657,ad5a28fd7848d894a1b7b5ee934c94433784acc664c67ec7880f0cec88717a4e,0.7810484871031746,0.9553261408730158,-0.17427765376984117,0.003417503170052742,0.20371837278066038,0.41473906536125654,-0.21102069258059616,-0.42417614285338073,-0.030752609269445886,0.026,2000,2000,paired_outcome_stratified_patient_group_cluster
surgery,S2,logistic_regression,xgboost,ESTIMATED,validation_2024,current_locked_probability_exact_common_rows,outputs/v2/stage2a/formal_v4_complete_case/P1_03-evaluation-S2/paired_model_comparisons_2024.parquet,"Prespecified source comparison set; nominal unadjusted intervals and p-values, descriptive",2712,24,2657,ad5a28fd7848d894a1b7b5ee934c94433784acc664c67ec7880f0cec88717a4e,0.7810484871031746,0.9579148065476191,-0.17686631944444442,0.002784363008727578,0.20371837278066038,0.38400737779551186,-0.18028900501485148,-0.3710492426595338,0.01926745234418152,0.065,2000,2000,paired_outcome_stratified_patient_group_cluster
surgery,S2,rSI_sMS,catboost,ESTIMATED,validation_2024,current_locked_probability_exact_common_rows,outputs/v2/stage2a/formal_v4_complete_case/P1_03-evaluation-S2/paired_model_comparisons_2024.parquet,"Prespecified source comparison set; nominal unadjusted intervals and p-values, descriptive",2688,17,2634,80e3684479657cbcd3405a0da38aff720b4546992d077f774cf44bea5f8c6fcd,0.6911819763472593,0.9253639306714823,-0.23418195432422295,0.0027312731193249624,0.07341748502596646,0.24156210770916067,-0.16814462268319422,-0.3857753548737943,-0.03871913829854056,0.007,2000,2000,paired_outcome_stratified_patient_group_cluster
surgery,S2,rSI_sMS,lightgbm,ESTIMATED,validation_2024,current_locked_probability_exact_common_rows,outputs/v2/stage2a/formal_v4_complete_case/P1_03-evaluation-S2/paired_model_comparisons_2024.parquet,"Prespecified source comparison set; nominal unadjusted intervals and p-values, descriptive",2688,17,2634,80e3684479657cbcd3405a0da38aff720b4546992d077f774cf44bea5f8c6fcd,0.6911819763472593,0.9402294800361177,-0.24904750368885842,0.001427636837220294,0.07341748502596646,0.2712389564684331,-0.19782147144246665,-0.41575504579617883,-0.05518811880432459,0.002,2000,2000,paired_outcome_stratified_patient_group_cluster
surgery,S2,rSI_sMS,logistic_regression,ESTIMATED,validation_2024,current_locked_probability_exact_common_rows,outputs/v2/stage2a/formal_v4_complete_case/P1_03-evaluation-S2/paired_model_comparisons_2024.parquet,"Prespecified source comparison set; nominal unadjusted intervals and p-values, descriptive",2688,17,2634,80e3684479657cbcd3405a0da38aff720b4546992d077f774cf44bea5f8c6fcd,0.6911819763472593,0.7322879732199881,-0.041105996872728756,0.7237108190229009,0.07341748502596646,0.07722030489193385,-0.003802819865967394,-0.0994888074038556,0.0778225108142055,0.916,2000,2000,paired_outcome_stratified_patient_group_cluster
surgery,S2,rSI_sMS,xgboost,ESTIMATED,validation_2024,current_locked_probability_exact_common_rows,outputs/v2/stage2a/formal_v4_complete_case/P1_03-evaluation-S2/paired_model_comparisons_2024.parquet,"Prespecified source comparison set; nominal unadjusted intervals and p-values, descriptive",2688,17,2634,80e3684479657cbcd3405a0da38aff720b4546992d077f774cf44bea5f8c6fcd,0.6911819763472593,0.9439513731363006,-0.2527693967890413,0.0020098269162823973,0.07341748502596646,0.2504789632784049,-0.17706147825243845,-0.3479205984727309,-0.021215206534048153,0.026,2000,2000,paired_outcome_stratified_patient_group_cluster
surgery,S2,xgboost,lightgbm,ESTIMATED,validation_2024,current_locked_probability_exact_common_rows,outputs/v2/stage2a/formal_v4_complete_case/P1_03-evaluation-S2/paired_model_comparisons_2024.parquet,"Prespecified source comparison set; nominal unadjusted intervals and p-values, descriptive",2712,24,2657,ad5a28fd7848d894a1b7b5ee934c94433784acc664c67ec7880f0cec88717a4e,0.9579148065476191,0.9553261408730158,0.002588665674603252,0.7659433985500261,0.38400737779551186,0.41473906536125654,-0.03073168756574468,-0.16398367655588042,0.06984415192678094,0.472,2000,2000,paired_outcome_stratified_patient_group_cluster
surgery,S3,catboost,lightgbm,ESTIMATED,validation_2024,current_locked_probability_exact_common_rows,outputs/v2/stage2a/formal_v4_complete_case/P1_03-evaluation-S3/paired_model_comparisons_2024.parquet,"Prespecified source comparison set; nominal unadjusted intervals and p-values, descriptive",2712,521,2657,ad5a28fd7848d894a1b7b5ee934c94433784acc664c67ec7880f0cec88717a4e,0.7525831989354461,0.740814586981641,0.011768611953805075,0.003921147442000437,0.42994326082517786,0.39284255045693467,0.037100710368243195,0.02037557138101306,0.056778032662698964,0.0,2000,2000,paired_outcome_stratified_patient_group_cluster
surgery,S3,catboost,xgboost,ESTIMATED,validation_2024,current_locked_probability_exact_common_rows,outputs/v2/stage2a/formal_v4_complete_case/P1_03-evaluation-S3/paired_model_comparisons_2024.parquet,"Prespecified source comparison set; nominal unadjusted intervals and p-values, descriptive",2712,521,2657,ad5a28fd7848d894a1b7b5ee934c94433784acc664c67ec7880f0cec88717a4e,0.7525831989354461,0.740932851282204,0.011650347653242132,0.0030828252112782774,0.42994326082517786,0.4055342978738968,0.024408962951281088,0.007680807298275716,0.04137168835367045,0.006,2000,2000,paired_outcome_stratified_patient_group_cluster
surgery,S3,logistic_regression,catboost,ESTIMATED,validation_2024,current_locked_probability_exact_common_rows,outputs/v2/stage2a/formal_v4_complete_case/P1_03-evaluation-S3/paired_model_comparisons_2024.parquet,"Prespecified source comparison set; nominal unadjusted intervals and p-values, descriptive",2712,521,2657,ad5a28fd7848d894a1b7b5ee934c94433784acc664c67ec7880f0cec88717a4e,0.6969648124284391,0.7525831989354461,-0.05561838650700701,3.987079676076809e-08,0.34469618474128977,0.42994326082517786,-0.0852470760838881,-0.11904380323928952,-0.05499572932497753,0.0,2000,2000,paired_outcome_stratified_patient_group_cluster
surgery,S3,logistic_regression,lightgbm,ESTIMATED,validation_2024,current_locked_probability_exact_common_rows,outputs/v2/stage2a/formal_v4_complete_case/P1_03-evaluation-S3/paired_model_comparisons_2024.parquet,"Prespecified source comparison set; nominal unadjusted intervals and p-values, descriptive",2712,521,2657,ad5a28fd7848d894a1b7b5ee934c94433784acc664c67ec7880f0cec88717a4e,0.6969648124284391,0.740814586981641,-0.04384977455320194,1.2700718220644986e-05,0.34469618474128977,0.39284255045693467,-0.0481463657156449,-0.07676198489960964,-0.02147120270235329,0.0,2000,2000,paired_outcome_stratified_patient_group_cluster
surgery,S3,logistic_regression,xgboost,ESTIMATED,validation_2024,current_locked_probability_exact_common_rows,outputs/v2/stage2a/formal_v4_complete_case/P1_03-evaluation-S3/paired_model_comparisons_2024.parquet,"Prespecified source comparison set; nominal unadjusted intervals and p-values, descriptive",2712,521,2657,ad5a28fd7848d894a1b7b5ee934c94433784acc664c67ec7880f0cec88717a4e,0.6969648124284391,0.740932851282204,-0.04396803885376488,1.3607095057777261e-05,0.34469618474128977,0.4055342978738968,-0.06083811313260701,-0.09572891430583283,-0.03235291137954217,0.0,2000,2000,paired_outcome_stratified_patient_group_cluster
surgery,S3,rSI_sMS,catboost,ESTIMATED,validation_2024,current_locked_probability_exact_common_rows,outputs/v2/stage2a/formal_v4_complete_case/P1_03-evaluation-S3/paired_model_comparisons_2024.parquet,"Prespecified source comparison set; nominal unadjusted intervals and p-values, descriptive",2688,519,2634,80e3684479657cbcd3405a0da38aff720b4546992d077f774cf44bea5f8c6fcd,0.5431282984709219,0.7529436951402269,-0.20981539666930493,8.899060096212179e-35,0.2238573020833782,0.43117262695235137,-0.20731532486897317,-0.248369349895752,-0.16902978469596788,0.0,2000,2000,paired_outcome_stratified_patient_group_cluster
surgery,S3,rSI_sMS,lightgbm,ESTIMATED,validation_2024,current_locked_probability_exact_common_rows,outputs/v2/stage2a/formal_v4_complete_case/P1_03-evaluation-S3/paired_model_comparisons_2024.parquet,"Prespecified source comparison set; nominal unadjusted intervals and p-values, descriptive",2688,519,2634,80e3684479657cbcd3405a0da38aff720b4546992d077f774cf44bea5f8c6fcd,0.5431282984709219,0.7408344592883965,-0.1977061608174746,1.4557010362381313e-30,0.2238573020833782,0.3939661402233851,-0.1701088381400069,-0.20840650568369,-0.1351164519431843,0.0,2000,2000,paired_outcome_stratified_patient_group_cluster
surgery,S3,rSI_sMS,logistic_regression,ESTIMATED,validation_2024,current_locked_probability_exact_common_rows,outputs/v2/stage2a/formal_v4_complete_case/P1_03-evaluation-S3/paired_model_comparisons_2024.parquet,"Prespecified source comparison set; nominal unadjusted intervals and p-values, descriptive",2688,519,2634,80e3684479657cbcd3405a0da38aff720b4546992d077f774cf44bea5f8c6fcd,0.5431282984709219,0.6953703037458103,-0.1522420052748884,1.871728217695354e-17,0.2238573020833782,0.34535164004867536,-0.12149433796529716,-0.15742176957803075,-0.08732840096014556,0.0,2000,2000,paired_outcome_stratified_patient_group_cluster
surgery,S3,rSI_sMS,xgboost,ESTIMATED,validation_2024,current_locked_probability_exact_common_rows,outputs/v2/stage2a/formal_v4_complete_case/P1_03-evaluation-S3/paired_model_comparisons_2024.parquet,"Prespecified source comparison set; nominal unadjusted intervals and p-values, descriptive",2688,519,2634,80e3684479657cbcd3405a0da38aff720b4546992d077f774cf44bea5f8c6fcd,0.5431282984709219,0.741274625547765,-0.1981463270768431,4.292609792880572e-31,0.2238573020833782,0.40668882737353546,-0.18283152529015725,-0.2264699301154526,-0.1443535464743101,0.0,2000,2000,paired_outcome_stratified_patient_group_cluster
surgery,S3,xgboost,lightgbm,ESTIMATED,validation_2024,current_locked_probability_exact_common_rows,outputs/v2/stage2a/formal_v4_complete_case/P1_03-evaluation-S3/paired_model_comparisons_2024.parquet,"Prespecified source comparison set; nominal unadjusted intervals and p-values, descriptive",2712,521,2657,ad5a28fd7848d894a1b7b5ee934c94433784acc664c67ec7880f0cec88717a4e,0.740932851282204,0.740814586981641,0.00011826430056294246,0.9654330872465597,0.4055342978738968,0.39284255045693467,0.012691747416962107,0.0019190961342450852,0.026821861484555558,0.024,2000,2000,paired_outcome_stratified_patient_group_cluster
surgery,S4,catboost,lightgbm,ESTIMATED,validation_2024,current_locked_probability_exact_common_rows,outputs/v2/stage2a/formal_v4_complete_case/P1_03-evaluation-S4/paired_model_comparisons_2024.parquet,"Prespecified source comparison set; nominal unadjusted intervals and p-values, descriptive",2712,140,2657,ad5a28fd7848d894a1b7b5ee934c94433784acc664c67ec7880f0cec88717a4e,0.8623333703621419,0.8559875583203733,0.006345812041768539,0.2196464744961797,0.4025310776697028,0.38560580921732207,0.016925268452380737,-0.012852937045691482,0.04600016309732947,0.272,2000,2000,paired_outcome_stratified_patient_group_cluster
surgery,S4,catboost,xgboost,ESTIMATED,validation_2024,current_locked_probability_exact_common_rows,outputs/v2/stage2a/formal_v4_complete_case/P1_03-evaluation-S4/paired_model_comparisons_2024.parquet,"Prespecified source comparison set; nominal unadjusted intervals and p-values, descriptive",2712,140,2657,ad5a28fd7848d894a1b7b5ee934c94433784acc664c67ec7880f0cec88717a4e,0.8623333703621419,0.8607614974450122,0.0015718729171296797,0.7497335312633994,0.4025310776697028,0.39382515840548316,0.008705919264219653,-0.018572470098468297,0.038901691572588826,0.555,2000,2000,paired_outcome_stratified_patient_group_cluster
surgery,S4,logistic_regression,catboost,ESTIMATED,validation_2024,current_locked_probability_exact_common_rows,outputs/v2/stage2a/formal_v4_complete_case/P1_03-evaluation-S4/paired_model_comparisons_2024.parquet,"Prespecified source comparison set; nominal unadjusted intervals and p-values, descriptive",2712,140,2657,ad5a28fd7848d894a1b7b5ee934c94433784acc664c67ec7880f0cec88717a4e,0.6470145523217062,0.8623333703621419,-0.21531881804043562,1.5577493421274486e-12,0.16085413185839448,0.4025310776697028,-0.24167694581130833,-0.31964577110930265,-0.16760838210515194,0.0,2000,2000,paired_outcome_stratified_patient_group_cluster
surgery,S4,logistic_regression,lightgbm,ESTIMATED,validation_2024,current_locked_probability_exact_common_rows,outputs/v2/stage2a/formal_v4_complete_case/P1_03-evaluation-S4/paired_model_comparisons_2024.parquet,"Prespecified source comparison set; nominal unadjusted intervals and p-values, descriptive",2712,140,2657,ad5a28fd7848d894a1b7b5ee934c94433784acc664c67ec7880f0cec88717a4e,0.6470145523217062,0.8559875583203733,-0.20897300599866708,1.571555262686519e-11,0.16085413185839448,0.38560580921732207,-0.2247516773589276,-0.3019540561576825,-0.15119050050505084,0.0,2000,2000,paired_outcome_stratified_patient_group_cluster
surgery,S4,logistic_regression,xgboost,ESTIMATED,validation_2024,current_locked_probability_exact_common_rows,outputs/v2/stage2a/formal_v4_complete_case/P1_03-evaluation-S4/paired_model_comparisons_2024.parquet,"Prespecified source comparison set; nominal unadjusted intervals and p-values, descriptive",2712,140,2657,ad5a28fd7848d894a1b7b5ee934c94433784acc664c67ec7880f0cec88717a4e,0.6470145523217062,0.8607614974450122,-0.21374694512330594,1.9470356688671655e-12,0.16085413185839448,0.39382515840548316,-0.23297102654708868,-0.3144057082892492,-0.15873273570596938,0.0,2000,2000,paired_outcome_stratified_patient_group_cluster
surgery,S4,rSI_sMS,catboost,ESTIMATED,validation_2024,current_locked_probability_exact_common_rows,outputs/v2/stage2a/formal_v4_complete_case/P1_03-evaluation-S4/paired_model_comparisons_2024.parquet,"Prespecified source comparison set; nominal unadjusted intervals and p-values, descriptive",2688,134,2634,80e3684479657cbcd3405a0da38aff720b4546992d077f774cf44bea5f8c6fcd,0.6249254900127398,0.8598423310230366,-0.23491684101029686,3.3197970492261505e-22,0.16506958083798068,0.4088293371791232,-0.2437597563411425,-0.31435530114359306,-0.17329696134352235,0.0,2000,2000,paired_outcome_stratified_patient_group_cluster
surgery,S4,rSI_sMS,lightgbm,ESTIMATED,validation_2024,current_locked_probability_exact_common_rows,outputs/v2/stage2a/formal_v4_complete_case/P1_03-evaluation-S4/paired_model_comparisons_2024.parquet,"Prespecified source comparison set; nominal unadjusted intervals and p-values, descriptive",2688,134,2634,80e3684479657cbcd3405a0da38aff720b4546992d077f774cf44bea5f8c6fcd,0.6249254900127398,0.8532474666604333,-0.2283219766476935,4.4815119784124454e-21,0.16506958083798068,0.3865104169353297,-0.22144083609734905,-0.2937222938097564,-0.15518105642988694,0.0,2000,2000,paired_outcome_stratified_patient_group_cluster
surgery,S4,rSI_sMS,logistic_regression,ESTIMATED,validation_2024,current_locked_probability_exact_common_rows,outputs/v2/stage2a/formal_v4_complete_case/P1_03-evaluation-S4/paired_model_comparisons_2024.parquet,"Prespecified source comparison set; nominal unadjusted intervals and p-values, descriptive",2688,134,2634,80e3684479657cbcd3405a0da38aff720b4546992d077f774cf44bea5f8c6fcd,0.6249254900127398,0.6486547294849168,-0.023729239472176977,0.5748323622091567,0.16506958083798068,0.1540671415130536,0.011002439324927088,-0.061180033725555784,0.08852579388266898,0.753,2000,2000,paired_outcome_stratified_patient_group_cluster
surgery,S4,rSI_sMS,xgboost,ESTIMATED,validation_2024,current_locked_probability_exact_common_rows,outputs/v2/stage2a/formal_v4_complete_case/P1_03-evaluation-S4/paired_model_comparisons_2024.parquet,"Prespecified source comparison set; nominal unadjusted intervals and p-values, descriptive",2688,134,2634,80e3684479657cbcd3405a0da38aff720b4546992d077f774cf44bea5f8c6fcd,0.6249254900127398,0.8584777755700744,-0.23355228555733465,3.0174322028401735e-22,0.16506958083798068,0.40173837254477895,-0.23666879170679828,-0.30838915154959545,-0.1675533843595426,0.0,2000,2000,paired_outcome_stratified_patient_group_cluster
surgery,S4,xgboost,lightgbm,ESTIMATED,validation_2024,current_locked_probability_exact_common_rows,outputs/v2/stage2a/formal_v4_complete_case/P1_03-evaluation-S4/paired_model_comparisons_2024.parquet,"Prespecified source comparison set; nominal unadjusted intervals and p-values, descriptive",2712,140,2657,ad5a28fd7848d894a1b7b5ee934c94433784acc664c67ec7880f0cec88717a4e,0.8607614974450122,0.8559875583203733,0.00477393912463886,0.3300201076257714,0.39382515840548316,0.38560580921732207,0.008219349188161085,-0.01801858022555682,0.03277868093754413,0.534,2000,2000,paired_outcome_stratified_patient_group_cluster
surgery,S5,catboost,lightgbm,ESTIMATED,validation_2024,current_locked_probability_exact_common_rows,outputs/v2/stage2a/formal_v4_complete_case/P1_03-evaluation-S5/paired_model_comparisons_2024.parquet,"Prespecified source comparison set; nominal unadjusted intervals and p-values, descriptive",2712,14,2657,ad5a28fd7848d894a1b7b5ee934c94433784acc664c67ec7880f0cec88717a4e,0.6321878640262628,0.8592873027639522,-0.22709943873768934,0.002274793915178659,0.020153104776739397,0.04757459168726714,-0.027421486910527742,-0.10035417329798849,-0.01058729791640074,0.0,2000,2000,paired_outcome_stratified_patient_group_cluster
surgery,S5,catboost,xgboost,ESTIMATED,validation_2024,current_locked_probability_exact_common_rows,outputs/v2/stage2a/formal_v4_complete_case/P1_03-evaluation-S5/paired_model_comparisons_2024.parquet,"Prespecified source comparison set; nominal unadjusted intervals and p-values, descriptive",2712,14,2657,ad5a28fd7848d894a1b7b5ee934c94433784acc664c67ec7880f0cec88717a4e,0.6321878640262628,0.8264587525150906,-0.1942708884888278,0.006799251653287777,0.020153104776739397,0.05868723881222369,-0.038534134035484294,-0.14601760139695227,-0.009396155727695116,0.0,2000,2000,paired_outcome_stratified_patient_group_cluster
surgery,S5,logistic_regression,catboost,ESTIMATED,validation_2024,current_locked_probability_exact_common_rows,outputs/v2/stage2a/formal_v4_complete_case/P1_03-evaluation-S5/paired_model_comparisons_2024.parquet,"Prespecified source comparison set; nominal unadjusted intervals and p-values, descriptive",2712,14,2657,ad5a28fd7848d894a1b7b5ee934c94433784acc664c67ec7880f0cec88717a4e,0.582071375622154,0.6321878640262628,-0.05011648840410876,0.7179078012111978,0.03351362259476574,0.020153104776739397,0.013360517818026347,-0.027454721732036568,0.09489056959940233,0.374,2000,2000,paired_outcome_stratified_patient_group_cluster
surgery,S5,logistic_regression,lightgbm,ESTIMATED,validation_2024,current_locked_probability_exact_common_rows,outputs/v2/stage2a/formal_v4_complete_case/P1_03-evaluation-S5/paired_model_comparisons_2024.parquet,"Prespecified source comparison set; nominal unadjusted intervals and p-values, descriptive",2712,14,2657,ad5a28fd7848d894a1b7b5ee934c94433784acc664c67ec7880f0cec88717a4e,0.582071375622154,0.8592873027639522,-0.2772159271417981,0.019928446882397435,0.03351362259476574,0.04757459168726714,-0.014060969092501395,-0.08080029272112349,0.03952406526176096,0.574,2000,2000,paired_outcome_stratified_patient_group_cluster
surgery,S5,logistic_regression,xgboost,ESTIMATED,validation_2024,current_locked_probability_exact_common_rows,outputs/v2/stage2a/formal_v4_complete_case/P1_03-evaluation-S5/paired_model_comparisons_2024.parquet,"Prespecified source comparison set; nominal unadjusted intervals and p-values, descriptive",2712,14,2657,ad5a28fd7848d894a1b7b5ee934c94433784acc664c67ec7880f0cec88717a4e,0.582071375622154,0.8264587525150906,-0.24438737689293655,0.06004756247996309,0.03351362259476574,0.05868723881222369,-0.025173616217457943,-0.11508603498516255,0.0344355905548624,0.353,2000,2000,paired_outcome_stratified_patient_group_cluster
surgery,S5,rSI_sMS,catboost,ESTIMATED,validation_2024,current_locked_probability_exact_common_rows,outputs/v2/stage2a/formal_v4_complete_case/P1_03-evaluation-S5/paired_model_comparisons_2024.parquet,"Prespecified source comparison set; nominal unadjusted intervals and p-values, descriptive",2688,10,2634,80e3684479657cbcd3405a0da38aff720b4546992d077f774cf44bea5f8c6fcd,0.5731702763256161,0.7284914115011203,-0.15532113517550417,0.1524889712017949,0.05706854441363028,0.025208484779427116,0.031860059634203165,-0.041737938274024944,0.22149129945100698,0.759,2000,2000,paired_outcome_stratified_patient_group_cluster
surgery,S5,rSI_sMS,lightgbm,ESTIMATED,validation_2024,current_locked_probability_exact_common_rows,outputs/v2/stage2a/formal_v4_complete_case/P1_03-evaluation-S5/paired_model_comparisons_2024.parquet,"Prespecified source comparison set; nominal unadjusted intervals and p-values, descriptive",2688,10,2634,80e3684479657cbcd3405a0da38aff720b4546992d077f774cf44bea5f8c6fcd,0.5731702763256161,0.8587752053771471,-0.285604929051531,0.019735597858368432,0.05706854441363028,0.05286115186257709,0.004207392551053193,-0.09855258745053196,0.148137263900852,0.902,2000,2000,paired_outcome_stratified_patient_group_cluster
surgery,S5,rSI_sMS,logistic_regression,ESTIMATED,validation_2024,current_locked_probability_exact_common_rows,outputs/v2/stage2a/formal_v4_complete_case/P1_03-evaluation-S5/paired_model_comparisons_2024.parquet,"Prespecified source comparison set; nominal unadjusted intervals and p-values, descriptive",2688,10,2634,80e3684479657cbcd3405a0da38aff720b4546992d077f774cf44bea5f8c6fcd,0.5731702763256161,0.593857356235997,-0.02068707991038088,0.895984408767285,0.05706854441363028,0.03173375556438106,0.025334788849249223,-0.027590597560914896,0.15844975257846958,0.782,2000,2000,paired_outcome_stratified_patient_group_cluster
surgery,S5,rSI_sMS,xgboost,ESTIMATED,validation_2024,current_locked_probability_exact_common_rows,outputs/v2/stage2a/formal_v4_complete_case/P1_03-evaluation-S5/paired_model_comparisons_2024.parquet,"Prespecified source comparison set; nominal unadjusted intervals and p-values, descriptive",2688,10,2634,80e3684479657cbcd3405a0da38aff720b4546992d077f774cf44bea5f8c6fcd,0.5731702763256161,0.804891710231516,-0.23172143390589983,0.030692725632723246,0.05706854441363028,0.06715141238717477,-0.01008286797354449,-0.154076005929653,0.13515879618718574,0.712,2000,2000,paired_outcome_stratified_patient_group_cluster
surgery,S5,xgboost,lightgbm,ESTIMATED,validation_2024,current_locked_probability_exact_common_rows,outputs/v2/stage2a/formal_v4_complete_case/P1_03-evaluation-S5/paired_model_comparisons_2024.parquet,"Prespecified source comparison set; nominal unadjusted intervals and p-values, descriptive",2712,14,2657,ad5a28fd7848d894a1b7b5ee934c94433784acc664c67ec7880f0cec88717a4e,0.8264587525150906,0.8592873027639522,-0.032828550248861554,0.20210990615579671,0.05868723881222369,0.04757459168726714,0.011112647124956548,-0.024401791671992672,0.08388361844195721,0.52,2000,2000,paired_outcome_stratified_patient_group_cluster
surgery,S6,catboost,lightgbm,ESTIMATED,validation_2024,current_locked_probability_exact_common_rows,outputs/v2/stage2a/formal_v4_complete_case/P1_03-evaluation-S6/paired_model_comparisons_2024.parquet,"Prespecified source comparison set; nominal unadjusted intervals and p-values, descriptive",2712,42,2657,ad5a28fd7848d894a1b7b5ee934c94433784acc664c67ec7880f0cec88717a4e,0.8565275548421616,0.8382111646156589,0.018316390226502666,0.23701878587045777,0.11108467098054217,0.10230682217674528,0.008777848803796895,-0.03447449055128412,0.053205379072175416,0.634,2000,2000,paired_outcome_stratified_patient_group_cluster
surgery,S6,catboost,xgboost,ESTIMATED,validation_2024,current_locked_probability_exact_common_rows,outputs/v2/stage2a/formal_v4_complete_case/P1_03-evaluation-S6/paired_model_comparisons_2024.parquet,"Prespecified source comparison set; nominal unadjusted intervals and p-values, descriptive",2712,42,2657,ad5a28fd7848d894a1b7b5ee934c94433784acc664c67ec7880f0cec88717a4e,0.8565275548421616,0.8236935972891029,0.032833957553058735,0.07334742975045402,0.11108467098054217,0.132304218342374,-0.02121954736183182,-0.06494879984237056,0.021215950266499348,0.439,2000,2000,paired_outcome_stratified_patient_group_cluster
surgery,S6,logistic_regression,catboost,ESTIMATED,validation_2024,current_locked_probability_exact_common_rows,outputs/v2/stage2a/formal_v4_complete_case/P1_03-evaluation-S6/paired_model_comparisons_2024.parquet,"Prespecified source comparison set; nominal unadjusted intervals and p-values, descriptive",2712,42,2657,ad5a28fd7848d894a1b7b5ee934c94433784acc664c67ec7880f0cec88717a4e,0.6497681469591582,0.8565275548421616,-0.2067594078830034,0.00019314261515292476,0.06388994215458874,0.11108467098054217,-0.047194728825953436,-0.14729850842477712,0.027758760384781027,0.163,2000,2000,paired_outcome_stratified_patient_group_cluster
surgery,S6,logistic_regression,lightgbm,ESTIMATED,validation_2024,current_locked_probability_exact_common_rows,outputs/v2/stage2a/formal_v4_complete_case/P1_03-evaluation-S6/paired_model_comparisons_2024.parquet,"Prespecified source comparison set; nominal unadjusted intervals and p-values, descriptive",2712,42,2657,ad5a28fd7848d894a1b7b5ee934c94433784acc664c67ec7880f0cec88717a4e,0.6497681469591582,0.8382111646156589,-0.18844301765650073,0.0005655493211886473,0.06388994215458874,0.10230682217674528,-0.03841688002215654,-0.12214580568205524,0.025174733145316014,0.203,2000,2000,paired_outcome_stratified_patient_group_cluster
surgery,S6,logistic_regression,xgboost,ESTIMATED,validation_2024,current_locked_probability_exact_common_rows,outputs/v2/stage2a/formal_v4_complete_case/P1_03-evaluation-S6/paired_model_comparisons_2024.parquet,"Prespecified source comparison set; nominal unadjusted intervals and p-values, descriptive",2712,42,2657,ad5a28fd7848d894a1b7b5ee934c94433784acc664c67ec7880f0cec88717a4e,0.6497681469591582,0.8236935972891029,-0.17392545032994466,0.001013068447293296,0.06388994215458874,0.132304218342374,-0.06841427618778526,-0.18440274416257219,0.02719275958067011,0.165,2000,2000,paired_outcome_stratified_patient_group_cluster
surgery,S6,rSI_sMS,catboost,ESTIMATED,validation_2024,current_locked_probability_exact_common_rows,outputs/v2/stage2a/formal_v4_complete_case/P1_03-evaluation-S6/paired_model_comparisons_2024.parquet,"Prespecified source comparison set; nominal unadjusted intervals and p-values, descriptive",2688,40,2634,80e3684479657cbcd3405a0da38aff720b4546992d077f774cf44bea5f8c6fcd,0.4209969788519638,0.8556835347432024,-0.43468655589123856,8.212239901247025e-14,0.012781024015486822,0.11385880533127371,-0.10107778131578689,-0.20519297733819494,-0.0553384948824737,0.0,2000,2000,paired_outcome_stratified_patient_group_cluster
surgery,S6,rSI_sMS,lightgbm,ESTIMATED,validation_2024,current_locked_probability_exact_common_rows,outputs/v2/stage2a/formal_v4_complete_case/P1_03-evaluation-S6/paired_model_comparisons_2024.parquet,"Prespecified source comparison set; nominal unadjusted intervals and p-values, descriptive",2688,40,2634,80e3684479657cbcd3405a0da38aff720b4546992d077f774cf44bea5f8c6fcd,0.4209969788519638,0.841106495468278,-0.4201095166163142,1.266402808042436e-12,0.012781024015486822,0.10873737089717678,-0.09595634688168996,-0.19054703219397495,-0.05093045356439045,0.0,2000,2000,paired_outcome_stratified_patient_group_cluster
surgery,S6,rSI_sMS,logistic_regression,ESTIMATED,validation_2024,current_locked_probability_exact_common_rows,outputs/v2/stage2a/formal_v4_complete_case/P1_03-evaluation-S6/paired_model_comparisons_2024.parquet,"Prespecified source comparison set; nominal unadjusted intervals and p-values, descriptive",2688,40,2634,80e3684479657cbcd3405a0da38aff720b4546992d077f774cf44bea5f8c6fcd,0.4209969788519638,0.6715492824773415,-0.25055230362537767,1.7379902404956218e-05,0.012781024015486822,0.06765336886466815,-0.054872344849181326,-0.12838472557792271,-0.01918785779031145,0.0,2000,2000,paired_outcome_stratified_patient_group_cluster
surgery,S6,rSI_sMS,xgboost,ESTIMATED,validation_2024,current_locked_probability_exact_common_rows,outputs/v2/stage2a/formal_v4_complete_case/P1_03-evaluation-S6/paired_model_comparisons_2024.parquet,"Prespecified source comparison set; nominal unadjusted intervals and p-values, descriptive",2688,40,2634,80e3684479657cbcd3405a0da38aff720b4546992d077f774cf44bea5f8c6fcd,0.4209969788519638,0.826000755287009,-0.4050037764350452,4.343340843894447e-12,0.012781024015486822,0.1398954386834397,-0.12711441466795287,-0.2473990491187801,-0.05476358817811767,0.0,2000,2000,paired_outcome_stratified_patient_group_cluster
surgery,S6,xgboost,lightgbm,ESTIMATED,validation_2024,current_locked_probability_exact_common_rows,outputs/v2/stage2a/formal_v4_complete_case/P1_03-evaluation-S6/paired_model_comparisons_2024.parquet,"Prespecified source comparison set; nominal unadjusted intervals and p-values, descriptive",2712,42,2657,ad5a28fd7848d894a1b7b5ee934c94433784acc664c67ec7880f0cec88717a4e,0.8236935972891029,0.8382111646156589,-0.014517567326556069,0.27024208986147824,0.132304218342374,0.10230682217674528,0.029997396165628715,-0.019299371808642243,0.08498319469632566,0.282,2000,2000,paired_outcome_stratified_patient_group_cluster
