group,split_year,feature,n,missing_n,missing_rate
medicine,2020,EMT_年齡,3572,1,0.0002799552071668533
medicine,2020,MISS_EMT_年齡,3572,0,0.0
medicine,2020,MISSREASON_EMT_年齡__source_missing,3572,0,0.0
medicine,2020,MISSREASON_EMT_年齡__not_measured,3572,0,0.0
medicine,2020,MISSREASON_EMT_年齡__sentinel,3572,0,0.0
medicine,2020,MISSREASON_EMT_年齡__invalid_or_out_of_range,3572,0,0.0
medicine,2020,EMT_發生地點_到慈濟_開車km,3572,0,0.0
medicine,2020,MISS_EMT_發生地點_到慈濟_開車km,3572,0,0.0
medicine,2020,MISSREASON_EMT_發生地點_到慈濟_開車km__source_missing,3572,0,0.0
medicine,2020,MISSREASON_EMT_發生地點_到慈濟_開車km__not_measured,3572,0,0.0
medicine,2020,MISSREASON_EMT_發生地點_到慈濟_開車km__sentinel,3572,0,0.0
medicine,2020,MISSREASON_EMT_發生地點_到慈濟_開車km__invalid_or_out_of_range,3572,0,0.0
medicine,2020,EMT_發生地點_到慈濟_直線km,3572,0,0.0
medicine,2020,MISS_EMT_發生地點_到慈濟_直線km,3572,0,0.0
medicine,2020,MISSREASON_EMT_發生地點_到慈濟_直線km__source_missing,3572,0,0.0
medicine,2020,MISSREASON_EMT_發生地點_到慈濟_直線km__not_measured,3572,0,0.0
medicine,2020,MISSREASON_EMT_發生地點_到慈濟_直線km__sentinel,3572,0,0.0
medicine,2020,MISSREASON_EMT_發生地點_到慈濟_直線km__invalid_or_out_of_range,3572,0,0.0
medicine,2020,EMT_反應時間分,3572,1,0.0002799552071668533
medicine,2020,MISS_EMT_反應時間分,3572,0,0.0
medicine,2020,MISSREASON_EMT_反應時間分__source_missing,3572,0,0.0
medicine,2020,MISSREASON_EMT_反應時間分__not_measured,3572,0,0.0
medicine,2020,MISSREASON_EMT_反應時間分__sentinel,3572,0,0.0
medicine,2020,MISSREASON_EMT_反應時間分__invalid_or_out_of_range,3572,0,0.0
medicine,2020,EMT_現場停留分,3572,0,0.0
medicine,2020,MISS_EMT_現場停留分,3572,0,0.0
medicine,2020,MISSREASON_EMT_現場停留分__source_missing,3572,0,0.0
medicine,2020,MISSREASON_EMT_現場停留分__not_measured,3572,0,0.0
medicine,2020,MISSREASON_EMT_現場停留分__sentinel,3572,0,0.0
medicine,2020,MISSREASON_EMT_現場停留分__invalid_or_out_of_range,3572,0,0.0
medicine,2020,EMT_送醫途中分,3572,0,0.0
medicine,2020,MISS_EMT_送醫途中分,3572,0,0.0
medicine,2020,MISSREASON_EMT_送醫途中分__source_missing,3572,0,0.0
medicine,2020,MISSREASON_EMT_送醫途中分__not_measured,3572,0,0.0
medicine,2020,MISSREASON_EMT_送醫途中分__sentinel,3572,0,0.0
medicine,2020,MISSREASON_EMT_送醫途中分__invalid_or_out_of_range,3572,0,0.0
medicine,2020,EMT_現場_舒張壓,3572,3572,1.0
medicine,2020,MISS_EMT_現場_舒張壓,3572,0,0.0
medicine,2020,MISSREASON_EMT_現場_舒張壓__source_missing,3572,0,0.0
medicine,2020,MISSREASON_EMT_現場_舒張壓__not_measured,3572,0,0.0
medicine,2020,MISSREASON_EMT_現場_舒張壓__sentinel,3572,0,0.0
medicine,2020,MISSREASON_EMT_現場_舒張壓__invalid_or_out_of_range,3572,0,0.0
medicine,2020,EMT_現場_脈搏,3572,156,0.043673012318029114
medicine,2020,MISS_EMT_現場_脈搏,3572,0,0.0
medicine,2020,MISSREASON_EMT_現場_脈搏__source_missing,3572,0,0.0
medicine,2020,MISSREASON_EMT_現場_脈搏__not_measured,3572,0,0.0
medicine,2020,MISSREASON_EMT_現場_脈搏__sentinel,3572,0,0.0
medicine,2020,MISSREASON_EMT_現場_脈搏__invalid_or_out_of_range,3572,0,0.0
medicine,2020,EMT_現場_呼吸,3572,158,0.044232922732362824
medicine,2020,MISS_EMT_現場_呼吸,3572,0,0.0
medicine,2020,MISSREASON_EMT_現場_呼吸__source_missing,3572,0,0.0
medicine,2020,MISSREASON_EMT_現場_呼吸__not_measured,3572,0,0.0
medicine,2020,MISSREASON_EMT_現場_呼吸__sentinel,3572,0,0.0
medicine,2020,MISSREASON_EMT_現場_呼吸__invalid_or_out_of_range,3572,0,0.0
medicine,2020,EMT_現場_SPO2,3572,166,0.04647256438969765
medicine,2020,MISS_EMT_現場_SPO2,3572,0,0.0
medicine,2020,MISSREASON_EMT_現場_SPO2__source_missing,3572,0,0.0
medicine,2020,MISSREASON_EMT_現場_SPO2__not_measured,3572,0,0.0
medicine,2020,MISSREASON_EMT_現場_SPO2__sentinel,3572,0,0.0
medicine,2020,MISSREASON_EMT_現場_SPO2__invalid_or_out_of_range,3572,0,0.0
medicine,2020,EMT_現場_體溫,3572,157,0.043952967525195966
medicine,2020,MISS_EMT_現場_體溫,3572,0,0.0
medicine,2020,MISSREASON_EMT_現場_體溫__source_missing,3572,0,0.0
medicine,2020,MISSREASON_EMT_現場_體溫__not_measured,3572,0,0.0
medicine,2020,MISSREASON_EMT_現場_體溫__sentinel,3572,0,0.0
medicine,2020,MISSREASON_EMT_現場_體溫__invalid_or_out_of_range,3572,0,0.0
medicine,2020,EMT_現場_GCS,3572,189,0.05291153415453528
medicine,2020,MISS_EMT_現場_GCS,3572,0,0.0
medicine,2020,MISSREASON_EMT_現場_GCS__source_missing,3572,0,0.0
medicine,2020,MISSREASON_EMT_現場_GCS__not_measured,3572,0,0.0
medicine,2020,MISSREASON_EMT_現場_GCS__sentinel,3572,0,0.0
medicine,2020,MISSREASON_EMT_現場_GCS__invalid_or_out_of_range,3572,0,0.0
medicine,2020,EMT_現場_GCS_E,3572,189,0.05291153415453528
medicine,2020,MISS_EMT_現場_GCS_E,3572,0,0.0
medicine,2020,MISSREASON_EMT_現場_GCS_E__source_missing,3572,0,0.0
medicine,2020,MISSREASON_EMT_現場_GCS_E__not_measured,3572,0,0.0
medicine,2020,MISSREASON_EMT_現場_GCS_E__sentinel,3572,0,0.0
medicine,2020,MISSREASON_EMT_現場_GCS_E__invalid_or_out_of_range,3572,0,0.0
medicine,2020,EMT_現場_GCS_V,3572,189,0.05291153415453528
medicine,2020,MISS_EMT_現場_GCS_V,3572,0,0.0
medicine,2020,MISSREASON_EMT_現場_GCS_V__source_missing,3572,0,0.0
medicine,2020,MISSREASON_EMT_現場_GCS_V__not_measured,3572,0,0.0
medicine,2020,MISSREASON_EMT_現場_GCS_V__sentinel,3572,0,0.0
medicine,2020,MISSREASON_EMT_現場_GCS_V__invalid_or_out_of_range,3572,0,0.0
medicine,2020,EMT_現場_GCS_M,3572,189,0.05291153415453528
medicine,2020,MISS_EMT_現場_GCS_M,3572,0,0.0
medicine,2020,MISSREASON_EMT_現場_GCS_M__source_missing,3572,0,0.0
medicine,2020,MISSREASON_EMT_現場_GCS_M__not_measured,3572,0,0.0
medicine,2020,MISSREASON_EMT_現場_GCS_M__sentinel,3572,0,0.0
medicine,2020,MISSREASON_EMT_現場_GCS_M__invalid_or_out_of_range,3572,0,0.0
medicine,2020,EMT_車上_舒張壓,3572,210,0.05879059350503919
medicine,2020,MISS_EMT_車上_舒張壓,3572,0,0.0
medicine,2020,MISSREASON_EMT_車上_舒張壓__source_missing,3572,0,0.0
medicine,2020,MISSREASON_EMT_車上_舒張壓__not_measured,3572,0,0.0
medicine,2020,MISSREASON_EMT_車上_舒張壓__sentinel,3572,0,0.0
medicine,2020,MISSREASON_EMT_車上_舒張壓__invalid_or_out_of_range,3572,0,0.0
medicine,2020,EMT_車上_脈搏,3572,157,0.043952967525195966
medicine,2020,MISS_EMT_車上_脈搏,3572,0,0.0
medicine,2020,MISSREASON_EMT_車上_脈搏__source_missing,3572,0,0.0
medicine,2020,MISSREASON_EMT_車上_脈搏__not_measured,3572,0,0.0
medicine,2020,MISSREASON_EMT_車上_脈搏__sentinel,3572,0,0.0
medicine,2020,MISSREASON_EMT_車上_脈搏__invalid_or_out_of_range,3572,0,0.0
medicine,2020,EMT_車上_呼吸,3572,157,0.043952967525195966
medicine,2020,MISS_EMT_車上_呼吸,3572,0,0.0
medicine,2020,MISSREASON_EMT_車上_呼吸__source_missing,3572,0,0.0
medicine,2020,MISSREASON_EMT_車上_呼吸__not_measured,3572,0,0.0
medicine,2020,MISSREASON_EMT_車上_呼吸__sentinel,3572,0,0.0
medicine,2020,MISSREASON_EMT_車上_呼吸__invalid_or_out_of_range,3572,0,0.0
medicine,2020,EMT_車上_SPO2,3572,155,0.04339305711086226
medicine,2020,MISS_EMT_車上_SPO2,3572,0,0.0
medicine,2020,MISSREASON_EMT_車上_SPO2__source_missing,3572,0,0.0
medicine,2020,MISSREASON_EMT_車上_SPO2__not_measured,3572,0,0.0
medicine,2020,MISSREASON_EMT_車上_SPO2__sentinel,3572,0,0.0
medicine,2020,MISSREASON_EMT_車上_SPO2__invalid_or_out_of_range,3572,0,0.0
medicine,2020,EMT_車上_體溫,3572,157,0.043952967525195966
medicine,2020,MISS_EMT_車上_體溫,3572,0,0.0
medicine,2020,MISSREASON_EMT_車上_體溫__source_missing,3572,0,0.0
medicine,2020,MISSREASON_EMT_車上_體溫__not_measured,3572,0,0.0
medicine,2020,MISSREASON_EMT_車上_體溫__sentinel,3572,0,0.0
medicine,2020,MISSREASON_EMT_車上_體溫__invalid_or_out_of_range,3572,0,0.0
medicine,2020,EMT_車上_GCS,3572,191,0.05347144456886898
medicine,2020,MISS_EMT_車上_GCS,3572,0,0.0
medicine,2020,MISSREASON_EMT_車上_GCS__source_missing,3572,0,0.0
medicine,2020,MISSREASON_EMT_車上_GCS__not_measured,3572,0,0.0
medicine,2020,MISSREASON_EMT_車上_GCS__sentinel,3572,0,0.0
medicine,2020,MISSREASON_EMT_車上_GCS__invalid_or_out_of_range,3572,0,0.0
medicine,2020,EMT_車上_GCS_E,3572,191,0.05347144456886898
medicine,2020,MISS_EMT_車上_GCS_E,3572,0,0.0
medicine,2020,MISSREASON_EMT_車上_GCS_E__source_missing,3572,0,0.0
medicine,2020,MISSREASON_EMT_車上_GCS_E__not_measured,3572,0,0.0
medicine,2020,MISSREASON_EMT_車上_GCS_E__sentinel,3572,0,0.0
medicine,2020,MISSREASON_EMT_車上_GCS_E__invalid_or_out_of_range,3572,0,0.0
medicine,2020,EMT_車上_GCS_V,3572,191,0.05347144456886898
medicine,2020,MISS_EMT_車上_GCS_V,3572,0,0.0
medicine,2020,MISSREASON_EMT_車上_GCS_V__source_missing,3572,0,0.0
medicine,2020,MISSREASON_EMT_車上_GCS_V__not_measured,3572,0,0.0
medicine,2020,MISSREASON_EMT_車上_GCS_V__sentinel,3572,0,0.0
medicine,2020,MISSREASON_EMT_車上_GCS_V__invalid_or_out_of_range,3572,0,0.0
medicine,2020,EMT_車上_GCS_M,3572,191,0.05347144456886898
medicine,2020,MISS_EMT_車上_GCS_M,3572,0,0.0
medicine,2020,MISSREASON_EMT_車上_GCS_M__source_missing,3572,0,0.0
medicine,2020,MISSREASON_EMT_車上_GCS_M__not_measured,3572,0,0.0
medicine,2020,MISSREASON_EMT_車上_GCS_M__sentinel,3572,0,0.0
medicine,2020,MISSREASON_EMT_車上_GCS_M__invalid_or_out_of_range,3572,0,0.0
medicine,2020,EMT_生命徵象量測次數,3572,0,0.0
medicine,2020,MISS_EMT_生命徵象量測次數,3572,0,0.0
medicine,2020,MISSREASON_EMT_生命徵象量測次數__source_missing,3572,0,0.0
medicine,2020,MISSREASON_EMT_生命徵象量測次數__not_measured,3572,0,0.0
medicine,2020,MISSREASON_EMT_生命徵象量測次數__sentinel,3572,0,0.0
medicine,2020,MISSREASON_EMT_生命徵象量測次數__invalid_or_out_of_range,3572,0,0.0
medicine,2020,EMT_問卷_疼痛指數,3572,1549,0.43365061590145576
medicine,2020,MISS_EMT_問卷_疼痛指數,3572,0,0.0
medicine,2020,MISSREASON_EMT_問卷_疼痛指數__source_missing,3572,0,0.0
medicine,2020,MISSREASON_EMT_問卷_疼痛指數__not_measured,3572,0,0.0
medicine,2020,MISSREASON_EMT_問卷_疼痛指數__sentinel,3572,0,0.0
medicine,2020,MISSREASON_EMT_問卷_疼痛指數__invalid_or_out_of_range,3572,0,0.0
medicine,2020,EMT_問卷_左瞳孔尺寸mm,3572,158,0.044232922732362824
medicine,2020,MISS_EMT_問卷_左瞳孔尺寸mm,3572,0,0.0
medicine,2020,MISSREASON_EMT_問卷_左瞳孔尺寸mm__source_missing,3572,0,0.0
medicine,2020,MISSREASON_EMT_問卷_左瞳孔尺寸mm__not_measured,3572,0,0.0
medicine,2020,MISSREASON_EMT_問卷_左瞳孔尺寸mm__sentinel,3572,0,0.0
medicine,2020,MISSREASON_EMT_問卷_左瞳孔尺寸mm__invalid_or_out_of_range,3572,0,0.0
medicine,2020,EMT_問卷_右瞳孔尺寸mm,3572,158,0.044232922732362824
medicine,2020,MISS_EMT_問卷_右瞳孔尺寸mm,3572,0,0.0
medicine,2020,MISSREASON_EMT_問卷_右瞳孔尺寸mm__source_missing,3572,0,0.0
medicine,2020,MISSREASON_EMT_問卷_右瞳孔尺寸mm__not_measured,3572,0,0.0
medicine,2020,MISSREASON_EMT_問卷_右瞳孔尺寸mm__sentinel,3572,0,0.0
medicine,2020,MISSREASON_EMT_問卷_右瞳孔尺寸mm__invalid_or_out_of_range,3572,0,0.0
medicine,2020,EMT_問卷_血糖值mgdl,3572,2498,0.6993281075027995
medicine,2020,MISS_EMT_問卷_血糖值mgdl,3572,0,0.0
medicine,2020,MISSREASON_EMT_問卷_血糖值mgdl__source_missing,3572,0,0.0
medicine,2020,MISSREASON_EMT_問卷_血糖值mgdl__not_measured,3572,0,0.0
medicine,2020,MISSREASON_EMT_問卷_血糖值mgdl__sentinel,3572,0,0.0
medicine,2020,MISSREASON_EMT_問卷_血糖值mgdl__invalid_or_out_of_range,3572,0,0.0
medicine,2020,EMT_問卷_氧氣流量Lmin,3572,2923,0.8183090705487122
medicine,2020,MISS_EMT_問卷_氧氣流量Lmin,3572,0,0.0
medicine,2020,MISSREASON_EMT_問卷_氧氣流量Lmin__source_missing,3572,0,0.0
medicine,2020,MISSREASON_EMT_問卷_氧氣流量Lmin__not_measured,3572,0,0.0
medicine,2020,MISSREASON_EMT_問卷_氧氣流量Lmin__sentinel,3572,0,0.0
medicine,2020,MISSREASON_EMT_問卷_氧氣流量Lmin__invalid_or_out_of_range,3572,0,0.0
medicine,2020,EMT_問卷_靜脈輸液量ml,3572,3326,0.931131019036954
medicine,2020,MISS_EMT_問卷_靜脈輸液量ml,3572,0,0.0
medicine,2020,MISSREASON_EMT_問卷_靜脈輸液量ml__source_missing,3572,0,0.0
medicine,2020,MISSREASON_EMT_問卷_靜脈輸液量ml__not_measured,3572,0,0.0
medicine,2020,MISSREASON_EMT_問卷_靜脈輸液量ml__sentinel,3572,0,0.0
medicine,2020,MISSREASON_EMT_問卷_靜脈輸液量ml__invalid_or_out_of_range,3572,0,0.0
medicine,2020,EMT_體重,3572,49,0.013717805151175811
medicine,2020,MISS_EMT_體重,3572,0,0.0
medicine,2020,MISSREASON_EMT_體重__source_missing,3572,0,0.0
medicine,2020,MISSREASON_EMT_體重__not_measured,3572,0,0.0
medicine,2020,MISSREASON_EMT_體重__sentinel,3572,0,0.0
medicine,2020,MISSREASON_EMT_體重__invalid_or_out_of_range,3572,0,0.0
medicine,2020,EMT_燒燙傷一級%,3572,0,0.0
medicine,2020,MISS_EMT_燒燙傷一級%,3572,0,0.0
medicine,2020,MISSREASON_EMT_燒燙傷一級%__source_missing,3572,0,0.0
medicine,2020,MISSREASON_EMT_燒燙傷一級%__not_measured,3572,0,0.0
medicine,2020,MISSREASON_EMT_燒燙傷一級%__sentinel,3572,0,0.0
medicine,2020,MISSREASON_EMT_燒燙傷一級%__invalid_or_out_of_range,3572,0,0.0
medicine,2020,EMT_燒燙傷二級%,3572,0,0.0
medicine,2020,MISS_EMT_燒燙傷二級%,3572,0,0.0
medicine,2020,MISSREASON_EMT_燒燙傷二級%__source_missing,3572,0,0.0
medicine,2020,MISSREASON_EMT_燒燙傷二級%__not_measured,3572,0,0.0
medicine,2020,MISSREASON_EMT_燒燙傷二級%__sentinel,3572,0,0.0
medicine,2020,MISSREASON_EMT_燒燙傷二級%__invalid_or_out_of_range,3572,0,0.0
medicine,2020,EMT_燒燙傷三級%,3572,0,0.0
medicine,2020,MISS_EMT_燒燙傷三級%,3572,0,0.0
medicine,2020,MISSREASON_EMT_燒燙傷三級%__source_missing,3572,0,0.0
medicine,2020,MISSREASON_EMT_燒燙傷三級%__not_measured,3572,0,0.0
medicine,2020,MISSREASON_EMT_燒燙傷三級%__sentinel,3572,0,0.0
medicine,2020,MISSREASON_EMT_燒燙傷三級%__invalid_or_out_of_range,3572,0,0.0
medicine,2020,EMT_燒燙傷總%,3572,0,0.0
medicine,2020,MISS_EMT_燒燙傷總%,3572,0,0.0
medicine,2020,MISSREASON_EMT_燒燙傷總%__source_missing,3572,0,0.0
medicine,2020,MISSREASON_EMT_燒燙傷總%__not_measured,3572,0,0.0
medicine,2020,MISSREASON_EMT_燒燙傷總%__sentinel,3572,0,0.0
medicine,2020,MISSREASON_EMT_燒燙傷總%__invalid_or_out_of_range,3572,0,0.0
medicine,2020,EMT_城市__台北,3572,0,0.0
medicine,2020,EMT_城市__新北,3572,0,0.0
medicine,2020,EMT_城市__OTHER_RARE,3572,0,0.0
medicine,2020,EMT_城市__MISSING,3572,0,0.0
medicine,2020,EMT_性別__女,3572,0,0.0
medicine,2020,EMT_性別__男,3572,0,0.0
medicine,2020,EMT_性別__OTHER_RARE,3572,0,0.0
medicine,2020,EMT_性別__MISSING,3572,0,0.0
medicine,2020,EMT_送醫路由__家屬指定送醫,3572,0,0.0
medicine,2020,EMT_送醫路由__就近適當,3572,0,0.0
medicine,2020,EMT_送醫路由__指揮中心,3572,0,0.0
medicine,2020,EMT_送醫路由__OTHER_RARE,3572,0,0.0
medicine,2020,EMT_送醫路由__MISSING,3572,0,0.0
medicine,2020,EMT_危急個案__0.0,3572,0,0.0
medicine,2020,EMT_危急個案__1.0,3572,0,0.0
medicine,2020,EMT_危急個案__OTHER_RARE,3572,0,0.0
medicine,2020,EMT_危急個案__MISSING,3572,0,0.0
medicine,2020,EMT_發生地區__三峽區,3572,0,0.0
medicine,2020,EMT_發生地區__三重區,3572,0,0.0
medicine,2020,EMT_發生地區__中和區,3572,0,0.0
medicine,2020,EMT_發生地區__土城區,3572,0,0.0
medicine,2020,EMT_發生地區__坪林區,3572,0,0.0
medicine,2020,EMT_發生地區__市文山區,3572,0,0.0
medicine,2020,EMT_發生地區__新店區,3572,0,0.0
medicine,2020,EMT_發生地區__新莊區,3572,0,0.0
medicine,2020,EMT_發生地區__板橋區,3572,0,0.0
medicine,2020,EMT_發生地區__樹林區,3572,0,0.0
medicine,2020,EMT_發生地區__永和區,3572,0,0.0
medicine,2020,EMT_發生地區__深坑區,3572,0,0.0
medicine,2020,EMT_發生地區__烏來區,3572,0,0.0
medicine,2020,EMT_發生地區__石碇區,3572,0,0.0
medicine,2020,EMT_發生地區__蘆洲區,3572,0,0.0
medicine,2020,EMT_發生地區__OTHER_RARE,3572,0,0.0
medicine,2020,EMT_發生地區__MISSING,3572,0,0.0
medicine,2020,EMT_距離_定位信心__Google地標,3572,0,0.0
medicine,2020,EMT_距離_定位信心__區內概略,3572,0,0.0
medicine,2020,EMT_距離_定位信心__國道概略,3572,0,0.0
medicine,2020,EMT_距離_定位信心__無,3572,0,0.0
medicine,2020,EMT_距離_定位信心__號,3572,0,0.0
medicine,2020,EMT_距離_定位信心__路名概略(OSM),3572,0,0.0
medicine,2020,EMT_距離_定位信心__路段中心,3572,0,0.0
medicine,2020,EMT_距離_定位信心__OTHER_RARE,3572,0,0.0
medicine,2020,EMT_距離_定位信心__MISSING,3572,0,0.0
medicine,2020,EMT_現場_意識__否,3572,0,0.0
medicine,2020,EMT_現場_意識__清,3572,0,0.0
medicine,2020,EMT_現場_意識__痛,3572,0,0.0
medicine,2020,EMT_現場_意識__聲,3572,0,0.0
medicine,2020,EMT_現場_意識__OTHER_RARE,3572,0,0.0
medicine,2020,EMT_現場_意識__MISSING,3572,0,0.0
medicine,2020,EMT_派遣分類__BLS,3572,0,0.0
medicine,2020,EMT_派遣分類__OTHER_RARE,3572,0,0.0
medicine,2020,EMT_派遣分類__MISSING,3572,0,0.0
medicine,2020,EMT_派遣原因__救護,3572,0,0.0
medicine,2020,EMT_派遣原因__救護-一般受傷,3572,0,0.0
medicine,2020,EMT_派遣原因__救護-其它,3572,0,0.0
medicine,2020,EMT_派遣原因__救護-割腕,3572,0,0.0
medicine,2020,EMT_派遣原因__救護-吞食藥物,3572,0,0.0
medicine,2020,EMT_派遣原因__救護-孕婦待產,3572,0,0.0
medicine,2020,EMT_派遣原因__救護-急病,3572,0,0.0
medicine,2020,EMT_派遣原因__救護-打架受傷,3572,0,0.0
medicine,2020,EMT_派遣原因__救護-精神異常,3572,0,0.0
medicine,2020,EMT_派遣原因__救護-路倒,3572,0,0.0
medicine,2020,EMT_派遣原因__救護-車禍,3572,0,0.0
medicine,2020,EMT_派遣原因__火警-集合住宅,3572,0,0.0
medicine,2020,EMT_派遣原因__緊急救援-其他,3572,0,0.0
medicine,2020,EMT_派遣原因__緊急救援-車禍救助,3572,0,0.0
medicine,2020,EMT_派遣原因__OTHER_RARE,3572,0,0.0
medicine,2020,EMT_派遣原因__MISSING,3572,0,0.0
medicine,2020,EMT_問卷_創傷導致的主訴群__肢體麻痺,3572,0,0.0
medicine,2020,EMT_問卷_創傷導致的主訴群__背部疼痛,3572,0,0.0
medicine,2020,EMT_問卷_創傷導致的主訴群__胸痛/悶,3572,0,0.0
medicine,2020,EMT_問卷_創傷導致的主訴群__OTHER_RARE,3572,0,0.0
medicine,2020,EMT_問卷_創傷導致的主訴群__MISSING,3572,0,0.0
medicine,2020,EMT_問卷_頸椎固定__GCS<15,3572,0,0.0
medicine,2020,EMT_問卷_頸椎固定__檢查無明顯異常,3572,0,0.0
medicine,2020,EMT_問卷_頸椎固定__肢體運動感覺異常,3572,0,0.0
medicine,2020,EMT_問卷_頸椎固定__轉向困難,3572,0,0.0
medicine,2020,EMT_問卷_頸椎固定__頸椎瘀青疼痛,3572,0,0.0
medicine,2020,EMT_問卷_頸椎固定__OTHER_RARE,3572,0,0.0
medicine,2020,EMT_問卷_頸椎固定__MISSING,3572,0,0.0
medicine,2020,EMT_問卷_膚色__其他,3572,0,0.0
medicine,2020,EMT_問卷_膚色__正常,3572,0,0.0
medicine,2020,EMT_問卷_膚色__溼冷,3572,0,0.0
medicine,2020,EMT_問卷_膚色__潮紅,3572,0,0.0
medicine,2020,EMT_問卷_膚色__發紺,3572,0,0.0
medicine,2020,EMT_問卷_膚色__蒼白,3572,0,0.0
medicine,2020,EMT_問卷_膚色__蒼白、溼冷,3572,0,0.0
medicine,2020,EMT_問卷_膚色__黃疸,3572,0,0.0
medicine,2020,EMT_問卷_膚色__OTHER_RARE,3572,0,0.0
medicine,2020,EMT_問卷_膚色__MISSING,3572,0,0.0
medicine,2020,EMT_問卷_左瞳孔光反射__+,3572,0,0.0
medicine,2020,EMT_問卷_左瞳孔光反射__-,3572,0,0.0
medicine,2020,EMT_問卷_左瞳孔光反射__無法測量,3572,0,0.0
medicine,2020,EMT_問卷_左瞳孔光反射__眼疾,3572,0,0.0
medicine,2020,EMT_問卷_左瞳孔光反射__OTHER_RARE,3572,0,0.0
medicine,2020,EMT_問卷_左瞳孔光反射__MISSING,3572,0,0.0
medicine,2020,EMT_問卷_右瞳孔光反射__+,3572,0,0.0
medicine,2020,EMT_問卷_右瞳孔光反射__-,3572,0,0.0
medicine,2020,EMT_問卷_右瞳孔光反射__無法測量,3572,0,0.0
medicine,2020,EMT_問卷_右瞳孔光反射__眼疾,3572,0,0.0
medicine,2020,EMT_問卷_右瞳孔光反射__OTHER_RARE,3572,0,0.0
medicine,2020,EMT_問卷_右瞳孔光反射__MISSING,3572,0,0.0
medicine,2020,EMT_問卷_氣管位置__其他,3572,0,0.0
medicine,2020,EMT_問卷_氣管位置__正常,3572,0,0.0
medicine,2020,EMT_問卷_氣管位置__OTHER_RARE,3572,0,0.0
medicine,2020,EMT_問卷_氣管位置__MISSING,3572,0,0.0
medicine,2020,EMT_問卷_頸靜脈怒張__其他,3572,0,0.0
medicine,2020,EMT_問卷_頸靜脈怒張__有,3572,0,0.0
medicine,2020,EMT_問卷_頸靜脈怒張__無,3572,0,0.0
medicine,2020,EMT_問卷_頸靜脈怒張__OTHER_RARE,3572,0,0.0
medicine,2020,EMT_問卷_頸靜脈怒張__MISSING,3572,0,0.0
medicine,2020,EMT_問卷_血糖狀態__High,3572,0,0.0
medicine,2020,EMT_問卷_血糖狀態__Low,3572,0,0.0
medicine,2020,EMT_問卷_血糖狀態__否,3572,0,0.0
medicine,2020,EMT_問卷_血糖狀態__否、其他,3572,0,0.0
medicine,2020,EMT_問卷_血糖狀態__否、創傷,3572,0,0.0
medicine,2020,EMT_問卷_血糖狀態__否、拒絕,3572,0,0.0
medicine,2020,EMT_問卷_血糖狀態__否、躁動,3572,0,0.0
medicine,2020,EMT_問卷_血糖狀態__血糖值紀錄,3572,0,0.0
medicine,2020,EMT_問卷_血糖狀態__OTHER_RARE,3572,0,0.0
medicine,2020,EMT_問卷_血糖狀態__MISSING,3572,0,0.0
medicine,2020,EMT_問卷_靜脈輸液種類__0.9%N.S.,3572,0,0.0
medicine,2020,EMT_問卷_靜脈輸液種類__5%G.W.,3572,0,0.0
medicine,2020,EMT_問卷_靜脈輸液種類__50%G.W.,3572,0,0.0
medicine,2020,EMT_問卷_靜脈輸液種類__IV,3572,0,0.0
medicine,2020,EMT_問卷_靜脈輸液種類__OTHER_RARE,3572,0,0.0
medicine,2020,EMT_問卷_靜脈輸液種類__MISSING,3572,0,0.0
medicine,2020,EMT_推定派遣類別__中毒/自傷,3572,0,0.0
medicine,2020,EMT_推定派遣類別__交通事故傷,3572,0,0.0
medicine,2020,EMT_推定派遣類別__內科急病,3572,0,0.0
medicine,2020,EMT_推定派遣類別__其他外傷,3572,0,0.0
medicine,2020,EMT_推定派遣類別__精神行為異常,3572,0,0.0
medicine,2020,EMT_推定派遣類別__路倒/無意識,3572,0,0.0
medicine,2020,EMT_推定派遣類別__OTHER_RARE,3572,0,0.0
medicine,2020,EMT_推定派遣類別__MISSING,3572,0,0.0
medicine,2020,EMT_有燒燙傷__False,3572,0,0.0
medicine,2020,EMT_有燒燙傷__True,3572,0,0.0
medicine,2020,EMT_有燒燙傷__OTHER_RARE,3572,0,0.0
medicine,2020,EMT_有燒燙傷__MISSING,3572,0,0.0
medicine,2020,EMT_心律臆斷__Atrial fibrillation,3572,0,0.0
medicine,2020,EMT_心律臆斷__Normal Sinus Rhythm,3572,0,0.0
medicine,2020,EMT_心律臆斷__ST段下降,3572,0,0.0
medicine,2020,EMT_心律臆斷__Sinus Bradycardia,3572,0,0.0
medicine,2020,EMT_心律臆斷__Sinus Tachycardia,3572,0,0.0
medicine,2020,EMT_心律臆斷__其他波形,3572,0,0.0
medicine,2020,EMT_心律臆斷__OTHER_RARE,3572,0,0.0
medicine,2020,EMT_心律臆斷__MISSING,3572,0,0.0
medicine,2020,"EMT_台北_創傷類型__創傷-一般外傷,肢體外傷,摔跌傷",3572,0,0.0
medicine,2020,"EMT_台北_創傷類型__創傷-一般外傷,頭部外傷,摔跌傷",3572,0,0.0
medicine,2020,EMT_台北_創傷類型__創傷-交通事故(機車),3572,0,0.0
medicine,2020,"EMT_台北_創傷類型__非創傷-一般疾病,噁心嘔吐腹瀉",3572,0,0.0
medicine,2020,"EMT_台北_創傷類型__非創傷-一般疾病,肢體無力",3572,0,0.0
medicine,2020,"EMT_台北_創傷類型__非創傷-一般疾病,頭痛頭暈昏倒昏厥",3572,0,0.0
medicine,2020,EMT_台北_創傷類型__非創傷-呼吸問題,3572,0,0.0
medicine,2020,EMT_台北_創傷類型__非創傷-昏迷,3572,0,0.0
medicine,2020,EMT_台北_創傷類型__非創傷-腹痛,3572,0,0.0
medicine,2020,EMT_台北_創傷類型__OTHER_RARE,3572,0,0.0
medicine,2020,EMT_台北_創傷類型__MISSING,3572,0,0.0
medicine,2020,EMT_特殊表類型__OHCA,3572,0,0.0
medicine,2020,EMT_特殊表類型__呼吸喘/慢/使用呼吸輔助肌肉,3572,0,0.0
medicine,2020,EMT_特殊表類型__心臟不適,3572,0,0.0
medicine,2020,EMT_特殊表類型__癲癇重積,3572,0,0.0
medicine,2020,EMT_特殊表類型__腦中風評估,3572,0,0.0
medicine,2020,EMT_特殊表類型__過敏性休克,3572,0,0.0
medicine,2020,EMT_特殊表類型__OTHER_RARE,3572,0,0.0
medicine,2020,EMT_特殊表類型__MISSING,3572,0,0.0
medicine,2020,EMT_台北_心梗登錄__OTHER_RARE,3572,0,0.0
medicine,2020,EMT_台北_心梗登錄__MISSING,3572,0,0.0
medicine,2020,EMT_台北_中風登錄__OTHER_RARE,3572,0,0.0
medicine,2020,EMT_台北_中風登錄__MISSING,3572,0,0.0
medicine,2020,EMT_台北_CPR停止登錄__OTHER_RARE,3572,0,0.0
medicine,2020,EMT_台北_CPR停止登錄__MISSING,3572,0,0.0
medicine,2020,EMT_問卷_交通事故患者__乘客,3572,0,0.0
medicine,2020,EMT_問卷_交通事故患者__行人,3572,0,0.0
medicine,2020,EMT_問卷_交通事故患者__駕駛,3572,0,0.0
medicine,2020,EMT_問卷_交通事故患者__OTHER_RARE,3572,0,0.0
medicine,2020,EMT_問卷_交通事故患者__MISSING,3572,0,0.0
medicine,2020,EMT_問卷_交通事故種類__人,3572,0,0.0
medicine,2020,EMT_問卷_交通事故種類__人、其他,3572,0,0.0
medicine,2020,EMT_問卷_交通事故種類__其他,3572,0,0.0
medicine,2020,EMT_問卷_交通事故種類__機車,3572,0,0.0
medicine,2020,EMT_問卷_交通事故種類__機車、人,3572,0,0.0
medicine,2020,EMT_問卷_交通事故種類__機車、人、其他,3572,0,0.0
medicine,2020,EMT_問卷_交通事故種類__機車、其他,3572,0,0.0
medicine,2020,EMT_問卷_交通事故種類__機車、腳踏車,3572,0,0.0
medicine,2020,EMT_問卷_交通事故種類__機車、腳踏車、其他,3572,0,0.0
medicine,2020,EMT_問卷_交通事故種類__汽車,3572,0,0.0
medicine,2020,EMT_問卷_交通事故種類__汽車、人,3572,0,0.0
medicine,2020,EMT_問卷_交通事故種類__汽車、人、其他,3572,0,0.0
medicine,2020,EMT_問卷_交通事故種類__汽車、其他,3572,0,0.0
medicine,2020,EMT_問卷_交通事故種類__汽車、機車,3572,0,0.0
medicine,2020,EMT_問卷_交通事故種類__汽車、機車、其他,3572,0,0.0
medicine,2020,EMT_問卷_交通事故種類__汽車、腳踏車,3572,0,0.0
medicine,2020,EMT_問卷_交通事故種類__腳踏車,3572,0,0.0
medicine,2020,EMT_問卷_交通事故種類__腳踏車、其他,3572,0,0.0
medicine,2020,EMT_問卷_交通事故種類__OTHER_RARE,3572,0,0.0
medicine,2020,EMT_問卷_交通事故種類__MISSING,3572,0,0.0
medicine,2020,EMT_問卷_保護裝置狀態__安全帶,3572,0,0.0
medicine,2020,EMT_問卷_保護裝置狀態__安全帽,3572,0,0.0
medicine,2020,EMT_問卷_保護裝置狀態__無,3572,0,0.0
medicine,2020,EMT_問卷_保護裝置狀態__OTHER_RARE,3572,0,0.0
medicine,2020,EMT_問卷_保護裝置狀態__MISSING,3572,0,0.0
medicine,2020,EMT_問卷_非交通事故種類__其他,3572,0,0.0
medicine,2020,EMT_問卷_非交通事故種類__切割,3572,0,0.0
medicine,2020,EMT_問卷_非交通事故種類__墜落,3572,0,0.0
medicine,2020,EMT_問卷_非交通事故種類__壓夾,3572,0,0.0
medicine,2020,EMT_問卷_非交通事故種類__撞擊,3572,0,0.0
medicine,2020,EMT_問卷_非交通事故種類__生物咬螫,3572,0,0.0
medicine,2020,EMT_問卷_非交通事故種類__跌摔,3572,0,0.0
medicine,2020,EMT_問卷_非交通事故種類__鈍毆,3572,0,0.0
medicine,2020,EMT_問卷_非交通事故種類__OTHER_RARE,3572,0,0.0
medicine,2020,EMT_問卷_非交通事故種類__MISSING,3572,0,0.0
medicine,2020,EMT_問卷_危急個案__否,3572,0,0.0
medicine,2020,EMT_問卷_危急個案__是,3572,0,0.0
medicine,2020,EMT_問卷_危急個案__OTHER_RARE,3572,0,0.0
medicine,2020,EMT_問卷_危急個案__MISSING,3572,0,0.0
medicine,2020,EMT_現場_意識_AVPU,3572,0,0.0
medicine,2020,EMT_過去病史__HIV(+),3572,0,0.0
medicine,2020,EMT_過去病史__不詳,3572,0,0.0
medicine,2020,EMT_過去病史__其他,3572,0,0.0
medicine,2020,EMT_過去病史__心臟疾病,3572,0,0.0
medicine,2020,EMT_過去病史__惡性腫瘤,3572,0,0.0
medicine,2020,EMT_過去病史__氣喘,3572,0,0.0
medicine,2020,EMT_過去病史__癲癇,3572,0,0.0
medicine,2020,EMT_過去病史__精神疾病,3572,0,0.0
medicine,2020,EMT_過去病史__糖尿病,3572,0,0.0
medicine,2020,EMT_過去病史__肝臟疾病,3572,0,0.0
medicine,2020,EMT_過去病史__肺臟疾病,3572,0,0.0
medicine,2020,EMT_過去病史__腎臟疾病,3572,0,0.0
medicine,2020,EMT_過去病史__腦血管疾病,3572,0,0.0
medicine,2020,EMT_過去病史__高血壓,3572,0,0.0
medicine,2020,EMT_過去病史__OTHER_RARE,3572,0,0.0
medicine,2020,EMT_過去病史__source_available,3572,0,0.0
medicine,2020,EMT_過去病史__explicit_none,3572,0,0.0
medicine,2020,EMT_過去病史__source_missing,3572,0,0.0
medicine,2020,EMT_過敏史__不清楚,3572,0,0.0
medicine,2020,EMT_過敏史__不詳,3572,0,0.0
medicine,2020,EMT_過敏史__其他,3572,0,0.0
medicine,2020,EMT_過敏史__藥物,3572,0,0.0
medicine,2020,EMT_過敏史__食物,3572,0,0.0
medicine,2020,EMT_過敏史__OTHER_RARE,3572,0,0.0
medicine,2020,EMT_過敏史__source_available,3572,0,0.0
medicine,2020,EMT_過敏史__explicit_none,3572,0,0.0
medicine,2020,EMT_過敏史__source_missing,3572,0,0.0
medicine,2020,EMT_主訴_結構化__OHCA,3572,0,0.0
medicine,2020,EMT_主訴_結構化__上腹痛,3572,0,0.0
medicine,2020,EMT_主訴_結構化__下腹痛,3572,0,0.0
medicine,2020,EMT_主訴_結構化__其他,3572,0,0.0
medicine,2020,EMT_主訴_結構化__冒冷汗,3572,0,0.0
medicine,2020,EMT_主訴_結構化__吐.咳血,3572,0,0.0
medicine,2020,EMT_主訴_結構化__呼吸喘.慢.使用輔助肌,3572,0,0.0
medicine,2020,EMT_主訴_結構化__呼吸道梗塞,3572,0,0.0
medicine,2020,EMT_主訴_結構化__嘔吐.噁心,3572,0,0.0
medicine,2020,EMT_主訴_結構化__心臟不適,3572,0,0.0
medicine,2020,EMT_主訴_結構化__急產,3572,0,0.0
medicine,2020,EMT_主訴_結構化__急產（接生）,3572,0,0.0
medicine,2020,EMT_主訴_結構化__挫.擦傷,3572,0,0.0
medicine,2020,EMT_主訴_結構化__撕裂.切割傷,3572,0,0.0
medicine,2020,EMT_主訴_結構化__斷肢,3572,0,0.0
medicine,2020,EMT_主訴_結構化__昏厥,3572,0,0.0
medicine,2020,EMT_主訴_結構化__無意識.意識不清,3572,0,0.0
medicine,2020,EMT_主訴_結構化__燒燙傷,3572,0,0.0
medicine,2020,EMT_主訴_結構化__疑似一氧化碳中毒,3572,0,0.0
medicine,2020,EMT_主訴_結構化__疑似毒物.氣中毒,3572,0,0.0
medicine,2020,EMT_主訴_結構化__疑似藥物過量,3572,0,0.0
medicine,2020,EMT_主訴_結構化__癲癇.抽搐,3572,0,0.0
medicine,2020,EMT_主訴_結構化__發燒.發冷,3572,0,0.0
medicine,2020,EMT_主訴_結構化__碎裂傷,3572,0,0.0
medicine,2020,EMT_主訴_結構化__穿刺傷,3572,0,0.0
medicine,2020,EMT_主訴_結構化__肢體無力,3572,0,0.0
medicine,2020,EMT_主訴_結構化__肢體疼痛,3572,0,0.0
medicine,2020,EMT_主訴_結構化__肢體麻痺,3572,0,0.0
medicine,2020,EMT_主訴_結構化__背.肩痛,3572,0,0.0
medicine,2020,EMT_主訴_結構化__胸痛.悶,3572,0,0.0
medicine,2020,EMT_主訴_結構化__腹瀉,3572,0,0.0
medicine,2020,EMT_主訴_結構化__虛弱,3572,0,0.0
medicine,2020,EMT_主訴_結構化__血便.尿,3572,0,0.0
medicine,2020,EMT_主訴_結構化__血腫,3572,0,0.0
medicine,2020,EMT_主訴_結構化__行為神智異常,3572,0,0.0
medicine,2020,EMT_主訴_結構化__過敏,3572,0,0.0
medicine,2020,EMT_主訴_結構化__非外傷出血,3572,0,0.0
medicine,2020,EMT_主訴_結構化__頭暈,3572,0,0.0
medicine,2020,EMT_主訴_結構化__頭痛,3572,0,0.0
medicine,2020,EMT_主訴_結構化__骨折.脫位,3572,0,0.0
medicine,2020,EMT_主訴_結構化__OTHER_RARE,3572,0,0.0
medicine,2020,EMT_主訴_結構化__source_available,3572,0,0.0
medicine,2020,EMT_主訴_結構化__explicit_none,3572,0,0.0
medicine,2020,EMT_主訴_結構化__source_missing,3572,0,0.0
medicine,2020,EMT_紅旗__DNR.放棄急救,3572,0,0.0
medicine,2020,EMT_紅旗__休克.低血壓,3572,0,0.0
medicine,2020,EMT_紅旗__呼吸窘迫.低血氧,3572,0,0.0
medicine,2020,EMT_紅旗__大出血,3572,0,0.0
medicine,2020,EMT_紅旗__心跳呼吸停止.PEA,3572,0,0.0
medicine,2020,EMT_紅旗__意識改變,3572,0,0.0
medicine,2020,EMT_紅旗__抽搐,3572,0,0.0
medicine,2020,EMT_紅旗__疑似中風,3572,0,0.0
medicine,2020,EMT_紅旗__胸痛疑似ACS,3572,0,0.0
medicine,2020,EMT_紅旗__OTHER_RARE,3572,0,0.0
medicine,2020,EMT_紅旗__source_available,3572,0,0.0
medicine,2020,EMT_紅旗__explicit_none,3572,0,0.0
medicine,2020,EMT_紅旗__source_missing,3572,0,0.0
medicine,2020,EMT_創傷機轉_合併__交通-機車,3572,0,0.0
medicine,2020,EMT_創傷機轉_合併__交通-汽車,3572,0,0.0
medicine,2020,EMT_創傷機轉_合併__交通-腳踏車,3572,0,0.0
medicine,2020,EMT_創傷機轉_合併__交通-行人,3572,0,0.0
medicine,2020,EMT_創傷機轉_合併__其他外傷,3572,0,0.0
medicine,2020,EMT_創傷機轉_合併__燒燙,3572,0,0.0
medicine,2020,EMT_創傷機轉_合併__生物咬螫,3572,0,0.0
medicine,2020,EMT_創傷機轉_合併__穿刺切割,3572,0,0.0
medicine,2020,EMT_創傷機轉_合併__跌落墜落,3572,0,0.0
medicine,2020,EMT_創傷機轉_合併__鈍傷撞擊,3572,0,0.0
medicine,2020,EMT_創傷機轉_合併__OTHER_RARE,3572,0,0.0
medicine,2020,EMT_創傷機轉_合併__source_available,3572,0,0.0
medicine,2020,EMT_創傷機轉_合併__explicit_none,3572,0,0.0
medicine,2020,EMT_創傷機轉_合併__source_missing,3572,0,0.0
medicine,2020,EMT_處置_合併__CPR,3572,0,0.0
medicine,2020,EMT_處置_合併__保暖,3572,0,0.0
medicine,2020,EMT_處置_合併__傷口處置,3572,0,0.0
medicine,2020,EMT_處置_合併__固定,3572,0,0.0
medicine,2020,EMT_處置_合併__心理支持,3572,0,0.0
medicine,2020,EMT_處置_合併__生命徵象監測,3572,0,0.0
medicine,2020,EMT_處置_合併__給氧,3572,0,0.0
medicine,2020,EMT_處置_合併__給藥,3572,0,0.0
medicine,2020,EMT_處置_合併__OTHER_RARE,3572,0,0.0
medicine,2020,EMT_處置_合併__source_available,3572,0,0.0
medicine,2020,EMT_處置_合併__explicit_none,3572,0,0.0
medicine,2020,EMT_處置_合併__source_missing,3572,0,0.0
medicine,2020,EMT_特殊表登錄_合併__ACS,3572,0,0.0
medicine,2020,EMT_特殊表登錄_合併__CVA,3572,0,0.0
medicine,2020,EMT_特殊表登錄_合併__OHCA,3572,0,0.0
medicine,2020,EMT_特殊表登錄_合併__呼吸窘迫,3572,0,0.0
medicine,2020,EMT_特殊表登錄_合併__癲癇重積,3572,0,0.0
medicine,2020,EMT_特殊表登錄_合併__過敏性休克,3572,0,0.0
medicine,2020,EMT_特殊表登錄_合併__OTHER_RARE,3572,0,0.0
medicine,2020,EMT_特殊表登錄_合併__source_available,3572,0,0.0
medicine,2020,EMT_特殊表登錄_合併__explicit_none,3572,0,0.0
medicine,2020,EMT_特殊表登錄_合併__source_missing,3572,0,0.0
medicine,2020,EMT_問卷_一般處置__下肢抬高,3572,0,0.0
medicine,2020,EMT_問卷_一般處置__保暖,3572,0,0.0
medicine,2020,EMT_問卷_一般處置__其他,3572,0,0.0
medicine,2020,EMT_問卷_一般處置__半坐臥,3572,0,0.0
medicine,2020,EMT_問卷_一般處置__心律監視,3572,0,0.0
medicine,2020,EMT_問卷_一般處置__心理支持,3572,0,0.0
medicine,2020,EMT_問卷_一般處置__生命徵象監測,3572,0,0.0
medicine,2020,EMT_問卷_一般處置__生產/左側臥,3572,0,0.0
medicine,2020,EMT_問卷_一般處置__OTHER_RARE,3572,0,0.0
medicine,2020,EMT_問卷_一般處置__source_available,3572,0,0.0
medicine,2020,EMT_問卷_一般處置__explicit_none,3572,0,0.0
medicine,2020,EMT_問卷_一般處置__source_missing,3572,0,0.0
medicine,2020,EMT_問卷_呼吸給氧裝置__NRM,3572,0,0.0
medicine,2020,EMT_問卷_呼吸給氧裝置__口咽呼吸道,3572,0,0.0
medicine,2020,EMT_問卷_呼吸給氧裝置__正壓給氧,3572,0,0.0
medicine,2020,EMT_問卷_呼吸給氧裝置__氧氣面罩,3572,0,0.0
medicine,2020,EMT_問卷_呼吸給氧裝置__氧氣鼻管,3572,0,0.0
medicine,2020,EMT_問卷_呼吸給氧裝置__鼻咽呼吸道,3572,0,0.0
medicine,2020,EMT_問卷_呼吸給氧裝置__OTHER_RARE,3572,0,0.0
medicine,2020,EMT_問卷_呼吸給氧裝置__source_available,3572,0,0.0
medicine,2020,EMT_問卷_呼吸給氧裝置__explicit_none,3572,0,0.0
medicine,2020,EMT_問卷_呼吸給氧裝置__source_missing,3572,0,0.0
medicine,2020,EMT_問卷_創傷處置__KED固定,3572,0,0.0
medicine,2020,EMT_問卷_創傷處置__包紮止血,3572,0,0.0
medicine,2020,EMT_問卷_創傷處置__夾板\三角巾,3572,0,0.0
medicine,2020,EMT_問卷_創傷處置__抽吸式護木,3572,0,0.0
medicine,2020,EMT_問卷_創傷處置__清洗傷口,3572,0,0.0
medicine,2020,EMT_問卷_創傷處置__長背板\頭部固定,3572,0,0.0
medicine,2020,EMT_問卷_創傷處置__頸圈,3572,0,0.0
medicine,2020,EMT_問卷_創傷處置__OTHER_RARE,3572,0,0.0
medicine,2020,EMT_問卷_創傷處置__source_available,3572,0,0.0
medicine,2020,EMT_問卷_創傷處置__explicit_none,3572,0,0.0
medicine,2020,EMT_問卷_創傷處置__source_missing,3572,0,0.0
medicine,2020,EMT_問卷_加護處置__0.9%N.S.,3572,0,0.0
medicine,2020,EMT_問卷_加護處置__5%G.W.,3572,0,0.0
medicine,2020,EMT_問卷_加護處置__50%G.W.,3572,0,0.0
medicine,2020,EMT_問卷_加護處置__Berotec支氣管擴張劑,3572,0,0.0
medicine,2020,EMT_問卷_加護處置__IV,3572,0,0.0
medicine,2020,EMT_問卷_加護處置__不建議AED電擊,3572,0,0.0
medicine,2020,EMT_問卷_加護處置__糖粉（水）,3572,0,0.0
medicine,2020,EMT_問卷_加護處置__OTHER_RARE,3572,0,0.0
medicine,2020,EMT_問卷_加護處置__source_available,3572,0,0.0
medicine,2020,EMT_問卷_加護處置__explicit_none,3572,0,0.0
medicine,2020,EMT_問卷_加護處置__source_missing,3572,0,0.0
medicine,2020,EMT_台北_呼吸處置__OTHER_RARE,3572,0,0.0
medicine,2020,EMT_台北_呼吸處置__source_available,3572,0,0.0
medicine,2020,EMT_台北_呼吸處置__explicit_none,3572,0,0.0
medicine,2020,EMT_台北_呼吸處置__source_missing,3572,0,0.0
medicine,2020,EMT_台北_CPR處置__OTHER_RARE,3572,0,0.0
medicine,2020,EMT_台北_CPR處置__source_available,3572,0,0.0
medicine,2020,EMT_台北_CPR處置__explicit_none,3572,0,0.0
medicine,2020,EMT_台北_CPR處置__source_missing,3572,0,0.0
medicine,2020,EMT_台北_藥物處置__OTHER_RARE,3572,0,0.0
medicine,2020,EMT_台北_藥物處置__source_available,3572,0,0.0
medicine,2020,EMT_台北_藥物處置__explicit_none,3572,0,0.0
medicine,2020,EMT_台北_藥物處置__source_missing,3572,0,0.0
medicine,2020,EMT_台北_創傷處置__包紮,3572,0,0.0
medicine,2020,EMT_台北_創傷處置__止血,3572,0,0.0
medicine,2020,EMT_台北_創傷處置__清洗傷口,3572,0,0.0
medicine,2020,EMT_台北_創傷處置__OTHER_RARE,3572,0,0.0
medicine,2020,EMT_台北_創傷處置__source_available,3572,0,0.0
medicine,2020,EMT_台北_創傷處置__explicit_none,3572,0,0.0
medicine,2020,EMT_台北_創傷處置__source_missing,3572,0,0.0
medicine,2020,EMT_台北_後送姿勢__半坐臥,3572,0,0.0
medicine,2020,EMT_台北_後送姿勢__平躺,3572,0,0.0
medicine,2020,EMT_台北_後送姿勢__OTHER_RARE,3572,0,0.0
medicine,2020,EMT_台北_後送姿勢__source_available,3572,0,0.0
medicine,2020,EMT_台北_後送姿勢__explicit_none,3572,0,0.0
medicine,2020,EMT_台北_後送姿勢__source_missing,3572,0,0.0
medicine,2020,EMT_台北_其他處置__保暖,3572,0,0.0
medicine,2020,EMT_台北_其他處置__心理支持,3572,0,0.0
medicine,2020,EMT_台北_其他處置__OTHER_RARE,3572,0,0.0
medicine,2020,EMT_台北_其他處置__source_available,3572,0,0.0
medicine,2020,EMT_台北_其他處置__explicit_none,3572,0,0.0
medicine,2020,EMT_台北_其他處置__source_missing,3572,0,0.0
medicine,2020,EMT_台北_給藥__OTHER_RARE,3572,0,0.0
medicine,2020,EMT_台北_給藥__source_available,3572,0,0.0
medicine,2020,EMT_台北_給藥__explicit_none,3572,0,0.0
medicine,2020,EMT_台北_給藥__source_missing,3572,0,0.0
medicine,2020,EMT_補述_紅旗__DNR.放棄急救,3572,0,0.0
medicine,2020,EMT_補述_紅旗__休克.低血壓,3572,0,0.0
medicine,2020,EMT_補述_紅旗__呼吸窘迫.低血氧,3572,0,0.0
medicine,2020,EMT_補述_紅旗__大出血,3572,0,0.0
medicine,2020,EMT_補述_紅旗__心跳呼吸停止.PEA,3572,0,0.0
medicine,2020,EMT_補述_紅旗__意識改變,3572,0,0.0
medicine,2020,EMT_補述_紅旗__抽搐,3572,0,0.0
medicine,2020,EMT_補述_紅旗__疑似中風,3572,0,0.0
medicine,2020,EMT_補述_紅旗__胸痛疑似ACS,3572,0,0.0
medicine,2020,EMT_補述_紅旗__OTHER_RARE,3572,0,0.0
medicine,2020,EMT_補述_紅旗__source_available,3572,0,0.0
medicine,2020,EMT_補述_紅旗__explicit_none,3572,0,0.0
medicine,2020,EMT_補述_紅旗__source_missing,3572,0,0.0
medicine,2020,EMT_問卷_過去病史__HIV(+),3572,0,0.0
medicine,2020,EMT_問卷_過去病史__不詳,3572,0,0.0
medicine,2020,EMT_問卷_過去病史__其他,3572,0,0.0
medicine,2020,EMT_問卷_過去病史__心臟疾病,3572,0,0.0
medicine,2020,EMT_問卷_過去病史__惡性腫瘤,3572,0,0.0
medicine,2020,EMT_問卷_過去病史__氣喘,3572,0,0.0
medicine,2020,EMT_問卷_過去病史__癲癇,3572,0,0.0
medicine,2020,EMT_問卷_過去病史__精神疾病,3572,0,0.0
medicine,2020,EMT_問卷_過去病史__糖尿病,3572,0,0.0
medicine,2020,EMT_問卷_過去病史__肝臟疾病,3572,0,0.0
medicine,2020,EMT_問卷_過去病史__肺臟疾病,3572,0,0.0
medicine,2020,EMT_問卷_過去病史__腎臟疾病,3572,0,0.0
medicine,2020,EMT_問卷_過去病史__腦血管疾病,3572,0,0.0
medicine,2020,EMT_問卷_過去病史__高血壓,3572,0,0.0
medicine,2020,EMT_問卷_過去病史__OTHER_RARE,3572,0,0.0
medicine,2020,EMT_問卷_過去病史__source_available,3572,0,0.0
medicine,2020,EMT_問卷_過去病史__explicit_none,3572,0,0.0
medicine,2020,EMT_問卷_過去病史__source_missing,3572,0,0.0
medicine,2020,EMT_問卷_過敏史__不詳,3572,0,0.0
medicine,2020,EMT_問卷_過敏史__其他,3572,0,0.0
medicine,2020,EMT_問卷_過敏史__藥物,3572,0,0.0
medicine,2020,EMT_問卷_過敏史__食物,3572,0,0.0
medicine,2020,EMT_問卷_過敏史__OTHER_RARE,3572,0,0.0
medicine,2020,EMT_問卷_過敏史__source_available,3572,0,0.0
medicine,2020,EMT_問卷_過敏史__explicit_none,3572,0,0.0
medicine,2020,EMT_問卷_過敏史__source_missing,3572,0,0.0
medicine,2020,has_oxygen,3572,2920,0.8174692049272116
medicine,2020,has_ventilatory_support,3572,2919,0.8171892497200448
medicine,2020,has_airway_adjunct,3572,2919,0.8171892497200448
medicine,2020,has_advanced_airway,3572,2919,0.8171892497200448
medicine,2020,has_ALS_procedure,3572,3272,0.916013437849944
medicine,2020,EMT_現場_收縮壓_ord,3572,70,0.01959686450167973
medicine,2020,EMT_現場_收縮壓_for_score,3572,134,0.037513997760358346
medicine,2020,EMT_車上_收縮壓_for_score,3572,131,0.036674132138857785
medicine,2020,EMT_現場_收縮壓_unmeasurable,3572,0,0.0
medicine,2020,EMT_車上_收縮壓_unmeasurable,3572,0,0.0
medicine,2020,MISS_EMT_現場_收縮壓_for_score,3572,0,0.0
medicine,2020,MISS_EMT_車上_收縮壓_for_score,3572,0,0.0
medicine,2020,prehosp_sbp,3572,110,0.030795072788353865
medicine,2020,prehosp_dbp,3572,210,0.05879059350503919
medicine,2020,prehosp_hr,3572,135,0.0377939529675252
medicine,2020,prehosp_rr,3572,135,0.0377939529675252
medicine,2020,prehosp_spo2,3572,135,0.0377939529675252
medicine,2020,prehosp_bt,3572,135,0.0377939529675252
medicine,2020,prehosp_gcs,3572,170,0.04759238521836506
medicine,2020,prehosp_gcs_e,3572,170,0.04759238521836506
medicine,2020,prehosp_gcs_v,3572,170,0.04759238521836506
medicine,2020,prehosp_gcs_m,3572,170,0.04759238521836506
medicine,2020,is_OHCA_hr0,3572,0,0.0
medicine,2020,現場時間,3572,0,0.0
medicine,2020,運送時間,3572,0,0.0
medicine,2020,派遣時間,3572,1,0.0002799552071668533
medicine,2020,總到院前時間,3572,1,0.0002799552071668533
medicine,2020,MISS_現場時間,3572,0,0.0
medicine,2020,MISS_運送時間,3572,0,0.0
medicine,2020,MISS_派遣時間,3572,0,0.0
medicine,2020,MISS_總到院前時間,3572,0,0.0
medicine,2020,MAP,3572,210,0.05879059350503919
medicine,2020,MISS_MAP,3572,0,0.0
medicine,2020,SI,3572,135,0.0377939529675252
medicine,2020,MISS_SI,3572,0,0.0
medicine,2020,mSI,3572,210,0.05879059350503919
medicine,2020,MISS_mSI,3572,0,0.0
medicine,2020,aSI,3572,136,0.03807390817469205
medicine,2020,MISS_aSI,3572,0,0.0
medicine,2020,rSI,3572,135,0.0377939529675252
medicine,2020,MISS_rSI,3572,0,0.0
medicine,2020,rSIG,3572,170,0.04759238521836506
medicine,2020,MISS_rSIG,3572,0,0.0
medicine,2020,rSIG_Age,3572,171,0.047872340425531915
medicine,2020,MISS_rSIG_Age,3572,0,0.0
medicine,2020,SI_G,3572,170,0.04759238521836506
medicine,2020,MISS_SI_G,3572,0,0.0
medicine,2020,SIA_G,3572,171,0.047872340425531915
medicine,2020,MISS_SIA_G,3572,0,0.0
medicine,2020,SIAVPU,3572,135,0.0377939529675252
medicine,2020,MISS_SIAVPU,3572,0,0.0
medicine,2020,sMS,3572,170,0.04759238521836506
medicine,2020,MISS_sMS,3572,0,0.0
medicine,2020,rSI_sMS,3572,170,0.04759238521836506
medicine,2020,MISS_rSI_sMS,3572,0,0.0
medicine,2020,rSI_GCS,3572,170,0.04759238521836506
medicine,2020,MISS_rSI_GCS,3572,0,0.0
medicine,2020,rSI_GCSM,3572,170,0.04759238521836506
medicine,2020,MISS_rSI_GCSM,3572,0,0.0
medicine,2020,qSOFA,3572,135,0.0377939529675252
medicine,2020,qSOFA_available,3572,0,0.0
medicine,2020,qSOFA_observed_components,3572,0,0.0
medicine,2020,qSOFA_required_components,3572,0,0.0
medicine,2020,MISS_qSOFA,3572,0,0.0
medicine,2020,NEWS2,3572,2942,0.8236282194848824
medicine,2020,NEWS2_available,3572,0,0.0
medicine,2020,NEWS2_observed_components,3572,0,0.0
medicine,2020,NEWS2_required_components,3572,0,0.0
medicine,2020,MISS_NEWS2,3572,0,0.0
medicine,2020,MEWS,3572,135,0.0377939529675252
medicine,2020,MEWS_available,3572,0,0.0
medicine,2020,MEWS_observed_components,3572,0,0.0
medicine,2020,MEWS_required_components,3572,0,0.0
medicine,2020,MISS_MEWS,3572,0,0.0
medicine,2020,REMS,3572,243,0.06802911534154535
medicine,2020,REMS_available,3572,0,0.0
medicine,2020,REMS_observed_components,3572,0,0.0
medicine,2020,REMS_required_components,3572,0,0.0
medicine,2020,MISS_REMS,3572,0,0.0
medicine,2020,RTS,3572,170,0.04759238521836506
medicine,2020,RTS_available,3572,0,0.0
medicine,2020,RTS_observed_components,3572,0,0.0
medicine,2020,RTS_required_components,3572,0,0.0
medicine,2020,MISS_RTS,3572,0,0.0
medicine,2020,kw_ohca,3572,0,0.0
medicine,2020,kw_chest_pain,3572,0,0.0
medicine,2020,kw_dyspnea,3572,0,0.0
medicine,2020,kw_bleeding,3572,0,0.0
medicine,2020,kw_stroke,3572,0,0.0
medicine,2020,kw_trauma,3572,0,0.0
medicine,2020,kw_seizure,3572,0,0.0
medicine,2020,kw_unconscious,3572,0,0.0
medicine,2020,is_text_missing,3572,0,0.0
medicine,2020,text_source_count,3572,0,0.0
medicine,2020,text_char_count,3572,0,0.0
medicine,2021,EMT_年齡,3864,2,0.0005175983436853002
medicine,2021,MISS_EMT_年齡,3864,0,0.0
medicine,2021,MISSREASON_EMT_年齡__source_missing,3864,0,0.0
medicine,2021,MISSREASON_EMT_年齡__not_measured,3864,0,0.0
medicine,2021,MISSREASON_EMT_年齡__sentinel,3864,0,0.0
medicine,2021,MISSREASON_EMT_年齡__invalid_or_out_of_range,3864,0,0.0
medicine,2021,EMT_發生地點_到慈濟_開車km,3864,14,0.0036231884057971015
medicine,2021,MISS_EMT_發生地點_到慈濟_開車km,3864,0,0.0
medicine,2021,MISSREASON_EMT_發生地點_到慈濟_開車km__source_missing,3864,0,0.0
medicine,2021,MISSREASON_EMT_發生地點_到慈濟_開車km__not_measured,3864,0,0.0
medicine,2021,MISSREASON_EMT_發生地點_到慈濟_開車km__sentinel,3864,0,0.0
medicine,2021,MISSREASON_EMT_發生地點_到慈濟_開車km__invalid_or_out_of_range,3864,0,0.0
medicine,2021,EMT_發生地點_到慈濟_直線km,3864,14,0.0036231884057971015
medicine,2021,MISS_EMT_發生地點_到慈濟_直線km,3864,0,0.0
medicine,2021,MISSREASON_EMT_發生地點_到慈濟_直線km__source_missing,3864,0,0.0
medicine,2021,MISSREASON_EMT_發生地點_到慈濟_直線km__not_measured,3864,0,0.0
medicine,2021,MISSREASON_EMT_發生地點_到慈濟_直線km__sentinel,3864,0,0.0
medicine,2021,MISSREASON_EMT_發生地點_到慈濟_直線km__invalid_or_out_of_range,3864,0,0.0
medicine,2021,EMT_反應時間分,3864,5,0.0012939958592132505
medicine,2021,MISS_EMT_反應時間分,3864,0,0.0
medicine,2021,MISSREASON_EMT_反應時間分__source_missing,3864,0,0.0
medicine,2021,MISSREASON_EMT_反應時間分__not_measured,3864,0,0.0
medicine,2021,MISSREASON_EMT_反應時間分__sentinel,3864,0,0.0
medicine,2021,MISSREASON_EMT_反應時間分__invalid_or_out_of_range,3864,0,0.0
medicine,2021,EMT_現場停留分,3864,0,0.0
medicine,2021,MISS_EMT_現場停留分,3864,0,0.0
medicine,2021,MISSREASON_EMT_現場停留分__source_missing,3864,0,0.0
medicine,2021,MISSREASON_EMT_現場停留分__not_measured,3864,0,0.0
medicine,2021,MISSREASON_EMT_現場停留分__sentinel,3864,0,0.0
medicine,2021,MISSREASON_EMT_現場停留分__invalid_or_out_of_range,3864,0,0.0
medicine,2021,EMT_送醫途中分,3864,0,0.0
medicine,2021,MISS_EMT_送醫途中分,3864,0,0.0
medicine,2021,MISSREASON_EMT_送醫途中分__source_missing,3864,0,0.0
medicine,2021,MISSREASON_EMT_送醫途中分__not_measured,3864,0,0.0
medicine,2021,MISSREASON_EMT_送醫途中分__sentinel,3864,0,0.0
medicine,2021,MISSREASON_EMT_送醫途中分__invalid_or_out_of_range,3864,0,0.0
medicine,2021,EMT_現場_舒張壓,3864,3864,1.0
medicine,2021,MISS_EMT_現場_舒張壓,3864,0,0.0
medicine,2021,MISSREASON_EMT_現場_舒張壓__source_missing,3864,0,0.0
medicine,2021,MISSREASON_EMT_現場_舒張壓__not_measured,3864,0,0.0
medicine,2021,MISSREASON_EMT_現場_舒張壓__sentinel,3864,0,0.0
medicine,2021,MISSREASON_EMT_現場_舒張壓__invalid_or_out_of_range,3864,0,0.0
medicine,2021,EMT_現場_脈搏,3864,377,0.09756728778467909
medicine,2021,MISS_EMT_現場_脈搏,3864,0,0.0
medicine,2021,MISSREASON_EMT_現場_脈搏__source_missing,3864,0,0.0
medicine,2021,MISSREASON_EMT_現場_脈搏__not_measured,3864,0,0.0
medicine,2021,MISSREASON_EMT_現場_脈搏__sentinel,3864,0,0.0
medicine,2021,MISSREASON_EMT_現場_脈搏__invalid_or_out_of_range,3864,0,0.0
medicine,2021,EMT_現場_呼吸,3864,375,0.09704968944099379
medicine,2021,MISS_EMT_現場_呼吸,3864,0,0.0
medicine,2021,MISSREASON_EMT_現場_呼吸__source_missing,3864,0,0.0
medicine,2021,MISSREASON_EMT_現場_呼吸__not_measured,3864,0,0.0
medicine,2021,MISSREASON_EMT_現場_呼吸__sentinel,3864,0,0.0
medicine,2021,MISSREASON_EMT_現場_呼吸__invalid_or_out_of_range,3864,0,0.0
medicine,2021,EMT_現場_SPO2,3864,387,0.10015527950310558
medicine,2021,MISS_EMT_現場_SPO2,3864,0,0.0
medicine,2021,MISSREASON_EMT_現場_SPO2__source_missing,3864,0,0.0
medicine,2021,MISSREASON_EMT_現場_SPO2__not_measured,3864,0,0.0
medicine,2021,MISSREASON_EMT_現場_SPO2__sentinel,3864,0,0.0
medicine,2021,MISSREASON_EMT_現場_SPO2__invalid_or_out_of_range,3864,0,0.0
medicine,2021,EMT_現場_體溫,3864,381,0.0986024844720497
medicine,2021,MISS_EMT_現場_體溫,3864,0,0.0
medicine,2021,MISSREASON_EMT_現場_體溫__source_missing,3864,0,0.0
medicine,2021,MISSREASON_EMT_現場_體溫__not_measured,3864,0,0.0
medicine,2021,MISSREASON_EMT_現場_體溫__sentinel,3864,0,0.0
medicine,2021,MISSREASON_EMT_現場_體溫__invalid_or_out_of_range,3864,0,0.0
medicine,2021,EMT_現場_GCS,3864,417,0.10791925465838509
medicine,2021,MISS_EMT_現場_GCS,3864,0,0.0
medicine,2021,MISSREASON_EMT_現場_GCS__source_missing,3864,0,0.0
medicine,2021,MISSREASON_EMT_現場_GCS__not_measured,3864,0,0.0
medicine,2021,MISSREASON_EMT_現場_GCS__sentinel,3864,0,0.0
medicine,2021,MISSREASON_EMT_現場_GCS__invalid_or_out_of_range,3864,0,0.0
medicine,2021,EMT_現場_GCS_E,3864,417,0.10791925465838509
medicine,2021,MISS_EMT_現場_GCS_E,3864,0,0.0
medicine,2021,MISSREASON_EMT_現場_GCS_E__source_missing,3864,0,0.0
medicine,2021,MISSREASON_EMT_現場_GCS_E__not_measured,3864,0,0.0
medicine,2021,MISSREASON_EMT_現場_GCS_E__sentinel,3864,0,0.0
medicine,2021,MISSREASON_EMT_現場_GCS_E__invalid_or_out_of_range,3864,0,0.0
medicine,2021,EMT_現場_GCS_V,3864,417,0.10791925465838509
medicine,2021,MISS_EMT_現場_GCS_V,3864,0,0.0
medicine,2021,MISSREASON_EMT_現場_GCS_V__source_missing,3864,0,0.0
medicine,2021,MISSREASON_EMT_現場_GCS_V__not_measured,3864,0,0.0
medicine,2021,MISSREASON_EMT_現場_GCS_V__sentinel,3864,0,0.0
medicine,2021,MISSREASON_EMT_現場_GCS_V__invalid_or_out_of_range,3864,0,0.0
medicine,2021,EMT_現場_GCS_M,3864,417,0.10791925465838509
medicine,2021,MISS_EMT_現場_GCS_M,3864,0,0.0
medicine,2021,MISSREASON_EMT_現場_GCS_M__source_missing,3864,0,0.0
medicine,2021,MISSREASON_EMT_現場_GCS_M__not_measured,3864,0,0.0
medicine,2021,MISSREASON_EMT_現場_GCS_M__sentinel,3864,0,0.0
medicine,2021,MISSREASON_EMT_現場_GCS_M__invalid_or_out_of_range,3864,0,0.0
medicine,2021,EMT_車上_舒張壓,3864,474,0.12267080745341614
medicine,2021,MISS_EMT_車上_舒張壓,3864,0,0.0
medicine,2021,MISSREASON_EMT_車上_舒張壓__source_missing,3864,0,0.0
medicine,2021,MISSREASON_EMT_車上_舒張壓__not_measured,3864,0,0.0
medicine,2021,MISSREASON_EMT_車上_舒張壓__sentinel,3864,0,0.0
medicine,2021,MISSREASON_EMT_車上_舒張壓__invalid_or_out_of_range,3864,0,0.0
medicine,2021,EMT_車上_脈搏,3864,386,0.09989648033126294
medicine,2021,MISS_EMT_車上_脈搏,3864,0,0.0
medicine,2021,MISSREASON_EMT_車上_脈搏__source_missing,3864,0,0.0
medicine,2021,MISSREASON_EMT_車上_脈搏__not_measured,3864,0,0.0
medicine,2021,MISSREASON_EMT_車上_脈搏__sentinel,3864,0,0.0
medicine,2021,MISSREASON_EMT_車上_脈搏__invalid_or_out_of_range,3864,0,0.0
medicine,2021,EMT_車上_呼吸,3864,384,0.09937888198757763
medicine,2021,MISS_EMT_車上_呼吸,3864,0,0.0
medicine,2021,MISSREASON_EMT_車上_呼吸__source_missing,3864,0,0.0
medicine,2021,MISSREASON_EMT_車上_呼吸__not_measured,3864,0,0.0
medicine,2021,MISSREASON_EMT_車上_呼吸__sentinel,3864,0,0.0
medicine,2021,MISSREASON_EMT_車上_呼吸__invalid_or_out_of_range,3864,0,0.0
medicine,2021,EMT_車上_SPO2,3864,391,0.10119047619047619
medicine,2021,MISS_EMT_車上_SPO2,3864,0,0.0
medicine,2021,MISSREASON_EMT_車上_SPO2__source_missing,3864,0,0.0
medicine,2021,MISSREASON_EMT_車上_SPO2__not_measured,3864,0,0.0
medicine,2021,MISSREASON_EMT_車上_SPO2__sentinel,3864,0,0.0
medicine,2021,MISSREASON_EMT_車上_SPO2__invalid_or_out_of_range,3864,0,0.0
medicine,2021,EMT_車上_體溫,3864,386,0.09989648033126294
medicine,2021,MISS_EMT_車上_體溫,3864,0,0.0
medicine,2021,MISSREASON_EMT_車上_體溫__source_missing,3864,0,0.0
medicine,2021,MISSREASON_EMT_車上_體溫__not_measured,3864,0,0.0
medicine,2021,MISSREASON_EMT_車上_體溫__sentinel,3864,0,0.0
medicine,2021,MISSREASON_EMT_車上_體溫__invalid_or_out_of_range,3864,0,0.0
medicine,2021,EMT_車上_GCS,3864,426,0.11024844720496894
medicine,2021,MISS_EMT_車上_GCS,3864,0,0.0
medicine,2021,MISSREASON_EMT_車上_GCS__source_missing,3864,0,0.0
medicine,2021,MISSREASON_EMT_車上_GCS__not_measured,3864,0,0.0
medicine,2021,MISSREASON_EMT_車上_GCS__sentinel,3864,0,0.0
medicine,2021,MISSREASON_EMT_車上_GCS__invalid_or_out_of_range,3864,0,0.0
medicine,2021,EMT_車上_GCS_E,3864,426,0.11024844720496894
medicine,2021,MISS_EMT_車上_GCS_E,3864,0,0.0
medicine,2021,MISSREASON_EMT_車上_GCS_E__source_missing,3864,0,0.0
medicine,2021,MISSREASON_EMT_車上_GCS_E__not_measured,3864,0,0.0
medicine,2021,MISSREASON_EMT_車上_GCS_E__sentinel,3864,0,0.0
medicine,2021,MISSREASON_EMT_車上_GCS_E__invalid_or_out_of_range,3864,0,0.0
medicine,2021,EMT_車上_GCS_V,3864,426,0.11024844720496894
medicine,2021,MISS_EMT_車上_GCS_V,3864,0,0.0
medicine,2021,MISSREASON_EMT_車上_GCS_V__source_missing,3864,0,0.0
medicine,2021,MISSREASON_EMT_車上_GCS_V__not_measured,3864,0,0.0
medicine,2021,MISSREASON_EMT_車上_GCS_V__sentinel,3864,0,0.0
medicine,2021,MISSREASON_EMT_車上_GCS_V__invalid_or_out_of_range,3864,0,0.0
medicine,2021,EMT_車上_GCS_M,3864,426,0.11024844720496894
medicine,2021,MISS_EMT_車上_GCS_M,3864,0,0.0
medicine,2021,MISSREASON_EMT_車上_GCS_M__source_missing,3864,0,0.0
medicine,2021,MISSREASON_EMT_車上_GCS_M__not_measured,3864,0,0.0
medicine,2021,MISSREASON_EMT_車上_GCS_M__sentinel,3864,0,0.0
medicine,2021,MISSREASON_EMT_車上_GCS_M__invalid_or_out_of_range,3864,0,0.0
medicine,2021,EMT_生命徵象量測次數,3864,0,0.0
medicine,2021,MISS_EMT_生命徵象量測次數,3864,0,0.0
medicine,2021,MISSREASON_EMT_生命徵象量測次數__source_missing,3864,0,0.0
medicine,2021,MISSREASON_EMT_生命徵象量測次數__not_measured,3864,0,0.0
medicine,2021,MISSREASON_EMT_生命徵象量測次數__sentinel,3864,0,0.0
medicine,2021,MISSREASON_EMT_生命徵象量測次數__invalid_or_out_of_range,3864,0,0.0
medicine,2021,EMT_問卷_疼痛指數,3864,1895,0.49042443064182195
medicine,2021,MISS_EMT_問卷_疼痛指數,3864,0,0.0
medicine,2021,MISSREASON_EMT_問卷_疼痛指數__source_missing,3864,0,0.0
medicine,2021,MISSREASON_EMT_問卷_疼痛指數__not_measured,3864,0,0.0
medicine,2021,MISSREASON_EMT_問卷_疼痛指數__sentinel,3864,0,0.0
medicine,2021,MISSREASON_EMT_問卷_疼痛指數__invalid_or_out_of_range,3864,0,0.0
medicine,2021,EMT_問卷_左瞳孔尺寸mm,3864,294,0.07608695652173914
medicine,2021,MISS_EMT_問卷_左瞳孔尺寸mm,3864,0,0.0
medicine,2021,MISSREASON_EMT_問卷_左瞳孔尺寸mm__source_missing,3864,0,0.0
medicine,2021,MISSREASON_EMT_問卷_左瞳孔尺寸mm__not_measured,3864,0,0.0
medicine,2021,MISSREASON_EMT_問卷_左瞳孔尺寸mm__sentinel,3864,0,0.0
medicine,2021,MISSREASON_EMT_問卷_左瞳孔尺寸mm__invalid_or_out_of_range,3864,0,0.0
medicine,2021,EMT_問卷_右瞳孔尺寸mm,3864,303,0.07841614906832298
medicine,2021,MISS_EMT_問卷_右瞳孔尺寸mm,3864,0,0.0
medicine,2021,MISSREASON_EMT_問卷_右瞳孔尺寸mm__source_missing,3864,0,0.0
medicine,2021,MISSREASON_EMT_問卷_右瞳孔尺寸mm__not_measured,3864,0,0.0
medicine,2021,MISSREASON_EMT_問卷_右瞳孔尺寸mm__sentinel,3864,0,0.0
medicine,2021,MISSREASON_EMT_問卷_右瞳孔尺寸mm__invalid_or_out_of_range,3864,0,0.0
medicine,2021,EMT_問卷_血糖值mgdl,3864,2838,0.734472049689441
medicine,2021,MISS_EMT_問卷_血糖值mgdl,3864,0,0.0
medicine,2021,MISSREASON_EMT_問卷_血糖值mgdl__source_missing,3864,0,0.0
medicine,2021,MISSREASON_EMT_問卷_血糖值mgdl__not_measured,3864,0,0.0
medicine,2021,MISSREASON_EMT_問卷_血糖值mgdl__sentinel,3864,0,0.0
medicine,2021,MISSREASON_EMT_問卷_血糖值mgdl__invalid_or_out_of_range,3864,0,0.0
medicine,2021,EMT_問卷_氧氣流量Lmin,3864,3194,0.8266045548654244
medicine,2021,MISS_EMT_問卷_氧氣流量Lmin,3864,0,0.0
medicine,2021,MISSREASON_EMT_問卷_氧氣流量Lmin__source_missing,3864,0,0.0
medicine,2021,MISSREASON_EMT_問卷_氧氣流量Lmin__not_measured,3864,0,0.0
medicine,2021,MISSREASON_EMT_問卷_氧氣流量Lmin__sentinel,3864,0,0.0
medicine,2021,MISSREASON_EMT_問卷_氧氣流量Lmin__invalid_or_out_of_range,3864,0,0.0
medicine,2021,EMT_問卷_靜脈輸液量ml,3864,3628,0.9389233954451346
medicine,2021,MISS_EMT_問卷_靜脈輸液量ml,3864,0,0.0
medicine,2021,MISSREASON_EMT_問卷_靜脈輸液量ml__source_missing,3864,0,0.0
medicine,2021,MISSREASON_EMT_問卷_靜脈輸液量ml__not_measured,3864,0,0.0
medicine,2021,MISSREASON_EMT_問卷_靜脈輸液量ml__sentinel,3864,0,0.0
medicine,2021,MISSREASON_EMT_問卷_靜脈輸液量ml__invalid_or_out_of_range,3864,0,0.0
medicine,2021,EMT_體重,3864,62,0.016045548654244308
medicine,2021,MISS_EMT_體重,3864,0,0.0
medicine,2021,MISSREASON_EMT_體重__source_missing,3864,0,0.0
medicine,2021,MISSREASON_EMT_體重__not_measured,3864,0,0.0
medicine,2021,MISSREASON_EMT_體重__sentinel,3864,0,0.0
medicine,2021,MISSREASON_EMT_體重__invalid_or_out_of_range,3864,0,0.0
medicine,2021,EMT_燒燙傷一級%,3864,0,0.0
medicine,2021,MISS_EMT_燒燙傷一級%,3864,0,0.0
medicine,2021,MISSREASON_EMT_燒燙傷一級%__source_missing,3864,0,0.0
medicine,2021,MISSREASON_EMT_燒燙傷一級%__not_measured,3864,0,0.0
medicine,2021,MISSREASON_EMT_燒燙傷一級%__sentinel,3864,0,0.0
medicine,2021,MISSREASON_EMT_燒燙傷一級%__invalid_or_out_of_range,3864,0,0.0
medicine,2021,EMT_燒燙傷二級%,3864,0,0.0
medicine,2021,MISS_EMT_燒燙傷二級%,3864,0,0.0
medicine,2021,MISSREASON_EMT_燒燙傷二級%__source_missing,3864,0,0.0
medicine,2021,MISSREASON_EMT_燒燙傷二級%__not_measured,3864,0,0.0
medicine,2021,MISSREASON_EMT_燒燙傷二級%__sentinel,3864,0,0.0
medicine,2021,MISSREASON_EMT_燒燙傷二級%__invalid_or_out_of_range,3864,0,0.0
medicine,2021,EMT_燒燙傷三級%,3864,0,0.0
medicine,2021,MISS_EMT_燒燙傷三級%,3864,0,0.0
medicine,2021,MISSREASON_EMT_燒燙傷三級%__source_missing,3864,0,0.0
medicine,2021,MISSREASON_EMT_燒燙傷三級%__not_measured,3864,0,0.0
medicine,2021,MISSREASON_EMT_燒燙傷三級%__sentinel,3864,0,0.0
medicine,2021,MISSREASON_EMT_燒燙傷三級%__invalid_or_out_of_range,3864,0,0.0
medicine,2021,EMT_燒燙傷總%,3864,0,0.0
medicine,2021,MISS_EMT_燒燙傷總%,3864,0,0.0
medicine,2021,MISSREASON_EMT_燒燙傷總%__source_missing,3864,0,0.0
medicine,2021,MISSREASON_EMT_燒燙傷總%__not_measured,3864,0,0.0
medicine,2021,MISSREASON_EMT_燒燙傷總%__sentinel,3864,0,0.0
medicine,2021,MISSREASON_EMT_燒燙傷總%__invalid_or_out_of_range,3864,0,0.0
medicine,2021,EMT_城市__台北,3864,0,0.0
medicine,2021,EMT_城市__新北,3864,0,0.0
medicine,2021,EMT_城市__OTHER_RARE,3864,0,0.0
medicine,2021,EMT_城市__MISSING,3864,0,0.0
medicine,2021,EMT_性別__女,3864,0,0.0
medicine,2021,EMT_性別__男,3864,0,0.0
medicine,2021,EMT_性別__OTHER_RARE,3864,0,0.0
medicine,2021,EMT_性別__MISSING,3864,0,0.0
medicine,2021,EMT_送醫路由__家屬指定送醫,3864,0,0.0
medicine,2021,EMT_送醫路由__就近適當,3864,0,0.0
medicine,2021,EMT_送醫路由__指揮中心,3864,0,0.0
medicine,2021,EMT_送醫路由__OTHER_RARE,3864,0,0.0
medicine,2021,EMT_送醫路由__MISSING,3864,0,0.0
medicine,2021,EMT_危急個案__0.0,3864,0,0.0
medicine,2021,EMT_危急個案__1.0,3864,0,0.0
medicine,2021,EMT_危急個案__OTHER_RARE,3864,0,0.0
medicine,2021,EMT_危急個案__MISSING,3864,0,0.0
medicine,2021,EMT_發生地區__三峽區,3864,0,0.0
medicine,2021,EMT_發生地區__三重區,3864,0,0.0
medicine,2021,EMT_發生地區__中和區,3864,0,0.0
medicine,2021,EMT_發生地區__土城區,3864,0,0.0
medicine,2021,EMT_發生地區__坪林區,3864,0,0.0
medicine,2021,EMT_發生地區__市文山區,3864,0,0.0
medicine,2021,EMT_發生地區__新店區,3864,0,0.0
medicine,2021,EMT_發生地區__新莊區,3864,0,0.0
medicine,2021,EMT_發生地區__板橋區,3864,0,0.0
medicine,2021,EMT_發生地區__樹林區,3864,0,0.0
medicine,2021,EMT_發生地區__永和區,3864,0,0.0
medicine,2021,EMT_發生地區__深坑區,3864,0,0.0
medicine,2021,EMT_發生地區__烏來區,3864,0,0.0
medicine,2021,EMT_發生地區__石碇區,3864,0,0.0
medicine,2021,EMT_發生地區__蘆洲區,3864,0,0.0
medicine,2021,EMT_發生地區__OTHER_RARE,3864,0,0.0
medicine,2021,EMT_發生地區__MISSING,3864,0,0.0
medicine,2021,EMT_距離_定位信心__Google地標,3864,0,0.0
medicine,2021,EMT_距離_定位信心__區內概略,3864,0,0.0
medicine,2021,EMT_距離_定位信心__國道概略,3864,0,0.0
medicine,2021,EMT_距離_定位信心__無,3864,0,0.0
medicine,2021,EMT_距離_定位信心__號,3864,0,0.0
medicine,2021,EMT_距離_定位信心__路名概略(OSM),3864,0,0.0
medicine,2021,EMT_距離_定位信心__路段中心,3864,0,0.0
medicine,2021,EMT_距離_定位信心__OTHER_RARE,3864,0,0.0
medicine,2021,EMT_距離_定位信心__MISSING,3864,0,0.0
medicine,2021,EMT_現場_意識__否,3864,0,0.0
medicine,2021,EMT_現場_意識__清,3864,0,0.0
medicine,2021,EMT_現場_意識__痛,3864,0,0.0
medicine,2021,EMT_現場_意識__聲,3864,0,0.0
medicine,2021,EMT_現場_意識__OTHER_RARE,3864,0,0.0
medicine,2021,EMT_現場_意識__MISSING,3864,0,0.0
medicine,2021,EMT_派遣分類__BLS,3864,0,0.0
medicine,2021,EMT_派遣分類__OTHER_RARE,3864,0,0.0
medicine,2021,EMT_派遣分類__MISSING,3864,0,0.0
medicine,2021,EMT_派遣原因__救護,3864,0,0.0
medicine,2021,EMT_派遣原因__救護-一般受傷,3864,0,0.0
medicine,2021,EMT_派遣原因__救護-其它,3864,0,0.0
medicine,2021,EMT_派遣原因__救護-割腕,3864,0,0.0
medicine,2021,EMT_派遣原因__救護-吞食藥物,3864,0,0.0
medicine,2021,EMT_派遣原因__救護-孕婦待產,3864,0,0.0
medicine,2021,EMT_派遣原因__救護-急病,3864,0,0.0
medicine,2021,EMT_派遣原因__救護-打架受傷,3864,0,0.0
medicine,2021,EMT_派遣原因__救護-精神異常,3864,0,0.0
medicine,2021,EMT_派遣原因__救護-路倒,3864,0,0.0
medicine,2021,EMT_派遣原因__救護-車禍,3864,0,0.0
medicine,2021,EMT_派遣原因__火警-集合住宅,3864,0,0.0
medicine,2021,EMT_派遣原因__緊急救援-其他,3864,0,0.0
medicine,2021,EMT_派遣原因__緊急救援-車禍救助,3864,0,0.0
medicine,2021,EMT_派遣原因__OTHER_RARE,3864,0,0.0
medicine,2021,EMT_派遣原因__MISSING,3864,0,0.0
medicine,2021,EMT_問卷_創傷導致的主訴群__肢體麻痺,3864,0,0.0
medicine,2021,EMT_問卷_創傷導致的主訴群__背部疼痛,3864,0,0.0
medicine,2021,EMT_問卷_創傷導致的主訴群__胸痛/悶,3864,0,0.0
medicine,2021,EMT_問卷_創傷導致的主訴群__OTHER_RARE,3864,0,0.0
medicine,2021,EMT_問卷_創傷導致的主訴群__MISSING,3864,0,0.0
medicine,2021,EMT_問卷_頸椎固定__GCS<15,3864,0,0.0
medicine,2021,EMT_問卷_頸椎固定__檢查無明顯異常,3864,0,0.0
medicine,2021,EMT_問卷_頸椎固定__肢體運動感覺異常,3864,0,0.0
medicine,2021,EMT_問卷_頸椎固定__轉向困難,3864,0,0.0
medicine,2021,EMT_問卷_頸椎固定__頸椎瘀青疼痛,3864,0,0.0
medicine,2021,EMT_問卷_頸椎固定__OTHER_RARE,3864,0,0.0
medicine,2021,EMT_問卷_頸椎固定__MISSING,3864,0,0.0
medicine,2021,EMT_問卷_膚色__其他,3864,0,0.0
medicine,2021,EMT_問卷_膚色__正常,3864,0,0.0
medicine,2021,EMT_問卷_膚色__溼冷,3864,0,0.0
medicine,2021,EMT_問卷_膚色__潮紅,3864,0,0.0
medicine,2021,EMT_問卷_膚色__發紺,3864,0,0.0
medicine,2021,EMT_問卷_膚色__蒼白,3864,0,0.0
medicine,2021,EMT_問卷_膚色__蒼白、溼冷,3864,0,0.0
medicine,2021,EMT_問卷_膚色__黃疸,3864,0,0.0
medicine,2021,EMT_問卷_膚色__OTHER_RARE,3864,0,0.0
medicine,2021,EMT_問卷_膚色__MISSING,3864,0,0.0
medicine,2021,EMT_問卷_左瞳孔光反射__+,3864,0,0.0
medicine,2021,EMT_問卷_左瞳孔光反射__-,3864,0,0.0
medicine,2021,EMT_問卷_左瞳孔光反射__無法測量,3864,0,0.0
medicine,2021,EMT_問卷_左瞳孔光反射__眼疾,3864,0,0.0
medicine,2021,EMT_問卷_左瞳孔光反射__OTHER_RARE,3864,0,0.0
medicine,2021,EMT_問卷_左瞳孔光反射__MISSING,3864,0,0.0
medicine,2021,EMT_問卷_右瞳孔光反射__+,3864,0,0.0
medicine,2021,EMT_問卷_右瞳孔光反射__-,3864,0,0.0
medicine,2021,EMT_問卷_右瞳孔光反射__無法測量,3864,0,0.0
medicine,2021,EMT_問卷_右瞳孔光反射__眼疾,3864,0,0.0
medicine,2021,EMT_問卷_右瞳孔光反射__OTHER_RARE,3864,0,0.0
medicine,2021,EMT_問卷_右瞳孔光反射__MISSING,3864,0,0.0
medicine,2021,EMT_問卷_氣管位置__其他,3864,0,0.0
medicine,2021,EMT_問卷_氣管位置__正常,3864,0,0.0
medicine,2021,EMT_問卷_氣管位置__OTHER_RARE,3864,0,0.0
medicine,2021,EMT_問卷_氣管位置__MISSING,3864,0,0.0
medicine,2021,EMT_問卷_頸靜脈怒張__其他,3864,0,0.0
medicine,2021,EMT_問卷_頸靜脈怒張__有,3864,0,0.0
medicine,2021,EMT_問卷_頸靜脈怒張__無,3864,0,0.0
medicine,2021,EMT_問卷_頸靜脈怒張__OTHER_RARE,3864,0,0.0
medicine,2021,EMT_問卷_頸靜脈怒張__MISSING,3864,0,0.0
medicine,2021,EMT_問卷_血糖狀態__High,3864,0,0.0
medicine,2021,EMT_問卷_血糖狀態__Low,3864,0,0.0
medicine,2021,EMT_問卷_血糖狀態__否,3864,0,0.0
medicine,2021,EMT_問卷_血糖狀態__否、其他,3864,0,0.0
medicine,2021,EMT_問卷_血糖狀態__否、創傷,3864,0,0.0
medicine,2021,EMT_問卷_血糖狀態__否、拒絕,3864,0,0.0
medicine,2021,EMT_問卷_血糖狀態__否、躁動,3864,0,0.0
medicine,2021,EMT_問卷_血糖狀態__血糖值紀錄,3864,0,0.0
medicine,2021,EMT_問卷_血糖狀態__OTHER_RARE,3864,0,0.0
medicine,2021,EMT_問卷_血糖狀態__MISSING,3864,0,0.0
medicine,2021,EMT_問卷_靜脈輸液種類__0.9%N.S.,3864,0,0.0
medicine,2021,EMT_問卷_靜脈輸液種類__5%G.W.,3864,0,0.0
medicine,2021,EMT_問卷_靜脈輸液種類__50%G.W.,3864,0,0.0
medicine,2021,EMT_問卷_靜脈輸液種類__IV,3864,0,0.0
medicine,2021,EMT_問卷_靜脈輸液種類__OTHER_RARE,3864,0,0.0
medicine,2021,EMT_問卷_靜脈輸液種類__MISSING,3864,0,0.0
medicine,2021,EMT_推定派遣類別__中毒/自傷,3864,0,0.0
medicine,2021,EMT_推定派遣類別__交通事故傷,3864,0,0.0
medicine,2021,EMT_推定派遣類別__內科急病,3864,0,0.0
medicine,2021,EMT_推定派遣類別__其他外傷,3864,0,0.0
medicine,2021,EMT_推定派遣類別__精神行為異常,3864,0,0.0
medicine,2021,EMT_推定派遣類別__路倒/無意識,3864,0,0.0
medicine,2021,EMT_推定派遣類別__OTHER_RARE,3864,0,0.0
medicine,2021,EMT_推定派遣類別__MISSING,3864,0,0.0
medicine,2021,EMT_有燒燙傷__False,3864,0,0.0
medicine,2021,EMT_有燒燙傷__True,3864,0,0.0
medicine,2021,EMT_有燒燙傷__OTHER_RARE,3864,0,0.0
medicine,2021,EMT_有燒燙傷__MISSING,3864,0,0.0
medicine,2021,EMT_心律臆斷__Atrial fibrillation,3864,0,0.0
medicine,2021,EMT_心律臆斷__Normal Sinus Rhythm,3864,0,0.0
medicine,2021,EMT_心律臆斷__ST段下降,3864,0,0.0
medicine,2021,EMT_心律臆斷__Sinus Bradycardia,3864,0,0.0
medicine,2021,EMT_心律臆斷__Sinus Tachycardia,3864,0,0.0
medicine,2021,EMT_心律臆斷__其他波形,3864,0,0.0
medicine,2021,EMT_心律臆斷__OTHER_RARE,3864,0,0.0
medicine,2021,EMT_心律臆斷__MISSING,3864,0,0.0
medicine,2021,"EMT_台北_創傷類型__創傷-一般外傷,肢體外傷,摔跌傷",3864,0,0.0
medicine,2021,"EMT_台北_創傷類型__創傷-一般外傷,頭部外傷,摔跌傷",3864,0,0.0
medicine,2021,EMT_台北_創傷類型__創傷-交通事故(機車),3864,0,0.0
medicine,2021,"EMT_台北_創傷類型__非創傷-一般疾病,噁心嘔吐腹瀉",3864,0,0.0
medicine,2021,"EMT_台北_創傷類型__非創傷-一般疾病,肢體無力",3864,0,0.0
medicine,2021,"EMT_台北_創傷類型__非創傷-一般疾病,頭痛頭暈昏倒昏厥",3864,0,0.0
medicine,2021,EMT_台北_創傷類型__非創傷-呼吸問題,3864,0,0.0
medicine,2021,EMT_台北_創傷類型__非創傷-昏迷,3864,0,0.0
medicine,2021,EMT_台北_創傷類型__非創傷-腹痛,3864,0,0.0
medicine,2021,EMT_台北_創傷類型__OTHER_RARE,3864,0,0.0
medicine,2021,EMT_台北_創傷類型__MISSING,3864,0,0.0
medicine,2021,EMT_特殊表類型__OHCA,3864,0,0.0
medicine,2021,EMT_特殊表類型__呼吸喘/慢/使用呼吸輔助肌肉,3864,0,0.0
medicine,2021,EMT_特殊表類型__心臟不適,3864,0,0.0
medicine,2021,EMT_特殊表類型__癲癇重積,3864,0,0.0
medicine,2021,EMT_特殊表類型__腦中風評估,3864,0,0.0
medicine,2021,EMT_特殊表類型__過敏性休克,3864,0,0.0
medicine,2021,EMT_特殊表類型__OTHER_RARE,3864,0,0.0
medicine,2021,EMT_特殊表類型__MISSING,3864,0,0.0
medicine,2021,EMT_台北_心梗登錄__OTHER_RARE,3864,0,0.0
medicine,2021,EMT_台北_心梗登錄__MISSING,3864,0,0.0
medicine,2021,EMT_台北_中風登錄__OTHER_RARE,3864,0,0.0
medicine,2021,EMT_台北_中風登錄__MISSING,3864,0,0.0
medicine,2021,EMT_台北_CPR停止登錄__OTHER_RARE,3864,0,0.0
medicine,2021,EMT_台北_CPR停止登錄__MISSING,3864,0,0.0
medicine,2021,EMT_問卷_交通事故患者__乘客,3864,0,0.0
medicine,2021,EMT_問卷_交通事故患者__行人,3864,0,0.0
medicine,2021,EMT_問卷_交通事故患者__駕駛,3864,0,0.0
medicine,2021,EMT_問卷_交通事故患者__OTHER_RARE,3864,0,0.0
medicine,2021,EMT_問卷_交通事故患者__MISSING,3864,0,0.0
medicine,2021,EMT_問卷_交通事故種類__人,3864,0,0.0
medicine,2021,EMT_問卷_交通事故種類__人、其他,3864,0,0.0
medicine,2021,EMT_問卷_交通事故種類__其他,3864,0,0.0
medicine,2021,EMT_問卷_交通事故種類__機車,3864,0,0.0
medicine,2021,EMT_問卷_交通事故種類__機車、人,3864,0,0.0
medicine,2021,EMT_問卷_交通事故種類__機車、人、其他,3864,0,0.0
medicine,2021,EMT_問卷_交通事故種類__機車、其他,3864,0,0.0
medicine,2021,EMT_問卷_交通事故種類__機車、腳踏車,3864,0,0.0
medicine,2021,EMT_問卷_交通事故種類__機車、腳踏車、其他,3864,0,0.0
medicine,2021,EMT_問卷_交通事故種類__汽車,3864,0,0.0
medicine,2021,EMT_問卷_交通事故種類__汽車、人,3864,0,0.0
medicine,2021,EMT_問卷_交通事故種類__汽車、人、其他,3864,0,0.0
medicine,2021,EMT_問卷_交通事故種類__汽車、其他,3864,0,0.0
medicine,2021,EMT_問卷_交通事故種類__汽車、機車,3864,0,0.0
medicine,2021,EMT_問卷_交通事故種類__汽車、機車、其他,3864,0,0.0
medicine,2021,EMT_問卷_交通事故種類__汽車、腳踏車,3864,0,0.0
medicine,2021,EMT_問卷_交通事故種類__腳踏車,3864,0,0.0
medicine,2021,EMT_問卷_交通事故種類__腳踏車、其他,3864,0,0.0
medicine,2021,EMT_問卷_交通事故種類__OTHER_RARE,3864,0,0.0
medicine,2021,EMT_問卷_交通事故種類__MISSING,3864,0,0.0
medicine,2021,EMT_問卷_保護裝置狀態__安全帶,3864,0,0.0
medicine,2021,EMT_問卷_保護裝置狀態__安全帽,3864,0,0.0
medicine,2021,EMT_問卷_保護裝置狀態__無,3864,0,0.0
medicine,2021,EMT_問卷_保護裝置狀態__OTHER_RARE,3864,0,0.0
medicine,2021,EMT_問卷_保護裝置狀態__MISSING,3864,0,0.0
medicine,2021,EMT_問卷_非交通事故種類__其他,3864,0,0.0
medicine,2021,EMT_問卷_非交通事故種類__切割,3864,0,0.0
medicine,2021,EMT_問卷_非交通事故種類__墜落,3864,0,0.0
medicine,2021,EMT_問卷_非交通事故種類__壓夾,3864,0,0.0
medicine,2021,EMT_問卷_非交通事故種類__撞擊,3864,0,0.0
medicine,2021,EMT_問卷_非交通事故種類__生物咬螫,3864,0,0.0
medicine,2021,EMT_問卷_非交通事故種類__跌摔,3864,0,0.0
medicine,2021,EMT_問卷_非交通事故種類__鈍毆,3864,0,0.0
medicine,2021,EMT_問卷_非交通事故種類__OTHER_RARE,3864,0,0.0
medicine,2021,EMT_問卷_非交通事故種類__MISSING,3864,0,0.0
medicine,2021,EMT_問卷_危急個案__否,3864,0,0.0
medicine,2021,EMT_問卷_危急個案__是,3864,0,0.0
medicine,2021,EMT_問卷_危急個案__OTHER_RARE,3864,0,0.0
medicine,2021,EMT_問卷_危急個案__MISSING,3864,0,0.0
medicine,2021,EMT_現場_意識_AVPU,3864,1,0.0002587991718426501
medicine,2021,EMT_過去病史__HIV(+),3864,0,0.0
medicine,2021,EMT_過去病史__不詳,3864,0,0.0
medicine,2021,EMT_過去病史__其他,3864,0,0.0
medicine,2021,EMT_過去病史__心臟疾病,3864,0,0.0
medicine,2021,EMT_過去病史__惡性腫瘤,3864,0,0.0
medicine,2021,EMT_過去病史__氣喘,3864,0,0.0
medicine,2021,EMT_過去病史__癲癇,3864,0,0.0
medicine,2021,EMT_過去病史__精神疾病,3864,0,0.0
medicine,2021,EMT_過去病史__糖尿病,3864,0,0.0
medicine,2021,EMT_過去病史__肝臟疾病,3864,0,0.0
medicine,2021,EMT_過去病史__肺臟疾病,3864,0,0.0
medicine,2021,EMT_過去病史__腎臟疾病,3864,0,0.0
medicine,2021,EMT_過去病史__腦血管疾病,3864,0,0.0
medicine,2021,EMT_過去病史__高血壓,3864,0,0.0
medicine,2021,EMT_過去病史__OTHER_RARE,3864,0,0.0
medicine,2021,EMT_過去病史__source_available,3864,0,0.0
medicine,2021,EMT_過去病史__explicit_none,3864,0,0.0
medicine,2021,EMT_過去病史__source_missing,3864,0,0.0
medicine,2021,EMT_過敏史__不清楚,3864,0,0.0
medicine,2021,EMT_過敏史__不詳,3864,0,0.0
medicine,2021,EMT_過敏史__其他,3864,0,0.0
medicine,2021,EMT_過敏史__藥物,3864,0,0.0
medicine,2021,EMT_過敏史__食物,3864,0,0.0
medicine,2021,EMT_過敏史__OTHER_RARE,3864,0,0.0
medicine,2021,EMT_過敏史__source_available,3864,0,0.0
medicine,2021,EMT_過敏史__explicit_none,3864,0,0.0
medicine,2021,EMT_過敏史__source_missing,3864,0,0.0
medicine,2021,EMT_主訴_結構化__OHCA,3864,0,0.0
medicine,2021,EMT_主訴_結構化__上腹痛,3864,0,0.0
medicine,2021,EMT_主訴_結構化__下腹痛,3864,0,0.0
medicine,2021,EMT_主訴_結構化__其他,3864,0,0.0
medicine,2021,EMT_主訴_結構化__冒冷汗,3864,0,0.0
medicine,2021,EMT_主訴_結構化__吐.咳血,3864,0,0.0
medicine,2021,EMT_主訴_結構化__呼吸喘.慢.使用輔助肌,3864,0,0.0
medicine,2021,EMT_主訴_結構化__呼吸道梗塞,3864,0,0.0
medicine,2021,EMT_主訴_結構化__嘔吐.噁心,3864,0,0.0
medicine,2021,EMT_主訴_結構化__心臟不適,3864,0,0.0
medicine,2021,EMT_主訴_結構化__急產,3864,0,0.0
medicine,2021,EMT_主訴_結構化__急產（接生）,3864,0,0.0
medicine,2021,EMT_主訴_結構化__挫.擦傷,3864,0,0.0
medicine,2021,EMT_主訴_結構化__撕裂.切割傷,3864,0,0.0
medicine,2021,EMT_主訴_結構化__斷肢,3864,0,0.0
medicine,2021,EMT_主訴_結構化__昏厥,3864,0,0.0
medicine,2021,EMT_主訴_結構化__無意識.意識不清,3864,0,0.0
medicine,2021,EMT_主訴_結構化__燒燙傷,3864,0,0.0
medicine,2021,EMT_主訴_結構化__疑似一氧化碳中毒,3864,0,0.0
medicine,2021,EMT_主訴_結構化__疑似毒物.氣中毒,3864,0,0.0
medicine,2021,EMT_主訴_結構化__疑似藥物過量,3864,0,0.0
medicine,2021,EMT_主訴_結構化__癲癇.抽搐,3864,0,0.0
medicine,2021,EMT_主訴_結構化__發燒.發冷,3864,0,0.0
medicine,2021,EMT_主訴_結構化__碎裂傷,3864,0,0.0
medicine,2021,EMT_主訴_結構化__穿刺傷,3864,0,0.0
medicine,2021,EMT_主訴_結構化__肢體無力,3864,0,0.0
medicine,2021,EMT_主訴_結構化__肢體疼痛,3864,0,0.0
medicine,2021,EMT_主訴_結構化__肢體麻痺,3864,0,0.0
medicine,2021,EMT_主訴_結構化__背.肩痛,3864,0,0.0
medicine,2021,EMT_主訴_結構化__胸痛.悶,3864,0,0.0
medicine,2021,EMT_主訴_結構化__腹瀉,3864,0,0.0
medicine,2021,EMT_主訴_結構化__虛弱,3864,0,0.0
medicine,2021,EMT_主訴_結構化__血便.尿,3864,0,0.0
medicine,2021,EMT_主訴_結構化__血腫,3864,0,0.0
medicine,2021,EMT_主訴_結構化__行為神智異常,3864,0,0.0
medicine,2021,EMT_主訴_結構化__過敏,3864,0,0.0
medicine,2021,EMT_主訴_結構化__非外傷出血,3864,0,0.0
medicine,2021,EMT_主訴_結構化__頭暈,3864,0,0.0
medicine,2021,EMT_主訴_結構化__頭痛,3864,0,0.0
medicine,2021,EMT_主訴_結構化__骨折.脫位,3864,0,0.0
medicine,2021,EMT_主訴_結構化__OTHER_RARE,3864,0,0.0
medicine,2021,EMT_主訴_結構化__source_available,3864,0,0.0
medicine,2021,EMT_主訴_結構化__explicit_none,3864,0,0.0
medicine,2021,EMT_主訴_結構化__source_missing,3864,0,0.0
medicine,2021,EMT_紅旗__DNR.放棄急救,3864,0,0.0
medicine,2021,EMT_紅旗__休克.低血壓,3864,0,0.0
medicine,2021,EMT_紅旗__呼吸窘迫.低血氧,3864,0,0.0
medicine,2021,EMT_紅旗__大出血,3864,0,0.0
medicine,2021,EMT_紅旗__心跳呼吸停止.PEA,3864,0,0.0
medicine,2021,EMT_紅旗__意識改變,3864,0,0.0
medicine,2021,EMT_紅旗__抽搐,3864,0,0.0
medicine,2021,EMT_紅旗__疑似中風,3864,0,0.0
medicine,2021,EMT_紅旗__胸痛疑似ACS,3864,0,0.0
medicine,2021,EMT_紅旗__OTHER_RARE,3864,0,0.0
medicine,2021,EMT_紅旗__source_available,3864,0,0.0
medicine,2021,EMT_紅旗__explicit_none,3864,0,0.0
medicine,2021,EMT_紅旗__source_missing,3864,0,0.0
medicine,2021,EMT_創傷機轉_合併__交通-機車,3864,0,0.0
medicine,2021,EMT_創傷機轉_合併__交通-汽車,3864,0,0.0
medicine,2021,EMT_創傷機轉_合併__交通-腳踏車,3864,0,0.0
medicine,2021,EMT_創傷機轉_合併__交通-行人,3864,0,0.0
medicine,2021,EMT_創傷機轉_合併__其他外傷,3864,0,0.0
medicine,2021,EMT_創傷機轉_合併__燒燙,3864,0,0.0
medicine,2021,EMT_創傷機轉_合併__生物咬螫,3864,0,0.0
medicine,2021,EMT_創傷機轉_合併__穿刺切割,3864,0,0.0
medicine,2021,EMT_創傷機轉_合併__跌落墜落,3864,0,0.0
medicine,2021,EMT_創傷機轉_合併__鈍傷撞擊,3864,0,0.0
medicine,2021,EMT_創傷機轉_合併__OTHER_RARE,3864,0,0.0
medicine,2021,EMT_創傷機轉_合併__source_available,3864,0,0.0
medicine,2021,EMT_創傷機轉_合併__explicit_none,3864,0,0.0
medicine,2021,EMT_創傷機轉_合併__source_missing,3864,0,0.0
medicine,2021,EMT_處置_合併__CPR,3864,0,0.0
medicine,2021,EMT_處置_合併__保暖,3864,0,0.0
medicine,2021,EMT_處置_合併__傷口處置,3864,0,0.0
medicine,2021,EMT_處置_合併__固定,3864,0,0.0
medicine,2021,EMT_處置_合併__心理支持,3864,0,0.0
medicine,2021,EMT_處置_合併__生命徵象監測,3864,0,0.0
medicine,2021,EMT_處置_合併__給氧,3864,0,0.0
medicine,2021,EMT_處置_合併__給藥,3864,0,0.0
medicine,2021,EMT_處置_合併__OTHER_RARE,3864,0,0.0
medicine,2021,EMT_處置_合併__source_available,3864,0,0.0
medicine,2021,EMT_處置_合併__explicit_none,3864,0,0.0
medicine,2021,EMT_處置_合併__source_missing,3864,0,0.0
medicine,2021,EMT_特殊表登錄_合併__ACS,3864,0,0.0
medicine,2021,EMT_特殊表登錄_合併__CVA,3864,0,0.0
medicine,2021,EMT_特殊表登錄_合併__OHCA,3864,0,0.0
medicine,2021,EMT_特殊表登錄_合併__呼吸窘迫,3864,0,0.0
medicine,2021,EMT_特殊表登錄_合併__癲癇重積,3864,0,0.0
medicine,2021,EMT_特殊表登錄_合併__過敏性休克,3864,0,0.0
medicine,2021,EMT_特殊表登錄_合併__OTHER_RARE,3864,0,0.0
medicine,2021,EMT_特殊表登錄_合併__source_available,3864,0,0.0
medicine,2021,EMT_特殊表登錄_合併__explicit_none,3864,0,0.0
medicine,2021,EMT_特殊表登錄_合併__source_missing,3864,0,0.0
medicine,2021,EMT_問卷_一般處置__下肢抬高,3864,0,0.0
medicine,2021,EMT_問卷_一般處置__保暖,3864,0,0.0
medicine,2021,EMT_問卷_一般處置__其他,3864,0,0.0
medicine,2021,EMT_問卷_一般處置__半坐臥,3864,0,0.0
medicine,2021,EMT_問卷_一般處置__心律監視,3864,0,0.0
medicine,2021,EMT_問卷_一般處置__心理支持,3864,0,0.0
medicine,2021,EMT_問卷_一般處置__生命徵象監測,3864,0,0.0
medicine,2021,EMT_問卷_一般處置__生產/左側臥,3864,0,0.0
medicine,2021,EMT_問卷_一般處置__OTHER_RARE,3864,0,0.0
medicine,2021,EMT_問卷_一般處置__source_available,3864,0,0.0
medicine,2021,EMT_問卷_一般處置__explicit_none,3864,0,0.0
medicine,2021,EMT_問卷_一般處置__source_missing,3864,0,0.0
medicine,2021,EMT_問卷_呼吸給氧裝置__NRM,3864,0,0.0
medicine,2021,EMT_問卷_呼吸給氧裝置__口咽呼吸道,3864,0,0.0
medicine,2021,EMT_問卷_呼吸給氧裝置__正壓給氧,3864,0,0.0
medicine,2021,EMT_問卷_呼吸給氧裝置__氧氣面罩,3864,0,0.0
medicine,2021,EMT_問卷_呼吸給氧裝置__氧氣鼻管,3864,0,0.0
medicine,2021,EMT_問卷_呼吸給氧裝置__鼻咽呼吸道,3864,0,0.0
medicine,2021,EMT_問卷_呼吸給氧裝置__OTHER_RARE,3864,0,0.0
medicine,2021,EMT_問卷_呼吸給氧裝置__source_available,3864,0,0.0
medicine,2021,EMT_問卷_呼吸給氧裝置__explicit_none,3864,0,0.0
medicine,2021,EMT_問卷_呼吸給氧裝置__source_missing,3864,0,0.0
medicine,2021,EMT_問卷_創傷處置__KED固定,3864,0,0.0
medicine,2021,EMT_問卷_創傷處置__包紮止血,3864,0,0.0
medicine,2021,EMT_問卷_創傷處置__夾板\三角巾,3864,0,0.0
medicine,2021,EMT_問卷_創傷處置__抽吸式護木,3864,0,0.0
medicine,2021,EMT_問卷_創傷處置__清洗傷口,3864,0,0.0
medicine,2021,EMT_問卷_創傷處置__長背板\頭部固定,3864,0,0.0
medicine,2021,EMT_問卷_創傷處置__頸圈,3864,0,0.0
medicine,2021,EMT_問卷_創傷處置__OTHER_RARE,3864,0,0.0
medicine,2021,EMT_問卷_創傷處置__source_available,3864,0,0.0
medicine,2021,EMT_問卷_創傷處置__explicit_none,3864,0,0.0
medicine,2021,EMT_問卷_創傷處置__source_missing,3864,0,0.0
medicine,2021,EMT_問卷_加護處置__0.9%N.S.,3864,0,0.0
medicine,2021,EMT_問卷_加護處置__5%G.W.,3864,0,0.0
medicine,2021,EMT_問卷_加護處置__50%G.W.,3864,0,0.0
medicine,2021,EMT_問卷_加護處置__Berotec支氣管擴張劑,3864,0,0.0
medicine,2021,EMT_問卷_加護處置__IV,3864,0,0.0
medicine,2021,EMT_問卷_加護處置__不建議AED電擊,3864,0,0.0
medicine,2021,EMT_問卷_加護處置__糖粉（水）,3864,0,0.0
medicine,2021,EMT_問卷_加護處置__OTHER_RARE,3864,0,0.0
medicine,2021,EMT_問卷_加護處置__source_available,3864,0,0.0
medicine,2021,EMT_問卷_加護處置__explicit_none,3864,0,0.0
medicine,2021,EMT_問卷_加護處置__source_missing,3864,0,0.0
medicine,2021,EMT_台北_呼吸處置__OTHER_RARE,3864,0,0.0
medicine,2021,EMT_台北_呼吸處置__source_available,3864,0,0.0
medicine,2021,EMT_台北_呼吸處置__explicit_none,3864,0,0.0
medicine,2021,EMT_台北_呼吸處置__source_missing,3864,0,0.0
medicine,2021,EMT_台北_CPR處置__OTHER_RARE,3864,0,0.0
medicine,2021,EMT_台北_CPR處置__source_available,3864,0,0.0
medicine,2021,EMT_台北_CPR處置__explicit_none,3864,0,0.0
medicine,2021,EMT_台北_CPR處置__source_missing,3864,0,0.0
medicine,2021,EMT_台北_藥物處置__OTHER_RARE,3864,0,0.0
medicine,2021,EMT_台北_藥物處置__source_available,3864,0,0.0
medicine,2021,EMT_台北_藥物處置__explicit_none,3864,0,0.0
medicine,2021,EMT_台北_藥物處置__source_missing,3864,0,0.0
medicine,2021,EMT_台北_創傷處置__包紮,3864,0,0.0
medicine,2021,EMT_台北_創傷處置__止血,3864,0,0.0
medicine,2021,EMT_台北_創傷處置__清洗傷口,3864,0,0.0
medicine,2021,EMT_台北_創傷處置__OTHER_RARE,3864,0,0.0
medicine,2021,EMT_台北_創傷處置__source_available,3864,0,0.0
medicine,2021,EMT_台北_創傷處置__explicit_none,3864,0,0.0
medicine,2021,EMT_台北_創傷處置__source_missing,3864,0,0.0
medicine,2021,EMT_台北_後送姿勢__半坐臥,3864,0,0.0
medicine,2021,EMT_台北_後送姿勢__平躺,3864,0,0.0
medicine,2021,EMT_台北_後送姿勢__OTHER_RARE,3864,0,0.0
medicine,2021,EMT_台北_後送姿勢__source_available,3864,0,0.0
medicine,2021,EMT_台北_後送姿勢__explicit_none,3864,0,0.0
medicine,2021,EMT_台北_後送姿勢__source_missing,3864,0,0.0
medicine,2021,EMT_台北_其他處置__保暖,3864,0,0.0
medicine,2021,EMT_台北_其他處置__心理支持,3864,0,0.0
medicine,2021,EMT_台北_其他處置__OTHER_RARE,3864,0,0.0
medicine,2021,EMT_台北_其他處置__source_available,3864,0,0.0
medicine,2021,EMT_台北_其他處置__explicit_none,3864,0,0.0
medicine,2021,EMT_台北_其他處置__source_missing,3864,0,0.0
medicine,2021,EMT_台北_給藥__OTHER_RARE,3864,0,0.0
medicine,2021,EMT_台北_給藥__source_available,3864,0,0.0
medicine,2021,EMT_台北_給藥__explicit_none,3864,0,0.0
medicine,2021,EMT_台北_給藥__source_missing,3864,0,0.0
medicine,2021,EMT_補述_紅旗__DNR.放棄急救,3864,0,0.0
medicine,2021,EMT_補述_紅旗__休克.低血壓,3864,0,0.0
medicine,2021,EMT_補述_紅旗__呼吸窘迫.低血氧,3864,0,0.0
medicine,2021,EMT_補述_紅旗__大出血,3864,0,0.0
medicine,2021,EMT_補述_紅旗__心跳呼吸停止.PEA,3864,0,0.0
medicine,2021,EMT_補述_紅旗__意識改變,3864,0,0.0
medicine,2021,EMT_補述_紅旗__抽搐,3864,0,0.0
medicine,2021,EMT_補述_紅旗__疑似中風,3864,0,0.0
medicine,2021,EMT_補述_紅旗__胸痛疑似ACS,3864,0,0.0
medicine,2021,EMT_補述_紅旗__OTHER_RARE,3864,0,0.0
medicine,2021,EMT_補述_紅旗__source_available,3864,0,0.0
medicine,2021,EMT_補述_紅旗__explicit_none,3864,0,0.0
medicine,2021,EMT_補述_紅旗__source_missing,3864,0,0.0
medicine,2021,EMT_問卷_過去病史__HIV(+),3864,0,0.0
medicine,2021,EMT_問卷_過去病史__不詳,3864,0,0.0
medicine,2021,EMT_問卷_過去病史__其他,3864,0,0.0
medicine,2021,EMT_問卷_過去病史__心臟疾病,3864,0,0.0
medicine,2021,EMT_問卷_過去病史__惡性腫瘤,3864,0,0.0
medicine,2021,EMT_問卷_過去病史__氣喘,3864,0,0.0
medicine,2021,EMT_問卷_過去病史__癲癇,3864,0,0.0
medicine,2021,EMT_問卷_過去病史__精神疾病,3864,0,0.0
medicine,2021,EMT_問卷_過去病史__糖尿病,3864,0,0.0
medicine,2021,EMT_問卷_過去病史__肝臟疾病,3864,0,0.0
medicine,2021,EMT_問卷_過去病史__肺臟疾病,3864,0,0.0
medicine,2021,EMT_問卷_過去病史__腎臟疾病,3864,0,0.0
medicine,2021,EMT_問卷_過去病史__腦血管疾病,3864,0,0.0
medicine,2021,EMT_問卷_過去病史__高血壓,3864,0,0.0
medicine,2021,EMT_問卷_過去病史__OTHER_RARE,3864,0,0.0
medicine,2021,EMT_問卷_過去病史__source_available,3864,0,0.0
medicine,2021,EMT_問卷_過去病史__explicit_none,3864,0,0.0
medicine,2021,EMT_問卷_過去病史__source_missing,3864,0,0.0
medicine,2021,EMT_問卷_過敏史__不詳,3864,0,0.0
medicine,2021,EMT_問卷_過敏史__其他,3864,0,0.0
medicine,2021,EMT_問卷_過敏史__藥物,3864,0,0.0
medicine,2021,EMT_問卷_過敏史__食物,3864,0,0.0
medicine,2021,EMT_問卷_過敏史__OTHER_RARE,3864,0,0.0
medicine,2021,EMT_問卷_過敏史__source_available,3864,0,0.0
medicine,2021,EMT_問卷_過敏史__explicit_none,3864,0,0.0
medicine,2021,EMT_問卷_過敏史__source_missing,3864,0,0.0
medicine,2021,has_oxygen,3864,3194,0.8266045548654244
medicine,2021,has_ventilatory_support,3864,3189,0.8253105590062112
medicine,2021,has_airway_adjunct,3864,3189,0.8253105590062112
medicine,2021,has_advanced_airway,3864,3189,0.8253105590062112
medicine,2021,has_ALS_procedure,3864,3595,0.9303830227743272
medicine,2021,EMT_現場_收縮壓_ord,3864,57,0.014751552795031056
medicine,2021,EMT_現場_收縮壓_for_score,3864,355,0.09187370600414078
medicine,2021,EMT_車上_收縮壓_for_score,3864,370,0.09575569358178054
medicine,2021,EMT_現場_收縮壓_unmeasurable,3864,0,0.0
medicine,2021,EMT_車上_收縮壓_unmeasurable,3864,0,0.0
medicine,2021,MISS_EMT_現場_收縮壓_for_score,3864,0,0.0
medicine,2021,MISS_EMT_車上_收縮壓_for_score,3864,0,0.0
medicine,2021,prehosp_sbp,3864,347,0.08980331262939958
medicine,2021,prehosp_dbp,3864,474,0.12267080745341614
medicine,2021,prehosp_hr,3864,362,0.09368530020703934
medicine,2021,prehosp_rr,3864,362,0.09368530020703934
medicine,2021,prehosp_spo2,3864,363,0.09394409937888198
medicine,2021,prehosp_bt,3864,362,0.09368530020703934
medicine,2021,prehosp_gcs,3864,404,0.10455486542443064
medicine,2021,prehosp_gcs_e,3864,404,0.10455486542443064
medicine,2021,prehosp_gcs_v,3864,404,0.10455486542443064
medicine,2021,prehosp_gcs_m,3864,404,0.10455486542443064
medicine,2021,is_OHCA_hr0,3864,0,0.0
medicine,2021,現場時間,3864,0,0.0
medicine,2021,運送時間,3864,0,0.0
medicine,2021,派遣時間,3864,5,0.0012939958592132505
medicine,2021,總到院前時間,3864,5,0.0012939958592132505
medicine,2021,MISS_現場時間,3864,0,0.0
medicine,2021,MISS_運送時間,3864,0,0.0
medicine,2021,MISS_派遣時間,3864,0,0.0
medicine,2021,MISS_總到院前時間,3864,0,0.0
medicine,2021,MAP,3864,474,0.12267080745341614
medicine,2021,MISS_MAP,3864,0,0.0
medicine,2021,SI,3864,362,0.09368530020703934
medicine,2021,MISS_SI,3864,0,0.0
medicine,2021,mSI,3864,474,0.12267080745341614
medicine,2021,MISS_mSI,3864,0,0.0
medicine,2021,aSI,3864,363,0.09394409937888198
medicine,2021,MISS_aSI,3864,0,0.0
medicine,2021,rSI,3864,362,0.09368530020703934
medicine,2021,MISS_rSI,3864,0,0.0
medicine,2021,rSIG,3864,404,0.10455486542443064
medicine,2021,MISS_rSIG,3864,0,0.0
medicine,2021,rSIG_Age,3864,405,0.1048136645962733
medicine,2021,MISS_rSIG_Age,3864,0,0.0
medicine,2021,SI_G,3864,404,0.10455486542443064
medicine,2021,MISS_SI_G,3864,0,0.0
medicine,2021,SIA_G,3864,405,0.1048136645962733
medicine,2021,MISS_SIA_G,3864,0,0.0
medicine,2021,SIAVPU,3864,362,0.09368530020703934
medicine,2021,MISS_SIAVPU,3864,0,0.0
medicine,2021,sMS,3864,404,0.10455486542443064
medicine,2021,MISS_sMS,3864,0,0.0
medicine,2021,rSI_sMS,3864,404,0.10455486542443064
medicine,2021,MISS_rSI_sMS,3864,0,0.0
medicine,2021,rSI_GCS,3864,404,0.10455486542443064
medicine,2021,MISS_rSI_GCS,3864,0,0.0
medicine,2021,rSI_GCSM,3864,404,0.10455486542443064
medicine,2021,MISS_rSI_GCSM,3864,0,0.0
medicine,2021,qSOFA,3864,362,0.09368530020703934
medicine,2021,qSOFA_available,3864,0,0.0
medicine,2021,qSOFA_observed_components,3864,0,0.0
medicine,2021,qSOFA_required_components,3864,0,0.0
medicine,2021,MISS_qSOFA,3864,0,0.0
medicine,2021,NEWS2,3864,3209,0.8304865424430642
medicine,2021,NEWS2_available,3864,0,0.0
medicine,2021,NEWS2_observed_components,3864,0,0.0
medicine,2021,NEWS2_required_components,3864,0,0.0
medicine,2021,MISS_NEWS2,3864,0,0.0
medicine,2021,MEWS,3864,362,0.09368530020703934
medicine,2021,MEWS_available,3864,0,0.0
medicine,2021,MEWS_observed_components,3864,0,0.0
medicine,2021,MEWS_required_components,3864,0,0.0
medicine,2021,MISS_MEWS,3864,0,0.0
medicine,2021,REMS,3864,516,0.13354037267080746
medicine,2021,REMS_available,3864,0,0.0
medicine,2021,REMS_observed_components,3864,0,0.0
medicine,2021,REMS_required_components,3864,0,0.0
medicine,2021,MISS_REMS,3864,0,0.0
medicine,2021,RTS,3864,404,0.10455486542443064
medicine,2021,RTS_available,3864,0,0.0
medicine,2021,RTS_observed_components,3864,0,0.0
medicine,2021,RTS_required_components,3864,0,0.0
medicine,2021,MISS_RTS,3864,0,0.0
medicine,2021,kw_ohca,3864,0,0.0
medicine,2021,kw_chest_pain,3864,0,0.0
medicine,2021,kw_dyspnea,3864,0,0.0
medicine,2021,kw_bleeding,3864,0,0.0
medicine,2021,kw_stroke,3864,0,0.0
medicine,2021,kw_trauma,3864,0,0.0
medicine,2021,kw_seizure,3864,0,0.0
medicine,2021,kw_unconscious,3864,0,0.0
medicine,2021,is_text_missing,3864,0,0.0
medicine,2021,text_source_count,3864,0,0.0
medicine,2021,text_char_count,3864,0,0.0
medicine,2022,EMT_年齡,4444,2,0.00045004500450045
medicine,2022,MISS_EMT_年齡,4444,0,0.0
medicine,2022,MISSREASON_EMT_年齡__source_missing,4444,0,0.0
medicine,2022,MISSREASON_EMT_年齡__not_measured,4444,0,0.0
medicine,2022,MISSREASON_EMT_年齡__sentinel,4444,0,0.0
medicine,2022,MISSREASON_EMT_年齡__invalid_or_out_of_range,4444,0,0.0
medicine,2022,EMT_發生地點_到慈濟_開車km,4444,2,0.00045004500450045
medicine,2022,MISS_EMT_發生地點_到慈濟_開車km,4444,0,0.0
medicine,2022,MISSREASON_EMT_發生地點_到慈濟_開車km__source_missing,4444,0,0.0
medicine,2022,MISSREASON_EMT_發生地點_到慈濟_開車km__not_measured,4444,0,0.0
medicine,2022,MISSREASON_EMT_發生地點_到慈濟_開車km__sentinel,4444,0,0.0
medicine,2022,MISSREASON_EMT_發生地點_到慈濟_開車km__invalid_or_out_of_range,4444,0,0.0
medicine,2022,EMT_發生地點_到慈濟_直線km,4444,2,0.00045004500450045
medicine,2022,MISS_EMT_發生地點_到慈濟_直線km,4444,0,0.0
medicine,2022,MISSREASON_EMT_發生地點_到慈濟_直線km__source_missing,4444,0,0.0
medicine,2022,MISSREASON_EMT_發生地點_到慈濟_直線km__not_measured,4444,0,0.0
medicine,2022,MISSREASON_EMT_發生地點_到慈濟_直線km__sentinel,4444,0,0.0
medicine,2022,MISSREASON_EMT_發生地點_到慈濟_直線km__invalid_or_out_of_range,4444,0,0.0
medicine,2022,EMT_反應時間分,4444,9,0.0020252025202520253
medicine,2022,MISS_EMT_反應時間分,4444,0,0.0
medicine,2022,MISSREASON_EMT_反應時間分__source_missing,4444,0,0.0
medicine,2022,MISSREASON_EMT_反應時間分__not_measured,4444,0,0.0
medicine,2022,MISSREASON_EMT_反應時間分__sentinel,4444,0,0.0
medicine,2022,MISSREASON_EMT_反應時間分__invalid_or_out_of_range,4444,0,0.0
medicine,2022,EMT_現場停留分,4444,0,0.0
medicine,2022,MISS_EMT_現場停留分,4444,0,0.0
medicine,2022,MISSREASON_EMT_現場停留分__source_missing,4444,0,0.0
medicine,2022,MISSREASON_EMT_現場停留分__not_measured,4444,0,0.0
medicine,2022,MISSREASON_EMT_現場停留分__sentinel,4444,0,0.0
medicine,2022,MISSREASON_EMT_現場停留分__invalid_or_out_of_range,4444,0,0.0
medicine,2022,EMT_送醫途中分,4444,0,0.0
medicine,2022,MISS_EMT_送醫途中分,4444,0,0.0
medicine,2022,MISSREASON_EMT_送醫途中分__source_missing,4444,0,0.0
medicine,2022,MISSREASON_EMT_送醫途中分__not_measured,4444,0,0.0
medicine,2022,MISSREASON_EMT_送醫途中分__sentinel,4444,0,0.0
medicine,2022,MISSREASON_EMT_送醫途中分__invalid_or_out_of_range,4444,0,0.0
medicine,2022,EMT_現場_舒張壓,4444,4444,1.0
medicine,2022,MISS_EMT_現場_舒張壓,4444,0,0.0
medicine,2022,MISSREASON_EMT_現場_舒張壓__source_missing,4444,0,0.0
medicine,2022,MISSREASON_EMT_現場_舒張壓__not_measured,4444,0,0.0
medicine,2022,MISSREASON_EMT_現場_舒張壓__sentinel,4444,0,0.0
medicine,2022,MISSREASON_EMT_現場_舒張壓__invalid_or_out_of_range,4444,0,0.0
medicine,2022,EMT_現場_脈搏,4444,285,0.06413141314131413
medicine,2022,MISS_EMT_現場_脈搏,4444,0,0.0
medicine,2022,MISSREASON_EMT_現場_脈搏__source_missing,4444,0,0.0
medicine,2022,MISSREASON_EMT_現場_脈搏__not_measured,4444,0,0.0
medicine,2022,MISSREASON_EMT_現場_脈搏__sentinel,4444,0,0.0
medicine,2022,MISSREASON_EMT_現場_脈搏__invalid_or_out_of_range,4444,0,0.0
medicine,2022,EMT_現場_呼吸,4444,283,0.06368136813681369
medicine,2022,MISS_EMT_現場_呼吸,4444,0,0.0
medicine,2022,MISSREASON_EMT_現場_呼吸__source_missing,4444,0,0.0
medicine,2022,MISSREASON_EMT_現場_呼吸__not_measured,4444,0,0.0
medicine,2022,MISSREASON_EMT_現場_呼吸__sentinel,4444,0,0.0
medicine,2022,MISSREASON_EMT_現場_呼吸__invalid_or_out_of_range,4444,0,0.0
medicine,2022,EMT_現場_SPO2,4444,292,0.06570657065706571
medicine,2022,MISS_EMT_現場_SPO2,4444,0,0.0
medicine,2022,MISSREASON_EMT_現場_SPO2__source_missing,4444,0,0.0
medicine,2022,MISSREASON_EMT_現場_SPO2__not_measured,4444,0,0.0
medicine,2022,MISSREASON_EMT_現場_SPO2__sentinel,4444,0,0.0
medicine,2022,MISSREASON_EMT_現場_SPO2__invalid_or_out_of_range,4444,0,0.0
medicine,2022,EMT_現場_體溫,4444,290,0.06525652565256526
medicine,2022,MISS_EMT_現場_體溫,4444,0,0.0
medicine,2022,MISSREASON_EMT_現場_體溫__source_missing,4444,0,0.0
medicine,2022,MISSREASON_EMT_現場_體溫__not_measured,4444,0,0.0
medicine,2022,MISSREASON_EMT_現場_體溫__sentinel,4444,0,0.0
medicine,2022,MISSREASON_EMT_現場_體溫__invalid_or_out_of_range,4444,0,0.0
medicine,2022,EMT_現場_GCS,4444,328,0.0738073807380738
medicine,2022,MISS_EMT_現場_GCS,4444,0,0.0
medicine,2022,MISSREASON_EMT_現場_GCS__source_missing,4444,0,0.0
medicine,2022,MISSREASON_EMT_現場_GCS__not_measured,4444,0,0.0
medicine,2022,MISSREASON_EMT_現場_GCS__sentinel,4444,0,0.0
medicine,2022,MISSREASON_EMT_現場_GCS__invalid_or_out_of_range,4444,0,0.0
medicine,2022,EMT_現場_GCS_E,4444,328,0.0738073807380738
medicine,2022,MISS_EMT_現場_GCS_E,4444,0,0.0
medicine,2022,MISSREASON_EMT_現場_GCS_E__source_missing,4444,0,0.0
medicine,2022,MISSREASON_EMT_現場_GCS_E__not_measured,4444,0,0.0
medicine,2022,MISSREASON_EMT_現場_GCS_E__sentinel,4444,0,0.0
medicine,2022,MISSREASON_EMT_現場_GCS_E__invalid_or_out_of_range,4444,0,0.0
medicine,2022,EMT_現場_GCS_V,4444,328,0.0738073807380738
medicine,2022,MISS_EMT_現場_GCS_V,4444,0,0.0
medicine,2022,MISSREASON_EMT_現場_GCS_V__source_missing,4444,0,0.0
medicine,2022,MISSREASON_EMT_現場_GCS_V__not_measured,4444,0,0.0
medicine,2022,MISSREASON_EMT_現場_GCS_V__sentinel,4444,0,0.0
medicine,2022,MISSREASON_EMT_現場_GCS_V__invalid_or_out_of_range,4444,0,0.0
medicine,2022,EMT_現場_GCS_M,4444,328,0.0738073807380738
medicine,2022,MISS_EMT_現場_GCS_M,4444,0,0.0
medicine,2022,MISSREASON_EMT_現場_GCS_M__source_missing,4444,0,0.0
medicine,2022,MISSREASON_EMT_現場_GCS_M__not_measured,4444,0,0.0
medicine,2022,MISSREASON_EMT_現場_GCS_M__sentinel,4444,0,0.0
medicine,2022,MISSREASON_EMT_現場_GCS_M__invalid_or_out_of_range,4444,0,0.0
medicine,2022,EMT_車上_舒張壓,4444,483,0.10868586858685869
medicine,2022,MISS_EMT_車上_舒張壓,4444,0,0.0
medicine,2022,MISSREASON_EMT_車上_舒張壓__source_missing,4444,0,0.0
medicine,2022,MISSREASON_EMT_車上_舒張壓__not_measured,4444,0,0.0
medicine,2022,MISSREASON_EMT_車上_舒張壓__sentinel,4444,0,0.0
medicine,2022,MISSREASON_EMT_車上_舒張壓__invalid_or_out_of_range,4444,0,0.0
medicine,2022,EMT_車上_脈搏,4444,366,0.08235823582358236
medicine,2022,MISS_EMT_車上_脈搏,4444,0,0.0
medicine,2022,MISSREASON_EMT_車上_脈搏__source_missing,4444,0,0.0
medicine,2022,MISSREASON_EMT_車上_脈搏__not_measured,4444,0,0.0
medicine,2022,MISSREASON_EMT_車上_脈搏__sentinel,4444,0,0.0
medicine,2022,MISSREASON_EMT_車上_脈搏__invalid_or_out_of_range,4444,0,0.0
medicine,2022,EMT_車上_呼吸,4444,366,0.08235823582358236
medicine,2022,MISS_EMT_車上_呼吸,4444,0,0.0
medicine,2022,MISSREASON_EMT_車上_呼吸__source_missing,4444,0,0.0
medicine,2022,MISSREASON_EMT_車上_呼吸__not_measured,4444,0,0.0
medicine,2022,MISSREASON_EMT_車上_呼吸__sentinel,4444,0,0.0
medicine,2022,MISSREASON_EMT_車上_呼吸__invalid_or_out_of_range,4444,0,0.0
medicine,2022,EMT_車上_SPO2,4444,366,0.08235823582358236
medicine,2022,MISS_EMT_車上_SPO2,4444,0,0.0
medicine,2022,MISSREASON_EMT_車上_SPO2__source_missing,4444,0,0.0
medicine,2022,MISSREASON_EMT_車上_SPO2__not_measured,4444,0,0.0
medicine,2022,MISSREASON_EMT_車上_SPO2__sentinel,4444,0,0.0
medicine,2022,MISSREASON_EMT_車上_SPO2__invalid_or_out_of_range,4444,0,0.0
medicine,2022,EMT_車上_體溫,4444,367,0.08258325832583259
medicine,2022,MISS_EMT_車上_體溫,4444,0,0.0
medicine,2022,MISSREASON_EMT_車上_體溫__source_missing,4444,0,0.0
medicine,2022,MISSREASON_EMT_車上_體溫__not_measured,4444,0,0.0
medicine,2022,MISSREASON_EMT_車上_體溫__sentinel,4444,0,0.0
medicine,2022,MISSREASON_EMT_車上_體溫__invalid_or_out_of_range,4444,0,0.0
medicine,2022,EMT_車上_GCS,4444,359,0.08078307830783078
medicine,2022,MISS_EMT_車上_GCS,4444,0,0.0
medicine,2022,MISSREASON_EMT_車上_GCS__source_missing,4444,0,0.0
medicine,2022,MISSREASON_EMT_車上_GCS__not_measured,4444,0,0.0
medicine,2022,MISSREASON_EMT_車上_GCS__sentinel,4444,0,0.0
medicine,2022,MISSREASON_EMT_車上_GCS__invalid_or_out_of_range,4444,0,0.0
medicine,2022,EMT_車上_GCS_E,4444,359,0.08078307830783078
medicine,2022,MISS_EMT_車上_GCS_E,4444,0,0.0
medicine,2022,MISSREASON_EMT_車上_GCS_E__source_missing,4444,0,0.0
medicine,2022,MISSREASON_EMT_車上_GCS_E__not_measured,4444,0,0.0
medicine,2022,MISSREASON_EMT_車上_GCS_E__sentinel,4444,0,0.0
medicine,2022,MISSREASON_EMT_車上_GCS_E__invalid_or_out_of_range,4444,0,0.0
medicine,2022,EMT_車上_GCS_V,4444,359,0.08078307830783078
medicine,2022,MISS_EMT_車上_GCS_V,4444,0,0.0
medicine,2022,MISSREASON_EMT_車上_GCS_V__source_missing,4444,0,0.0
medicine,2022,MISSREASON_EMT_車上_GCS_V__not_measured,4444,0,0.0
medicine,2022,MISSREASON_EMT_車上_GCS_V__sentinel,4444,0,0.0
medicine,2022,MISSREASON_EMT_車上_GCS_V__invalid_or_out_of_range,4444,0,0.0
medicine,2022,EMT_車上_GCS_M,4444,359,0.08078307830783078
medicine,2022,MISS_EMT_車上_GCS_M,4444,0,0.0
medicine,2022,MISSREASON_EMT_車上_GCS_M__source_missing,4444,0,0.0
medicine,2022,MISSREASON_EMT_車上_GCS_M__not_measured,4444,0,0.0
medicine,2022,MISSREASON_EMT_車上_GCS_M__sentinel,4444,0,0.0
medicine,2022,MISSREASON_EMT_車上_GCS_M__invalid_or_out_of_range,4444,0,0.0
medicine,2022,EMT_生命徵象量測次數,4444,58,0.013051305130513051
medicine,2022,MISS_EMT_生命徵象量測次數,4444,0,0.0
medicine,2022,MISSREASON_EMT_生命徵象量測次數__source_missing,4444,0,0.0
medicine,2022,MISSREASON_EMT_生命徵象量測次數__not_measured,4444,0,0.0
medicine,2022,MISSREASON_EMT_生命徵象量測次數__sentinel,4444,0,0.0
medicine,2022,MISSREASON_EMT_生命徵象量測次數__invalid_or_out_of_range,4444,0,0.0
medicine,2022,EMT_問卷_疼痛指數,4444,2267,0.5101260126012601
medicine,2022,MISS_EMT_問卷_疼痛指數,4444,0,0.0
medicine,2022,MISSREASON_EMT_問卷_疼痛指數__source_missing,4444,0,0.0
medicine,2022,MISSREASON_EMT_問卷_疼痛指數__not_measured,4444,0,0.0
medicine,2022,MISSREASON_EMT_問卷_疼痛指數__sentinel,4444,0,0.0
medicine,2022,MISSREASON_EMT_問卷_疼痛指數__invalid_or_out_of_range,4444,0,0.0
medicine,2022,EMT_問卷_左瞳孔尺寸mm,4444,317,0.07133213321332134
medicine,2022,MISS_EMT_問卷_左瞳孔尺寸mm,4444,0,0.0
medicine,2022,MISSREASON_EMT_問卷_左瞳孔尺寸mm__source_missing,4444,0,0.0
medicine,2022,MISSREASON_EMT_問卷_左瞳孔尺寸mm__not_measured,4444,0,0.0
medicine,2022,MISSREASON_EMT_問卷_左瞳孔尺寸mm__sentinel,4444,0,0.0
medicine,2022,MISSREASON_EMT_問卷_左瞳孔尺寸mm__invalid_or_out_of_range,4444,0,0.0
medicine,2022,EMT_問卷_右瞳孔尺寸mm,4444,317,0.07133213321332134
medicine,2022,MISS_EMT_問卷_右瞳孔尺寸mm,4444,0,0.0
medicine,2022,MISSREASON_EMT_問卷_右瞳孔尺寸mm__source_missing,4444,0,0.0
medicine,2022,MISSREASON_EMT_問卷_右瞳孔尺寸mm__not_measured,4444,0,0.0
medicine,2022,MISSREASON_EMT_問卷_右瞳孔尺寸mm__sentinel,4444,0,0.0
medicine,2022,MISSREASON_EMT_問卷_右瞳孔尺寸mm__invalid_or_out_of_range,4444,0,0.0
medicine,2022,EMT_問卷_血糖值mgdl,4444,3270,0.7358235823582359
medicine,2022,MISS_EMT_問卷_血糖值mgdl,4444,0,0.0
medicine,2022,MISSREASON_EMT_問卷_血糖值mgdl__source_missing,4444,0,0.0
medicine,2022,MISSREASON_EMT_問卷_血糖值mgdl__not_measured,4444,0,0.0
medicine,2022,MISSREASON_EMT_問卷_血糖值mgdl__sentinel,4444,0,0.0
medicine,2022,MISSREASON_EMT_問卷_血糖值mgdl__invalid_or_out_of_range,4444,0,0.0
medicine,2022,EMT_問卷_氧氣流量Lmin,4444,3601,0.8103060306030603
medicine,2022,MISS_EMT_問卷_氧氣流量Lmin,4444,0,0.0
medicine,2022,MISSREASON_EMT_問卷_氧氣流量Lmin__source_missing,4444,0,0.0
medicine,2022,MISSREASON_EMT_問卷_氧氣流量Lmin__not_measured,4444,0,0.0
medicine,2022,MISSREASON_EMT_問卷_氧氣流量Lmin__sentinel,4444,0,0.0
medicine,2022,MISSREASON_EMT_問卷_氧氣流量Lmin__invalid_or_out_of_range,4444,0,0.0
medicine,2022,EMT_問卷_靜脈輸液量ml,4444,4129,0.9291179117911791
medicine,2022,MISS_EMT_問卷_靜脈輸液量ml,4444,0,0.0
medicine,2022,MISSREASON_EMT_問卷_靜脈輸液量ml__source_missing,4444,0,0.0
medicine,2022,MISSREASON_EMT_問卷_靜脈輸液量ml__not_measured,4444,0,0.0
medicine,2022,MISSREASON_EMT_問卷_靜脈輸液量ml__sentinel,4444,0,0.0
medicine,2022,MISSREASON_EMT_問卷_靜脈輸液量ml__invalid_or_out_of_range,4444,0,0.0
medicine,2022,EMT_體重,4444,143,0.03217821782178218
medicine,2022,MISS_EMT_體重,4444,0,0.0
medicine,2022,MISSREASON_EMT_體重__source_missing,4444,0,0.0
medicine,2022,MISSREASON_EMT_體重__not_measured,4444,0,0.0
medicine,2022,MISSREASON_EMT_體重__sentinel,4444,0,0.0
medicine,2022,MISSREASON_EMT_體重__invalid_or_out_of_range,4444,0,0.0
medicine,2022,EMT_燒燙傷一級%,4444,58,0.013051305130513051
medicine,2022,MISS_EMT_燒燙傷一級%,4444,0,0.0
medicine,2022,MISSREASON_EMT_燒燙傷一級%__source_missing,4444,0,0.0
medicine,2022,MISSREASON_EMT_燒燙傷一級%__not_measured,4444,0,0.0
medicine,2022,MISSREASON_EMT_燒燙傷一級%__sentinel,4444,0,0.0
medicine,2022,MISSREASON_EMT_燒燙傷一級%__invalid_or_out_of_range,4444,0,0.0
medicine,2022,EMT_燒燙傷二級%,4444,58,0.013051305130513051
medicine,2022,MISS_EMT_燒燙傷二級%,4444,0,0.0
medicine,2022,MISSREASON_EMT_燒燙傷二級%__source_missing,4444,0,0.0
medicine,2022,MISSREASON_EMT_燒燙傷二級%__not_measured,4444,0,0.0
medicine,2022,MISSREASON_EMT_燒燙傷二級%__sentinel,4444,0,0.0
medicine,2022,MISSREASON_EMT_燒燙傷二級%__invalid_or_out_of_range,4444,0,0.0
medicine,2022,EMT_燒燙傷三級%,4444,58,0.013051305130513051
medicine,2022,MISS_EMT_燒燙傷三級%,4444,0,0.0
medicine,2022,MISSREASON_EMT_燒燙傷三級%__source_missing,4444,0,0.0
medicine,2022,MISSREASON_EMT_燒燙傷三級%__not_measured,4444,0,0.0
medicine,2022,MISSREASON_EMT_燒燙傷三級%__sentinel,4444,0,0.0
medicine,2022,MISSREASON_EMT_燒燙傷三級%__invalid_or_out_of_range,4444,0,0.0
medicine,2022,EMT_燒燙傷總%,4444,58,0.013051305130513051
medicine,2022,MISS_EMT_燒燙傷總%,4444,0,0.0
medicine,2022,MISSREASON_EMT_燒燙傷總%__source_missing,4444,0,0.0
medicine,2022,MISSREASON_EMT_燒燙傷總%__not_measured,4444,0,0.0
medicine,2022,MISSREASON_EMT_燒燙傷總%__sentinel,4444,0,0.0
medicine,2022,MISSREASON_EMT_燒燙傷總%__invalid_or_out_of_range,4444,0,0.0
medicine,2022,EMT_城市__台北,4444,0,0.0
medicine,2022,EMT_城市__新北,4444,0,0.0
medicine,2022,EMT_城市__OTHER_RARE,4444,0,0.0
medicine,2022,EMT_城市__MISSING,4444,0,0.0
medicine,2022,EMT_性別__女,4444,0,0.0
medicine,2022,EMT_性別__男,4444,0,0.0
medicine,2022,EMT_性別__OTHER_RARE,4444,0,0.0
medicine,2022,EMT_性別__MISSING,4444,0,0.0
medicine,2022,EMT_送醫路由__家屬指定送醫,4444,0,0.0
medicine,2022,EMT_送醫路由__就近適當,4444,0,0.0
medicine,2022,EMT_送醫路由__指揮中心,4444,0,0.0
medicine,2022,EMT_送醫路由__OTHER_RARE,4444,0,0.0
medicine,2022,EMT_送醫路由__MISSING,4444,0,0.0
medicine,2022,EMT_危急個案__0.0,4444,0,0.0
medicine,2022,EMT_危急個案__1.0,4444,0,0.0
medicine,2022,EMT_危急個案__OTHER_RARE,4444,0,0.0
medicine,2022,EMT_危急個案__MISSING,4444,0,0.0
medicine,2022,EMT_發生地區__三峽區,4444,0,0.0
medicine,2022,EMT_發生地區__三重區,4444,0,0.0
medicine,2022,EMT_發生地區__中和區,4444,0,0.0
medicine,2022,EMT_發生地區__土城區,4444,0,0.0
medicine,2022,EMT_發生地區__坪林區,4444,0,0.0
medicine,2022,EMT_發生地區__市文山區,4444,0,0.0
medicine,2022,EMT_發生地區__新店區,4444,0,0.0
medicine,2022,EMT_發生地區__新莊區,4444,0,0.0
medicine,2022,EMT_發生地區__板橋區,4444,0,0.0
medicine,2022,EMT_發生地區__樹林區,4444,0,0.0
medicine,2022,EMT_發生地區__永和區,4444,0,0.0
medicine,2022,EMT_發生地區__深坑區,4444,0,0.0
medicine,2022,EMT_發生地區__烏來區,4444,0,0.0
medicine,2022,EMT_發生地區__石碇區,4444,0,0.0
medicine,2022,EMT_發生地區__蘆洲區,4444,0,0.0
medicine,2022,EMT_發生地區__OTHER_RARE,4444,0,0.0
medicine,2022,EMT_發生地區__MISSING,4444,0,0.0
medicine,2022,EMT_距離_定位信心__Google地標,4444,0,0.0
medicine,2022,EMT_距離_定位信心__區內概略,4444,0,0.0
medicine,2022,EMT_距離_定位信心__國道概略,4444,0,0.0
medicine,2022,EMT_距離_定位信心__無,4444,0,0.0
medicine,2022,EMT_距離_定位信心__號,4444,0,0.0
medicine,2022,EMT_距離_定位信心__路名概略(OSM),4444,0,0.0
medicine,2022,EMT_距離_定位信心__路段中心,4444,0,0.0
medicine,2022,EMT_距離_定位信心__OTHER_RARE,4444,0,0.0
medicine,2022,EMT_距離_定位信心__MISSING,4444,0,0.0
medicine,2022,EMT_現場_意識__否,4444,0,0.0
medicine,2022,EMT_現場_意識__清,4444,0,0.0
medicine,2022,EMT_現場_意識__痛,4444,0,0.0
medicine,2022,EMT_現場_意識__聲,4444,0,0.0
medicine,2022,EMT_現場_意識__OTHER_RARE,4444,0,0.0
medicine,2022,EMT_現場_意識__MISSING,4444,0,0.0
medicine,2022,EMT_派遣分類__BLS,4444,0,0.0
medicine,2022,EMT_派遣分類__OTHER_RARE,4444,0,0.0
medicine,2022,EMT_派遣分類__MISSING,4444,0,0.0
medicine,2022,EMT_派遣原因__救護,4444,0,0.0
medicine,2022,EMT_派遣原因__救護-一般受傷,4444,0,0.0
medicine,2022,EMT_派遣原因__救護-其它,4444,0,0.0
medicine,2022,EMT_派遣原因__救護-割腕,4444,0,0.0
medicine,2022,EMT_派遣原因__救護-吞食藥物,4444,0,0.0
medicine,2022,EMT_派遣原因__救護-孕婦待產,4444,0,0.0
medicine,2022,EMT_派遣原因__救護-急病,4444,0,0.0
medicine,2022,EMT_派遣原因__救護-打架受傷,4444,0,0.0
medicine,2022,EMT_派遣原因__救護-精神異常,4444,0,0.0
medicine,2022,EMT_派遣原因__救護-路倒,4444,0,0.0
medicine,2022,EMT_派遣原因__救護-車禍,4444,0,0.0
medicine,2022,EMT_派遣原因__火警-集合住宅,4444,0,0.0
medicine,2022,EMT_派遣原因__緊急救援-其他,4444,0,0.0
medicine,2022,EMT_派遣原因__緊急救援-車禍救助,4444,0,0.0
medicine,2022,EMT_派遣原因__OTHER_RARE,4444,0,0.0
medicine,2022,EMT_派遣原因__MISSING,4444,0,0.0
medicine,2022,EMT_問卷_創傷導致的主訴群__肢體麻痺,4444,0,0.0
medicine,2022,EMT_問卷_創傷導致的主訴群__背部疼痛,4444,0,0.0
medicine,2022,EMT_問卷_創傷導致的主訴群__胸痛/悶,4444,0,0.0
medicine,2022,EMT_問卷_創傷導致的主訴群__OTHER_RARE,4444,0,0.0
medicine,2022,EMT_問卷_創傷導致的主訴群__MISSING,4444,0,0.0
medicine,2022,EMT_問卷_頸椎固定__GCS<15,4444,0,0.0
medicine,2022,EMT_問卷_頸椎固定__檢查無明顯異常,4444,0,0.0
medicine,2022,EMT_問卷_頸椎固定__肢體運動感覺異常,4444,0,0.0
medicine,2022,EMT_問卷_頸椎固定__轉向困難,4444,0,0.0
medicine,2022,EMT_問卷_頸椎固定__頸椎瘀青疼痛,4444,0,0.0
medicine,2022,EMT_問卷_頸椎固定__OTHER_RARE,4444,0,0.0
medicine,2022,EMT_問卷_頸椎固定__MISSING,4444,0,0.0
medicine,2022,EMT_問卷_膚色__其他,4444,0,0.0
medicine,2022,EMT_問卷_膚色__正常,4444,0,0.0
medicine,2022,EMT_問卷_膚色__溼冷,4444,0,0.0
medicine,2022,EMT_問卷_膚色__潮紅,4444,0,0.0
medicine,2022,EMT_問卷_膚色__發紺,4444,0,0.0
medicine,2022,EMT_問卷_膚色__蒼白,4444,0,0.0
medicine,2022,EMT_問卷_膚色__蒼白、溼冷,4444,0,0.0
medicine,2022,EMT_問卷_膚色__黃疸,4444,0,0.0
medicine,2022,EMT_問卷_膚色__OTHER_RARE,4444,0,0.0
medicine,2022,EMT_問卷_膚色__MISSING,4444,0,0.0
medicine,2022,EMT_問卷_左瞳孔光反射__+,4444,0,0.0
medicine,2022,EMT_問卷_左瞳孔光反射__-,4444,0,0.0
medicine,2022,EMT_問卷_左瞳孔光反射__無法測量,4444,0,0.0
medicine,2022,EMT_問卷_左瞳孔光反射__眼疾,4444,0,0.0
medicine,2022,EMT_問卷_左瞳孔光反射__OTHER_RARE,4444,0,0.0
medicine,2022,EMT_問卷_左瞳孔光反射__MISSING,4444,0,0.0
medicine,2022,EMT_問卷_右瞳孔光反射__+,4444,0,0.0
medicine,2022,EMT_問卷_右瞳孔光反射__-,4444,0,0.0
medicine,2022,EMT_問卷_右瞳孔光反射__無法測量,4444,0,0.0
medicine,2022,EMT_問卷_右瞳孔光反射__眼疾,4444,0,0.0
medicine,2022,EMT_問卷_右瞳孔光反射__OTHER_RARE,4444,0,0.0
medicine,2022,EMT_問卷_右瞳孔光反射__MISSING,4444,0,0.0
medicine,2022,EMT_問卷_氣管位置__其他,4444,0,0.0
medicine,2022,EMT_問卷_氣管位置__正常,4444,0,0.0
medicine,2022,EMT_問卷_氣管位置__OTHER_RARE,4444,0,0.0
medicine,2022,EMT_問卷_氣管位置__MISSING,4444,0,0.0
medicine,2022,EMT_問卷_頸靜脈怒張__其他,4444,0,0.0
medicine,2022,EMT_問卷_頸靜脈怒張__有,4444,0,0.0
medicine,2022,EMT_問卷_頸靜脈怒張__無,4444,0,0.0
medicine,2022,EMT_問卷_頸靜脈怒張__OTHER_RARE,4444,0,0.0
medicine,2022,EMT_問卷_頸靜脈怒張__MISSING,4444,0,0.0
medicine,2022,EMT_問卷_血糖狀態__High,4444,0,0.0
medicine,2022,EMT_問卷_血糖狀態__Low,4444,0,0.0
medicine,2022,EMT_問卷_血糖狀態__否,4444,0,0.0
medicine,2022,EMT_問卷_血糖狀態__否、其他,4444,0,0.0
medicine,2022,EMT_問卷_血糖狀態__否、創傷,4444,0,0.0
medicine,2022,EMT_問卷_血糖狀態__否、拒絕,4444,0,0.0
medicine,2022,EMT_問卷_血糖狀態__否、躁動,4444,0,0.0
medicine,2022,EMT_問卷_血糖狀態__血糖值紀錄,4444,0,0.0
medicine,2022,EMT_問卷_血糖狀態__OTHER_RARE,4444,0,0.0
medicine,2022,EMT_問卷_血糖狀態__MISSING,4444,0,0.0
medicine,2022,EMT_問卷_靜脈輸液種類__0.9%N.S.,4444,0,0.0
medicine,2022,EMT_問卷_靜脈輸液種類__5%G.W.,4444,0,0.0
medicine,2022,EMT_問卷_靜脈輸液種類__50%G.W.,4444,0,0.0
medicine,2022,EMT_問卷_靜脈輸液種類__IV,4444,0,0.0
medicine,2022,EMT_問卷_靜脈輸液種類__OTHER_RARE,4444,0,0.0
medicine,2022,EMT_問卷_靜脈輸液種類__MISSING,4444,0,0.0
medicine,2022,EMT_推定派遣類別__中毒/自傷,4444,0,0.0
medicine,2022,EMT_推定派遣類別__交通事故傷,4444,0,0.0
medicine,2022,EMT_推定派遣類別__內科急病,4444,0,0.0
medicine,2022,EMT_推定派遣類別__其他外傷,4444,0,0.0
medicine,2022,EMT_推定派遣類別__精神行為異常,4444,0,0.0
medicine,2022,EMT_推定派遣類別__路倒/無意識,4444,0,0.0
medicine,2022,EMT_推定派遣類別__OTHER_RARE,4444,0,0.0
medicine,2022,EMT_推定派遣類別__MISSING,4444,0,0.0
medicine,2022,EMT_有燒燙傷__False,4444,0,0.0
medicine,2022,EMT_有燒燙傷__True,4444,0,0.0
medicine,2022,EMT_有燒燙傷__OTHER_RARE,4444,0,0.0
medicine,2022,EMT_有燒燙傷__MISSING,4444,0,0.0
medicine,2022,EMT_心律臆斷__Atrial fibrillation,4444,0,0.0
medicine,2022,EMT_心律臆斷__Normal Sinus Rhythm,4444,0,0.0
medicine,2022,EMT_心律臆斷__ST段下降,4444,0,0.0
medicine,2022,EMT_心律臆斷__Sinus Bradycardia,4444,0,0.0
medicine,2022,EMT_心律臆斷__Sinus Tachycardia,4444,0,0.0
medicine,2022,EMT_心律臆斷__其他波形,4444,0,0.0
medicine,2022,EMT_心律臆斷__OTHER_RARE,4444,0,0.0
medicine,2022,EMT_心律臆斷__MISSING,4444,0,0.0
medicine,2022,"EMT_台北_創傷類型__創傷-一般外傷,肢體外傷,摔跌傷",4444,0,0.0
medicine,2022,"EMT_台北_創傷類型__創傷-一般外傷,頭部外傷,摔跌傷",4444,0,0.0
medicine,2022,EMT_台北_創傷類型__創傷-交通事故(機車),4444,0,0.0
medicine,2022,"EMT_台北_創傷類型__非創傷-一般疾病,噁心嘔吐腹瀉",4444,0,0.0
medicine,2022,"EMT_台北_創傷類型__非創傷-一般疾病,肢體無力",4444,0,0.0
medicine,2022,"EMT_台北_創傷類型__非創傷-一般疾病,頭痛頭暈昏倒昏厥",4444,0,0.0
medicine,2022,EMT_台北_創傷類型__非創傷-呼吸問題,4444,0,0.0
medicine,2022,EMT_台北_創傷類型__非創傷-昏迷,4444,0,0.0
medicine,2022,EMT_台北_創傷類型__非創傷-腹痛,4444,0,0.0
medicine,2022,EMT_台北_創傷類型__OTHER_RARE,4444,0,0.0
medicine,2022,EMT_台北_創傷類型__MISSING,4444,0,0.0
medicine,2022,EMT_特殊表類型__OHCA,4444,0,0.0
medicine,2022,EMT_特殊表類型__呼吸喘/慢/使用呼吸輔助肌肉,4444,0,0.0
medicine,2022,EMT_特殊表類型__心臟不適,4444,0,0.0
medicine,2022,EMT_特殊表類型__癲癇重積,4444,0,0.0
medicine,2022,EMT_特殊表類型__腦中風評估,4444,0,0.0
medicine,2022,EMT_特殊表類型__過敏性休克,4444,0,0.0
medicine,2022,EMT_特殊表類型__OTHER_RARE,4444,0,0.0
medicine,2022,EMT_特殊表類型__MISSING,4444,0,0.0
medicine,2022,EMT_台北_心梗登錄__OTHER_RARE,4444,0,0.0
medicine,2022,EMT_台北_心梗登錄__MISSING,4444,0,0.0
medicine,2022,EMT_台北_中風登錄__OTHER_RARE,4444,0,0.0
medicine,2022,EMT_台北_中風登錄__MISSING,4444,0,0.0
medicine,2022,EMT_台北_CPR停止登錄__OTHER_RARE,4444,0,0.0
medicine,2022,EMT_台北_CPR停止登錄__MISSING,4444,0,0.0
medicine,2022,EMT_問卷_交通事故患者__乘客,4444,0,0.0
medicine,2022,EMT_問卷_交通事故患者__行人,4444,0,0.0
medicine,2022,EMT_問卷_交通事故患者__駕駛,4444,0,0.0
medicine,2022,EMT_問卷_交通事故患者__OTHER_RARE,4444,0,0.0
medicine,2022,EMT_問卷_交通事故患者__MISSING,4444,0,0.0
medicine,2022,EMT_問卷_交通事故種類__人,4444,0,0.0
medicine,2022,EMT_問卷_交通事故種類__人、其他,4444,0,0.0
medicine,2022,EMT_問卷_交通事故種類__其他,4444,0,0.0
medicine,2022,EMT_問卷_交通事故種類__機車,4444,0,0.0
medicine,2022,EMT_問卷_交通事故種類__機車、人,4444,0,0.0
medicine,2022,EMT_問卷_交通事故種類__機車、人、其他,4444,0,0.0
medicine,2022,EMT_問卷_交通事故種類__機車、其他,4444,0,0.0
medicine,2022,EMT_問卷_交通事故種類__機車、腳踏車,4444,0,0.0
medicine,2022,EMT_問卷_交通事故種類__機車、腳踏車、其他,4444,0,0.0
medicine,2022,EMT_問卷_交通事故種類__汽車,4444,0,0.0
medicine,2022,EMT_問卷_交通事故種類__汽車、人,4444,0,0.0
medicine,2022,EMT_問卷_交通事故種類__汽車、人、其他,4444,0,0.0
medicine,2022,EMT_問卷_交通事故種類__汽車、其他,4444,0,0.0
medicine,2022,EMT_問卷_交通事故種類__汽車、機車,4444,0,0.0
medicine,2022,EMT_問卷_交通事故種類__汽車、機車、其他,4444,0,0.0
medicine,2022,EMT_問卷_交通事故種類__汽車、腳踏車,4444,0,0.0
medicine,2022,EMT_問卷_交通事故種類__腳踏車,4444,0,0.0
medicine,2022,EMT_問卷_交通事故種類__腳踏車、其他,4444,0,0.0
medicine,2022,EMT_問卷_交通事故種類__OTHER_RARE,4444,0,0.0
medicine,2022,EMT_問卷_交通事故種類__MISSING,4444,0,0.0
medicine,2022,EMT_問卷_保護裝置狀態__安全帶,4444,0,0.0
medicine,2022,EMT_問卷_保護裝置狀態__安全帽,4444,0,0.0
medicine,2022,EMT_問卷_保護裝置狀態__無,4444,0,0.0
medicine,2022,EMT_問卷_保護裝置狀態__OTHER_RARE,4444,0,0.0
medicine,2022,EMT_問卷_保護裝置狀態__MISSING,4444,0,0.0
medicine,2022,EMT_問卷_非交通事故種類__其他,4444,0,0.0
medicine,2022,EMT_問卷_非交通事故種類__切割,4444,0,0.0
medicine,2022,EMT_問卷_非交通事故種類__墜落,4444,0,0.0
medicine,2022,EMT_問卷_非交通事故種類__壓夾,4444,0,0.0
medicine,2022,EMT_問卷_非交通事故種類__撞擊,4444,0,0.0
medicine,2022,EMT_問卷_非交通事故種類__生物咬螫,4444,0,0.0
medicine,2022,EMT_問卷_非交通事故種類__跌摔,4444,0,0.0
medicine,2022,EMT_問卷_非交通事故種類__鈍毆,4444,0,0.0
medicine,2022,EMT_問卷_非交通事故種類__OTHER_RARE,4444,0,0.0
medicine,2022,EMT_問卷_非交通事故種類__MISSING,4444,0,0.0
medicine,2022,EMT_問卷_危急個案__否,4444,0,0.0
medicine,2022,EMT_問卷_危急個案__是,4444,0,0.0
medicine,2022,EMT_問卷_危急個案__OTHER_RARE,4444,0,0.0
medicine,2022,EMT_問卷_危急個案__MISSING,4444,0,0.0
medicine,2022,EMT_現場_意識_AVPU,4444,6,0.0013501350135013501
medicine,2022,EMT_過去病史__HIV(+),4444,0,0.0
medicine,2022,EMT_過去病史__不詳,4444,0,0.0
medicine,2022,EMT_過去病史__其他,4444,0,0.0
medicine,2022,EMT_過去病史__心臟疾病,4444,0,0.0
medicine,2022,EMT_過去病史__惡性腫瘤,4444,0,0.0
medicine,2022,EMT_過去病史__氣喘,4444,0,0.0
medicine,2022,EMT_過去病史__癲癇,4444,0,0.0
medicine,2022,EMT_過去病史__精神疾病,4444,0,0.0
medicine,2022,EMT_過去病史__糖尿病,4444,0,0.0
medicine,2022,EMT_過去病史__肝臟疾病,4444,0,0.0
medicine,2022,EMT_過去病史__肺臟疾病,4444,0,0.0
medicine,2022,EMT_過去病史__腎臟疾病,4444,0,0.0
medicine,2022,EMT_過去病史__腦血管疾病,4444,0,0.0
medicine,2022,EMT_過去病史__高血壓,4444,0,0.0
medicine,2022,EMT_過去病史__OTHER_RARE,4444,0,0.0
medicine,2022,EMT_過去病史__source_available,4444,0,0.0
medicine,2022,EMT_過去病史__explicit_none,4444,0,0.0
medicine,2022,EMT_過去病史__source_missing,4444,0,0.0
medicine,2022,EMT_過敏史__不清楚,4444,0,0.0
medicine,2022,EMT_過敏史__不詳,4444,0,0.0
medicine,2022,EMT_過敏史__其他,4444,0,0.0
medicine,2022,EMT_過敏史__藥物,4444,0,0.0
medicine,2022,EMT_過敏史__食物,4444,0,0.0
medicine,2022,EMT_過敏史__OTHER_RARE,4444,0,0.0
medicine,2022,EMT_過敏史__source_available,4444,0,0.0
medicine,2022,EMT_過敏史__explicit_none,4444,0,0.0
medicine,2022,EMT_過敏史__source_missing,4444,0,0.0
medicine,2022,EMT_主訴_結構化__OHCA,4444,0,0.0
medicine,2022,EMT_主訴_結構化__上腹痛,4444,0,0.0
medicine,2022,EMT_主訴_結構化__下腹痛,4444,0,0.0
medicine,2022,EMT_主訴_結構化__其他,4444,0,0.0
medicine,2022,EMT_主訴_結構化__冒冷汗,4444,0,0.0
medicine,2022,EMT_主訴_結構化__吐.咳血,4444,0,0.0
medicine,2022,EMT_主訴_結構化__呼吸喘.慢.使用輔助肌,4444,0,0.0
medicine,2022,EMT_主訴_結構化__呼吸道梗塞,4444,0,0.0
medicine,2022,EMT_主訴_結構化__嘔吐.噁心,4444,0,0.0
medicine,2022,EMT_主訴_結構化__心臟不適,4444,0,0.0
medicine,2022,EMT_主訴_結構化__急產,4444,0,0.0
medicine,2022,EMT_主訴_結構化__急產（接生）,4444,0,0.0
medicine,2022,EMT_主訴_結構化__挫.擦傷,4444,0,0.0
medicine,2022,EMT_主訴_結構化__撕裂.切割傷,4444,0,0.0
medicine,2022,EMT_主訴_結構化__斷肢,4444,0,0.0
medicine,2022,EMT_主訴_結構化__昏厥,4444,0,0.0
medicine,2022,EMT_主訴_結構化__無意識.意識不清,4444,0,0.0
medicine,2022,EMT_主訴_結構化__燒燙傷,4444,0,0.0
medicine,2022,EMT_主訴_結構化__疑似一氧化碳中毒,4444,0,0.0
medicine,2022,EMT_主訴_結構化__疑似毒物.氣中毒,4444,0,0.0
medicine,2022,EMT_主訴_結構化__疑似藥物過量,4444,0,0.0
medicine,2022,EMT_主訴_結構化__癲癇.抽搐,4444,0,0.0
medicine,2022,EMT_主訴_結構化__發燒.發冷,4444,0,0.0
medicine,2022,EMT_主訴_結構化__碎裂傷,4444,0,0.0
medicine,2022,EMT_主訴_結構化__穿刺傷,4444,0,0.0
medicine,2022,EMT_主訴_結構化__肢體無力,4444,0,0.0
medicine,2022,EMT_主訴_結構化__肢體疼痛,4444,0,0.0
medicine,2022,EMT_主訴_結構化__肢體麻痺,4444,0,0.0
medicine,2022,EMT_主訴_結構化__背.肩痛,4444,0,0.0
medicine,2022,EMT_主訴_結構化__胸痛.悶,4444,0,0.0
medicine,2022,EMT_主訴_結構化__腹瀉,4444,0,0.0
medicine,2022,EMT_主訴_結構化__虛弱,4444,0,0.0
medicine,2022,EMT_主訴_結構化__血便.尿,4444,0,0.0
medicine,2022,EMT_主訴_結構化__血腫,4444,0,0.0
medicine,2022,EMT_主訴_結構化__行為神智異常,4444,0,0.0
medicine,2022,EMT_主訴_結構化__過敏,4444,0,0.0
medicine,2022,EMT_主訴_結構化__非外傷出血,4444,0,0.0
medicine,2022,EMT_主訴_結構化__頭暈,4444,0,0.0
medicine,2022,EMT_主訴_結構化__頭痛,4444,0,0.0
medicine,2022,EMT_主訴_結構化__骨折.脫位,4444,0,0.0
medicine,2022,EMT_主訴_結構化__OTHER_RARE,4444,0,0.0
medicine,2022,EMT_主訴_結構化__source_available,4444,0,0.0
medicine,2022,EMT_主訴_結構化__explicit_none,4444,0,0.0
medicine,2022,EMT_主訴_結構化__source_missing,4444,0,0.0
medicine,2022,EMT_紅旗__DNR.放棄急救,4444,0,0.0
medicine,2022,EMT_紅旗__休克.低血壓,4444,0,0.0
medicine,2022,EMT_紅旗__呼吸窘迫.低血氧,4444,0,0.0
medicine,2022,EMT_紅旗__大出血,4444,0,0.0
medicine,2022,EMT_紅旗__心跳呼吸停止.PEA,4444,0,0.0
medicine,2022,EMT_紅旗__意識改變,4444,0,0.0
medicine,2022,EMT_紅旗__抽搐,4444,0,0.0
medicine,2022,EMT_紅旗__疑似中風,4444,0,0.0
medicine,2022,EMT_紅旗__胸痛疑似ACS,4444,0,0.0
medicine,2022,EMT_紅旗__OTHER_RARE,4444,0,0.0
medicine,2022,EMT_紅旗__source_available,4444,0,0.0
medicine,2022,EMT_紅旗__explicit_none,4444,0,0.0
medicine,2022,EMT_紅旗__source_missing,4444,0,0.0
medicine,2022,EMT_創傷機轉_合併__交通-機車,4444,0,0.0
medicine,2022,EMT_創傷機轉_合併__交通-汽車,4444,0,0.0
medicine,2022,EMT_創傷機轉_合併__交通-腳踏車,4444,0,0.0
medicine,2022,EMT_創傷機轉_合併__交通-行人,4444,0,0.0
medicine,2022,EMT_創傷機轉_合併__其他外傷,4444,0,0.0
medicine,2022,EMT_創傷機轉_合併__燒燙,4444,0,0.0
medicine,2022,EMT_創傷機轉_合併__生物咬螫,4444,0,0.0
medicine,2022,EMT_創傷機轉_合併__穿刺切割,4444,0,0.0
medicine,2022,EMT_創傷機轉_合併__跌落墜落,4444,0,0.0
medicine,2022,EMT_創傷機轉_合併__鈍傷撞擊,4444,0,0.0
medicine,2022,EMT_創傷機轉_合併__OTHER_RARE,4444,0,0.0
medicine,2022,EMT_創傷機轉_合併__source_available,4444,0,0.0
medicine,2022,EMT_創傷機轉_合併__explicit_none,4444,0,0.0
medicine,2022,EMT_創傷機轉_合併__source_missing,4444,0,0.0
medicine,2022,EMT_處置_合併__CPR,4444,0,0.0
medicine,2022,EMT_處置_合併__保暖,4444,0,0.0
medicine,2022,EMT_處置_合併__傷口處置,4444,0,0.0
medicine,2022,EMT_處置_合併__固定,4444,0,0.0
medicine,2022,EMT_處置_合併__心理支持,4444,0,0.0
medicine,2022,EMT_處置_合併__生命徵象監測,4444,0,0.0
medicine,2022,EMT_處置_合併__給氧,4444,0,0.0
medicine,2022,EMT_處置_合併__給藥,4444,0,0.0
medicine,2022,EMT_處置_合併__OTHER_RARE,4444,0,0.0
medicine,2022,EMT_處置_合併__source_available,4444,0,0.0
medicine,2022,EMT_處置_合併__explicit_none,4444,0,0.0
medicine,2022,EMT_處置_合併__source_missing,4444,0,0.0
medicine,2022,EMT_特殊表登錄_合併__ACS,4444,0,0.0
medicine,2022,EMT_特殊表登錄_合併__CVA,4444,0,0.0
medicine,2022,EMT_特殊表登錄_合併__OHCA,4444,0,0.0
medicine,2022,EMT_特殊表登錄_合併__呼吸窘迫,4444,0,0.0
medicine,2022,EMT_特殊表登錄_合併__癲癇重積,4444,0,0.0
medicine,2022,EMT_特殊表登錄_合併__過敏性休克,4444,0,0.0
medicine,2022,EMT_特殊表登錄_合併__OTHER_RARE,4444,0,0.0
medicine,2022,EMT_特殊表登錄_合併__source_available,4444,0,0.0
medicine,2022,EMT_特殊表登錄_合併__explicit_none,4444,0,0.0
medicine,2022,EMT_特殊表登錄_合併__source_missing,4444,0,0.0
medicine,2022,EMT_問卷_一般處置__下肢抬高,4444,0,0.0
medicine,2022,EMT_問卷_一般處置__保暖,4444,0,0.0
medicine,2022,EMT_問卷_一般處置__其他,4444,0,0.0
medicine,2022,EMT_問卷_一般處置__半坐臥,4444,0,0.0
medicine,2022,EMT_問卷_一般處置__心律監視,4444,0,0.0
medicine,2022,EMT_問卷_一般處置__心理支持,4444,0,0.0
medicine,2022,EMT_問卷_一般處置__生命徵象監測,4444,0,0.0
medicine,2022,EMT_問卷_一般處置__生產/左側臥,4444,0,0.0
medicine,2022,EMT_問卷_一般處置__OTHER_RARE,4444,0,0.0
medicine,2022,EMT_問卷_一般處置__source_available,4444,0,0.0
medicine,2022,EMT_問卷_一般處置__explicit_none,4444,0,0.0
medicine,2022,EMT_問卷_一般處置__source_missing,4444,0,0.0
medicine,2022,EMT_問卷_呼吸給氧裝置__NRM,4444,0,0.0
medicine,2022,EMT_問卷_呼吸給氧裝置__口咽呼吸道,4444,0,0.0
medicine,2022,EMT_問卷_呼吸給氧裝置__正壓給氧,4444,0,0.0
medicine,2022,EMT_問卷_呼吸給氧裝置__氧氣面罩,4444,0,0.0
medicine,2022,EMT_問卷_呼吸給氧裝置__氧氣鼻管,4444,0,0.0
medicine,2022,EMT_問卷_呼吸給氧裝置__鼻咽呼吸道,4444,0,0.0
medicine,2022,EMT_問卷_呼吸給氧裝置__OTHER_RARE,4444,0,0.0
medicine,2022,EMT_問卷_呼吸給氧裝置__source_available,4444,0,0.0
medicine,2022,EMT_問卷_呼吸給氧裝置__explicit_none,4444,0,0.0
medicine,2022,EMT_問卷_呼吸給氧裝置__source_missing,4444,0,0.0
medicine,2022,EMT_問卷_創傷處置__KED固定,4444,0,0.0
medicine,2022,EMT_問卷_創傷處置__包紮止血,4444,0,0.0
medicine,2022,EMT_問卷_創傷處置__夾板\三角巾,4444,0,0.0
medicine,2022,EMT_問卷_創傷處置__抽吸式護木,4444,0,0.0
medicine,2022,EMT_問卷_創傷處置__清洗傷口,4444,0,0.0
medicine,2022,EMT_問卷_創傷處置__長背板\頭部固定,4444,0,0.0
medicine,2022,EMT_問卷_創傷處置__頸圈,4444,0,0.0
medicine,2022,EMT_問卷_創傷處置__OTHER_RARE,4444,0,0.0
medicine,2022,EMT_問卷_創傷處置__source_available,4444,0,0.0
medicine,2022,EMT_問卷_創傷處置__explicit_none,4444,0,0.0
medicine,2022,EMT_問卷_創傷處置__source_missing,4444,0,0.0
medicine,2022,EMT_問卷_加護處置__0.9%N.S.,4444,0,0.0
medicine,2022,EMT_問卷_加護處置__5%G.W.,4444,0,0.0
medicine,2022,EMT_問卷_加護處置__50%G.W.,4444,0,0.0
medicine,2022,EMT_問卷_加護處置__Berotec支氣管擴張劑,4444,0,0.0
medicine,2022,EMT_問卷_加護處置__IV,4444,0,0.0
medicine,2022,EMT_問卷_加護處置__不建議AED電擊,4444,0,0.0
medicine,2022,EMT_問卷_加護處置__糖粉（水）,4444,0,0.0
medicine,2022,EMT_問卷_加護處置__OTHER_RARE,4444,0,0.0
medicine,2022,EMT_問卷_加護處置__source_available,4444,0,0.0
medicine,2022,EMT_問卷_加護處置__explicit_none,4444,0,0.0
medicine,2022,EMT_問卷_加護處置__source_missing,4444,0,0.0
medicine,2022,EMT_台北_呼吸處置__OTHER_RARE,4444,0,0.0
medicine,2022,EMT_台北_呼吸處置__source_available,4444,0,0.0
medicine,2022,EMT_台北_呼吸處置__explicit_none,4444,0,0.0
medicine,2022,EMT_台北_呼吸處置__source_missing,4444,0,0.0
medicine,2022,EMT_台北_CPR處置__OTHER_RARE,4444,0,0.0
medicine,2022,EMT_台北_CPR處置__source_available,4444,0,0.0
medicine,2022,EMT_台北_CPR處置__explicit_none,4444,0,0.0
medicine,2022,EMT_台北_CPR處置__source_missing,4444,0,0.0
medicine,2022,EMT_台北_藥物處置__OTHER_RARE,4444,0,0.0
medicine,2022,EMT_台北_藥物處置__source_available,4444,0,0.0
medicine,2022,EMT_台北_藥物處置__explicit_none,4444,0,0.0
medicine,2022,EMT_台北_藥物處置__source_missing,4444,0,0.0
medicine,2022,EMT_台北_創傷處置__包紮,4444,0,0.0
medicine,2022,EMT_台北_創傷處置__止血,4444,0,0.0
medicine,2022,EMT_台北_創傷處置__清洗傷口,4444,0,0.0
medicine,2022,EMT_台北_創傷處置__OTHER_RARE,4444,0,0.0
medicine,2022,EMT_台北_創傷處置__source_available,4444,0,0.0
medicine,2022,EMT_台北_創傷處置__explicit_none,4444,0,0.0
medicine,2022,EMT_台北_創傷處置__source_missing,4444,0,0.0
medicine,2022,EMT_台北_後送姿勢__半坐臥,4444,0,0.0
medicine,2022,EMT_台北_後送姿勢__平躺,4444,0,0.0
medicine,2022,EMT_台北_後送姿勢__OTHER_RARE,4444,0,0.0
medicine,2022,EMT_台北_後送姿勢__source_available,4444,0,0.0
medicine,2022,EMT_台北_後送姿勢__explicit_none,4444,0,0.0
medicine,2022,EMT_台北_後送姿勢__source_missing,4444,0,0.0
medicine,2022,EMT_台北_其他處置__保暖,4444,0,0.0
medicine,2022,EMT_台北_其他處置__心理支持,4444,0,0.0
medicine,2022,EMT_台北_其他處置__OTHER_RARE,4444,0,0.0
medicine,2022,EMT_台北_其他處置__source_available,4444,0,0.0
medicine,2022,EMT_台北_其他處置__explicit_none,4444,0,0.0
medicine,2022,EMT_台北_其他處置__source_missing,4444,0,0.0
medicine,2022,EMT_台北_給藥__OTHER_RARE,4444,0,0.0
medicine,2022,EMT_台北_給藥__source_available,4444,0,0.0
medicine,2022,EMT_台北_給藥__explicit_none,4444,0,0.0
medicine,2022,EMT_台北_給藥__source_missing,4444,0,0.0
medicine,2022,EMT_補述_紅旗__DNR.放棄急救,4444,0,0.0
medicine,2022,EMT_補述_紅旗__休克.低血壓,4444,0,0.0
medicine,2022,EMT_補述_紅旗__呼吸窘迫.低血氧,4444,0,0.0
medicine,2022,EMT_補述_紅旗__大出血,4444,0,0.0
medicine,2022,EMT_補述_紅旗__心跳呼吸停止.PEA,4444,0,0.0
medicine,2022,EMT_補述_紅旗__意識改變,4444,0,0.0
medicine,2022,EMT_補述_紅旗__抽搐,4444,0,0.0
medicine,2022,EMT_補述_紅旗__疑似中風,4444,0,0.0
medicine,2022,EMT_補述_紅旗__胸痛疑似ACS,4444,0,0.0
medicine,2022,EMT_補述_紅旗__OTHER_RARE,4444,0,0.0
medicine,2022,EMT_補述_紅旗__source_available,4444,0,0.0
medicine,2022,EMT_補述_紅旗__explicit_none,4444,0,0.0
medicine,2022,EMT_補述_紅旗__source_missing,4444,0,0.0
medicine,2022,EMT_問卷_過去病史__HIV(+),4444,0,0.0
medicine,2022,EMT_問卷_過去病史__不詳,4444,0,0.0
medicine,2022,EMT_問卷_過去病史__其他,4444,0,0.0
medicine,2022,EMT_問卷_過去病史__心臟疾病,4444,0,0.0
medicine,2022,EMT_問卷_過去病史__惡性腫瘤,4444,0,0.0
medicine,2022,EMT_問卷_過去病史__氣喘,4444,0,0.0
medicine,2022,EMT_問卷_過去病史__癲癇,4444,0,0.0
medicine,2022,EMT_問卷_過去病史__精神疾病,4444,0,0.0
medicine,2022,EMT_問卷_過去病史__糖尿病,4444,0,0.0
medicine,2022,EMT_問卷_過去病史__肝臟疾病,4444,0,0.0
medicine,2022,EMT_問卷_過去病史__肺臟疾病,4444,0,0.0
medicine,2022,EMT_問卷_過去病史__腎臟疾病,4444,0,0.0
medicine,2022,EMT_問卷_過去病史__腦血管疾病,4444,0,0.0
medicine,2022,EMT_問卷_過去病史__高血壓,4444,0,0.0
medicine,2022,EMT_問卷_過去病史__OTHER_RARE,4444,0,0.0
medicine,2022,EMT_問卷_過去病史__source_available,4444,0,0.0
medicine,2022,EMT_問卷_過去病史__explicit_none,4444,0,0.0
medicine,2022,EMT_問卷_過去病史__source_missing,4444,0,0.0
medicine,2022,EMT_問卷_過敏史__不詳,4444,0,0.0
medicine,2022,EMT_問卷_過敏史__其他,4444,0,0.0
medicine,2022,EMT_問卷_過敏史__藥物,4444,0,0.0
medicine,2022,EMT_問卷_過敏史__食物,4444,0,0.0
medicine,2022,EMT_問卷_過敏史__OTHER_RARE,4444,0,0.0
medicine,2022,EMT_問卷_過敏史__source_available,4444,0,0.0
medicine,2022,EMT_問卷_過敏史__explicit_none,4444,0,0.0
medicine,2022,EMT_問卷_過敏史__source_missing,4444,0,0.0
medicine,2022,has_oxygen,4444,3589,0.8076057605760576
medicine,2022,has_ventilatory_support,4444,3583,0.8062556255625563
medicine,2022,has_airway_adjunct,4444,3583,0.8062556255625563
medicine,2022,has_advanced_airway,4444,3583,0.8062556255625563
medicine,2022,has_ALS_procedure,4444,4032,0.9072907290729073
medicine,2022,EMT_現場_收縮壓_ord,4444,63,0.014176417641764177
medicine,2022,EMT_現場_收縮壓_for_score,4444,267,0.06008100810081008
medicine,2022,EMT_車上_收縮壓_for_score,4444,339,0.07628262826282628
medicine,2022,EMT_現場_收縮壓_unmeasurable,4444,0,0.0
medicine,2022,EMT_車上_收縮壓_unmeasurable,4444,0,0.0
medicine,2022,MISS_EMT_現場_收縮壓_for_score,4444,0,0.0
medicine,2022,MISS_EMT_車上_收縮壓_for_score,4444,0,0.0
medicine,2022,prehosp_sbp,4444,246,0.05535553555355536
medicine,2022,prehosp_dbp,4444,483,0.10868586858685869
medicine,2022,prehosp_hr,4444,272,0.0612061206120612
medicine,2022,prehosp_rr,4444,272,0.0612061206120612
medicine,2022,prehosp_spo2,4444,273,0.06143114311431143
medicine,2022,prehosp_bt,4444,275,0.06188118811881188
medicine,2022,prehosp_gcs,4444,319,0.07178217821782178
medicine,2022,prehosp_gcs_e,4444,319,0.07178217821782178
medicine,2022,prehosp_gcs_v,4444,319,0.07178217821782178
medicine,2022,prehosp_gcs_m,4444,319,0.07178217821782178
medicine,2022,is_OHCA_hr0,4444,0,0.0
medicine,2022,現場時間,4444,0,0.0
medicine,2022,運送時間,4444,0,0.0
medicine,2022,派遣時間,4444,66,0.01485148514851485
medicine,2022,總到院前時間,4444,66,0.01485148514851485
medicine,2022,MISS_現場時間,4444,0,0.0
medicine,2022,MISS_運送時間,4444,0,0.0
medicine,2022,MISS_派遣時間,4444,0,0.0
medicine,2022,MISS_總到院前時間,4444,0,0.0
medicine,2022,MAP,4444,483,0.10868586858685869
medicine,2022,MISS_MAP,4444,0,0.0
medicine,2022,SI,4444,273,0.06143114311431143
medicine,2022,MISS_SI,4444,0,0.0
medicine,2022,mSI,4444,483,0.10868586858685869
medicine,2022,MISS_mSI,4444,0,0.0
medicine,2022,aSI,4444,275,0.06188118811881188
medicine,2022,MISS_aSI,4444,0,0.0
medicine,2022,rSI,4444,273,0.06143114311431143
medicine,2022,MISS_rSI,4444,0,0.0
medicine,2022,rSIG,4444,320,0.07200720072007201
medicine,2022,MISS_rSIG,4444,0,0.0
medicine,2022,rSIG_Age,4444,322,0.07245724572457246
medicine,2022,MISS_rSIG_Age,4444,0,0.0
medicine,2022,SI_G,4444,320,0.07200720072007201
medicine,2022,MISS_SI_G,4444,0,0.0
medicine,2022,SIA_G,4444,322,0.07245724572457246
medicine,2022,MISS_SIA_G,4444,0,0.0
medicine,2022,SIAVPU,4444,273,0.06143114311431143
medicine,2022,MISS_SIAVPU,4444,0,0.0
medicine,2022,sMS,4444,319,0.07178217821782178
medicine,2022,MISS_sMS,4444,0,0.0
medicine,2022,rSI_sMS,4444,320,0.07200720072007201
medicine,2022,MISS_rSI_sMS,4444,0,0.0
medicine,2022,rSI_GCS,4444,320,0.07200720072007201
medicine,2022,MISS_rSI_GCS,4444,0,0.0
medicine,2022,rSI_GCSM,4444,320,0.07200720072007201
medicine,2022,MISS_rSI_GCSM,4444,0,0.0
medicine,2022,qSOFA,4444,273,0.06143114311431143
medicine,2022,qSOFA_available,4444,0,0.0
medicine,2022,qSOFA_observed_components,4444,0,0.0
medicine,2022,qSOFA_required_components,4444,0,0.0
medicine,2022,MISS_qSOFA,4444,0,0.0
medicine,2022,NEWS2,4444,3601,0.8103060306030603
medicine,2022,NEWS2_available,4444,0,0.0
medicine,2022,NEWS2_observed_components,4444,0,0.0
medicine,2022,NEWS2_required_components,4444,0,0.0
medicine,2022,MISS_NEWS2,4444,0,0.0
medicine,2022,MEWS,4444,275,0.06188118811881188
medicine,2022,MEWS_available,4444,0,0.0
medicine,2022,MEWS_observed_components,4444,0,0.0
medicine,2022,MEWS_required_components,4444,0,0.0
medicine,2022,MISS_MEWS,4444,0,0.0
medicine,2022,REMS,4444,529,0.11903690369036904
medicine,2022,REMS_available,4444,0,0.0
medicine,2022,REMS_observed_components,4444,0,0.0
medicine,2022,REMS_required_components,4444,0,0.0
medicine,2022,MISS_REMS,4444,0,0.0
medicine,2022,RTS,4444,320,0.07200720072007201
medicine,2022,RTS_available,4444,0,0.0
medicine,2022,RTS_observed_components,4444,0,0.0
medicine,2022,RTS_required_components,4444,0,0.0
medicine,2022,MISS_RTS,4444,0,0.0
medicine,2022,kw_ohca,4444,0,0.0
medicine,2022,kw_chest_pain,4444,0,0.0
medicine,2022,kw_dyspnea,4444,0,0.0
medicine,2022,kw_bleeding,4444,0,0.0
medicine,2022,kw_stroke,4444,0,0.0
medicine,2022,kw_trauma,4444,0,0.0
medicine,2022,kw_seizure,4444,0,0.0
medicine,2022,kw_unconscious,4444,0,0.0
medicine,2022,is_text_missing,4444,0,0.0
medicine,2022,text_source_count,4444,0,0.0
medicine,2022,text_char_count,4444,0,0.0
medicine,2023,EMT_年齡,4115,3,0.0007290400972053463
medicine,2023,MISS_EMT_年齡,4115,0,0.0
medicine,2023,MISSREASON_EMT_年齡__source_missing,4115,0,0.0
medicine,2023,MISSREASON_EMT_年齡__not_measured,4115,0,0.0
medicine,2023,MISSREASON_EMT_年齡__sentinel,4115,0,0.0
medicine,2023,MISSREASON_EMT_年齡__invalid_or_out_of_range,4115,0,0.0
medicine,2023,EMT_發生地點_到慈濟_開車km,4115,0,0.0
medicine,2023,MISS_EMT_發生地點_到慈濟_開車km,4115,0,0.0
medicine,2023,MISSREASON_EMT_發生地點_到慈濟_開車km__source_missing,4115,0,0.0
medicine,2023,MISSREASON_EMT_發生地點_到慈濟_開車km__not_measured,4115,0,0.0
medicine,2023,MISSREASON_EMT_發生地點_到慈濟_開車km__sentinel,4115,0,0.0
medicine,2023,MISSREASON_EMT_發生地點_到慈濟_開車km__invalid_or_out_of_range,4115,0,0.0
medicine,2023,EMT_發生地點_到慈濟_直線km,4115,0,0.0
medicine,2023,MISS_EMT_發生地點_到慈濟_直線km,4115,0,0.0
medicine,2023,MISSREASON_EMT_發生地點_到慈濟_直線km__source_missing,4115,0,0.0
medicine,2023,MISSREASON_EMT_發生地點_到慈濟_直線km__not_measured,4115,0,0.0
medicine,2023,MISSREASON_EMT_發生地點_到慈濟_直線km__sentinel,4115,0,0.0
medicine,2023,MISSREASON_EMT_發生地點_到慈濟_直線km__invalid_or_out_of_range,4115,0,0.0
medicine,2023,EMT_反應時間分,4115,8,0.0019441069258809235
medicine,2023,MISS_EMT_反應時間分,4115,0,0.0
medicine,2023,MISSREASON_EMT_反應時間分__source_missing,4115,0,0.0
medicine,2023,MISSREASON_EMT_反應時間分__not_measured,4115,0,0.0
medicine,2023,MISSREASON_EMT_反應時間分__sentinel,4115,0,0.0
medicine,2023,MISSREASON_EMT_反應時間分__invalid_or_out_of_range,4115,0,0.0
medicine,2023,EMT_現場停留分,4115,0,0.0
medicine,2023,MISS_EMT_現場停留分,4115,0,0.0
medicine,2023,MISSREASON_EMT_現場停留分__source_missing,4115,0,0.0
medicine,2023,MISSREASON_EMT_現場停留分__not_measured,4115,0,0.0
medicine,2023,MISSREASON_EMT_現場停留分__sentinel,4115,0,0.0
medicine,2023,MISSREASON_EMT_現場停留分__invalid_or_out_of_range,4115,0,0.0
medicine,2023,EMT_送醫途中分,4115,0,0.0
medicine,2023,MISS_EMT_送醫途中分,4115,0,0.0
medicine,2023,MISSREASON_EMT_送醫途中分__source_missing,4115,0,0.0
medicine,2023,MISSREASON_EMT_送醫途中分__not_measured,4115,0,0.0
medicine,2023,MISSREASON_EMT_送醫途中分__sentinel,4115,0,0.0
medicine,2023,MISSREASON_EMT_送醫途中分__invalid_or_out_of_range,4115,0,0.0
medicine,2023,EMT_現場_舒張壓,4115,4115,1.0
medicine,2023,MISS_EMT_現場_舒張壓,4115,0,0.0
medicine,2023,MISSREASON_EMT_現場_舒張壓__source_missing,4115,0,0.0
medicine,2023,MISSREASON_EMT_現場_舒張壓__not_measured,4115,0,0.0
medicine,2023,MISSREASON_EMT_現場_舒張壓__sentinel,4115,0,0.0
medicine,2023,MISSREASON_EMT_現場_舒張壓__invalid_or_out_of_range,4115,0,0.0
medicine,2023,EMT_現場_脈搏,4115,129,0.03134872417982989
medicine,2023,MISS_EMT_現場_脈搏,4115,0,0.0
medicine,2023,MISSREASON_EMT_現場_脈搏__source_missing,4115,0,0.0
medicine,2023,MISSREASON_EMT_現場_脈搏__not_measured,4115,0,0.0
medicine,2023,MISSREASON_EMT_現場_脈搏__sentinel,4115,0,0.0
medicine,2023,MISSREASON_EMT_現場_脈搏__invalid_or_out_of_range,4115,0,0.0
medicine,2023,EMT_現場_呼吸,4115,131,0.03183475091130012
medicine,2023,MISS_EMT_現場_呼吸,4115,0,0.0
medicine,2023,MISSREASON_EMT_現場_呼吸__source_missing,4115,0,0.0
medicine,2023,MISSREASON_EMT_現場_呼吸__not_measured,4115,0,0.0
medicine,2023,MISSREASON_EMT_現場_呼吸__sentinel,4115,0,0.0
medicine,2023,MISSREASON_EMT_現場_呼吸__invalid_or_out_of_range,4115,0,0.0
medicine,2023,EMT_現場_SPO2,4115,141,0.034264884568651274
medicine,2023,MISS_EMT_現場_SPO2,4115,0,0.0
medicine,2023,MISSREASON_EMT_現場_SPO2__source_missing,4115,0,0.0
medicine,2023,MISSREASON_EMT_現場_SPO2__not_measured,4115,0,0.0
medicine,2023,MISSREASON_EMT_現場_SPO2__sentinel,4115,0,0.0
medicine,2023,MISSREASON_EMT_現場_SPO2__invalid_or_out_of_range,4115,0,0.0
medicine,2023,EMT_現場_體溫,4115,134,0.03256379100850547
medicine,2023,MISS_EMT_現場_體溫,4115,0,0.0
medicine,2023,MISSREASON_EMT_現場_體溫__source_missing,4115,0,0.0
medicine,2023,MISSREASON_EMT_現場_體溫__not_measured,4115,0,0.0
medicine,2023,MISSREASON_EMT_現場_體溫__sentinel,4115,0,0.0
medicine,2023,MISSREASON_EMT_現場_體溫__invalid_or_out_of_range,4115,0,0.0
medicine,2023,EMT_現場_GCS,4115,159,0.038639125151883356
medicine,2023,MISS_EMT_現場_GCS,4115,0,0.0
medicine,2023,MISSREASON_EMT_現場_GCS__source_missing,4115,0,0.0
medicine,2023,MISSREASON_EMT_現場_GCS__not_measured,4115,0,0.0
medicine,2023,MISSREASON_EMT_現場_GCS__sentinel,4115,0,0.0
medicine,2023,MISSREASON_EMT_現場_GCS__invalid_or_out_of_range,4115,0,0.0
medicine,2023,EMT_現場_GCS_E,4115,157,0.038153098420413124
medicine,2023,MISS_EMT_現場_GCS_E,4115,0,0.0
medicine,2023,MISSREASON_EMT_現場_GCS_E__source_missing,4115,0,0.0
medicine,2023,MISSREASON_EMT_現場_GCS_E__not_measured,4115,0,0.0
medicine,2023,MISSREASON_EMT_現場_GCS_E__sentinel,4115,0,0.0
medicine,2023,MISSREASON_EMT_現場_GCS_E__invalid_or_out_of_range,4115,0,0.0
medicine,2023,EMT_現場_GCS_V,4115,159,0.038639125151883356
medicine,2023,MISS_EMT_現場_GCS_V,4115,0,0.0
medicine,2023,MISSREASON_EMT_現場_GCS_V__source_missing,4115,0,0.0
medicine,2023,MISSREASON_EMT_現場_GCS_V__not_measured,4115,0,0.0
medicine,2023,MISSREASON_EMT_現場_GCS_V__sentinel,4115,0,0.0
medicine,2023,MISSREASON_EMT_現場_GCS_V__invalid_or_out_of_range,4115,0,0.0
medicine,2023,EMT_現場_GCS_M,4115,158,0.03839611178614824
medicine,2023,MISS_EMT_現場_GCS_M,4115,0,0.0
medicine,2023,MISSREASON_EMT_現場_GCS_M__source_missing,4115,0,0.0
medicine,2023,MISSREASON_EMT_現場_GCS_M__not_measured,4115,0,0.0
medicine,2023,MISSREASON_EMT_現場_GCS_M__sentinel,4115,0,0.0
medicine,2023,MISSREASON_EMT_現場_GCS_M__invalid_or_out_of_range,4115,0,0.0
medicine,2023,EMT_車上_舒張壓,4115,575,0.13973268529769137
medicine,2023,MISS_EMT_車上_舒張壓,4115,0,0.0
medicine,2023,MISSREASON_EMT_車上_舒張壓__source_missing,4115,0,0.0
medicine,2023,MISSREASON_EMT_車上_舒張壓__not_measured,4115,0,0.0
medicine,2023,MISSREASON_EMT_車上_舒張壓__sentinel,4115,0,0.0
medicine,2023,MISSREASON_EMT_車上_舒張壓__invalid_or_out_of_range,4115,0,0.0
medicine,2023,EMT_車上_脈搏,4115,504,0.12247873633049818
medicine,2023,MISS_EMT_車上_脈搏,4115,0,0.0
medicine,2023,MISSREASON_EMT_車上_脈搏__source_missing,4115,0,0.0
medicine,2023,MISSREASON_EMT_車上_脈搏__not_measured,4115,0,0.0
medicine,2023,MISSREASON_EMT_車上_脈搏__sentinel,4115,0,0.0
medicine,2023,MISSREASON_EMT_車上_脈搏__invalid_or_out_of_range,4115,0,0.0
medicine,2023,EMT_車上_呼吸,4115,500,0.12150668286755771
medicine,2023,MISS_EMT_車上_呼吸,4115,0,0.0
medicine,2023,MISSREASON_EMT_車上_呼吸__source_missing,4115,0,0.0
medicine,2023,MISSREASON_EMT_車上_呼吸__not_measured,4115,0,0.0
medicine,2023,MISSREASON_EMT_車上_呼吸__sentinel,4115,0,0.0
medicine,2023,MISSREASON_EMT_車上_呼吸__invalid_or_out_of_range,4115,0,0.0
medicine,2023,EMT_車上_SPO2,4115,502,0.12199270959902794
medicine,2023,MISS_EMT_車上_SPO2,4115,0,0.0
medicine,2023,MISSREASON_EMT_車上_SPO2__source_missing,4115,0,0.0
medicine,2023,MISSREASON_EMT_車上_SPO2__not_measured,4115,0,0.0
medicine,2023,MISSREASON_EMT_車上_SPO2__sentinel,4115,0,0.0
medicine,2023,MISSREASON_EMT_車上_SPO2__invalid_or_out_of_range,4115,0,0.0
medicine,2023,EMT_車上_體溫,4115,505,0.1227217496962333
medicine,2023,MISS_EMT_車上_體溫,4115,0,0.0
medicine,2023,MISSREASON_EMT_車上_體溫__source_missing,4115,0,0.0
medicine,2023,MISSREASON_EMT_車上_體溫__not_measured,4115,0,0.0
medicine,2023,MISSREASON_EMT_車上_體溫__sentinel,4115,0,0.0
medicine,2023,MISSREASON_EMT_車上_體溫__invalid_or_out_of_range,4115,0,0.0
medicine,2023,EMT_車上_GCS,4115,169,0.04106925880923451
medicine,2023,MISS_EMT_車上_GCS,4115,0,0.0
medicine,2023,MISSREASON_EMT_車上_GCS__source_missing,4115,0,0.0
medicine,2023,MISSREASON_EMT_車上_GCS__not_measured,4115,0,0.0
medicine,2023,MISSREASON_EMT_車上_GCS__sentinel,4115,0,0.0
medicine,2023,MISSREASON_EMT_車上_GCS__invalid_or_out_of_range,4115,0,0.0
medicine,2023,EMT_車上_GCS_E,4115,167,0.04058323207776428
medicine,2023,MISS_EMT_車上_GCS_E,4115,0,0.0
medicine,2023,MISSREASON_EMT_車上_GCS_E__source_missing,4115,0,0.0
medicine,2023,MISSREASON_EMT_車上_GCS_E__not_measured,4115,0,0.0
medicine,2023,MISSREASON_EMT_車上_GCS_E__sentinel,4115,0,0.0
medicine,2023,MISSREASON_EMT_車上_GCS_E__invalid_or_out_of_range,4115,0,0.0
medicine,2023,EMT_車上_GCS_V,4115,169,0.04106925880923451
medicine,2023,MISS_EMT_車上_GCS_V,4115,0,0.0
medicine,2023,MISSREASON_EMT_車上_GCS_V__source_missing,4115,0,0.0
medicine,2023,MISSREASON_EMT_車上_GCS_V__not_measured,4115,0,0.0
medicine,2023,MISSREASON_EMT_車上_GCS_V__sentinel,4115,0,0.0
medicine,2023,MISSREASON_EMT_車上_GCS_V__invalid_or_out_of_range,4115,0,0.0
medicine,2023,EMT_車上_GCS_M,4115,168,0.040826245443499394
medicine,2023,MISS_EMT_車上_GCS_M,4115,0,0.0
medicine,2023,MISSREASON_EMT_車上_GCS_M__source_missing,4115,0,0.0
medicine,2023,MISSREASON_EMT_車上_GCS_M__not_measured,4115,0,0.0
medicine,2023,MISSREASON_EMT_車上_GCS_M__sentinel,4115,0,0.0
medicine,2023,MISSREASON_EMT_車上_GCS_M__invalid_or_out_of_range,4115,0,0.0
medicine,2023,EMT_生命徵象量測次數,4115,366,0.08894289185905224
medicine,2023,MISS_EMT_生命徵象量測次數,4115,0,0.0
medicine,2023,MISSREASON_EMT_生命徵象量測次數__source_missing,4115,0,0.0
medicine,2023,MISSREASON_EMT_生命徵象量測次數__not_measured,4115,0,0.0
medicine,2023,MISSREASON_EMT_生命徵象量測次數__sentinel,4115,0,0.0
medicine,2023,MISSREASON_EMT_生命徵象量測次數__invalid_or_out_of_range,4115,0,0.0
medicine,2023,EMT_問卷_疼痛指數,4115,1982,0.4816524908869988
medicine,2023,MISS_EMT_問卷_疼痛指數,4115,0,0.0
medicine,2023,MISSREASON_EMT_問卷_疼痛指數__source_missing,4115,0,0.0
medicine,2023,MISSREASON_EMT_問卷_疼痛指數__not_measured,4115,0,0.0
medicine,2023,MISSREASON_EMT_問卷_疼痛指數__sentinel,4115,0,0.0
medicine,2023,MISSREASON_EMT_問卷_疼痛指數__invalid_or_out_of_range,4115,0,0.0
medicine,2023,EMT_問卷_左瞳孔尺寸mm,4115,515,0.12515188335358446
medicine,2023,MISS_EMT_問卷_左瞳孔尺寸mm,4115,0,0.0
medicine,2023,MISSREASON_EMT_問卷_左瞳孔尺寸mm__source_missing,4115,0,0.0
medicine,2023,MISSREASON_EMT_問卷_左瞳孔尺寸mm__not_measured,4115,0,0.0
medicine,2023,MISSREASON_EMT_問卷_左瞳孔尺寸mm__sentinel,4115,0,0.0
medicine,2023,MISSREASON_EMT_問卷_左瞳孔尺寸mm__invalid_or_out_of_range,4115,0,0.0
medicine,2023,EMT_問卷_右瞳孔尺寸mm,4115,516,0.12539489671931955
medicine,2023,MISS_EMT_問卷_右瞳孔尺寸mm,4115,0,0.0
medicine,2023,MISSREASON_EMT_問卷_右瞳孔尺寸mm__source_missing,4115,0,0.0
medicine,2023,MISSREASON_EMT_問卷_右瞳孔尺寸mm__not_measured,4115,0,0.0
medicine,2023,MISSREASON_EMT_問卷_右瞳孔尺寸mm__sentinel,4115,0,0.0
medicine,2023,MISSREASON_EMT_問卷_右瞳孔尺寸mm__invalid_or_out_of_range,4115,0,0.0
medicine,2023,EMT_問卷_血糖值mgdl,4115,2964,0.7202916160388821
medicine,2023,MISS_EMT_問卷_血糖值mgdl,4115,0,0.0
medicine,2023,MISSREASON_EMT_問卷_血糖值mgdl__source_missing,4115,0,0.0
medicine,2023,MISSREASON_EMT_問卷_血糖值mgdl__not_measured,4115,0,0.0
medicine,2023,MISSREASON_EMT_問卷_血糖值mgdl__sentinel,4115,0,0.0
medicine,2023,MISSREASON_EMT_問卷_血糖值mgdl__invalid_or_out_of_range,4115,0,0.0
medicine,2023,EMT_問卷_氧氣流量Lmin,4115,3382,0.8218712029161603
medicine,2023,MISS_EMT_問卷_氧氣流量Lmin,4115,0,0.0
medicine,2023,MISSREASON_EMT_問卷_氧氣流量Lmin__source_missing,4115,0,0.0
medicine,2023,MISSREASON_EMT_問卷_氧氣流量Lmin__not_measured,4115,0,0.0
medicine,2023,MISSREASON_EMT_問卷_氧氣流量Lmin__sentinel,4115,0,0.0
medicine,2023,MISSREASON_EMT_問卷_氧氣流量Lmin__invalid_or_out_of_range,4115,0,0.0
medicine,2023,EMT_問卷_靜脈輸液量ml,4115,3802,0.9239368165249089
medicine,2023,MISS_EMT_問卷_靜脈輸液量ml,4115,0,0.0
medicine,2023,MISSREASON_EMT_問卷_靜脈輸液量ml__source_missing,4115,0,0.0
medicine,2023,MISSREASON_EMT_問卷_靜脈輸液量ml__not_measured,4115,0,0.0
medicine,2023,MISSREASON_EMT_問卷_靜脈輸液量ml__sentinel,4115,0,0.0
medicine,2023,MISSREASON_EMT_問卷_靜脈輸液量ml__invalid_or_out_of_range,4115,0,0.0
medicine,2023,EMT_體重,4115,399,0.09696233292831105
medicine,2023,MISS_EMT_體重,4115,0,0.0
medicine,2023,MISSREASON_EMT_體重__source_missing,4115,0,0.0
medicine,2023,MISSREASON_EMT_體重__not_measured,4115,0,0.0
medicine,2023,MISSREASON_EMT_體重__sentinel,4115,0,0.0
medicine,2023,MISSREASON_EMT_體重__invalid_or_out_of_range,4115,0,0.0
medicine,2023,EMT_燒燙傷一級%,4115,366,0.08894289185905224
medicine,2023,MISS_EMT_燒燙傷一級%,4115,0,0.0
medicine,2023,MISSREASON_EMT_燒燙傷一級%__source_missing,4115,0,0.0
medicine,2023,MISSREASON_EMT_燒燙傷一級%__not_measured,4115,0,0.0
medicine,2023,MISSREASON_EMT_燒燙傷一級%__sentinel,4115,0,0.0
medicine,2023,MISSREASON_EMT_燒燙傷一級%__invalid_or_out_of_range,4115,0,0.0
medicine,2023,EMT_燒燙傷二級%,4115,366,0.08894289185905224
medicine,2023,MISS_EMT_燒燙傷二級%,4115,0,0.0
medicine,2023,MISSREASON_EMT_燒燙傷二級%__source_missing,4115,0,0.0
medicine,2023,MISSREASON_EMT_燒燙傷二級%__not_measured,4115,0,0.0
medicine,2023,MISSREASON_EMT_燒燙傷二級%__sentinel,4115,0,0.0
medicine,2023,MISSREASON_EMT_燒燙傷二級%__invalid_or_out_of_range,4115,0,0.0
medicine,2023,EMT_燒燙傷三級%,4115,366,0.08894289185905224
medicine,2023,MISS_EMT_燒燙傷三級%,4115,0,0.0
medicine,2023,MISSREASON_EMT_燒燙傷三級%__source_missing,4115,0,0.0
medicine,2023,MISSREASON_EMT_燒燙傷三級%__not_measured,4115,0,0.0
medicine,2023,MISSREASON_EMT_燒燙傷三級%__sentinel,4115,0,0.0
medicine,2023,MISSREASON_EMT_燒燙傷三級%__invalid_or_out_of_range,4115,0,0.0
medicine,2023,EMT_燒燙傷總%,4115,366,0.08894289185905224
medicine,2023,MISS_EMT_燒燙傷總%,4115,0,0.0
medicine,2023,MISSREASON_EMT_燒燙傷總%__source_missing,4115,0,0.0
medicine,2023,MISSREASON_EMT_燒燙傷總%__not_measured,4115,0,0.0
medicine,2023,MISSREASON_EMT_燒燙傷總%__sentinel,4115,0,0.0
medicine,2023,MISSREASON_EMT_燒燙傷總%__invalid_or_out_of_range,4115,0,0.0
medicine,2023,EMT_城市__台北,4115,0,0.0
medicine,2023,EMT_城市__新北,4115,0,0.0
medicine,2023,EMT_城市__OTHER_RARE,4115,0,0.0
medicine,2023,EMT_城市__MISSING,4115,0,0.0
medicine,2023,EMT_性別__女,4115,0,0.0
medicine,2023,EMT_性別__男,4115,0,0.0
medicine,2023,EMT_性別__OTHER_RARE,4115,0,0.0
medicine,2023,EMT_性別__MISSING,4115,0,0.0
medicine,2023,EMT_送醫路由__家屬指定送醫,4115,0,0.0
medicine,2023,EMT_送醫路由__就近適當,4115,0,0.0
medicine,2023,EMT_送醫路由__指揮中心,4115,0,0.0
medicine,2023,EMT_送醫路由__OTHER_RARE,4115,0,0.0
medicine,2023,EMT_送醫路由__MISSING,4115,0,0.0
medicine,2023,EMT_危急個案__0.0,4115,0,0.0
medicine,2023,EMT_危急個案__1.0,4115,0,0.0
medicine,2023,EMT_危急個案__OTHER_RARE,4115,0,0.0
medicine,2023,EMT_危急個案__MISSING,4115,0,0.0
medicine,2023,EMT_發生地區__三峽區,4115,0,0.0
medicine,2023,EMT_發生地區__三重區,4115,0,0.0
medicine,2023,EMT_發生地區__中和區,4115,0,0.0
medicine,2023,EMT_發生地區__土城區,4115,0,0.0
medicine,2023,EMT_發生地區__坪林區,4115,0,0.0
medicine,2023,EMT_發生地區__市文山區,4115,0,0.0
medicine,2023,EMT_發生地區__新店區,4115,0,0.0
medicine,2023,EMT_發生地區__新莊區,4115,0,0.0
medicine,2023,EMT_發生地區__板橋區,4115,0,0.0
medicine,2023,EMT_發生地區__樹林區,4115,0,0.0
medicine,2023,EMT_發生地區__永和區,4115,0,0.0
medicine,2023,EMT_發生地區__深坑區,4115,0,0.0
medicine,2023,EMT_發生地區__烏來區,4115,0,0.0
medicine,2023,EMT_發生地區__石碇區,4115,0,0.0
medicine,2023,EMT_發生地區__蘆洲區,4115,0,0.0
medicine,2023,EMT_發生地區__OTHER_RARE,4115,0,0.0
medicine,2023,EMT_發生地區__MISSING,4115,0,0.0
medicine,2023,EMT_距離_定位信心__Google地標,4115,0,0.0
medicine,2023,EMT_距離_定位信心__區內概略,4115,0,0.0
medicine,2023,EMT_距離_定位信心__國道概略,4115,0,0.0
medicine,2023,EMT_距離_定位信心__無,4115,0,0.0
medicine,2023,EMT_距離_定位信心__號,4115,0,0.0
medicine,2023,EMT_距離_定位信心__路名概略(OSM),4115,0,0.0
medicine,2023,EMT_距離_定位信心__路段中心,4115,0,0.0
medicine,2023,EMT_距離_定位信心__OTHER_RARE,4115,0,0.0
medicine,2023,EMT_距離_定位信心__MISSING,4115,0,0.0
medicine,2023,EMT_現場_意識__否,4115,0,0.0
medicine,2023,EMT_現場_意識__清,4115,0,0.0
medicine,2023,EMT_現場_意識__痛,4115,0,0.0
medicine,2023,EMT_現場_意識__聲,4115,0,0.0
medicine,2023,EMT_現場_意識__OTHER_RARE,4115,0,0.0
medicine,2023,EMT_現場_意識__MISSING,4115,0,0.0
medicine,2023,EMT_派遣分類__BLS,4115,0,0.0
medicine,2023,EMT_派遣分類__OTHER_RARE,4115,0,0.0
medicine,2023,EMT_派遣分類__MISSING,4115,0,0.0
medicine,2023,EMT_派遣原因__救護,4115,0,0.0
medicine,2023,EMT_派遣原因__救護-一般受傷,4115,0,0.0
medicine,2023,EMT_派遣原因__救護-其它,4115,0,0.0
medicine,2023,EMT_派遣原因__救護-割腕,4115,0,0.0
medicine,2023,EMT_派遣原因__救護-吞食藥物,4115,0,0.0
medicine,2023,EMT_派遣原因__救護-孕婦待產,4115,0,0.0
medicine,2023,EMT_派遣原因__救護-急病,4115,0,0.0
medicine,2023,EMT_派遣原因__救護-打架受傷,4115,0,0.0
medicine,2023,EMT_派遣原因__救護-精神異常,4115,0,0.0
medicine,2023,EMT_派遣原因__救護-路倒,4115,0,0.0
medicine,2023,EMT_派遣原因__救護-車禍,4115,0,0.0
medicine,2023,EMT_派遣原因__火警-集合住宅,4115,0,0.0
medicine,2023,EMT_派遣原因__緊急救援-其他,4115,0,0.0
medicine,2023,EMT_派遣原因__緊急救援-車禍救助,4115,0,0.0
medicine,2023,EMT_派遣原因__OTHER_RARE,4115,0,0.0
medicine,2023,EMT_派遣原因__MISSING,4115,0,0.0
medicine,2023,EMT_問卷_創傷導致的主訴群__肢體麻痺,4115,0,0.0
medicine,2023,EMT_問卷_創傷導致的主訴群__背部疼痛,4115,0,0.0
medicine,2023,EMT_問卷_創傷導致的主訴群__胸痛/悶,4115,0,0.0
medicine,2023,EMT_問卷_創傷導致的主訴群__OTHER_RARE,4115,0,0.0
medicine,2023,EMT_問卷_創傷導致的主訴群__MISSING,4115,0,0.0
medicine,2023,EMT_問卷_頸椎固定__GCS<15,4115,0,0.0
medicine,2023,EMT_問卷_頸椎固定__檢查無明顯異常,4115,0,0.0
medicine,2023,EMT_問卷_頸椎固定__肢體運動感覺異常,4115,0,0.0
medicine,2023,EMT_問卷_頸椎固定__轉向困難,4115,0,0.0
medicine,2023,EMT_問卷_頸椎固定__頸椎瘀青疼痛,4115,0,0.0
medicine,2023,EMT_問卷_頸椎固定__OTHER_RARE,4115,0,0.0
medicine,2023,EMT_問卷_頸椎固定__MISSING,4115,0,0.0
medicine,2023,EMT_問卷_膚色__其他,4115,0,0.0
medicine,2023,EMT_問卷_膚色__正常,4115,0,0.0
medicine,2023,EMT_問卷_膚色__溼冷,4115,0,0.0
medicine,2023,EMT_問卷_膚色__潮紅,4115,0,0.0
medicine,2023,EMT_問卷_膚色__發紺,4115,0,0.0
medicine,2023,EMT_問卷_膚色__蒼白,4115,0,0.0
medicine,2023,EMT_問卷_膚色__蒼白、溼冷,4115,0,0.0
medicine,2023,EMT_問卷_膚色__黃疸,4115,0,0.0
medicine,2023,EMT_問卷_膚色__OTHER_RARE,4115,0,0.0
medicine,2023,EMT_問卷_膚色__MISSING,4115,0,0.0
medicine,2023,EMT_問卷_左瞳孔光反射__+,4115,0,0.0
medicine,2023,EMT_問卷_左瞳孔光反射__-,4115,0,0.0
medicine,2023,EMT_問卷_左瞳孔光反射__無法測量,4115,0,0.0
medicine,2023,EMT_問卷_左瞳孔光反射__眼疾,4115,0,0.0
medicine,2023,EMT_問卷_左瞳孔光反射__OTHER_RARE,4115,0,0.0
medicine,2023,EMT_問卷_左瞳孔光反射__MISSING,4115,0,0.0
medicine,2023,EMT_問卷_右瞳孔光反射__+,4115,0,0.0
medicine,2023,EMT_問卷_右瞳孔光反射__-,4115,0,0.0
medicine,2023,EMT_問卷_右瞳孔光反射__無法測量,4115,0,0.0
medicine,2023,EMT_問卷_右瞳孔光反射__眼疾,4115,0,0.0
medicine,2023,EMT_問卷_右瞳孔光反射__OTHER_RARE,4115,0,0.0
medicine,2023,EMT_問卷_右瞳孔光反射__MISSING,4115,0,0.0
medicine,2023,EMT_問卷_氣管位置__其他,4115,0,0.0
medicine,2023,EMT_問卷_氣管位置__正常,4115,0,0.0
medicine,2023,EMT_問卷_氣管位置__OTHER_RARE,4115,0,0.0
medicine,2023,EMT_問卷_氣管位置__MISSING,4115,0,0.0
medicine,2023,EMT_問卷_頸靜脈怒張__其他,4115,0,0.0
medicine,2023,EMT_問卷_頸靜脈怒張__有,4115,0,0.0
medicine,2023,EMT_問卷_頸靜脈怒張__無,4115,0,0.0
medicine,2023,EMT_問卷_頸靜脈怒張__OTHER_RARE,4115,0,0.0
medicine,2023,EMT_問卷_頸靜脈怒張__MISSING,4115,0,0.0
medicine,2023,EMT_問卷_血糖狀態__High,4115,0,0.0
medicine,2023,EMT_問卷_血糖狀態__Low,4115,0,0.0
medicine,2023,EMT_問卷_血糖狀態__否,4115,0,0.0
medicine,2023,EMT_問卷_血糖狀態__否、其他,4115,0,0.0
medicine,2023,EMT_問卷_血糖狀態__否、創傷,4115,0,0.0
medicine,2023,EMT_問卷_血糖狀態__否、拒絕,4115,0,0.0
medicine,2023,EMT_問卷_血糖狀態__否、躁動,4115,0,0.0
medicine,2023,EMT_問卷_血糖狀態__血糖值紀錄,4115,0,0.0
medicine,2023,EMT_問卷_血糖狀態__OTHER_RARE,4115,0,0.0
medicine,2023,EMT_問卷_血糖狀態__MISSING,4115,0,0.0
medicine,2023,EMT_問卷_靜脈輸液種類__0.9%N.S.,4115,0,0.0
medicine,2023,EMT_問卷_靜脈輸液種類__5%G.W.,4115,0,0.0
medicine,2023,EMT_問卷_靜脈輸液種類__50%G.W.,4115,0,0.0
medicine,2023,EMT_問卷_靜脈輸液種類__IV,4115,0,0.0
medicine,2023,EMT_問卷_靜脈輸液種類__OTHER_RARE,4115,0,0.0
medicine,2023,EMT_問卷_靜脈輸液種類__MISSING,4115,0,0.0
medicine,2023,EMT_推定派遣類別__中毒/自傷,4115,0,0.0
medicine,2023,EMT_推定派遣類別__交通事故傷,4115,0,0.0
medicine,2023,EMT_推定派遣類別__內科急病,4115,0,0.0
medicine,2023,EMT_推定派遣類別__其他外傷,4115,0,0.0
medicine,2023,EMT_推定派遣類別__精神行為異常,4115,0,0.0
medicine,2023,EMT_推定派遣類別__路倒/無意識,4115,0,0.0
medicine,2023,EMT_推定派遣類別__OTHER_RARE,4115,0,0.0
medicine,2023,EMT_推定派遣類別__MISSING,4115,0,0.0
medicine,2023,EMT_有燒燙傷__False,4115,0,0.0
medicine,2023,EMT_有燒燙傷__True,4115,0,0.0
medicine,2023,EMT_有燒燙傷__OTHER_RARE,4115,0,0.0
medicine,2023,EMT_有燒燙傷__MISSING,4115,0,0.0
medicine,2023,EMT_心律臆斷__Atrial fibrillation,4115,0,0.0
medicine,2023,EMT_心律臆斷__Normal Sinus Rhythm,4115,0,0.0
medicine,2023,EMT_心律臆斷__ST段下降,4115,0,0.0
medicine,2023,EMT_心律臆斷__Sinus Bradycardia,4115,0,0.0
medicine,2023,EMT_心律臆斷__Sinus Tachycardia,4115,0,0.0
medicine,2023,EMT_心律臆斷__其他波形,4115,0,0.0
medicine,2023,EMT_心律臆斷__OTHER_RARE,4115,0,0.0
medicine,2023,EMT_心律臆斷__MISSING,4115,0,0.0
medicine,2023,"EMT_台北_創傷類型__創傷-一般外傷,肢體外傷,摔跌傷",4115,0,0.0
medicine,2023,"EMT_台北_創傷類型__創傷-一般外傷,頭部外傷,摔跌傷",4115,0,0.0
medicine,2023,EMT_台北_創傷類型__創傷-交通事故(機車),4115,0,0.0
medicine,2023,"EMT_台北_創傷類型__非創傷-一般疾病,噁心嘔吐腹瀉",4115,0,0.0
medicine,2023,"EMT_台北_創傷類型__非創傷-一般疾病,肢體無力",4115,0,0.0
medicine,2023,"EMT_台北_創傷類型__非創傷-一般疾病,頭痛頭暈昏倒昏厥",4115,0,0.0
medicine,2023,EMT_台北_創傷類型__非創傷-呼吸問題,4115,0,0.0
medicine,2023,EMT_台北_創傷類型__非創傷-昏迷,4115,0,0.0
medicine,2023,EMT_台北_創傷類型__非創傷-腹痛,4115,0,0.0
medicine,2023,EMT_台北_創傷類型__OTHER_RARE,4115,0,0.0
medicine,2023,EMT_台北_創傷類型__MISSING,4115,0,0.0
medicine,2023,EMT_特殊表類型__OHCA,4115,0,0.0
medicine,2023,EMT_特殊表類型__呼吸喘/慢/使用呼吸輔助肌肉,4115,0,0.0
medicine,2023,EMT_特殊表類型__心臟不適,4115,0,0.0
medicine,2023,EMT_特殊表類型__癲癇重積,4115,0,0.0
medicine,2023,EMT_特殊表類型__腦中風評估,4115,0,0.0
medicine,2023,EMT_特殊表類型__過敏性休克,4115,0,0.0
medicine,2023,EMT_特殊表類型__OTHER_RARE,4115,0,0.0
medicine,2023,EMT_特殊表類型__MISSING,4115,0,0.0
medicine,2023,EMT_台北_心梗登錄__OTHER_RARE,4115,0,0.0
medicine,2023,EMT_台北_心梗登錄__MISSING,4115,0,0.0
medicine,2023,EMT_台北_中風登錄__OTHER_RARE,4115,0,0.0
medicine,2023,EMT_台北_中風登錄__MISSING,4115,0,0.0
medicine,2023,EMT_台北_CPR停止登錄__OTHER_RARE,4115,0,0.0
medicine,2023,EMT_台北_CPR停止登錄__MISSING,4115,0,0.0
medicine,2023,EMT_問卷_交通事故患者__乘客,4115,0,0.0
medicine,2023,EMT_問卷_交通事故患者__行人,4115,0,0.0
medicine,2023,EMT_問卷_交通事故患者__駕駛,4115,0,0.0
medicine,2023,EMT_問卷_交通事故患者__OTHER_RARE,4115,0,0.0
medicine,2023,EMT_問卷_交通事故患者__MISSING,4115,0,0.0
medicine,2023,EMT_問卷_交通事故種類__人,4115,0,0.0
medicine,2023,EMT_問卷_交通事故種類__人、其他,4115,0,0.0
medicine,2023,EMT_問卷_交通事故種類__其他,4115,0,0.0
medicine,2023,EMT_問卷_交通事故種類__機車,4115,0,0.0
medicine,2023,EMT_問卷_交通事故種類__機車、人,4115,0,0.0
medicine,2023,EMT_問卷_交通事故種類__機車、人、其他,4115,0,0.0
medicine,2023,EMT_問卷_交通事故種類__機車、其他,4115,0,0.0
medicine,2023,EMT_問卷_交通事故種類__機車、腳踏車,4115,0,0.0
medicine,2023,EMT_問卷_交通事故種類__機車、腳踏車、其他,4115,0,0.0
medicine,2023,EMT_問卷_交通事故種類__汽車,4115,0,0.0
medicine,2023,EMT_問卷_交通事故種類__汽車、人,4115,0,0.0
medicine,2023,EMT_問卷_交通事故種類__汽車、人、其他,4115,0,0.0
medicine,2023,EMT_問卷_交通事故種類__汽車、其他,4115,0,0.0
medicine,2023,EMT_問卷_交通事故種類__汽車、機車,4115,0,0.0
medicine,2023,EMT_問卷_交通事故種類__汽車、機車、其他,4115,0,0.0
medicine,2023,EMT_問卷_交通事故種類__汽車、腳踏車,4115,0,0.0
medicine,2023,EMT_問卷_交通事故種類__腳踏車,4115,0,0.0
medicine,2023,EMT_問卷_交通事故種類__腳踏車、其他,4115,0,0.0
medicine,2023,EMT_問卷_交通事故種類__OTHER_RARE,4115,0,0.0
medicine,2023,EMT_問卷_交通事故種類__MISSING,4115,0,0.0
medicine,2023,EMT_問卷_保護裝置狀態__安全帶,4115,0,0.0
medicine,2023,EMT_問卷_保護裝置狀態__安全帽,4115,0,0.0
medicine,2023,EMT_問卷_保護裝置狀態__無,4115,0,0.0
medicine,2023,EMT_問卷_保護裝置狀態__OTHER_RARE,4115,0,0.0
medicine,2023,EMT_問卷_保護裝置狀態__MISSING,4115,0,0.0
medicine,2023,EMT_問卷_非交通事故種類__其他,4115,0,0.0
medicine,2023,EMT_問卷_非交通事故種類__切割,4115,0,0.0
medicine,2023,EMT_問卷_非交通事故種類__墜落,4115,0,0.0
medicine,2023,EMT_問卷_非交通事故種類__壓夾,4115,0,0.0
medicine,2023,EMT_問卷_非交通事故種類__撞擊,4115,0,0.0
medicine,2023,EMT_問卷_非交通事故種類__生物咬螫,4115,0,0.0
medicine,2023,EMT_問卷_非交通事故種類__跌摔,4115,0,0.0
medicine,2023,EMT_問卷_非交通事故種類__鈍毆,4115,0,0.0
medicine,2023,EMT_問卷_非交通事故種類__OTHER_RARE,4115,0,0.0
medicine,2023,EMT_問卷_非交通事故種類__MISSING,4115,0,0.0
medicine,2023,EMT_問卷_危急個案__否,4115,0,0.0
medicine,2023,EMT_問卷_危急個案__是,4115,0,0.0
medicine,2023,EMT_問卷_危急個案__OTHER_RARE,4115,0,0.0
medicine,2023,EMT_問卷_危急個案__MISSING,4115,0,0.0
medicine,2023,EMT_現場_意識_AVPU,4115,3,0.0007290400972053463
medicine,2023,EMT_過去病史__HIV(+),4115,0,0.0
medicine,2023,EMT_過去病史__不詳,4115,0,0.0
medicine,2023,EMT_過去病史__其他,4115,0,0.0
medicine,2023,EMT_過去病史__心臟疾病,4115,0,0.0
medicine,2023,EMT_過去病史__惡性腫瘤,4115,0,0.0
medicine,2023,EMT_過去病史__氣喘,4115,0,0.0
medicine,2023,EMT_過去病史__癲癇,4115,0,0.0
medicine,2023,EMT_過去病史__精神疾病,4115,0,0.0
medicine,2023,EMT_過去病史__糖尿病,4115,0,0.0
medicine,2023,EMT_過去病史__肝臟疾病,4115,0,0.0
medicine,2023,EMT_過去病史__肺臟疾病,4115,0,0.0
medicine,2023,EMT_過去病史__腎臟疾病,4115,0,0.0
medicine,2023,EMT_過去病史__腦血管疾病,4115,0,0.0
medicine,2023,EMT_過去病史__高血壓,4115,0,0.0
medicine,2023,EMT_過去病史__OTHER_RARE,4115,0,0.0
medicine,2023,EMT_過去病史__source_available,4115,0,0.0
medicine,2023,EMT_過去病史__explicit_none,4115,0,0.0
medicine,2023,EMT_過去病史__source_missing,4115,0,0.0
medicine,2023,EMT_過敏史__不清楚,4115,0,0.0
medicine,2023,EMT_過敏史__不詳,4115,0,0.0
medicine,2023,EMT_過敏史__其他,4115,0,0.0
medicine,2023,EMT_過敏史__藥物,4115,0,0.0
medicine,2023,EMT_過敏史__食物,4115,0,0.0
medicine,2023,EMT_過敏史__OTHER_RARE,4115,0,0.0
medicine,2023,EMT_過敏史__source_available,4115,0,0.0
medicine,2023,EMT_過敏史__explicit_none,4115,0,0.0
medicine,2023,EMT_過敏史__source_missing,4115,0,0.0
medicine,2023,EMT_主訴_結構化__OHCA,4115,0,0.0
medicine,2023,EMT_主訴_結構化__上腹痛,4115,0,0.0
medicine,2023,EMT_主訴_結構化__下腹痛,4115,0,0.0
medicine,2023,EMT_主訴_結構化__其他,4115,0,0.0
medicine,2023,EMT_主訴_結構化__冒冷汗,4115,0,0.0
medicine,2023,EMT_主訴_結構化__吐.咳血,4115,0,0.0
medicine,2023,EMT_主訴_結構化__呼吸喘.慢.使用輔助肌,4115,0,0.0
medicine,2023,EMT_主訴_結構化__呼吸道梗塞,4115,0,0.0
medicine,2023,EMT_主訴_結構化__嘔吐.噁心,4115,0,0.0
medicine,2023,EMT_主訴_結構化__心臟不適,4115,0,0.0
medicine,2023,EMT_主訴_結構化__急產,4115,0,0.0
medicine,2023,EMT_主訴_結構化__急產（接生）,4115,0,0.0
medicine,2023,EMT_主訴_結構化__挫.擦傷,4115,0,0.0
medicine,2023,EMT_主訴_結構化__撕裂.切割傷,4115,0,0.0
medicine,2023,EMT_主訴_結構化__斷肢,4115,0,0.0
medicine,2023,EMT_主訴_結構化__昏厥,4115,0,0.0
medicine,2023,EMT_主訴_結構化__無意識.意識不清,4115,0,0.0
medicine,2023,EMT_主訴_結構化__燒燙傷,4115,0,0.0
medicine,2023,EMT_主訴_結構化__疑似一氧化碳中毒,4115,0,0.0
medicine,2023,EMT_主訴_結構化__疑似毒物.氣中毒,4115,0,0.0
medicine,2023,EMT_主訴_結構化__疑似藥物過量,4115,0,0.0
medicine,2023,EMT_主訴_結構化__癲癇.抽搐,4115,0,0.0
medicine,2023,EMT_主訴_結構化__發燒.發冷,4115,0,0.0
medicine,2023,EMT_主訴_結構化__碎裂傷,4115,0,0.0
medicine,2023,EMT_主訴_結構化__穿刺傷,4115,0,0.0
medicine,2023,EMT_主訴_結構化__肢體無力,4115,0,0.0
medicine,2023,EMT_主訴_結構化__肢體疼痛,4115,0,0.0
medicine,2023,EMT_主訴_結構化__肢體麻痺,4115,0,0.0
medicine,2023,EMT_主訴_結構化__背.肩痛,4115,0,0.0
medicine,2023,EMT_主訴_結構化__胸痛.悶,4115,0,0.0
medicine,2023,EMT_主訴_結構化__腹瀉,4115,0,0.0
medicine,2023,EMT_主訴_結構化__虛弱,4115,0,0.0
medicine,2023,EMT_主訴_結構化__血便.尿,4115,0,0.0
medicine,2023,EMT_主訴_結構化__血腫,4115,0,0.0
medicine,2023,EMT_主訴_結構化__行為神智異常,4115,0,0.0
medicine,2023,EMT_主訴_結構化__過敏,4115,0,0.0
medicine,2023,EMT_主訴_結構化__非外傷出血,4115,0,0.0
medicine,2023,EMT_主訴_結構化__頭暈,4115,0,0.0
medicine,2023,EMT_主訴_結構化__頭痛,4115,0,0.0
medicine,2023,EMT_主訴_結構化__骨折.脫位,4115,0,0.0
medicine,2023,EMT_主訴_結構化__OTHER_RARE,4115,0,0.0
medicine,2023,EMT_主訴_結構化__source_available,4115,0,0.0
medicine,2023,EMT_主訴_結構化__explicit_none,4115,0,0.0
medicine,2023,EMT_主訴_結構化__source_missing,4115,0,0.0
medicine,2023,EMT_紅旗__DNR.放棄急救,4115,0,0.0
medicine,2023,EMT_紅旗__休克.低血壓,4115,0,0.0
medicine,2023,EMT_紅旗__呼吸窘迫.低血氧,4115,0,0.0
medicine,2023,EMT_紅旗__大出血,4115,0,0.0
medicine,2023,EMT_紅旗__心跳呼吸停止.PEA,4115,0,0.0
medicine,2023,EMT_紅旗__意識改變,4115,0,0.0
medicine,2023,EMT_紅旗__抽搐,4115,0,0.0
medicine,2023,EMT_紅旗__疑似中風,4115,0,0.0
medicine,2023,EMT_紅旗__胸痛疑似ACS,4115,0,0.0
medicine,2023,EMT_紅旗__OTHER_RARE,4115,0,0.0
medicine,2023,EMT_紅旗__source_available,4115,0,0.0
medicine,2023,EMT_紅旗__explicit_none,4115,0,0.0
medicine,2023,EMT_紅旗__source_missing,4115,0,0.0
medicine,2023,EMT_創傷機轉_合併__交通-機車,4115,0,0.0
medicine,2023,EMT_創傷機轉_合併__交通-汽車,4115,0,0.0
medicine,2023,EMT_創傷機轉_合併__交通-腳踏車,4115,0,0.0
medicine,2023,EMT_創傷機轉_合併__交通-行人,4115,0,0.0
medicine,2023,EMT_創傷機轉_合併__其他外傷,4115,0,0.0
medicine,2023,EMT_創傷機轉_合併__燒燙,4115,0,0.0
medicine,2023,EMT_創傷機轉_合併__生物咬螫,4115,0,0.0
medicine,2023,EMT_創傷機轉_合併__穿刺切割,4115,0,0.0
medicine,2023,EMT_創傷機轉_合併__跌落墜落,4115,0,0.0
medicine,2023,EMT_創傷機轉_合併__鈍傷撞擊,4115,0,0.0
medicine,2023,EMT_創傷機轉_合併__OTHER_RARE,4115,0,0.0
medicine,2023,EMT_創傷機轉_合併__source_available,4115,0,0.0
medicine,2023,EMT_創傷機轉_合併__explicit_none,4115,0,0.0
medicine,2023,EMT_創傷機轉_合併__source_missing,4115,0,0.0
medicine,2023,EMT_處置_合併__CPR,4115,0,0.0
medicine,2023,EMT_處置_合併__保暖,4115,0,0.0
medicine,2023,EMT_處置_合併__傷口處置,4115,0,0.0
medicine,2023,EMT_處置_合併__固定,4115,0,0.0
medicine,2023,EMT_處置_合併__心理支持,4115,0,0.0
medicine,2023,EMT_處置_合併__生命徵象監測,4115,0,0.0
medicine,2023,EMT_處置_合併__給氧,4115,0,0.0
medicine,2023,EMT_處置_合併__給藥,4115,0,0.0
medicine,2023,EMT_處置_合併__OTHER_RARE,4115,0,0.0
medicine,2023,EMT_處置_合併__source_available,4115,0,0.0
medicine,2023,EMT_處置_合併__explicit_none,4115,0,0.0
medicine,2023,EMT_處置_合併__source_missing,4115,0,0.0
medicine,2023,EMT_特殊表登錄_合併__ACS,4115,0,0.0
medicine,2023,EMT_特殊表登錄_合併__CVA,4115,0,0.0
medicine,2023,EMT_特殊表登錄_合併__OHCA,4115,0,0.0
medicine,2023,EMT_特殊表登錄_合併__呼吸窘迫,4115,0,0.0
medicine,2023,EMT_特殊表登錄_合併__癲癇重積,4115,0,0.0
medicine,2023,EMT_特殊表登錄_合併__過敏性休克,4115,0,0.0
medicine,2023,EMT_特殊表登錄_合併__OTHER_RARE,4115,0,0.0
medicine,2023,EMT_特殊表登錄_合併__source_available,4115,0,0.0
medicine,2023,EMT_特殊表登錄_合併__explicit_none,4115,0,0.0
medicine,2023,EMT_特殊表登錄_合併__source_missing,4115,0,0.0
medicine,2023,EMT_問卷_一般處置__下肢抬高,4115,0,0.0
medicine,2023,EMT_問卷_一般處置__保暖,4115,0,0.0
medicine,2023,EMT_問卷_一般處置__其他,4115,0,0.0
medicine,2023,EMT_問卷_一般處置__半坐臥,4115,0,0.0
medicine,2023,EMT_問卷_一般處置__心律監視,4115,0,0.0
medicine,2023,EMT_問卷_一般處置__心理支持,4115,0,0.0
medicine,2023,EMT_問卷_一般處置__生命徵象監測,4115,0,0.0
medicine,2023,EMT_問卷_一般處置__生產/左側臥,4115,0,0.0
medicine,2023,EMT_問卷_一般處置__OTHER_RARE,4115,0,0.0
medicine,2023,EMT_問卷_一般處置__source_available,4115,0,0.0
medicine,2023,EMT_問卷_一般處置__explicit_none,4115,0,0.0
medicine,2023,EMT_問卷_一般處置__source_missing,4115,0,0.0
medicine,2023,EMT_問卷_呼吸給氧裝置__NRM,4115,0,0.0
medicine,2023,EMT_問卷_呼吸給氧裝置__口咽呼吸道,4115,0,0.0
medicine,2023,EMT_問卷_呼吸給氧裝置__正壓給氧,4115,0,0.0
medicine,2023,EMT_問卷_呼吸給氧裝置__氧氣面罩,4115,0,0.0
medicine,2023,EMT_問卷_呼吸給氧裝置__氧氣鼻管,4115,0,0.0
medicine,2023,EMT_問卷_呼吸給氧裝置__鼻咽呼吸道,4115,0,0.0
medicine,2023,EMT_問卷_呼吸給氧裝置__OTHER_RARE,4115,0,0.0
medicine,2023,EMT_問卷_呼吸給氧裝置__source_available,4115,0,0.0
medicine,2023,EMT_問卷_呼吸給氧裝置__explicit_none,4115,0,0.0
medicine,2023,EMT_問卷_呼吸給氧裝置__source_missing,4115,0,0.0
medicine,2023,EMT_問卷_創傷處置__KED固定,4115,0,0.0
medicine,2023,EMT_問卷_創傷處置__包紮止血,4115,0,0.0
medicine,2023,EMT_問卷_創傷處置__夾板\三角巾,4115,0,0.0
medicine,2023,EMT_問卷_創傷處置__抽吸式護木,4115,0,0.0
medicine,2023,EMT_問卷_創傷處置__清洗傷口,4115,0,0.0
medicine,2023,EMT_問卷_創傷處置__長背板\頭部固定,4115,0,0.0
medicine,2023,EMT_問卷_創傷處置__頸圈,4115,0,0.0
medicine,2023,EMT_問卷_創傷處置__OTHER_RARE,4115,0,0.0
medicine,2023,EMT_問卷_創傷處置__source_available,4115,0,0.0
medicine,2023,EMT_問卷_創傷處置__explicit_none,4115,0,0.0
medicine,2023,EMT_問卷_創傷處置__source_missing,4115,0,0.0
medicine,2023,EMT_問卷_加護處置__0.9%N.S.,4115,0,0.0
medicine,2023,EMT_問卷_加護處置__5%G.W.,4115,0,0.0
medicine,2023,EMT_問卷_加護處置__50%G.W.,4115,0,0.0
medicine,2023,EMT_問卷_加護處置__Berotec支氣管擴張劑,4115,0,0.0
medicine,2023,EMT_問卷_加護處置__IV,4115,0,0.0
medicine,2023,EMT_問卷_加護處置__不建議AED電擊,4115,0,0.0
medicine,2023,EMT_問卷_加護處置__糖粉（水）,4115,0,0.0
medicine,2023,EMT_問卷_加護處置__OTHER_RARE,4115,0,0.0
medicine,2023,EMT_問卷_加護處置__source_available,4115,0,0.0
medicine,2023,EMT_問卷_加護處置__explicit_none,4115,0,0.0
medicine,2023,EMT_問卷_加護處置__source_missing,4115,0,0.0
medicine,2023,EMT_台北_呼吸處置__OTHER_RARE,4115,0,0.0
medicine,2023,EMT_台北_呼吸處置__source_available,4115,0,0.0
medicine,2023,EMT_台北_呼吸處置__explicit_none,4115,0,0.0
medicine,2023,EMT_台北_呼吸處置__source_missing,4115,0,0.0
medicine,2023,EMT_台北_CPR處置__OTHER_RARE,4115,0,0.0
medicine,2023,EMT_台北_CPR處置__source_available,4115,0,0.0
medicine,2023,EMT_台北_CPR處置__explicit_none,4115,0,0.0
medicine,2023,EMT_台北_CPR處置__source_missing,4115,0,0.0
medicine,2023,EMT_台北_藥物處置__OTHER_RARE,4115,0,0.0
medicine,2023,EMT_台北_藥物處置__source_available,4115,0,0.0
medicine,2023,EMT_台北_藥物處置__explicit_none,4115,0,0.0
medicine,2023,EMT_台北_藥物處置__source_missing,4115,0,0.0
medicine,2023,EMT_台北_創傷處置__包紮,4115,0,0.0
medicine,2023,EMT_台北_創傷處置__止血,4115,0,0.0
medicine,2023,EMT_台北_創傷處置__清洗傷口,4115,0,0.0
medicine,2023,EMT_台北_創傷處置__OTHER_RARE,4115,0,0.0
medicine,2023,EMT_台北_創傷處置__source_available,4115,0,0.0
medicine,2023,EMT_台北_創傷處置__explicit_none,4115,0,0.0
medicine,2023,EMT_台北_創傷處置__source_missing,4115,0,0.0
medicine,2023,EMT_台北_後送姿勢__半坐臥,4115,0,0.0
medicine,2023,EMT_台北_後送姿勢__平躺,4115,0,0.0
medicine,2023,EMT_台北_後送姿勢__OTHER_RARE,4115,0,0.0
medicine,2023,EMT_台北_後送姿勢__source_available,4115,0,0.0
medicine,2023,EMT_台北_後送姿勢__explicit_none,4115,0,0.0
medicine,2023,EMT_台北_後送姿勢__source_missing,4115,0,0.0
medicine,2023,EMT_台北_其他處置__保暖,4115,0,0.0
medicine,2023,EMT_台北_其他處置__心理支持,4115,0,0.0
medicine,2023,EMT_台北_其他處置__OTHER_RARE,4115,0,0.0
medicine,2023,EMT_台北_其他處置__source_available,4115,0,0.0
medicine,2023,EMT_台北_其他處置__explicit_none,4115,0,0.0
medicine,2023,EMT_台北_其他處置__source_missing,4115,0,0.0
medicine,2023,EMT_台北_給藥__OTHER_RARE,4115,0,0.0
medicine,2023,EMT_台北_給藥__source_available,4115,0,0.0
medicine,2023,EMT_台北_給藥__explicit_none,4115,0,0.0
medicine,2023,EMT_台北_給藥__source_missing,4115,0,0.0
medicine,2023,EMT_補述_紅旗__DNR.放棄急救,4115,0,0.0
medicine,2023,EMT_補述_紅旗__休克.低血壓,4115,0,0.0
medicine,2023,EMT_補述_紅旗__呼吸窘迫.低血氧,4115,0,0.0
medicine,2023,EMT_補述_紅旗__大出血,4115,0,0.0
medicine,2023,EMT_補述_紅旗__心跳呼吸停止.PEA,4115,0,0.0
medicine,2023,EMT_補述_紅旗__意識改變,4115,0,0.0
medicine,2023,EMT_補述_紅旗__抽搐,4115,0,0.0
medicine,2023,EMT_補述_紅旗__疑似中風,4115,0,0.0
medicine,2023,EMT_補述_紅旗__胸痛疑似ACS,4115,0,0.0
medicine,2023,EMT_補述_紅旗__OTHER_RARE,4115,0,0.0
medicine,2023,EMT_補述_紅旗__source_available,4115,0,0.0
medicine,2023,EMT_補述_紅旗__explicit_none,4115,0,0.0
medicine,2023,EMT_補述_紅旗__source_missing,4115,0,0.0
medicine,2023,EMT_問卷_過去病史__HIV(+),4115,0,0.0
medicine,2023,EMT_問卷_過去病史__不詳,4115,0,0.0
medicine,2023,EMT_問卷_過去病史__其他,4115,0,0.0
medicine,2023,EMT_問卷_過去病史__心臟疾病,4115,0,0.0
medicine,2023,EMT_問卷_過去病史__惡性腫瘤,4115,0,0.0
medicine,2023,EMT_問卷_過去病史__氣喘,4115,0,0.0
medicine,2023,EMT_問卷_過去病史__癲癇,4115,0,0.0
medicine,2023,EMT_問卷_過去病史__精神疾病,4115,0,0.0
medicine,2023,EMT_問卷_過去病史__糖尿病,4115,0,0.0
medicine,2023,EMT_問卷_過去病史__肝臟疾病,4115,0,0.0
medicine,2023,EMT_問卷_過去病史__肺臟疾病,4115,0,0.0
medicine,2023,EMT_問卷_過去病史__腎臟疾病,4115,0,0.0
medicine,2023,EMT_問卷_過去病史__腦血管疾病,4115,0,0.0
medicine,2023,EMT_問卷_過去病史__高血壓,4115,0,0.0
medicine,2023,EMT_問卷_過去病史__OTHER_RARE,4115,0,0.0
medicine,2023,EMT_問卷_過去病史__source_available,4115,0,0.0
medicine,2023,EMT_問卷_過去病史__explicit_none,4115,0,0.0
medicine,2023,EMT_問卷_過去病史__source_missing,4115,0,0.0
medicine,2023,EMT_問卷_過敏史__不詳,4115,0,0.0
medicine,2023,EMT_問卷_過敏史__其他,4115,0,0.0
medicine,2023,EMT_問卷_過敏史__藥物,4115,0,0.0
medicine,2023,EMT_問卷_過敏史__食物,4115,0,0.0
medicine,2023,EMT_問卷_過敏史__OTHER_RARE,4115,0,0.0
medicine,2023,EMT_問卷_過敏史__source_available,4115,0,0.0
medicine,2023,EMT_問卷_過敏史__explicit_none,4115,0,0.0
medicine,2023,EMT_問卷_過敏史__source_missing,4115,0,0.0
medicine,2023,has_oxygen,4115,3308,0.8038882138517619
medicine,2023,has_ventilatory_support,4115,3302,0.8024301336573512
medicine,2023,has_airway_adjunct,4115,3302,0.8024301336573512
medicine,2023,has_advanced_airway,4115,3302,0.8024301336573512
medicine,2023,has_ALS_procedure,4115,3172,0.7708383961117862
medicine,2023,EMT_現場_收縮壓_ord,4115,67,0.016281895504252734
medicine,2023,EMT_現場_收縮壓_for_score,4115,109,0.02648845686512758
medicine,2023,EMT_車上_收縮壓_for_score,4115,476,0.11567436208991494
medicine,2023,EMT_現場_收縮壓_unmeasurable,4115,0,0.0
medicine,2023,EMT_車上_收縮壓_unmeasurable,4115,0,0.0
medicine,2023,MISS_EMT_現場_收縮壓_for_score,4115,0,0.0
medicine,2023,MISS_EMT_車上_收縮壓_for_score,4115,0,0.0
medicine,2023,prehosp_sbp,4115,83,0.02017010935601458
medicine,2023,prehosp_dbp,4115,575,0.13973268529769137
medicine,2023,prehosp_hr,4115,106,0.025759416767922236
medicine,2023,prehosp_rr,4115,106,0.025759416767922236
medicine,2023,prehosp_spo2,4115,107,0.026002430133657353
medicine,2023,prehosp_bt,4115,107,0.026002430133657353
medicine,2023,prehosp_gcs,4115,134,0.03256379100850547
medicine,2023,prehosp_gcs_e,4115,132,0.03207776427703524
medicine,2023,prehosp_gcs_v,4115,134,0.03256379100850547
medicine,2023,prehosp_gcs_m,4115,133,0.03232077764277035
medicine,2023,is_OHCA_hr0,4115,0,0.0
medicine,2023,現場時間,4115,0,0.0
medicine,2023,運送時間,4115,0,0.0
medicine,2023,派遣時間,4115,370,0.0899149453219927
medicine,2023,總到院前時間,4115,370,0.0899149453219927
medicine,2023,MISS_現場時間,4115,0,0.0
medicine,2023,MISS_運送時間,4115,0,0.0
medicine,2023,MISS_派遣時間,4115,0,0.0
medicine,2023,MISS_總到院前時間,4115,0,0.0
medicine,2023,MAP,4115,575,0.13973268529769137
medicine,2023,MISS_MAP,4115,0,0.0
medicine,2023,SI,4115,109,0.02648845686512758
medicine,2023,MISS_SI,4115,0,0.0
medicine,2023,mSI,4115,575,0.13973268529769137
medicine,2023,MISS_mSI,4115,0,0.0
medicine,2023,aSI,4115,112,0.02721749696233293
medicine,2023,MISS_aSI,4115,0,0.0
medicine,2023,rSI,4115,109,0.02648845686512758
medicine,2023,MISS_rSI,4115,0,0.0
medicine,2023,rSIG,4115,137,0.03329283110571082
medicine,2023,MISS_rSIG,4115,0,0.0
medicine,2023,rSIG_Age,4115,140,0.03402187120291616
medicine,2023,MISS_rSIG_Age,4115,0,0.0
medicine,2023,SI_G,4115,137,0.03329283110571082
medicine,2023,MISS_SI_G,4115,0,0.0
medicine,2023,SIA_G,4115,140,0.03402187120291616
medicine,2023,MISS_SIA_G,4115,0,0.0
medicine,2023,SIAVPU,4115,109,0.02648845686512758
medicine,2023,MISS_SIAVPU,4115,0,0.0
medicine,2023,sMS,4115,133,0.03232077764277035
medicine,2023,MISS_sMS,4115,0,0.0
medicine,2023,rSI_sMS,4115,136,0.0330498177399757
medicine,2023,MISS_rSI_sMS,4115,0,0.0
medicine,2023,rSI_GCS,4115,137,0.03329283110571082
medicine,2023,MISS_rSI_GCS,4115,0,0.0
medicine,2023,rSI_GCSM,4115,136,0.0330498177399757
medicine,2023,MISS_rSI_GCSM,4115,0,0.0
medicine,2023,qSOFA,4115,109,0.02648845686512758
medicine,2023,qSOFA_available,4115,0,0.0
medicine,2023,qSOFA_observed_components,4115,0,0.0
medicine,2023,qSOFA_required_components,4115,0,0.0
medicine,2023,MISS_qSOFA,4115,0,0.0
medicine,2023,NEWS2,4115,3333,0.8099635479951397
medicine,2023,NEWS2_available,4115,0,0.0
medicine,2023,NEWS2_observed_components,4115,0,0.0
medicine,2023,NEWS2_required_components,4115,0,0.0
medicine,2023,MISS_NEWS2,4115,0,0.0
medicine,2023,MEWS,4115,110,0.026731470230862697
medicine,2023,MEWS_available,4115,0,0.0
medicine,2023,MEWS_observed_components,4115,0,0.0
medicine,2023,MEWS_required_components,4115,0,0.0
medicine,2023,MISS_MEWS,4115,0,0.0
medicine,2023,REMS,4115,600,0.14580801944106925
medicine,2023,REMS_available,4115,0,0.0
medicine,2023,REMS_observed_components,4115,0,0.0
medicine,2023,REMS_required_components,4115,0,0.0
medicine,2023,MISS_REMS,4115,0,0.0
medicine,2023,RTS,4115,137,0.03329283110571082
medicine,2023,RTS_available,4115,0,0.0
medicine,2023,RTS_observed_components,4115,0,0.0
medicine,2023,RTS_required_components,4115,0,0.0
medicine,2023,MISS_RTS,4115,0,0.0
medicine,2023,kw_ohca,4115,0,0.0
medicine,2023,kw_chest_pain,4115,0,0.0
medicine,2023,kw_dyspnea,4115,0,0.0
medicine,2023,kw_bleeding,4115,0,0.0
medicine,2023,kw_stroke,4115,0,0.0
medicine,2023,kw_trauma,4115,0,0.0
medicine,2023,kw_seizure,4115,0,0.0
medicine,2023,kw_unconscious,4115,0,0.0
medicine,2023,is_text_missing,4115,0,0.0
medicine,2023,text_source_count,4115,0,0.0
medicine,2023,text_char_count,4115,0,0.0
medicine,2024,EMT_年齡,4770,3,0.0006289308176100629
medicine,2024,MISS_EMT_年齡,4770,0,0.0
medicine,2024,MISSREASON_EMT_年齡__source_missing,4770,0,0.0
medicine,2024,MISSREASON_EMT_年齡__not_measured,4770,0,0.0
medicine,2024,MISSREASON_EMT_年齡__sentinel,4770,0,0.0
medicine,2024,MISSREASON_EMT_年齡__invalid_or_out_of_range,4770,0,0.0
medicine,2024,EMT_發生地點_到慈濟_開車km,4770,2,0.0004192872117400419
medicine,2024,MISS_EMT_發生地點_到慈濟_開車km,4770,0,0.0
medicine,2024,MISSREASON_EMT_發生地點_到慈濟_開車km__source_missing,4770,0,0.0
medicine,2024,MISSREASON_EMT_發生地點_到慈濟_開車km__not_measured,4770,0,0.0
medicine,2024,MISSREASON_EMT_發生地點_到慈濟_開車km__sentinel,4770,0,0.0
medicine,2024,MISSREASON_EMT_發生地點_到慈濟_開車km__invalid_or_out_of_range,4770,0,0.0
medicine,2024,EMT_發生地點_到慈濟_直線km,4770,2,0.0004192872117400419
medicine,2024,MISS_EMT_發生地點_到慈濟_直線km,4770,0,0.0
medicine,2024,MISSREASON_EMT_發生地點_到慈濟_直線km__source_missing,4770,0,0.0
medicine,2024,MISSREASON_EMT_發生地點_到慈濟_直線km__not_measured,4770,0,0.0
medicine,2024,MISSREASON_EMT_發生地點_到慈濟_直線km__sentinel,4770,0,0.0
medicine,2024,MISSREASON_EMT_發生地點_到慈濟_直線km__invalid_or_out_of_range,4770,0,0.0
medicine,2024,EMT_反應時間分,4770,17,0.0035639412997903563
medicine,2024,MISS_EMT_反應時間分,4770,0,0.0
medicine,2024,MISSREASON_EMT_反應時間分__source_missing,4770,0,0.0
medicine,2024,MISSREASON_EMT_反應時間分__not_measured,4770,0,0.0
medicine,2024,MISSREASON_EMT_反應時間分__sentinel,4770,0,0.0
medicine,2024,MISSREASON_EMT_反應時間分__invalid_or_out_of_range,4770,0,0.0
medicine,2024,EMT_現場停留分,4770,12,0.0025157232704402514
medicine,2024,MISS_EMT_現場停留分,4770,0,0.0
medicine,2024,MISSREASON_EMT_現場停留分__source_missing,4770,0,0.0
medicine,2024,MISSREASON_EMT_現場停留分__not_measured,4770,0,0.0
medicine,2024,MISSREASON_EMT_現場停留分__sentinel,4770,0,0.0
medicine,2024,MISSREASON_EMT_現場停留分__invalid_or_out_of_range,4770,0,0.0
medicine,2024,EMT_送醫途中分,4770,12,0.0025157232704402514
medicine,2024,MISS_EMT_送醫途中分,4770,0,0.0
medicine,2024,MISSREASON_EMT_送醫途中分__source_missing,4770,0,0.0
medicine,2024,MISSREASON_EMT_送醫途中分__not_measured,4770,0,0.0
medicine,2024,MISSREASON_EMT_送醫途中分__sentinel,4770,0,0.0
medicine,2024,MISSREASON_EMT_送醫途中分__invalid_or_out_of_range,4770,0,0.0
medicine,2024,EMT_現場_舒張壓,4770,4770,1.0
medicine,2024,MISS_EMT_現場_舒張壓,4770,0,0.0
medicine,2024,MISSREASON_EMT_現場_舒張壓__source_missing,4770,0,0.0
medicine,2024,MISSREASON_EMT_現場_舒張壓__not_measured,4770,0,0.0
medicine,2024,MISSREASON_EMT_現場_舒張壓__sentinel,4770,0,0.0
medicine,2024,MISSREASON_EMT_現場_舒張壓__invalid_or_out_of_range,4770,0,0.0
medicine,2024,EMT_現場_脈搏,4770,171,0.035849056603773584
medicine,2024,MISS_EMT_現場_脈搏,4770,0,0.0
medicine,2024,MISSREASON_EMT_現場_脈搏__source_missing,4770,0,0.0
medicine,2024,MISSREASON_EMT_現場_脈搏__not_measured,4770,0,0.0
medicine,2024,MISSREASON_EMT_現場_脈搏__sentinel,4770,0,0.0
medicine,2024,MISSREASON_EMT_現場_脈搏__invalid_or_out_of_range,4770,0,0.0
medicine,2024,EMT_現場_呼吸,4770,171,0.035849056603773584
medicine,2024,MISS_EMT_現場_呼吸,4770,0,0.0
medicine,2024,MISSREASON_EMT_現場_呼吸__source_missing,4770,0,0.0
medicine,2024,MISSREASON_EMT_現場_呼吸__not_measured,4770,0,0.0
medicine,2024,MISSREASON_EMT_現場_呼吸__sentinel,4770,0,0.0
medicine,2024,MISSREASON_EMT_現場_呼吸__invalid_or_out_of_range,4770,0,0.0
medicine,2024,EMT_現場_SPO2,4770,192,0.04025157232704402
medicine,2024,MISS_EMT_現場_SPO2,4770,0,0.0
medicine,2024,MISSREASON_EMT_現場_SPO2__source_missing,4770,0,0.0
medicine,2024,MISSREASON_EMT_現場_SPO2__not_measured,4770,0,0.0
medicine,2024,MISSREASON_EMT_現場_SPO2__sentinel,4770,0,0.0
medicine,2024,MISSREASON_EMT_現場_SPO2__invalid_or_out_of_range,4770,0,0.0
medicine,2024,EMT_現場_體溫,4770,177,0.03710691823899371
medicine,2024,MISS_EMT_現場_體溫,4770,0,0.0
medicine,2024,MISSREASON_EMT_現場_體溫__source_missing,4770,0,0.0
medicine,2024,MISSREASON_EMT_現場_體溫__not_measured,4770,0,0.0
medicine,2024,MISSREASON_EMT_現場_體溫__sentinel,4770,0,0.0
medicine,2024,MISSREASON_EMT_現場_體溫__invalid_or_out_of_range,4770,0,0.0
medicine,2024,EMT_現場_GCS,4770,225,0.04716981132075472
medicine,2024,MISS_EMT_現場_GCS,4770,0,0.0
medicine,2024,MISSREASON_EMT_現場_GCS__source_missing,4770,0,0.0
medicine,2024,MISSREASON_EMT_現場_GCS__not_measured,4770,0,0.0
medicine,2024,MISSREASON_EMT_現場_GCS__sentinel,4770,0,0.0
medicine,2024,MISSREASON_EMT_現場_GCS__invalid_or_out_of_range,4770,0,0.0
medicine,2024,EMT_現場_GCS_E,4770,219,0.04591194968553459
medicine,2024,MISS_EMT_現場_GCS_E,4770,0,0.0
medicine,2024,MISSREASON_EMT_現場_GCS_E__source_missing,4770,0,0.0
medicine,2024,MISSREASON_EMT_現場_GCS_E__not_measured,4770,0,0.0
medicine,2024,MISSREASON_EMT_現場_GCS_E__sentinel,4770,0,0.0
medicine,2024,MISSREASON_EMT_現場_GCS_E__invalid_or_out_of_range,4770,0,0.0
medicine,2024,EMT_現場_GCS_V,4770,224,0.0469601677148847
medicine,2024,MISS_EMT_現場_GCS_V,4770,0,0.0
medicine,2024,MISSREASON_EMT_現場_GCS_V__source_missing,4770,0,0.0
medicine,2024,MISSREASON_EMT_現場_GCS_V__not_measured,4770,0,0.0
medicine,2024,MISSREASON_EMT_現場_GCS_V__sentinel,4770,0,0.0
medicine,2024,MISSREASON_EMT_現場_GCS_V__invalid_or_out_of_range,4770,0,0.0
medicine,2024,EMT_現場_GCS_M,4770,218,0.04570230607966457
medicine,2024,MISS_EMT_現場_GCS_M,4770,0,0.0
medicine,2024,MISSREASON_EMT_現場_GCS_M__source_missing,4770,0,0.0
medicine,2024,MISSREASON_EMT_現場_GCS_M__not_measured,4770,0,0.0
medicine,2024,MISSREASON_EMT_現場_GCS_M__sentinel,4770,0,0.0
medicine,2024,MISSREASON_EMT_現場_GCS_M__invalid_or_out_of_range,4770,0,0.0
medicine,2024,EMT_車上_舒張壓,4770,764,0.16016771488469603
medicine,2024,MISS_EMT_車上_舒張壓,4770,0,0.0
medicine,2024,MISSREASON_EMT_車上_舒張壓__source_missing,4770,0,0.0
medicine,2024,MISSREASON_EMT_車上_舒張壓__not_measured,4770,0,0.0
medicine,2024,MISSREASON_EMT_車上_舒張壓__sentinel,4770,0,0.0
medicine,2024,MISSREASON_EMT_車上_舒張壓__invalid_or_out_of_range,4770,0,0.0
medicine,2024,EMT_車上_脈搏,4770,661,0.13857442348008386
medicine,2024,MISS_EMT_車上_脈搏,4770,0,0.0
medicine,2024,MISSREASON_EMT_車上_脈搏__source_missing,4770,0,0.0
medicine,2024,MISSREASON_EMT_車上_脈搏__not_measured,4770,0,0.0
medicine,2024,MISSREASON_EMT_車上_脈搏__sentinel,4770,0,0.0
medicine,2024,MISSREASON_EMT_車上_脈搏__invalid_or_out_of_range,4770,0,0.0
medicine,2024,EMT_車上_呼吸,4770,661,0.13857442348008386
medicine,2024,MISS_EMT_車上_呼吸,4770,0,0.0
medicine,2024,MISSREASON_EMT_車上_呼吸__source_missing,4770,0,0.0
medicine,2024,MISSREASON_EMT_車上_呼吸__not_measured,4770,0,0.0
medicine,2024,MISSREASON_EMT_車上_呼吸__sentinel,4770,0,0.0
medicine,2024,MISSREASON_EMT_車上_呼吸__invalid_or_out_of_range,4770,0,0.0
medicine,2024,EMT_車上_SPO2,4770,660,0.13836477987421383
medicine,2024,MISS_EMT_車上_SPO2,4770,0,0.0
medicine,2024,MISSREASON_EMT_車上_SPO2__source_missing,4770,0,0.0
medicine,2024,MISSREASON_EMT_車上_SPO2__not_measured,4770,0,0.0
medicine,2024,MISSREASON_EMT_車上_SPO2__sentinel,4770,0,0.0
medicine,2024,MISSREASON_EMT_車上_SPO2__invalid_or_out_of_range,4770,0,0.0
medicine,2024,EMT_車上_體溫,4770,661,0.13857442348008386
medicine,2024,MISS_EMT_車上_體溫,4770,0,0.0
medicine,2024,MISSREASON_EMT_車上_體溫__source_missing,4770,0,0.0
medicine,2024,MISSREASON_EMT_車上_體溫__not_measured,4770,0,0.0
medicine,2024,MISSREASON_EMT_車上_體溫__sentinel,4770,0,0.0
medicine,2024,MISSREASON_EMT_車上_體溫__invalid_or_out_of_range,4770,0,0.0
medicine,2024,EMT_車上_GCS,4770,226,0.04737945492662474
medicine,2024,MISS_EMT_車上_GCS,4770,0,0.0
medicine,2024,MISSREASON_EMT_車上_GCS__source_missing,4770,0,0.0
medicine,2024,MISSREASON_EMT_車上_GCS__not_measured,4770,0,0.0
medicine,2024,MISSREASON_EMT_車上_GCS__sentinel,4770,0,0.0
medicine,2024,MISSREASON_EMT_車上_GCS__invalid_or_out_of_range,4770,0,0.0
medicine,2024,EMT_車上_GCS_E,4770,217,0.04549266247379455
medicine,2024,MISS_EMT_車上_GCS_E,4770,0,0.0
medicine,2024,MISSREASON_EMT_車上_GCS_E__source_missing,4770,0,0.0
medicine,2024,MISSREASON_EMT_車上_GCS_E__not_measured,4770,0,0.0
medicine,2024,MISSREASON_EMT_車上_GCS_E__sentinel,4770,0,0.0
medicine,2024,MISSREASON_EMT_車上_GCS_E__invalid_or_out_of_range,4770,0,0.0
medicine,2024,EMT_車上_GCS_V,4770,225,0.04716981132075472
medicine,2024,MISS_EMT_車上_GCS_V,4770,0,0.0
medicine,2024,MISSREASON_EMT_車上_GCS_V__source_missing,4770,0,0.0
medicine,2024,MISSREASON_EMT_車上_GCS_V__not_measured,4770,0,0.0
medicine,2024,MISSREASON_EMT_車上_GCS_V__sentinel,4770,0,0.0
medicine,2024,MISSREASON_EMT_車上_GCS_V__invalid_or_out_of_range,4770,0,0.0
medicine,2024,EMT_車上_GCS_M,4770,216,0.045283018867924525
medicine,2024,MISS_EMT_車上_GCS_M,4770,0,0.0
medicine,2024,MISSREASON_EMT_車上_GCS_M__source_missing,4770,0,0.0
medicine,2024,MISSREASON_EMT_車上_GCS_M__not_measured,4770,0,0.0
medicine,2024,MISSREASON_EMT_車上_GCS_M__sentinel,4770,0,0.0
medicine,2024,MISSREASON_EMT_車上_GCS_M__invalid_or_out_of_range,4770,0,0.0
medicine,2024,EMT_生命徵象量測次數,4770,487,0.10209643605870021
medicine,2024,MISS_EMT_生命徵象量測次數,4770,0,0.0
medicine,2024,MISSREASON_EMT_生命徵象量測次數__source_missing,4770,0,0.0
medicine,2024,MISSREASON_EMT_生命徵象量測次數__not_measured,4770,0,0.0
medicine,2024,MISSREASON_EMT_生命徵象量測次數__sentinel,4770,0,0.0
medicine,2024,MISSREASON_EMT_生命徵象量測次數__invalid_or_out_of_range,4770,0,0.0
medicine,2024,EMT_問卷_疼痛指數,4770,2547,0.5339622641509434
medicine,2024,MISS_EMT_問卷_疼痛指數,4770,0,0.0
medicine,2024,MISSREASON_EMT_問卷_疼痛指數__source_missing,4770,0,0.0
medicine,2024,MISSREASON_EMT_問卷_疼痛指數__not_measured,4770,0,0.0
medicine,2024,MISSREASON_EMT_問卷_疼痛指數__sentinel,4770,0,0.0
medicine,2024,MISSREASON_EMT_問卷_疼痛指數__invalid_or_out_of_range,4770,0,0.0
medicine,2024,EMT_問卷_左瞳孔尺寸mm,4770,682,0.1429769392033543
medicine,2024,MISS_EMT_問卷_左瞳孔尺寸mm,4770,0,0.0
medicine,2024,MISSREASON_EMT_問卷_左瞳孔尺寸mm__source_missing,4770,0,0.0
medicine,2024,MISSREASON_EMT_問卷_左瞳孔尺寸mm__not_measured,4770,0,0.0
medicine,2024,MISSREASON_EMT_問卷_左瞳孔尺寸mm__sentinel,4770,0,0.0
medicine,2024,MISSREASON_EMT_問卷_左瞳孔尺寸mm__invalid_or_out_of_range,4770,0,0.0
medicine,2024,EMT_問卷_右瞳孔尺寸mm,4770,681,0.14276729559748427
medicine,2024,MISS_EMT_問卷_右瞳孔尺寸mm,4770,0,0.0
medicine,2024,MISSREASON_EMT_問卷_右瞳孔尺寸mm__source_missing,4770,0,0.0
medicine,2024,MISSREASON_EMT_問卷_右瞳孔尺寸mm__not_measured,4770,0,0.0
medicine,2024,MISSREASON_EMT_問卷_右瞳孔尺寸mm__sentinel,4770,0,0.0
medicine,2024,MISSREASON_EMT_問卷_右瞳孔尺寸mm__invalid_or_out_of_range,4770,0,0.0
medicine,2024,EMT_問卷_血糖值mgdl,4770,3375,0.7075471698113207
medicine,2024,MISS_EMT_問卷_血糖值mgdl,4770,0,0.0
medicine,2024,MISSREASON_EMT_問卷_血糖值mgdl__source_missing,4770,0,0.0
medicine,2024,MISSREASON_EMT_問卷_血糖值mgdl__not_measured,4770,0,0.0
medicine,2024,MISSREASON_EMT_問卷_血糖值mgdl__sentinel,4770,0,0.0
medicine,2024,MISSREASON_EMT_問卷_血糖值mgdl__invalid_or_out_of_range,4770,0,0.0
medicine,2024,EMT_問卷_氧氣流量Lmin,4770,3823,0.8014675052410901
medicine,2024,MISS_EMT_問卷_氧氣流量Lmin,4770,0,0.0
medicine,2024,MISSREASON_EMT_問卷_氧氣流量Lmin__source_missing,4770,0,0.0
medicine,2024,MISSREASON_EMT_問卷_氧氣流量Lmin__not_measured,4770,0,0.0
medicine,2024,MISSREASON_EMT_問卷_氧氣流量Lmin__sentinel,4770,0,0.0
medicine,2024,MISSREASON_EMT_問卷_氧氣流量Lmin__invalid_or_out_of_range,4770,0,0.0
medicine,2024,EMT_問卷_靜脈輸液量ml,4770,4404,0.9232704402515723
medicine,2024,MISS_EMT_問卷_靜脈輸液量ml,4770,0,0.0
medicine,2024,MISSREASON_EMT_問卷_靜脈輸液量ml__source_missing,4770,0,0.0
medicine,2024,MISSREASON_EMT_問卷_靜脈輸液量ml__not_measured,4770,0,0.0
medicine,2024,MISSREASON_EMT_問卷_靜脈輸液量ml__sentinel,4770,0,0.0
medicine,2024,MISSREASON_EMT_問卷_靜脈輸液量ml__invalid_or_out_of_range,4770,0,0.0
medicine,2024,EMT_體重,4770,549,0.11509433962264151
medicine,2024,MISS_EMT_體重,4770,0,0.0
medicine,2024,MISSREASON_EMT_體重__source_missing,4770,0,0.0
medicine,2024,MISSREASON_EMT_體重__not_measured,4770,0,0.0
medicine,2024,MISSREASON_EMT_體重__sentinel,4770,0,0.0
medicine,2024,MISSREASON_EMT_體重__invalid_or_out_of_range,4770,0,0.0
medicine,2024,EMT_燒燙傷一級%,4770,487,0.10209643605870021
medicine,2024,MISS_EMT_燒燙傷一級%,4770,0,0.0
medicine,2024,MISSREASON_EMT_燒燙傷一級%__source_missing,4770,0,0.0
medicine,2024,MISSREASON_EMT_燒燙傷一級%__not_measured,4770,0,0.0
medicine,2024,MISSREASON_EMT_燒燙傷一級%__sentinel,4770,0,0.0
medicine,2024,MISSREASON_EMT_燒燙傷一級%__invalid_or_out_of_range,4770,0,0.0
medicine,2024,EMT_燒燙傷二級%,4770,487,0.10209643605870021
medicine,2024,MISS_EMT_燒燙傷二級%,4770,0,0.0
medicine,2024,MISSREASON_EMT_燒燙傷二級%__source_missing,4770,0,0.0
medicine,2024,MISSREASON_EMT_燒燙傷二級%__not_measured,4770,0,0.0
medicine,2024,MISSREASON_EMT_燒燙傷二級%__sentinel,4770,0,0.0
medicine,2024,MISSREASON_EMT_燒燙傷二級%__invalid_or_out_of_range,4770,0,0.0
medicine,2024,EMT_燒燙傷三級%,4770,487,0.10209643605870021
medicine,2024,MISS_EMT_燒燙傷三級%,4770,0,0.0
medicine,2024,MISSREASON_EMT_燒燙傷三級%__source_missing,4770,0,0.0
medicine,2024,MISSREASON_EMT_燒燙傷三級%__not_measured,4770,0,0.0
medicine,2024,MISSREASON_EMT_燒燙傷三級%__sentinel,4770,0,0.0
medicine,2024,MISSREASON_EMT_燒燙傷三級%__invalid_or_out_of_range,4770,0,0.0
medicine,2024,EMT_燒燙傷總%,4770,487,0.10209643605870021
medicine,2024,MISS_EMT_燒燙傷總%,4770,0,0.0
medicine,2024,MISSREASON_EMT_燒燙傷總%__source_missing,4770,0,0.0
medicine,2024,MISSREASON_EMT_燒燙傷總%__not_measured,4770,0,0.0
medicine,2024,MISSREASON_EMT_燒燙傷總%__sentinel,4770,0,0.0
medicine,2024,MISSREASON_EMT_燒燙傷總%__invalid_or_out_of_range,4770,0,0.0
medicine,2024,EMT_城市__台北,4770,0,0.0
medicine,2024,EMT_城市__新北,4770,0,0.0
medicine,2024,EMT_城市__OTHER_RARE,4770,0,0.0
medicine,2024,EMT_城市__MISSING,4770,0,0.0
medicine,2024,EMT_性別__女,4770,0,0.0
medicine,2024,EMT_性別__男,4770,0,0.0
medicine,2024,EMT_性別__OTHER_RARE,4770,0,0.0
medicine,2024,EMT_性別__MISSING,4770,0,0.0
medicine,2024,EMT_送醫路由__家屬指定送醫,4770,0,0.0
medicine,2024,EMT_送醫路由__就近適當,4770,0,0.0
medicine,2024,EMT_送醫路由__指揮中心,4770,0,0.0
medicine,2024,EMT_送醫路由__OTHER_RARE,4770,0,0.0
medicine,2024,EMT_送醫路由__MISSING,4770,0,0.0
medicine,2024,EMT_危急個案__0.0,4770,0,0.0
medicine,2024,EMT_危急個案__1.0,4770,0,0.0
medicine,2024,EMT_危急個案__OTHER_RARE,4770,0,0.0
medicine,2024,EMT_危急個案__MISSING,4770,0,0.0
medicine,2024,EMT_發生地區__三峽區,4770,0,0.0
medicine,2024,EMT_發生地區__三重區,4770,0,0.0
medicine,2024,EMT_發生地區__中和區,4770,0,0.0
medicine,2024,EMT_發生地區__土城區,4770,0,0.0
medicine,2024,EMT_發生地區__坪林區,4770,0,0.0
medicine,2024,EMT_發生地區__市文山區,4770,0,0.0
medicine,2024,EMT_發生地區__新店區,4770,0,0.0
medicine,2024,EMT_發生地區__新莊區,4770,0,0.0
medicine,2024,EMT_發生地區__板橋區,4770,0,0.0
medicine,2024,EMT_發生地區__樹林區,4770,0,0.0
medicine,2024,EMT_發生地區__永和區,4770,0,0.0
medicine,2024,EMT_發生地區__深坑區,4770,0,0.0
medicine,2024,EMT_發生地區__烏來區,4770,0,0.0
medicine,2024,EMT_發生地區__石碇區,4770,0,0.0
medicine,2024,EMT_發生地區__蘆洲區,4770,0,0.0
medicine,2024,EMT_發生地區__OTHER_RARE,4770,0,0.0
medicine,2024,EMT_發生地區__MISSING,4770,0,0.0
medicine,2024,EMT_距離_定位信心__Google地標,4770,0,0.0
medicine,2024,EMT_距離_定位信心__區內概略,4770,0,0.0
medicine,2024,EMT_距離_定位信心__國道概略,4770,0,0.0
medicine,2024,EMT_距離_定位信心__無,4770,0,0.0
medicine,2024,EMT_距離_定位信心__號,4770,0,0.0
medicine,2024,EMT_距離_定位信心__路名概略(OSM),4770,0,0.0
medicine,2024,EMT_距離_定位信心__路段中心,4770,0,0.0
medicine,2024,EMT_距離_定位信心__OTHER_RARE,4770,0,0.0
medicine,2024,EMT_距離_定位信心__MISSING,4770,0,0.0
medicine,2024,EMT_現場_意識__否,4770,0,0.0
medicine,2024,EMT_現場_意識__清,4770,0,0.0
medicine,2024,EMT_現場_意識__痛,4770,0,0.0
medicine,2024,EMT_現場_意識__聲,4770,0,0.0
medicine,2024,EMT_現場_意識__OTHER_RARE,4770,0,0.0
medicine,2024,EMT_現場_意識__MISSING,4770,0,0.0
medicine,2024,EMT_派遣分類__BLS,4770,0,0.0
medicine,2024,EMT_派遣分類__OTHER_RARE,4770,0,0.0
medicine,2024,EMT_派遣分類__MISSING,4770,0,0.0
medicine,2024,EMT_派遣原因__救護,4770,0,0.0
medicine,2024,EMT_派遣原因__救護-一般受傷,4770,0,0.0
medicine,2024,EMT_派遣原因__救護-其它,4770,0,0.0
medicine,2024,EMT_派遣原因__救護-割腕,4770,0,0.0
medicine,2024,EMT_派遣原因__救護-吞食藥物,4770,0,0.0
medicine,2024,EMT_派遣原因__救護-孕婦待產,4770,0,0.0
medicine,2024,EMT_派遣原因__救護-急病,4770,0,0.0
medicine,2024,EMT_派遣原因__救護-打架受傷,4770,0,0.0
medicine,2024,EMT_派遣原因__救護-精神異常,4770,0,0.0
medicine,2024,EMT_派遣原因__救護-路倒,4770,0,0.0
medicine,2024,EMT_派遣原因__救護-車禍,4770,0,0.0
medicine,2024,EMT_派遣原因__火警-集合住宅,4770,0,0.0
medicine,2024,EMT_派遣原因__緊急救援-其他,4770,0,0.0
medicine,2024,EMT_派遣原因__緊急救援-車禍救助,4770,0,0.0
medicine,2024,EMT_派遣原因__OTHER_RARE,4770,0,0.0
medicine,2024,EMT_派遣原因__MISSING,4770,0,0.0
medicine,2024,EMT_問卷_創傷導致的主訴群__肢體麻痺,4770,0,0.0
medicine,2024,EMT_問卷_創傷導致的主訴群__背部疼痛,4770,0,0.0
medicine,2024,EMT_問卷_創傷導致的主訴群__胸痛/悶,4770,0,0.0
medicine,2024,EMT_問卷_創傷導致的主訴群__OTHER_RARE,4770,0,0.0
medicine,2024,EMT_問卷_創傷導致的主訴群__MISSING,4770,0,0.0
medicine,2024,EMT_問卷_頸椎固定__GCS<15,4770,0,0.0
medicine,2024,EMT_問卷_頸椎固定__檢查無明顯異常,4770,0,0.0
medicine,2024,EMT_問卷_頸椎固定__肢體運動感覺異常,4770,0,0.0
medicine,2024,EMT_問卷_頸椎固定__轉向困難,4770,0,0.0
medicine,2024,EMT_問卷_頸椎固定__頸椎瘀青疼痛,4770,0,0.0
medicine,2024,EMT_問卷_頸椎固定__OTHER_RARE,4770,0,0.0
medicine,2024,EMT_問卷_頸椎固定__MISSING,4770,0,0.0
medicine,2024,EMT_問卷_膚色__其他,4770,0,0.0
medicine,2024,EMT_問卷_膚色__正常,4770,0,0.0
medicine,2024,EMT_問卷_膚色__溼冷,4770,0,0.0
medicine,2024,EMT_問卷_膚色__潮紅,4770,0,0.0
medicine,2024,EMT_問卷_膚色__發紺,4770,0,0.0
medicine,2024,EMT_問卷_膚色__蒼白,4770,0,0.0
medicine,2024,EMT_問卷_膚色__蒼白、溼冷,4770,0,0.0
medicine,2024,EMT_問卷_膚色__黃疸,4770,0,0.0
medicine,2024,EMT_問卷_膚色__OTHER_RARE,4770,0,0.0
medicine,2024,EMT_問卷_膚色__MISSING,4770,0,0.0
medicine,2024,EMT_問卷_左瞳孔光反射__+,4770,0,0.0
medicine,2024,EMT_問卷_左瞳孔光反射__-,4770,0,0.0
medicine,2024,EMT_問卷_左瞳孔光反射__無法測量,4770,0,0.0
medicine,2024,EMT_問卷_左瞳孔光反射__眼疾,4770,0,0.0
medicine,2024,EMT_問卷_左瞳孔光反射__OTHER_RARE,4770,0,0.0
medicine,2024,EMT_問卷_左瞳孔光反射__MISSING,4770,0,0.0
medicine,2024,EMT_問卷_右瞳孔光反射__+,4770,0,0.0
medicine,2024,EMT_問卷_右瞳孔光反射__-,4770,0,0.0
medicine,2024,EMT_問卷_右瞳孔光反射__無法測量,4770,0,0.0
medicine,2024,EMT_問卷_右瞳孔光反射__眼疾,4770,0,0.0
medicine,2024,EMT_問卷_右瞳孔光反射__OTHER_RARE,4770,0,0.0
medicine,2024,EMT_問卷_右瞳孔光反射__MISSING,4770,0,0.0
medicine,2024,EMT_問卷_氣管位置__其他,4770,0,0.0
medicine,2024,EMT_問卷_氣管位置__正常,4770,0,0.0
medicine,2024,EMT_問卷_氣管位置__OTHER_RARE,4770,0,0.0
medicine,2024,EMT_問卷_氣管位置__MISSING,4770,0,0.0
medicine,2024,EMT_問卷_頸靜脈怒張__其他,4770,0,0.0
medicine,2024,EMT_問卷_頸靜脈怒張__有,4770,0,0.0
medicine,2024,EMT_問卷_頸靜脈怒張__無,4770,0,0.0
medicine,2024,EMT_問卷_頸靜脈怒張__OTHER_RARE,4770,0,0.0
medicine,2024,EMT_問卷_頸靜脈怒張__MISSING,4770,0,0.0
medicine,2024,EMT_問卷_血糖狀態__High,4770,0,0.0
medicine,2024,EMT_問卷_血糖狀態__Low,4770,0,0.0
medicine,2024,EMT_問卷_血糖狀態__否,4770,0,0.0
medicine,2024,EMT_問卷_血糖狀態__否、其他,4770,0,0.0
medicine,2024,EMT_問卷_血糖狀態__否、創傷,4770,0,0.0
medicine,2024,EMT_問卷_血糖狀態__否、拒絕,4770,0,0.0
medicine,2024,EMT_問卷_血糖狀態__否、躁動,4770,0,0.0
medicine,2024,EMT_問卷_血糖狀態__血糖值紀錄,4770,0,0.0
medicine,2024,EMT_問卷_血糖狀態__OTHER_RARE,4770,0,0.0
medicine,2024,EMT_問卷_血糖狀態__MISSING,4770,0,0.0
medicine,2024,EMT_問卷_靜脈輸液種類__0.9%N.S.,4770,0,0.0
medicine,2024,EMT_問卷_靜脈輸液種類__5%G.W.,4770,0,0.0
medicine,2024,EMT_問卷_靜脈輸液種類__50%G.W.,4770,0,0.0
medicine,2024,EMT_問卷_靜脈輸液種類__IV,4770,0,0.0
medicine,2024,EMT_問卷_靜脈輸液種類__OTHER_RARE,4770,0,0.0
medicine,2024,EMT_問卷_靜脈輸液種類__MISSING,4770,0,0.0
medicine,2024,EMT_推定派遣類別__中毒/自傷,4770,0,0.0
medicine,2024,EMT_推定派遣類別__交通事故傷,4770,0,0.0
medicine,2024,EMT_推定派遣類別__內科急病,4770,0,0.0
medicine,2024,EMT_推定派遣類別__其他外傷,4770,0,0.0
medicine,2024,EMT_推定派遣類別__精神行為異常,4770,0,0.0
medicine,2024,EMT_推定派遣類別__路倒/無意識,4770,0,0.0
medicine,2024,EMT_推定派遣類別__OTHER_RARE,4770,0,0.0
medicine,2024,EMT_推定派遣類別__MISSING,4770,0,0.0
medicine,2024,EMT_有燒燙傷__False,4770,0,0.0
medicine,2024,EMT_有燒燙傷__True,4770,0,0.0
medicine,2024,EMT_有燒燙傷__OTHER_RARE,4770,0,0.0
medicine,2024,EMT_有燒燙傷__MISSING,4770,0,0.0
medicine,2024,EMT_心律臆斷__Atrial fibrillation,4770,0,0.0
medicine,2024,EMT_心律臆斷__Normal Sinus Rhythm,4770,0,0.0
medicine,2024,EMT_心律臆斷__ST段下降,4770,0,0.0
medicine,2024,EMT_心律臆斷__Sinus Bradycardia,4770,0,0.0
medicine,2024,EMT_心律臆斷__Sinus Tachycardia,4770,0,0.0
medicine,2024,EMT_心律臆斷__其他波形,4770,0,0.0
medicine,2024,EMT_心律臆斷__OTHER_RARE,4770,0,0.0
medicine,2024,EMT_心律臆斷__MISSING,4770,0,0.0
medicine,2024,"EMT_台北_創傷類型__創傷-一般外傷,肢體外傷,摔跌傷",4770,0,0.0
medicine,2024,"EMT_台北_創傷類型__創傷-一般外傷,頭部外傷,摔跌傷",4770,0,0.0
medicine,2024,EMT_台北_創傷類型__創傷-交通事故(機車),4770,0,0.0
medicine,2024,"EMT_台北_創傷類型__非創傷-一般疾病,噁心嘔吐腹瀉",4770,0,0.0
medicine,2024,"EMT_台北_創傷類型__非創傷-一般疾病,肢體無力",4770,0,0.0
medicine,2024,"EMT_台北_創傷類型__非創傷-一般疾病,頭痛頭暈昏倒昏厥",4770,0,0.0
medicine,2024,EMT_台北_創傷類型__非創傷-呼吸問題,4770,0,0.0
medicine,2024,EMT_台北_創傷類型__非創傷-昏迷,4770,0,0.0
medicine,2024,EMT_台北_創傷類型__非創傷-腹痛,4770,0,0.0
medicine,2024,EMT_台北_創傷類型__OTHER_RARE,4770,0,0.0
medicine,2024,EMT_台北_創傷類型__MISSING,4770,0,0.0
medicine,2024,EMT_特殊表類型__OHCA,4770,0,0.0
medicine,2024,EMT_特殊表類型__呼吸喘/慢/使用呼吸輔助肌肉,4770,0,0.0
medicine,2024,EMT_特殊表類型__心臟不適,4770,0,0.0
medicine,2024,EMT_特殊表類型__癲癇重積,4770,0,0.0
medicine,2024,EMT_特殊表類型__腦中風評估,4770,0,0.0
medicine,2024,EMT_特殊表類型__過敏性休克,4770,0,0.0
medicine,2024,EMT_特殊表類型__OTHER_RARE,4770,0,0.0
medicine,2024,EMT_特殊表類型__MISSING,4770,0,0.0
medicine,2024,EMT_台北_心梗登錄__OTHER_RARE,4770,0,0.0
medicine,2024,EMT_台北_心梗登錄__MISSING,4770,0,0.0
medicine,2024,EMT_台北_中風登錄__OTHER_RARE,4770,0,0.0
medicine,2024,EMT_台北_中風登錄__MISSING,4770,0,0.0
medicine,2024,EMT_台北_CPR停止登錄__OTHER_RARE,4770,0,0.0
medicine,2024,EMT_台北_CPR停止登錄__MISSING,4770,0,0.0
medicine,2024,EMT_問卷_交通事故患者__乘客,4770,0,0.0
medicine,2024,EMT_問卷_交通事故患者__行人,4770,0,0.0
medicine,2024,EMT_問卷_交通事故患者__駕駛,4770,0,0.0
medicine,2024,EMT_問卷_交通事故患者__OTHER_RARE,4770,0,0.0
medicine,2024,EMT_問卷_交通事故患者__MISSING,4770,0,0.0
medicine,2024,EMT_問卷_交通事故種類__人,4770,0,0.0
medicine,2024,EMT_問卷_交通事故種類__人、其他,4770,0,0.0
medicine,2024,EMT_問卷_交通事故種類__其他,4770,0,0.0
medicine,2024,EMT_問卷_交通事故種類__機車,4770,0,0.0
medicine,2024,EMT_問卷_交通事故種類__機車、人,4770,0,0.0
medicine,2024,EMT_問卷_交通事故種類__機車、人、其他,4770,0,0.0
medicine,2024,EMT_問卷_交通事故種類__機車、其他,4770,0,0.0
medicine,2024,EMT_問卷_交通事故種類__機車、腳踏車,4770,0,0.0
medicine,2024,EMT_問卷_交通事故種類__機車、腳踏車、其他,4770,0,0.0
medicine,2024,EMT_問卷_交通事故種類__汽車,4770,0,0.0
medicine,2024,EMT_問卷_交通事故種類__汽車、人,4770,0,0.0
medicine,2024,EMT_問卷_交通事故種類__汽車、人、其他,4770,0,0.0
medicine,2024,EMT_問卷_交通事故種類__汽車、其他,4770,0,0.0
medicine,2024,EMT_問卷_交通事故種類__汽車、機車,4770,0,0.0
medicine,2024,EMT_問卷_交通事故種類__汽車、機車、其他,4770,0,0.0
medicine,2024,EMT_問卷_交通事故種類__汽車、腳踏車,4770,0,0.0
medicine,2024,EMT_問卷_交通事故種類__腳踏車,4770,0,0.0
medicine,2024,EMT_問卷_交通事故種類__腳踏車、其他,4770,0,0.0
medicine,2024,EMT_問卷_交通事故種類__OTHER_RARE,4770,0,0.0
medicine,2024,EMT_問卷_交通事故種類__MISSING,4770,0,0.0
medicine,2024,EMT_問卷_保護裝置狀態__安全帶,4770,0,0.0
medicine,2024,EMT_問卷_保護裝置狀態__安全帽,4770,0,0.0
medicine,2024,EMT_問卷_保護裝置狀態__無,4770,0,0.0
medicine,2024,EMT_問卷_保護裝置狀態__OTHER_RARE,4770,0,0.0
medicine,2024,EMT_問卷_保護裝置狀態__MISSING,4770,0,0.0
medicine,2024,EMT_問卷_非交通事故種類__其他,4770,0,0.0
medicine,2024,EMT_問卷_非交通事故種類__切割,4770,0,0.0
medicine,2024,EMT_問卷_非交通事故種類__墜落,4770,0,0.0
medicine,2024,EMT_問卷_非交通事故種類__壓夾,4770,0,0.0
medicine,2024,EMT_問卷_非交通事故種類__撞擊,4770,0,0.0
medicine,2024,EMT_問卷_非交通事故種類__生物咬螫,4770,0,0.0
medicine,2024,EMT_問卷_非交通事故種類__跌摔,4770,0,0.0
medicine,2024,EMT_問卷_非交通事故種類__鈍毆,4770,0,0.0
medicine,2024,EMT_問卷_非交通事故種類__OTHER_RARE,4770,0,0.0
medicine,2024,EMT_問卷_非交通事故種類__MISSING,4770,0,0.0
medicine,2024,EMT_問卷_危急個案__否,4770,0,0.0
medicine,2024,EMT_問卷_危急個案__是,4770,0,0.0
medicine,2024,EMT_問卷_危急個案__OTHER_RARE,4770,0,0.0
medicine,2024,EMT_問卷_危急個案__MISSING,4770,0,0.0
medicine,2024,EMT_現場_意識_AVPU,4770,0,0.0
medicine,2024,EMT_過去病史__HIV(+),4770,0,0.0
medicine,2024,EMT_過去病史__不詳,4770,0,0.0
medicine,2024,EMT_過去病史__其他,4770,0,0.0
medicine,2024,EMT_過去病史__心臟疾病,4770,0,0.0
medicine,2024,EMT_過去病史__惡性腫瘤,4770,0,0.0
medicine,2024,EMT_過去病史__氣喘,4770,0,0.0
medicine,2024,EMT_過去病史__癲癇,4770,0,0.0
medicine,2024,EMT_過去病史__精神疾病,4770,0,0.0
medicine,2024,EMT_過去病史__糖尿病,4770,0,0.0
medicine,2024,EMT_過去病史__肝臟疾病,4770,0,0.0
medicine,2024,EMT_過去病史__肺臟疾病,4770,0,0.0
medicine,2024,EMT_過去病史__腎臟疾病,4770,0,0.0
medicine,2024,EMT_過去病史__腦血管疾病,4770,0,0.0
medicine,2024,EMT_過去病史__高血壓,4770,0,0.0
medicine,2024,EMT_過去病史__OTHER_RARE,4770,0,0.0
medicine,2024,EMT_過去病史__source_available,4770,0,0.0
medicine,2024,EMT_過去病史__explicit_none,4770,0,0.0
medicine,2024,EMT_過去病史__source_missing,4770,0,0.0
medicine,2024,EMT_過敏史__不清楚,4770,0,0.0
medicine,2024,EMT_過敏史__不詳,4770,0,0.0
medicine,2024,EMT_過敏史__其他,4770,0,0.0
medicine,2024,EMT_過敏史__藥物,4770,0,0.0
medicine,2024,EMT_過敏史__食物,4770,0,0.0
medicine,2024,EMT_過敏史__OTHER_RARE,4770,0,0.0
medicine,2024,EMT_過敏史__source_available,4770,0,0.0
medicine,2024,EMT_過敏史__explicit_none,4770,0,0.0
medicine,2024,EMT_過敏史__source_missing,4770,0,0.0
medicine,2024,EMT_主訴_結構化__OHCA,4770,0,0.0
medicine,2024,EMT_主訴_結構化__上腹痛,4770,0,0.0
medicine,2024,EMT_主訴_結構化__下腹痛,4770,0,0.0
medicine,2024,EMT_主訴_結構化__其他,4770,0,0.0
medicine,2024,EMT_主訴_結構化__冒冷汗,4770,0,0.0
medicine,2024,EMT_主訴_結構化__吐.咳血,4770,0,0.0
medicine,2024,EMT_主訴_結構化__呼吸喘.慢.使用輔助肌,4770,0,0.0
medicine,2024,EMT_主訴_結構化__呼吸道梗塞,4770,0,0.0
medicine,2024,EMT_主訴_結構化__嘔吐.噁心,4770,0,0.0
medicine,2024,EMT_主訴_結構化__心臟不適,4770,0,0.0
medicine,2024,EMT_主訴_結構化__急產,4770,0,0.0
medicine,2024,EMT_主訴_結構化__急產（接生）,4770,0,0.0
medicine,2024,EMT_主訴_結構化__挫.擦傷,4770,0,0.0
medicine,2024,EMT_主訴_結構化__撕裂.切割傷,4770,0,0.0
medicine,2024,EMT_主訴_結構化__斷肢,4770,0,0.0
medicine,2024,EMT_主訴_結構化__昏厥,4770,0,0.0
medicine,2024,EMT_主訴_結構化__無意識.意識不清,4770,0,0.0
medicine,2024,EMT_主訴_結構化__燒燙傷,4770,0,0.0
medicine,2024,EMT_主訴_結構化__疑似一氧化碳中毒,4770,0,0.0
medicine,2024,EMT_主訴_結構化__疑似毒物.氣中毒,4770,0,0.0
medicine,2024,EMT_主訴_結構化__疑似藥物過量,4770,0,0.0
medicine,2024,EMT_主訴_結構化__癲癇.抽搐,4770,0,0.0
medicine,2024,EMT_主訴_結構化__發燒.發冷,4770,0,0.0
medicine,2024,EMT_主訴_結構化__碎裂傷,4770,0,0.0
medicine,2024,EMT_主訴_結構化__穿刺傷,4770,0,0.0
medicine,2024,EMT_主訴_結構化__肢體無力,4770,0,0.0
medicine,2024,EMT_主訴_結構化__肢體疼痛,4770,0,0.0
medicine,2024,EMT_主訴_結構化__肢體麻痺,4770,0,0.0
medicine,2024,EMT_主訴_結構化__背.肩痛,4770,0,0.0
medicine,2024,EMT_主訴_結構化__胸痛.悶,4770,0,0.0
medicine,2024,EMT_主訴_結構化__腹瀉,4770,0,0.0
medicine,2024,EMT_主訴_結構化__虛弱,4770,0,0.0
medicine,2024,EMT_主訴_結構化__血便.尿,4770,0,0.0
medicine,2024,EMT_主訴_結構化__血腫,4770,0,0.0
medicine,2024,EMT_主訴_結構化__行為神智異常,4770,0,0.0
medicine,2024,EMT_主訴_結構化__過敏,4770,0,0.0
medicine,2024,EMT_主訴_結構化__非外傷出血,4770,0,0.0
medicine,2024,EMT_主訴_結構化__頭暈,4770,0,0.0
medicine,2024,EMT_主訴_結構化__頭痛,4770,0,0.0
medicine,2024,EMT_主訴_結構化__骨折.脫位,4770,0,0.0
medicine,2024,EMT_主訴_結構化__OTHER_RARE,4770,0,0.0
medicine,2024,EMT_主訴_結構化__source_available,4770,0,0.0
medicine,2024,EMT_主訴_結構化__explicit_none,4770,0,0.0
medicine,2024,EMT_主訴_結構化__source_missing,4770,0,0.0
medicine,2024,EMT_紅旗__DNR.放棄急救,4770,0,0.0
medicine,2024,EMT_紅旗__休克.低血壓,4770,0,0.0
medicine,2024,EMT_紅旗__呼吸窘迫.低血氧,4770,0,0.0
medicine,2024,EMT_紅旗__大出血,4770,0,0.0
medicine,2024,EMT_紅旗__心跳呼吸停止.PEA,4770,0,0.0
medicine,2024,EMT_紅旗__意識改變,4770,0,0.0
medicine,2024,EMT_紅旗__抽搐,4770,0,0.0
medicine,2024,EMT_紅旗__疑似中風,4770,0,0.0
medicine,2024,EMT_紅旗__胸痛疑似ACS,4770,0,0.0
medicine,2024,EMT_紅旗__OTHER_RARE,4770,0,0.0
medicine,2024,EMT_紅旗__source_available,4770,0,0.0
medicine,2024,EMT_紅旗__explicit_none,4770,0,0.0
medicine,2024,EMT_紅旗__source_missing,4770,0,0.0
medicine,2024,EMT_創傷機轉_合併__交通-機車,4770,0,0.0
medicine,2024,EMT_創傷機轉_合併__交通-汽車,4770,0,0.0
medicine,2024,EMT_創傷機轉_合併__交通-腳踏車,4770,0,0.0
medicine,2024,EMT_創傷機轉_合併__交通-行人,4770,0,0.0
medicine,2024,EMT_創傷機轉_合併__其他外傷,4770,0,0.0
medicine,2024,EMT_創傷機轉_合併__燒燙,4770,0,0.0
medicine,2024,EMT_創傷機轉_合併__生物咬螫,4770,0,0.0
medicine,2024,EMT_創傷機轉_合併__穿刺切割,4770,0,0.0
medicine,2024,EMT_創傷機轉_合併__跌落墜落,4770,0,0.0
medicine,2024,EMT_創傷機轉_合併__鈍傷撞擊,4770,0,0.0
medicine,2024,EMT_創傷機轉_合併__OTHER_RARE,4770,0,0.0
medicine,2024,EMT_創傷機轉_合併__source_available,4770,0,0.0
medicine,2024,EMT_創傷機轉_合併__explicit_none,4770,0,0.0
medicine,2024,EMT_創傷機轉_合併__source_missing,4770,0,0.0
medicine,2024,EMT_處置_合併__CPR,4770,0,0.0
medicine,2024,EMT_處置_合併__保暖,4770,0,0.0
medicine,2024,EMT_處置_合併__傷口處置,4770,0,0.0
medicine,2024,EMT_處置_合併__固定,4770,0,0.0
medicine,2024,EMT_處置_合併__心理支持,4770,0,0.0
medicine,2024,EMT_處置_合併__生命徵象監測,4770,0,0.0
medicine,2024,EMT_處置_合併__給氧,4770,0,0.0
medicine,2024,EMT_處置_合併__給藥,4770,0,0.0
medicine,2024,EMT_處置_合併__OTHER_RARE,4770,0,0.0
medicine,2024,EMT_處置_合併__source_available,4770,0,0.0
medicine,2024,EMT_處置_合併__explicit_none,4770,0,0.0
medicine,2024,EMT_處置_合併__source_missing,4770,0,0.0
medicine,2024,EMT_特殊表登錄_合併__ACS,4770,0,0.0
medicine,2024,EMT_特殊表登錄_合併__CVA,4770,0,0.0
medicine,2024,EMT_特殊表登錄_合併__OHCA,4770,0,0.0
medicine,2024,EMT_特殊表登錄_合併__呼吸窘迫,4770,0,0.0
medicine,2024,EMT_特殊表登錄_合併__癲癇重積,4770,0,0.0
medicine,2024,EMT_特殊表登錄_合併__過敏性休克,4770,0,0.0
medicine,2024,EMT_特殊表登錄_合併__OTHER_RARE,4770,0,0.0
medicine,2024,EMT_特殊表登錄_合併__source_available,4770,0,0.0
medicine,2024,EMT_特殊表登錄_合併__explicit_none,4770,0,0.0
medicine,2024,EMT_特殊表登錄_合併__source_missing,4770,0,0.0
medicine,2024,EMT_問卷_一般處置__下肢抬高,4770,0,0.0
medicine,2024,EMT_問卷_一般處置__保暖,4770,0,0.0
medicine,2024,EMT_問卷_一般處置__其他,4770,0,0.0
medicine,2024,EMT_問卷_一般處置__半坐臥,4770,0,0.0
medicine,2024,EMT_問卷_一般處置__心律監視,4770,0,0.0
medicine,2024,EMT_問卷_一般處置__心理支持,4770,0,0.0
medicine,2024,EMT_問卷_一般處置__生命徵象監測,4770,0,0.0
medicine,2024,EMT_問卷_一般處置__生產/左側臥,4770,0,0.0
medicine,2024,EMT_問卷_一般處置__OTHER_RARE,4770,0,0.0
medicine,2024,EMT_問卷_一般處置__source_available,4770,0,0.0
medicine,2024,EMT_問卷_一般處置__explicit_none,4770,0,0.0
medicine,2024,EMT_問卷_一般處置__source_missing,4770,0,0.0
medicine,2024,EMT_問卷_呼吸給氧裝置__NRM,4770,0,0.0
medicine,2024,EMT_問卷_呼吸給氧裝置__口咽呼吸道,4770,0,0.0
medicine,2024,EMT_問卷_呼吸給氧裝置__正壓給氧,4770,0,0.0
medicine,2024,EMT_問卷_呼吸給氧裝置__氧氣面罩,4770,0,0.0
medicine,2024,EMT_問卷_呼吸給氧裝置__氧氣鼻管,4770,0,0.0
medicine,2024,EMT_問卷_呼吸給氧裝置__鼻咽呼吸道,4770,0,0.0
medicine,2024,EMT_問卷_呼吸給氧裝置__OTHER_RARE,4770,0,0.0
medicine,2024,EMT_問卷_呼吸給氧裝置__source_available,4770,0,0.0
medicine,2024,EMT_問卷_呼吸給氧裝置__explicit_none,4770,0,0.0
medicine,2024,EMT_問卷_呼吸給氧裝置__source_missing,4770,0,0.0
medicine,2024,EMT_問卷_創傷處置__KED固定,4770,0,0.0
medicine,2024,EMT_問卷_創傷處置__包紮止血,4770,0,0.0
medicine,2024,EMT_問卷_創傷處置__夾板\三角巾,4770,0,0.0
medicine,2024,EMT_問卷_創傷處置__抽吸式護木,4770,0,0.0
medicine,2024,EMT_問卷_創傷處置__清洗傷口,4770,0,0.0
medicine,2024,EMT_問卷_創傷處置__長背板\頭部固定,4770,0,0.0
medicine,2024,EMT_問卷_創傷處置__頸圈,4770,0,0.0
medicine,2024,EMT_問卷_創傷處置__OTHER_RARE,4770,0,0.0
medicine,2024,EMT_問卷_創傷處置__source_available,4770,0,0.0
medicine,2024,EMT_問卷_創傷處置__explicit_none,4770,0,0.0
medicine,2024,EMT_問卷_創傷處置__source_missing,4770,0,0.0
medicine,2024,EMT_問卷_加護處置__0.9%N.S.,4770,0,0.0
medicine,2024,EMT_問卷_加護處置__5%G.W.,4770,0,0.0
medicine,2024,EMT_問卷_加護處置__50%G.W.,4770,0,0.0
medicine,2024,EMT_問卷_加護處置__Berotec支氣管擴張劑,4770,0,0.0
medicine,2024,EMT_問卷_加護處置__IV,4770,0,0.0
medicine,2024,EMT_問卷_加護處置__不建議AED電擊,4770,0,0.0
medicine,2024,EMT_問卷_加護處置__糖粉（水）,4770,0,0.0
medicine,2024,EMT_問卷_加護處置__OTHER_RARE,4770,0,0.0
medicine,2024,EMT_問卷_加護處置__source_available,4770,0,0.0
medicine,2024,EMT_問卷_加護處置__explicit_none,4770,0,0.0
medicine,2024,EMT_問卷_加護處置__source_missing,4770,0,0.0
medicine,2024,EMT_台北_呼吸處置__OTHER_RARE,4770,0,0.0
medicine,2024,EMT_台北_呼吸處置__source_available,4770,0,0.0
medicine,2024,EMT_台北_呼吸處置__explicit_none,4770,0,0.0
medicine,2024,EMT_台北_呼吸處置__source_missing,4770,0,0.0
medicine,2024,EMT_台北_CPR處置__OTHER_RARE,4770,0,0.0
medicine,2024,EMT_台北_CPR處置__source_available,4770,0,0.0
medicine,2024,EMT_台北_CPR處置__explicit_none,4770,0,0.0
medicine,2024,EMT_台北_CPR處置__source_missing,4770,0,0.0
medicine,2024,EMT_台北_藥物處置__OTHER_RARE,4770,0,0.0
medicine,2024,EMT_台北_藥物處置__source_available,4770,0,0.0
medicine,2024,EMT_台北_藥物處置__explicit_none,4770,0,0.0
medicine,2024,EMT_台北_藥物處置__source_missing,4770,0,0.0
medicine,2024,EMT_台北_創傷處置__包紮,4770,0,0.0
medicine,2024,EMT_台北_創傷處置__止血,4770,0,0.0
medicine,2024,EMT_台北_創傷處置__清洗傷口,4770,0,0.0
medicine,2024,EMT_台北_創傷處置__OTHER_RARE,4770,0,0.0
medicine,2024,EMT_台北_創傷處置__source_available,4770,0,0.0
medicine,2024,EMT_台北_創傷處置__explicit_none,4770,0,0.0
medicine,2024,EMT_台北_創傷處置__source_missing,4770,0,0.0
medicine,2024,EMT_台北_後送姿勢__半坐臥,4770,0,0.0
medicine,2024,EMT_台北_後送姿勢__平躺,4770,0,0.0
medicine,2024,EMT_台北_後送姿勢__OTHER_RARE,4770,0,0.0
medicine,2024,EMT_台北_後送姿勢__source_available,4770,0,0.0
medicine,2024,EMT_台北_後送姿勢__explicit_none,4770,0,0.0
medicine,2024,EMT_台北_後送姿勢__source_missing,4770,0,0.0
medicine,2024,EMT_台北_其他處置__保暖,4770,0,0.0
medicine,2024,EMT_台北_其他處置__心理支持,4770,0,0.0
medicine,2024,EMT_台北_其他處置__OTHER_RARE,4770,0,0.0
medicine,2024,EMT_台北_其他處置__source_available,4770,0,0.0
medicine,2024,EMT_台北_其他處置__explicit_none,4770,0,0.0
medicine,2024,EMT_台北_其他處置__source_missing,4770,0,0.0
medicine,2024,EMT_台北_給藥__OTHER_RARE,4770,0,0.0
medicine,2024,EMT_台北_給藥__source_available,4770,0,0.0
medicine,2024,EMT_台北_給藥__explicit_none,4770,0,0.0
medicine,2024,EMT_台北_給藥__source_missing,4770,0,0.0
medicine,2024,EMT_補述_紅旗__DNR.放棄急救,4770,0,0.0
medicine,2024,EMT_補述_紅旗__休克.低血壓,4770,0,0.0
medicine,2024,EMT_補述_紅旗__呼吸窘迫.低血氧,4770,0,0.0
medicine,2024,EMT_補述_紅旗__大出血,4770,0,0.0
medicine,2024,EMT_補述_紅旗__心跳呼吸停止.PEA,4770,0,0.0
medicine,2024,EMT_補述_紅旗__意識改變,4770,0,0.0
medicine,2024,EMT_補述_紅旗__抽搐,4770,0,0.0
medicine,2024,EMT_補述_紅旗__疑似中風,4770,0,0.0
medicine,2024,EMT_補述_紅旗__胸痛疑似ACS,4770,0,0.0
medicine,2024,EMT_補述_紅旗__OTHER_RARE,4770,0,0.0
medicine,2024,EMT_補述_紅旗__source_available,4770,0,0.0
medicine,2024,EMT_補述_紅旗__explicit_none,4770,0,0.0
medicine,2024,EMT_補述_紅旗__source_missing,4770,0,0.0
medicine,2024,EMT_問卷_過去病史__HIV(+),4770,0,0.0
medicine,2024,EMT_問卷_過去病史__不詳,4770,0,0.0
medicine,2024,EMT_問卷_過去病史__其他,4770,0,0.0
medicine,2024,EMT_問卷_過去病史__心臟疾病,4770,0,0.0
medicine,2024,EMT_問卷_過去病史__惡性腫瘤,4770,0,0.0
medicine,2024,EMT_問卷_過去病史__氣喘,4770,0,0.0
medicine,2024,EMT_問卷_過去病史__癲癇,4770,0,0.0
medicine,2024,EMT_問卷_過去病史__精神疾病,4770,0,0.0
medicine,2024,EMT_問卷_過去病史__糖尿病,4770,0,0.0
medicine,2024,EMT_問卷_過去病史__肝臟疾病,4770,0,0.0
medicine,2024,EMT_問卷_過去病史__肺臟疾病,4770,0,0.0
medicine,2024,EMT_問卷_過去病史__腎臟疾病,4770,0,0.0
medicine,2024,EMT_問卷_過去病史__腦血管疾病,4770,0,0.0
medicine,2024,EMT_問卷_過去病史__高血壓,4770,0,0.0
medicine,2024,EMT_問卷_過去病史__OTHER_RARE,4770,0,0.0
medicine,2024,EMT_問卷_過去病史__source_available,4770,0,0.0
medicine,2024,EMT_問卷_過去病史__explicit_none,4770,0,0.0
medicine,2024,EMT_問卷_過去病史__source_missing,4770,0,0.0
medicine,2024,EMT_問卷_過敏史__不詳,4770,0,0.0
medicine,2024,EMT_問卷_過敏史__其他,4770,0,0.0
medicine,2024,EMT_問卷_過敏史__藥物,4770,0,0.0
medicine,2024,EMT_問卷_過敏史__食物,4770,0,0.0
medicine,2024,EMT_問卷_過敏史__OTHER_RARE,4770,0,0.0
medicine,2024,EMT_問卷_過敏史__source_available,4770,0,0.0
medicine,2024,EMT_問卷_過敏史__explicit_none,4770,0,0.0
medicine,2024,EMT_問卷_過敏史__source_missing,4770,0,0.0
medicine,2024,has_oxygen,4770,3724,0.780712788259958
medicine,2024,has_ventilatory_support,4770,3708,0.7773584905660378
medicine,2024,has_airway_adjunct,4770,3708,0.7773584905660378
medicine,2024,has_advanced_airway,4770,3708,0.7773584905660378
medicine,2024,has_ALS_procedure,4770,3872,0.8117400419287212
medicine,2024,EMT_現場_收縮壓_ord,4770,56,0.011740041928721174
medicine,2024,EMT_現場_收縮壓_for_score,4770,145,0.03039832285115304
medicine,2024,EMT_車上_收縮壓_for_score,4770,628,0.13165618448637317
medicine,2024,EMT_現場_收縮壓_unmeasurable,4770,0,0.0
medicine,2024,EMT_車上_收縮壓_unmeasurable,4770,0,0.0
medicine,2024,MISS_EMT_現場_收縮壓_for_score,4770,0,0.0
medicine,2024,MISS_EMT_車上_收縮壓_for_score,4770,0,0.0
medicine,2024,prehosp_sbp,4770,113,0.02368972746331237
medicine,2024,prehosp_dbp,4770,764,0.16016771488469603
medicine,2024,prehosp_hr,4770,138,0.028930817610062894
medicine,2024,prehosp_rr,4770,138,0.028930817610062894
medicine,2024,prehosp_spo2,4770,146,0.030607966457023062
medicine,2024,prehosp_bt,4770,142,0.029769392033542976
medicine,2024,prehosp_gcs,4770,192,0.04025157232704402
medicine,2024,prehosp_gcs_e,4770,186,0.0389937106918239
medicine,2024,prehosp_gcs_v,4770,191,0.04004192872117401
medicine,2024,prehosp_gcs_m,4770,185,0.03878406708595388
medicine,2024,is_OHCA_hr0,4770,0,0.0
medicine,2024,現場時間,4770,12,0.0025157232704402514
medicine,2024,運送時間,4770,12,0.0025157232704402514
medicine,2024,派遣時間,4770,490,0.10272536687631027
medicine,2024,總到院前時間,4770,490,0.10272536687631027
medicine,2024,MISS_現場時間,4770,0,0.0
medicine,2024,MISS_運送時間,4770,0,0.0
medicine,2024,MISS_派遣時間,4770,0,0.0
medicine,2024,MISS_總到院前時間,4770,0,0.0
medicine,2024,MAP,4770,764,0.16016771488469603
medicine,2024,MISS_MAP,4770,0,0.0
medicine,2024,SI,4770,144,0.03018867924528302
medicine,2024,MISS_SI,4770,0,0.0
medicine,2024,mSI,4770,764,0.16016771488469603
medicine,2024,MISS_mSI,4770,0,0.0
medicine,2024,aSI,4770,147,0.030817610062893082
medicine,2024,MISS_aSI,4770,0,0.0
medicine,2024,rSI,4770,144,0.03018867924528302
medicine,2024,MISS_rSI,4770,0,0.0
medicine,2024,rSIG,4770,198,0.04150943396226415
medicine,2024,MISS_rSIG,4770,0,0.0
medicine,2024,rSIG_Age,4770,201,0.04213836477987421
medicine,2024,MISS_rSIG_Age,4770,0,0.0
medicine,2024,SI_G,4770,198,0.04150943396226415
medicine,2024,MISS_SI_G,4770,0,0.0
medicine,2024,SIA_G,4770,201,0.04213836477987421
medicine,2024,MISS_SIA_G,4770,0,0.0
medicine,2024,SIAVPU,4770,144,0.03018867924528302
medicine,2024,MISS_SIAVPU,4770,0,0.0
medicine,2024,sMS,4770,185,0.03878406708595388
medicine,2024,MISS_sMS,4770,0,0.0
medicine,2024,rSI_sMS,4770,191,0.04004192872117401
medicine,2024,MISS_rSI_sMS,4770,0,0.0
medicine,2024,rSI_GCS,4770,198,0.04150943396226415
medicine,2024,MISS_rSI_GCS,4770,0,0.0
medicine,2024,rSI_GCSM,4770,191,0.04004192872117401
medicine,2024,MISS_rSI_GCSM,4770,0,0.0
medicine,2024,qSOFA,4770,144,0.03018867924528302
medicine,2024,qSOFA_available,4770,0,0.0
medicine,2024,qSOFA_observed_components,4770,0,0.0
medicine,2024,qSOFA_required_components,4770,0,0.0
medicine,2024,MISS_qSOFA,4770,0,0.0
medicine,2024,NEWS2,4770,3784,0.7932914046121593
medicine,2024,NEWS2_available,4770,0,0.0
medicine,2024,NEWS2_observed_components,4770,0,0.0
medicine,2024,NEWS2_required_components,4770,0,0.0
medicine,2024,MISS_NEWS2,4770,0,0.0
medicine,2024,MEWS,4770,144,0.03018867924528302
medicine,2024,MEWS_available,4770,0,0.0
medicine,2024,MEWS_observed_components,4770,0,0.0
medicine,2024,MEWS_required_components,4770,0,0.0
medicine,2024,MISS_MEWS,4770,0,0.0
medicine,2024,REMS,4770,810,0.16981132075471697
medicine,2024,REMS_available,4770,0,0.0
medicine,2024,REMS_observed_components,4770,0,0.0
medicine,2024,REMS_required_components,4770,0,0.0
medicine,2024,MISS_REMS,4770,0,0.0
medicine,2024,RTS,4770,198,0.04150943396226415
medicine,2024,RTS_available,4770,0,0.0
medicine,2024,RTS_observed_components,4770,0,0.0
medicine,2024,RTS_required_components,4770,0,0.0
medicine,2024,MISS_RTS,4770,0,0.0
medicine,2024,kw_ohca,4770,0,0.0
medicine,2024,kw_chest_pain,4770,0,0.0
medicine,2024,kw_dyspnea,4770,0,0.0
medicine,2024,kw_bleeding,4770,0,0.0
medicine,2024,kw_stroke,4770,0,0.0
medicine,2024,kw_trauma,4770,0,0.0
medicine,2024,kw_seizure,4770,0,0.0
medicine,2024,kw_unconscious,4770,0,0.0
medicine,2024,is_text_missing,4770,0,0.0
medicine,2024,text_source_count,4770,0,0.0
medicine,2024,text_char_count,4770,0,0.0
surgery,2020,EMT_年齡,1717,2,0.0011648223645894002
surgery,2020,MISS_EMT_年齡,1717,0,0.0
surgery,2020,MISSREASON_EMT_年齡__source_missing,1717,0,0.0
surgery,2020,MISSREASON_EMT_年齡__not_measured,1717,0,0.0
surgery,2020,MISSREASON_EMT_年齡__sentinel,1717,0,0.0
surgery,2020,MISSREASON_EMT_年齡__invalid_or_out_of_range,1717,0,0.0
surgery,2020,EMT_發生地點_到慈濟_開車km,1717,0,0.0
surgery,2020,MISS_EMT_發生地點_到慈濟_開車km,1717,0,0.0
surgery,2020,MISSREASON_EMT_發生地點_到慈濟_開車km__source_missing,1717,0,0.0
surgery,2020,MISSREASON_EMT_發生地點_到慈濟_開車km__not_measured,1717,0,0.0
surgery,2020,MISSREASON_EMT_發生地點_到慈濟_開車km__sentinel,1717,0,0.0
surgery,2020,MISSREASON_EMT_發生地點_到慈濟_開車km__invalid_or_out_of_range,1717,0,0.0
surgery,2020,EMT_發生地點_到慈濟_直線km,1717,0,0.0
surgery,2020,MISS_EMT_發生地點_到慈濟_直線km,1717,0,0.0
surgery,2020,MISSREASON_EMT_發生地點_到慈濟_直線km__source_missing,1717,0,0.0
surgery,2020,MISSREASON_EMT_發生地點_到慈濟_直線km__not_measured,1717,0,0.0
surgery,2020,MISSREASON_EMT_發生地點_到慈濟_直線km__sentinel,1717,0,0.0
surgery,2020,MISSREASON_EMT_發生地點_到慈濟_直線km__invalid_or_out_of_range,1717,0,0.0
surgery,2020,EMT_反應時間分,1717,0,0.0
surgery,2020,MISS_EMT_反應時間分,1717,0,0.0
surgery,2020,MISSREASON_EMT_反應時間分__source_missing,1717,0,0.0
surgery,2020,MISSREASON_EMT_反應時間分__not_measured,1717,0,0.0
surgery,2020,MISSREASON_EMT_反應時間分__sentinel,1717,0,0.0
surgery,2020,MISSREASON_EMT_反應時間分__invalid_or_out_of_range,1717,0,0.0
surgery,2020,EMT_現場停留分,1717,0,0.0
surgery,2020,MISS_EMT_現場停留分,1717,0,0.0
surgery,2020,MISSREASON_EMT_現場停留分__source_missing,1717,0,0.0
surgery,2020,MISSREASON_EMT_現場停留分__not_measured,1717,0,0.0
surgery,2020,MISSREASON_EMT_現場停留分__sentinel,1717,0,0.0
surgery,2020,MISSREASON_EMT_現場停留分__invalid_or_out_of_range,1717,0,0.0
surgery,2020,EMT_送醫途中分,1717,0,0.0
surgery,2020,MISS_EMT_送醫途中分,1717,0,0.0
surgery,2020,MISSREASON_EMT_送醫途中分__source_missing,1717,0,0.0
surgery,2020,MISSREASON_EMT_送醫途中分__not_measured,1717,0,0.0
surgery,2020,MISSREASON_EMT_送醫途中分__sentinel,1717,0,0.0
surgery,2020,MISSREASON_EMT_送醫途中分__invalid_or_out_of_range,1717,0,0.0
surgery,2020,EMT_現場_舒張壓,1717,1717,1.0
surgery,2020,MISS_EMT_現場_舒張壓,1717,0,0.0
surgery,2020,MISSREASON_EMT_現場_舒張壓__source_missing,1717,0,0.0
surgery,2020,MISSREASON_EMT_現場_舒張壓__not_measured,1717,0,0.0
surgery,2020,MISSREASON_EMT_現場_舒張壓__sentinel,1717,0,0.0
surgery,2020,MISSREASON_EMT_現場_舒張壓__invalid_or_out_of_range,1717,0,0.0
surgery,2020,EMT_現場_脈搏,1717,11,0.0064065230052417
surgery,2020,MISS_EMT_現場_脈搏,1717,0,0.0
surgery,2020,MISSREASON_EMT_現場_脈搏__source_missing,1717,0,0.0
surgery,2020,MISSREASON_EMT_現場_脈搏__not_measured,1717,0,0.0
surgery,2020,MISSREASON_EMT_現場_脈搏__sentinel,1717,0,0.0
surgery,2020,MISSREASON_EMT_現場_脈搏__invalid_or_out_of_range,1717,0,0.0
surgery,2020,EMT_現場_呼吸,1717,11,0.0064065230052417
surgery,2020,MISS_EMT_現場_呼吸,1717,0,0.0
surgery,2020,MISSREASON_EMT_現場_呼吸__source_missing,1717,0,0.0
surgery,2020,MISSREASON_EMT_現場_呼吸__not_measured,1717,0,0.0
surgery,2020,MISSREASON_EMT_現場_呼吸__sentinel,1717,0,0.0
surgery,2020,MISSREASON_EMT_現場_呼吸__invalid_or_out_of_range,1717,0,0.0
surgery,2020,EMT_現場_SPO2,1717,12,0.006988934187536401
surgery,2020,MISS_EMT_現場_SPO2,1717,0,0.0
surgery,2020,MISSREASON_EMT_現場_SPO2__source_missing,1717,0,0.0
surgery,2020,MISSREASON_EMT_現場_SPO2__not_measured,1717,0,0.0
surgery,2020,MISSREASON_EMT_現場_SPO2__sentinel,1717,0,0.0
surgery,2020,MISSREASON_EMT_現場_SPO2__invalid_or_out_of_range,1717,0,0.0
surgery,2020,EMT_現場_體溫,1717,14,0.008153756552125802
surgery,2020,MISS_EMT_現場_體溫,1717,0,0.0
surgery,2020,MISSREASON_EMT_現場_體溫__source_missing,1717,0,0.0
surgery,2020,MISSREASON_EMT_現場_體溫__not_measured,1717,0,0.0
surgery,2020,MISSREASON_EMT_現場_體溫__sentinel,1717,0,0.0
surgery,2020,MISSREASON_EMT_現場_體溫__invalid_or_out_of_range,1717,0,0.0
surgery,2020,EMT_現場_GCS,1717,12,0.006988934187536401
surgery,2020,MISS_EMT_現場_GCS,1717,0,0.0
surgery,2020,MISSREASON_EMT_現場_GCS__source_missing,1717,0,0.0
surgery,2020,MISSREASON_EMT_現場_GCS__not_measured,1717,0,0.0
surgery,2020,MISSREASON_EMT_現場_GCS__sentinel,1717,0,0.0
surgery,2020,MISSREASON_EMT_現場_GCS__invalid_or_out_of_range,1717,0,0.0
surgery,2020,EMT_現場_GCS_E,1717,12,0.006988934187536401
surgery,2020,MISS_EMT_現場_GCS_E,1717,0,0.0
surgery,2020,MISSREASON_EMT_現場_GCS_E__source_missing,1717,0,0.0
surgery,2020,MISSREASON_EMT_現場_GCS_E__not_measured,1717,0,0.0
surgery,2020,MISSREASON_EMT_現場_GCS_E__sentinel,1717,0,0.0
surgery,2020,MISSREASON_EMT_現場_GCS_E__invalid_or_out_of_range,1717,0,0.0
surgery,2020,EMT_現場_GCS_V,1717,12,0.006988934187536401
surgery,2020,MISS_EMT_現場_GCS_V,1717,0,0.0
surgery,2020,MISSREASON_EMT_現場_GCS_V__source_missing,1717,0,0.0
surgery,2020,MISSREASON_EMT_現場_GCS_V__not_measured,1717,0,0.0
surgery,2020,MISSREASON_EMT_現場_GCS_V__sentinel,1717,0,0.0
surgery,2020,MISSREASON_EMT_現場_GCS_V__invalid_or_out_of_range,1717,0,0.0
surgery,2020,EMT_現場_GCS_M,1717,12,0.006988934187536401
surgery,2020,MISS_EMT_現場_GCS_M,1717,0,0.0
surgery,2020,MISSREASON_EMT_現場_GCS_M__source_missing,1717,0,0.0
surgery,2020,MISSREASON_EMT_現場_GCS_M__not_measured,1717,0,0.0
surgery,2020,MISSREASON_EMT_現場_GCS_M__sentinel,1717,0,0.0
surgery,2020,MISSREASON_EMT_現場_GCS_M__invalid_or_out_of_range,1717,0,0.0
surgery,2020,EMT_車上_舒張壓,1717,35,0.0203843913803145
surgery,2020,MISS_EMT_車上_舒張壓,1717,0,0.0
surgery,2020,MISSREASON_EMT_車上_舒張壓__source_missing,1717,0,0.0
surgery,2020,MISSREASON_EMT_車上_舒張壓__not_measured,1717,0,0.0
surgery,2020,MISSREASON_EMT_車上_舒張壓__sentinel,1717,0,0.0
surgery,2020,MISSREASON_EMT_車上_舒張壓__invalid_or_out_of_range,1717,0,0.0
surgery,2020,EMT_車上_脈搏,1717,12,0.006988934187536401
surgery,2020,MISS_EMT_車上_脈搏,1717,0,0.0
surgery,2020,MISSREASON_EMT_車上_脈搏__source_missing,1717,0,0.0
surgery,2020,MISSREASON_EMT_車上_脈搏__not_measured,1717,0,0.0
surgery,2020,MISSREASON_EMT_車上_脈搏__sentinel,1717,0,0.0
surgery,2020,MISSREASON_EMT_車上_脈搏__invalid_or_out_of_range,1717,0,0.0
surgery,2020,EMT_車上_呼吸,1717,12,0.006988934187536401
surgery,2020,MISS_EMT_車上_呼吸,1717,0,0.0
surgery,2020,MISSREASON_EMT_車上_呼吸__source_missing,1717,0,0.0
surgery,2020,MISSREASON_EMT_車上_呼吸__not_measured,1717,0,0.0
surgery,2020,MISSREASON_EMT_車上_呼吸__sentinel,1717,0,0.0
surgery,2020,MISSREASON_EMT_車上_呼吸__invalid_or_out_of_range,1717,0,0.0
surgery,2020,EMT_車上_SPO2,1717,13,0.007571345369831101
surgery,2020,MISS_EMT_車上_SPO2,1717,0,0.0
surgery,2020,MISSREASON_EMT_車上_SPO2__source_missing,1717,0,0.0
surgery,2020,MISSREASON_EMT_車上_SPO2__not_measured,1717,0,0.0
surgery,2020,MISSREASON_EMT_車上_SPO2__sentinel,1717,0,0.0
surgery,2020,MISSREASON_EMT_車上_SPO2__invalid_or_out_of_range,1717,0,0.0
surgery,2020,EMT_車上_體溫,1717,18,0.010483401281304601
surgery,2020,MISS_EMT_車上_體溫,1717,0,0.0
surgery,2020,MISSREASON_EMT_車上_體溫__source_missing,1717,0,0.0
surgery,2020,MISSREASON_EMT_車上_體溫__not_measured,1717,0,0.0
surgery,2020,MISSREASON_EMT_車上_體溫__sentinel,1717,0,0.0
surgery,2020,MISSREASON_EMT_車上_體溫__invalid_or_out_of_range,1717,0,0.0
surgery,2020,EMT_車上_GCS,1717,13,0.007571345369831101
surgery,2020,MISS_EMT_車上_GCS,1717,0,0.0
surgery,2020,MISSREASON_EMT_車上_GCS__source_missing,1717,0,0.0
surgery,2020,MISSREASON_EMT_車上_GCS__not_measured,1717,0,0.0
surgery,2020,MISSREASON_EMT_車上_GCS__sentinel,1717,0,0.0
surgery,2020,MISSREASON_EMT_車上_GCS__invalid_or_out_of_range,1717,0,0.0
surgery,2020,EMT_車上_GCS_E,1717,13,0.007571345369831101
surgery,2020,MISS_EMT_車上_GCS_E,1717,0,0.0
surgery,2020,MISSREASON_EMT_車上_GCS_E__source_missing,1717,0,0.0
surgery,2020,MISSREASON_EMT_車上_GCS_E__not_measured,1717,0,0.0
surgery,2020,MISSREASON_EMT_車上_GCS_E__sentinel,1717,0,0.0
surgery,2020,MISSREASON_EMT_車上_GCS_E__invalid_or_out_of_range,1717,0,0.0
surgery,2020,EMT_車上_GCS_V,1717,13,0.007571345369831101
surgery,2020,MISS_EMT_車上_GCS_V,1717,0,0.0
surgery,2020,MISSREASON_EMT_車上_GCS_V__source_missing,1717,0,0.0
surgery,2020,MISSREASON_EMT_車上_GCS_V__not_measured,1717,0,0.0
surgery,2020,MISSREASON_EMT_車上_GCS_V__sentinel,1717,0,0.0
surgery,2020,MISSREASON_EMT_車上_GCS_V__invalid_or_out_of_range,1717,0,0.0
surgery,2020,EMT_車上_GCS_M,1717,13,0.007571345369831101
surgery,2020,MISS_EMT_車上_GCS_M,1717,0,0.0
surgery,2020,MISSREASON_EMT_車上_GCS_M__source_missing,1717,0,0.0
surgery,2020,MISSREASON_EMT_車上_GCS_M__not_measured,1717,0,0.0
surgery,2020,MISSREASON_EMT_車上_GCS_M__sentinel,1717,0,0.0
surgery,2020,MISSREASON_EMT_車上_GCS_M__invalid_or_out_of_range,1717,0,0.0
surgery,2020,EMT_生命徵象量測次數,1717,0,0.0
surgery,2020,MISS_EMT_生命徵象量測次數,1717,0,0.0
surgery,2020,MISSREASON_EMT_生命徵象量測次數__source_missing,1717,0,0.0
surgery,2020,MISSREASON_EMT_生命徵象量測次數__not_measured,1717,0,0.0
surgery,2020,MISSREASON_EMT_生命徵象量測次數__sentinel,1717,0,0.0
surgery,2020,MISSREASON_EMT_生命徵象量測次數__invalid_or_out_of_range,1717,0,0.0
surgery,2020,EMT_問卷_疼痛指數,1717,42,0.0244612696563774
surgery,2020,MISS_EMT_問卷_疼痛指數,1717,0,0.0
surgery,2020,MISSREASON_EMT_問卷_疼痛指數__source_missing,1717,0,0.0
surgery,2020,MISSREASON_EMT_問卷_疼痛指數__not_measured,1717,0,0.0
surgery,2020,MISSREASON_EMT_問卷_疼痛指數__sentinel,1717,0,0.0
surgery,2020,MISSREASON_EMT_問卷_疼痛指數__invalid_or_out_of_range,1717,0,0.0
surgery,2020,EMT_問卷_左瞳孔尺寸mm,1717,16,0.009318578916715201
surgery,2020,MISS_EMT_問卷_左瞳孔尺寸mm,1717,0,0.0
surgery,2020,MISSREASON_EMT_問卷_左瞳孔尺寸mm__source_missing,1717,0,0.0
surgery,2020,MISSREASON_EMT_問卷_左瞳孔尺寸mm__not_measured,1717,0,0.0
surgery,2020,MISSREASON_EMT_問卷_左瞳孔尺寸mm__sentinel,1717,0,0.0
surgery,2020,MISSREASON_EMT_問卷_左瞳孔尺寸mm__invalid_or_out_of_range,1717,0,0.0
surgery,2020,EMT_問卷_右瞳孔尺寸mm,1717,14,0.008153756552125802
surgery,2020,MISS_EMT_問卷_右瞳孔尺寸mm,1717,0,0.0
surgery,2020,MISSREASON_EMT_問卷_右瞳孔尺寸mm__source_missing,1717,0,0.0
surgery,2020,MISSREASON_EMT_問卷_右瞳孔尺寸mm__not_measured,1717,0,0.0
surgery,2020,MISSREASON_EMT_問卷_右瞳孔尺寸mm__sentinel,1717,0,0.0
surgery,2020,MISSREASON_EMT_問卷_右瞳孔尺寸mm__invalid_or_out_of_range,1717,0,0.0
surgery,2020,EMT_問卷_血糖值mgdl,1717,1635,0.9522422830518346
surgery,2020,MISS_EMT_問卷_血糖值mgdl,1717,0,0.0
surgery,2020,MISSREASON_EMT_問卷_血糖值mgdl__source_missing,1717,0,0.0
surgery,2020,MISSREASON_EMT_問卷_血糖值mgdl__not_measured,1717,0,0.0
surgery,2020,MISSREASON_EMT_問卷_血糖值mgdl__sentinel,1717,0,0.0
surgery,2020,MISSREASON_EMT_問卷_血糖值mgdl__invalid_or_out_of_range,1717,0,0.0
surgery,2020,EMT_問卷_氧氣流量Lmin,1717,1687,0.982527664531159
surgery,2020,MISS_EMT_問卷_氧氣流量Lmin,1717,0,0.0
surgery,2020,MISSREASON_EMT_問卷_氧氣流量Lmin__source_missing,1717,0,0.0
surgery,2020,MISSREASON_EMT_問卷_氧氣流量Lmin__not_measured,1717,0,0.0
surgery,2020,MISSREASON_EMT_問卷_氧氣流量Lmin__sentinel,1717,0,0.0
surgery,2020,MISSREASON_EMT_問卷_氧氣流量Lmin__invalid_or_out_of_range,1717,0,0.0
surgery,2020,EMT_問卷_靜脈輸液量ml,1717,1695,0.9871869539895166
surgery,2020,MISS_EMT_問卷_靜脈輸液量ml,1717,0,0.0
surgery,2020,MISSREASON_EMT_問卷_靜脈輸液量ml__source_missing,1717,0,0.0
surgery,2020,MISSREASON_EMT_問卷_靜脈輸液量ml__not_measured,1717,0,0.0
surgery,2020,MISSREASON_EMT_問卷_靜脈輸液量ml__sentinel,1717,0,0.0
surgery,2020,MISSREASON_EMT_問卷_靜脈輸液量ml__invalid_or_out_of_range,1717,0,0.0
surgery,2020,EMT_體重,1717,20,0.011648223645894
surgery,2020,MISS_EMT_體重,1717,0,0.0
surgery,2020,MISSREASON_EMT_體重__source_missing,1717,0,0.0
surgery,2020,MISSREASON_EMT_體重__not_measured,1717,0,0.0
surgery,2020,MISSREASON_EMT_體重__sentinel,1717,0,0.0
surgery,2020,MISSREASON_EMT_體重__invalid_or_out_of_range,1717,0,0.0
surgery,2020,EMT_燒燙傷一級%,1717,0,0.0
surgery,2020,MISS_EMT_燒燙傷一級%,1717,0,0.0
surgery,2020,MISSREASON_EMT_燒燙傷一級%__source_missing,1717,0,0.0
surgery,2020,MISSREASON_EMT_燒燙傷一級%__not_measured,1717,0,0.0
surgery,2020,MISSREASON_EMT_燒燙傷一級%__sentinel,1717,0,0.0
surgery,2020,MISSREASON_EMT_燒燙傷一級%__invalid_or_out_of_range,1717,0,0.0
surgery,2020,EMT_燒燙傷二級%,1717,0,0.0
surgery,2020,MISS_EMT_燒燙傷二級%,1717,0,0.0
surgery,2020,MISSREASON_EMT_燒燙傷二級%__source_missing,1717,0,0.0
surgery,2020,MISSREASON_EMT_燒燙傷二級%__not_measured,1717,0,0.0
surgery,2020,MISSREASON_EMT_燒燙傷二級%__sentinel,1717,0,0.0
surgery,2020,MISSREASON_EMT_燒燙傷二級%__invalid_or_out_of_range,1717,0,0.0
surgery,2020,EMT_燒燙傷三級%,1717,0,0.0
surgery,2020,MISS_EMT_燒燙傷三級%,1717,0,0.0
surgery,2020,MISSREASON_EMT_燒燙傷三級%__source_missing,1717,0,0.0
surgery,2020,MISSREASON_EMT_燒燙傷三級%__not_measured,1717,0,0.0
surgery,2020,MISSREASON_EMT_燒燙傷三級%__sentinel,1717,0,0.0
surgery,2020,MISSREASON_EMT_燒燙傷三級%__invalid_or_out_of_range,1717,0,0.0
surgery,2020,EMT_燒燙傷總%,1717,0,0.0
surgery,2020,MISS_EMT_燒燙傷總%,1717,0,0.0
surgery,2020,MISSREASON_EMT_燒燙傷總%__source_missing,1717,0,0.0
surgery,2020,MISSREASON_EMT_燒燙傷總%__not_measured,1717,0,0.0
surgery,2020,MISSREASON_EMT_燒燙傷總%__sentinel,1717,0,0.0
surgery,2020,MISSREASON_EMT_燒燙傷總%__invalid_or_out_of_range,1717,0,0.0
surgery,2020,EMT_城市__台北,1717,0,0.0
surgery,2020,EMT_城市__新北,1717,0,0.0
surgery,2020,EMT_城市__OTHER_RARE,1717,0,0.0
surgery,2020,EMT_城市__MISSING,1717,0,0.0
surgery,2020,EMT_性別__女,1717,0,0.0
surgery,2020,EMT_性別__男,1717,0,0.0
surgery,2020,EMT_性別__OTHER_RARE,1717,0,0.0
surgery,2020,EMT_性別__MISSING,1717,0,0.0
surgery,2020,EMT_送醫路由__家屬指定送醫,1717,0,0.0
surgery,2020,EMT_送醫路由__就近適當,1717,0,0.0
surgery,2020,EMT_送醫路由__指揮中心,1717,0,0.0
surgery,2020,EMT_送醫路由__OTHER_RARE,1717,0,0.0
surgery,2020,EMT_送醫路由__MISSING,1717,0,0.0
surgery,2020,EMT_危急個案__0.0,1717,0,0.0
surgery,2020,EMT_危急個案__1.0,1717,0,0.0
surgery,2020,EMT_危急個案__OTHER_RARE,1717,0,0.0
surgery,2020,EMT_危急個案__MISSING,1717,0,0.0
surgery,2020,EMT_發生地區__三峽區,1717,0,0.0
surgery,2020,EMT_發生地區__三重區,1717,0,0.0
surgery,2020,EMT_發生地區__中和區,1717,0,0.0
surgery,2020,EMT_發生地區__土城區,1717,0,0.0
surgery,2020,EMT_發生地區__坪林區,1717,0,0.0
surgery,2020,EMT_發生地區__市文山區,1717,0,0.0
surgery,2020,EMT_發生地區__新店區,1717,0,0.0
surgery,2020,EMT_發生地區__新莊區,1717,0,0.0
surgery,2020,EMT_發生地區__板橋區,1717,0,0.0
surgery,2020,EMT_發生地區__樹林區,1717,0,0.0
surgery,2020,EMT_發生地區__永和區,1717,0,0.0
surgery,2020,EMT_發生地區__深坑區,1717,0,0.0
surgery,2020,EMT_發生地區__烏來區,1717,0,0.0
surgery,2020,EMT_發生地區__石碇區,1717,0,0.0
surgery,2020,EMT_發生地區__蘆洲區,1717,0,0.0
surgery,2020,EMT_發生地區__OTHER_RARE,1717,0,0.0
surgery,2020,EMT_發生地區__MISSING,1717,0,0.0
surgery,2020,EMT_距離_定位信心__Google地標,1717,0,0.0
surgery,2020,EMT_距離_定位信心__區內概略,1717,0,0.0
surgery,2020,EMT_距離_定位信心__國道概略,1717,0,0.0
surgery,2020,EMT_距離_定位信心__無,1717,0,0.0
surgery,2020,EMT_距離_定位信心__號,1717,0,0.0
surgery,2020,EMT_距離_定位信心__路名概略(OSM),1717,0,0.0
surgery,2020,EMT_距離_定位信心__路段中心,1717,0,0.0
surgery,2020,EMT_距離_定位信心__OTHER_RARE,1717,0,0.0
surgery,2020,EMT_距離_定位信心__MISSING,1717,0,0.0
surgery,2020,EMT_現場_意識__否,1717,0,0.0
surgery,2020,EMT_現場_意識__清,1717,0,0.0
surgery,2020,EMT_現場_意識__痛,1717,0,0.0
surgery,2020,EMT_現場_意識__聲,1717,0,0.0
surgery,2020,EMT_現場_意識__OTHER_RARE,1717,0,0.0
surgery,2020,EMT_現場_意識__MISSING,1717,0,0.0
surgery,2020,EMT_派遣分類__BLS,1717,0,0.0
surgery,2020,EMT_派遣分類__OTHER_RARE,1717,0,0.0
surgery,2020,EMT_派遣分類__MISSING,1717,0,0.0
surgery,2020,EMT_派遣原因__救護,1717,0,0.0
surgery,2020,EMT_派遣原因__救護-一般受傷,1717,0,0.0
surgery,2020,EMT_派遣原因__救護-其它,1717,0,0.0
surgery,2020,EMT_派遣原因__救護-割腕,1717,0,0.0
surgery,2020,EMT_派遣原因__救護-吞食藥物,1717,0,0.0
surgery,2020,EMT_派遣原因__救護-孕婦待產,1717,0,0.0
surgery,2020,EMT_派遣原因__救護-急病,1717,0,0.0
surgery,2020,EMT_派遣原因__救護-打架受傷,1717,0,0.0
surgery,2020,EMT_派遣原因__救護-精神異常,1717,0,0.0
surgery,2020,EMT_派遣原因__救護-路倒,1717,0,0.0
surgery,2020,EMT_派遣原因__救護-車禍,1717,0,0.0
surgery,2020,EMT_派遣原因__火警-集合住宅,1717,0,0.0
surgery,2020,EMT_派遣原因__緊急救援-其他,1717,0,0.0
surgery,2020,EMT_派遣原因__緊急救援-車禍救助,1717,0,0.0
surgery,2020,EMT_派遣原因__OTHER_RARE,1717,0,0.0
surgery,2020,EMT_派遣原因__MISSING,1717,0,0.0
surgery,2020,EMT_問卷_創傷導致的主訴群__肢體麻痺,1717,0,0.0
surgery,2020,EMT_問卷_創傷導致的主訴群__背部疼痛,1717,0,0.0
surgery,2020,EMT_問卷_創傷導致的主訴群__胸痛/悶,1717,0,0.0
surgery,2020,EMT_問卷_創傷導致的主訴群__OTHER_RARE,1717,0,0.0
surgery,2020,EMT_問卷_創傷導致的主訴群__MISSING,1717,0,0.0
surgery,2020,EMT_問卷_頸椎固定__GCS<15,1717,0,0.0
surgery,2020,EMT_問卷_頸椎固定__檢查無明顯異常,1717,0,0.0
surgery,2020,EMT_問卷_頸椎固定__肢體運動感覺異常,1717,0,0.0
surgery,2020,EMT_問卷_頸椎固定__轉向困難,1717,0,0.0
surgery,2020,EMT_問卷_頸椎固定__頸椎瘀青疼痛,1717,0,0.0
surgery,2020,EMT_問卷_頸椎固定__OTHER_RARE,1717,0,0.0
surgery,2020,EMT_問卷_頸椎固定__MISSING,1717,0,0.0
surgery,2020,EMT_問卷_膚色__其他,1717,0,0.0
surgery,2020,EMT_問卷_膚色__正常,1717,0,0.0
surgery,2020,EMT_問卷_膚色__溼冷,1717,0,0.0
surgery,2020,EMT_問卷_膚色__潮紅,1717,0,0.0
surgery,2020,EMT_問卷_膚色__發紺,1717,0,0.0
surgery,2020,EMT_問卷_膚色__蒼白,1717,0,0.0
surgery,2020,EMT_問卷_膚色__蒼白、溼冷,1717,0,0.0
surgery,2020,EMT_問卷_膚色__黃疸,1717,0,0.0
surgery,2020,EMT_問卷_膚色__OTHER_RARE,1717,0,0.0
surgery,2020,EMT_問卷_膚色__MISSING,1717,0,0.0
surgery,2020,EMT_問卷_左瞳孔光反射__+,1717,0,0.0
surgery,2020,EMT_問卷_左瞳孔光反射__-,1717,0,0.0
surgery,2020,EMT_問卷_左瞳孔光反射__無法測量,1717,0,0.0
surgery,2020,EMT_問卷_左瞳孔光反射__眼疾,1717,0,0.0
surgery,2020,EMT_問卷_左瞳孔光反射__OTHER_RARE,1717,0,0.0
surgery,2020,EMT_問卷_左瞳孔光反射__MISSING,1717,0,0.0
surgery,2020,EMT_問卷_右瞳孔光反射__+,1717,0,0.0
surgery,2020,EMT_問卷_右瞳孔光反射__-,1717,0,0.0
surgery,2020,EMT_問卷_右瞳孔光反射__無法測量,1717,0,0.0
surgery,2020,EMT_問卷_右瞳孔光反射__眼疾,1717,0,0.0
surgery,2020,EMT_問卷_右瞳孔光反射__OTHER_RARE,1717,0,0.0
surgery,2020,EMT_問卷_右瞳孔光反射__MISSING,1717,0,0.0
surgery,2020,EMT_問卷_氣管位置__其他,1717,0,0.0
surgery,2020,EMT_問卷_氣管位置__正常,1717,0,0.0
surgery,2020,EMT_問卷_氣管位置__OTHER_RARE,1717,0,0.0
surgery,2020,EMT_問卷_氣管位置__MISSING,1717,0,0.0
surgery,2020,EMT_問卷_頸靜脈怒張__其他,1717,0,0.0
surgery,2020,EMT_問卷_頸靜脈怒張__有,1717,0,0.0
surgery,2020,EMT_問卷_頸靜脈怒張__無,1717,0,0.0
surgery,2020,EMT_問卷_頸靜脈怒張__OTHER_RARE,1717,0,0.0
surgery,2020,EMT_問卷_頸靜脈怒張__MISSING,1717,0,0.0
surgery,2020,EMT_問卷_血糖狀態__High,1717,0,0.0
surgery,2020,EMT_問卷_血糖狀態__Low,1717,0,0.0
surgery,2020,EMT_問卷_血糖狀態__否,1717,0,0.0
surgery,2020,EMT_問卷_血糖狀態__否、其他,1717,0,0.0
surgery,2020,EMT_問卷_血糖狀態__否、創傷,1717,0,0.0
surgery,2020,EMT_問卷_血糖狀態__否、拒絕,1717,0,0.0
surgery,2020,EMT_問卷_血糖狀態__否、躁動,1717,0,0.0
surgery,2020,EMT_問卷_血糖狀態__血糖值紀錄,1717,0,0.0
surgery,2020,EMT_問卷_血糖狀態__OTHER_RARE,1717,0,0.0
surgery,2020,EMT_問卷_血糖狀態__MISSING,1717,0,0.0
surgery,2020,EMT_問卷_靜脈輸液種類__0.9%N.S.,1717,0,0.0
surgery,2020,EMT_問卷_靜脈輸液種類__5%G.W.,1717,0,0.0
surgery,2020,EMT_問卷_靜脈輸液種類__50%G.W.,1717,0,0.0
surgery,2020,EMT_問卷_靜脈輸液種類__IV,1717,0,0.0
surgery,2020,EMT_問卷_靜脈輸液種類__OTHER_RARE,1717,0,0.0
surgery,2020,EMT_問卷_靜脈輸液種類__MISSING,1717,0,0.0
surgery,2020,EMT_推定派遣類別__中毒/自傷,1717,0,0.0
surgery,2020,EMT_推定派遣類別__交通事故傷,1717,0,0.0
surgery,2020,EMT_推定派遣類別__內科急病,1717,0,0.0
surgery,2020,EMT_推定派遣類別__其他外傷,1717,0,0.0
surgery,2020,EMT_推定派遣類別__精神行為異常,1717,0,0.0
surgery,2020,EMT_推定派遣類別__路倒/無意識,1717,0,0.0
surgery,2020,EMT_推定派遣類別__OTHER_RARE,1717,0,0.0
surgery,2020,EMT_推定派遣類別__MISSING,1717,0,0.0
surgery,2020,EMT_有燒燙傷__False,1717,0,0.0
surgery,2020,EMT_有燒燙傷__True,1717,0,0.0
surgery,2020,EMT_有燒燙傷__OTHER_RARE,1717,0,0.0
surgery,2020,EMT_有燒燙傷__MISSING,1717,0,0.0
surgery,2020,EMT_心律臆斷__Atrial fibrillation,1717,0,0.0
surgery,2020,EMT_心律臆斷__Normal Sinus Rhythm,1717,0,0.0
surgery,2020,EMT_心律臆斷__ST段下降,1717,0,0.0
surgery,2020,EMT_心律臆斷__Sinus Bradycardia,1717,0,0.0
surgery,2020,EMT_心律臆斷__Sinus Tachycardia,1717,0,0.0
surgery,2020,EMT_心律臆斷__其他波形,1717,0,0.0
surgery,2020,EMT_心律臆斷__OTHER_RARE,1717,0,0.0
surgery,2020,EMT_心律臆斷__MISSING,1717,0,0.0
surgery,2020,"EMT_台北_創傷類型__創傷-一般外傷,肢體外傷,摔跌傷",1717,0,0.0
surgery,2020,"EMT_台北_創傷類型__創傷-一般外傷,頭部外傷,摔跌傷",1717,0,0.0
surgery,2020,EMT_台北_創傷類型__創傷-交通事故(機車),1717,0,0.0
surgery,2020,"EMT_台北_創傷類型__非創傷-一般疾病,噁心嘔吐腹瀉",1717,0,0.0
surgery,2020,"EMT_台北_創傷類型__非創傷-一般疾病,肢體無力",1717,0,0.0
surgery,2020,"EMT_台北_創傷類型__非創傷-一般疾病,頭痛頭暈昏倒昏厥",1717,0,0.0
surgery,2020,EMT_台北_創傷類型__非創傷-呼吸問題,1717,0,0.0
surgery,2020,EMT_台北_創傷類型__非創傷-昏迷,1717,0,0.0
surgery,2020,EMT_台北_創傷類型__非創傷-腹痛,1717,0,0.0
surgery,2020,EMT_台北_創傷類型__OTHER_RARE,1717,0,0.0
surgery,2020,EMT_台北_創傷類型__MISSING,1717,0,0.0
surgery,2020,EMT_特殊表類型__OHCA,1717,0,0.0
surgery,2020,EMT_特殊表類型__呼吸喘/慢/使用呼吸輔助肌肉,1717,0,0.0
surgery,2020,EMT_特殊表類型__心臟不適,1717,0,0.0
surgery,2020,EMT_特殊表類型__癲癇重積,1717,0,0.0
surgery,2020,EMT_特殊表類型__腦中風評估,1717,0,0.0
surgery,2020,EMT_特殊表類型__過敏性休克,1717,0,0.0
surgery,2020,EMT_特殊表類型__OTHER_RARE,1717,0,0.0
surgery,2020,EMT_特殊表類型__MISSING,1717,0,0.0
surgery,2020,EMT_台北_心梗登錄__OTHER_RARE,1717,0,0.0
surgery,2020,EMT_台北_心梗登錄__MISSING,1717,0,0.0
surgery,2020,EMT_台北_中風登錄__OTHER_RARE,1717,0,0.0
surgery,2020,EMT_台北_中風登錄__MISSING,1717,0,0.0
surgery,2020,EMT_台北_CPR停止登錄__OTHER_RARE,1717,0,0.0
surgery,2020,EMT_台北_CPR停止登錄__MISSING,1717,0,0.0
surgery,2020,EMT_問卷_交通事故患者__乘客,1717,0,0.0
surgery,2020,EMT_問卷_交通事故患者__行人,1717,0,0.0
surgery,2020,EMT_問卷_交通事故患者__駕駛,1717,0,0.0
surgery,2020,EMT_問卷_交通事故患者__OTHER_RARE,1717,0,0.0
surgery,2020,EMT_問卷_交通事故患者__MISSING,1717,0,0.0
surgery,2020,EMT_問卷_交通事故種類__人,1717,0,0.0
surgery,2020,EMT_問卷_交通事故種類__人、其他,1717,0,0.0
surgery,2020,EMT_問卷_交通事故種類__其他,1717,0,0.0
surgery,2020,EMT_問卷_交通事故種類__機車,1717,0,0.0
surgery,2020,EMT_問卷_交通事故種類__機車、人,1717,0,0.0
surgery,2020,EMT_問卷_交通事故種類__機車、人、其他,1717,0,0.0
surgery,2020,EMT_問卷_交通事故種類__機車、其他,1717,0,0.0
surgery,2020,EMT_問卷_交通事故種類__機車、腳踏車,1717,0,0.0
surgery,2020,EMT_問卷_交通事故種類__機車、腳踏車、其他,1717,0,0.0
surgery,2020,EMT_問卷_交通事故種類__汽車,1717,0,0.0
surgery,2020,EMT_問卷_交通事故種類__汽車、人,1717,0,0.0
surgery,2020,EMT_問卷_交通事故種類__汽車、人、其他,1717,0,0.0
surgery,2020,EMT_問卷_交通事故種類__汽車、其他,1717,0,0.0
surgery,2020,EMT_問卷_交通事故種類__汽車、機車,1717,0,0.0
surgery,2020,EMT_問卷_交通事故種類__汽車、機車、其他,1717,0,0.0
surgery,2020,EMT_問卷_交通事故種類__汽車、腳踏車,1717,0,0.0
surgery,2020,EMT_問卷_交通事故種類__腳踏車,1717,0,0.0
surgery,2020,EMT_問卷_交通事故種類__腳踏車、其他,1717,0,0.0
surgery,2020,EMT_問卷_交通事故種類__OTHER_RARE,1717,0,0.0
surgery,2020,EMT_問卷_交通事故種類__MISSING,1717,0,0.0
surgery,2020,EMT_問卷_保護裝置狀態__安全帶,1717,0,0.0
surgery,2020,EMT_問卷_保護裝置狀態__安全帽,1717,0,0.0
surgery,2020,EMT_問卷_保護裝置狀態__無,1717,0,0.0
surgery,2020,EMT_問卷_保護裝置狀態__OTHER_RARE,1717,0,0.0
surgery,2020,EMT_問卷_保護裝置狀態__MISSING,1717,0,0.0
surgery,2020,EMT_問卷_非交通事故種類__其他,1717,0,0.0
surgery,2020,EMT_問卷_非交通事故種類__切割,1717,0,0.0
surgery,2020,EMT_問卷_非交通事故種類__墜落,1717,0,0.0
surgery,2020,EMT_問卷_非交通事故種類__壓夾,1717,0,0.0
surgery,2020,EMT_問卷_非交通事故種類__撞擊,1717,0,0.0
surgery,2020,EMT_問卷_非交通事故種類__生物咬螫,1717,0,0.0
surgery,2020,EMT_問卷_非交通事故種類__跌摔,1717,0,0.0
surgery,2020,EMT_問卷_非交通事故種類__鈍毆,1717,0,0.0
surgery,2020,EMT_問卷_非交通事故種類__OTHER_RARE,1717,0,0.0
surgery,2020,EMT_問卷_非交通事故種類__MISSING,1717,0,0.0
surgery,2020,EMT_問卷_危急個案__否,1717,0,0.0
surgery,2020,EMT_問卷_危急個案__是,1717,0,0.0
surgery,2020,EMT_問卷_危急個案__OTHER_RARE,1717,0,0.0
surgery,2020,EMT_問卷_危急個案__MISSING,1717,0,0.0
surgery,2020,EMT_現場_意識_AVPU,1717,0,0.0
surgery,2020,EMT_過去病史__HIV(+),1717,0,0.0
surgery,2020,EMT_過去病史__不詳,1717,0,0.0
surgery,2020,EMT_過去病史__其他,1717,0,0.0
surgery,2020,EMT_過去病史__心臟疾病,1717,0,0.0
surgery,2020,EMT_過去病史__惡性腫瘤,1717,0,0.0
surgery,2020,EMT_過去病史__氣喘,1717,0,0.0
surgery,2020,EMT_過去病史__癲癇,1717,0,0.0
surgery,2020,EMT_過去病史__精神疾病,1717,0,0.0
surgery,2020,EMT_過去病史__糖尿病,1717,0,0.0
surgery,2020,EMT_過去病史__肝臟疾病,1717,0,0.0
surgery,2020,EMT_過去病史__肺臟疾病,1717,0,0.0
surgery,2020,EMT_過去病史__腎臟疾病,1717,0,0.0
surgery,2020,EMT_過去病史__腦血管疾病,1717,0,0.0
surgery,2020,EMT_過去病史__高血壓,1717,0,0.0
surgery,2020,EMT_過去病史__OTHER_RARE,1717,0,0.0
surgery,2020,EMT_過去病史__source_available,1717,0,0.0
surgery,2020,EMT_過去病史__explicit_none,1717,0,0.0
surgery,2020,EMT_過去病史__source_missing,1717,0,0.0
surgery,2020,EMT_過敏史__不清楚,1717,0,0.0
surgery,2020,EMT_過敏史__不詳,1717,0,0.0
surgery,2020,EMT_過敏史__其他,1717,0,0.0
surgery,2020,EMT_過敏史__藥物,1717,0,0.0
surgery,2020,EMT_過敏史__食物,1717,0,0.0
surgery,2020,EMT_過敏史__OTHER_RARE,1717,0,0.0
surgery,2020,EMT_過敏史__source_available,1717,0,0.0
surgery,2020,EMT_過敏史__explicit_none,1717,0,0.0
surgery,2020,EMT_過敏史__source_missing,1717,0,0.0
surgery,2020,EMT_主訴_結構化__OHCA,1717,0,0.0
surgery,2020,EMT_主訴_結構化__上腹痛,1717,0,0.0
surgery,2020,EMT_主訴_結構化__下腹痛,1717,0,0.0
surgery,2020,EMT_主訴_結構化__其他,1717,0,0.0
surgery,2020,EMT_主訴_結構化__冒冷汗,1717,0,0.0
surgery,2020,EMT_主訴_結構化__吐.咳血,1717,0,0.0
surgery,2020,EMT_主訴_結構化__呼吸喘.慢.使用輔助肌,1717,0,0.0
surgery,2020,EMT_主訴_結構化__呼吸道梗塞,1717,0,0.0
surgery,2020,EMT_主訴_結構化__嘔吐.噁心,1717,0,0.0
surgery,2020,EMT_主訴_結構化__心臟不適,1717,0,0.0
surgery,2020,EMT_主訴_結構化__急產,1717,0,0.0
surgery,2020,EMT_主訴_結構化__急產（接生）,1717,0,0.0
surgery,2020,EMT_主訴_結構化__挫.擦傷,1717,0,0.0
surgery,2020,EMT_主訴_結構化__撕裂.切割傷,1717,0,0.0
surgery,2020,EMT_主訴_結構化__斷肢,1717,0,0.0
surgery,2020,EMT_主訴_結構化__昏厥,1717,0,0.0
surgery,2020,EMT_主訴_結構化__無意識.意識不清,1717,0,0.0
surgery,2020,EMT_主訴_結構化__燒燙傷,1717,0,0.0
surgery,2020,EMT_主訴_結構化__疑似一氧化碳中毒,1717,0,0.0
surgery,2020,EMT_主訴_結構化__疑似毒物.氣中毒,1717,0,0.0
surgery,2020,EMT_主訴_結構化__疑似藥物過量,1717,0,0.0
surgery,2020,EMT_主訴_結構化__癲癇.抽搐,1717,0,0.0
surgery,2020,EMT_主訴_結構化__發燒.發冷,1717,0,0.0
surgery,2020,EMT_主訴_結構化__碎裂傷,1717,0,0.0
surgery,2020,EMT_主訴_結構化__穿刺傷,1717,0,0.0
surgery,2020,EMT_主訴_結構化__肢體無力,1717,0,0.0
surgery,2020,EMT_主訴_結構化__肢體疼痛,1717,0,0.0
surgery,2020,EMT_主訴_結構化__肢體麻痺,1717,0,0.0
surgery,2020,EMT_主訴_結構化__背.肩痛,1717,0,0.0
surgery,2020,EMT_主訴_結構化__胸痛.悶,1717,0,0.0
surgery,2020,EMT_主訴_結構化__腹瀉,1717,0,0.0
surgery,2020,EMT_主訴_結構化__虛弱,1717,0,0.0
surgery,2020,EMT_主訴_結構化__血便.尿,1717,0,0.0
surgery,2020,EMT_主訴_結構化__血腫,1717,0,0.0
surgery,2020,EMT_主訴_結構化__行為神智異常,1717,0,0.0
surgery,2020,EMT_主訴_結構化__過敏,1717,0,0.0
surgery,2020,EMT_主訴_結構化__非外傷出血,1717,0,0.0
surgery,2020,EMT_主訴_結構化__頭暈,1717,0,0.0
surgery,2020,EMT_主訴_結構化__頭痛,1717,0,0.0
surgery,2020,EMT_主訴_結構化__骨折.脫位,1717,0,0.0
surgery,2020,EMT_主訴_結構化__OTHER_RARE,1717,0,0.0
surgery,2020,EMT_主訴_結構化__source_available,1717,0,0.0
surgery,2020,EMT_主訴_結構化__explicit_none,1717,0,0.0
surgery,2020,EMT_主訴_結構化__source_missing,1717,0,0.0
surgery,2020,EMT_紅旗__DNR.放棄急救,1717,0,0.0
surgery,2020,EMT_紅旗__休克.低血壓,1717,0,0.0
surgery,2020,EMT_紅旗__呼吸窘迫.低血氧,1717,0,0.0
surgery,2020,EMT_紅旗__大出血,1717,0,0.0
surgery,2020,EMT_紅旗__心跳呼吸停止.PEA,1717,0,0.0
surgery,2020,EMT_紅旗__意識改變,1717,0,0.0
surgery,2020,EMT_紅旗__抽搐,1717,0,0.0
surgery,2020,EMT_紅旗__疑似中風,1717,0,0.0
surgery,2020,EMT_紅旗__胸痛疑似ACS,1717,0,0.0
surgery,2020,EMT_紅旗__OTHER_RARE,1717,0,0.0
surgery,2020,EMT_紅旗__source_available,1717,0,0.0
surgery,2020,EMT_紅旗__explicit_none,1717,0,0.0
surgery,2020,EMT_紅旗__source_missing,1717,0,0.0
surgery,2020,EMT_創傷機轉_合併__交通-機車,1717,0,0.0
surgery,2020,EMT_創傷機轉_合併__交通-汽車,1717,0,0.0
surgery,2020,EMT_創傷機轉_合併__交通-腳踏車,1717,0,0.0
surgery,2020,EMT_創傷機轉_合併__交通-行人,1717,0,0.0
surgery,2020,EMT_創傷機轉_合併__其他外傷,1717,0,0.0
surgery,2020,EMT_創傷機轉_合併__燒燙,1717,0,0.0
surgery,2020,EMT_創傷機轉_合併__生物咬螫,1717,0,0.0
surgery,2020,EMT_創傷機轉_合併__穿刺切割,1717,0,0.0
surgery,2020,EMT_創傷機轉_合併__跌落墜落,1717,0,0.0
surgery,2020,EMT_創傷機轉_合併__鈍傷撞擊,1717,0,0.0
surgery,2020,EMT_創傷機轉_合併__OTHER_RARE,1717,0,0.0
surgery,2020,EMT_創傷機轉_合併__source_available,1717,0,0.0
surgery,2020,EMT_創傷機轉_合併__explicit_none,1717,0,0.0
surgery,2020,EMT_創傷機轉_合併__source_missing,1717,0,0.0
surgery,2020,EMT_處置_合併__CPR,1717,0,0.0
surgery,2020,EMT_處置_合併__保暖,1717,0,0.0
surgery,2020,EMT_處置_合併__傷口處置,1717,0,0.0
surgery,2020,EMT_處置_合併__固定,1717,0,0.0
surgery,2020,EMT_處置_合併__心理支持,1717,0,0.0
surgery,2020,EMT_處置_合併__生命徵象監測,1717,0,0.0
surgery,2020,EMT_處置_合併__給氧,1717,0,0.0
surgery,2020,EMT_處置_合併__給藥,1717,0,0.0
surgery,2020,EMT_處置_合併__OTHER_RARE,1717,0,0.0
surgery,2020,EMT_處置_合併__source_available,1717,0,0.0
surgery,2020,EMT_處置_合併__explicit_none,1717,0,0.0
surgery,2020,EMT_處置_合併__source_missing,1717,0,0.0
surgery,2020,EMT_特殊表登錄_合併__ACS,1717,0,0.0
surgery,2020,EMT_特殊表登錄_合併__CVA,1717,0,0.0
surgery,2020,EMT_特殊表登錄_合併__OHCA,1717,0,0.0
surgery,2020,EMT_特殊表登錄_合併__呼吸窘迫,1717,0,0.0
surgery,2020,EMT_特殊表登錄_合併__癲癇重積,1717,0,0.0
surgery,2020,EMT_特殊表登錄_合併__過敏性休克,1717,0,0.0
surgery,2020,EMT_特殊表登錄_合併__OTHER_RARE,1717,0,0.0
surgery,2020,EMT_特殊表登錄_合併__source_available,1717,0,0.0
surgery,2020,EMT_特殊表登錄_合併__explicit_none,1717,0,0.0
surgery,2020,EMT_特殊表登錄_合併__source_missing,1717,0,0.0
surgery,2020,EMT_問卷_一般處置__下肢抬高,1717,0,0.0
surgery,2020,EMT_問卷_一般處置__保暖,1717,0,0.0
surgery,2020,EMT_問卷_一般處置__其他,1717,0,0.0
surgery,2020,EMT_問卷_一般處置__半坐臥,1717,0,0.0
surgery,2020,EMT_問卷_一般處置__心律監視,1717,0,0.0
surgery,2020,EMT_問卷_一般處置__心理支持,1717,0,0.0
surgery,2020,EMT_問卷_一般處置__生命徵象監測,1717,0,0.0
surgery,2020,EMT_問卷_一般處置__生產/左側臥,1717,0,0.0
surgery,2020,EMT_問卷_一般處置__OTHER_RARE,1717,0,0.0
surgery,2020,EMT_問卷_一般處置__source_available,1717,0,0.0
surgery,2020,EMT_問卷_一般處置__explicit_none,1717,0,0.0
surgery,2020,EMT_問卷_一般處置__source_missing,1717,0,0.0
surgery,2020,EMT_問卷_呼吸給氧裝置__NRM,1717,0,0.0
surgery,2020,EMT_問卷_呼吸給氧裝置__口咽呼吸道,1717,0,0.0
surgery,2020,EMT_問卷_呼吸給氧裝置__正壓給氧,1717,0,0.0
surgery,2020,EMT_問卷_呼吸給氧裝置__氧氣面罩,1717,0,0.0
surgery,2020,EMT_問卷_呼吸給氧裝置__氧氣鼻管,1717,0,0.0
surgery,2020,EMT_問卷_呼吸給氧裝置__鼻咽呼吸道,1717,0,0.0
surgery,2020,EMT_問卷_呼吸給氧裝置__OTHER_RARE,1717,0,0.0
surgery,2020,EMT_問卷_呼吸給氧裝置__source_available,1717,0,0.0
surgery,2020,EMT_問卷_呼吸給氧裝置__explicit_none,1717,0,0.0
surgery,2020,EMT_問卷_呼吸給氧裝置__source_missing,1717,0,0.0
surgery,2020,EMT_問卷_創傷處置__KED固定,1717,0,0.0
surgery,2020,EMT_問卷_創傷處置__包紮止血,1717,0,0.0
surgery,2020,EMT_問卷_創傷處置__夾板\三角巾,1717,0,0.0
surgery,2020,EMT_問卷_創傷處置__抽吸式護木,1717,0,0.0
surgery,2020,EMT_問卷_創傷處置__清洗傷口,1717,0,0.0
surgery,2020,EMT_問卷_創傷處置__長背板\頭部固定,1717,0,0.0
surgery,2020,EMT_問卷_創傷處置__頸圈,1717,0,0.0
surgery,2020,EMT_問卷_創傷處置__OTHER_RARE,1717,0,0.0
surgery,2020,EMT_問卷_創傷處置__source_available,1717,0,0.0
surgery,2020,EMT_問卷_創傷處置__explicit_none,1717,0,0.0
surgery,2020,EMT_問卷_創傷處置__source_missing,1717,0,0.0
surgery,2020,EMT_問卷_加護處置__0.9%N.S.,1717,0,0.0
surgery,2020,EMT_問卷_加護處置__5%G.W.,1717,0,0.0
surgery,2020,EMT_問卷_加護處置__50%G.W.,1717,0,0.0
surgery,2020,EMT_問卷_加護處置__Berotec支氣管擴張劑,1717,0,0.0
surgery,2020,EMT_問卷_加護處置__IV,1717,0,0.0
surgery,2020,EMT_問卷_加護處置__不建議AED電擊,1717,0,0.0
surgery,2020,EMT_問卷_加護處置__糖粉（水）,1717,0,0.0
surgery,2020,EMT_問卷_加護處置__OTHER_RARE,1717,0,0.0
surgery,2020,EMT_問卷_加護處置__source_available,1717,0,0.0
surgery,2020,EMT_問卷_加護處置__explicit_none,1717,0,0.0
surgery,2020,EMT_問卷_加護處置__source_missing,1717,0,0.0
surgery,2020,EMT_台北_呼吸處置__OTHER_RARE,1717,0,0.0
surgery,2020,EMT_台北_呼吸處置__source_available,1717,0,0.0
surgery,2020,EMT_台北_呼吸處置__explicit_none,1717,0,0.0
surgery,2020,EMT_台北_呼吸處置__source_missing,1717,0,0.0
surgery,2020,EMT_台北_CPR處置__OTHER_RARE,1717,0,0.0
surgery,2020,EMT_台北_CPR處置__source_available,1717,0,0.0
surgery,2020,EMT_台北_CPR處置__explicit_none,1717,0,0.0
surgery,2020,EMT_台北_CPR處置__source_missing,1717,0,0.0
surgery,2020,EMT_台北_藥物處置__OTHER_RARE,1717,0,0.0
surgery,2020,EMT_台北_藥物處置__source_available,1717,0,0.0
surgery,2020,EMT_台北_藥物處置__explicit_none,1717,0,0.0
surgery,2020,EMT_台北_藥物處置__source_missing,1717,0,0.0
surgery,2020,EMT_台北_創傷處置__包紮,1717,0,0.0
surgery,2020,EMT_台北_創傷處置__止血,1717,0,0.0
surgery,2020,EMT_台北_創傷處置__清洗傷口,1717,0,0.0
surgery,2020,EMT_台北_創傷處置__OTHER_RARE,1717,0,0.0
surgery,2020,EMT_台北_創傷處置__source_available,1717,0,0.0
surgery,2020,EMT_台北_創傷處置__explicit_none,1717,0,0.0
surgery,2020,EMT_台北_創傷處置__source_missing,1717,0,0.0
surgery,2020,EMT_台北_後送姿勢__半坐臥,1717,0,0.0
surgery,2020,EMT_台北_後送姿勢__平躺,1717,0,0.0
surgery,2020,EMT_台北_後送姿勢__OTHER_RARE,1717,0,0.0
surgery,2020,EMT_台北_後送姿勢__source_available,1717,0,0.0
surgery,2020,EMT_台北_後送姿勢__explicit_none,1717,0,0.0
surgery,2020,EMT_台北_後送姿勢__source_missing,1717,0,0.0
surgery,2020,EMT_台北_其他處置__保暖,1717,0,0.0
surgery,2020,EMT_台北_其他處置__心理支持,1717,0,0.0
surgery,2020,EMT_台北_其他處置__OTHER_RARE,1717,0,0.0
surgery,2020,EMT_台北_其他處置__source_available,1717,0,0.0
surgery,2020,EMT_台北_其他處置__explicit_none,1717,0,0.0
surgery,2020,EMT_台北_其他處置__source_missing,1717,0,0.0
surgery,2020,EMT_台北_給藥__OTHER_RARE,1717,0,0.0
surgery,2020,EMT_台北_給藥__source_available,1717,0,0.0
surgery,2020,EMT_台北_給藥__explicit_none,1717,0,0.0
surgery,2020,EMT_台北_給藥__source_missing,1717,0,0.0
surgery,2020,EMT_補述_紅旗__DNR.放棄急救,1717,0,0.0
surgery,2020,EMT_補述_紅旗__休克.低血壓,1717,0,0.0
surgery,2020,EMT_補述_紅旗__呼吸窘迫.低血氧,1717,0,0.0
surgery,2020,EMT_補述_紅旗__大出血,1717,0,0.0
surgery,2020,EMT_補述_紅旗__心跳呼吸停止.PEA,1717,0,0.0
surgery,2020,EMT_補述_紅旗__意識改變,1717,0,0.0
surgery,2020,EMT_補述_紅旗__抽搐,1717,0,0.0
surgery,2020,EMT_補述_紅旗__疑似中風,1717,0,0.0
surgery,2020,EMT_補述_紅旗__胸痛疑似ACS,1717,0,0.0
surgery,2020,EMT_補述_紅旗__OTHER_RARE,1717,0,0.0
surgery,2020,EMT_補述_紅旗__source_available,1717,0,0.0
surgery,2020,EMT_補述_紅旗__explicit_none,1717,0,0.0
surgery,2020,EMT_補述_紅旗__source_missing,1717,0,0.0
surgery,2020,EMT_問卷_過去病史__HIV(+),1717,0,0.0
surgery,2020,EMT_問卷_過去病史__不詳,1717,0,0.0
surgery,2020,EMT_問卷_過去病史__其他,1717,0,0.0
surgery,2020,EMT_問卷_過去病史__心臟疾病,1717,0,0.0
surgery,2020,EMT_問卷_過去病史__惡性腫瘤,1717,0,0.0
surgery,2020,EMT_問卷_過去病史__氣喘,1717,0,0.0
surgery,2020,EMT_問卷_過去病史__癲癇,1717,0,0.0
surgery,2020,EMT_問卷_過去病史__精神疾病,1717,0,0.0
surgery,2020,EMT_問卷_過去病史__糖尿病,1717,0,0.0
surgery,2020,EMT_問卷_過去病史__肝臟疾病,1717,0,0.0
surgery,2020,EMT_問卷_過去病史__肺臟疾病,1717,0,0.0
surgery,2020,EMT_問卷_過去病史__腎臟疾病,1717,0,0.0
surgery,2020,EMT_問卷_過去病史__腦血管疾病,1717,0,0.0
surgery,2020,EMT_問卷_過去病史__高血壓,1717,0,0.0
surgery,2020,EMT_問卷_過去病史__OTHER_RARE,1717,0,0.0
surgery,2020,EMT_問卷_過去病史__source_available,1717,0,0.0
surgery,2020,EMT_問卷_過去病史__explicit_none,1717,0,0.0
surgery,2020,EMT_問卷_過去病史__source_missing,1717,0,0.0
surgery,2020,EMT_問卷_過敏史__不詳,1717,0,0.0
surgery,2020,EMT_問卷_過敏史__其他,1717,0,0.0
surgery,2020,EMT_問卷_過敏史__藥物,1717,0,0.0
surgery,2020,EMT_問卷_過敏史__食物,1717,0,0.0
surgery,2020,EMT_問卷_過敏史__OTHER_RARE,1717,0,0.0
surgery,2020,EMT_問卷_過敏史__source_available,1717,0,0.0
surgery,2020,EMT_問卷_過敏史__explicit_none,1717,0,0.0
surgery,2020,EMT_問卷_過敏史__source_missing,1717,0,0.0
surgery,2020,has_oxygen,1717,1687,0.982527664531159
surgery,2020,has_ventilatory_support,1717,1686,0.9819452533488643
surgery,2020,has_airway_adjunct,1717,1686,0.9819452533488643
surgery,2020,has_advanced_airway,1717,1686,0.9819452533488643
surgery,2020,has_ALS_procedure,1717,1692,0.9854397204426325
surgery,2020,EMT_現場_收縮壓_ord,1717,5,0.0029120559114735
surgery,2020,EMT_現場_收縮壓_for_score,1717,8,0.004659289458357601
surgery,2020,EMT_車上_收縮壓_for_score,1717,9,0.0052417006406523005
surgery,2020,EMT_現場_收縮壓_unmeasurable,1717,0,0.0
surgery,2020,EMT_車上_收縮壓_unmeasurable,1717,0,0.0
surgery,2020,MISS_EMT_現場_收縮壓_for_score,1717,0,0.0
surgery,2020,MISS_EMT_車上_收縮壓_for_score,1717,0,0.0
surgery,2020,prehosp_sbp,1717,8,0.004659289458357601
surgery,2020,prehosp_dbp,1717,35,0.0203843913803145
surgery,2020,prehosp_hr,1717,10,0.005824111822947
surgery,2020,prehosp_rr,1717,10,0.005824111822947
surgery,2020,prehosp_spo2,1717,10,0.005824111822947
surgery,2020,prehosp_bt,1717,10,0.005824111822947
surgery,2020,prehosp_gcs,1717,11,0.0064065230052417
surgery,2020,prehosp_gcs_e,1717,11,0.0064065230052417
surgery,2020,prehosp_gcs_v,1717,11,0.0064065230052417
surgery,2020,prehosp_gcs_m,1717,11,0.0064065230052417
surgery,2020,is_OHCA_hr0,1717,0,0.0
surgery,2020,現場時間,1717,0,0.0
surgery,2020,運送時間,1717,0,0.0
surgery,2020,派遣時間,1717,0,0.0
surgery,2020,總到院前時間,1717,0,0.0
surgery,2020,MISS_現場時間,1717,0,0.0
surgery,2020,MISS_運送時間,1717,0,0.0
surgery,2020,MISS_派遣時間,1717,0,0.0
surgery,2020,MISS_總到院前時間,1717,0,0.0
surgery,2020,MAP,1717,35,0.0203843913803145
surgery,2020,MISS_MAP,1717,0,0.0
surgery,2020,SI,1717,10,0.005824111822947
surgery,2020,MISS_SI,1717,0,0.0
surgery,2020,mSI,1717,35,0.0203843913803145
surgery,2020,MISS_mSI,1717,0,0.0
surgery,2020,aSI,1717,12,0.006988934187536401
surgery,2020,MISS_aSI,1717,0,0.0
surgery,2020,rSI,1717,10,0.005824111822947
surgery,2020,MISS_rSI,1717,0,0.0
surgery,2020,rSIG,1717,11,0.0064065230052417
surgery,2020,MISS_rSIG,1717,0,0.0
surgery,2020,rSIG_Age,1717,13,0.007571345369831101
surgery,2020,MISS_rSIG_Age,1717,0,0.0
surgery,2020,SI_G,1717,11,0.0064065230052417
surgery,2020,MISS_SI_G,1717,0,0.0
surgery,2020,SIA_G,1717,13,0.007571345369831101
surgery,2020,MISS_SIA_G,1717,0,0.0
surgery,2020,SIAVPU,1717,10,0.005824111822947
surgery,2020,MISS_SIAVPU,1717,0,0.0
surgery,2020,sMS,1717,11,0.0064065230052417
surgery,2020,MISS_sMS,1717,0,0.0
surgery,2020,rSI_sMS,1717,11,0.0064065230052417
surgery,2020,MISS_rSI_sMS,1717,0,0.0
surgery,2020,rSI_GCS,1717,11,0.0064065230052417
surgery,2020,MISS_rSI_GCS,1717,0,0.0
surgery,2020,rSI_GCSM,1717,11,0.0064065230052417
surgery,2020,MISS_rSI_GCSM,1717,0,0.0
surgery,2020,qSOFA,1717,10,0.005824111822947
surgery,2020,qSOFA_available,1717,0,0.0
surgery,2020,qSOFA_observed_components,1717,0,0.0
surgery,2020,qSOFA_required_components,1717,0,0.0
surgery,2020,MISS_qSOFA,1717,0,0.0
surgery,2020,NEWS2,1717,1688,0.9831100757134537
surgery,2020,NEWS2_available,1717,0,0.0
surgery,2020,NEWS2_observed_components,1717,0,0.0
surgery,2020,NEWS2_required_components,1717,0,0.0
surgery,2020,MISS_NEWS2,1717,0,0.0
surgery,2020,MEWS,1717,10,0.005824111822947
surgery,2020,MEWS_available,1717,0,0.0
surgery,2020,MEWS_observed_components,1717,0,0.0
surgery,2020,MEWS_required_components,1717,0,0.0
surgery,2020,MISS_MEWS,1717,0,0.0
surgery,2020,REMS,1717,38,0.0221316249271986
surgery,2020,REMS_available,1717,0,0.0
surgery,2020,REMS_observed_components,1717,0,0.0
surgery,2020,REMS_required_components,1717,0,0.0
surgery,2020,MISS_REMS,1717,0,0.0
surgery,2020,RTS,1717,11,0.0064065230052417
surgery,2020,RTS_available,1717,0,0.0
surgery,2020,RTS_observed_components,1717,0,0.0
surgery,2020,RTS_required_components,1717,0,0.0
surgery,2020,MISS_RTS,1717,0,0.0
surgery,2020,kw_ohca,1717,0,0.0
surgery,2020,kw_chest_pain,1717,0,0.0
surgery,2020,kw_dyspnea,1717,0,0.0
surgery,2020,kw_bleeding,1717,0,0.0
surgery,2020,kw_stroke,1717,0,0.0
surgery,2020,kw_trauma,1717,0,0.0
surgery,2020,kw_seizure,1717,0,0.0
surgery,2020,kw_unconscious,1717,0,0.0
surgery,2020,is_text_missing,1717,0,0.0
surgery,2020,text_source_count,1717,0,0.0
surgery,2020,text_char_count,1717,0,0.0
surgery,2021,EMT_年齡,2031,1,0.0004923682914820286
surgery,2021,MISS_EMT_年齡,2031,0,0.0
surgery,2021,MISSREASON_EMT_年齡__source_missing,2031,0,0.0
surgery,2021,MISSREASON_EMT_年齡__not_measured,2031,0,0.0
surgery,2021,MISSREASON_EMT_年齡__sentinel,2031,0,0.0
surgery,2021,MISSREASON_EMT_年齡__invalid_or_out_of_range,2031,0,0.0
surgery,2021,EMT_發生地點_到慈濟_開車km,2031,2,0.0009847365829640572
surgery,2021,MISS_EMT_發生地點_到慈濟_開車km,2031,0,0.0
surgery,2021,MISSREASON_EMT_發生地點_到慈濟_開車km__source_missing,2031,0,0.0
surgery,2021,MISSREASON_EMT_發生地點_到慈濟_開車km__not_measured,2031,0,0.0
surgery,2021,MISSREASON_EMT_發生地點_到慈濟_開車km__sentinel,2031,0,0.0
surgery,2021,MISSREASON_EMT_發生地點_到慈濟_開車km__invalid_or_out_of_range,2031,0,0.0
surgery,2021,EMT_發生地點_到慈濟_直線km,2031,2,0.0009847365829640572
surgery,2021,MISS_EMT_發生地點_到慈濟_直線km,2031,0,0.0
surgery,2021,MISSREASON_EMT_發生地點_到慈濟_直線km__source_missing,2031,0,0.0
surgery,2021,MISSREASON_EMT_發生地點_到慈濟_直線km__not_measured,2031,0,0.0
surgery,2021,MISSREASON_EMT_發生地點_到慈濟_直線km__sentinel,2031,0,0.0
surgery,2021,MISSREASON_EMT_發生地點_到慈濟_直線km__invalid_or_out_of_range,2031,0,0.0
surgery,2021,EMT_反應時間分,2031,6,0.0029542097488921715
surgery,2021,MISS_EMT_反應時間分,2031,0,0.0
surgery,2021,MISSREASON_EMT_反應時間分__source_missing,2031,0,0.0
surgery,2021,MISSREASON_EMT_反應時間分__not_measured,2031,0,0.0
surgery,2021,MISSREASON_EMT_反應時間分__sentinel,2031,0,0.0
surgery,2021,MISSREASON_EMT_反應時間分__invalid_or_out_of_range,2031,0,0.0
surgery,2021,EMT_現場停留分,2031,0,0.0
surgery,2021,MISS_EMT_現場停留分,2031,0,0.0
surgery,2021,MISSREASON_EMT_現場停留分__source_missing,2031,0,0.0
surgery,2021,MISSREASON_EMT_現場停留分__not_measured,2031,0,0.0
surgery,2021,MISSREASON_EMT_現場停留分__sentinel,2031,0,0.0
surgery,2021,MISSREASON_EMT_現場停留分__invalid_or_out_of_range,2031,0,0.0
surgery,2021,EMT_送醫途中分,2031,0,0.0
surgery,2021,MISS_EMT_送醫途中分,2031,0,0.0
surgery,2021,MISSREASON_EMT_送醫途中分__source_missing,2031,0,0.0
surgery,2021,MISSREASON_EMT_送醫途中分__not_measured,2031,0,0.0
surgery,2021,MISSREASON_EMT_送醫途中分__sentinel,2031,0,0.0
surgery,2021,MISSREASON_EMT_送醫途中分__invalid_or_out_of_range,2031,0,0.0
surgery,2021,EMT_現場_舒張壓,2031,2031,1.0
surgery,2021,MISS_EMT_現場_舒張壓,2031,0,0.0
surgery,2021,MISSREASON_EMT_現場_舒張壓__source_missing,2031,0,0.0
surgery,2021,MISSREASON_EMT_現場_舒張壓__not_measured,2031,0,0.0
surgery,2021,MISSREASON_EMT_現場_舒張壓__sentinel,2031,0,0.0
surgery,2021,MISSREASON_EMT_現場_舒張壓__invalid_or_out_of_range,2031,0,0.0
surgery,2021,EMT_現場_脈搏,2031,7,0.0034465780403741997
surgery,2021,MISS_EMT_現場_脈搏,2031,0,0.0
surgery,2021,MISSREASON_EMT_現場_脈搏__source_missing,2031,0,0.0
surgery,2021,MISSREASON_EMT_現場_脈搏__not_measured,2031,0,0.0
surgery,2021,MISSREASON_EMT_現場_脈搏__sentinel,2031,0,0.0
surgery,2021,MISSREASON_EMT_現場_脈搏__invalid_or_out_of_range,2031,0,0.0
surgery,2021,EMT_現場_呼吸,2031,6,0.0029542097488921715
surgery,2021,MISS_EMT_現場_呼吸,2031,0,0.0
surgery,2021,MISSREASON_EMT_現場_呼吸__source_missing,2031,0,0.0
surgery,2021,MISSREASON_EMT_現場_呼吸__not_measured,2031,0,0.0
surgery,2021,MISSREASON_EMT_現場_呼吸__sentinel,2031,0,0.0
surgery,2021,MISSREASON_EMT_現場_呼吸__invalid_or_out_of_range,2031,0,0.0
surgery,2021,EMT_現場_SPO2,2031,8,0.003938946331856229
surgery,2021,MISS_EMT_現場_SPO2,2031,0,0.0
surgery,2021,MISSREASON_EMT_現場_SPO2__source_missing,2031,0,0.0
surgery,2021,MISSREASON_EMT_現場_SPO2__not_measured,2031,0,0.0
surgery,2021,MISSREASON_EMT_現場_SPO2__sentinel,2031,0,0.0
surgery,2021,MISSREASON_EMT_現場_SPO2__invalid_or_out_of_range,2031,0,0.0
surgery,2021,EMT_現場_體溫,2031,9,0.004431314623338257
surgery,2021,MISS_EMT_現場_體溫,2031,0,0.0
surgery,2021,MISSREASON_EMT_現場_體溫__source_missing,2031,0,0.0
surgery,2021,MISSREASON_EMT_現場_體溫__not_measured,2031,0,0.0
surgery,2021,MISSREASON_EMT_現場_體溫__sentinel,2031,0,0.0
surgery,2021,MISSREASON_EMT_現場_體溫__invalid_or_out_of_range,2031,0,0.0
surgery,2021,EMT_現場_GCS,2031,6,0.0029542097488921715
surgery,2021,MISS_EMT_現場_GCS,2031,0,0.0
surgery,2021,MISSREASON_EMT_現場_GCS__source_missing,2031,0,0.0
surgery,2021,MISSREASON_EMT_現場_GCS__not_measured,2031,0,0.0
surgery,2021,MISSREASON_EMT_現場_GCS__sentinel,2031,0,0.0
surgery,2021,MISSREASON_EMT_現場_GCS__invalid_or_out_of_range,2031,0,0.0
surgery,2021,EMT_現場_GCS_E,2031,6,0.0029542097488921715
surgery,2021,MISS_EMT_現場_GCS_E,2031,0,0.0
surgery,2021,MISSREASON_EMT_現場_GCS_E__source_missing,2031,0,0.0
surgery,2021,MISSREASON_EMT_現場_GCS_E__not_measured,2031,0,0.0
surgery,2021,MISSREASON_EMT_現場_GCS_E__sentinel,2031,0,0.0
surgery,2021,MISSREASON_EMT_現場_GCS_E__invalid_or_out_of_range,2031,0,0.0
surgery,2021,EMT_現場_GCS_V,2031,6,0.0029542097488921715
surgery,2021,MISS_EMT_現場_GCS_V,2031,0,0.0
surgery,2021,MISSREASON_EMT_現場_GCS_V__source_missing,2031,0,0.0
surgery,2021,MISSREASON_EMT_現場_GCS_V__not_measured,2031,0,0.0
surgery,2021,MISSREASON_EMT_現場_GCS_V__sentinel,2031,0,0.0
surgery,2021,MISSREASON_EMT_現場_GCS_V__invalid_or_out_of_range,2031,0,0.0
surgery,2021,EMT_現場_GCS_M,2031,6,0.0029542097488921715
surgery,2021,MISS_EMT_現場_GCS_M,2031,0,0.0
surgery,2021,MISSREASON_EMT_現場_GCS_M__source_missing,2031,0,0.0
surgery,2021,MISSREASON_EMT_現場_GCS_M__not_measured,2031,0,0.0
surgery,2021,MISSREASON_EMT_現場_GCS_M__sentinel,2031,0,0.0
surgery,2021,MISSREASON_EMT_現場_GCS_M__invalid_or_out_of_range,2031,0,0.0
surgery,2021,EMT_車上_舒張壓,2031,54,0.026587887740029542
surgery,2021,MISS_EMT_車上_舒張壓,2031,0,0.0
surgery,2021,MISSREASON_EMT_車上_舒張壓__source_missing,2031,0,0.0
surgery,2021,MISSREASON_EMT_車上_舒張壓__not_measured,2031,0,0.0
surgery,2021,MISSREASON_EMT_車上_舒張壓__sentinel,2031,0,0.0
surgery,2021,MISSREASON_EMT_車上_舒張壓__invalid_or_out_of_range,2031,0,0.0
surgery,2021,EMT_車上_脈搏,2031,14,0.006893156080748399
surgery,2021,MISS_EMT_車上_脈搏,2031,0,0.0
surgery,2021,MISSREASON_EMT_車上_脈搏__source_missing,2031,0,0.0
surgery,2021,MISSREASON_EMT_車上_脈搏__not_measured,2031,0,0.0
surgery,2021,MISSREASON_EMT_車上_脈搏__sentinel,2031,0,0.0
surgery,2021,MISSREASON_EMT_車上_脈搏__invalid_or_out_of_range,2031,0,0.0
surgery,2021,EMT_車上_呼吸,2031,15,0.007385524372230428
surgery,2021,MISS_EMT_車上_呼吸,2031,0,0.0
surgery,2021,MISSREASON_EMT_車上_呼吸__source_missing,2031,0,0.0
surgery,2021,MISSREASON_EMT_車上_呼吸__not_measured,2031,0,0.0
surgery,2021,MISSREASON_EMT_車上_呼吸__sentinel,2031,0,0.0
surgery,2021,MISSREASON_EMT_車上_呼吸__invalid_or_out_of_range,2031,0,0.0
surgery,2021,EMT_車上_SPO2,2031,13,0.006400787789266372
surgery,2021,MISS_EMT_車上_SPO2,2031,0,0.0
surgery,2021,MISSREASON_EMT_車上_SPO2__source_missing,2031,0,0.0
surgery,2021,MISSREASON_EMT_車上_SPO2__not_measured,2031,0,0.0
surgery,2021,MISSREASON_EMT_車上_SPO2__sentinel,2031,0,0.0
surgery,2021,MISSREASON_EMT_車上_SPO2__invalid_or_out_of_range,2031,0,0.0
surgery,2021,EMT_車上_體溫,2031,14,0.006893156080748399
surgery,2021,MISS_EMT_車上_體溫,2031,0,0.0
surgery,2021,MISSREASON_EMT_車上_體溫__source_missing,2031,0,0.0
surgery,2021,MISSREASON_EMT_車上_體溫__not_measured,2031,0,0.0
surgery,2021,MISSREASON_EMT_車上_體溫__sentinel,2031,0,0.0
surgery,2021,MISSREASON_EMT_車上_體溫__invalid_or_out_of_range,2031,0,0.0
surgery,2021,EMT_車上_GCS,2031,15,0.007385524372230428
surgery,2021,MISS_EMT_車上_GCS,2031,0,0.0
surgery,2021,MISSREASON_EMT_車上_GCS__source_missing,2031,0,0.0
surgery,2021,MISSREASON_EMT_車上_GCS__not_measured,2031,0,0.0
surgery,2021,MISSREASON_EMT_車上_GCS__sentinel,2031,0,0.0
surgery,2021,MISSREASON_EMT_車上_GCS__invalid_or_out_of_range,2031,0,0.0
surgery,2021,EMT_車上_GCS_E,2031,15,0.007385524372230428
surgery,2021,MISS_EMT_車上_GCS_E,2031,0,0.0
surgery,2021,MISSREASON_EMT_車上_GCS_E__source_missing,2031,0,0.0
surgery,2021,MISSREASON_EMT_車上_GCS_E__not_measured,2031,0,0.0
surgery,2021,MISSREASON_EMT_車上_GCS_E__sentinel,2031,0,0.0
surgery,2021,MISSREASON_EMT_車上_GCS_E__invalid_or_out_of_range,2031,0,0.0
surgery,2021,EMT_車上_GCS_V,2031,15,0.007385524372230428
surgery,2021,MISS_EMT_車上_GCS_V,2031,0,0.0
surgery,2021,MISSREASON_EMT_車上_GCS_V__source_missing,2031,0,0.0
surgery,2021,MISSREASON_EMT_車上_GCS_V__not_measured,2031,0,0.0
surgery,2021,MISSREASON_EMT_車上_GCS_V__sentinel,2031,0,0.0
surgery,2021,MISSREASON_EMT_車上_GCS_V__invalid_or_out_of_range,2031,0,0.0
surgery,2021,EMT_車上_GCS_M,2031,15,0.007385524372230428
surgery,2021,MISS_EMT_車上_GCS_M,2031,0,0.0
surgery,2021,MISSREASON_EMT_車上_GCS_M__source_missing,2031,0,0.0
surgery,2021,MISSREASON_EMT_車上_GCS_M__not_measured,2031,0,0.0
surgery,2021,MISSREASON_EMT_車上_GCS_M__sentinel,2031,0,0.0
surgery,2021,MISSREASON_EMT_車上_GCS_M__invalid_or_out_of_range,2031,0,0.0
surgery,2021,EMT_生命徵象量測次數,2031,0,0.0
surgery,2021,MISS_EMT_生命徵象量測次數,2031,0,0.0
surgery,2021,MISSREASON_EMT_生命徵象量測次數__source_missing,2031,0,0.0
surgery,2021,MISSREASON_EMT_生命徵象量測次數__not_measured,2031,0,0.0
surgery,2021,MISSREASON_EMT_生命徵象量測次數__sentinel,2031,0,0.0
surgery,2021,MISSREASON_EMT_生命徵象量測次數__invalid_or_out_of_range,2031,0,0.0
surgery,2021,EMT_問卷_疼痛指數,2031,52,0.025603151157065487
surgery,2021,MISS_EMT_問卷_疼痛指數,2031,0,0.0
surgery,2021,MISSREASON_EMT_問卷_疼痛指數__source_missing,2031,0,0.0
surgery,2021,MISSREASON_EMT_問卷_疼痛指數__not_measured,2031,0,0.0
surgery,2021,MISSREASON_EMT_問卷_疼痛指數__sentinel,2031,0,0.0
surgery,2021,MISSREASON_EMT_問卷_疼痛指數__invalid_or_out_of_range,2031,0,0.0
surgery,2021,EMT_問卷_左瞳孔尺寸mm,2031,20,0.009847365829640572
surgery,2021,MISS_EMT_問卷_左瞳孔尺寸mm,2031,0,0.0
surgery,2021,MISSREASON_EMT_問卷_左瞳孔尺寸mm__source_missing,2031,0,0.0
surgery,2021,MISSREASON_EMT_問卷_左瞳孔尺寸mm__not_measured,2031,0,0.0
surgery,2021,MISSREASON_EMT_問卷_左瞳孔尺寸mm__sentinel,2031,0,0.0
surgery,2021,MISSREASON_EMT_問卷_左瞳孔尺寸mm__invalid_or_out_of_range,2031,0,0.0
surgery,2021,EMT_問卷_右瞳孔尺寸mm,2031,17,0.008370260955194485
surgery,2021,MISS_EMT_問卷_右瞳孔尺寸mm,2031,0,0.0
surgery,2021,MISSREASON_EMT_問卷_右瞳孔尺寸mm__source_missing,2031,0,0.0
surgery,2021,MISSREASON_EMT_問卷_右瞳孔尺寸mm__not_measured,2031,0,0.0
surgery,2021,MISSREASON_EMT_問卷_右瞳孔尺寸mm__sentinel,2031,0,0.0
surgery,2021,MISSREASON_EMT_問卷_右瞳孔尺寸mm__invalid_or_out_of_range,2031,0,0.0
surgery,2021,EMT_問卷_血糖值mgdl,2031,1942,0.9561792220580995
surgery,2021,MISS_EMT_問卷_血糖值mgdl,2031,0,0.0
surgery,2021,MISSREASON_EMT_問卷_血糖值mgdl__source_missing,2031,0,0.0
surgery,2021,MISSREASON_EMT_問卷_血糖值mgdl__not_measured,2031,0,0.0
surgery,2021,MISSREASON_EMT_問卷_血糖值mgdl__sentinel,2031,0,0.0
surgery,2021,MISSREASON_EMT_問卷_血糖值mgdl__invalid_or_out_of_range,2031,0,0.0
surgery,2021,EMT_問卷_氧氣流量Lmin,2031,2006,0.9876907927129492
surgery,2021,MISS_EMT_問卷_氧氣流量Lmin,2031,0,0.0
surgery,2021,MISSREASON_EMT_問卷_氧氣流量Lmin__source_missing,2031,0,0.0
surgery,2021,MISSREASON_EMT_問卷_氧氣流量Lmin__not_measured,2031,0,0.0
surgery,2021,MISSREASON_EMT_問卷_氧氣流量Lmin__sentinel,2031,0,0.0
surgery,2021,MISSREASON_EMT_問卷_氧氣流量Lmin__invalid_or_out_of_range,2031,0,0.0
surgery,2021,EMT_問卷_靜脈輸液量ml,2031,2005,0.9871984244214672
surgery,2021,MISS_EMT_問卷_靜脈輸液量ml,2031,0,0.0
surgery,2021,MISSREASON_EMT_問卷_靜脈輸液量ml__source_missing,2031,0,0.0
surgery,2021,MISSREASON_EMT_問卷_靜脈輸液量ml__not_measured,2031,0,0.0
surgery,2021,MISSREASON_EMT_問卷_靜脈輸液量ml__sentinel,2031,0,0.0
surgery,2021,MISSREASON_EMT_問卷_靜脈輸液量ml__invalid_or_out_of_range,2031,0,0.0
surgery,2021,EMT_體重,2031,31,0.015263417035942885
surgery,2021,MISS_EMT_體重,2031,0,0.0
surgery,2021,MISSREASON_EMT_體重__source_missing,2031,0,0.0
surgery,2021,MISSREASON_EMT_體重__not_measured,2031,0,0.0
surgery,2021,MISSREASON_EMT_體重__sentinel,2031,0,0.0
surgery,2021,MISSREASON_EMT_體重__invalid_or_out_of_range,2031,0,0.0
surgery,2021,EMT_燒燙傷一級%,2031,0,0.0
surgery,2021,MISS_EMT_燒燙傷一級%,2031,0,0.0
surgery,2021,MISSREASON_EMT_燒燙傷一級%__source_missing,2031,0,0.0
surgery,2021,MISSREASON_EMT_燒燙傷一級%__not_measured,2031,0,0.0
surgery,2021,MISSREASON_EMT_燒燙傷一級%__sentinel,2031,0,0.0
surgery,2021,MISSREASON_EMT_燒燙傷一級%__invalid_or_out_of_range,2031,0,0.0
surgery,2021,EMT_燒燙傷二級%,2031,0,0.0
surgery,2021,MISS_EMT_燒燙傷二級%,2031,0,0.0
surgery,2021,MISSREASON_EMT_燒燙傷二級%__source_missing,2031,0,0.0
surgery,2021,MISSREASON_EMT_燒燙傷二級%__not_measured,2031,0,0.0
surgery,2021,MISSREASON_EMT_燒燙傷二級%__sentinel,2031,0,0.0
surgery,2021,MISSREASON_EMT_燒燙傷二級%__invalid_or_out_of_range,2031,0,0.0
surgery,2021,EMT_燒燙傷三級%,2031,0,0.0
surgery,2021,MISS_EMT_燒燙傷三級%,2031,0,0.0
surgery,2021,MISSREASON_EMT_燒燙傷三級%__source_missing,2031,0,0.0
surgery,2021,MISSREASON_EMT_燒燙傷三級%__not_measured,2031,0,0.0
surgery,2021,MISSREASON_EMT_燒燙傷三級%__sentinel,2031,0,0.0
surgery,2021,MISSREASON_EMT_燒燙傷三級%__invalid_or_out_of_range,2031,0,0.0
surgery,2021,EMT_燒燙傷總%,2031,0,0.0
surgery,2021,MISS_EMT_燒燙傷總%,2031,0,0.0
surgery,2021,MISSREASON_EMT_燒燙傷總%__source_missing,2031,0,0.0
surgery,2021,MISSREASON_EMT_燒燙傷總%__not_measured,2031,0,0.0
surgery,2021,MISSREASON_EMT_燒燙傷總%__sentinel,2031,0,0.0
surgery,2021,MISSREASON_EMT_燒燙傷總%__invalid_or_out_of_range,2031,0,0.0
surgery,2021,EMT_城市__台北,2031,0,0.0
surgery,2021,EMT_城市__新北,2031,0,0.0
surgery,2021,EMT_城市__OTHER_RARE,2031,0,0.0
surgery,2021,EMT_城市__MISSING,2031,0,0.0
surgery,2021,EMT_性別__女,2031,0,0.0
surgery,2021,EMT_性別__男,2031,0,0.0
surgery,2021,EMT_性別__OTHER_RARE,2031,0,0.0
surgery,2021,EMT_性別__MISSING,2031,0,0.0
surgery,2021,EMT_送醫路由__家屬指定送醫,2031,0,0.0
surgery,2021,EMT_送醫路由__就近適當,2031,0,0.0
surgery,2021,EMT_送醫路由__指揮中心,2031,0,0.0
surgery,2021,EMT_送醫路由__OTHER_RARE,2031,0,0.0
surgery,2021,EMT_送醫路由__MISSING,2031,0,0.0
surgery,2021,EMT_危急個案__0.0,2031,0,0.0
surgery,2021,EMT_危急個案__1.0,2031,0,0.0
surgery,2021,EMT_危急個案__OTHER_RARE,2031,0,0.0
surgery,2021,EMT_危急個案__MISSING,2031,0,0.0
surgery,2021,EMT_發生地區__三峽區,2031,0,0.0
surgery,2021,EMT_發生地區__三重區,2031,0,0.0
surgery,2021,EMT_發生地區__中和區,2031,0,0.0
surgery,2021,EMT_發生地區__土城區,2031,0,0.0
surgery,2021,EMT_發生地區__坪林區,2031,0,0.0
surgery,2021,EMT_發生地區__市文山區,2031,0,0.0
surgery,2021,EMT_發生地區__新店區,2031,0,0.0
surgery,2021,EMT_發生地區__新莊區,2031,0,0.0
surgery,2021,EMT_發生地區__板橋區,2031,0,0.0
surgery,2021,EMT_發生地區__樹林區,2031,0,0.0
surgery,2021,EMT_發生地區__永和區,2031,0,0.0
surgery,2021,EMT_發生地區__深坑區,2031,0,0.0
surgery,2021,EMT_發生地區__烏來區,2031,0,0.0
surgery,2021,EMT_發生地區__石碇區,2031,0,0.0
surgery,2021,EMT_發生地區__蘆洲區,2031,0,0.0
surgery,2021,EMT_發生地區__OTHER_RARE,2031,0,0.0
surgery,2021,EMT_發生地區__MISSING,2031,0,0.0
surgery,2021,EMT_距離_定位信心__Google地標,2031,0,0.0
surgery,2021,EMT_距離_定位信心__區內概略,2031,0,0.0
surgery,2021,EMT_距離_定位信心__國道概略,2031,0,0.0
surgery,2021,EMT_距離_定位信心__無,2031,0,0.0
surgery,2021,EMT_距離_定位信心__號,2031,0,0.0
surgery,2021,EMT_距離_定位信心__路名概略(OSM),2031,0,0.0
surgery,2021,EMT_距離_定位信心__路段中心,2031,0,0.0
surgery,2021,EMT_距離_定位信心__OTHER_RARE,2031,0,0.0
surgery,2021,EMT_距離_定位信心__MISSING,2031,0,0.0
surgery,2021,EMT_現場_意識__否,2031,0,0.0
surgery,2021,EMT_現場_意識__清,2031,0,0.0
surgery,2021,EMT_現場_意識__痛,2031,0,0.0
surgery,2021,EMT_現場_意識__聲,2031,0,0.0
surgery,2021,EMT_現場_意識__OTHER_RARE,2031,0,0.0
surgery,2021,EMT_現場_意識__MISSING,2031,0,0.0
surgery,2021,EMT_派遣分類__BLS,2031,0,0.0
surgery,2021,EMT_派遣分類__OTHER_RARE,2031,0,0.0
surgery,2021,EMT_派遣分類__MISSING,2031,0,0.0
surgery,2021,EMT_派遣原因__救護,2031,0,0.0
surgery,2021,EMT_派遣原因__救護-一般受傷,2031,0,0.0
surgery,2021,EMT_派遣原因__救護-其它,2031,0,0.0
surgery,2021,EMT_派遣原因__救護-割腕,2031,0,0.0
surgery,2021,EMT_派遣原因__救護-吞食藥物,2031,0,0.0
surgery,2021,EMT_派遣原因__救護-孕婦待產,2031,0,0.0
surgery,2021,EMT_派遣原因__救護-急病,2031,0,0.0
surgery,2021,EMT_派遣原因__救護-打架受傷,2031,0,0.0
surgery,2021,EMT_派遣原因__救護-精神異常,2031,0,0.0
surgery,2021,EMT_派遣原因__救護-路倒,2031,0,0.0
surgery,2021,EMT_派遣原因__救護-車禍,2031,0,0.0
surgery,2021,EMT_派遣原因__火警-集合住宅,2031,0,0.0
surgery,2021,EMT_派遣原因__緊急救援-其他,2031,0,0.0
surgery,2021,EMT_派遣原因__緊急救援-車禍救助,2031,0,0.0
surgery,2021,EMT_派遣原因__OTHER_RARE,2031,0,0.0
surgery,2021,EMT_派遣原因__MISSING,2031,0,0.0
surgery,2021,EMT_問卷_創傷導致的主訴群__肢體麻痺,2031,0,0.0
surgery,2021,EMT_問卷_創傷導致的主訴群__背部疼痛,2031,0,0.0
surgery,2021,EMT_問卷_創傷導致的主訴群__胸痛/悶,2031,0,0.0
surgery,2021,EMT_問卷_創傷導致的主訴群__OTHER_RARE,2031,0,0.0
surgery,2021,EMT_問卷_創傷導致的主訴群__MISSING,2031,0,0.0
surgery,2021,EMT_問卷_頸椎固定__GCS<15,2031,0,0.0
surgery,2021,EMT_問卷_頸椎固定__檢查無明顯異常,2031,0,0.0
surgery,2021,EMT_問卷_頸椎固定__肢體運動感覺異常,2031,0,0.0
surgery,2021,EMT_問卷_頸椎固定__轉向困難,2031,0,0.0
surgery,2021,EMT_問卷_頸椎固定__頸椎瘀青疼痛,2031,0,0.0
surgery,2021,EMT_問卷_頸椎固定__OTHER_RARE,2031,0,0.0
surgery,2021,EMT_問卷_頸椎固定__MISSING,2031,0,0.0
surgery,2021,EMT_問卷_膚色__其他,2031,0,0.0
surgery,2021,EMT_問卷_膚色__正常,2031,0,0.0
surgery,2021,EMT_問卷_膚色__溼冷,2031,0,0.0
surgery,2021,EMT_問卷_膚色__潮紅,2031,0,0.0
surgery,2021,EMT_問卷_膚色__發紺,2031,0,0.0
surgery,2021,EMT_問卷_膚色__蒼白,2031,0,0.0
surgery,2021,EMT_問卷_膚色__蒼白、溼冷,2031,0,0.0
surgery,2021,EMT_問卷_膚色__黃疸,2031,0,0.0
surgery,2021,EMT_問卷_膚色__OTHER_RARE,2031,0,0.0
surgery,2021,EMT_問卷_膚色__MISSING,2031,0,0.0
surgery,2021,EMT_問卷_左瞳孔光反射__+,2031,0,0.0
surgery,2021,EMT_問卷_左瞳孔光反射__-,2031,0,0.0
surgery,2021,EMT_問卷_左瞳孔光反射__無法測量,2031,0,0.0
surgery,2021,EMT_問卷_左瞳孔光反射__眼疾,2031,0,0.0
surgery,2021,EMT_問卷_左瞳孔光反射__OTHER_RARE,2031,0,0.0
surgery,2021,EMT_問卷_左瞳孔光反射__MISSING,2031,0,0.0
surgery,2021,EMT_問卷_右瞳孔光反射__+,2031,0,0.0
surgery,2021,EMT_問卷_右瞳孔光反射__-,2031,0,0.0
surgery,2021,EMT_問卷_右瞳孔光反射__無法測量,2031,0,0.0
surgery,2021,EMT_問卷_右瞳孔光反射__眼疾,2031,0,0.0
surgery,2021,EMT_問卷_右瞳孔光反射__OTHER_RARE,2031,0,0.0
surgery,2021,EMT_問卷_右瞳孔光反射__MISSING,2031,0,0.0
surgery,2021,EMT_問卷_氣管位置__其他,2031,0,0.0
surgery,2021,EMT_問卷_氣管位置__正常,2031,0,0.0
surgery,2021,EMT_問卷_氣管位置__OTHER_RARE,2031,0,0.0
surgery,2021,EMT_問卷_氣管位置__MISSING,2031,0,0.0
surgery,2021,EMT_問卷_頸靜脈怒張__其他,2031,0,0.0
surgery,2021,EMT_問卷_頸靜脈怒張__有,2031,0,0.0
surgery,2021,EMT_問卷_頸靜脈怒張__無,2031,0,0.0
surgery,2021,EMT_問卷_頸靜脈怒張__OTHER_RARE,2031,0,0.0
surgery,2021,EMT_問卷_頸靜脈怒張__MISSING,2031,0,0.0
surgery,2021,EMT_問卷_血糖狀態__High,2031,0,0.0
surgery,2021,EMT_問卷_血糖狀態__Low,2031,0,0.0
surgery,2021,EMT_問卷_血糖狀態__否,2031,0,0.0
surgery,2021,EMT_問卷_血糖狀態__否、其他,2031,0,0.0
surgery,2021,EMT_問卷_血糖狀態__否、創傷,2031,0,0.0
surgery,2021,EMT_問卷_血糖狀態__否、拒絕,2031,0,0.0
surgery,2021,EMT_問卷_血糖狀態__否、躁動,2031,0,0.0
surgery,2021,EMT_問卷_血糖狀態__血糖值紀錄,2031,0,0.0
surgery,2021,EMT_問卷_血糖狀態__OTHER_RARE,2031,0,0.0
surgery,2021,EMT_問卷_血糖狀態__MISSING,2031,0,0.0
surgery,2021,EMT_問卷_靜脈輸液種類__0.9%N.S.,2031,0,0.0
surgery,2021,EMT_問卷_靜脈輸液種類__5%G.W.,2031,0,0.0
surgery,2021,EMT_問卷_靜脈輸液種類__50%G.W.,2031,0,0.0
surgery,2021,EMT_問卷_靜脈輸液種類__IV,2031,0,0.0
surgery,2021,EMT_問卷_靜脈輸液種類__OTHER_RARE,2031,0,0.0
surgery,2021,EMT_問卷_靜脈輸液種類__MISSING,2031,0,0.0
surgery,2021,EMT_推定派遣類別__中毒/自傷,2031,0,0.0
surgery,2021,EMT_推定派遣類別__交通事故傷,2031,0,0.0
surgery,2021,EMT_推定派遣類別__內科急病,2031,0,0.0
surgery,2021,EMT_推定派遣類別__其他外傷,2031,0,0.0
surgery,2021,EMT_推定派遣類別__精神行為異常,2031,0,0.0
surgery,2021,EMT_推定派遣類別__路倒/無意識,2031,0,0.0
surgery,2021,EMT_推定派遣類別__OTHER_RARE,2031,0,0.0
surgery,2021,EMT_推定派遣類別__MISSING,2031,0,0.0
surgery,2021,EMT_有燒燙傷__False,2031,0,0.0
surgery,2021,EMT_有燒燙傷__True,2031,0,0.0
surgery,2021,EMT_有燒燙傷__OTHER_RARE,2031,0,0.0
surgery,2021,EMT_有燒燙傷__MISSING,2031,0,0.0
surgery,2021,EMT_心律臆斷__Atrial fibrillation,2031,0,0.0
surgery,2021,EMT_心律臆斷__Normal Sinus Rhythm,2031,0,0.0
surgery,2021,EMT_心律臆斷__ST段下降,2031,0,0.0
surgery,2021,EMT_心律臆斷__Sinus Bradycardia,2031,0,0.0
surgery,2021,EMT_心律臆斷__Sinus Tachycardia,2031,0,0.0
surgery,2021,EMT_心律臆斷__其他波形,2031,0,0.0
surgery,2021,EMT_心律臆斷__OTHER_RARE,2031,0,0.0
surgery,2021,EMT_心律臆斷__MISSING,2031,0,0.0
surgery,2021,"EMT_台北_創傷類型__創傷-一般外傷,肢體外傷,摔跌傷",2031,0,0.0
surgery,2021,"EMT_台北_創傷類型__創傷-一般外傷,頭部外傷,摔跌傷",2031,0,0.0
surgery,2021,EMT_台北_創傷類型__創傷-交通事故(機車),2031,0,0.0
surgery,2021,"EMT_台北_創傷類型__非創傷-一般疾病,噁心嘔吐腹瀉",2031,0,0.0
surgery,2021,"EMT_台北_創傷類型__非創傷-一般疾病,肢體無力",2031,0,0.0
surgery,2021,"EMT_台北_創傷類型__非創傷-一般疾病,頭痛頭暈昏倒昏厥",2031,0,0.0
surgery,2021,EMT_台北_創傷類型__非創傷-呼吸問題,2031,0,0.0
surgery,2021,EMT_台北_創傷類型__非創傷-昏迷,2031,0,0.0
surgery,2021,EMT_台北_創傷類型__非創傷-腹痛,2031,0,0.0
surgery,2021,EMT_台北_創傷類型__OTHER_RARE,2031,0,0.0
surgery,2021,EMT_台北_創傷類型__MISSING,2031,0,0.0
surgery,2021,EMT_特殊表類型__OHCA,2031,0,0.0
surgery,2021,EMT_特殊表類型__呼吸喘/慢/使用呼吸輔助肌肉,2031,0,0.0
surgery,2021,EMT_特殊表類型__心臟不適,2031,0,0.0
surgery,2021,EMT_特殊表類型__癲癇重積,2031,0,0.0
surgery,2021,EMT_特殊表類型__腦中風評估,2031,0,0.0
surgery,2021,EMT_特殊表類型__過敏性休克,2031,0,0.0
surgery,2021,EMT_特殊表類型__OTHER_RARE,2031,0,0.0
surgery,2021,EMT_特殊表類型__MISSING,2031,0,0.0
surgery,2021,EMT_台北_心梗登錄__OTHER_RARE,2031,0,0.0
surgery,2021,EMT_台北_心梗登錄__MISSING,2031,0,0.0
surgery,2021,EMT_台北_中風登錄__OTHER_RARE,2031,0,0.0
surgery,2021,EMT_台北_中風登錄__MISSING,2031,0,0.0
surgery,2021,EMT_台北_CPR停止登錄__OTHER_RARE,2031,0,0.0
surgery,2021,EMT_台北_CPR停止登錄__MISSING,2031,0,0.0
surgery,2021,EMT_問卷_交通事故患者__乘客,2031,0,0.0
surgery,2021,EMT_問卷_交通事故患者__行人,2031,0,0.0
surgery,2021,EMT_問卷_交通事故患者__駕駛,2031,0,0.0
surgery,2021,EMT_問卷_交通事故患者__OTHER_RARE,2031,0,0.0
surgery,2021,EMT_問卷_交通事故患者__MISSING,2031,0,0.0
surgery,2021,EMT_問卷_交通事故種類__人,2031,0,0.0
surgery,2021,EMT_問卷_交通事故種類__人、其他,2031,0,0.0
surgery,2021,EMT_問卷_交通事故種類__其他,2031,0,0.0
surgery,2021,EMT_問卷_交通事故種類__機車,2031,0,0.0
surgery,2021,EMT_問卷_交通事故種類__機車、人,2031,0,0.0
surgery,2021,EMT_問卷_交通事故種類__機車、人、其他,2031,0,0.0
surgery,2021,EMT_問卷_交通事故種類__機車、其他,2031,0,0.0
surgery,2021,EMT_問卷_交通事故種類__機車、腳踏車,2031,0,0.0
surgery,2021,EMT_問卷_交通事故種類__機車、腳踏車、其他,2031,0,0.0
surgery,2021,EMT_問卷_交通事故種類__汽車,2031,0,0.0
surgery,2021,EMT_問卷_交通事故種類__汽車、人,2031,0,0.0
surgery,2021,EMT_問卷_交通事故種類__汽車、人、其他,2031,0,0.0
surgery,2021,EMT_問卷_交通事故種類__汽車、其他,2031,0,0.0
surgery,2021,EMT_問卷_交通事故種類__汽車、機車,2031,0,0.0
surgery,2021,EMT_問卷_交通事故種類__汽車、機車、其他,2031,0,0.0
surgery,2021,EMT_問卷_交通事故種類__汽車、腳踏車,2031,0,0.0
surgery,2021,EMT_問卷_交通事故種類__腳踏車,2031,0,0.0
surgery,2021,EMT_問卷_交通事故種類__腳踏車、其他,2031,0,0.0
surgery,2021,EMT_問卷_交通事故種類__OTHER_RARE,2031,0,0.0
surgery,2021,EMT_問卷_交通事故種類__MISSING,2031,0,0.0
surgery,2021,EMT_問卷_保護裝置狀態__安全帶,2031,0,0.0
surgery,2021,EMT_問卷_保護裝置狀態__安全帽,2031,0,0.0
surgery,2021,EMT_問卷_保護裝置狀態__無,2031,0,0.0
surgery,2021,EMT_問卷_保護裝置狀態__OTHER_RARE,2031,0,0.0
surgery,2021,EMT_問卷_保護裝置狀態__MISSING,2031,0,0.0
surgery,2021,EMT_問卷_非交通事故種類__其他,2031,0,0.0
surgery,2021,EMT_問卷_非交通事故種類__切割,2031,0,0.0
surgery,2021,EMT_問卷_非交通事故種類__墜落,2031,0,0.0
surgery,2021,EMT_問卷_非交通事故種類__壓夾,2031,0,0.0
surgery,2021,EMT_問卷_非交通事故種類__撞擊,2031,0,0.0
surgery,2021,EMT_問卷_非交通事故種類__生物咬螫,2031,0,0.0
surgery,2021,EMT_問卷_非交通事故種類__跌摔,2031,0,0.0
surgery,2021,EMT_問卷_非交通事故種類__鈍毆,2031,0,0.0
surgery,2021,EMT_問卷_非交通事故種類__OTHER_RARE,2031,0,0.0
surgery,2021,EMT_問卷_非交通事故種類__MISSING,2031,0,0.0
surgery,2021,EMT_問卷_危急個案__否,2031,0,0.0
surgery,2021,EMT_問卷_危急個案__是,2031,0,0.0
surgery,2021,EMT_問卷_危急個案__OTHER_RARE,2031,0,0.0
surgery,2021,EMT_問卷_危急個案__MISSING,2031,0,0.0
surgery,2021,EMT_現場_意識_AVPU,2031,0,0.0
surgery,2021,EMT_過去病史__HIV(+),2031,0,0.0
surgery,2021,EMT_過去病史__不詳,2031,0,0.0
surgery,2021,EMT_過去病史__其他,2031,0,0.0
surgery,2021,EMT_過去病史__心臟疾病,2031,0,0.0
surgery,2021,EMT_過去病史__惡性腫瘤,2031,0,0.0
surgery,2021,EMT_過去病史__氣喘,2031,0,0.0
surgery,2021,EMT_過去病史__癲癇,2031,0,0.0
surgery,2021,EMT_過去病史__精神疾病,2031,0,0.0
surgery,2021,EMT_過去病史__糖尿病,2031,0,0.0
surgery,2021,EMT_過去病史__肝臟疾病,2031,0,0.0
surgery,2021,EMT_過去病史__肺臟疾病,2031,0,0.0
surgery,2021,EMT_過去病史__腎臟疾病,2031,0,0.0
surgery,2021,EMT_過去病史__腦血管疾病,2031,0,0.0
surgery,2021,EMT_過去病史__高血壓,2031,0,0.0
surgery,2021,EMT_過去病史__OTHER_RARE,2031,0,0.0
surgery,2021,EMT_過去病史__source_available,2031,0,0.0
surgery,2021,EMT_過去病史__explicit_none,2031,0,0.0
surgery,2021,EMT_過去病史__source_missing,2031,0,0.0
surgery,2021,EMT_過敏史__不清楚,2031,0,0.0
surgery,2021,EMT_過敏史__不詳,2031,0,0.0
surgery,2021,EMT_過敏史__其他,2031,0,0.0
surgery,2021,EMT_過敏史__藥物,2031,0,0.0
surgery,2021,EMT_過敏史__食物,2031,0,0.0
surgery,2021,EMT_過敏史__OTHER_RARE,2031,0,0.0
surgery,2021,EMT_過敏史__source_available,2031,0,0.0
surgery,2021,EMT_過敏史__explicit_none,2031,0,0.0
surgery,2021,EMT_過敏史__source_missing,2031,0,0.0
surgery,2021,EMT_主訴_結構化__OHCA,2031,0,0.0
surgery,2021,EMT_主訴_結構化__上腹痛,2031,0,0.0
surgery,2021,EMT_主訴_結構化__下腹痛,2031,0,0.0
surgery,2021,EMT_主訴_結構化__其他,2031,0,0.0
surgery,2021,EMT_主訴_結構化__冒冷汗,2031,0,0.0
surgery,2021,EMT_主訴_結構化__吐.咳血,2031,0,0.0
surgery,2021,EMT_主訴_結構化__呼吸喘.慢.使用輔助肌,2031,0,0.0
surgery,2021,EMT_主訴_結構化__呼吸道梗塞,2031,0,0.0
surgery,2021,EMT_主訴_結構化__嘔吐.噁心,2031,0,0.0
surgery,2021,EMT_主訴_結構化__心臟不適,2031,0,0.0
surgery,2021,EMT_主訴_結構化__急產,2031,0,0.0
surgery,2021,EMT_主訴_結構化__急產（接生）,2031,0,0.0
surgery,2021,EMT_主訴_結構化__挫.擦傷,2031,0,0.0
surgery,2021,EMT_主訴_結構化__撕裂.切割傷,2031,0,0.0
surgery,2021,EMT_主訴_結構化__斷肢,2031,0,0.0
surgery,2021,EMT_主訴_結構化__昏厥,2031,0,0.0
surgery,2021,EMT_主訴_結構化__無意識.意識不清,2031,0,0.0
surgery,2021,EMT_主訴_結構化__燒燙傷,2031,0,0.0
surgery,2021,EMT_主訴_結構化__疑似一氧化碳中毒,2031,0,0.0
surgery,2021,EMT_主訴_結構化__疑似毒物.氣中毒,2031,0,0.0
surgery,2021,EMT_主訴_結構化__疑似藥物過量,2031,0,0.0
surgery,2021,EMT_主訴_結構化__癲癇.抽搐,2031,0,0.0
surgery,2021,EMT_主訴_結構化__發燒.發冷,2031,0,0.0
surgery,2021,EMT_主訴_結構化__碎裂傷,2031,0,0.0
surgery,2021,EMT_主訴_結構化__穿刺傷,2031,0,0.0
surgery,2021,EMT_主訴_結構化__肢體無力,2031,0,0.0
surgery,2021,EMT_主訴_結構化__肢體疼痛,2031,0,0.0
surgery,2021,EMT_主訴_結構化__肢體麻痺,2031,0,0.0
surgery,2021,EMT_主訴_結構化__背.肩痛,2031,0,0.0
surgery,2021,EMT_主訴_結構化__胸痛.悶,2031,0,0.0
surgery,2021,EMT_主訴_結構化__腹瀉,2031,0,0.0
surgery,2021,EMT_主訴_結構化__虛弱,2031,0,0.0
surgery,2021,EMT_主訴_結構化__血便.尿,2031,0,0.0
surgery,2021,EMT_主訴_結構化__血腫,2031,0,0.0
surgery,2021,EMT_主訴_結構化__行為神智異常,2031,0,0.0
surgery,2021,EMT_主訴_結構化__過敏,2031,0,0.0
surgery,2021,EMT_主訴_結構化__非外傷出血,2031,0,0.0
surgery,2021,EMT_主訴_結構化__頭暈,2031,0,0.0
surgery,2021,EMT_主訴_結構化__頭痛,2031,0,0.0
surgery,2021,EMT_主訴_結構化__骨折.脫位,2031,0,0.0
surgery,2021,EMT_主訴_結構化__OTHER_RARE,2031,0,0.0
surgery,2021,EMT_主訴_結構化__source_available,2031,0,0.0
surgery,2021,EMT_主訴_結構化__explicit_none,2031,0,0.0
surgery,2021,EMT_主訴_結構化__source_missing,2031,0,0.0
surgery,2021,EMT_紅旗__DNR.放棄急救,2031,0,0.0
surgery,2021,EMT_紅旗__休克.低血壓,2031,0,0.0
surgery,2021,EMT_紅旗__呼吸窘迫.低血氧,2031,0,0.0
surgery,2021,EMT_紅旗__大出血,2031,0,0.0
surgery,2021,EMT_紅旗__心跳呼吸停止.PEA,2031,0,0.0
surgery,2021,EMT_紅旗__意識改變,2031,0,0.0
surgery,2021,EMT_紅旗__抽搐,2031,0,0.0
surgery,2021,EMT_紅旗__疑似中風,2031,0,0.0
surgery,2021,EMT_紅旗__胸痛疑似ACS,2031,0,0.0
surgery,2021,EMT_紅旗__OTHER_RARE,2031,0,0.0
surgery,2021,EMT_紅旗__source_available,2031,0,0.0
surgery,2021,EMT_紅旗__explicit_none,2031,0,0.0
surgery,2021,EMT_紅旗__source_missing,2031,0,0.0
surgery,2021,EMT_創傷機轉_合併__交通-機車,2031,0,0.0
surgery,2021,EMT_創傷機轉_合併__交通-汽車,2031,0,0.0
surgery,2021,EMT_創傷機轉_合併__交通-腳踏車,2031,0,0.0
surgery,2021,EMT_創傷機轉_合併__交通-行人,2031,0,0.0
surgery,2021,EMT_創傷機轉_合併__其他外傷,2031,0,0.0
surgery,2021,EMT_創傷機轉_合併__燒燙,2031,0,0.0
surgery,2021,EMT_創傷機轉_合併__生物咬螫,2031,0,0.0
surgery,2021,EMT_創傷機轉_合併__穿刺切割,2031,0,0.0
surgery,2021,EMT_創傷機轉_合併__跌落墜落,2031,0,0.0
surgery,2021,EMT_創傷機轉_合併__鈍傷撞擊,2031,0,0.0
surgery,2021,EMT_創傷機轉_合併__OTHER_RARE,2031,0,0.0
surgery,2021,EMT_創傷機轉_合併__source_available,2031,0,0.0
surgery,2021,EMT_創傷機轉_合併__explicit_none,2031,0,0.0
surgery,2021,EMT_創傷機轉_合併__source_missing,2031,0,0.0
surgery,2021,EMT_處置_合併__CPR,2031,0,0.0
surgery,2021,EMT_處置_合併__保暖,2031,0,0.0
surgery,2021,EMT_處置_合併__傷口處置,2031,0,0.0
surgery,2021,EMT_處置_合併__固定,2031,0,0.0
surgery,2021,EMT_處置_合併__心理支持,2031,0,0.0
surgery,2021,EMT_處置_合併__生命徵象監測,2031,0,0.0
surgery,2021,EMT_處置_合併__給氧,2031,0,0.0
surgery,2021,EMT_處置_合併__給藥,2031,0,0.0
surgery,2021,EMT_處置_合併__OTHER_RARE,2031,0,0.0
surgery,2021,EMT_處置_合併__source_available,2031,0,0.0
surgery,2021,EMT_處置_合併__explicit_none,2031,0,0.0
surgery,2021,EMT_處置_合併__source_missing,2031,0,0.0
surgery,2021,EMT_特殊表登錄_合併__ACS,2031,0,0.0
surgery,2021,EMT_特殊表登錄_合併__CVA,2031,0,0.0
surgery,2021,EMT_特殊表登錄_合併__OHCA,2031,0,0.0
surgery,2021,EMT_特殊表登錄_合併__呼吸窘迫,2031,0,0.0
surgery,2021,EMT_特殊表登錄_合併__癲癇重積,2031,0,0.0
surgery,2021,EMT_特殊表登錄_合併__過敏性休克,2031,0,0.0
surgery,2021,EMT_特殊表登錄_合併__OTHER_RARE,2031,0,0.0
surgery,2021,EMT_特殊表登錄_合併__source_available,2031,0,0.0
surgery,2021,EMT_特殊表登錄_合併__explicit_none,2031,0,0.0
surgery,2021,EMT_特殊表登錄_合併__source_missing,2031,0,0.0
surgery,2021,EMT_問卷_一般處置__下肢抬高,2031,0,0.0
surgery,2021,EMT_問卷_一般處置__保暖,2031,0,0.0
surgery,2021,EMT_問卷_一般處置__其他,2031,0,0.0
surgery,2021,EMT_問卷_一般處置__半坐臥,2031,0,0.0
surgery,2021,EMT_問卷_一般處置__心律監視,2031,0,0.0
surgery,2021,EMT_問卷_一般處置__心理支持,2031,0,0.0
surgery,2021,EMT_問卷_一般處置__生命徵象監測,2031,0,0.0
surgery,2021,EMT_問卷_一般處置__生產/左側臥,2031,0,0.0
surgery,2021,EMT_問卷_一般處置__OTHER_RARE,2031,0,0.0
surgery,2021,EMT_問卷_一般處置__source_available,2031,0,0.0
surgery,2021,EMT_問卷_一般處置__explicit_none,2031,0,0.0
surgery,2021,EMT_問卷_一般處置__source_missing,2031,0,0.0
surgery,2021,EMT_問卷_呼吸給氧裝置__NRM,2031,0,0.0
surgery,2021,EMT_問卷_呼吸給氧裝置__口咽呼吸道,2031,0,0.0
surgery,2021,EMT_問卷_呼吸給氧裝置__正壓給氧,2031,0,0.0
surgery,2021,EMT_問卷_呼吸給氧裝置__氧氣面罩,2031,0,0.0
surgery,2021,EMT_問卷_呼吸給氧裝置__氧氣鼻管,2031,0,0.0
surgery,2021,EMT_問卷_呼吸給氧裝置__鼻咽呼吸道,2031,0,0.0
surgery,2021,EMT_問卷_呼吸給氧裝置__OTHER_RARE,2031,0,0.0
surgery,2021,EMT_問卷_呼吸給氧裝置__source_available,2031,0,0.0
surgery,2021,EMT_問卷_呼吸給氧裝置__explicit_none,2031,0,0.0
surgery,2021,EMT_問卷_呼吸給氧裝置__source_missing,2031,0,0.0
surgery,2021,EMT_問卷_創傷處置__KED固定,2031,0,0.0
surgery,2021,EMT_問卷_創傷處置__包紮止血,2031,0,0.0
surgery,2021,EMT_問卷_創傷處置__夾板\三角巾,2031,0,0.0
surgery,2021,EMT_問卷_創傷處置__抽吸式護木,2031,0,0.0
surgery,2021,EMT_問卷_創傷處置__清洗傷口,2031,0,0.0
surgery,2021,EMT_問卷_創傷處置__長背板\頭部固定,2031,0,0.0
surgery,2021,EMT_問卷_創傷處置__頸圈,2031,0,0.0
surgery,2021,EMT_問卷_創傷處置__OTHER_RARE,2031,0,0.0
surgery,2021,EMT_問卷_創傷處置__source_available,2031,0,0.0
surgery,2021,EMT_問卷_創傷處置__explicit_none,2031,0,0.0
surgery,2021,EMT_問卷_創傷處置__source_missing,2031,0,0.0
surgery,2021,EMT_問卷_加護處置__0.9%N.S.,2031,0,0.0
surgery,2021,EMT_問卷_加護處置__5%G.W.,2031,0,0.0
surgery,2021,EMT_問卷_加護處置__50%G.W.,2031,0,0.0
surgery,2021,EMT_問卷_加護處置__Berotec支氣管擴張劑,2031,0,0.0
surgery,2021,EMT_問卷_加護處置__IV,2031,0,0.0
surgery,2021,EMT_問卷_加護處置__不建議AED電擊,2031,0,0.0
surgery,2021,EMT_問卷_加護處置__糖粉（水）,2031,0,0.0
surgery,2021,EMT_問卷_加護處置__OTHER_RARE,2031,0,0.0
surgery,2021,EMT_問卷_加護處置__source_available,2031,0,0.0
surgery,2021,EMT_問卷_加護處置__explicit_none,2031,0,0.0
surgery,2021,EMT_問卷_加護處置__source_missing,2031,0,0.0
surgery,2021,EMT_台北_呼吸處置__OTHER_RARE,2031,0,0.0
surgery,2021,EMT_台北_呼吸處置__source_available,2031,0,0.0
surgery,2021,EMT_台北_呼吸處置__explicit_none,2031,0,0.0
surgery,2021,EMT_台北_呼吸處置__source_missing,2031,0,0.0
surgery,2021,EMT_台北_CPR處置__OTHER_RARE,2031,0,0.0
surgery,2021,EMT_台北_CPR處置__source_available,2031,0,0.0
surgery,2021,EMT_台北_CPR處置__explicit_none,2031,0,0.0
surgery,2021,EMT_台北_CPR處置__source_missing,2031,0,0.0
surgery,2021,EMT_台北_藥物處置__OTHER_RARE,2031,0,0.0
surgery,2021,EMT_台北_藥物處置__source_available,2031,0,0.0
surgery,2021,EMT_台北_藥物處置__explicit_none,2031,0,0.0
surgery,2021,EMT_台北_藥物處置__source_missing,2031,0,0.0
surgery,2021,EMT_台北_創傷處置__包紮,2031,0,0.0
surgery,2021,EMT_台北_創傷處置__止血,2031,0,0.0
surgery,2021,EMT_台北_創傷處置__清洗傷口,2031,0,0.0
surgery,2021,EMT_台北_創傷處置__OTHER_RARE,2031,0,0.0
surgery,2021,EMT_台北_創傷處置__source_available,2031,0,0.0
surgery,2021,EMT_台北_創傷處置__explicit_none,2031,0,0.0
surgery,2021,EMT_台北_創傷處置__source_missing,2031,0,0.0
surgery,2021,EMT_台北_後送姿勢__半坐臥,2031,0,0.0
surgery,2021,EMT_台北_後送姿勢__平躺,2031,0,0.0
surgery,2021,EMT_台北_後送姿勢__OTHER_RARE,2031,0,0.0
surgery,2021,EMT_台北_後送姿勢__source_available,2031,0,0.0
surgery,2021,EMT_台北_後送姿勢__explicit_none,2031,0,0.0
surgery,2021,EMT_台北_後送姿勢__source_missing,2031,0,0.0
surgery,2021,EMT_台北_其他處置__保暖,2031,0,0.0
surgery,2021,EMT_台北_其他處置__心理支持,2031,0,0.0
surgery,2021,EMT_台北_其他處置__OTHER_RARE,2031,0,0.0
surgery,2021,EMT_台北_其他處置__source_available,2031,0,0.0
surgery,2021,EMT_台北_其他處置__explicit_none,2031,0,0.0
surgery,2021,EMT_台北_其他處置__source_missing,2031,0,0.0
surgery,2021,EMT_台北_給藥__OTHER_RARE,2031,0,0.0
surgery,2021,EMT_台北_給藥__source_available,2031,0,0.0
surgery,2021,EMT_台北_給藥__explicit_none,2031,0,0.0
surgery,2021,EMT_台北_給藥__source_missing,2031,0,0.0
surgery,2021,EMT_補述_紅旗__DNR.放棄急救,2031,0,0.0
surgery,2021,EMT_補述_紅旗__休克.低血壓,2031,0,0.0
surgery,2021,EMT_補述_紅旗__呼吸窘迫.低血氧,2031,0,0.0
surgery,2021,EMT_補述_紅旗__大出血,2031,0,0.0
surgery,2021,EMT_補述_紅旗__心跳呼吸停止.PEA,2031,0,0.0
surgery,2021,EMT_補述_紅旗__意識改變,2031,0,0.0
surgery,2021,EMT_補述_紅旗__抽搐,2031,0,0.0
surgery,2021,EMT_補述_紅旗__疑似中風,2031,0,0.0
surgery,2021,EMT_補述_紅旗__胸痛疑似ACS,2031,0,0.0
surgery,2021,EMT_補述_紅旗__OTHER_RARE,2031,0,0.0
surgery,2021,EMT_補述_紅旗__source_available,2031,0,0.0
surgery,2021,EMT_補述_紅旗__explicit_none,2031,0,0.0
surgery,2021,EMT_補述_紅旗__source_missing,2031,0,0.0
surgery,2021,EMT_問卷_過去病史__HIV(+),2031,0,0.0
surgery,2021,EMT_問卷_過去病史__不詳,2031,0,0.0
surgery,2021,EMT_問卷_過去病史__其他,2031,0,0.0
surgery,2021,EMT_問卷_過去病史__心臟疾病,2031,0,0.0
surgery,2021,EMT_問卷_過去病史__惡性腫瘤,2031,0,0.0
surgery,2021,EMT_問卷_過去病史__氣喘,2031,0,0.0
surgery,2021,EMT_問卷_過去病史__癲癇,2031,0,0.0
surgery,2021,EMT_問卷_過去病史__精神疾病,2031,0,0.0
surgery,2021,EMT_問卷_過去病史__糖尿病,2031,0,0.0
surgery,2021,EMT_問卷_過去病史__肝臟疾病,2031,0,0.0
surgery,2021,EMT_問卷_過去病史__肺臟疾病,2031,0,0.0
surgery,2021,EMT_問卷_過去病史__腎臟疾病,2031,0,0.0
surgery,2021,EMT_問卷_過去病史__腦血管疾病,2031,0,0.0
surgery,2021,EMT_問卷_過去病史__高血壓,2031,0,0.0
surgery,2021,EMT_問卷_過去病史__OTHER_RARE,2031,0,0.0
surgery,2021,EMT_問卷_過去病史__source_available,2031,0,0.0
surgery,2021,EMT_問卷_過去病史__explicit_none,2031,0,0.0
surgery,2021,EMT_問卷_過去病史__source_missing,2031,0,0.0
surgery,2021,EMT_問卷_過敏史__不詳,2031,0,0.0
surgery,2021,EMT_問卷_過敏史__其他,2031,0,0.0
surgery,2021,EMT_問卷_過敏史__藥物,2031,0,0.0
surgery,2021,EMT_問卷_過敏史__食物,2031,0,0.0
surgery,2021,EMT_問卷_過敏史__OTHER_RARE,2031,0,0.0
surgery,2021,EMT_問卷_過敏史__source_available,2031,0,0.0
surgery,2021,EMT_問卷_過敏史__explicit_none,2031,0,0.0
surgery,2021,EMT_問卷_過敏史__source_missing,2031,0,0.0
surgery,2021,has_oxygen,2031,2006,0.9876907927129492
surgery,2021,has_ventilatory_support,2031,2006,0.9876907927129492
surgery,2021,has_airway_adjunct,2031,2006,0.9876907927129492
surgery,2021,has_advanced_airway,2031,2006,0.9876907927129492
surgery,2021,has_ALS_procedure,2031,2005,0.9871984244214672
surgery,2021,EMT_現場_收縮壓_ord,2031,3,0.0014771048744460858
surgery,2021,EMT_現場_收縮壓_for_score,2031,4,0.0019694731659281144
surgery,2021,EMT_車上_收縮壓_for_score,2031,11,0.0054160512063023145
surgery,2021,EMT_現場_收縮壓_unmeasurable,2031,0,0.0
surgery,2021,EMT_車上_收縮壓_unmeasurable,2031,0,0.0
surgery,2021,MISS_EMT_現場_收縮壓_for_score,2031,0,0.0
surgery,2021,MISS_EMT_車上_收縮壓_for_score,2031,0,0.0
surgery,2021,prehosp_sbp,2031,4,0.0019694731659281144
surgery,2021,prehosp_dbp,2031,54,0.026587887740029542
surgery,2021,prehosp_hr,2031,5,0.002461841457410143
surgery,2021,prehosp_rr,2031,5,0.002461841457410143
surgery,2021,prehosp_spo2,2031,5,0.002461841457410143
surgery,2021,prehosp_bt,2031,5,0.002461841457410143
surgery,2021,prehosp_gcs,2031,6,0.0029542097488921715
surgery,2021,prehosp_gcs_e,2031,6,0.0029542097488921715
surgery,2021,prehosp_gcs_v,2031,6,0.0029542097488921715
surgery,2021,prehosp_gcs_m,2031,6,0.0029542097488921715
surgery,2021,is_OHCA_hr0,2031,0,0.0
surgery,2021,現場時間,2031,0,0.0
surgery,2021,運送時間,2031,0,0.0
surgery,2021,派遣時間,2031,6,0.0029542097488921715
surgery,2021,總到院前時間,2031,6,0.0029542097488921715
surgery,2021,MISS_現場時間,2031,0,0.0
surgery,2021,MISS_運送時間,2031,0,0.0
surgery,2021,MISS_派遣時間,2031,0,0.0
surgery,2021,MISS_總到院前時間,2031,0,0.0
surgery,2021,MAP,2031,54,0.026587887740029542
surgery,2021,MISS_MAP,2031,0,0.0
surgery,2021,SI,2031,5,0.002461841457410143
surgery,2021,MISS_SI,2031,0,0.0
surgery,2021,mSI,2031,54,0.026587887740029542
surgery,2021,MISS_mSI,2031,0,0.0
surgery,2021,aSI,2031,6,0.0029542097488921715
surgery,2021,MISS_aSI,2031,0,0.0
surgery,2021,rSI,2031,5,0.002461841457410143
surgery,2021,MISS_rSI,2031,0,0.0
surgery,2021,rSIG,2031,6,0.0029542097488921715
surgery,2021,MISS_rSIG,2031,0,0.0
surgery,2021,rSIG_Age,2031,7,0.0034465780403741997
surgery,2021,MISS_rSIG_Age,2031,0,0.0
surgery,2021,SI_G,2031,6,0.0029542097488921715
surgery,2021,MISS_SI_G,2031,0,0.0
surgery,2021,SIA_G,2031,7,0.0034465780403741997
surgery,2021,MISS_SIA_G,2031,0,0.0
surgery,2021,SIAVPU,2031,5,0.002461841457410143
surgery,2021,MISS_SIAVPU,2031,0,0.0
surgery,2021,sMS,2031,6,0.0029542097488921715
surgery,2021,MISS_sMS,2031,0,0.0
surgery,2021,rSI_sMS,2031,6,0.0029542097488921715
surgery,2021,MISS_rSI_sMS,2031,0,0.0
surgery,2021,rSI_GCS,2031,6,0.0029542097488921715
surgery,2021,MISS_rSI_GCS,2031,0,0.0
surgery,2021,rSI_GCSM,2031,6,0.0029542097488921715
surgery,2021,MISS_rSI_GCSM,2031,0,0.0
surgery,2021,qSOFA,2031,5,0.002461841457410143
surgery,2021,qSOFA_available,2031,0,0.0
surgery,2021,qSOFA_observed_components,2031,0,0.0
surgery,2021,qSOFA_required_components,2031,0,0.0
surgery,2021,MISS_qSOFA,2031,0,0.0
surgery,2021,NEWS2,2031,2006,0.9876907927129492
surgery,2021,NEWS2_available,2031,0,0.0
surgery,2021,NEWS2_observed_components,2031,0,0.0
surgery,2021,NEWS2_required_components,2031,0,0.0
surgery,2021,MISS_NEWS2,2031,0,0.0
surgery,2021,MEWS,2031,5,0.002461841457410143
surgery,2021,MEWS_available,2031,0,0.0
surgery,2021,MEWS_observed_components,2031,0,0.0
surgery,2021,MEWS_required_components,2031,0,0.0
surgery,2021,MISS_MEWS,2031,0,0.0
surgery,2021,REMS,2031,56,0.027572624322993598
surgery,2021,REMS_available,2031,0,0.0
surgery,2021,REMS_observed_components,2031,0,0.0
surgery,2021,REMS_required_components,2031,0,0.0
surgery,2021,MISS_REMS,2031,0,0.0
surgery,2021,RTS,2031,6,0.0029542097488921715
surgery,2021,RTS_available,2031,0,0.0
surgery,2021,RTS_observed_components,2031,0,0.0
surgery,2021,RTS_required_components,2031,0,0.0
surgery,2021,MISS_RTS,2031,0,0.0
surgery,2021,kw_ohca,2031,0,0.0
surgery,2021,kw_chest_pain,2031,0,0.0
surgery,2021,kw_dyspnea,2031,0,0.0
surgery,2021,kw_bleeding,2031,0,0.0
surgery,2021,kw_stroke,2031,0,0.0
surgery,2021,kw_trauma,2031,0,0.0
surgery,2021,kw_seizure,2031,0,0.0
surgery,2021,kw_unconscious,2031,0,0.0
surgery,2021,is_text_missing,2031,0,0.0
surgery,2021,text_source_count,2031,0,0.0
surgery,2021,text_char_count,2031,0,0.0
surgery,2022,EMT_年齡,2374,0,0.0
surgery,2022,MISS_EMT_年齡,2374,0,0.0
surgery,2022,MISSREASON_EMT_年齡__source_missing,2374,0,0.0
surgery,2022,MISSREASON_EMT_年齡__not_measured,2374,0,0.0
surgery,2022,MISSREASON_EMT_年齡__sentinel,2374,0,0.0
surgery,2022,MISSREASON_EMT_年齡__invalid_or_out_of_range,2374,0,0.0
surgery,2022,EMT_發生地點_到慈濟_開車km,2374,4,0.0016849199663016006
surgery,2022,MISS_EMT_發生地點_到慈濟_開車km,2374,0,0.0
surgery,2022,MISSREASON_EMT_發生地點_到慈濟_開車km__source_missing,2374,0,0.0
surgery,2022,MISSREASON_EMT_發生地點_到慈濟_開車km__not_measured,2374,0,0.0
surgery,2022,MISSREASON_EMT_發生地點_到慈濟_開車km__sentinel,2374,0,0.0
surgery,2022,MISSREASON_EMT_發生地點_到慈濟_開車km__invalid_or_out_of_range,2374,0,0.0
surgery,2022,EMT_發生地點_到慈濟_直線km,2374,4,0.0016849199663016006
surgery,2022,MISS_EMT_發生地點_到慈濟_直線km,2374,0,0.0
surgery,2022,MISSREASON_EMT_發生地點_到慈濟_直線km__source_missing,2374,0,0.0
surgery,2022,MISSREASON_EMT_發生地點_到慈濟_直線km__not_measured,2374,0,0.0
surgery,2022,MISSREASON_EMT_發生地點_到慈濟_直線km__sentinel,2374,0,0.0
surgery,2022,MISSREASON_EMT_發生地點_到慈濟_直線km__invalid_or_out_of_range,2374,0,0.0
surgery,2022,EMT_反應時間分,2374,3,0.0012636899747262005
surgery,2022,MISS_EMT_反應時間分,2374,0,0.0
surgery,2022,MISSREASON_EMT_反應時間分__source_missing,2374,0,0.0
surgery,2022,MISSREASON_EMT_反應時間分__not_measured,2374,0,0.0
surgery,2022,MISSREASON_EMT_反應時間分__sentinel,2374,0,0.0
surgery,2022,MISSREASON_EMT_反應時間分__invalid_or_out_of_range,2374,0,0.0
surgery,2022,EMT_現場停留分,2374,1,0.00042122999157540015
surgery,2022,MISS_EMT_現場停留分,2374,0,0.0
surgery,2022,MISSREASON_EMT_現場停留分__source_missing,2374,0,0.0
surgery,2022,MISSREASON_EMT_現場停留分__not_measured,2374,0,0.0
surgery,2022,MISSREASON_EMT_現場停留分__sentinel,2374,0,0.0
surgery,2022,MISSREASON_EMT_現場停留分__invalid_or_out_of_range,2374,0,0.0
surgery,2022,EMT_送醫途中分,2374,1,0.00042122999157540015
surgery,2022,MISS_EMT_送醫途中分,2374,0,0.0
surgery,2022,MISSREASON_EMT_送醫途中分__source_missing,2374,0,0.0
surgery,2022,MISSREASON_EMT_送醫途中分__not_measured,2374,0,0.0
surgery,2022,MISSREASON_EMT_送醫途中分__sentinel,2374,0,0.0
surgery,2022,MISSREASON_EMT_送醫途中分__invalid_or_out_of_range,2374,0,0.0
surgery,2022,EMT_現場_舒張壓,2374,2374,1.0
surgery,2022,MISS_EMT_現場_舒張壓,2374,0,0.0
surgery,2022,MISSREASON_EMT_現場_舒張壓__source_missing,2374,0,0.0
surgery,2022,MISSREASON_EMT_現場_舒張壓__not_measured,2374,0,0.0
surgery,2022,MISSREASON_EMT_現場_舒張壓__sentinel,2374,0,0.0
surgery,2022,MISSREASON_EMT_現場_舒張壓__invalid_or_out_of_range,2374,0,0.0
surgery,2022,EMT_現場_脈搏,2374,23,0.009688289806234204
surgery,2022,MISS_EMT_現場_脈搏,2374,0,0.0
surgery,2022,MISSREASON_EMT_現場_脈搏__source_missing,2374,0,0.0
surgery,2022,MISSREASON_EMT_現場_脈搏__not_measured,2374,0,0.0
surgery,2022,MISSREASON_EMT_現場_脈搏__sentinel,2374,0,0.0
surgery,2022,MISSREASON_EMT_現場_脈搏__invalid_or_out_of_range,2374,0,0.0
surgery,2022,EMT_現場_呼吸,2374,22,0.009267059814658803
surgery,2022,MISS_EMT_現場_呼吸,2374,0,0.0
surgery,2022,MISSREASON_EMT_現場_呼吸__source_missing,2374,0,0.0
surgery,2022,MISSREASON_EMT_現場_呼吸__not_measured,2374,0,0.0
surgery,2022,MISSREASON_EMT_現場_呼吸__sentinel,2374,0,0.0
surgery,2022,MISSREASON_EMT_現場_呼吸__invalid_or_out_of_range,2374,0,0.0
surgery,2022,EMT_現場_SPO2,2374,26,0.010951979780960405
surgery,2022,MISS_EMT_現場_SPO2,2374,0,0.0
surgery,2022,MISSREASON_EMT_現場_SPO2__source_missing,2374,0,0.0
surgery,2022,MISSREASON_EMT_現場_SPO2__not_measured,2374,0,0.0
surgery,2022,MISSREASON_EMT_現場_SPO2__sentinel,2374,0,0.0
surgery,2022,MISSREASON_EMT_現場_SPO2__invalid_or_out_of_range,2374,0,0.0
surgery,2022,EMT_現場_體溫,2374,24,0.010109519797809604
surgery,2022,MISS_EMT_現場_體溫,2374,0,0.0
surgery,2022,MISSREASON_EMT_現場_體溫__source_missing,2374,0,0.0
surgery,2022,MISSREASON_EMT_現場_體溫__not_measured,2374,0,0.0
surgery,2022,MISSREASON_EMT_現場_體溫__sentinel,2374,0,0.0
surgery,2022,MISSREASON_EMT_現場_體溫__invalid_or_out_of_range,2374,0,0.0
surgery,2022,EMT_現場_GCS,2374,27,0.011373209772535805
surgery,2022,MISS_EMT_現場_GCS,2374,0,0.0
surgery,2022,MISSREASON_EMT_現場_GCS__source_missing,2374,0,0.0
surgery,2022,MISSREASON_EMT_現場_GCS__not_measured,2374,0,0.0
surgery,2022,MISSREASON_EMT_現場_GCS__sentinel,2374,0,0.0
surgery,2022,MISSREASON_EMT_現場_GCS__invalid_or_out_of_range,2374,0,0.0
surgery,2022,EMT_現場_GCS_E,2374,27,0.011373209772535805
surgery,2022,MISS_EMT_現場_GCS_E,2374,0,0.0
surgery,2022,MISSREASON_EMT_現場_GCS_E__source_missing,2374,0,0.0
surgery,2022,MISSREASON_EMT_現場_GCS_E__not_measured,2374,0,0.0
surgery,2022,MISSREASON_EMT_現場_GCS_E__sentinel,2374,0,0.0
surgery,2022,MISSREASON_EMT_現場_GCS_E__invalid_or_out_of_range,2374,0,0.0
surgery,2022,EMT_現場_GCS_V,2374,27,0.011373209772535805
surgery,2022,MISS_EMT_現場_GCS_V,2374,0,0.0
surgery,2022,MISSREASON_EMT_現場_GCS_V__source_missing,2374,0,0.0
surgery,2022,MISSREASON_EMT_現場_GCS_V__not_measured,2374,0,0.0
surgery,2022,MISSREASON_EMT_現場_GCS_V__sentinel,2374,0,0.0
surgery,2022,MISSREASON_EMT_現場_GCS_V__invalid_or_out_of_range,2374,0,0.0
surgery,2022,EMT_現場_GCS_M,2374,27,0.011373209772535805
surgery,2022,MISS_EMT_現場_GCS_M,2374,0,0.0
surgery,2022,MISSREASON_EMT_現場_GCS_M__source_missing,2374,0,0.0
surgery,2022,MISSREASON_EMT_現場_GCS_M__not_measured,2374,0,0.0
surgery,2022,MISSREASON_EMT_現場_GCS_M__sentinel,2374,0,0.0
surgery,2022,MISSREASON_EMT_現場_GCS_M__invalid_or_out_of_range,2374,0,0.0
surgery,2022,EMT_車上_舒張壓,2374,110,0.04633529907329402
surgery,2022,MISS_EMT_車上_舒張壓,2374,0,0.0
surgery,2022,MISSREASON_EMT_車上_舒張壓__source_missing,2374,0,0.0
surgery,2022,MISSREASON_EMT_車上_舒張壓__not_measured,2374,0,0.0
surgery,2022,MISSREASON_EMT_車上_舒張壓__sentinel,2374,0,0.0
surgery,2022,MISSREASON_EMT_車上_舒張壓__invalid_or_out_of_range,2374,0,0.0
surgery,2022,EMT_車上_脈搏,2374,54,0.02274641954507161
surgery,2022,MISS_EMT_車上_脈搏,2374,0,0.0
surgery,2022,MISSREASON_EMT_車上_脈搏__source_missing,2374,0,0.0
surgery,2022,MISSREASON_EMT_車上_脈搏__not_measured,2374,0,0.0
surgery,2022,MISSREASON_EMT_車上_脈搏__sentinel,2374,0,0.0
surgery,2022,MISSREASON_EMT_車上_脈搏__invalid_or_out_of_range,2374,0,0.0
surgery,2022,EMT_車上_呼吸,2374,52,0.02190395956192081
surgery,2022,MISS_EMT_車上_呼吸,2374,0,0.0
surgery,2022,MISSREASON_EMT_車上_呼吸__source_missing,2374,0,0.0
surgery,2022,MISSREASON_EMT_車上_呼吸__not_measured,2374,0,0.0
surgery,2022,MISSREASON_EMT_車上_呼吸__sentinel,2374,0,0.0
surgery,2022,MISSREASON_EMT_車上_呼吸__invalid_or_out_of_range,2374,0,0.0
surgery,2022,EMT_車上_SPO2,2374,52,0.02190395956192081
surgery,2022,MISS_EMT_車上_SPO2,2374,0,0.0
surgery,2022,MISSREASON_EMT_車上_SPO2__source_missing,2374,0,0.0
surgery,2022,MISSREASON_EMT_車上_SPO2__not_measured,2374,0,0.0
surgery,2022,MISSREASON_EMT_車上_SPO2__sentinel,2374,0,0.0
surgery,2022,MISSREASON_EMT_車上_SPO2__invalid_or_out_of_range,2374,0,0.0
surgery,2022,EMT_車上_體溫,2374,56,0.02358887952822241
surgery,2022,MISS_EMT_車上_體溫,2374,0,0.0
surgery,2022,MISSREASON_EMT_車上_體溫__source_missing,2374,0,0.0
surgery,2022,MISSREASON_EMT_車上_體溫__not_measured,2374,0,0.0
surgery,2022,MISSREASON_EMT_車上_體溫__sentinel,2374,0,0.0
surgery,2022,MISSREASON_EMT_車上_體溫__invalid_or_out_of_range,2374,0,0.0
surgery,2022,EMT_車上_GCS,2374,30,0.012636899747262006
surgery,2022,MISS_EMT_車上_GCS,2374,0,0.0
surgery,2022,MISSREASON_EMT_車上_GCS__source_missing,2374,0,0.0
surgery,2022,MISSREASON_EMT_車上_GCS__not_measured,2374,0,0.0
surgery,2022,MISSREASON_EMT_車上_GCS__sentinel,2374,0,0.0
surgery,2022,MISSREASON_EMT_車上_GCS__invalid_or_out_of_range,2374,0,0.0
surgery,2022,EMT_車上_GCS_E,2374,30,0.012636899747262006
surgery,2022,MISS_EMT_車上_GCS_E,2374,0,0.0
surgery,2022,MISSREASON_EMT_車上_GCS_E__source_missing,2374,0,0.0
surgery,2022,MISSREASON_EMT_車上_GCS_E__not_measured,2374,0,0.0
surgery,2022,MISSREASON_EMT_車上_GCS_E__sentinel,2374,0,0.0
surgery,2022,MISSREASON_EMT_車上_GCS_E__invalid_or_out_of_range,2374,0,0.0
surgery,2022,EMT_車上_GCS_V,2374,30,0.012636899747262006
surgery,2022,MISS_EMT_車上_GCS_V,2374,0,0.0
surgery,2022,MISSREASON_EMT_車上_GCS_V__source_missing,2374,0,0.0
surgery,2022,MISSREASON_EMT_車上_GCS_V__not_measured,2374,0,0.0
surgery,2022,MISSREASON_EMT_車上_GCS_V__sentinel,2374,0,0.0
surgery,2022,MISSREASON_EMT_車上_GCS_V__invalid_or_out_of_range,2374,0,0.0
surgery,2022,EMT_車上_GCS_M,2374,30,0.012636899747262006
surgery,2022,MISS_EMT_車上_GCS_M,2374,0,0.0
surgery,2022,MISSREASON_EMT_車上_GCS_M__source_missing,2374,0,0.0
surgery,2022,MISSREASON_EMT_車上_GCS_M__not_measured,2374,0,0.0
surgery,2022,MISSREASON_EMT_車上_GCS_M__sentinel,2374,0,0.0
surgery,2022,MISSREASON_EMT_車上_GCS_M__invalid_or_out_of_range,2374,0,0.0
surgery,2022,EMT_生命徵象量測次數,2374,27,0.011373209772535805
surgery,2022,MISS_EMT_生命徵象量測次數,2374,0,0.0
surgery,2022,MISSREASON_EMT_生命徵象量測次數__source_missing,2374,0,0.0
surgery,2022,MISSREASON_EMT_生命徵象量測次數__not_measured,2374,0,0.0
surgery,2022,MISSREASON_EMT_生命徵象量測次數__sentinel,2374,0,0.0
surgery,2022,MISSREASON_EMT_生命徵象量測次數__invalid_or_out_of_range,2374,0,0.0
surgery,2022,EMT_問卷_疼痛指數,2374,117,0.04928390901432182
surgery,2022,MISS_EMT_問卷_疼痛指數,2374,0,0.0
surgery,2022,MISSREASON_EMT_問卷_疼痛指數__source_missing,2374,0,0.0
surgery,2022,MISSREASON_EMT_問卷_疼痛指數__not_measured,2374,0,0.0
surgery,2022,MISSREASON_EMT_問卷_疼痛指數__sentinel,2374,0,0.0
surgery,2022,MISSREASON_EMT_問卷_疼痛指數__invalid_or_out_of_range,2374,0,0.0
surgery,2022,EMT_問卷_左瞳孔尺寸mm,2374,75,0.03159224936815501
surgery,2022,MISS_EMT_問卷_左瞳孔尺寸mm,2374,0,0.0
surgery,2022,MISSREASON_EMT_問卷_左瞳孔尺寸mm__source_missing,2374,0,0.0
surgery,2022,MISSREASON_EMT_問卷_左瞳孔尺寸mm__not_measured,2374,0,0.0
surgery,2022,MISSREASON_EMT_問卷_左瞳孔尺寸mm__sentinel,2374,0,0.0
surgery,2022,MISSREASON_EMT_問卷_左瞳孔尺寸mm__invalid_or_out_of_range,2374,0,0.0
surgery,2022,EMT_問卷_右瞳孔尺寸mm,2374,81,0.03411962931760741
surgery,2022,MISS_EMT_問卷_右瞳孔尺寸mm,2374,0,0.0
surgery,2022,MISSREASON_EMT_問卷_右瞳孔尺寸mm__source_missing,2374,0,0.0
surgery,2022,MISSREASON_EMT_問卷_右瞳孔尺寸mm__not_measured,2374,0,0.0
surgery,2022,MISSREASON_EMT_問卷_右瞳孔尺寸mm__sentinel,2374,0,0.0
surgery,2022,MISSREASON_EMT_問卷_右瞳孔尺寸mm__invalid_or_out_of_range,2374,0,0.0
surgery,2022,EMT_問卷_血糖值mgdl,2374,2261,0.9524010109519798
surgery,2022,MISS_EMT_問卷_血糖值mgdl,2374,0,0.0
surgery,2022,MISSREASON_EMT_問卷_血糖值mgdl__source_missing,2374,0,0.0
surgery,2022,MISSREASON_EMT_問卷_血糖值mgdl__not_measured,2374,0,0.0
surgery,2022,MISSREASON_EMT_問卷_血糖值mgdl__sentinel,2374,0,0.0
surgery,2022,MISSREASON_EMT_問卷_血糖值mgdl__invalid_or_out_of_range,2374,0,0.0
surgery,2022,EMT_問卷_氧氣流量Lmin,2374,2347,0.9886267902274642
surgery,2022,MISS_EMT_問卷_氧氣流量Lmin,2374,0,0.0
surgery,2022,MISSREASON_EMT_問卷_氧氣流量Lmin__source_missing,2374,0,0.0
surgery,2022,MISSREASON_EMT_問卷_氧氣流量Lmin__not_measured,2374,0,0.0
surgery,2022,MISSREASON_EMT_問卷_氧氣流量Lmin__sentinel,2374,0,0.0
surgery,2022,MISSREASON_EMT_問卷_氧氣流量Lmin__invalid_or_out_of_range,2374,0,0.0
surgery,2022,EMT_問卷_靜脈輸液量ml,2374,2349,0.989469250210615
surgery,2022,MISS_EMT_問卷_靜脈輸液量ml,2374,0,0.0
surgery,2022,MISSREASON_EMT_問卷_靜脈輸液量ml__source_missing,2374,0,0.0
surgery,2022,MISSREASON_EMT_問卷_靜脈輸液量ml__not_measured,2374,0,0.0
surgery,2022,MISSREASON_EMT_問卷_靜脈輸液量ml__sentinel,2374,0,0.0
surgery,2022,MISSREASON_EMT_問卷_靜脈輸液量ml__invalid_or_out_of_range,2374,0,0.0
surgery,2022,EMT_體重,2374,55,0.02316764953664701
surgery,2022,MISS_EMT_體重,2374,0,0.0
surgery,2022,MISSREASON_EMT_體重__source_missing,2374,0,0.0
surgery,2022,MISSREASON_EMT_體重__not_measured,2374,0,0.0
surgery,2022,MISSREASON_EMT_體重__sentinel,2374,0,0.0
surgery,2022,MISSREASON_EMT_體重__invalid_or_out_of_range,2374,0,0.0
surgery,2022,EMT_燒燙傷一級%,2374,27,0.011373209772535805
surgery,2022,MISS_EMT_燒燙傷一級%,2374,0,0.0
surgery,2022,MISSREASON_EMT_燒燙傷一級%__source_missing,2374,0,0.0
surgery,2022,MISSREASON_EMT_燒燙傷一級%__not_measured,2374,0,0.0
surgery,2022,MISSREASON_EMT_燒燙傷一級%__sentinel,2374,0,0.0
surgery,2022,MISSREASON_EMT_燒燙傷一級%__invalid_or_out_of_range,2374,0,0.0
surgery,2022,EMT_燒燙傷二級%,2374,27,0.011373209772535805
surgery,2022,MISS_EMT_燒燙傷二級%,2374,0,0.0
surgery,2022,MISSREASON_EMT_燒燙傷二級%__source_missing,2374,0,0.0
surgery,2022,MISSREASON_EMT_燒燙傷二級%__not_measured,2374,0,0.0
surgery,2022,MISSREASON_EMT_燒燙傷二級%__sentinel,2374,0,0.0
surgery,2022,MISSREASON_EMT_燒燙傷二級%__invalid_or_out_of_range,2374,0,0.0
surgery,2022,EMT_燒燙傷三級%,2374,27,0.011373209772535805
surgery,2022,MISS_EMT_燒燙傷三級%,2374,0,0.0
surgery,2022,MISSREASON_EMT_燒燙傷三級%__source_missing,2374,0,0.0
surgery,2022,MISSREASON_EMT_燒燙傷三級%__not_measured,2374,0,0.0
surgery,2022,MISSREASON_EMT_燒燙傷三級%__sentinel,2374,0,0.0
surgery,2022,MISSREASON_EMT_燒燙傷三級%__invalid_or_out_of_range,2374,0,0.0
surgery,2022,EMT_燒燙傷總%,2374,27,0.011373209772535805
surgery,2022,MISS_EMT_燒燙傷總%,2374,0,0.0
surgery,2022,MISSREASON_EMT_燒燙傷總%__source_missing,2374,0,0.0
surgery,2022,MISSREASON_EMT_燒燙傷總%__not_measured,2374,0,0.0
surgery,2022,MISSREASON_EMT_燒燙傷總%__sentinel,2374,0,0.0
surgery,2022,MISSREASON_EMT_燒燙傷總%__invalid_or_out_of_range,2374,0,0.0
surgery,2022,EMT_城市__台北,2374,0,0.0
surgery,2022,EMT_城市__新北,2374,0,0.0
surgery,2022,EMT_城市__OTHER_RARE,2374,0,0.0
surgery,2022,EMT_城市__MISSING,2374,0,0.0
surgery,2022,EMT_性別__女,2374,0,0.0
surgery,2022,EMT_性別__男,2374,0,0.0
surgery,2022,EMT_性別__OTHER_RARE,2374,0,0.0
surgery,2022,EMT_性別__MISSING,2374,0,0.0
surgery,2022,EMT_送醫路由__家屬指定送醫,2374,0,0.0
surgery,2022,EMT_送醫路由__就近適當,2374,0,0.0
surgery,2022,EMT_送醫路由__指揮中心,2374,0,0.0
surgery,2022,EMT_送醫路由__OTHER_RARE,2374,0,0.0
surgery,2022,EMT_送醫路由__MISSING,2374,0,0.0
surgery,2022,EMT_危急個案__0.0,2374,0,0.0
surgery,2022,EMT_危急個案__1.0,2374,0,0.0
surgery,2022,EMT_危急個案__OTHER_RARE,2374,0,0.0
surgery,2022,EMT_危急個案__MISSING,2374,0,0.0
surgery,2022,EMT_發生地區__三峽區,2374,0,0.0
surgery,2022,EMT_發生地區__三重區,2374,0,0.0
surgery,2022,EMT_發生地區__中和區,2374,0,0.0
surgery,2022,EMT_發生地區__土城區,2374,0,0.0
surgery,2022,EMT_發生地區__坪林區,2374,0,0.0
surgery,2022,EMT_發生地區__市文山區,2374,0,0.0
surgery,2022,EMT_發生地區__新店區,2374,0,0.0
surgery,2022,EMT_發生地區__新莊區,2374,0,0.0
surgery,2022,EMT_發生地區__板橋區,2374,0,0.0
surgery,2022,EMT_發生地區__樹林區,2374,0,0.0
surgery,2022,EMT_發生地區__永和區,2374,0,0.0
surgery,2022,EMT_發生地區__深坑區,2374,0,0.0
surgery,2022,EMT_發生地區__烏來區,2374,0,0.0
surgery,2022,EMT_發生地區__石碇區,2374,0,0.0
surgery,2022,EMT_發生地區__蘆洲區,2374,0,0.0
surgery,2022,EMT_發生地區__OTHER_RARE,2374,0,0.0
surgery,2022,EMT_發生地區__MISSING,2374,0,0.0
surgery,2022,EMT_距離_定位信心__Google地標,2374,0,0.0
surgery,2022,EMT_距離_定位信心__區內概略,2374,0,0.0
surgery,2022,EMT_距離_定位信心__國道概略,2374,0,0.0
surgery,2022,EMT_距離_定位信心__無,2374,0,0.0
surgery,2022,EMT_距離_定位信心__號,2374,0,0.0
surgery,2022,EMT_距離_定位信心__路名概略(OSM),2374,0,0.0
surgery,2022,EMT_距離_定位信心__路段中心,2374,0,0.0
surgery,2022,EMT_距離_定位信心__OTHER_RARE,2374,0,0.0
surgery,2022,EMT_距離_定位信心__MISSING,2374,0,0.0
surgery,2022,EMT_現場_意識__否,2374,0,0.0
surgery,2022,EMT_現場_意識__清,2374,0,0.0
surgery,2022,EMT_現場_意識__痛,2374,0,0.0
surgery,2022,EMT_現場_意識__聲,2374,0,0.0
surgery,2022,EMT_現場_意識__OTHER_RARE,2374,0,0.0
surgery,2022,EMT_現場_意識__MISSING,2374,0,0.0
surgery,2022,EMT_派遣分類__BLS,2374,0,0.0
surgery,2022,EMT_派遣分類__OTHER_RARE,2374,0,0.0
surgery,2022,EMT_派遣分類__MISSING,2374,0,0.0
surgery,2022,EMT_派遣原因__救護,2374,0,0.0
surgery,2022,EMT_派遣原因__救護-一般受傷,2374,0,0.0
surgery,2022,EMT_派遣原因__救護-其它,2374,0,0.0
surgery,2022,EMT_派遣原因__救護-割腕,2374,0,0.0
surgery,2022,EMT_派遣原因__救護-吞食藥物,2374,0,0.0
surgery,2022,EMT_派遣原因__救護-孕婦待產,2374,0,0.0
surgery,2022,EMT_派遣原因__救護-急病,2374,0,0.0
surgery,2022,EMT_派遣原因__救護-打架受傷,2374,0,0.0
surgery,2022,EMT_派遣原因__救護-精神異常,2374,0,0.0
surgery,2022,EMT_派遣原因__救護-路倒,2374,0,0.0
surgery,2022,EMT_派遣原因__救護-車禍,2374,0,0.0
surgery,2022,EMT_派遣原因__火警-集合住宅,2374,0,0.0
surgery,2022,EMT_派遣原因__緊急救援-其他,2374,0,0.0
surgery,2022,EMT_派遣原因__緊急救援-車禍救助,2374,0,0.0
surgery,2022,EMT_派遣原因__OTHER_RARE,2374,0,0.0
surgery,2022,EMT_派遣原因__MISSING,2374,0,0.0
surgery,2022,EMT_問卷_創傷導致的主訴群__肢體麻痺,2374,0,0.0
surgery,2022,EMT_問卷_創傷導致的主訴群__背部疼痛,2374,0,0.0
surgery,2022,EMT_問卷_創傷導致的主訴群__胸痛/悶,2374,0,0.0
surgery,2022,EMT_問卷_創傷導致的主訴群__OTHER_RARE,2374,0,0.0
surgery,2022,EMT_問卷_創傷導致的主訴群__MISSING,2374,0,0.0
surgery,2022,EMT_問卷_頸椎固定__GCS<15,2374,0,0.0
surgery,2022,EMT_問卷_頸椎固定__檢查無明顯異常,2374,0,0.0
surgery,2022,EMT_問卷_頸椎固定__肢體運動感覺異常,2374,0,0.0
surgery,2022,EMT_問卷_頸椎固定__轉向困難,2374,0,0.0
surgery,2022,EMT_問卷_頸椎固定__頸椎瘀青疼痛,2374,0,0.0
surgery,2022,EMT_問卷_頸椎固定__OTHER_RARE,2374,0,0.0
surgery,2022,EMT_問卷_頸椎固定__MISSING,2374,0,0.0
surgery,2022,EMT_問卷_膚色__其他,2374,0,0.0
surgery,2022,EMT_問卷_膚色__正常,2374,0,0.0
surgery,2022,EMT_問卷_膚色__溼冷,2374,0,0.0
surgery,2022,EMT_問卷_膚色__潮紅,2374,0,0.0
surgery,2022,EMT_問卷_膚色__發紺,2374,0,0.0
surgery,2022,EMT_問卷_膚色__蒼白,2374,0,0.0
surgery,2022,EMT_問卷_膚色__蒼白、溼冷,2374,0,0.0
surgery,2022,EMT_問卷_膚色__黃疸,2374,0,0.0
surgery,2022,EMT_問卷_膚色__OTHER_RARE,2374,0,0.0
surgery,2022,EMT_問卷_膚色__MISSING,2374,0,0.0
surgery,2022,EMT_問卷_左瞳孔光反射__+,2374,0,0.0
surgery,2022,EMT_問卷_左瞳孔光反射__-,2374,0,0.0
surgery,2022,EMT_問卷_左瞳孔光反射__無法測量,2374,0,0.0
surgery,2022,EMT_問卷_左瞳孔光反射__眼疾,2374,0,0.0
surgery,2022,EMT_問卷_左瞳孔光反射__OTHER_RARE,2374,0,0.0
surgery,2022,EMT_問卷_左瞳孔光反射__MISSING,2374,0,0.0
surgery,2022,EMT_問卷_右瞳孔光反射__+,2374,0,0.0
surgery,2022,EMT_問卷_右瞳孔光反射__-,2374,0,0.0
surgery,2022,EMT_問卷_右瞳孔光反射__無法測量,2374,0,0.0
surgery,2022,EMT_問卷_右瞳孔光反射__眼疾,2374,0,0.0
surgery,2022,EMT_問卷_右瞳孔光反射__OTHER_RARE,2374,0,0.0
surgery,2022,EMT_問卷_右瞳孔光反射__MISSING,2374,0,0.0
surgery,2022,EMT_問卷_氣管位置__其他,2374,0,0.0
surgery,2022,EMT_問卷_氣管位置__正常,2374,0,0.0
surgery,2022,EMT_問卷_氣管位置__OTHER_RARE,2374,0,0.0
surgery,2022,EMT_問卷_氣管位置__MISSING,2374,0,0.0
surgery,2022,EMT_問卷_頸靜脈怒張__其他,2374,0,0.0
surgery,2022,EMT_問卷_頸靜脈怒張__有,2374,0,0.0
surgery,2022,EMT_問卷_頸靜脈怒張__無,2374,0,0.0
surgery,2022,EMT_問卷_頸靜脈怒張__OTHER_RARE,2374,0,0.0
surgery,2022,EMT_問卷_頸靜脈怒張__MISSING,2374,0,0.0
surgery,2022,EMT_問卷_血糖狀態__High,2374,0,0.0
surgery,2022,EMT_問卷_血糖狀態__Low,2374,0,0.0
surgery,2022,EMT_問卷_血糖狀態__否,2374,0,0.0
surgery,2022,EMT_問卷_血糖狀態__否、其他,2374,0,0.0
surgery,2022,EMT_問卷_血糖狀態__否、創傷,2374,0,0.0
surgery,2022,EMT_問卷_血糖狀態__否、拒絕,2374,0,0.0
surgery,2022,EMT_問卷_血糖狀態__否、躁動,2374,0,0.0
surgery,2022,EMT_問卷_血糖狀態__血糖值紀錄,2374,0,0.0
surgery,2022,EMT_問卷_血糖狀態__OTHER_RARE,2374,0,0.0
surgery,2022,EMT_問卷_血糖狀態__MISSING,2374,0,0.0
surgery,2022,EMT_問卷_靜脈輸液種類__0.9%N.S.,2374,0,0.0
surgery,2022,EMT_問卷_靜脈輸液種類__5%G.W.,2374,0,0.0
surgery,2022,EMT_問卷_靜脈輸液種類__50%G.W.,2374,0,0.0
surgery,2022,EMT_問卷_靜脈輸液種類__IV,2374,0,0.0
surgery,2022,EMT_問卷_靜脈輸液種類__OTHER_RARE,2374,0,0.0
surgery,2022,EMT_問卷_靜脈輸液種類__MISSING,2374,0,0.0
surgery,2022,EMT_推定派遣類別__中毒/自傷,2374,0,0.0
surgery,2022,EMT_推定派遣類別__交通事故傷,2374,0,0.0
surgery,2022,EMT_推定派遣類別__內科急病,2374,0,0.0
surgery,2022,EMT_推定派遣類別__其他外傷,2374,0,0.0
surgery,2022,EMT_推定派遣類別__精神行為異常,2374,0,0.0
surgery,2022,EMT_推定派遣類別__路倒/無意識,2374,0,0.0
surgery,2022,EMT_推定派遣類別__OTHER_RARE,2374,0,0.0
surgery,2022,EMT_推定派遣類別__MISSING,2374,0,0.0
surgery,2022,EMT_有燒燙傷__False,2374,0,0.0
surgery,2022,EMT_有燒燙傷__True,2374,0,0.0
surgery,2022,EMT_有燒燙傷__OTHER_RARE,2374,0,0.0
surgery,2022,EMT_有燒燙傷__MISSING,2374,0,0.0
surgery,2022,EMT_心律臆斷__Atrial fibrillation,2374,0,0.0
surgery,2022,EMT_心律臆斷__Normal Sinus Rhythm,2374,0,0.0
surgery,2022,EMT_心律臆斷__ST段下降,2374,0,0.0
surgery,2022,EMT_心律臆斷__Sinus Bradycardia,2374,0,0.0
surgery,2022,EMT_心律臆斷__Sinus Tachycardia,2374,0,0.0
surgery,2022,EMT_心律臆斷__其他波形,2374,0,0.0
surgery,2022,EMT_心律臆斷__OTHER_RARE,2374,0,0.0
surgery,2022,EMT_心律臆斷__MISSING,2374,0,0.0
surgery,2022,"EMT_台北_創傷類型__創傷-一般外傷,肢體外傷,摔跌傷",2374,0,0.0
surgery,2022,"EMT_台北_創傷類型__創傷-一般外傷,頭部外傷,摔跌傷",2374,0,0.0
surgery,2022,EMT_台北_創傷類型__創傷-交通事故(機車),2374,0,0.0
surgery,2022,"EMT_台北_創傷類型__非創傷-一般疾病,噁心嘔吐腹瀉",2374,0,0.0
surgery,2022,"EMT_台北_創傷類型__非創傷-一般疾病,肢體無力",2374,0,0.0
surgery,2022,"EMT_台北_創傷類型__非創傷-一般疾病,頭痛頭暈昏倒昏厥",2374,0,0.0
surgery,2022,EMT_台北_創傷類型__非創傷-呼吸問題,2374,0,0.0
surgery,2022,EMT_台北_創傷類型__非創傷-昏迷,2374,0,0.0
surgery,2022,EMT_台北_創傷類型__非創傷-腹痛,2374,0,0.0
surgery,2022,EMT_台北_創傷類型__OTHER_RARE,2374,0,0.0
surgery,2022,EMT_台北_創傷類型__MISSING,2374,0,0.0
surgery,2022,EMT_特殊表類型__OHCA,2374,0,0.0
surgery,2022,EMT_特殊表類型__呼吸喘/慢/使用呼吸輔助肌肉,2374,0,0.0
surgery,2022,EMT_特殊表類型__心臟不適,2374,0,0.0
surgery,2022,EMT_特殊表類型__癲癇重積,2374,0,0.0
surgery,2022,EMT_特殊表類型__腦中風評估,2374,0,0.0
surgery,2022,EMT_特殊表類型__過敏性休克,2374,0,0.0
surgery,2022,EMT_特殊表類型__OTHER_RARE,2374,0,0.0
surgery,2022,EMT_特殊表類型__MISSING,2374,0,0.0
surgery,2022,EMT_台北_心梗登錄__OTHER_RARE,2374,0,0.0
surgery,2022,EMT_台北_心梗登錄__MISSING,2374,0,0.0
surgery,2022,EMT_台北_中風登錄__OTHER_RARE,2374,0,0.0
surgery,2022,EMT_台北_中風登錄__MISSING,2374,0,0.0
surgery,2022,EMT_台北_CPR停止登錄__OTHER_RARE,2374,0,0.0
surgery,2022,EMT_台北_CPR停止登錄__MISSING,2374,0,0.0
surgery,2022,EMT_問卷_交通事故患者__乘客,2374,0,0.0
surgery,2022,EMT_問卷_交通事故患者__行人,2374,0,0.0
surgery,2022,EMT_問卷_交通事故患者__駕駛,2374,0,0.0
surgery,2022,EMT_問卷_交通事故患者__OTHER_RARE,2374,0,0.0
surgery,2022,EMT_問卷_交通事故患者__MISSING,2374,0,0.0
surgery,2022,EMT_問卷_交通事故種類__人,2374,0,0.0
surgery,2022,EMT_問卷_交通事故種類__人、其他,2374,0,0.0
surgery,2022,EMT_問卷_交通事故種類__其他,2374,0,0.0
surgery,2022,EMT_問卷_交通事故種類__機車,2374,0,0.0
surgery,2022,EMT_問卷_交通事故種類__機車、人,2374,0,0.0
surgery,2022,EMT_問卷_交通事故種類__機車、人、其他,2374,0,0.0
surgery,2022,EMT_問卷_交通事故種類__機車、其他,2374,0,0.0
surgery,2022,EMT_問卷_交通事故種類__機車、腳踏車,2374,0,0.0
surgery,2022,EMT_問卷_交通事故種類__機車、腳踏車、其他,2374,0,0.0
surgery,2022,EMT_問卷_交通事故種類__汽車,2374,0,0.0
surgery,2022,EMT_問卷_交通事故種類__汽車、人,2374,0,0.0
surgery,2022,EMT_問卷_交通事故種類__汽車、人、其他,2374,0,0.0
surgery,2022,EMT_問卷_交通事故種類__汽車、其他,2374,0,0.0
surgery,2022,EMT_問卷_交通事故種類__汽車、機車,2374,0,0.0
surgery,2022,EMT_問卷_交通事故種類__汽車、機車、其他,2374,0,0.0
surgery,2022,EMT_問卷_交通事故種類__汽車、腳踏車,2374,0,0.0
surgery,2022,EMT_問卷_交通事故種類__腳踏車,2374,0,0.0
surgery,2022,EMT_問卷_交通事故種類__腳踏車、其他,2374,0,0.0
surgery,2022,EMT_問卷_交通事故種類__OTHER_RARE,2374,0,0.0
surgery,2022,EMT_問卷_交通事故種類__MISSING,2374,0,0.0
surgery,2022,EMT_問卷_保護裝置狀態__安全帶,2374,0,0.0
surgery,2022,EMT_問卷_保護裝置狀態__安全帽,2374,0,0.0
surgery,2022,EMT_問卷_保護裝置狀態__無,2374,0,0.0
surgery,2022,EMT_問卷_保護裝置狀態__OTHER_RARE,2374,0,0.0
surgery,2022,EMT_問卷_保護裝置狀態__MISSING,2374,0,0.0
surgery,2022,EMT_問卷_非交通事故種類__其他,2374,0,0.0
surgery,2022,EMT_問卷_非交通事故種類__切割,2374,0,0.0
surgery,2022,EMT_問卷_非交通事故種類__墜落,2374,0,0.0
surgery,2022,EMT_問卷_非交通事故種類__壓夾,2374,0,0.0
surgery,2022,EMT_問卷_非交通事故種類__撞擊,2374,0,0.0
surgery,2022,EMT_問卷_非交通事故種類__生物咬螫,2374,0,0.0
surgery,2022,EMT_問卷_非交通事故種類__跌摔,2374,0,0.0
surgery,2022,EMT_問卷_非交通事故種類__鈍毆,2374,0,0.0
surgery,2022,EMT_問卷_非交通事故種類__OTHER_RARE,2374,0,0.0
surgery,2022,EMT_問卷_非交通事故種類__MISSING,2374,0,0.0
surgery,2022,EMT_問卷_危急個案__否,2374,0,0.0
surgery,2022,EMT_問卷_危急個案__是,2374,0,0.0
surgery,2022,EMT_問卷_危急個案__OTHER_RARE,2374,0,0.0
surgery,2022,EMT_問卷_危急個案__MISSING,2374,0,0.0
surgery,2022,EMT_現場_意識_AVPU,2374,0,0.0
surgery,2022,EMT_過去病史__HIV(+),2374,0,0.0
surgery,2022,EMT_過去病史__不詳,2374,0,0.0
surgery,2022,EMT_過去病史__其他,2374,0,0.0
surgery,2022,EMT_過去病史__心臟疾病,2374,0,0.0
surgery,2022,EMT_過去病史__惡性腫瘤,2374,0,0.0
surgery,2022,EMT_過去病史__氣喘,2374,0,0.0
surgery,2022,EMT_過去病史__癲癇,2374,0,0.0
surgery,2022,EMT_過去病史__精神疾病,2374,0,0.0
surgery,2022,EMT_過去病史__糖尿病,2374,0,0.0
surgery,2022,EMT_過去病史__肝臟疾病,2374,0,0.0
surgery,2022,EMT_過去病史__肺臟疾病,2374,0,0.0
surgery,2022,EMT_過去病史__腎臟疾病,2374,0,0.0
surgery,2022,EMT_過去病史__腦血管疾病,2374,0,0.0
surgery,2022,EMT_過去病史__高血壓,2374,0,0.0
surgery,2022,EMT_過去病史__OTHER_RARE,2374,0,0.0
surgery,2022,EMT_過去病史__source_available,2374,0,0.0
surgery,2022,EMT_過去病史__explicit_none,2374,0,0.0
surgery,2022,EMT_過去病史__source_missing,2374,0,0.0
surgery,2022,EMT_過敏史__不清楚,2374,0,0.0
surgery,2022,EMT_過敏史__不詳,2374,0,0.0
surgery,2022,EMT_過敏史__其他,2374,0,0.0
surgery,2022,EMT_過敏史__藥物,2374,0,0.0
surgery,2022,EMT_過敏史__食物,2374,0,0.0
surgery,2022,EMT_過敏史__OTHER_RARE,2374,0,0.0
surgery,2022,EMT_過敏史__source_available,2374,0,0.0
surgery,2022,EMT_過敏史__explicit_none,2374,0,0.0
surgery,2022,EMT_過敏史__source_missing,2374,0,0.0
surgery,2022,EMT_主訴_結構化__OHCA,2374,0,0.0
surgery,2022,EMT_主訴_結構化__上腹痛,2374,0,0.0
surgery,2022,EMT_主訴_結構化__下腹痛,2374,0,0.0
surgery,2022,EMT_主訴_結構化__其他,2374,0,0.0
surgery,2022,EMT_主訴_結構化__冒冷汗,2374,0,0.0
surgery,2022,EMT_主訴_結構化__吐.咳血,2374,0,0.0
surgery,2022,EMT_主訴_結構化__呼吸喘.慢.使用輔助肌,2374,0,0.0
surgery,2022,EMT_主訴_結構化__呼吸道梗塞,2374,0,0.0
surgery,2022,EMT_主訴_結構化__嘔吐.噁心,2374,0,0.0
surgery,2022,EMT_主訴_結構化__心臟不適,2374,0,0.0
surgery,2022,EMT_主訴_結構化__急產,2374,0,0.0
surgery,2022,EMT_主訴_結構化__急產（接生）,2374,0,0.0
surgery,2022,EMT_主訴_結構化__挫.擦傷,2374,0,0.0
surgery,2022,EMT_主訴_結構化__撕裂.切割傷,2374,0,0.0
surgery,2022,EMT_主訴_結構化__斷肢,2374,0,0.0
surgery,2022,EMT_主訴_結構化__昏厥,2374,0,0.0
surgery,2022,EMT_主訴_結構化__無意識.意識不清,2374,0,0.0
surgery,2022,EMT_主訴_結構化__燒燙傷,2374,0,0.0
surgery,2022,EMT_主訴_結構化__疑似一氧化碳中毒,2374,0,0.0
surgery,2022,EMT_主訴_結構化__疑似毒物.氣中毒,2374,0,0.0
surgery,2022,EMT_主訴_結構化__疑似藥物過量,2374,0,0.0
surgery,2022,EMT_主訴_結構化__癲癇.抽搐,2374,0,0.0
surgery,2022,EMT_主訴_結構化__發燒.發冷,2374,0,0.0
surgery,2022,EMT_主訴_結構化__碎裂傷,2374,0,0.0
surgery,2022,EMT_主訴_結構化__穿刺傷,2374,0,0.0
surgery,2022,EMT_主訴_結構化__肢體無力,2374,0,0.0
surgery,2022,EMT_主訴_結構化__肢體疼痛,2374,0,0.0
surgery,2022,EMT_主訴_結構化__肢體麻痺,2374,0,0.0
surgery,2022,EMT_主訴_結構化__背.肩痛,2374,0,0.0
surgery,2022,EMT_主訴_結構化__胸痛.悶,2374,0,0.0
surgery,2022,EMT_主訴_結構化__腹瀉,2374,0,0.0
surgery,2022,EMT_主訴_結構化__虛弱,2374,0,0.0
surgery,2022,EMT_主訴_結構化__血便.尿,2374,0,0.0
surgery,2022,EMT_主訴_結構化__血腫,2374,0,0.0
surgery,2022,EMT_主訴_結構化__行為神智異常,2374,0,0.0
surgery,2022,EMT_主訴_結構化__過敏,2374,0,0.0
surgery,2022,EMT_主訴_結構化__非外傷出血,2374,0,0.0
surgery,2022,EMT_主訴_結構化__頭暈,2374,0,0.0
surgery,2022,EMT_主訴_結構化__頭痛,2374,0,0.0
surgery,2022,EMT_主訴_結構化__骨折.脫位,2374,0,0.0
surgery,2022,EMT_主訴_結構化__OTHER_RARE,2374,0,0.0
surgery,2022,EMT_主訴_結構化__source_available,2374,0,0.0
surgery,2022,EMT_主訴_結構化__explicit_none,2374,0,0.0
surgery,2022,EMT_主訴_結構化__source_missing,2374,0,0.0
surgery,2022,EMT_紅旗__DNR.放棄急救,2374,0,0.0
surgery,2022,EMT_紅旗__休克.低血壓,2374,0,0.0
surgery,2022,EMT_紅旗__呼吸窘迫.低血氧,2374,0,0.0
surgery,2022,EMT_紅旗__大出血,2374,0,0.0
surgery,2022,EMT_紅旗__心跳呼吸停止.PEA,2374,0,0.0
surgery,2022,EMT_紅旗__意識改變,2374,0,0.0
surgery,2022,EMT_紅旗__抽搐,2374,0,0.0
surgery,2022,EMT_紅旗__疑似中風,2374,0,0.0
surgery,2022,EMT_紅旗__胸痛疑似ACS,2374,0,0.0
surgery,2022,EMT_紅旗__OTHER_RARE,2374,0,0.0
surgery,2022,EMT_紅旗__source_available,2374,0,0.0
surgery,2022,EMT_紅旗__explicit_none,2374,0,0.0
surgery,2022,EMT_紅旗__source_missing,2374,0,0.0
surgery,2022,EMT_創傷機轉_合併__交通-機車,2374,0,0.0
surgery,2022,EMT_創傷機轉_合併__交通-汽車,2374,0,0.0
surgery,2022,EMT_創傷機轉_合併__交通-腳踏車,2374,0,0.0
surgery,2022,EMT_創傷機轉_合併__交通-行人,2374,0,0.0
surgery,2022,EMT_創傷機轉_合併__其他外傷,2374,0,0.0
surgery,2022,EMT_創傷機轉_合併__燒燙,2374,0,0.0
surgery,2022,EMT_創傷機轉_合併__生物咬螫,2374,0,0.0
surgery,2022,EMT_創傷機轉_合併__穿刺切割,2374,0,0.0
surgery,2022,EMT_創傷機轉_合併__跌落墜落,2374,0,0.0
surgery,2022,EMT_創傷機轉_合併__鈍傷撞擊,2374,0,0.0
surgery,2022,EMT_創傷機轉_合併__OTHER_RARE,2374,0,0.0
surgery,2022,EMT_創傷機轉_合併__source_available,2374,0,0.0
surgery,2022,EMT_創傷機轉_合併__explicit_none,2374,0,0.0
surgery,2022,EMT_創傷機轉_合併__source_missing,2374,0,0.0
surgery,2022,EMT_處置_合併__CPR,2374,0,0.0
surgery,2022,EMT_處置_合併__保暖,2374,0,0.0
surgery,2022,EMT_處置_合併__傷口處置,2374,0,0.0
surgery,2022,EMT_處置_合併__固定,2374,0,0.0
surgery,2022,EMT_處置_合併__心理支持,2374,0,0.0
surgery,2022,EMT_處置_合併__生命徵象監測,2374,0,0.0
surgery,2022,EMT_處置_合併__給氧,2374,0,0.0
surgery,2022,EMT_處置_合併__給藥,2374,0,0.0
surgery,2022,EMT_處置_合併__OTHER_RARE,2374,0,0.0
surgery,2022,EMT_處置_合併__source_available,2374,0,0.0
surgery,2022,EMT_處置_合併__explicit_none,2374,0,0.0
surgery,2022,EMT_處置_合併__source_missing,2374,0,0.0
surgery,2022,EMT_特殊表登錄_合併__ACS,2374,0,0.0
surgery,2022,EMT_特殊表登錄_合併__CVA,2374,0,0.0
surgery,2022,EMT_特殊表登錄_合併__OHCA,2374,0,0.0
surgery,2022,EMT_特殊表登錄_合併__呼吸窘迫,2374,0,0.0
surgery,2022,EMT_特殊表登錄_合併__癲癇重積,2374,0,0.0
surgery,2022,EMT_特殊表登錄_合併__過敏性休克,2374,0,0.0
surgery,2022,EMT_特殊表登錄_合併__OTHER_RARE,2374,0,0.0
surgery,2022,EMT_特殊表登錄_合併__source_available,2374,0,0.0
surgery,2022,EMT_特殊表登錄_合併__explicit_none,2374,0,0.0
surgery,2022,EMT_特殊表登錄_合併__source_missing,2374,0,0.0
surgery,2022,EMT_問卷_一般處置__下肢抬高,2374,0,0.0
surgery,2022,EMT_問卷_一般處置__保暖,2374,0,0.0
surgery,2022,EMT_問卷_一般處置__其他,2374,0,0.0
surgery,2022,EMT_問卷_一般處置__半坐臥,2374,0,0.0
surgery,2022,EMT_問卷_一般處置__心律監視,2374,0,0.0
surgery,2022,EMT_問卷_一般處置__心理支持,2374,0,0.0
surgery,2022,EMT_問卷_一般處置__生命徵象監測,2374,0,0.0
surgery,2022,EMT_問卷_一般處置__生產/左側臥,2374,0,0.0
surgery,2022,EMT_問卷_一般處置__OTHER_RARE,2374,0,0.0
surgery,2022,EMT_問卷_一般處置__source_available,2374,0,0.0
surgery,2022,EMT_問卷_一般處置__explicit_none,2374,0,0.0
surgery,2022,EMT_問卷_一般處置__source_missing,2374,0,0.0
surgery,2022,EMT_問卷_呼吸給氧裝置__NRM,2374,0,0.0
surgery,2022,EMT_問卷_呼吸給氧裝置__口咽呼吸道,2374,0,0.0
surgery,2022,EMT_問卷_呼吸給氧裝置__正壓給氧,2374,0,0.0
surgery,2022,EMT_問卷_呼吸給氧裝置__氧氣面罩,2374,0,0.0
surgery,2022,EMT_問卷_呼吸給氧裝置__氧氣鼻管,2374,0,0.0
surgery,2022,EMT_問卷_呼吸給氧裝置__鼻咽呼吸道,2374,0,0.0
surgery,2022,EMT_問卷_呼吸給氧裝置__OTHER_RARE,2374,0,0.0
surgery,2022,EMT_問卷_呼吸給氧裝置__source_available,2374,0,0.0
surgery,2022,EMT_問卷_呼吸給氧裝置__explicit_none,2374,0,0.0
surgery,2022,EMT_問卷_呼吸給氧裝置__source_missing,2374,0,0.0
surgery,2022,EMT_問卷_創傷處置__KED固定,2374,0,0.0
surgery,2022,EMT_問卷_創傷處置__包紮止血,2374,0,0.0
surgery,2022,EMT_問卷_創傷處置__夾板\三角巾,2374,0,0.0
surgery,2022,EMT_問卷_創傷處置__抽吸式護木,2374,0,0.0
surgery,2022,EMT_問卷_創傷處置__清洗傷口,2374,0,0.0
surgery,2022,EMT_問卷_創傷處置__長背板\頭部固定,2374,0,0.0
surgery,2022,EMT_問卷_創傷處置__頸圈,2374,0,0.0
surgery,2022,EMT_問卷_創傷處置__OTHER_RARE,2374,0,0.0
surgery,2022,EMT_問卷_創傷處置__source_available,2374,0,0.0
surgery,2022,EMT_問卷_創傷處置__explicit_none,2374,0,0.0
surgery,2022,EMT_問卷_創傷處置__source_missing,2374,0,0.0
surgery,2022,EMT_問卷_加護處置__0.9%N.S.,2374,0,0.0
surgery,2022,EMT_問卷_加護處置__5%G.W.,2374,0,0.0
surgery,2022,EMT_問卷_加護處置__50%G.W.,2374,0,0.0
surgery,2022,EMT_問卷_加護處置__Berotec支氣管擴張劑,2374,0,0.0
surgery,2022,EMT_問卷_加護處置__IV,2374,0,0.0
surgery,2022,EMT_問卷_加護處置__不建議AED電擊,2374,0,0.0
surgery,2022,EMT_問卷_加護處置__糖粉（水）,2374,0,0.0
surgery,2022,EMT_問卷_加護處置__OTHER_RARE,2374,0,0.0
surgery,2022,EMT_問卷_加護處置__source_available,2374,0,0.0
surgery,2022,EMT_問卷_加護處置__explicit_none,2374,0,0.0
surgery,2022,EMT_問卷_加護處置__source_missing,2374,0,0.0
surgery,2022,EMT_台北_呼吸處置__OTHER_RARE,2374,0,0.0
surgery,2022,EMT_台北_呼吸處置__source_available,2374,0,0.0
surgery,2022,EMT_台北_呼吸處置__explicit_none,2374,0,0.0
surgery,2022,EMT_台北_呼吸處置__source_missing,2374,0,0.0
surgery,2022,EMT_台北_CPR處置__OTHER_RARE,2374,0,0.0
surgery,2022,EMT_台北_CPR處置__source_available,2374,0,0.0
surgery,2022,EMT_台北_CPR處置__explicit_none,2374,0,0.0
surgery,2022,EMT_台北_CPR處置__source_missing,2374,0,0.0
surgery,2022,EMT_台北_藥物處置__OTHER_RARE,2374,0,0.0
surgery,2022,EMT_台北_藥物處置__source_available,2374,0,0.0
surgery,2022,EMT_台北_藥物處置__explicit_none,2374,0,0.0
surgery,2022,EMT_台北_藥物處置__source_missing,2374,0,0.0
surgery,2022,EMT_台北_創傷處置__包紮,2374,0,0.0
surgery,2022,EMT_台北_創傷處置__止血,2374,0,0.0
surgery,2022,EMT_台北_創傷處置__清洗傷口,2374,0,0.0
surgery,2022,EMT_台北_創傷處置__OTHER_RARE,2374,0,0.0
surgery,2022,EMT_台北_創傷處置__source_available,2374,0,0.0
surgery,2022,EMT_台北_創傷處置__explicit_none,2374,0,0.0
surgery,2022,EMT_台北_創傷處置__source_missing,2374,0,0.0
surgery,2022,EMT_台北_後送姿勢__半坐臥,2374,0,0.0
surgery,2022,EMT_台北_後送姿勢__平躺,2374,0,0.0
surgery,2022,EMT_台北_後送姿勢__OTHER_RARE,2374,0,0.0
surgery,2022,EMT_台北_後送姿勢__source_available,2374,0,0.0
surgery,2022,EMT_台北_後送姿勢__explicit_none,2374,0,0.0
surgery,2022,EMT_台北_後送姿勢__source_missing,2374,0,0.0
surgery,2022,EMT_台北_其他處置__保暖,2374,0,0.0
surgery,2022,EMT_台北_其他處置__心理支持,2374,0,0.0
surgery,2022,EMT_台北_其他處置__OTHER_RARE,2374,0,0.0
surgery,2022,EMT_台北_其他處置__source_available,2374,0,0.0
surgery,2022,EMT_台北_其他處置__explicit_none,2374,0,0.0
surgery,2022,EMT_台北_其他處置__source_missing,2374,0,0.0
surgery,2022,EMT_台北_給藥__OTHER_RARE,2374,0,0.0
surgery,2022,EMT_台北_給藥__source_available,2374,0,0.0
surgery,2022,EMT_台北_給藥__explicit_none,2374,0,0.0
surgery,2022,EMT_台北_給藥__source_missing,2374,0,0.0
surgery,2022,EMT_補述_紅旗__DNR.放棄急救,2374,0,0.0
surgery,2022,EMT_補述_紅旗__休克.低血壓,2374,0,0.0
surgery,2022,EMT_補述_紅旗__呼吸窘迫.低血氧,2374,0,0.0
surgery,2022,EMT_補述_紅旗__大出血,2374,0,0.0
surgery,2022,EMT_補述_紅旗__心跳呼吸停止.PEA,2374,0,0.0
surgery,2022,EMT_補述_紅旗__意識改變,2374,0,0.0
surgery,2022,EMT_補述_紅旗__抽搐,2374,0,0.0
surgery,2022,EMT_補述_紅旗__疑似中風,2374,0,0.0
surgery,2022,EMT_補述_紅旗__胸痛疑似ACS,2374,0,0.0
surgery,2022,EMT_補述_紅旗__OTHER_RARE,2374,0,0.0
surgery,2022,EMT_補述_紅旗__source_available,2374,0,0.0
surgery,2022,EMT_補述_紅旗__explicit_none,2374,0,0.0
surgery,2022,EMT_補述_紅旗__source_missing,2374,0,0.0
surgery,2022,EMT_問卷_過去病史__HIV(+),2374,0,0.0
surgery,2022,EMT_問卷_過去病史__不詳,2374,0,0.0
surgery,2022,EMT_問卷_過去病史__其他,2374,0,0.0
surgery,2022,EMT_問卷_過去病史__心臟疾病,2374,0,0.0
surgery,2022,EMT_問卷_過去病史__惡性腫瘤,2374,0,0.0
surgery,2022,EMT_問卷_過去病史__氣喘,2374,0,0.0
surgery,2022,EMT_問卷_過去病史__癲癇,2374,0,0.0
surgery,2022,EMT_問卷_過去病史__精神疾病,2374,0,0.0
surgery,2022,EMT_問卷_過去病史__糖尿病,2374,0,0.0
surgery,2022,EMT_問卷_過去病史__肝臟疾病,2374,0,0.0
surgery,2022,EMT_問卷_過去病史__肺臟疾病,2374,0,0.0
surgery,2022,EMT_問卷_過去病史__腎臟疾病,2374,0,0.0
surgery,2022,EMT_問卷_過去病史__腦血管疾病,2374,0,0.0
surgery,2022,EMT_問卷_過去病史__高血壓,2374,0,0.0
surgery,2022,EMT_問卷_過去病史__OTHER_RARE,2374,0,0.0
surgery,2022,EMT_問卷_過去病史__source_available,2374,0,0.0
surgery,2022,EMT_問卷_過去病史__explicit_none,2374,0,0.0
surgery,2022,EMT_問卷_過去病史__source_missing,2374,0,0.0
surgery,2022,EMT_問卷_過敏史__不詳,2374,0,0.0
surgery,2022,EMT_問卷_過敏史__其他,2374,0,0.0
surgery,2022,EMT_問卷_過敏史__藥物,2374,0,0.0
surgery,2022,EMT_問卷_過敏史__食物,2374,0,0.0
surgery,2022,EMT_問卷_過敏史__OTHER_RARE,2374,0,0.0
surgery,2022,EMT_問卷_過敏史__source_available,2374,0,0.0
surgery,2022,EMT_問卷_過敏史__explicit_none,2374,0,0.0
surgery,2022,EMT_問卷_過敏史__source_missing,2374,0,0.0
surgery,2022,has_oxygen,2374,2345,0.9877843302443134
surgery,2022,has_ventilatory_support,2374,2344,0.987363100252738
surgery,2022,has_airway_adjunct,2374,2344,0.987363100252738
surgery,2022,has_advanced_airway,2374,2344,0.987363100252738
surgery,2022,has_ALS_procedure,2374,2312,0.9738837405223252
surgery,2022,EMT_現場_收縮壓_ord,2374,13,0.005475989890480202
surgery,2022,EMT_現場_收縮壓_for_score,2374,16,0.006739679865206402
surgery,2022,EMT_車上_收縮壓_for_score,2374,49,0.020640269587194608
surgery,2022,EMT_現場_收縮壓_unmeasurable,2374,0,0.0
surgery,2022,EMT_車上_收縮壓_unmeasurable,2374,0,0.0
surgery,2022,MISS_EMT_現場_收縮壓_for_score,2374,0,0.0
surgery,2022,MISS_EMT_車上_收縮壓_for_score,2374,0,0.0
surgery,2022,prehosp_sbp,2374,12,0.005054759898904802
surgery,2022,prehosp_dbp,2374,110,0.04633529907329402
surgery,2022,prehosp_hr,2374,17,0.007160909856781803
surgery,2022,prehosp_rr,2374,17,0.007160909856781803
surgery,2022,prehosp_spo2,2374,17,0.007160909856781803
surgery,2022,prehosp_bt,2374,17,0.007160909856781803
surgery,2022,prehosp_gcs,2374,22,0.009267059814658803
surgery,2022,prehosp_gcs_e,2374,22,0.009267059814658803
surgery,2022,prehosp_gcs_v,2374,22,0.009267059814658803
surgery,2022,prehosp_gcs_m,2374,22,0.009267059814658803
surgery,2022,is_OHCA_hr0,2374,0,0.0
surgery,2022,現場時間,2374,1,0.00042122999157540015
surgery,2022,運送時間,2374,1,0.00042122999157540015
surgery,2022,派遣時間,2374,30,0.012636899747262006
surgery,2022,總到院前時間,2374,30,0.012636899747262006
surgery,2022,MISS_現場時間,2374,0,0.0
surgery,2022,MISS_運送時間,2374,0,0.0
surgery,2022,MISS_派遣時間,2374,0,0.0
surgery,2022,MISS_總到院前時間,2374,0,0.0
surgery,2022,MAP,2374,110,0.04633529907329402
surgery,2022,MISS_MAP,2374,0,0.0
surgery,2022,SI,2374,17,0.007160909856781803
surgery,2022,MISS_SI,2374,0,0.0
surgery,2022,mSI,2374,110,0.04633529907329402
surgery,2022,MISS_mSI,2374,0,0.0
surgery,2022,aSI,2374,17,0.007160909856781803
surgery,2022,MISS_aSI,2374,0,0.0
surgery,2022,rSI,2374,17,0.007160909856781803
surgery,2022,MISS_rSI,2374,0,0.0
surgery,2022,rSIG,2374,22,0.009267059814658803
surgery,2022,MISS_rSIG,2374,0,0.0
surgery,2022,rSIG_Age,2374,22,0.009267059814658803
surgery,2022,MISS_rSIG_Age,2374,0,0.0
surgery,2022,SI_G,2374,22,0.009267059814658803
surgery,2022,MISS_SI_G,2374,0,0.0
surgery,2022,SIA_G,2374,22,0.009267059814658803
surgery,2022,MISS_SIA_G,2374,0,0.0
surgery,2022,SIAVPU,2374,17,0.007160909856781803
surgery,2022,MISS_SIAVPU,2374,0,0.0
surgery,2022,sMS,2374,22,0.009267059814658803
surgery,2022,MISS_sMS,2374,0,0.0
surgery,2022,rSI_sMS,2374,22,0.009267059814658803
surgery,2022,MISS_rSI_sMS,2374,0,0.0
surgery,2022,rSI_GCS,2374,22,0.009267059814658803
surgery,2022,MISS_rSI_GCS,2374,0,0.0
surgery,2022,rSI_GCSM,2374,22,0.009267059814658803
surgery,2022,MISS_rSI_GCSM,2374,0,0.0
surgery,2022,qSOFA,2374,17,0.007160909856781803
surgery,2022,qSOFA_available,2374,0,0.0
surgery,2022,qSOFA_observed_components,2374,0,0.0
surgery,2022,qSOFA_required_components,2374,0,0.0
surgery,2022,MISS_qSOFA,2374,0,0.0
surgery,2022,NEWS2,2374,2345,0.9877843302443134
surgery,2022,NEWS2_available,2374,0,0.0
surgery,2022,NEWS2_observed_components,2374,0,0.0
surgery,2022,NEWS2_required_components,2374,0,0.0
surgery,2022,MISS_NEWS2,2374,0,0.0
surgery,2022,MEWS,2374,17,0.007160909856781803
surgery,2022,MEWS_available,2374,0,0.0
surgery,2022,MEWS_observed_components,2374,0,0.0
surgery,2022,MEWS_required_components,2374,0,0.0
surgery,2022,MISS_MEWS,2374,0,0.0
surgery,2022,REMS,2374,113,0.04759898904802022
surgery,2022,REMS_available,2374,0,0.0
surgery,2022,REMS_observed_components,2374,0,0.0
surgery,2022,REMS_required_components,2374,0,0.0
surgery,2022,MISS_REMS,2374,0,0.0
surgery,2022,RTS,2374,22,0.009267059814658803
surgery,2022,RTS_available,2374,0,0.0
surgery,2022,RTS_observed_components,2374,0,0.0
surgery,2022,RTS_required_components,2374,0,0.0
surgery,2022,MISS_RTS,2374,0,0.0
surgery,2022,kw_ohca,2374,0,0.0
surgery,2022,kw_chest_pain,2374,0,0.0
surgery,2022,kw_dyspnea,2374,0,0.0
surgery,2022,kw_bleeding,2374,0,0.0
surgery,2022,kw_stroke,2374,0,0.0
surgery,2022,kw_trauma,2374,0,0.0
surgery,2022,kw_seizure,2374,0,0.0
surgery,2022,kw_unconscious,2374,0,0.0
surgery,2022,is_text_missing,2374,0,0.0
surgery,2022,text_source_count,2374,0,0.0
surgery,2022,text_char_count,2374,0,0.0
surgery,2023,EMT_年齡,2609,1,0.0003832886163280951
surgery,2023,MISS_EMT_年齡,2609,0,0.0
surgery,2023,MISSREASON_EMT_年齡__source_missing,2609,0,0.0
surgery,2023,MISSREASON_EMT_年齡__not_measured,2609,0,0.0
surgery,2023,MISSREASON_EMT_年齡__sentinel,2609,0,0.0
surgery,2023,MISSREASON_EMT_年齡__invalid_or_out_of_range,2609,0,0.0
surgery,2023,EMT_發生地點_到慈濟_開車km,2609,1,0.0003832886163280951
surgery,2023,MISS_EMT_發生地點_到慈濟_開車km,2609,0,0.0
surgery,2023,MISSREASON_EMT_發生地點_到慈濟_開車km__source_missing,2609,0,0.0
surgery,2023,MISSREASON_EMT_發生地點_到慈濟_開車km__not_measured,2609,0,0.0
surgery,2023,MISSREASON_EMT_發生地點_到慈濟_開車km__sentinel,2609,0,0.0
surgery,2023,MISSREASON_EMT_發生地點_到慈濟_開車km__invalid_or_out_of_range,2609,0,0.0
surgery,2023,EMT_發生地點_到慈濟_直線km,2609,1,0.0003832886163280951
surgery,2023,MISS_EMT_發生地點_到慈濟_直線km,2609,0,0.0
surgery,2023,MISSREASON_EMT_發生地點_到慈濟_直線km__source_missing,2609,0,0.0
surgery,2023,MISSREASON_EMT_發生地點_到慈濟_直線km__not_measured,2609,0,0.0
surgery,2023,MISSREASON_EMT_發生地點_到慈濟_直線km__sentinel,2609,0,0.0
surgery,2023,MISSREASON_EMT_發生地點_到慈濟_直線km__invalid_or_out_of_range,2609,0,0.0
surgery,2023,EMT_反應時間分,2609,8,0.0030663089306247606
surgery,2023,MISS_EMT_反應時間分,2609,0,0.0
surgery,2023,MISSREASON_EMT_反應時間分__source_missing,2609,0,0.0
surgery,2023,MISSREASON_EMT_反應時間分__not_measured,2609,0,0.0
surgery,2023,MISSREASON_EMT_反應時間分__sentinel,2609,0,0.0
surgery,2023,MISSREASON_EMT_反應時間分__invalid_or_out_of_range,2609,0,0.0
surgery,2023,EMT_現場停留分,2609,3,0.0011498658489842851
surgery,2023,MISS_EMT_現場停留分,2609,0,0.0
surgery,2023,MISSREASON_EMT_現場停留分__source_missing,2609,0,0.0
surgery,2023,MISSREASON_EMT_現場停留分__not_measured,2609,0,0.0
surgery,2023,MISSREASON_EMT_現場停留分__sentinel,2609,0,0.0
surgery,2023,MISSREASON_EMT_現場停留分__invalid_or_out_of_range,2609,0,0.0
surgery,2023,EMT_送醫途中分,2609,4,0.0015331544653123803
surgery,2023,MISS_EMT_送醫途中分,2609,0,0.0
surgery,2023,MISSREASON_EMT_送醫途中分__source_missing,2609,0,0.0
surgery,2023,MISSREASON_EMT_送醫途中分__not_measured,2609,0,0.0
surgery,2023,MISSREASON_EMT_送醫途中分__sentinel,2609,0,0.0
surgery,2023,MISSREASON_EMT_送醫途中分__invalid_or_out_of_range,2609,0,0.0
surgery,2023,EMT_現場_舒張壓,2609,2609,1.0
surgery,2023,MISS_EMT_現場_舒張壓,2609,0,0.0
surgery,2023,MISSREASON_EMT_現場_舒張壓__source_missing,2609,0,0.0
surgery,2023,MISSREASON_EMT_現場_舒張壓__not_measured,2609,0,0.0
surgery,2023,MISSREASON_EMT_現場_舒張壓__sentinel,2609,0,0.0
surgery,2023,MISSREASON_EMT_現場_舒張壓__invalid_or_out_of_range,2609,0,0.0
surgery,2023,EMT_現場_脈搏,2609,28,0.010732081257186662
surgery,2023,MISS_EMT_現場_脈搏,2609,0,0.0
surgery,2023,MISSREASON_EMT_現場_脈搏__source_missing,2609,0,0.0
surgery,2023,MISSREASON_EMT_現場_脈搏__not_measured,2609,0,0.0
surgery,2023,MISSREASON_EMT_現場_脈搏__sentinel,2609,0,0.0
surgery,2023,MISSREASON_EMT_現場_脈搏__invalid_or_out_of_range,2609,0,0.0
surgery,2023,EMT_現場_呼吸,2609,28,0.010732081257186662
surgery,2023,MISS_EMT_現場_呼吸,2609,0,0.0
surgery,2023,MISSREASON_EMT_現場_呼吸__source_missing,2609,0,0.0
surgery,2023,MISSREASON_EMT_現場_呼吸__not_measured,2609,0,0.0
surgery,2023,MISSREASON_EMT_現場_呼吸__sentinel,2609,0,0.0
surgery,2023,MISSREASON_EMT_現場_呼吸__invalid_or_out_of_range,2609,0,0.0
surgery,2023,EMT_現場_SPO2,2609,30,0.011498658489842852
surgery,2023,MISS_EMT_現場_SPO2,2609,0,0.0
surgery,2023,MISSREASON_EMT_現場_SPO2__source_missing,2609,0,0.0
surgery,2023,MISSREASON_EMT_現場_SPO2__not_measured,2609,0,0.0
surgery,2023,MISSREASON_EMT_現場_SPO2__sentinel,2609,0,0.0
surgery,2023,MISSREASON_EMT_現場_SPO2__invalid_or_out_of_range,2609,0,0.0
surgery,2023,EMT_現場_體溫,2609,29,0.011115369873514757
surgery,2023,MISS_EMT_現場_體溫,2609,0,0.0
surgery,2023,MISSREASON_EMT_現場_體溫__source_missing,2609,0,0.0
surgery,2023,MISSREASON_EMT_現場_體溫__not_measured,2609,0,0.0
surgery,2023,MISSREASON_EMT_現場_體溫__sentinel,2609,0,0.0
surgery,2023,MISSREASON_EMT_現場_體溫__invalid_or_out_of_range,2609,0,0.0
surgery,2023,EMT_現場_GCS,2609,28,0.010732081257186662
surgery,2023,MISS_EMT_現場_GCS,2609,0,0.0
surgery,2023,MISSREASON_EMT_現場_GCS__source_missing,2609,0,0.0
surgery,2023,MISSREASON_EMT_現場_GCS__not_measured,2609,0,0.0
surgery,2023,MISSREASON_EMT_現場_GCS__sentinel,2609,0,0.0
surgery,2023,MISSREASON_EMT_現場_GCS__invalid_or_out_of_range,2609,0,0.0
surgery,2023,EMT_現場_GCS_E,2609,27,0.010348792640858567
surgery,2023,MISS_EMT_現場_GCS_E,2609,0,0.0
surgery,2023,MISSREASON_EMT_現場_GCS_E__source_missing,2609,0,0.0
surgery,2023,MISSREASON_EMT_現場_GCS_E__not_measured,2609,0,0.0
surgery,2023,MISSREASON_EMT_現場_GCS_E__sentinel,2609,0,0.0
surgery,2023,MISSREASON_EMT_現場_GCS_E__invalid_or_out_of_range,2609,0,0.0
surgery,2023,EMT_現場_GCS_V,2609,28,0.010732081257186662
surgery,2023,MISS_EMT_現場_GCS_V,2609,0,0.0
surgery,2023,MISSREASON_EMT_現場_GCS_V__source_missing,2609,0,0.0
surgery,2023,MISSREASON_EMT_現場_GCS_V__not_measured,2609,0,0.0
surgery,2023,MISSREASON_EMT_現場_GCS_V__sentinel,2609,0,0.0
surgery,2023,MISSREASON_EMT_現場_GCS_V__invalid_or_out_of_range,2609,0,0.0
surgery,2023,EMT_現場_GCS_M,2609,27,0.010348792640858567
surgery,2023,MISS_EMT_現場_GCS_M,2609,0,0.0
surgery,2023,MISSREASON_EMT_現場_GCS_M__source_missing,2609,0,0.0
surgery,2023,MISSREASON_EMT_現場_GCS_M__not_measured,2609,0,0.0
surgery,2023,MISSREASON_EMT_現場_GCS_M__sentinel,2609,0,0.0
surgery,2023,MISSREASON_EMT_現場_GCS_M__invalid_or_out_of_range,2609,0,0.0
surgery,2023,EMT_車上_舒張壓,2609,266,0.10195477194327328
surgery,2023,MISS_EMT_車上_舒張壓,2609,0,0.0
surgery,2023,MISSREASON_EMT_車上_舒張壓__source_missing,2609,0,0.0
surgery,2023,MISSREASON_EMT_車上_舒張壓__not_measured,2609,0,0.0
surgery,2023,MISSREASON_EMT_車上_舒張壓__sentinel,2609,0,0.0
surgery,2023,MISSREASON_EMT_車上_舒張壓__invalid_or_out_of_range,2609,0,0.0
surgery,2023,EMT_車上_脈搏,2609,226,0.08662322729014948
surgery,2023,MISS_EMT_車上_脈搏,2609,0,0.0
surgery,2023,MISSREASON_EMT_車上_脈搏__source_missing,2609,0,0.0
surgery,2023,MISSREASON_EMT_車上_脈搏__not_measured,2609,0,0.0
surgery,2023,MISSREASON_EMT_車上_脈搏__sentinel,2609,0,0.0
surgery,2023,MISSREASON_EMT_車上_脈搏__invalid_or_out_of_range,2609,0,0.0
surgery,2023,EMT_車上_呼吸,2609,228,0.08738980452280568
surgery,2023,MISS_EMT_車上_呼吸,2609,0,0.0
surgery,2023,MISSREASON_EMT_車上_呼吸__source_missing,2609,0,0.0
surgery,2023,MISSREASON_EMT_車上_呼吸__not_measured,2609,0,0.0
surgery,2023,MISSREASON_EMT_車上_呼吸__sentinel,2609,0,0.0
surgery,2023,MISSREASON_EMT_車上_呼吸__invalid_or_out_of_range,2609,0,0.0
surgery,2023,EMT_車上_SPO2,2609,229,0.08777309313913377
surgery,2023,MISS_EMT_車上_SPO2,2609,0,0.0
surgery,2023,MISSREASON_EMT_車上_SPO2__source_missing,2609,0,0.0
surgery,2023,MISSREASON_EMT_車上_SPO2__not_measured,2609,0,0.0
surgery,2023,MISSREASON_EMT_車上_SPO2__sentinel,2609,0,0.0
surgery,2023,MISSREASON_EMT_車上_SPO2__invalid_or_out_of_range,2609,0,0.0
surgery,2023,EMT_車上_體溫,2609,228,0.08738980452280568
surgery,2023,MISS_EMT_車上_體溫,2609,0,0.0
surgery,2023,MISSREASON_EMT_車上_體溫__source_missing,2609,0,0.0
surgery,2023,MISSREASON_EMT_車上_體溫__not_measured,2609,0,0.0
surgery,2023,MISSREASON_EMT_車上_體溫__sentinel,2609,0,0.0
surgery,2023,MISSREASON_EMT_車上_體溫__invalid_or_out_of_range,2609,0,0.0
surgery,2023,EMT_車上_GCS,2609,27,0.010348792640858567
surgery,2023,MISS_EMT_車上_GCS,2609,0,0.0
surgery,2023,MISSREASON_EMT_車上_GCS__source_missing,2609,0,0.0
surgery,2023,MISSREASON_EMT_車上_GCS__not_measured,2609,0,0.0
surgery,2023,MISSREASON_EMT_車上_GCS__sentinel,2609,0,0.0
surgery,2023,MISSREASON_EMT_車上_GCS__invalid_or_out_of_range,2609,0,0.0
surgery,2023,EMT_車上_GCS_E,2609,26,0.009965504024530471
surgery,2023,MISS_EMT_車上_GCS_E,2609,0,0.0
surgery,2023,MISSREASON_EMT_車上_GCS_E__source_missing,2609,0,0.0
surgery,2023,MISSREASON_EMT_車上_GCS_E__not_measured,2609,0,0.0
surgery,2023,MISSREASON_EMT_車上_GCS_E__sentinel,2609,0,0.0
surgery,2023,MISSREASON_EMT_車上_GCS_E__invalid_or_out_of_range,2609,0,0.0
surgery,2023,EMT_車上_GCS_V,2609,27,0.010348792640858567
surgery,2023,MISS_EMT_車上_GCS_V,2609,0,0.0
surgery,2023,MISSREASON_EMT_車上_GCS_V__source_missing,2609,0,0.0
surgery,2023,MISSREASON_EMT_車上_GCS_V__not_measured,2609,0,0.0
surgery,2023,MISSREASON_EMT_車上_GCS_V__sentinel,2609,0,0.0
surgery,2023,MISSREASON_EMT_車上_GCS_V__invalid_or_out_of_range,2609,0,0.0
surgery,2023,EMT_車上_GCS_M,2609,26,0.009965504024530471
surgery,2023,MISS_EMT_車上_GCS_M,2609,0,0.0
surgery,2023,MISSREASON_EMT_車上_GCS_M__source_missing,2609,0,0.0
surgery,2023,MISSREASON_EMT_車上_GCS_M__not_measured,2609,0,0.0
surgery,2023,MISSREASON_EMT_車上_GCS_M__sentinel,2609,0,0.0
surgery,2023,MISSREASON_EMT_車上_GCS_M__invalid_or_out_of_range,2609,0,0.0
surgery,2023,EMT_生命徵象量測次數,2609,200,0.07665772326561901
surgery,2023,MISS_EMT_生命徵象量測次數,2609,0,0.0
surgery,2023,MISSREASON_EMT_生命徵象量測次數__source_missing,2609,0,0.0
surgery,2023,MISSREASON_EMT_生命徵象量測次數__not_measured,2609,0,0.0
surgery,2023,MISSREASON_EMT_生命徵象量測次數__sentinel,2609,0,0.0
surgery,2023,MISSREASON_EMT_生命徵象量測次數__invalid_or_out_of_range,2609,0,0.0
surgery,2023,EMT_問卷_疼痛指數,2609,262,0.1004216174779609
surgery,2023,MISS_EMT_問卷_疼痛指數,2609,0,0.0
surgery,2023,MISSREASON_EMT_問卷_疼痛指數__source_missing,2609,0,0.0
surgery,2023,MISSREASON_EMT_問卷_疼痛指數__not_measured,2609,0,0.0
surgery,2023,MISSREASON_EMT_問卷_疼痛指數__sentinel,2609,0,0.0
surgery,2023,MISSREASON_EMT_問卷_疼痛指數__invalid_or_out_of_range,2609,0,0.0
surgery,2023,EMT_問卷_左瞳孔尺寸mm,2609,277,0.10617094672288233
surgery,2023,MISS_EMT_問卷_左瞳孔尺寸mm,2609,0,0.0
surgery,2023,MISSREASON_EMT_問卷_左瞳孔尺寸mm__source_missing,2609,0,0.0
surgery,2023,MISSREASON_EMT_問卷_左瞳孔尺寸mm__not_measured,2609,0,0.0
surgery,2023,MISSREASON_EMT_問卷_左瞳孔尺寸mm__sentinel,2609,0,0.0
surgery,2023,MISSREASON_EMT_問卷_左瞳孔尺寸mm__invalid_or_out_of_range,2609,0,0.0
surgery,2023,EMT_問卷_右瞳孔尺寸mm,2609,268,0.10272134917592947
surgery,2023,MISS_EMT_問卷_右瞳孔尺寸mm,2609,0,0.0
surgery,2023,MISSREASON_EMT_問卷_右瞳孔尺寸mm__source_missing,2609,0,0.0
surgery,2023,MISSREASON_EMT_問卷_右瞳孔尺寸mm__not_measured,2609,0,0.0
surgery,2023,MISSREASON_EMT_問卷_右瞳孔尺寸mm__sentinel,2609,0,0.0
surgery,2023,MISSREASON_EMT_問卷_右瞳孔尺寸mm__invalid_or_out_of_range,2609,0,0.0
surgery,2023,EMT_問卷_血糖值mgdl,2609,2476,0.9490226140283634
surgery,2023,MISS_EMT_問卷_血糖值mgdl,2609,0,0.0
surgery,2023,MISSREASON_EMT_問卷_血糖值mgdl__source_missing,2609,0,0.0
surgery,2023,MISSREASON_EMT_問卷_血糖值mgdl__not_measured,2609,0,0.0
surgery,2023,MISSREASON_EMT_問卷_血糖值mgdl__sentinel,2609,0,0.0
surgery,2023,MISSREASON_EMT_問卷_血糖值mgdl__invalid_or_out_of_range,2609,0,0.0
surgery,2023,EMT_問卷_氧氣流量Lmin,2609,2573,0.9862016098121886
surgery,2023,MISS_EMT_問卷_氧氣流量Lmin,2609,0,0.0
surgery,2023,MISSREASON_EMT_問卷_氧氣流量Lmin__source_missing,2609,0,0.0
surgery,2023,MISSREASON_EMT_問卷_氧氣流量Lmin__not_measured,2609,0,0.0
surgery,2023,MISSREASON_EMT_問卷_氧氣流量Lmin__sentinel,2609,0,0.0
surgery,2023,MISSREASON_EMT_問卷_氧氣流量Lmin__invalid_or_out_of_range,2609,0,0.0
surgery,2023,EMT_問卷_靜脈輸液量ml,2609,2580,0.9888846301264852
surgery,2023,MISS_EMT_問卷_靜脈輸液量ml,2609,0,0.0
surgery,2023,MISSREASON_EMT_問卷_靜脈輸液量ml__source_missing,2609,0,0.0
surgery,2023,MISSREASON_EMT_問卷_靜脈輸液量ml__not_measured,2609,0,0.0
surgery,2023,MISSREASON_EMT_問卷_靜脈輸液量ml__sentinel,2609,0,0.0
surgery,2023,MISSREASON_EMT_問卷_靜脈輸液量ml__invalid_or_out_of_range,2609,0,0.0
surgery,2023,EMT_體重,2609,222,0.0850900728248371
surgery,2023,MISS_EMT_體重,2609,0,0.0
surgery,2023,MISSREASON_EMT_體重__source_missing,2609,0,0.0
surgery,2023,MISSREASON_EMT_體重__not_measured,2609,0,0.0
surgery,2023,MISSREASON_EMT_體重__sentinel,2609,0,0.0
surgery,2023,MISSREASON_EMT_體重__invalid_or_out_of_range,2609,0,0.0
surgery,2023,EMT_燒燙傷一級%,2609,200,0.07665772326561901
surgery,2023,MISS_EMT_燒燙傷一級%,2609,0,0.0
surgery,2023,MISSREASON_EMT_燒燙傷一級%__source_missing,2609,0,0.0
surgery,2023,MISSREASON_EMT_燒燙傷一級%__not_measured,2609,0,0.0
surgery,2023,MISSREASON_EMT_燒燙傷一級%__sentinel,2609,0,0.0
surgery,2023,MISSREASON_EMT_燒燙傷一級%__invalid_or_out_of_range,2609,0,0.0
surgery,2023,EMT_燒燙傷二級%,2609,200,0.07665772326561901
surgery,2023,MISS_EMT_燒燙傷二級%,2609,0,0.0
surgery,2023,MISSREASON_EMT_燒燙傷二級%__source_missing,2609,0,0.0
surgery,2023,MISSREASON_EMT_燒燙傷二級%__not_measured,2609,0,0.0
surgery,2023,MISSREASON_EMT_燒燙傷二級%__sentinel,2609,0,0.0
surgery,2023,MISSREASON_EMT_燒燙傷二級%__invalid_or_out_of_range,2609,0,0.0
surgery,2023,EMT_燒燙傷三級%,2609,200,0.07665772326561901
surgery,2023,MISS_EMT_燒燙傷三級%,2609,0,0.0
surgery,2023,MISSREASON_EMT_燒燙傷三級%__source_missing,2609,0,0.0
surgery,2023,MISSREASON_EMT_燒燙傷三級%__not_measured,2609,0,0.0
surgery,2023,MISSREASON_EMT_燒燙傷三級%__sentinel,2609,0,0.0
surgery,2023,MISSREASON_EMT_燒燙傷三級%__invalid_or_out_of_range,2609,0,0.0
surgery,2023,EMT_燒燙傷總%,2609,200,0.07665772326561901
surgery,2023,MISS_EMT_燒燙傷總%,2609,0,0.0
surgery,2023,MISSREASON_EMT_燒燙傷總%__source_missing,2609,0,0.0
surgery,2023,MISSREASON_EMT_燒燙傷總%__not_measured,2609,0,0.0
surgery,2023,MISSREASON_EMT_燒燙傷總%__sentinel,2609,0,0.0
surgery,2023,MISSREASON_EMT_燒燙傷總%__invalid_or_out_of_range,2609,0,0.0
surgery,2023,EMT_城市__台北,2609,0,0.0
surgery,2023,EMT_城市__新北,2609,0,0.0
surgery,2023,EMT_城市__OTHER_RARE,2609,0,0.0
surgery,2023,EMT_城市__MISSING,2609,0,0.0
surgery,2023,EMT_性別__女,2609,0,0.0
surgery,2023,EMT_性別__男,2609,0,0.0
surgery,2023,EMT_性別__OTHER_RARE,2609,0,0.0
surgery,2023,EMT_性別__MISSING,2609,0,0.0
surgery,2023,EMT_送醫路由__家屬指定送醫,2609,0,0.0
surgery,2023,EMT_送醫路由__就近適當,2609,0,0.0
surgery,2023,EMT_送醫路由__指揮中心,2609,0,0.0
surgery,2023,EMT_送醫路由__OTHER_RARE,2609,0,0.0
surgery,2023,EMT_送醫路由__MISSING,2609,0,0.0
surgery,2023,EMT_危急個案__0.0,2609,0,0.0
surgery,2023,EMT_危急個案__1.0,2609,0,0.0
surgery,2023,EMT_危急個案__OTHER_RARE,2609,0,0.0
surgery,2023,EMT_危急個案__MISSING,2609,0,0.0
surgery,2023,EMT_發生地區__三峽區,2609,0,0.0
surgery,2023,EMT_發生地區__三重區,2609,0,0.0
surgery,2023,EMT_發生地區__中和區,2609,0,0.0
surgery,2023,EMT_發生地區__土城區,2609,0,0.0
surgery,2023,EMT_發生地區__坪林區,2609,0,0.0
surgery,2023,EMT_發生地區__市文山區,2609,0,0.0
surgery,2023,EMT_發生地區__新店區,2609,0,0.0
surgery,2023,EMT_發生地區__新莊區,2609,0,0.0
surgery,2023,EMT_發生地區__板橋區,2609,0,0.0
surgery,2023,EMT_發生地區__樹林區,2609,0,0.0
surgery,2023,EMT_發生地區__永和區,2609,0,0.0
surgery,2023,EMT_發生地區__深坑區,2609,0,0.0
surgery,2023,EMT_發生地區__烏來區,2609,0,0.0
surgery,2023,EMT_發生地區__石碇區,2609,0,0.0
surgery,2023,EMT_發生地區__蘆洲區,2609,0,0.0
surgery,2023,EMT_發生地區__OTHER_RARE,2609,0,0.0
surgery,2023,EMT_發生地區__MISSING,2609,0,0.0
surgery,2023,EMT_距離_定位信心__Google地標,2609,0,0.0
surgery,2023,EMT_距離_定位信心__區內概略,2609,0,0.0
surgery,2023,EMT_距離_定位信心__國道概略,2609,0,0.0
surgery,2023,EMT_距離_定位信心__無,2609,0,0.0
surgery,2023,EMT_距離_定位信心__號,2609,0,0.0
surgery,2023,EMT_距離_定位信心__路名概略(OSM),2609,0,0.0
surgery,2023,EMT_距離_定位信心__路段中心,2609,0,0.0
surgery,2023,EMT_距離_定位信心__OTHER_RARE,2609,0,0.0
surgery,2023,EMT_距離_定位信心__MISSING,2609,0,0.0
surgery,2023,EMT_現場_意識__否,2609,0,0.0
surgery,2023,EMT_現場_意識__清,2609,0,0.0
surgery,2023,EMT_現場_意識__痛,2609,0,0.0
surgery,2023,EMT_現場_意識__聲,2609,0,0.0
surgery,2023,EMT_現場_意識__OTHER_RARE,2609,0,0.0
surgery,2023,EMT_現場_意識__MISSING,2609,0,0.0
surgery,2023,EMT_派遣分類__BLS,2609,0,0.0
surgery,2023,EMT_派遣分類__OTHER_RARE,2609,0,0.0
surgery,2023,EMT_派遣分類__MISSING,2609,0,0.0
surgery,2023,EMT_派遣原因__救護,2609,0,0.0
surgery,2023,EMT_派遣原因__救護-一般受傷,2609,0,0.0
surgery,2023,EMT_派遣原因__救護-其它,2609,0,0.0
surgery,2023,EMT_派遣原因__救護-割腕,2609,0,0.0
surgery,2023,EMT_派遣原因__救護-吞食藥物,2609,0,0.0
surgery,2023,EMT_派遣原因__救護-孕婦待產,2609,0,0.0
surgery,2023,EMT_派遣原因__救護-急病,2609,0,0.0
surgery,2023,EMT_派遣原因__救護-打架受傷,2609,0,0.0
surgery,2023,EMT_派遣原因__救護-精神異常,2609,0,0.0
surgery,2023,EMT_派遣原因__救護-路倒,2609,0,0.0
surgery,2023,EMT_派遣原因__救護-車禍,2609,0,0.0
surgery,2023,EMT_派遣原因__火警-集合住宅,2609,0,0.0
surgery,2023,EMT_派遣原因__緊急救援-其他,2609,0,0.0
surgery,2023,EMT_派遣原因__緊急救援-車禍救助,2609,0,0.0
surgery,2023,EMT_派遣原因__OTHER_RARE,2609,0,0.0
surgery,2023,EMT_派遣原因__MISSING,2609,0,0.0
surgery,2023,EMT_問卷_創傷導致的主訴群__肢體麻痺,2609,0,0.0
surgery,2023,EMT_問卷_創傷導致的主訴群__背部疼痛,2609,0,0.0
surgery,2023,EMT_問卷_創傷導致的主訴群__胸痛/悶,2609,0,0.0
surgery,2023,EMT_問卷_創傷導致的主訴群__OTHER_RARE,2609,0,0.0
surgery,2023,EMT_問卷_創傷導致的主訴群__MISSING,2609,0,0.0
surgery,2023,EMT_問卷_頸椎固定__GCS<15,2609,0,0.0
surgery,2023,EMT_問卷_頸椎固定__檢查無明顯異常,2609,0,0.0
surgery,2023,EMT_問卷_頸椎固定__肢體運動感覺異常,2609,0,0.0
surgery,2023,EMT_問卷_頸椎固定__轉向困難,2609,0,0.0
surgery,2023,EMT_問卷_頸椎固定__頸椎瘀青疼痛,2609,0,0.0
surgery,2023,EMT_問卷_頸椎固定__OTHER_RARE,2609,0,0.0
surgery,2023,EMT_問卷_頸椎固定__MISSING,2609,0,0.0
surgery,2023,EMT_問卷_膚色__其他,2609,0,0.0
surgery,2023,EMT_問卷_膚色__正常,2609,0,0.0
surgery,2023,EMT_問卷_膚色__溼冷,2609,0,0.0
surgery,2023,EMT_問卷_膚色__潮紅,2609,0,0.0
surgery,2023,EMT_問卷_膚色__發紺,2609,0,0.0
surgery,2023,EMT_問卷_膚色__蒼白,2609,0,0.0
surgery,2023,EMT_問卷_膚色__蒼白、溼冷,2609,0,0.0
surgery,2023,EMT_問卷_膚色__黃疸,2609,0,0.0
surgery,2023,EMT_問卷_膚色__OTHER_RARE,2609,0,0.0
surgery,2023,EMT_問卷_膚色__MISSING,2609,0,0.0
surgery,2023,EMT_問卷_左瞳孔光反射__+,2609,0,0.0
surgery,2023,EMT_問卷_左瞳孔光反射__-,2609,0,0.0
surgery,2023,EMT_問卷_左瞳孔光反射__無法測量,2609,0,0.0
surgery,2023,EMT_問卷_左瞳孔光反射__眼疾,2609,0,0.0
surgery,2023,EMT_問卷_左瞳孔光反射__OTHER_RARE,2609,0,0.0
surgery,2023,EMT_問卷_左瞳孔光反射__MISSING,2609,0,0.0
surgery,2023,EMT_問卷_右瞳孔光反射__+,2609,0,0.0
surgery,2023,EMT_問卷_右瞳孔光反射__-,2609,0,0.0
surgery,2023,EMT_問卷_右瞳孔光反射__無法測量,2609,0,0.0
surgery,2023,EMT_問卷_右瞳孔光反射__眼疾,2609,0,0.0
surgery,2023,EMT_問卷_右瞳孔光反射__OTHER_RARE,2609,0,0.0
surgery,2023,EMT_問卷_右瞳孔光反射__MISSING,2609,0,0.0
surgery,2023,EMT_問卷_氣管位置__其他,2609,0,0.0
surgery,2023,EMT_問卷_氣管位置__正常,2609,0,0.0
surgery,2023,EMT_問卷_氣管位置__OTHER_RARE,2609,0,0.0
surgery,2023,EMT_問卷_氣管位置__MISSING,2609,0,0.0
surgery,2023,EMT_問卷_頸靜脈怒張__其他,2609,0,0.0
surgery,2023,EMT_問卷_頸靜脈怒張__有,2609,0,0.0
surgery,2023,EMT_問卷_頸靜脈怒張__無,2609,0,0.0
surgery,2023,EMT_問卷_頸靜脈怒張__OTHER_RARE,2609,0,0.0
surgery,2023,EMT_問卷_頸靜脈怒張__MISSING,2609,0,0.0
surgery,2023,EMT_問卷_血糖狀態__High,2609,0,0.0
surgery,2023,EMT_問卷_血糖狀態__Low,2609,0,0.0
surgery,2023,EMT_問卷_血糖狀態__否,2609,0,0.0
surgery,2023,EMT_問卷_血糖狀態__否、其他,2609,0,0.0
surgery,2023,EMT_問卷_血糖狀態__否、創傷,2609,0,0.0
surgery,2023,EMT_問卷_血糖狀態__否、拒絕,2609,0,0.0
surgery,2023,EMT_問卷_血糖狀態__否、躁動,2609,0,0.0
surgery,2023,EMT_問卷_血糖狀態__血糖值紀錄,2609,0,0.0
surgery,2023,EMT_問卷_血糖狀態__OTHER_RARE,2609,0,0.0
surgery,2023,EMT_問卷_血糖狀態__MISSING,2609,0,0.0
surgery,2023,EMT_問卷_靜脈輸液種類__0.9%N.S.,2609,0,0.0
surgery,2023,EMT_問卷_靜脈輸液種類__5%G.W.,2609,0,0.0
surgery,2023,EMT_問卷_靜脈輸液種類__50%G.W.,2609,0,0.0
surgery,2023,EMT_問卷_靜脈輸液種類__IV,2609,0,0.0
surgery,2023,EMT_問卷_靜脈輸液種類__OTHER_RARE,2609,0,0.0
surgery,2023,EMT_問卷_靜脈輸液種類__MISSING,2609,0,0.0
surgery,2023,EMT_推定派遣類別__中毒/自傷,2609,0,0.0
surgery,2023,EMT_推定派遣類別__交通事故傷,2609,0,0.0
surgery,2023,EMT_推定派遣類別__內科急病,2609,0,0.0
surgery,2023,EMT_推定派遣類別__其他外傷,2609,0,0.0
surgery,2023,EMT_推定派遣類別__精神行為異常,2609,0,0.0
surgery,2023,EMT_推定派遣類別__路倒/無意識,2609,0,0.0
surgery,2023,EMT_推定派遣類別__OTHER_RARE,2609,0,0.0
surgery,2023,EMT_推定派遣類別__MISSING,2609,0,0.0
surgery,2023,EMT_有燒燙傷__False,2609,0,0.0
surgery,2023,EMT_有燒燙傷__True,2609,0,0.0
surgery,2023,EMT_有燒燙傷__OTHER_RARE,2609,0,0.0
surgery,2023,EMT_有燒燙傷__MISSING,2609,0,0.0
surgery,2023,EMT_心律臆斷__Atrial fibrillation,2609,0,0.0
surgery,2023,EMT_心律臆斷__Normal Sinus Rhythm,2609,0,0.0
surgery,2023,EMT_心律臆斷__ST段下降,2609,0,0.0
surgery,2023,EMT_心律臆斷__Sinus Bradycardia,2609,0,0.0
surgery,2023,EMT_心律臆斷__Sinus Tachycardia,2609,0,0.0
surgery,2023,EMT_心律臆斷__其他波形,2609,0,0.0
surgery,2023,EMT_心律臆斷__OTHER_RARE,2609,0,0.0
surgery,2023,EMT_心律臆斷__MISSING,2609,0,0.0
surgery,2023,"EMT_台北_創傷類型__創傷-一般外傷,肢體外傷,摔跌傷",2609,0,0.0
surgery,2023,"EMT_台北_創傷類型__創傷-一般外傷,頭部外傷,摔跌傷",2609,0,0.0
surgery,2023,EMT_台北_創傷類型__創傷-交通事故(機車),2609,0,0.0
surgery,2023,"EMT_台北_創傷類型__非創傷-一般疾病,噁心嘔吐腹瀉",2609,0,0.0
surgery,2023,"EMT_台北_創傷類型__非創傷-一般疾病,肢體無力",2609,0,0.0
surgery,2023,"EMT_台北_創傷類型__非創傷-一般疾病,頭痛頭暈昏倒昏厥",2609,0,0.0
surgery,2023,EMT_台北_創傷類型__非創傷-呼吸問題,2609,0,0.0
surgery,2023,EMT_台北_創傷類型__非創傷-昏迷,2609,0,0.0
surgery,2023,EMT_台北_創傷類型__非創傷-腹痛,2609,0,0.0
surgery,2023,EMT_台北_創傷類型__OTHER_RARE,2609,0,0.0
surgery,2023,EMT_台北_創傷類型__MISSING,2609,0,0.0
surgery,2023,EMT_特殊表類型__OHCA,2609,0,0.0
surgery,2023,EMT_特殊表類型__呼吸喘/慢/使用呼吸輔助肌肉,2609,0,0.0
surgery,2023,EMT_特殊表類型__心臟不適,2609,0,0.0
surgery,2023,EMT_特殊表類型__癲癇重積,2609,0,0.0
surgery,2023,EMT_特殊表類型__腦中風評估,2609,0,0.0
surgery,2023,EMT_特殊表類型__過敏性休克,2609,0,0.0
surgery,2023,EMT_特殊表類型__OTHER_RARE,2609,0,0.0
surgery,2023,EMT_特殊表類型__MISSING,2609,0,0.0
surgery,2023,EMT_台北_心梗登錄__OTHER_RARE,2609,0,0.0
surgery,2023,EMT_台北_心梗登錄__MISSING,2609,0,0.0
surgery,2023,EMT_台北_中風登錄__OTHER_RARE,2609,0,0.0
surgery,2023,EMT_台北_中風登錄__MISSING,2609,0,0.0
surgery,2023,EMT_台北_CPR停止登錄__OTHER_RARE,2609,0,0.0
surgery,2023,EMT_台北_CPR停止登錄__MISSING,2609,0,0.0
surgery,2023,EMT_問卷_交通事故患者__乘客,2609,0,0.0
surgery,2023,EMT_問卷_交通事故患者__行人,2609,0,0.0
surgery,2023,EMT_問卷_交通事故患者__駕駛,2609,0,0.0
surgery,2023,EMT_問卷_交通事故患者__OTHER_RARE,2609,0,0.0
surgery,2023,EMT_問卷_交通事故患者__MISSING,2609,0,0.0
surgery,2023,EMT_問卷_交通事故種類__人,2609,0,0.0
surgery,2023,EMT_問卷_交通事故種類__人、其他,2609,0,0.0
surgery,2023,EMT_問卷_交通事故種類__其他,2609,0,0.0
surgery,2023,EMT_問卷_交通事故種類__機車,2609,0,0.0
surgery,2023,EMT_問卷_交通事故種類__機車、人,2609,0,0.0
surgery,2023,EMT_問卷_交通事故種類__機車、人、其他,2609,0,0.0
surgery,2023,EMT_問卷_交通事故種類__機車、其他,2609,0,0.0
surgery,2023,EMT_問卷_交通事故種類__機車、腳踏車,2609,0,0.0
surgery,2023,EMT_問卷_交通事故種類__機車、腳踏車、其他,2609,0,0.0
surgery,2023,EMT_問卷_交通事故種類__汽車,2609,0,0.0
surgery,2023,EMT_問卷_交通事故種類__汽車、人,2609,0,0.0
surgery,2023,EMT_問卷_交通事故種類__汽車、人、其他,2609,0,0.0
surgery,2023,EMT_問卷_交通事故種類__汽車、其他,2609,0,0.0
surgery,2023,EMT_問卷_交通事故種類__汽車、機車,2609,0,0.0
surgery,2023,EMT_問卷_交通事故種類__汽車、機車、其他,2609,0,0.0
surgery,2023,EMT_問卷_交通事故種類__汽車、腳踏車,2609,0,0.0
surgery,2023,EMT_問卷_交通事故種類__腳踏車,2609,0,0.0
surgery,2023,EMT_問卷_交通事故種類__腳踏車、其他,2609,0,0.0
surgery,2023,EMT_問卷_交通事故種類__OTHER_RARE,2609,0,0.0
surgery,2023,EMT_問卷_交通事故種類__MISSING,2609,0,0.0
surgery,2023,EMT_問卷_保護裝置狀態__安全帶,2609,0,0.0
surgery,2023,EMT_問卷_保護裝置狀態__安全帽,2609,0,0.0
surgery,2023,EMT_問卷_保護裝置狀態__無,2609,0,0.0
surgery,2023,EMT_問卷_保護裝置狀態__OTHER_RARE,2609,0,0.0
surgery,2023,EMT_問卷_保護裝置狀態__MISSING,2609,0,0.0
surgery,2023,EMT_問卷_非交通事故種類__其他,2609,0,0.0
surgery,2023,EMT_問卷_非交通事故種類__切割,2609,0,0.0
surgery,2023,EMT_問卷_非交通事故種類__墜落,2609,0,0.0
surgery,2023,EMT_問卷_非交通事故種類__壓夾,2609,0,0.0
surgery,2023,EMT_問卷_非交通事故種類__撞擊,2609,0,0.0
surgery,2023,EMT_問卷_非交通事故種類__生物咬螫,2609,0,0.0
surgery,2023,EMT_問卷_非交通事故種類__跌摔,2609,0,0.0
surgery,2023,EMT_問卷_非交通事故種類__鈍毆,2609,0,0.0
surgery,2023,EMT_問卷_非交通事故種類__OTHER_RARE,2609,0,0.0
surgery,2023,EMT_問卷_非交通事故種類__MISSING,2609,0,0.0
surgery,2023,EMT_問卷_危急個案__否,2609,0,0.0
surgery,2023,EMT_問卷_危急個案__是,2609,0,0.0
surgery,2023,EMT_問卷_危急個案__OTHER_RARE,2609,0,0.0
surgery,2023,EMT_問卷_危急個案__MISSING,2609,0,0.0
surgery,2023,EMT_現場_意識_AVPU,2609,0,0.0
surgery,2023,EMT_過去病史__HIV(+),2609,0,0.0
surgery,2023,EMT_過去病史__不詳,2609,0,0.0
surgery,2023,EMT_過去病史__其他,2609,0,0.0
surgery,2023,EMT_過去病史__心臟疾病,2609,0,0.0
surgery,2023,EMT_過去病史__惡性腫瘤,2609,0,0.0
surgery,2023,EMT_過去病史__氣喘,2609,0,0.0
surgery,2023,EMT_過去病史__癲癇,2609,0,0.0
surgery,2023,EMT_過去病史__精神疾病,2609,0,0.0
surgery,2023,EMT_過去病史__糖尿病,2609,0,0.0
surgery,2023,EMT_過去病史__肝臟疾病,2609,0,0.0
surgery,2023,EMT_過去病史__肺臟疾病,2609,0,0.0
surgery,2023,EMT_過去病史__腎臟疾病,2609,0,0.0
surgery,2023,EMT_過去病史__腦血管疾病,2609,0,0.0
surgery,2023,EMT_過去病史__高血壓,2609,0,0.0
surgery,2023,EMT_過去病史__OTHER_RARE,2609,0,0.0
surgery,2023,EMT_過去病史__source_available,2609,0,0.0
surgery,2023,EMT_過去病史__explicit_none,2609,0,0.0
surgery,2023,EMT_過去病史__source_missing,2609,0,0.0
surgery,2023,EMT_過敏史__不清楚,2609,0,0.0
surgery,2023,EMT_過敏史__不詳,2609,0,0.0
surgery,2023,EMT_過敏史__其他,2609,0,0.0
surgery,2023,EMT_過敏史__藥物,2609,0,0.0
surgery,2023,EMT_過敏史__食物,2609,0,0.0
surgery,2023,EMT_過敏史__OTHER_RARE,2609,0,0.0
surgery,2023,EMT_過敏史__source_available,2609,0,0.0
surgery,2023,EMT_過敏史__explicit_none,2609,0,0.0
surgery,2023,EMT_過敏史__source_missing,2609,0,0.0
surgery,2023,EMT_主訴_結構化__OHCA,2609,0,0.0
surgery,2023,EMT_主訴_結構化__上腹痛,2609,0,0.0
surgery,2023,EMT_主訴_結構化__下腹痛,2609,0,0.0
surgery,2023,EMT_主訴_結構化__其他,2609,0,0.0
surgery,2023,EMT_主訴_結構化__冒冷汗,2609,0,0.0
surgery,2023,EMT_主訴_結構化__吐.咳血,2609,0,0.0
surgery,2023,EMT_主訴_結構化__呼吸喘.慢.使用輔助肌,2609,0,0.0
surgery,2023,EMT_主訴_結構化__呼吸道梗塞,2609,0,0.0
surgery,2023,EMT_主訴_結構化__嘔吐.噁心,2609,0,0.0
surgery,2023,EMT_主訴_結構化__心臟不適,2609,0,0.0
surgery,2023,EMT_主訴_結構化__急產,2609,0,0.0
surgery,2023,EMT_主訴_結構化__急產（接生）,2609,0,0.0
surgery,2023,EMT_主訴_結構化__挫.擦傷,2609,0,0.0
surgery,2023,EMT_主訴_結構化__撕裂.切割傷,2609,0,0.0
surgery,2023,EMT_主訴_結構化__斷肢,2609,0,0.0
surgery,2023,EMT_主訴_結構化__昏厥,2609,0,0.0
surgery,2023,EMT_主訴_結構化__無意識.意識不清,2609,0,0.0
surgery,2023,EMT_主訴_結構化__燒燙傷,2609,0,0.0
surgery,2023,EMT_主訴_結構化__疑似一氧化碳中毒,2609,0,0.0
surgery,2023,EMT_主訴_結構化__疑似毒物.氣中毒,2609,0,0.0
surgery,2023,EMT_主訴_結構化__疑似藥物過量,2609,0,0.0
surgery,2023,EMT_主訴_結構化__癲癇.抽搐,2609,0,0.0
surgery,2023,EMT_主訴_結構化__發燒.發冷,2609,0,0.0
surgery,2023,EMT_主訴_結構化__碎裂傷,2609,0,0.0
surgery,2023,EMT_主訴_結構化__穿刺傷,2609,0,0.0
surgery,2023,EMT_主訴_結構化__肢體無力,2609,0,0.0
surgery,2023,EMT_主訴_結構化__肢體疼痛,2609,0,0.0
surgery,2023,EMT_主訴_結構化__肢體麻痺,2609,0,0.0
surgery,2023,EMT_主訴_結構化__背.肩痛,2609,0,0.0
surgery,2023,EMT_主訴_結構化__胸痛.悶,2609,0,0.0
surgery,2023,EMT_主訴_結構化__腹瀉,2609,0,0.0
surgery,2023,EMT_主訴_結構化__虛弱,2609,0,0.0
surgery,2023,EMT_主訴_結構化__血便.尿,2609,0,0.0
surgery,2023,EMT_主訴_結構化__血腫,2609,0,0.0
surgery,2023,EMT_主訴_結構化__行為神智異常,2609,0,0.0
surgery,2023,EMT_主訴_結構化__過敏,2609,0,0.0
surgery,2023,EMT_主訴_結構化__非外傷出血,2609,0,0.0
surgery,2023,EMT_主訴_結構化__頭暈,2609,0,0.0
surgery,2023,EMT_主訴_結構化__頭痛,2609,0,0.0
surgery,2023,EMT_主訴_結構化__骨折.脫位,2609,0,0.0
surgery,2023,EMT_主訴_結構化__OTHER_RARE,2609,0,0.0
surgery,2023,EMT_主訴_結構化__source_available,2609,0,0.0
surgery,2023,EMT_主訴_結構化__explicit_none,2609,0,0.0
surgery,2023,EMT_主訴_結構化__source_missing,2609,0,0.0
surgery,2023,EMT_紅旗__DNR.放棄急救,2609,0,0.0
surgery,2023,EMT_紅旗__休克.低血壓,2609,0,0.0
surgery,2023,EMT_紅旗__呼吸窘迫.低血氧,2609,0,0.0
surgery,2023,EMT_紅旗__大出血,2609,0,0.0
surgery,2023,EMT_紅旗__心跳呼吸停止.PEA,2609,0,0.0
surgery,2023,EMT_紅旗__意識改變,2609,0,0.0
surgery,2023,EMT_紅旗__抽搐,2609,0,0.0
surgery,2023,EMT_紅旗__疑似中風,2609,0,0.0
surgery,2023,EMT_紅旗__胸痛疑似ACS,2609,0,0.0
surgery,2023,EMT_紅旗__OTHER_RARE,2609,0,0.0
surgery,2023,EMT_紅旗__source_available,2609,0,0.0
surgery,2023,EMT_紅旗__explicit_none,2609,0,0.0
surgery,2023,EMT_紅旗__source_missing,2609,0,0.0
surgery,2023,EMT_創傷機轉_合併__交通-機車,2609,0,0.0
surgery,2023,EMT_創傷機轉_合併__交通-汽車,2609,0,0.0
surgery,2023,EMT_創傷機轉_合併__交通-腳踏車,2609,0,0.0
surgery,2023,EMT_創傷機轉_合併__交通-行人,2609,0,0.0
surgery,2023,EMT_創傷機轉_合併__其他外傷,2609,0,0.0
surgery,2023,EMT_創傷機轉_合併__燒燙,2609,0,0.0
surgery,2023,EMT_創傷機轉_合併__生物咬螫,2609,0,0.0
surgery,2023,EMT_創傷機轉_合併__穿刺切割,2609,0,0.0
surgery,2023,EMT_創傷機轉_合併__跌落墜落,2609,0,0.0
surgery,2023,EMT_創傷機轉_合併__鈍傷撞擊,2609,0,0.0
surgery,2023,EMT_創傷機轉_合併__OTHER_RARE,2609,0,0.0
surgery,2023,EMT_創傷機轉_合併__source_available,2609,0,0.0
surgery,2023,EMT_創傷機轉_合併__explicit_none,2609,0,0.0
surgery,2023,EMT_創傷機轉_合併__source_missing,2609,0,0.0
surgery,2023,EMT_處置_合併__CPR,2609,0,0.0
surgery,2023,EMT_處置_合併__保暖,2609,0,0.0
surgery,2023,EMT_處置_合併__傷口處置,2609,0,0.0
surgery,2023,EMT_處置_合併__固定,2609,0,0.0
surgery,2023,EMT_處置_合併__心理支持,2609,0,0.0
surgery,2023,EMT_處置_合併__生命徵象監測,2609,0,0.0
surgery,2023,EMT_處置_合併__給氧,2609,0,0.0
surgery,2023,EMT_處置_合併__給藥,2609,0,0.0
surgery,2023,EMT_處置_合併__OTHER_RARE,2609,0,0.0
surgery,2023,EMT_處置_合併__source_available,2609,0,0.0
surgery,2023,EMT_處置_合併__explicit_none,2609,0,0.0
surgery,2023,EMT_處置_合併__source_missing,2609,0,0.0
surgery,2023,EMT_特殊表登錄_合併__ACS,2609,0,0.0
surgery,2023,EMT_特殊表登錄_合併__CVA,2609,0,0.0
surgery,2023,EMT_特殊表登錄_合併__OHCA,2609,0,0.0
surgery,2023,EMT_特殊表登錄_合併__呼吸窘迫,2609,0,0.0
surgery,2023,EMT_特殊表登錄_合併__癲癇重積,2609,0,0.0
surgery,2023,EMT_特殊表登錄_合併__過敏性休克,2609,0,0.0
surgery,2023,EMT_特殊表登錄_合併__OTHER_RARE,2609,0,0.0
surgery,2023,EMT_特殊表登錄_合併__source_available,2609,0,0.0
surgery,2023,EMT_特殊表登錄_合併__explicit_none,2609,0,0.0
surgery,2023,EMT_特殊表登錄_合併__source_missing,2609,0,0.0
surgery,2023,EMT_問卷_一般處置__下肢抬高,2609,0,0.0
surgery,2023,EMT_問卷_一般處置__保暖,2609,0,0.0
surgery,2023,EMT_問卷_一般處置__其他,2609,0,0.0
surgery,2023,EMT_問卷_一般處置__半坐臥,2609,0,0.0
surgery,2023,EMT_問卷_一般處置__心律監視,2609,0,0.0
surgery,2023,EMT_問卷_一般處置__心理支持,2609,0,0.0
surgery,2023,EMT_問卷_一般處置__生命徵象監測,2609,0,0.0
surgery,2023,EMT_問卷_一般處置__生產/左側臥,2609,0,0.0
surgery,2023,EMT_問卷_一般處置__OTHER_RARE,2609,0,0.0
surgery,2023,EMT_問卷_一般處置__source_available,2609,0,0.0
surgery,2023,EMT_問卷_一般處置__explicit_none,2609,0,0.0
surgery,2023,EMT_問卷_一般處置__source_missing,2609,0,0.0
surgery,2023,EMT_問卷_呼吸給氧裝置__NRM,2609,0,0.0
surgery,2023,EMT_問卷_呼吸給氧裝置__口咽呼吸道,2609,0,0.0
surgery,2023,EMT_問卷_呼吸給氧裝置__正壓給氧,2609,0,0.0
surgery,2023,EMT_問卷_呼吸給氧裝置__氧氣面罩,2609,0,0.0
surgery,2023,EMT_問卷_呼吸給氧裝置__氧氣鼻管,2609,0,0.0
surgery,2023,EMT_問卷_呼吸給氧裝置__鼻咽呼吸道,2609,0,0.0
surgery,2023,EMT_問卷_呼吸給氧裝置__OTHER_RARE,2609,0,0.0
surgery,2023,EMT_問卷_呼吸給氧裝置__source_available,2609,0,0.0
surgery,2023,EMT_問卷_呼吸給氧裝置__explicit_none,2609,0,0.0
surgery,2023,EMT_問卷_呼吸給氧裝置__source_missing,2609,0,0.0
surgery,2023,EMT_問卷_創傷處置__KED固定,2609,0,0.0
surgery,2023,EMT_問卷_創傷處置__包紮止血,2609,0,0.0
surgery,2023,EMT_問卷_創傷處置__夾板\三角巾,2609,0,0.0
surgery,2023,EMT_問卷_創傷處置__抽吸式護木,2609,0,0.0
surgery,2023,EMT_問卷_創傷處置__清洗傷口,2609,0,0.0
surgery,2023,EMT_問卷_創傷處置__長背板\頭部固定,2609,0,0.0
surgery,2023,EMT_問卷_創傷處置__頸圈,2609,0,0.0
surgery,2023,EMT_問卷_創傷處置__OTHER_RARE,2609,0,0.0
surgery,2023,EMT_問卷_創傷處置__source_available,2609,0,0.0
surgery,2023,EMT_問卷_創傷處置__explicit_none,2609,0,0.0
surgery,2023,EMT_問卷_創傷處置__source_missing,2609,0,0.0
surgery,2023,EMT_問卷_加護處置__0.9%N.S.,2609,0,0.0
surgery,2023,EMT_問卷_加護處置__5%G.W.,2609,0,0.0
surgery,2023,EMT_問卷_加護處置__50%G.W.,2609,0,0.0
surgery,2023,EMT_問卷_加護處置__Berotec支氣管擴張劑,2609,0,0.0
surgery,2023,EMT_問卷_加護處置__IV,2609,0,0.0
surgery,2023,EMT_問卷_加護處置__不建議AED電擊,2609,0,0.0
surgery,2023,EMT_問卷_加護處置__糖粉（水）,2609,0,0.0
surgery,2023,EMT_問卷_加護處置__OTHER_RARE,2609,0,0.0
surgery,2023,EMT_問卷_加護處置__source_available,2609,0,0.0
surgery,2023,EMT_問卷_加護處置__explicit_none,2609,0,0.0
surgery,2023,EMT_問卷_加護處置__source_missing,2609,0,0.0
surgery,2023,EMT_台北_呼吸處置__OTHER_RARE,2609,0,0.0
surgery,2023,EMT_台北_呼吸處置__source_available,2609,0,0.0
surgery,2023,EMT_台北_呼吸處置__explicit_none,2609,0,0.0
surgery,2023,EMT_台北_呼吸處置__source_missing,2609,0,0.0
surgery,2023,EMT_台北_CPR處置__OTHER_RARE,2609,0,0.0
surgery,2023,EMT_台北_CPR處置__source_available,2609,0,0.0
surgery,2023,EMT_台北_CPR處置__explicit_none,2609,0,0.0
surgery,2023,EMT_台北_CPR處置__source_missing,2609,0,0.0
surgery,2023,EMT_台北_藥物處置__OTHER_RARE,2609,0,0.0
surgery,2023,EMT_台北_藥物處置__source_available,2609,0,0.0
surgery,2023,EMT_台北_藥物處置__explicit_none,2609,0,0.0
surgery,2023,EMT_台北_藥物處置__source_missing,2609,0,0.0
surgery,2023,EMT_台北_創傷處置__包紮,2609,0,0.0
surgery,2023,EMT_台北_創傷處置__止血,2609,0,0.0
surgery,2023,EMT_台北_創傷處置__清洗傷口,2609,0,0.0
surgery,2023,EMT_台北_創傷處置__OTHER_RARE,2609,0,0.0
surgery,2023,EMT_台北_創傷處置__source_available,2609,0,0.0
surgery,2023,EMT_台北_創傷處置__explicit_none,2609,0,0.0
surgery,2023,EMT_台北_創傷處置__source_missing,2609,0,0.0
surgery,2023,EMT_台北_後送姿勢__半坐臥,2609,0,0.0
surgery,2023,EMT_台北_後送姿勢__平躺,2609,0,0.0
surgery,2023,EMT_台北_後送姿勢__OTHER_RARE,2609,0,0.0
surgery,2023,EMT_台北_後送姿勢__source_available,2609,0,0.0
surgery,2023,EMT_台北_後送姿勢__explicit_none,2609,0,0.0
surgery,2023,EMT_台北_後送姿勢__source_missing,2609,0,0.0
surgery,2023,EMT_台北_其他處置__保暖,2609,0,0.0
surgery,2023,EMT_台北_其他處置__心理支持,2609,0,0.0
surgery,2023,EMT_台北_其他處置__OTHER_RARE,2609,0,0.0
surgery,2023,EMT_台北_其他處置__source_available,2609,0,0.0
surgery,2023,EMT_台北_其他處置__explicit_none,2609,0,0.0
surgery,2023,EMT_台北_其他處置__source_missing,2609,0,0.0
surgery,2023,EMT_台北_給藥__OTHER_RARE,2609,0,0.0
surgery,2023,EMT_台北_給藥__source_available,2609,0,0.0
surgery,2023,EMT_台北_給藥__explicit_none,2609,0,0.0
surgery,2023,EMT_台北_給藥__source_missing,2609,0,0.0
surgery,2023,EMT_補述_紅旗__DNR.放棄急救,2609,0,0.0
surgery,2023,EMT_補述_紅旗__休克.低血壓,2609,0,0.0
surgery,2023,EMT_補述_紅旗__呼吸窘迫.低血氧,2609,0,0.0
surgery,2023,EMT_補述_紅旗__大出血,2609,0,0.0
surgery,2023,EMT_補述_紅旗__心跳呼吸停止.PEA,2609,0,0.0
surgery,2023,EMT_補述_紅旗__意識改變,2609,0,0.0
surgery,2023,EMT_補述_紅旗__抽搐,2609,0,0.0
surgery,2023,EMT_補述_紅旗__疑似中風,2609,0,0.0
surgery,2023,EMT_補述_紅旗__胸痛疑似ACS,2609,0,0.0
surgery,2023,EMT_補述_紅旗__OTHER_RARE,2609,0,0.0
surgery,2023,EMT_補述_紅旗__source_available,2609,0,0.0
surgery,2023,EMT_補述_紅旗__explicit_none,2609,0,0.0
surgery,2023,EMT_補述_紅旗__source_missing,2609,0,0.0
surgery,2023,EMT_問卷_過去病史__HIV(+),2609,0,0.0
surgery,2023,EMT_問卷_過去病史__不詳,2609,0,0.0
surgery,2023,EMT_問卷_過去病史__其他,2609,0,0.0
surgery,2023,EMT_問卷_過去病史__心臟疾病,2609,0,0.0
surgery,2023,EMT_問卷_過去病史__惡性腫瘤,2609,0,0.0
surgery,2023,EMT_問卷_過去病史__氣喘,2609,0,0.0
surgery,2023,EMT_問卷_過去病史__癲癇,2609,0,0.0
surgery,2023,EMT_問卷_過去病史__精神疾病,2609,0,0.0
surgery,2023,EMT_問卷_過去病史__糖尿病,2609,0,0.0
surgery,2023,EMT_問卷_過去病史__肝臟疾病,2609,0,0.0
surgery,2023,EMT_問卷_過去病史__肺臟疾病,2609,0,0.0
surgery,2023,EMT_問卷_過去病史__腎臟疾病,2609,0,0.0
surgery,2023,EMT_問卷_過去病史__腦血管疾病,2609,0,0.0
surgery,2023,EMT_問卷_過去病史__高血壓,2609,0,0.0
surgery,2023,EMT_問卷_過去病史__OTHER_RARE,2609,0,0.0
surgery,2023,EMT_問卷_過去病史__source_available,2609,0,0.0
surgery,2023,EMT_問卷_過去病史__explicit_none,2609,0,0.0
surgery,2023,EMT_問卷_過去病史__source_missing,2609,0,0.0
surgery,2023,EMT_問卷_過敏史__不詳,2609,0,0.0
surgery,2023,EMT_問卷_過敏史__其他,2609,0,0.0
surgery,2023,EMT_問卷_過敏史__藥物,2609,0,0.0
surgery,2023,EMT_問卷_過敏史__食物,2609,0,0.0
surgery,2023,EMT_問卷_過敏史__OTHER_RARE,2609,0,0.0
surgery,2023,EMT_問卷_過敏史__source_available,2609,0,0.0
surgery,2023,EMT_問卷_過敏史__explicit_none,2609,0,0.0
surgery,2023,EMT_問卷_過敏史__source_missing,2609,0,0.0
surgery,2023,has_oxygen,2609,2565,0.9831353008815639
surgery,2023,has_ventilatory_support,2609,2563,0.9823687236489076
surgery,2023,has_airway_adjunct,2609,2563,0.9823687236489076
surgery,2023,has_advanced_airway,2609,2563,0.9823687236489076
surgery,2023,has_ALS_procedure,2609,2223,0.8520505940973553
surgery,2023,EMT_現場_收縮壓_ord,2609,16,0.006132617861249521
surgery,2023,EMT_現場_收縮壓_for_score,2609,24,0.009198926791874281
surgery,2023,EMT_車上_收縮壓_for_score,2609,222,0.0850900728248371
surgery,2023,EMT_現場_收縮壓_unmeasurable,2609,0,0.0
surgery,2023,EMT_車上_收縮壓_unmeasurable,2609,0,0.0
surgery,2023,MISS_EMT_現場_收縮壓_for_score,2609,0,0.0
surgery,2023,MISS_EMT_車上_收縮壓_for_score,2609,0,0.0
surgery,2023,prehosp_sbp,2609,20,0.007665772326561901
surgery,2023,prehosp_dbp,2609,266,0.10195477194327328
surgery,2023,prehosp_hr,2609,23,0.008815638175546186
surgery,2023,prehosp_rr,2609,23,0.008815638175546186
surgery,2023,prehosp_spo2,2609,25,0.009582215408202376
surgery,2023,prehosp_bt,2609,24,0.009198926791874281
surgery,2023,prehosp_gcs,2609,24,0.009198926791874281
surgery,2023,prehosp_gcs_e,2609,23,0.008815638175546186
surgery,2023,prehosp_gcs_v,2609,24,0.009198926791874281
surgery,2023,prehosp_gcs_m,2609,23,0.008815638175546186
surgery,2023,is_OHCA_hr0,2609,0,0.0
surgery,2023,現場時間,2609,3,0.0011498658489842851
surgery,2023,運送時間,2609,4,0.0015331544653123803
surgery,2023,派遣時間,2609,204,0.07819087773093139
surgery,2023,總到院前時間,2609,204,0.07819087773093139
surgery,2023,MISS_現場時間,2609,0,0.0
surgery,2023,MISS_運送時間,2609,0,0.0
surgery,2023,MISS_派遣時間,2609,0,0.0
surgery,2023,MISS_總到院前時間,2609,0,0.0
surgery,2023,MAP,2609,266,0.10195477194327328
surgery,2023,MISS_MAP,2609,0,0.0
surgery,2023,SI,2609,26,0.009965504024530471
surgery,2023,MISS_SI,2609,0,0.0
surgery,2023,mSI,2609,266,0.10195477194327328
surgery,2023,MISS_mSI,2609,0,0.0
surgery,2023,aSI,2609,27,0.010348792640858567
surgery,2023,MISS_aSI,2609,0,0.0
surgery,2023,rSI,2609,26,0.009965504024530471
surgery,2023,MISS_rSI,2609,0,0.0
surgery,2023,rSIG,2609,27,0.010348792640858567
surgery,2023,MISS_rSIG,2609,0,0.0
surgery,2023,rSIG_Age,2609,28,0.010732081257186662
surgery,2023,MISS_rSIG_Age,2609,0,0.0
surgery,2023,SI_G,2609,27,0.010348792640858567
surgery,2023,MISS_SI_G,2609,0,0.0
surgery,2023,SIA_G,2609,28,0.010732081257186662
surgery,2023,MISS_SIA_G,2609,0,0.0
surgery,2023,SIAVPU,2609,26,0.009965504024530471
surgery,2023,MISS_SIAVPU,2609,0,0.0
surgery,2023,sMS,2609,23,0.008815638175546186
surgery,2023,MISS_sMS,2609,0,0.0
surgery,2023,rSI_sMS,2609,26,0.009965504024530471
surgery,2023,MISS_rSI_sMS,2609,0,0.0
surgery,2023,rSI_GCS,2609,27,0.010348792640858567
surgery,2023,MISS_rSI_GCS,2609,0,0.0
surgery,2023,rSI_GCSM,2609,26,0.009965504024530471
surgery,2023,MISS_rSI_GCSM,2609,0,0.0
surgery,2023,qSOFA,2609,26,0.009965504024530471
surgery,2023,qSOFA_available,2609,0,0.0
surgery,2023,qSOFA_observed_components,2609,0,0.0
surgery,2023,qSOFA_required_components,2609,0,0.0
surgery,2023,MISS_qSOFA,2609,0,0.0
surgery,2023,NEWS2,2609,2568,0.9842851667305481
surgery,2023,NEWS2_available,2609,0,0.0
surgery,2023,NEWS2_observed_components,2609,0,0.0
surgery,2023,NEWS2_required_components,2609,0,0.0
surgery,2023,MISS_NEWS2,2609,0,0.0
surgery,2023,MEWS,2609,26,0.009965504024530471
surgery,2023,MEWS_available,2609,0,0.0
surgery,2023,MEWS_observed_components,2609,0,0.0
surgery,2023,MEWS_required_components,2609,0,0.0
surgery,2023,MISS_MEWS,2609,0,0.0
surgery,2023,REMS,2609,266,0.10195477194327328
surgery,2023,REMS_available,2609,0,0.0
surgery,2023,REMS_observed_components,2609,0,0.0
surgery,2023,REMS_required_components,2609,0,0.0
surgery,2023,MISS_REMS,2609,0,0.0
surgery,2023,RTS,2609,27,0.010348792640858567
surgery,2023,RTS_available,2609,0,0.0
surgery,2023,RTS_observed_components,2609,0,0.0
surgery,2023,RTS_required_components,2609,0,0.0
surgery,2023,MISS_RTS,2609,0,0.0
surgery,2023,kw_ohca,2609,0,0.0
surgery,2023,kw_chest_pain,2609,0,0.0
surgery,2023,kw_dyspnea,2609,0,0.0
surgery,2023,kw_bleeding,2609,0,0.0
surgery,2023,kw_stroke,2609,0,0.0
surgery,2023,kw_trauma,2609,0,0.0
surgery,2023,kw_seizure,2609,0,0.0
surgery,2023,kw_unconscious,2609,0,0.0
surgery,2023,is_text_missing,2609,0,0.0
surgery,2023,text_source_count,2609,0,0.0
surgery,2023,text_char_count,2609,0,0.0
surgery,2024,EMT_年齡,2712,3,0.0011061946902654867
surgery,2024,MISS_EMT_年齡,2712,0,0.0
surgery,2024,MISSREASON_EMT_年齡__source_missing,2712,0,0.0
surgery,2024,MISSREASON_EMT_年齡__not_measured,2712,0,0.0
surgery,2024,MISSREASON_EMT_年齡__sentinel,2712,0,0.0
surgery,2024,MISSREASON_EMT_年齡__invalid_or_out_of_range,2712,0,0.0
surgery,2024,EMT_發生地點_到慈濟_開車km,2712,2,0.0007374631268436578
surgery,2024,MISS_EMT_發生地點_到慈濟_開車km,2712,0,0.0
surgery,2024,MISSREASON_EMT_發生地點_到慈濟_開車km__source_missing,2712,0,0.0
surgery,2024,MISSREASON_EMT_發生地點_到慈濟_開車km__not_measured,2712,0,0.0
surgery,2024,MISSREASON_EMT_發生地點_到慈濟_開車km__sentinel,2712,0,0.0
surgery,2024,MISSREASON_EMT_發生地點_到慈濟_開車km__invalid_or_out_of_range,2712,0,0.0
surgery,2024,EMT_發生地點_到慈濟_直線km,2712,2,0.0007374631268436578
surgery,2024,MISS_EMT_發生地點_到慈濟_直線km,2712,0,0.0
surgery,2024,MISSREASON_EMT_發生地點_到慈濟_直線km__source_missing,2712,0,0.0
surgery,2024,MISSREASON_EMT_發生地點_到慈濟_直線km__not_measured,2712,0,0.0
surgery,2024,MISSREASON_EMT_發生地點_到慈濟_直線km__sentinel,2712,0,0.0
surgery,2024,MISSREASON_EMT_發生地點_到慈濟_直線km__invalid_or_out_of_range,2712,0,0.0
surgery,2024,EMT_反應時間分,2712,8,0.0029498525073746312
surgery,2024,MISS_EMT_反應時間分,2712,0,0.0
surgery,2024,MISSREASON_EMT_反應時間分__source_missing,2712,0,0.0
surgery,2024,MISSREASON_EMT_反應時間分__not_measured,2712,0,0.0
surgery,2024,MISSREASON_EMT_反應時間分__sentinel,2712,0,0.0
surgery,2024,MISSREASON_EMT_反應時間分__invalid_or_out_of_range,2712,0,0.0
surgery,2024,EMT_現場停留分,2712,5,0.0018436578171091445
surgery,2024,MISS_EMT_現場停留分,2712,0,0.0
surgery,2024,MISSREASON_EMT_現場停留分__source_missing,2712,0,0.0
surgery,2024,MISSREASON_EMT_現場停留分__not_measured,2712,0,0.0
surgery,2024,MISSREASON_EMT_現場停留分__sentinel,2712,0,0.0
surgery,2024,MISSREASON_EMT_現場停留分__invalid_or_out_of_range,2712,0,0.0
surgery,2024,EMT_送醫途中分,2712,4,0.0014749262536873156
surgery,2024,MISS_EMT_送醫途中分,2712,0,0.0
surgery,2024,MISSREASON_EMT_送醫途中分__source_missing,2712,0,0.0
surgery,2024,MISSREASON_EMT_送醫途中分__not_measured,2712,0,0.0
surgery,2024,MISSREASON_EMT_送醫途中分__sentinel,2712,0,0.0
surgery,2024,MISSREASON_EMT_送醫途中分__invalid_or_out_of_range,2712,0,0.0
surgery,2024,EMT_現場_舒張壓,2712,2712,1.0
surgery,2024,MISS_EMT_現場_舒張壓,2712,0,0.0
surgery,2024,MISSREASON_EMT_現場_舒張壓__source_missing,2712,0,0.0
surgery,2024,MISSREASON_EMT_現場_舒張壓__not_measured,2712,0,0.0
surgery,2024,MISSREASON_EMT_現場_舒張壓__sentinel,2712,0,0.0
surgery,2024,MISSREASON_EMT_現場_舒張壓__invalid_or_out_of_range,2712,0,0.0
surgery,2024,EMT_現場_脈搏,2712,23,0.008480825958702065
surgery,2024,MISS_EMT_現場_脈搏,2712,0,0.0
surgery,2024,MISSREASON_EMT_現場_脈搏__source_missing,2712,0,0.0
surgery,2024,MISSREASON_EMT_現場_脈搏__not_measured,2712,0,0.0
surgery,2024,MISSREASON_EMT_現場_脈搏__sentinel,2712,0,0.0
surgery,2024,MISSREASON_EMT_現場_脈搏__invalid_or_out_of_range,2712,0,0.0
surgery,2024,EMT_現場_呼吸,2712,25,0.009218289085545723
surgery,2024,MISS_EMT_現場_呼吸,2712,0,0.0
surgery,2024,MISSREASON_EMT_現場_呼吸__source_missing,2712,0,0.0
surgery,2024,MISSREASON_EMT_現場_呼吸__not_measured,2712,0,0.0
surgery,2024,MISSREASON_EMT_現場_呼吸__sentinel,2712,0,0.0
surgery,2024,MISSREASON_EMT_現場_呼吸__invalid_or_out_of_range,2712,0,0.0
surgery,2024,EMT_現場_SPO2,2712,24,0.008849557522123894
surgery,2024,MISS_EMT_現場_SPO2,2712,0,0.0
surgery,2024,MISSREASON_EMT_現場_SPO2__source_missing,2712,0,0.0
surgery,2024,MISSREASON_EMT_現場_SPO2__not_measured,2712,0,0.0
surgery,2024,MISSREASON_EMT_現場_SPO2__sentinel,2712,0,0.0
surgery,2024,MISSREASON_EMT_現場_SPO2__invalid_or_out_of_range,2712,0,0.0
surgery,2024,EMT_現場_體溫,2712,28,0.01032448377581121
surgery,2024,MISS_EMT_現場_體溫,2712,0,0.0
surgery,2024,MISSREASON_EMT_現場_體溫__source_missing,2712,0,0.0
surgery,2024,MISSREASON_EMT_現場_體溫__not_measured,2712,0,0.0
surgery,2024,MISSREASON_EMT_現場_體溫__sentinel,2712,0,0.0
surgery,2024,MISSREASON_EMT_現場_體溫__invalid_or_out_of_range,2712,0,0.0
surgery,2024,EMT_現場_GCS,2712,23,0.008480825958702065
surgery,2024,MISS_EMT_現場_GCS,2712,0,0.0
surgery,2024,MISSREASON_EMT_現場_GCS__source_missing,2712,0,0.0
surgery,2024,MISSREASON_EMT_現場_GCS__not_measured,2712,0,0.0
surgery,2024,MISSREASON_EMT_現場_GCS__sentinel,2712,0,0.0
surgery,2024,MISSREASON_EMT_現場_GCS__invalid_or_out_of_range,2712,0,0.0
surgery,2024,EMT_現場_GCS_E,2712,23,0.008480825958702065
surgery,2024,MISS_EMT_現場_GCS_E,2712,0,0.0
surgery,2024,MISSREASON_EMT_現場_GCS_E__source_missing,2712,0,0.0
surgery,2024,MISSREASON_EMT_現場_GCS_E__not_measured,2712,0,0.0
surgery,2024,MISSREASON_EMT_現場_GCS_E__sentinel,2712,0,0.0
surgery,2024,MISSREASON_EMT_現場_GCS_E__invalid_or_out_of_range,2712,0,0.0
surgery,2024,EMT_現場_GCS_V,2712,23,0.008480825958702065
surgery,2024,MISS_EMT_現場_GCS_V,2712,0,0.0
surgery,2024,MISSREASON_EMT_現場_GCS_V__source_missing,2712,0,0.0
surgery,2024,MISSREASON_EMT_現場_GCS_V__not_measured,2712,0,0.0
surgery,2024,MISSREASON_EMT_現場_GCS_V__sentinel,2712,0,0.0
surgery,2024,MISSREASON_EMT_現場_GCS_V__invalid_or_out_of_range,2712,0,0.0
surgery,2024,EMT_現場_GCS_M,2712,23,0.008480825958702065
surgery,2024,MISS_EMT_現場_GCS_M,2712,0,0.0
surgery,2024,MISSREASON_EMT_現場_GCS_M__source_missing,2712,0,0.0
surgery,2024,MISSREASON_EMT_現場_GCS_M__not_measured,2712,0,0.0
surgery,2024,MISSREASON_EMT_現場_GCS_M__sentinel,2712,0,0.0
surgery,2024,MISSREASON_EMT_現場_GCS_M__invalid_or_out_of_range,2712,0,0.0
surgery,2024,EMT_車上_舒張壓,2712,382,0.14085545722713863
surgery,2024,MISS_EMT_車上_舒張壓,2712,0,0.0
surgery,2024,MISSREASON_EMT_車上_舒張壓__source_missing,2712,0,0.0
surgery,2024,MISSREASON_EMT_車上_舒張壓__not_measured,2712,0,0.0
surgery,2024,MISSREASON_EMT_車上_舒張壓__sentinel,2712,0,0.0
surgery,2024,MISSREASON_EMT_車上_舒張壓__invalid_or_out_of_range,2712,0,0.0
surgery,2024,EMT_車上_脈搏,2712,334,0.12315634218289086
surgery,2024,MISS_EMT_車上_脈搏,2712,0,0.0
surgery,2024,MISSREASON_EMT_車上_脈搏__source_missing,2712,0,0.0
surgery,2024,MISSREASON_EMT_車上_脈搏__not_measured,2712,0,0.0
surgery,2024,MISSREASON_EMT_車上_脈搏__sentinel,2712,0,0.0
surgery,2024,MISSREASON_EMT_車上_脈搏__invalid_or_out_of_range,2712,0,0.0
surgery,2024,EMT_車上_呼吸,2712,336,0.12389380530973451
surgery,2024,MISS_EMT_車上_呼吸,2712,0,0.0
surgery,2024,MISSREASON_EMT_車上_呼吸__source_missing,2712,0,0.0
surgery,2024,MISSREASON_EMT_車上_呼吸__not_measured,2712,0,0.0
surgery,2024,MISSREASON_EMT_車上_呼吸__sentinel,2712,0,0.0
surgery,2024,MISSREASON_EMT_車上_呼吸__invalid_or_out_of_range,2712,0,0.0
surgery,2024,EMT_車上_SPO2,2712,338,0.12463126843657817
surgery,2024,MISS_EMT_車上_SPO2,2712,0,0.0
surgery,2024,MISSREASON_EMT_車上_SPO2__source_missing,2712,0,0.0
surgery,2024,MISSREASON_EMT_車上_SPO2__not_measured,2712,0,0.0
surgery,2024,MISSREASON_EMT_車上_SPO2__sentinel,2712,0,0.0
surgery,2024,MISSREASON_EMT_車上_SPO2__invalid_or_out_of_range,2712,0,0.0
surgery,2024,EMT_車上_體溫,2712,341,0.12573746312684367
surgery,2024,MISS_EMT_車上_體溫,2712,0,0.0
surgery,2024,MISSREASON_EMT_車上_體溫__source_missing,2712,0,0.0
surgery,2024,MISSREASON_EMT_車上_體溫__not_measured,2712,0,0.0
surgery,2024,MISSREASON_EMT_車上_體溫__sentinel,2712,0,0.0
surgery,2024,MISSREASON_EMT_車上_體溫__invalid_or_out_of_range,2712,0,0.0
surgery,2024,EMT_車上_GCS,2712,27,0.00995575221238938
surgery,2024,MISS_EMT_車上_GCS,2712,0,0.0
surgery,2024,MISSREASON_EMT_車上_GCS__source_missing,2712,0,0.0
surgery,2024,MISSREASON_EMT_車上_GCS__not_measured,2712,0,0.0
surgery,2024,MISSREASON_EMT_車上_GCS__sentinel,2712,0,0.0
surgery,2024,MISSREASON_EMT_車上_GCS__invalid_or_out_of_range,2712,0,0.0
surgery,2024,EMT_車上_GCS_E,2712,25,0.009218289085545723
surgery,2024,MISS_EMT_車上_GCS_E,2712,0,0.0
surgery,2024,MISSREASON_EMT_車上_GCS_E__source_missing,2712,0,0.0
surgery,2024,MISSREASON_EMT_車上_GCS_E__not_measured,2712,0,0.0
surgery,2024,MISSREASON_EMT_車上_GCS_E__sentinel,2712,0,0.0
surgery,2024,MISSREASON_EMT_車上_GCS_E__invalid_or_out_of_range,2712,0,0.0
surgery,2024,EMT_車上_GCS_V,2712,27,0.00995575221238938
surgery,2024,MISS_EMT_車上_GCS_V,2712,0,0.0
surgery,2024,MISSREASON_EMT_車上_GCS_V__source_missing,2712,0,0.0
surgery,2024,MISSREASON_EMT_車上_GCS_V__not_measured,2712,0,0.0
surgery,2024,MISSREASON_EMT_車上_GCS_V__sentinel,2712,0,0.0
surgery,2024,MISSREASON_EMT_車上_GCS_V__invalid_or_out_of_range,2712,0,0.0
surgery,2024,EMT_車上_GCS_M,2712,25,0.009218289085545723
surgery,2024,MISS_EMT_車上_GCS_M,2712,0,0.0
surgery,2024,MISSREASON_EMT_車上_GCS_M__source_missing,2712,0,0.0
surgery,2024,MISSREASON_EMT_車上_GCS_M__not_measured,2712,0,0.0
surgery,2024,MISSREASON_EMT_車上_GCS_M__sentinel,2712,0,0.0
surgery,2024,MISSREASON_EMT_車上_GCS_M__invalid_or_out_of_range,2712,0,0.0
surgery,2024,EMT_生命徵象量測次數,2712,310,0.11430678466076696
surgery,2024,MISS_EMT_生命徵象量測次數,2712,0,0.0
surgery,2024,MISSREASON_EMT_生命徵象量測次數__source_missing,2712,0,0.0
surgery,2024,MISSREASON_EMT_生命徵象量測次數__not_measured,2712,0,0.0
surgery,2024,MISSREASON_EMT_生命徵象量測次數__sentinel,2712,0,0.0
surgery,2024,MISSREASON_EMT_生命徵象量測次數__invalid_or_out_of_range,2712,0,0.0
surgery,2024,EMT_問卷_疼痛指數,2712,425,0.1567109144542773
surgery,2024,MISS_EMT_問卷_疼痛指數,2712,0,0.0
surgery,2024,MISSREASON_EMT_問卷_疼痛指數__source_missing,2712,0,0.0
surgery,2024,MISSREASON_EMT_問卷_疼痛指數__not_measured,2712,0,0.0
surgery,2024,MISSREASON_EMT_問卷_疼痛指數__sentinel,2712,0,0.0
surgery,2024,MISSREASON_EMT_問卷_疼痛指數__invalid_or_out_of_range,2712,0,0.0
surgery,2024,EMT_問卷_左瞳孔尺寸mm,2712,365,0.13458702064896755
surgery,2024,MISS_EMT_問卷_左瞳孔尺寸mm,2712,0,0.0
surgery,2024,MISSREASON_EMT_問卷_左瞳孔尺寸mm__source_missing,2712,0,0.0
surgery,2024,MISSREASON_EMT_問卷_左瞳孔尺寸mm__not_measured,2712,0,0.0
surgery,2024,MISSREASON_EMT_問卷_左瞳孔尺寸mm__sentinel,2712,0,0.0
surgery,2024,MISSREASON_EMT_問卷_左瞳孔尺寸mm__invalid_or_out_of_range,2712,0,0.0
surgery,2024,EMT_問卷_右瞳孔尺寸mm,2712,364,0.13421828908554573
surgery,2024,MISS_EMT_問卷_右瞳孔尺寸mm,2712,0,0.0
surgery,2024,MISSREASON_EMT_問卷_右瞳孔尺寸mm__source_missing,2712,0,0.0
surgery,2024,MISSREASON_EMT_問卷_右瞳孔尺寸mm__not_measured,2712,0,0.0
surgery,2024,MISSREASON_EMT_問卷_右瞳孔尺寸mm__sentinel,2712,0,0.0
surgery,2024,MISSREASON_EMT_問卷_右瞳孔尺寸mm__invalid_or_out_of_range,2712,0,0.0
surgery,2024,EMT_問卷_血糖值mgdl,2712,2556,0.9424778761061947
surgery,2024,MISS_EMT_問卷_血糖值mgdl,2712,0,0.0
surgery,2024,MISSREASON_EMT_問卷_血糖值mgdl__source_missing,2712,0,0.0
surgery,2024,MISSREASON_EMT_問卷_血糖值mgdl__not_measured,2712,0,0.0
surgery,2024,MISSREASON_EMT_問卷_血糖值mgdl__sentinel,2712,0,0.0
surgery,2024,MISSREASON_EMT_問卷_血糖值mgdl__invalid_or_out_of_range,2712,0,0.0
surgery,2024,EMT_問卷_氧氣流量Lmin,2712,2644,0.9749262536873157
surgery,2024,MISS_EMT_問卷_氧氣流量Lmin,2712,0,0.0
surgery,2024,MISSREASON_EMT_問卷_氧氣流量Lmin__source_missing,2712,0,0.0
surgery,2024,MISSREASON_EMT_問卷_氧氣流量Lmin__not_measured,2712,0,0.0
surgery,2024,MISSREASON_EMT_問卷_氧氣流量Lmin__sentinel,2712,0,0.0
surgery,2024,MISSREASON_EMT_問卷_氧氣流量Lmin__invalid_or_out_of_range,2712,0,0.0
surgery,2024,EMT_問卷_靜脈輸液量ml,2712,2666,0.9830383480825958
surgery,2024,MISS_EMT_問卷_靜脈輸液量ml,2712,0,0.0
surgery,2024,MISSREASON_EMT_問卷_靜脈輸液量ml__source_missing,2712,0,0.0
surgery,2024,MISSREASON_EMT_問卷_靜脈輸液量ml__not_measured,2712,0,0.0
surgery,2024,MISSREASON_EMT_問卷_靜脈輸液量ml__sentinel,2712,0,0.0
surgery,2024,MISSREASON_EMT_問卷_靜脈輸液量ml__invalid_or_out_of_range,2712,0,0.0
surgery,2024,EMT_體重,2712,328,0.12094395280235988
surgery,2024,MISS_EMT_體重,2712,0,0.0
surgery,2024,MISSREASON_EMT_體重__source_missing,2712,0,0.0
surgery,2024,MISSREASON_EMT_體重__not_measured,2712,0,0.0
surgery,2024,MISSREASON_EMT_體重__sentinel,2712,0,0.0
surgery,2024,MISSREASON_EMT_體重__invalid_or_out_of_range,2712,0,0.0
surgery,2024,EMT_燒燙傷一級%,2712,310,0.11430678466076696
surgery,2024,MISS_EMT_燒燙傷一級%,2712,0,0.0
surgery,2024,MISSREASON_EMT_燒燙傷一級%__source_missing,2712,0,0.0
surgery,2024,MISSREASON_EMT_燒燙傷一級%__not_measured,2712,0,0.0
surgery,2024,MISSREASON_EMT_燒燙傷一級%__sentinel,2712,0,0.0
surgery,2024,MISSREASON_EMT_燒燙傷一級%__invalid_or_out_of_range,2712,0,0.0
surgery,2024,EMT_燒燙傷二級%,2712,310,0.11430678466076696
surgery,2024,MISS_EMT_燒燙傷二級%,2712,0,0.0
surgery,2024,MISSREASON_EMT_燒燙傷二級%__source_missing,2712,0,0.0
surgery,2024,MISSREASON_EMT_燒燙傷二級%__not_measured,2712,0,0.0
surgery,2024,MISSREASON_EMT_燒燙傷二級%__sentinel,2712,0,0.0
surgery,2024,MISSREASON_EMT_燒燙傷二級%__invalid_or_out_of_range,2712,0,0.0
surgery,2024,EMT_燒燙傷三級%,2712,310,0.11430678466076696
surgery,2024,MISS_EMT_燒燙傷三級%,2712,0,0.0
surgery,2024,MISSREASON_EMT_燒燙傷三級%__source_missing,2712,0,0.0
surgery,2024,MISSREASON_EMT_燒燙傷三級%__not_measured,2712,0,0.0
surgery,2024,MISSREASON_EMT_燒燙傷三級%__sentinel,2712,0,0.0
surgery,2024,MISSREASON_EMT_燒燙傷三級%__invalid_or_out_of_range,2712,0,0.0
surgery,2024,EMT_燒燙傷總%,2712,310,0.11430678466076696
surgery,2024,MISS_EMT_燒燙傷總%,2712,0,0.0
surgery,2024,MISSREASON_EMT_燒燙傷總%__source_missing,2712,0,0.0
surgery,2024,MISSREASON_EMT_燒燙傷總%__not_measured,2712,0,0.0
surgery,2024,MISSREASON_EMT_燒燙傷總%__sentinel,2712,0,0.0
surgery,2024,MISSREASON_EMT_燒燙傷總%__invalid_or_out_of_range,2712,0,0.0
surgery,2024,EMT_城市__台北,2712,0,0.0
surgery,2024,EMT_城市__新北,2712,0,0.0
surgery,2024,EMT_城市__OTHER_RARE,2712,0,0.0
surgery,2024,EMT_城市__MISSING,2712,0,0.0
surgery,2024,EMT_性別__女,2712,0,0.0
surgery,2024,EMT_性別__男,2712,0,0.0
surgery,2024,EMT_性別__OTHER_RARE,2712,0,0.0
surgery,2024,EMT_性別__MISSING,2712,0,0.0
surgery,2024,EMT_送醫路由__家屬指定送醫,2712,0,0.0
surgery,2024,EMT_送醫路由__就近適當,2712,0,0.0
surgery,2024,EMT_送醫路由__指揮中心,2712,0,0.0
surgery,2024,EMT_送醫路由__OTHER_RARE,2712,0,0.0
surgery,2024,EMT_送醫路由__MISSING,2712,0,0.0
surgery,2024,EMT_危急個案__0.0,2712,0,0.0
surgery,2024,EMT_危急個案__1.0,2712,0,0.0
surgery,2024,EMT_危急個案__OTHER_RARE,2712,0,0.0
surgery,2024,EMT_危急個案__MISSING,2712,0,0.0
surgery,2024,EMT_發生地區__三峽區,2712,0,0.0
surgery,2024,EMT_發生地區__三重區,2712,0,0.0
surgery,2024,EMT_發生地區__中和區,2712,0,0.0
surgery,2024,EMT_發生地區__土城區,2712,0,0.0
surgery,2024,EMT_發生地區__坪林區,2712,0,0.0
surgery,2024,EMT_發生地區__市文山區,2712,0,0.0
surgery,2024,EMT_發生地區__新店區,2712,0,0.0
surgery,2024,EMT_發生地區__新莊區,2712,0,0.0
surgery,2024,EMT_發生地區__板橋區,2712,0,0.0
surgery,2024,EMT_發生地區__樹林區,2712,0,0.0
surgery,2024,EMT_發生地區__永和區,2712,0,0.0
surgery,2024,EMT_發生地區__深坑區,2712,0,0.0
surgery,2024,EMT_發生地區__烏來區,2712,0,0.0
surgery,2024,EMT_發生地區__石碇區,2712,0,0.0
surgery,2024,EMT_發生地區__蘆洲區,2712,0,0.0
surgery,2024,EMT_發生地區__OTHER_RARE,2712,0,0.0
surgery,2024,EMT_發生地區__MISSING,2712,0,0.0
surgery,2024,EMT_距離_定位信心__Google地標,2712,0,0.0
surgery,2024,EMT_距離_定位信心__區內概略,2712,0,0.0
surgery,2024,EMT_距離_定位信心__國道概略,2712,0,0.0
surgery,2024,EMT_距離_定位信心__無,2712,0,0.0
surgery,2024,EMT_距離_定位信心__號,2712,0,0.0
surgery,2024,EMT_距離_定位信心__路名概略(OSM),2712,0,0.0
surgery,2024,EMT_距離_定位信心__路段中心,2712,0,0.0
surgery,2024,EMT_距離_定位信心__OTHER_RARE,2712,0,0.0
surgery,2024,EMT_距離_定位信心__MISSING,2712,0,0.0
surgery,2024,EMT_現場_意識__否,2712,0,0.0
surgery,2024,EMT_現場_意識__清,2712,0,0.0
surgery,2024,EMT_現場_意識__痛,2712,0,0.0
surgery,2024,EMT_現場_意識__聲,2712,0,0.0
surgery,2024,EMT_現場_意識__OTHER_RARE,2712,0,0.0
surgery,2024,EMT_現場_意識__MISSING,2712,0,0.0
surgery,2024,EMT_派遣分類__BLS,2712,0,0.0
surgery,2024,EMT_派遣分類__OTHER_RARE,2712,0,0.0
surgery,2024,EMT_派遣分類__MISSING,2712,0,0.0
surgery,2024,EMT_派遣原因__救護,2712,0,0.0
surgery,2024,EMT_派遣原因__救護-一般受傷,2712,0,0.0
surgery,2024,EMT_派遣原因__救護-其它,2712,0,0.0
surgery,2024,EMT_派遣原因__救護-割腕,2712,0,0.0
surgery,2024,EMT_派遣原因__救護-吞食藥物,2712,0,0.0
surgery,2024,EMT_派遣原因__救護-孕婦待產,2712,0,0.0
surgery,2024,EMT_派遣原因__救護-急病,2712,0,0.0
surgery,2024,EMT_派遣原因__救護-打架受傷,2712,0,0.0
surgery,2024,EMT_派遣原因__救護-精神異常,2712,0,0.0
surgery,2024,EMT_派遣原因__救護-路倒,2712,0,0.0
surgery,2024,EMT_派遣原因__救護-車禍,2712,0,0.0
surgery,2024,EMT_派遣原因__火警-集合住宅,2712,0,0.0
surgery,2024,EMT_派遣原因__緊急救援-其他,2712,0,0.0
surgery,2024,EMT_派遣原因__緊急救援-車禍救助,2712,0,0.0
surgery,2024,EMT_派遣原因__OTHER_RARE,2712,0,0.0
surgery,2024,EMT_派遣原因__MISSING,2712,0,0.0
surgery,2024,EMT_問卷_創傷導致的主訴群__肢體麻痺,2712,0,0.0
surgery,2024,EMT_問卷_創傷導致的主訴群__背部疼痛,2712,0,0.0
surgery,2024,EMT_問卷_創傷導致的主訴群__胸痛/悶,2712,0,0.0
surgery,2024,EMT_問卷_創傷導致的主訴群__OTHER_RARE,2712,0,0.0
surgery,2024,EMT_問卷_創傷導致的主訴群__MISSING,2712,0,0.0
surgery,2024,EMT_問卷_頸椎固定__GCS<15,2712,0,0.0
surgery,2024,EMT_問卷_頸椎固定__檢查無明顯異常,2712,0,0.0
surgery,2024,EMT_問卷_頸椎固定__肢體運動感覺異常,2712,0,0.0
surgery,2024,EMT_問卷_頸椎固定__轉向困難,2712,0,0.0
surgery,2024,EMT_問卷_頸椎固定__頸椎瘀青疼痛,2712,0,0.0
surgery,2024,EMT_問卷_頸椎固定__OTHER_RARE,2712,0,0.0
surgery,2024,EMT_問卷_頸椎固定__MISSING,2712,0,0.0
surgery,2024,EMT_問卷_膚色__其他,2712,0,0.0
surgery,2024,EMT_問卷_膚色__正常,2712,0,0.0
surgery,2024,EMT_問卷_膚色__溼冷,2712,0,0.0
surgery,2024,EMT_問卷_膚色__潮紅,2712,0,0.0
surgery,2024,EMT_問卷_膚色__發紺,2712,0,0.0
surgery,2024,EMT_問卷_膚色__蒼白,2712,0,0.0
surgery,2024,EMT_問卷_膚色__蒼白、溼冷,2712,0,0.0
surgery,2024,EMT_問卷_膚色__黃疸,2712,0,0.0
surgery,2024,EMT_問卷_膚色__OTHER_RARE,2712,0,0.0
surgery,2024,EMT_問卷_膚色__MISSING,2712,0,0.0
surgery,2024,EMT_問卷_左瞳孔光反射__+,2712,0,0.0
surgery,2024,EMT_問卷_左瞳孔光反射__-,2712,0,0.0
surgery,2024,EMT_問卷_左瞳孔光反射__無法測量,2712,0,0.0
surgery,2024,EMT_問卷_左瞳孔光反射__眼疾,2712,0,0.0
surgery,2024,EMT_問卷_左瞳孔光反射__OTHER_RARE,2712,0,0.0
surgery,2024,EMT_問卷_左瞳孔光反射__MISSING,2712,0,0.0
surgery,2024,EMT_問卷_右瞳孔光反射__+,2712,0,0.0
surgery,2024,EMT_問卷_右瞳孔光反射__-,2712,0,0.0
surgery,2024,EMT_問卷_右瞳孔光反射__無法測量,2712,0,0.0
surgery,2024,EMT_問卷_右瞳孔光反射__眼疾,2712,0,0.0
surgery,2024,EMT_問卷_右瞳孔光反射__OTHER_RARE,2712,0,0.0
surgery,2024,EMT_問卷_右瞳孔光反射__MISSING,2712,0,0.0
surgery,2024,EMT_問卷_氣管位置__其他,2712,0,0.0
surgery,2024,EMT_問卷_氣管位置__正常,2712,0,0.0
surgery,2024,EMT_問卷_氣管位置__OTHER_RARE,2712,0,0.0
surgery,2024,EMT_問卷_氣管位置__MISSING,2712,0,0.0
surgery,2024,EMT_問卷_頸靜脈怒張__其他,2712,0,0.0
surgery,2024,EMT_問卷_頸靜脈怒張__有,2712,0,0.0
surgery,2024,EMT_問卷_頸靜脈怒張__無,2712,0,0.0
surgery,2024,EMT_問卷_頸靜脈怒張__OTHER_RARE,2712,0,0.0
surgery,2024,EMT_問卷_頸靜脈怒張__MISSING,2712,0,0.0
surgery,2024,EMT_問卷_血糖狀態__High,2712,0,0.0
surgery,2024,EMT_問卷_血糖狀態__Low,2712,0,0.0
surgery,2024,EMT_問卷_血糖狀態__否,2712,0,0.0
surgery,2024,EMT_問卷_血糖狀態__否、其他,2712,0,0.0
surgery,2024,EMT_問卷_血糖狀態__否、創傷,2712,0,0.0
surgery,2024,EMT_問卷_血糖狀態__否、拒絕,2712,0,0.0
surgery,2024,EMT_問卷_血糖狀態__否、躁動,2712,0,0.0
surgery,2024,EMT_問卷_血糖狀態__血糖值紀錄,2712,0,0.0
surgery,2024,EMT_問卷_血糖狀態__OTHER_RARE,2712,0,0.0
surgery,2024,EMT_問卷_血糖狀態__MISSING,2712,0,0.0
surgery,2024,EMT_問卷_靜脈輸液種類__0.9%N.S.,2712,0,0.0
surgery,2024,EMT_問卷_靜脈輸液種類__5%G.W.,2712,0,0.0
surgery,2024,EMT_問卷_靜脈輸液種類__50%G.W.,2712,0,0.0
surgery,2024,EMT_問卷_靜脈輸液種類__IV,2712,0,0.0
surgery,2024,EMT_問卷_靜脈輸液種類__OTHER_RARE,2712,0,0.0
surgery,2024,EMT_問卷_靜脈輸液種類__MISSING,2712,0,0.0
surgery,2024,EMT_推定派遣類別__中毒/自傷,2712,0,0.0
surgery,2024,EMT_推定派遣類別__交通事故傷,2712,0,0.0
surgery,2024,EMT_推定派遣類別__內科急病,2712,0,0.0
surgery,2024,EMT_推定派遣類別__其他外傷,2712,0,0.0
surgery,2024,EMT_推定派遣類別__精神行為異常,2712,0,0.0
surgery,2024,EMT_推定派遣類別__路倒/無意識,2712,0,0.0
surgery,2024,EMT_推定派遣類別__OTHER_RARE,2712,0,0.0
surgery,2024,EMT_推定派遣類別__MISSING,2712,0,0.0
surgery,2024,EMT_有燒燙傷__False,2712,0,0.0
surgery,2024,EMT_有燒燙傷__True,2712,0,0.0
surgery,2024,EMT_有燒燙傷__OTHER_RARE,2712,0,0.0
surgery,2024,EMT_有燒燙傷__MISSING,2712,0,0.0
surgery,2024,EMT_心律臆斷__Atrial fibrillation,2712,0,0.0
surgery,2024,EMT_心律臆斷__Normal Sinus Rhythm,2712,0,0.0
surgery,2024,EMT_心律臆斷__ST段下降,2712,0,0.0
surgery,2024,EMT_心律臆斷__Sinus Bradycardia,2712,0,0.0
surgery,2024,EMT_心律臆斷__Sinus Tachycardia,2712,0,0.0
surgery,2024,EMT_心律臆斷__其他波形,2712,0,0.0
surgery,2024,EMT_心律臆斷__OTHER_RARE,2712,0,0.0
surgery,2024,EMT_心律臆斷__MISSING,2712,0,0.0
surgery,2024,"EMT_台北_創傷類型__創傷-一般外傷,肢體外傷,摔跌傷",2712,0,0.0
surgery,2024,"EMT_台北_創傷類型__創傷-一般外傷,頭部外傷,摔跌傷",2712,0,0.0
surgery,2024,EMT_台北_創傷類型__創傷-交通事故(機車),2712,0,0.0
surgery,2024,"EMT_台北_創傷類型__非創傷-一般疾病,噁心嘔吐腹瀉",2712,0,0.0
surgery,2024,"EMT_台北_創傷類型__非創傷-一般疾病,肢體無力",2712,0,0.0
surgery,2024,"EMT_台北_創傷類型__非創傷-一般疾病,頭痛頭暈昏倒昏厥",2712,0,0.0
surgery,2024,EMT_台北_創傷類型__非創傷-呼吸問題,2712,0,0.0
surgery,2024,EMT_台北_創傷類型__非創傷-昏迷,2712,0,0.0
surgery,2024,EMT_台北_創傷類型__非創傷-腹痛,2712,0,0.0
surgery,2024,EMT_台北_創傷類型__OTHER_RARE,2712,0,0.0
surgery,2024,EMT_台北_創傷類型__MISSING,2712,0,0.0
surgery,2024,EMT_特殊表類型__OHCA,2712,0,0.0
surgery,2024,EMT_特殊表類型__呼吸喘/慢/使用呼吸輔助肌肉,2712,0,0.0
surgery,2024,EMT_特殊表類型__心臟不適,2712,0,0.0
surgery,2024,EMT_特殊表類型__癲癇重積,2712,0,0.0
surgery,2024,EMT_特殊表類型__腦中風評估,2712,0,0.0
surgery,2024,EMT_特殊表類型__過敏性休克,2712,0,0.0
surgery,2024,EMT_特殊表類型__OTHER_RARE,2712,0,0.0
surgery,2024,EMT_特殊表類型__MISSING,2712,0,0.0
surgery,2024,EMT_台北_心梗登錄__OTHER_RARE,2712,0,0.0
surgery,2024,EMT_台北_心梗登錄__MISSING,2712,0,0.0
surgery,2024,EMT_台北_中風登錄__OTHER_RARE,2712,0,0.0
surgery,2024,EMT_台北_中風登錄__MISSING,2712,0,0.0
surgery,2024,EMT_台北_CPR停止登錄__OTHER_RARE,2712,0,0.0
surgery,2024,EMT_台北_CPR停止登錄__MISSING,2712,0,0.0
surgery,2024,EMT_問卷_交通事故患者__乘客,2712,0,0.0
surgery,2024,EMT_問卷_交通事故患者__行人,2712,0,0.0
surgery,2024,EMT_問卷_交通事故患者__駕駛,2712,0,0.0
surgery,2024,EMT_問卷_交通事故患者__OTHER_RARE,2712,0,0.0
surgery,2024,EMT_問卷_交通事故患者__MISSING,2712,0,0.0
surgery,2024,EMT_問卷_交通事故種類__人,2712,0,0.0
surgery,2024,EMT_問卷_交通事故種類__人、其他,2712,0,0.0
surgery,2024,EMT_問卷_交通事故種類__其他,2712,0,0.0
surgery,2024,EMT_問卷_交通事故種類__機車,2712,0,0.0
surgery,2024,EMT_問卷_交通事故種類__機車、人,2712,0,0.0
surgery,2024,EMT_問卷_交通事故種類__機車、人、其他,2712,0,0.0
surgery,2024,EMT_問卷_交通事故種類__機車、其他,2712,0,0.0
surgery,2024,EMT_問卷_交通事故種類__機車、腳踏車,2712,0,0.0
surgery,2024,EMT_問卷_交通事故種類__機車、腳踏車、其他,2712,0,0.0
surgery,2024,EMT_問卷_交通事故種類__汽車,2712,0,0.0
surgery,2024,EMT_問卷_交通事故種類__汽車、人,2712,0,0.0
surgery,2024,EMT_問卷_交通事故種類__汽車、人、其他,2712,0,0.0
surgery,2024,EMT_問卷_交通事故種類__汽車、其他,2712,0,0.0
surgery,2024,EMT_問卷_交通事故種類__汽車、機車,2712,0,0.0
surgery,2024,EMT_問卷_交通事故種類__汽車、機車、其他,2712,0,0.0
surgery,2024,EMT_問卷_交通事故種類__汽車、腳踏車,2712,0,0.0
surgery,2024,EMT_問卷_交通事故種類__腳踏車,2712,0,0.0
surgery,2024,EMT_問卷_交通事故種類__腳踏車、其他,2712,0,0.0
surgery,2024,EMT_問卷_交通事故種類__OTHER_RARE,2712,0,0.0
surgery,2024,EMT_問卷_交通事故種類__MISSING,2712,0,0.0
surgery,2024,EMT_問卷_保護裝置狀態__安全帶,2712,0,0.0
surgery,2024,EMT_問卷_保護裝置狀態__安全帽,2712,0,0.0
surgery,2024,EMT_問卷_保護裝置狀態__無,2712,0,0.0
surgery,2024,EMT_問卷_保護裝置狀態__OTHER_RARE,2712,0,0.0
surgery,2024,EMT_問卷_保護裝置狀態__MISSING,2712,0,0.0
surgery,2024,EMT_問卷_非交通事故種類__其他,2712,0,0.0
surgery,2024,EMT_問卷_非交通事故種類__切割,2712,0,0.0
surgery,2024,EMT_問卷_非交通事故種類__墜落,2712,0,0.0
surgery,2024,EMT_問卷_非交通事故種類__壓夾,2712,0,0.0
surgery,2024,EMT_問卷_非交通事故種類__撞擊,2712,0,0.0
surgery,2024,EMT_問卷_非交通事故種類__生物咬螫,2712,0,0.0
surgery,2024,EMT_問卷_非交通事故種類__跌摔,2712,0,0.0
surgery,2024,EMT_問卷_非交通事故種類__鈍毆,2712,0,0.0
surgery,2024,EMT_問卷_非交通事故種類__OTHER_RARE,2712,0,0.0
surgery,2024,EMT_問卷_非交通事故種類__MISSING,2712,0,0.0
surgery,2024,EMT_問卷_危急個案__否,2712,0,0.0
surgery,2024,EMT_問卷_危急個案__是,2712,0,0.0
surgery,2024,EMT_問卷_危急個案__OTHER_RARE,2712,0,0.0
surgery,2024,EMT_問卷_危急個案__MISSING,2712,0,0.0
surgery,2024,EMT_現場_意識_AVPU,2712,0,0.0
surgery,2024,EMT_過去病史__HIV(+),2712,0,0.0
surgery,2024,EMT_過去病史__不詳,2712,0,0.0
surgery,2024,EMT_過去病史__其他,2712,0,0.0
surgery,2024,EMT_過去病史__心臟疾病,2712,0,0.0
surgery,2024,EMT_過去病史__惡性腫瘤,2712,0,0.0
surgery,2024,EMT_過去病史__氣喘,2712,0,0.0
surgery,2024,EMT_過去病史__癲癇,2712,0,0.0
surgery,2024,EMT_過去病史__精神疾病,2712,0,0.0
surgery,2024,EMT_過去病史__糖尿病,2712,0,0.0
surgery,2024,EMT_過去病史__肝臟疾病,2712,0,0.0
surgery,2024,EMT_過去病史__肺臟疾病,2712,0,0.0
surgery,2024,EMT_過去病史__腎臟疾病,2712,0,0.0
surgery,2024,EMT_過去病史__腦血管疾病,2712,0,0.0
surgery,2024,EMT_過去病史__高血壓,2712,0,0.0
surgery,2024,EMT_過去病史__OTHER_RARE,2712,0,0.0
surgery,2024,EMT_過去病史__source_available,2712,0,0.0
surgery,2024,EMT_過去病史__explicit_none,2712,0,0.0
surgery,2024,EMT_過去病史__source_missing,2712,0,0.0
surgery,2024,EMT_過敏史__不清楚,2712,0,0.0
surgery,2024,EMT_過敏史__不詳,2712,0,0.0
surgery,2024,EMT_過敏史__其他,2712,0,0.0
surgery,2024,EMT_過敏史__藥物,2712,0,0.0
surgery,2024,EMT_過敏史__食物,2712,0,0.0
surgery,2024,EMT_過敏史__OTHER_RARE,2712,0,0.0
surgery,2024,EMT_過敏史__source_available,2712,0,0.0
surgery,2024,EMT_過敏史__explicit_none,2712,0,0.0
surgery,2024,EMT_過敏史__source_missing,2712,0,0.0
surgery,2024,EMT_主訴_結構化__OHCA,2712,0,0.0
surgery,2024,EMT_主訴_結構化__上腹痛,2712,0,0.0
surgery,2024,EMT_主訴_結構化__下腹痛,2712,0,0.0
surgery,2024,EMT_主訴_結構化__其他,2712,0,0.0
surgery,2024,EMT_主訴_結構化__冒冷汗,2712,0,0.0
surgery,2024,EMT_主訴_結構化__吐.咳血,2712,0,0.0
surgery,2024,EMT_主訴_結構化__呼吸喘.慢.使用輔助肌,2712,0,0.0
surgery,2024,EMT_主訴_結構化__呼吸道梗塞,2712,0,0.0
surgery,2024,EMT_主訴_結構化__嘔吐.噁心,2712,0,0.0
surgery,2024,EMT_主訴_結構化__心臟不適,2712,0,0.0
surgery,2024,EMT_主訴_結構化__急產,2712,0,0.0
surgery,2024,EMT_主訴_結構化__急產（接生）,2712,0,0.0
surgery,2024,EMT_主訴_結構化__挫.擦傷,2712,0,0.0
surgery,2024,EMT_主訴_結構化__撕裂.切割傷,2712,0,0.0
surgery,2024,EMT_主訴_結構化__斷肢,2712,0,0.0
surgery,2024,EMT_主訴_結構化__昏厥,2712,0,0.0
surgery,2024,EMT_主訴_結構化__無意識.意識不清,2712,0,0.0
surgery,2024,EMT_主訴_結構化__燒燙傷,2712,0,0.0
surgery,2024,EMT_主訴_結構化__疑似一氧化碳中毒,2712,0,0.0
surgery,2024,EMT_主訴_結構化__疑似毒物.氣中毒,2712,0,0.0
surgery,2024,EMT_主訴_結構化__疑似藥物過量,2712,0,0.0
surgery,2024,EMT_主訴_結構化__癲癇.抽搐,2712,0,0.0
surgery,2024,EMT_主訴_結構化__發燒.發冷,2712,0,0.0
surgery,2024,EMT_主訴_結構化__碎裂傷,2712,0,0.0
surgery,2024,EMT_主訴_結構化__穿刺傷,2712,0,0.0
surgery,2024,EMT_主訴_結構化__肢體無力,2712,0,0.0
surgery,2024,EMT_主訴_結構化__肢體疼痛,2712,0,0.0
surgery,2024,EMT_主訴_結構化__肢體麻痺,2712,0,0.0
surgery,2024,EMT_主訴_結構化__背.肩痛,2712,0,0.0
surgery,2024,EMT_主訴_結構化__胸痛.悶,2712,0,0.0
surgery,2024,EMT_主訴_結構化__腹瀉,2712,0,0.0
surgery,2024,EMT_主訴_結構化__虛弱,2712,0,0.0
surgery,2024,EMT_主訴_結構化__血便.尿,2712,0,0.0
surgery,2024,EMT_主訴_結構化__血腫,2712,0,0.0
surgery,2024,EMT_主訴_結構化__行為神智異常,2712,0,0.0
surgery,2024,EMT_主訴_結構化__過敏,2712,0,0.0
surgery,2024,EMT_主訴_結構化__非外傷出血,2712,0,0.0
surgery,2024,EMT_主訴_結構化__頭暈,2712,0,0.0
surgery,2024,EMT_主訴_結構化__頭痛,2712,0,0.0
surgery,2024,EMT_主訴_結構化__骨折.脫位,2712,0,0.0
surgery,2024,EMT_主訴_結構化__OTHER_RARE,2712,0,0.0
surgery,2024,EMT_主訴_結構化__source_available,2712,0,0.0
surgery,2024,EMT_主訴_結構化__explicit_none,2712,0,0.0
surgery,2024,EMT_主訴_結構化__source_missing,2712,0,0.0
surgery,2024,EMT_紅旗__DNR.放棄急救,2712,0,0.0
surgery,2024,EMT_紅旗__休克.低血壓,2712,0,0.0
surgery,2024,EMT_紅旗__呼吸窘迫.低血氧,2712,0,0.0
surgery,2024,EMT_紅旗__大出血,2712,0,0.0
surgery,2024,EMT_紅旗__心跳呼吸停止.PEA,2712,0,0.0
surgery,2024,EMT_紅旗__意識改變,2712,0,0.0
surgery,2024,EMT_紅旗__抽搐,2712,0,0.0
surgery,2024,EMT_紅旗__疑似中風,2712,0,0.0
surgery,2024,EMT_紅旗__胸痛疑似ACS,2712,0,0.0
surgery,2024,EMT_紅旗__OTHER_RARE,2712,0,0.0
surgery,2024,EMT_紅旗__source_available,2712,0,0.0
surgery,2024,EMT_紅旗__explicit_none,2712,0,0.0
surgery,2024,EMT_紅旗__source_missing,2712,0,0.0
surgery,2024,EMT_創傷機轉_合併__交通-機車,2712,0,0.0
surgery,2024,EMT_創傷機轉_合併__交通-汽車,2712,0,0.0
surgery,2024,EMT_創傷機轉_合併__交通-腳踏車,2712,0,0.0
surgery,2024,EMT_創傷機轉_合併__交通-行人,2712,0,0.0
surgery,2024,EMT_創傷機轉_合併__其他外傷,2712,0,0.0
surgery,2024,EMT_創傷機轉_合併__燒燙,2712,0,0.0
surgery,2024,EMT_創傷機轉_合併__生物咬螫,2712,0,0.0
surgery,2024,EMT_創傷機轉_合併__穿刺切割,2712,0,0.0
surgery,2024,EMT_創傷機轉_合併__跌落墜落,2712,0,0.0
surgery,2024,EMT_創傷機轉_合併__鈍傷撞擊,2712,0,0.0
surgery,2024,EMT_創傷機轉_合併__OTHER_RARE,2712,0,0.0
surgery,2024,EMT_創傷機轉_合併__source_available,2712,0,0.0
surgery,2024,EMT_創傷機轉_合併__explicit_none,2712,0,0.0
surgery,2024,EMT_創傷機轉_合併__source_missing,2712,0,0.0
surgery,2024,EMT_處置_合併__CPR,2712,0,0.0
surgery,2024,EMT_處置_合併__保暖,2712,0,0.0
surgery,2024,EMT_處置_合併__傷口處置,2712,0,0.0
surgery,2024,EMT_處置_合併__固定,2712,0,0.0
surgery,2024,EMT_處置_合併__心理支持,2712,0,0.0
surgery,2024,EMT_處置_合併__生命徵象監測,2712,0,0.0
surgery,2024,EMT_處置_合併__給氧,2712,0,0.0
surgery,2024,EMT_處置_合併__給藥,2712,0,0.0
surgery,2024,EMT_處置_合併__OTHER_RARE,2712,0,0.0
surgery,2024,EMT_處置_合併__source_available,2712,0,0.0
surgery,2024,EMT_處置_合併__explicit_none,2712,0,0.0
surgery,2024,EMT_處置_合併__source_missing,2712,0,0.0
surgery,2024,EMT_特殊表登錄_合併__ACS,2712,0,0.0
surgery,2024,EMT_特殊表登錄_合併__CVA,2712,0,0.0
surgery,2024,EMT_特殊表登錄_合併__OHCA,2712,0,0.0
surgery,2024,EMT_特殊表登錄_合併__呼吸窘迫,2712,0,0.0
surgery,2024,EMT_特殊表登錄_合併__癲癇重積,2712,0,0.0
surgery,2024,EMT_特殊表登錄_合併__過敏性休克,2712,0,0.0
surgery,2024,EMT_特殊表登錄_合併__OTHER_RARE,2712,0,0.0
surgery,2024,EMT_特殊表登錄_合併__source_available,2712,0,0.0
surgery,2024,EMT_特殊表登錄_合併__explicit_none,2712,0,0.0
surgery,2024,EMT_特殊表登錄_合併__source_missing,2712,0,0.0
surgery,2024,EMT_問卷_一般處置__下肢抬高,2712,0,0.0
surgery,2024,EMT_問卷_一般處置__保暖,2712,0,0.0
surgery,2024,EMT_問卷_一般處置__其他,2712,0,0.0
surgery,2024,EMT_問卷_一般處置__半坐臥,2712,0,0.0
surgery,2024,EMT_問卷_一般處置__心律監視,2712,0,0.0
surgery,2024,EMT_問卷_一般處置__心理支持,2712,0,0.0
surgery,2024,EMT_問卷_一般處置__生命徵象監測,2712,0,0.0
surgery,2024,EMT_問卷_一般處置__生產/左側臥,2712,0,0.0
surgery,2024,EMT_問卷_一般處置__OTHER_RARE,2712,0,0.0
surgery,2024,EMT_問卷_一般處置__source_available,2712,0,0.0
surgery,2024,EMT_問卷_一般處置__explicit_none,2712,0,0.0
surgery,2024,EMT_問卷_一般處置__source_missing,2712,0,0.0
surgery,2024,EMT_問卷_呼吸給氧裝置__NRM,2712,0,0.0
surgery,2024,EMT_問卷_呼吸給氧裝置__口咽呼吸道,2712,0,0.0
surgery,2024,EMT_問卷_呼吸給氧裝置__正壓給氧,2712,0,0.0
surgery,2024,EMT_問卷_呼吸給氧裝置__氧氣面罩,2712,0,0.0
surgery,2024,EMT_問卷_呼吸給氧裝置__氧氣鼻管,2712,0,0.0
surgery,2024,EMT_問卷_呼吸給氧裝置__鼻咽呼吸道,2712,0,0.0
surgery,2024,EMT_問卷_呼吸給氧裝置__OTHER_RARE,2712,0,0.0
surgery,2024,EMT_問卷_呼吸給氧裝置__source_available,2712,0,0.0
surgery,2024,EMT_問卷_呼吸給氧裝置__explicit_none,2712,0,0.0
surgery,2024,EMT_問卷_呼吸給氧裝置__source_missing,2712,0,0.0
surgery,2024,EMT_問卷_創傷處置__KED固定,2712,0,0.0
surgery,2024,EMT_問卷_創傷處置__包紮止血,2712,0,0.0
surgery,2024,EMT_問卷_創傷處置__夾板\三角巾,2712,0,0.0
surgery,2024,EMT_問卷_創傷處置__抽吸式護木,2712,0,0.0
surgery,2024,EMT_問卷_創傷處置__清洗傷口,2712,0,0.0
surgery,2024,EMT_問卷_創傷處置__長背板\頭部固定,2712,0,0.0
surgery,2024,EMT_問卷_創傷處置__頸圈,2712,0,0.0
surgery,2024,EMT_問卷_創傷處置__OTHER_RARE,2712,0,0.0
surgery,2024,EMT_問卷_創傷處置__source_available,2712,0,0.0
surgery,2024,EMT_問卷_創傷處置__explicit_none,2712,0,0.0
surgery,2024,EMT_問卷_創傷處置__source_missing,2712,0,0.0
surgery,2024,EMT_問卷_加護處置__0.9%N.S.,2712,0,0.0
surgery,2024,EMT_問卷_加護處置__5%G.W.,2712,0,0.0
surgery,2024,EMT_問卷_加護處置__50%G.W.,2712,0,0.0
surgery,2024,EMT_問卷_加護處置__Berotec支氣管擴張劑,2712,0,0.0
surgery,2024,EMT_問卷_加護處置__IV,2712,0,0.0
surgery,2024,EMT_問卷_加護處置__不建議AED電擊,2712,0,0.0
surgery,2024,EMT_問卷_加護處置__糖粉（水）,2712,0,0.0
surgery,2024,EMT_問卷_加護處置__OTHER_RARE,2712,0,0.0
surgery,2024,EMT_問卷_加護處置__source_available,2712,0,0.0
surgery,2024,EMT_問卷_加護處置__explicit_none,2712,0,0.0
surgery,2024,EMT_問卷_加護處置__source_missing,2712,0,0.0
surgery,2024,EMT_台北_呼吸處置__OTHER_RARE,2712,0,0.0
surgery,2024,EMT_台北_呼吸處置__source_available,2712,0,0.0
surgery,2024,EMT_台北_呼吸處置__explicit_none,2712,0,0.0
surgery,2024,EMT_台北_呼吸處置__source_missing,2712,0,0.0
surgery,2024,EMT_台北_CPR處置__OTHER_RARE,2712,0,0.0
surgery,2024,EMT_台北_CPR處置__source_available,2712,0,0.0
surgery,2024,EMT_台北_CPR處置__explicit_none,2712,0,0.0
surgery,2024,EMT_台北_CPR處置__source_missing,2712,0,0.0
surgery,2024,EMT_台北_藥物處置__OTHER_RARE,2712,0,0.0
surgery,2024,EMT_台北_藥物處置__source_available,2712,0,0.0
surgery,2024,EMT_台北_藥物處置__explicit_none,2712,0,0.0
surgery,2024,EMT_台北_藥物處置__source_missing,2712,0,0.0
surgery,2024,EMT_台北_創傷處置__包紮,2712,0,0.0
surgery,2024,EMT_台北_創傷處置__止血,2712,0,0.0
surgery,2024,EMT_台北_創傷處置__清洗傷口,2712,0,0.0
surgery,2024,EMT_台北_創傷處置__OTHER_RARE,2712,0,0.0
surgery,2024,EMT_台北_創傷處置__source_available,2712,0,0.0
surgery,2024,EMT_台北_創傷處置__explicit_none,2712,0,0.0
surgery,2024,EMT_台北_創傷處置__source_missing,2712,0,0.0
surgery,2024,EMT_台北_後送姿勢__半坐臥,2712,0,0.0
surgery,2024,EMT_台北_後送姿勢__平躺,2712,0,0.0
surgery,2024,EMT_台北_後送姿勢__OTHER_RARE,2712,0,0.0
surgery,2024,EMT_台北_後送姿勢__source_available,2712,0,0.0
surgery,2024,EMT_台北_後送姿勢__explicit_none,2712,0,0.0
surgery,2024,EMT_台北_後送姿勢__source_missing,2712,0,0.0
surgery,2024,EMT_台北_其他處置__保暖,2712,0,0.0
surgery,2024,EMT_台北_其他處置__心理支持,2712,0,0.0
surgery,2024,EMT_台北_其他處置__OTHER_RARE,2712,0,0.0
surgery,2024,EMT_台北_其他處置__source_available,2712,0,0.0
surgery,2024,EMT_台北_其他處置__explicit_none,2712,0,0.0
surgery,2024,EMT_台北_其他處置__source_missing,2712,0,0.0
surgery,2024,EMT_台北_給藥__OTHER_RARE,2712,0,0.0
surgery,2024,EMT_台北_給藥__source_available,2712,0,0.0
surgery,2024,EMT_台北_給藥__explicit_none,2712,0,0.0
surgery,2024,EMT_台北_給藥__source_missing,2712,0,0.0
surgery,2024,EMT_補述_紅旗__DNR.放棄急救,2712,0,0.0
surgery,2024,EMT_補述_紅旗__休克.低血壓,2712,0,0.0
surgery,2024,EMT_補述_紅旗__呼吸窘迫.低血氧,2712,0,0.0
surgery,2024,EMT_補述_紅旗__大出血,2712,0,0.0
surgery,2024,EMT_補述_紅旗__心跳呼吸停止.PEA,2712,0,0.0
surgery,2024,EMT_補述_紅旗__意識改變,2712,0,0.0
surgery,2024,EMT_補述_紅旗__抽搐,2712,0,0.0
surgery,2024,EMT_補述_紅旗__疑似中風,2712,0,0.0
surgery,2024,EMT_補述_紅旗__胸痛疑似ACS,2712,0,0.0
surgery,2024,EMT_補述_紅旗__OTHER_RARE,2712,0,0.0
surgery,2024,EMT_補述_紅旗__source_available,2712,0,0.0
surgery,2024,EMT_補述_紅旗__explicit_none,2712,0,0.0
surgery,2024,EMT_補述_紅旗__source_missing,2712,0,0.0
surgery,2024,EMT_問卷_過去病史__HIV(+),2712,0,0.0
surgery,2024,EMT_問卷_過去病史__不詳,2712,0,0.0
surgery,2024,EMT_問卷_過去病史__其他,2712,0,0.0
surgery,2024,EMT_問卷_過去病史__心臟疾病,2712,0,0.0
surgery,2024,EMT_問卷_過去病史__惡性腫瘤,2712,0,0.0
surgery,2024,EMT_問卷_過去病史__氣喘,2712,0,0.0
surgery,2024,EMT_問卷_過去病史__癲癇,2712,0,0.0
surgery,2024,EMT_問卷_過去病史__精神疾病,2712,0,0.0
surgery,2024,EMT_問卷_過去病史__糖尿病,2712,0,0.0
surgery,2024,EMT_問卷_過去病史__肝臟疾病,2712,0,0.0
surgery,2024,EMT_問卷_過去病史__肺臟疾病,2712,0,0.0
surgery,2024,EMT_問卷_過去病史__腎臟疾病,2712,0,0.0
surgery,2024,EMT_問卷_過去病史__腦血管疾病,2712,0,0.0
surgery,2024,EMT_問卷_過去病史__高血壓,2712,0,0.0
surgery,2024,EMT_問卷_過去病史__OTHER_RARE,2712,0,0.0
surgery,2024,EMT_問卷_過去病史__source_available,2712,0,0.0
surgery,2024,EMT_問卷_過去病史__explicit_none,2712,0,0.0
surgery,2024,EMT_問卷_過去病史__source_missing,2712,0,0.0
surgery,2024,EMT_問卷_過敏史__不詳,2712,0,0.0
surgery,2024,EMT_問卷_過敏史__其他,2712,0,0.0
surgery,2024,EMT_問卷_過敏史__藥物,2712,0,0.0
surgery,2024,EMT_問卷_過敏史__食物,2712,0,0.0
surgery,2024,EMT_問卷_過敏史__OTHER_RARE,2712,0,0.0
surgery,2024,EMT_問卷_過敏史__source_available,2712,0,0.0
surgery,2024,EMT_問卷_過敏史__explicit_none,2712,0,0.0
surgery,2024,EMT_問卷_過敏史__source_missing,2712,0,0.0
surgery,2024,has_oxygen,2712,2626,0.9682890855457227
surgery,2024,has_ventilatory_support,2712,2623,0.9671828908554573
surgery,2024,has_airway_adjunct,2712,2623,0.9671828908554573
surgery,2024,has_advanced_airway,2712,2623,0.9671828908554573
surgery,2024,has_ALS_procedure,2712,2344,0.8643067846607669
surgery,2024,EMT_現場_收縮壓_ord,2712,5,0.0018436578171091445
surgery,2024,EMT_現場_收縮壓_for_score,2712,19,0.007005899705014749
surgery,2024,EMT_車上_收縮壓_for_score,2712,331,0.12205014749262537
surgery,2024,EMT_現場_收縮壓_unmeasurable,2712,0,0.0
surgery,2024,EMT_車上_收縮壓_unmeasurable,2712,0,0.0
surgery,2024,MISS_EMT_現場_收縮壓_for_score,2712,0,0.0
surgery,2024,MISS_EMT_車上_收縮壓_for_score,2712,0,0.0
surgery,2024,prehosp_sbp,2712,15,0.0055309734513274336
surgery,2024,prehosp_dbp,2712,382,0.14085545722713863
surgery,2024,prehosp_hr,2712,20,0.007374631268436578
surgery,2024,prehosp_rr,2712,20,0.007374631268436578
surgery,2024,prehosp_spo2,2712,22,0.008112094395280236
surgery,2024,prehosp_bt,2712,23,0.008480825958702065
surgery,2024,prehosp_gcs,2712,21,0.007743362831858407
surgery,2024,prehosp_gcs_e,2712,21,0.007743362831858407
surgery,2024,prehosp_gcs_v,2712,21,0.007743362831858407
surgery,2024,prehosp_gcs_m,2712,21,0.007743362831858407
surgery,2024,is_OHCA_hr0,2712,0,0.0
surgery,2024,現場時間,2712,5,0.0018436578171091445
surgery,2024,運送時間,2712,4,0.0014749262536873156
surgery,2024,派遣時間,2712,312,0.11504424778761062
surgery,2024,總到院前時間,2712,312,0.11504424778761062
surgery,2024,MISS_現場時間,2712,0,0.0
surgery,2024,MISS_運送時間,2712,0,0.0
surgery,2024,MISS_派遣時間,2712,0,0.0
surgery,2024,MISS_總到院前時間,2712,0,0.0
surgery,2024,MAP,2712,382,0.14085545722713863
surgery,2024,MISS_MAP,2712,0,0.0
surgery,2024,SI,2712,23,0.008480825958702065
surgery,2024,MISS_SI,2712,0,0.0
surgery,2024,mSI,2712,382,0.14085545722713863
surgery,2024,MISS_mSI,2712,0,0.0
surgery,2024,aSI,2712,26,0.009587020648967551
surgery,2024,MISS_aSI,2712,0,0.0
surgery,2024,rSI,2712,23,0.008480825958702065
surgery,2024,MISS_rSI,2712,0,0.0
surgery,2024,rSIG,2712,24,0.008849557522123894
surgery,2024,MISS_rSIG,2712,0,0.0
surgery,2024,rSIG_Age,2712,27,0.00995575221238938
surgery,2024,MISS_rSIG_Age,2712,0,0.0
surgery,2024,SI_G,2712,24,0.008849557522123894
surgery,2024,MISS_SI_G,2712,0,0.0
surgery,2024,SIA_G,2712,27,0.00995575221238938
surgery,2024,MISS_SIA_G,2712,0,0.0
surgery,2024,SIAVPU,2712,23,0.008480825958702065
surgery,2024,MISS_SIAVPU,2712,0,0.0
surgery,2024,sMS,2712,21,0.007743362831858407
surgery,2024,MISS_sMS,2712,0,0.0
surgery,2024,rSI_sMS,2712,24,0.008849557522123894
surgery,2024,MISS_rSI_sMS,2712,0,0.0
surgery,2024,rSI_GCS,2712,24,0.008849557522123894
surgery,2024,MISS_rSI_GCS,2712,0,0.0
surgery,2024,rSI_GCSM,2712,24,0.008849557522123894
surgery,2024,MISS_rSI_GCSM,2712,0,0.0
surgery,2024,qSOFA,2712,23,0.008480825958702065
surgery,2024,qSOFA_available,2712,0,0.0
surgery,2024,qSOFA_observed_components,2712,0,0.0
surgery,2024,qSOFA_required_components,2712,0,0.0
surgery,2024,MISS_qSOFA,2712,0,0.0
surgery,2024,NEWS2,2712,2634,0.9712389380530974
surgery,2024,NEWS2_available,2712,0,0.0
surgery,2024,NEWS2_observed_components,2712,0,0.0
surgery,2024,NEWS2_required_components,2712,0,0.0
surgery,2024,MISS_NEWS2,2712,0,0.0
surgery,2024,MEWS,2712,24,0.008849557522123894
surgery,2024,MEWS_available,2712,0,0.0
surgery,2024,MEWS_observed_components,2712,0,0.0
surgery,2024,MEWS_required_components,2712,0,0.0
surgery,2024,MISS_MEWS,2712,0,0.0
surgery,2024,REMS,2712,384,0.1415929203539823
surgery,2024,REMS_available,2712,0,0.0
surgery,2024,REMS_observed_components,2712,0,0.0
surgery,2024,REMS_required_components,2712,0,0.0
surgery,2024,MISS_REMS,2712,0,0.0
surgery,2024,RTS,2712,24,0.008849557522123894
surgery,2024,RTS_available,2712,0,0.0
surgery,2024,RTS_observed_components,2712,0,0.0
surgery,2024,RTS_required_components,2712,0,0.0
surgery,2024,MISS_RTS,2712,0,0.0
surgery,2024,kw_ohca,2712,0,0.0
surgery,2024,kw_chest_pain,2712,0,0.0
surgery,2024,kw_dyspnea,2712,0,0.0
surgery,2024,kw_bleeding,2712,0,0.0
surgery,2024,kw_stroke,2712,0,0.0
surgery,2024,kw_trauma,2712,0,0.0
surgery,2024,kw_seizure,2712,0,0.0
surgery,2024,kw_unconscious,2712,0,0.0
surgery,2024,is_text_missing,2712,0,0.0
surgery,2024,text_source_count,2712,0,0.0
surgery,2024,text_char_count,2712,0,0.0
