task_id,no_text_task_id,group,outcome,model,split,metric,value,lower_ci,upper_ci,status,n,events,patient_groups,mixed_outcome_patient_groups,bootstrap_replicates,bootstrap_success,bootstrap_seed,bootstrap_method,group_stratum_rule,expected_group_multiplicity,legacy_overlapping_strata_ci,scope,source_id,source_candidate_sha256,source_acceptance_manifest_sha256,source_with_text_model_sha256
P1_06-P1-ft_transformer,medicine_P1_ft_transformer_no_text,medicine,P1,ft_transformer,oof_2020_2023,AUPRC,0.13385630734125345,0.09088302687869075,0.19423576716776111,ESTIMATED,15995,129,12203,38,2000,2000,2145719470,outcome_stratified_disjoint_patient_cluster_shared_paired_draws,max(y) within split,1,SUPERSEDED_RETAINED_FOR_AUDIT,current_opname_specialty,medicine_P1_ft_transformer_no_text,6b36172bf7167b4a2928a14d554cb673e6c44246383d7024931a1f2acf5ba4e1,,c1d9715cc757919a1443580d60e858241236b75e07706caa27f0f03bf307db22
P1_06-P1-ft_transformer,medicine_P1_ft_transformer_no_text,medicine,P1,ft_transformer,oof_2020_2023,AUPRC_no_text,0.11552417539300276,0.07822821295354192,0.17098769567222832,ESTIMATED,15995,129,12203,38,2000,2000,2145719470,outcome_stratified_disjoint_patient_cluster_shared_paired_draws,max(y) within split,1,SUPERSEDED_RETAINED_FOR_AUDIT,current_opname_specialty,medicine_P1_ft_transformer_no_text,6b36172bf7167b4a2928a14d554cb673e6c44246383d7024931a1f2acf5ba4e1,,c1d9715cc757919a1443580d60e858241236b75e07706caa27f0f03bf307db22
P1_06-P1-ft_transformer,medicine_P1_ft_transformer_no_text,medicine,P1,ft_transformer,oof_2020_2023,Delta_AUPRC_text_minus_no_text,0.018332131948250688,-0.0048894796778354436,0.049521076147067654,ESTIMATED,15995,129,12203,38,2000,2000,2145719470,outcome_stratified_disjoint_patient_cluster_shared_paired_draws,max(y) within split,1,SUPERSEDED_RETAINED_FOR_AUDIT,current_opname_specialty,medicine_P1_ft_transformer_no_text,6b36172bf7167b4a2928a14d554cb673e6c44246383d7024931a1f2acf5ba4e1,,c1d9715cc757919a1443580d60e858241236b75e07706caa27f0f03bf307db22
P1_06-P1-ft_transformer,medicine_P1_ft_transformer_no_text,medicine,P1,ft_transformer,validation_2024,AUPRC,0.4125104717690564,0.3261413036863948,0.5167793538726849,ESTIMATED,4770,98,4071,16,2000,2000,2112710418,outcome_stratified_disjoint_patient_cluster_shared_paired_draws,max(y) within split,1,SUPERSEDED_RETAINED_FOR_AUDIT,current_opname_specialty,medicine_P1_ft_transformer_no_text,6b36172bf7167b4a2928a14d554cb673e6c44246383d7024931a1f2acf5ba4e1,,c1d9715cc757919a1443580d60e858241236b75e07706caa27f0f03bf307db22
P1_06-P1-ft_transformer,medicine_P1_ft_transformer_no_text,medicine,P1,ft_transformer,validation_2024,AUPRC_no_text,0.4463025918373507,0.35733146776117153,0.5520544578083436,ESTIMATED,4770,98,4071,16,2000,2000,2112710418,outcome_stratified_disjoint_patient_cluster_shared_paired_draws,max(y) within split,1,SUPERSEDED_RETAINED_FOR_AUDIT,current_opname_specialty,medicine_P1_ft_transformer_no_text,6b36172bf7167b4a2928a14d554cb673e6c44246383d7024931a1f2acf5ba4e1,,c1d9715cc757919a1443580d60e858241236b75e07706caa27f0f03bf307db22
P1_06-P1-ft_transformer,medicine_P1_ft_transformer_no_text,medicine,P1,ft_transformer,validation_2024,Delta_AUPRC_text_minus_no_text,-0.033792120068294296,-0.09242813242409702,0.024875844898629505,ESTIMATED,4770,98,4071,16,2000,2000,2112710418,outcome_stratified_disjoint_patient_cluster_shared_paired_draws,max(y) within split,1,SUPERSEDED_RETAINED_FOR_AUDIT,current_opname_specialty,medicine_P1_ft_transformer_no_text,6b36172bf7167b4a2928a14d554cb673e6c44246383d7024931a1f2acf5ba4e1,,c1d9715cc757919a1443580d60e858241236b75e07706caa27f0f03bf307db22
P1_06-P1-mlp_plr,medicine_P1_mlp_plr_no_text,medicine,P1,mlp_plr,oof_2020_2023,AUPRC,0.09463079686243803,0.06359391627784572,0.14556163168462516,ESTIMATED,15995,129,12203,38,2000,2000,1965476556,outcome_stratified_disjoint_patient_cluster_shared_paired_draws,max(y) within split,1,SUPERSEDED_RETAINED_FOR_AUDIT,current_opname_specialty,medicine_P1_mlp_plr_no_text,b86ced1a7a5490db1d87919f1bf33773d4293f7fae2e23acfce6c9e39add6062,,5ac8defa1b15ed019858cf27e600e44ca8b06289a4cdc4d7cde2177351cc8733
P1_06-P1-mlp_plr,medicine_P1_mlp_plr_no_text,medicine,P1,mlp_plr,oof_2020_2023,AUPRC_no_text,0.07672383725530241,0.05439200530201241,0.12341524264719983,ESTIMATED,15995,129,12203,38,2000,2000,1965476556,outcome_stratified_disjoint_patient_cluster_shared_paired_draws,max(y) within split,1,SUPERSEDED_RETAINED_FOR_AUDIT,current_opname_specialty,medicine_P1_mlp_plr_no_text,b86ced1a7a5490db1d87919f1bf33773d4293f7fae2e23acfce6c9e39add6062,,5ac8defa1b15ed019858cf27e600e44ca8b06289a4cdc4d7cde2177351cc8733
P1_06-P1-mlp_plr,medicine_P1_mlp_plr_no_text,medicine,P1,mlp_plr,oof_2020_2023,Delta_AUPRC_text_minus_no_text,0.01790695960713562,-0.002702025923565678,0.03881951149940965,ESTIMATED,15995,129,12203,38,2000,2000,1965476556,outcome_stratified_disjoint_patient_cluster_shared_paired_draws,max(y) within split,1,SUPERSEDED_RETAINED_FOR_AUDIT,current_opname_specialty,medicine_P1_mlp_plr_no_text,b86ced1a7a5490db1d87919f1bf33773d4293f7fae2e23acfce6c9e39add6062,,5ac8defa1b15ed019858cf27e600e44ca8b06289a4cdc4d7cde2177351cc8733
P1_06-P1-mlp_plr,medicine_P1_mlp_plr_no_text,medicine,P1,mlp_plr,validation_2024,AUPRC,0.4015017745602439,0.31361578621141767,0.5048827790340089,ESTIMATED,4770,98,4071,16,2000,2000,588792146,outcome_stratified_disjoint_patient_cluster_shared_paired_draws,max(y) within split,1,SUPERSEDED_RETAINED_FOR_AUDIT,current_opname_specialty,medicine_P1_mlp_plr_no_text,b86ced1a7a5490db1d87919f1bf33773d4293f7fae2e23acfce6c9e39add6062,,5ac8defa1b15ed019858cf27e600e44ca8b06289a4cdc4d7cde2177351cc8733
P1_06-P1-mlp_plr,medicine_P1_mlp_plr_no_text,medicine,P1,mlp_plr,validation_2024,AUPRC_no_text,0.40764110133285025,0.31374328446223254,0.5041403261644745,ESTIMATED,4770,98,4071,16,2000,2000,588792146,outcome_stratified_disjoint_patient_cluster_shared_paired_draws,max(y) within split,1,SUPERSEDED_RETAINED_FOR_AUDIT,current_opname_specialty,medicine_P1_mlp_plr_no_text,b86ced1a7a5490db1d87919f1bf33773d4293f7fae2e23acfce6c9e39add6062,,5ac8defa1b15ed019858cf27e600e44ca8b06289a4cdc4d7cde2177351cc8733
P1_06-P1-mlp_plr,medicine_P1_mlp_plr_no_text,medicine,P1,mlp_plr,validation_2024,Delta_AUPRC_text_minus_no_text,-0.006139326772606368,-0.05972677885345304,0.05352364078697055,ESTIMATED,4770,98,4071,16,2000,2000,588792146,outcome_stratified_disjoint_patient_cluster_shared_paired_draws,max(y) within split,1,SUPERSEDED_RETAINED_FOR_AUDIT,current_opname_specialty,medicine_P1_mlp_plr_no_text,b86ced1a7a5490db1d87919f1bf33773d4293f7fae2e23acfce6c9e39add6062,,5ac8defa1b15ed019858cf27e600e44ca8b06289a4cdc4d7cde2177351cc8733
P1_06-P2-ft_transformer,medicine_P2_ft_transformer_no_text,medicine,P2,ft_transformer,oof_2020_2023,AUPRC,0.42860716010054134,0.40551750844518786,0.4535277465373109,ESTIMATED,15995,1581,12203,443,2000,2000,2787971789,outcome_stratified_disjoint_patient_cluster_shared_paired_draws,max(y) within split,1,SUPERSEDED_RETAINED_FOR_AUDIT,current_opname_specialty,medicine_P2_ft_transformer_no_text,e3c3da2d19a080e312dbf82132e5ac0bd6e4d5a986db0ac743036a5fc8c85eed,,fa390e34214d81d8737e6aa00b34fbf221669209cc0e68de0771fd09ffd10e3d
P1_06-P2-ft_transformer,medicine_P2_ft_transformer_no_text,medicine,P2,ft_transformer,oof_2020_2023,AUPRC_no_text,0.42994797708650695,0.4065240149573632,0.4547361237171003,ESTIMATED,15995,1581,12203,443,2000,2000,2787971789,outcome_stratified_disjoint_patient_cluster_shared_paired_draws,max(y) within split,1,SUPERSEDED_RETAINED_FOR_AUDIT,current_opname_specialty,medicine_P2_ft_transformer_no_text,e3c3da2d19a080e312dbf82132e5ac0bd6e4d5a986db0ac743036a5fc8c85eed,,fa390e34214d81d8737e6aa00b34fbf221669209cc0e68de0771fd09ffd10e3d
P1_06-P2-ft_transformer,medicine_P2_ft_transformer_no_text,medicine,P2,ft_transformer,oof_2020_2023,Delta_AUPRC_text_minus_no_text,-0.0013408169859656094,-0.007225861738091791,0.004543129174614635,ESTIMATED,15995,1581,12203,443,2000,2000,2787971789,outcome_stratified_disjoint_patient_cluster_shared_paired_draws,max(y) within split,1,SUPERSEDED_RETAINED_FOR_AUDIT,current_opname_specialty,medicine_P2_ft_transformer_no_text,e3c3da2d19a080e312dbf82132e5ac0bd6e4d5a986db0ac743036a5fc8c85eed,,fa390e34214d81d8737e6aa00b34fbf221669209cc0e68de0771fd09ffd10e3d
P1_06-P2-ft_transformer,medicine_P2_ft_transformer_no_text,medicine,P2,ft_transformer,validation_2024,AUPRC,0.5388266959051473,0.5011515768619957,0.5778674092012872,ESTIMATED,4770,568,4071,101,2000,2000,1804900530,outcome_stratified_disjoint_patient_cluster_shared_paired_draws,max(y) within split,1,SUPERSEDED_RETAINED_FOR_AUDIT,current_opname_specialty,medicine_P2_ft_transformer_no_text,e3c3da2d19a080e312dbf82132e5ac0bd6e4d5a986db0ac743036a5fc8c85eed,,fa390e34214d81d8737e6aa00b34fbf221669209cc0e68de0771fd09ffd10e3d
P1_06-P2-ft_transformer,medicine_P2_ft_transformer_no_text,medicine,P2,ft_transformer,validation_2024,AUPRC_no_text,0.5391285111588968,0.5019296261759664,0.5780848905009331,ESTIMATED,4770,568,4071,101,2000,2000,1804900530,outcome_stratified_disjoint_patient_cluster_shared_paired_draws,max(y) within split,1,SUPERSEDED_RETAINED_FOR_AUDIT,current_opname_specialty,medicine_P2_ft_transformer_no_text,e3c3da2d19a080e312dbf82132e5ac0bd6e4d5a986db0ac743036a5fc8c85eed,,fa390e34214d81d8737e6aa00b34fbf221669209cc0e68de0771fd09ffd10e3d
P1_06-P2-ft_transformer,medicine_P2_ft_transformer_no_text,medicine,P2,ft_transformer,validation_2024,Delta_AUPRC_text_minus_no_text,-0.00030181525374950446,-0.011276951906634275,0.01080539565805913,ESTIMATED,4770,568,4071,101,2000,2000,1804900530,outcome_stratified_disjoint_patient_cluster_shared_paired_draws,max(y) within split,1,SUPERSEDED_RETAINED_FOR_AUDIT,current_opname_specialty,medicine_P2_ft_transformer_no_text,e3c3da2d19a080e312dbf82132e5ac0bd6e4d5a986db0ac743036a5fc8c85eed,,fa390e34214d81d8737e6aa00b34fbf221669209cc0e68de0771fd09ffd10e3d
P1_06-P2-mlp_plr,medicine_P2_mlp_plr_no_text,medicine,P2,mlp_plr,oof_2020_2023,AUPRC,0.45567262040324324,0.43201923915605384,0.4812916899715754,ESTIMATED,15995,1581,12203,443,2000,2000,3120969761,outcome_stratified_disjoint_patient_cluster_shared_paired_draws,max(y) within split,1,SUPERSEDED_RETAINED_FOR_AUDIT,current_opname_specialty,medicine_P2_mlp_plr_no_text,6c901e5303b537f041eb6e5ce37e24e6f3f1b3718976361b120ac715379d1af2,,f1bbde8846d208df846d6e627d941ab501bbc2b4f8c6f41c111302e6455af13a
P1_06-P2-mlp_plr,medicine_P2_mlp_plr_no_text,medicine,P2,mlp_plr,oof_2020_2023,AUPRC_no_text,0.4473097319921205,0.42235912442684237,0.4721832068145888,ESTIMATED,15995,1581,12203,443,2000,2000,3120969761,outcome_stratified_disjoint_patient_cluster_shared_paired_draws,max(y) within split,1,SUPERSEDED_RETAINED_FOR_AUDIT,current_opname_specialty,medicine_P2_mlp_plr_no_text,6c901e5303b537f041eb6e5ce37e24e6f3f1b3718976361b120ac715379d1af2,,f1bbde8846d208df846d6e627d941ab501bbc2b4f8c6f41c111302e6455af13a
P1_06-P2-mlp_plr,medicine_P2_mlp_plr_no_text,medicine,P2,mlp_plr,oof_2020_2023,Delta_AUPRC_text_minus_no_text,0.00836288841112276,0.0014250944874893117,0.015370122363201965,ESTIMATED,15995,1581,12203,443,2000,2000,3120969761,outcome_stratified_disjoint_patient_cluster_shared_paired_draws,max(y) within split,1,SUPERSEDED_RETAINED_FOR_AUDIT,current_opname_specialty,medicine_P2_mlp_plr_no_text,6c901e5303b537f041eb6e5ce37e24e6f3f1b3718976361b120ac715379d1af2,,f1bbde8846d208df846d6e627d941ab501bbc2b4f8c6f41c111302e6455af13a
P1_06-P2-mlp_plr,medicine_P2_mlp_plr_no_text,medicine,P2,mlp_plr,validation_2024,AUPRC,0.5708797226606998,0.5324729804162617,0.6109558338204122,ESTIMATED,4770,568,4071,101,2000,2000,2992480374,outcome_stratified_disjoint_patient_cluster_shared_paired_draws,max(y) within split,1,SUPERSEDED_RETAINED_FOR_AUDIT,current_opname_specialty,medicine_P2_mlp_plr_no_text,6c901e5303b537f041eb6e5ce37e24e6f3f1b3718976361b120ac715379d1af2,,f1bbde8846d208df846d6e627d941ab501bbc2b4f8c6f41c111302e6455af13a
P1_06-P2-mlp_plr,medicine_P2_mlp_plr_no_text,medicine,P2,mlp_plr,validation_2024,AUPRC_no_text,0.565350132553807,0.5274435222382273,0.6056275118322575,ESTIMATED,4770,568,4071,101,2000,2000,2992480374,outcome_stratified_disjoint_patient_cluster_shared_paired_draws,max(y) within split,1,SUPERSEDED_RETAINED_FOR_AUDIT,current_opname_specialty,medicine_P2_mlp_plr_no_text,6c901e5303b537f041eb6e5ce37e24e6f3f1b3718976361b120ac715379d1af2,,f1bbde8846d208df846d6e627d941ab501bbc2b4f8c6f41c111302e6455af13a
P1_06-P2-mlp_plr,medicine_P2_mlp_plr_no_text,medicine,P2,mlp_plr,validation_2024,Delta_AUPRC_text_minus_no_text,0.005529590106892801,-0.003194642767685077,0.014457493809112001,ESTIMATED,4770,568,4071,101,2000,2000,2992480374,outcome_stratified_disjoint_patient_cluster_shared_paired_draws,max(y) within split,1,SUPERSEDED_RETAINED_FOR_AUDIT,current_opname_specialty,medicine_P2_mlp_plr_no_text,6c901e5303b537f041eb6e5ce37e24e6f3f1b3718976361b120ac715379d1af2,,f1bbde8846d208df846d6e627d941ab501bbc2b4f8c6f41c111302e6455af13a
P1_06-P3-ft_transformer,medicine_P3_ft_transformer_no_text,medicine,P3,ft_transformer,oof_2020_2023,AUPRC,0.27423761596864016,0.24774573056106697,0.3061760395135184,ESTIMATED,15995,703,12203,151,2000,2000,512026504,outcome_stratified_disjoint_patient_cluster_shared_paired_draws,max(y) within split,1,SUPERSEDED_RETAINED_FOR_AUDIT,current_opname_specialty,medicine_P3_ft_transformer_no_text,c041aabe87ac3f2c2b64f7b523e0cde8ec2766f7900441df44cf071eda2598b8,,71202325817549c68e722e8af75b2fdbf7f48442f143e8abd741de04f3351cef
P1_06-P3-ft_transformer,medicine_P3_ft_transformer_no_text,medicine,P3,ft_transformer,oof_2020_2023,AUPRC_no_text,0.2833182774213138,0.2554774209572404,0.3164920886088681,ESTIMATED,15995,703,12203,151,2000,2000,512026504,outcome_stratified_disjoint_patient_cluster_shared_paired_draws,max(y) within split,1,SUPERSEDED_RETAINED_FOR_AUDIT,current_opname_specialty,medicine_P3_ft_transformer_no_text,c041aabe87ac3f2c2b64f7b523e0cde8ec2766f7900441df44cf071eda2598b8,,71202325817549c68e722e8af75b2fdbf7f48442f143e8abd741de04f3351cef
P1_06-P3-ft_transformer,medicine_P3_ft_transformer_no_text,medicine,P3,ft_transformer,oof_2020_2023,Delta_AUPRC_text_minus_no_text,-0.009080661452673666,-0.019790834723821753,0.0014938456027944716,ESTIMATED,15995,703,12203,151,2000,2000,512026504,outcome_stratified_disjoint_patient_cluster_shared_paired_draws,max(y) within split,1,SUPERSEDED_RETAINED_FOR_AUDIT,current_opname_specialty,medicine_P3_ft_transformer_no_text,c041aabe87ac3f2c2b64f7b523e0cde8ec2766f7900441df44cf071eda2598b8,,71202325817549c68e722e8af75b2fdbf7f48442f143e8abd741de04f3351cef
P1_06-P3-ft_transformer,medicine_P3_ft_transformer_no_text,medicine,P3,ft_transformer,validation_2024,AUPRC,0.39210867144703915,0.3395802888564163,0.4519246958955819,ESTIMATED,4770,253,4071,36,2000,2000,3851342710,outcome_stratified_disjoint_patient_cluster_shared_paired_draws,max(y) within split,1,SUPERSEDED_RETAINED_FOR_AUDIT,current_opname_specialty,medicine_P3_ft_transformer_no_text,c041aabe87ac3f2c2b64f7b523e0cde8ec2766f7900441df44cf071eda2598b8,,71202325817549c68e722e8af75b2fdbf7f48442f143e8abd741de04f3351cef
P1_06-P3-ft_transformer,medicine_P3_ft_transformer_no_text,medicine,P3,ft_transformer,validation_2024,AUPRC_no_text,0.30422754806247243,0.261020170635397,0.36039539387463154,ESTIMATED,4770,253,4071,36,2000,2000,3851342710,outcome_stratified_disjoint_patient_cluster_shared_paired_draws,max(y) within split,1,SUPERSEDED_RETAINED_FOR_AUDIT,current_opname_specialty,medicine_P3_ft_transformer_no_text,c041aabe87ac3f2c2b64f7b523e0cde8ec2766f7900441df44cf071eda2598b8,,71202325817549c68e722e8af75b2fdbf7f48442f143e8abd741de04f3351cef
P1_06-P3-ft_transformer,medicine_P3_ft_transformer_no_text,medicine,P3,ft_transformer,validation_2024,Delta_AUPRC_text_minus_no_text,0.08788112338456672,0.04417553215356647,0.12766296308722178,ESTIMATED,4770,253,4071,36,2000,2000,3851342710,outcome_stratified_disjoint_patient_cluster_shared_paired_draws,max(y) within split,1,SUPERSEDED_RETAINED_FOR_AUDIT,current_opname_specialty,medicine_P3_ft_transformer_no_text,c041aabe87ac3f2c2b64f7b523e0cde8ec2766f7900441df44cf071eda2598b8,,71202325817549c68e722e8af75b2fdbf7f48442f143e8abd741de04f3351cef
P1_06-P3-mlp_plr,medicine_P3_mlp_plr_no_text,medicine,P3,mlp_plr,oof_2020_2023,AUPRC,0.35084211217744293,0.31709377388926885,0.389502007870309,ESTIMATED,15995,703,12203,151,2000,2000,661286,outcome_stratified_disjoint_patient_cluster_shared_paired_draws,max(y) within split,1,SUPERSEDED_RETAINED_FOR_AUDIT,current_opname_specialty,medicine_P3_mlp_plr_no_text,c6ca286896fc8c0dbfef6bbcfdc981947c3f58a8b840f24f8b2558986532617d,,af8dd9c20883b18d3cbaee91d8e1ac7070232e701963c9f712ca61c71451d9c5
P1_06-P3-mlp_plr,medicine_P3_mlp_plr_no_text,medicine,P3,mlp_plr,oof_2020_2023,AUPRC_no_text,0.34832180909584054,0.3146433428618665,0.3871781909439655,ESTIMATED,15995,703,12203,151,2000,2000,661286,outcome_stratified_disjoint_patient_cluster_shared_paired_draws,max(y) within split,1,SUPERSEDED_RETAINED_FOR_AUDIT,current_opname_specialty,medicine_P3_mlp_plr_no_text,c6ca286896fc8c0dbfef6bbcfdc981947c3f58a8b840f24f8b2558986532617d,,af8dd9c20883b18d3cbaee91d8e1ac7070232e701963c9f712ca61c71451d9c5
P1_06-P3-mlp_plr,medicine_P3_mlp_plr_no_text,medicine,P3,mlp_plr,oof_2020_2023,Delta_AUPRC_text_minus_no_text,0.002520303081602393,-0.0072016885636139606,0.013116462965553535,ESTIMATED,15995,703,12203,151,2000,2000,661286,outcome_stratified_disjoint_patient_cluster_shared_paired_draws,max(y) within split,1,SUPERSEDED_RETAINED_FOR_AUDIT,current_opname_specialty,medicine_P3_mlp_plr_no_text,c6ca286896fc8c0dbfef6bbcfdc981947c3f58a8b840f24f8b2558986532617d,,af8dd9c20883b18d3cbaee91d8e1ac7070232e701963c9f712ca61c71451d9c5
P1_06-P3-mlp_plr,medicine_P3_mlp_plr_no_text,medicine,P3,mlp_plr,validation_2024,AUPRC,0.35667477394943686,0.30642014263715933,0.42161963612299197,ESTIMATED,4770,253,4071,36,2000,2000,3826539658,outcome_stratified_disjoint_patient_cluster_shared_paired_draws,max(y) within split,1,SUPERSEDED_RETAINED_FOR_AUDIT,current_opname_specialty,medicine_P3_mlp_plr_no_text,c6ca286896fc8c0dbfef6bbcfdc981947c3f58a8b840f24f8b2558986532617d,,af8dd9c20883b18d3cbaee91d8e1ac7070232e701963c9f712ca61c71451d9c5
P1_06-P3-mlp_plr,medicine_P3_mlp_plr_no_text,medicine,P3,mlp_plr,validation_2024,AUPRC_no_text,0.35679571264402987,0.3034745718210047,0.4219776846969128,ESTIMATED,4770,253,4071,36,2000,2000,3826539658,outcome_stratified_disjoint_patient_cluster_shared_paired_draws,max(y) within split,1,SUPERSEDED_RETAINED_FOR_AUDIT,current_opname_specialty,medicine_P3_mlp_plr_no_text,c6ca286896fc8c0dbfef6bbcfdc981947c3f58a8b840f24f8b2558986532617d,,af8dd9c20883b18d3cbaee91d8e1ac7070232e701963c9f712ca61c71451d9c5
P1_06-P3-mlp_plr,medicine_P3_mlp_plr_no_text,medicine,P3,mlp_plr,validation_2024,Delta_AUPRC_text_minus_no_text,-0.0001209386945930091,-0.011103504321357167,0.013017788149302493,ESTIMATED,4770,253,4071,36,2000,2000,3826539658,outcome_stratified_disjoint_patient_cluster_shared_paired_draws,max(y) within split,1,SUPERSEDED_RETAINED_FOR_AUDIT,current_opname_specialty,medicine_P3_mlp_plr_no_text,c6ca286896fc8c0dbfef6bbcfdc981947c3f58a8b840f24f8b2558986532617d,,af8dd9c20883b18d3cbaee91d8e1ac7070232e701963c9f712ca61c71451d9c5
P1_06-S1-ft_transformer,medicine_S1_ft_transformer_no_text,medicine,S1,ft_transformer,oof_2020_2023,AUPRC,0.2412847666900219,0.206788862992266,0.28111860834634206,ESTIMATED,15995,427,12203,108,2000,2000,4261937418,outcome_stratified_disjoint_patient_cluster_shared_paired_draws,max(y) within split,1,SUPERSEDED_RETAINED_FOR_AUDIT,current_opname_specialty,medicine_S1_ft_transformer_no_text,22fab6544fe67881d07a64fe362c0bab5078827875d0767b1f34c5ab5faddf67,,911a41d898b4f51bcd1c3fbb69d55fd731ff91b978c5309127aa7a32a78f98ad
P1_06-S1-ft_transformer,medicine_S1_ft_transformer_no_text,medicine,S1,ft_transformer,oof_2020_2023,AUPRC_no_text,0.24046005022946032,0.2056935435144721,0.28136761308159736,ESTIMATED,15995,427,12203,108,2000,2000,4261937418,outcome_stratified_disjoint_patient_cluster_shared_paired_draws,max(y) within split,1,SUPERSEDED_RETAINED_FOR_AUDIT,current_opname_specialty,medicine_S1_ft_transformer_no_text,22fab6544fe67881d07a64fe362c0bab5078827875d0767b1f34c5ab5faddf67,,911a41d898b4f51bcd1c3fbb69d55fd731ff91b978c5309127aa7a32a78f98ad
P1_06-S1-ft_transformer,medicine_S1_ft_transformer_no_text,medicine,S1,ft_transformer,oof_2020_2023,Delta_AUPRC_text_minus_no_text,0.000824716460561592,-0.008714854120953191,0.010751728651971508,ESTIMATED,15995,427,12203,108,2000,2000,4261937418,outcome_stratified_disjoint_patient_cluster_shared_paired_draws,max(y) within split,1,SUPERSEDED_RETAINED_FOR_AUDIT,current_opname_specialty,medicine_S1_ft_transformer_no_text,22fab6544fe67881d07a64fe362c0bab5078827875d0767b1f34c5ab5faddf67,,911a41d898b4f51bcd1c3fbb69d55fd731ff91b978c5309127aa7a32a78f98ad
P1_06-S1-ft_transformer,medicine_S1_ft_transformer_no_text,medicine,S1,ft_transformer,validation_2024,AUPRC,0.42958417382677494,0.35706202911523943,0.506895395262691,ESTIMATED,4770,174,4071,26,2000,2000,1788538853,outcome_stratified_disjoint_patient_cluster_shared_paired_draws,max(y) within split,1,SUPERSEDED_RETAINED_FOR_AUDIT,current_opname_specialty,medicine_S1_ft_transformer_no_text,22fab6544fe67881d07a64fe362c0bab5078827875d0767b1f34c5ab5faddf67,,911a41d898b4f51bcd1c3fbb69d55fd731ff91b978c5309127aa7a32a78f98ad
P1_06-S1-ft_transformer,medicine_S1_ft_transformer_no_text,medicine,S1,ft_transformer,validation_2024,AUPRC_no_text,0.4238544466043434,0.35129409591250943,0.5013234178073228,ESTIMATED,4770,174,4071,26,2000,2000,1788538853,outcome_stratified_disjoint_patient_cluster_shared_paired_draws,max(y) within split,1,SUPERSEDED_RETAINED_FOR_AUDIT,current_opname_specialty,medicine_S1_ft_transformer_no_text,22fab6544fe67881d07a64fe362c0bab5078827875d0767b1f34c5ab5faddf67,,911a41d898b4f51bcd1c3fbb69d55fd731ff91b978c5309127aa7a32a78f98ad
P1_06-S1-ft_transformer,medicine_S1_ft_transformer_no_text,medicine,S1,ft_transformer,validation_2024,Delta_AUPRC_text_minus_no_text,0.005729727222431535,-0.001198720505671727,0.012767902554567489,ESTIMATED,4770,174,4071,26,2000,2000,1788538853,outcome_stratified_disjoint_patient_cluster_shared_paired_draws,max(y) within split,1,SUPERSEDED_RETAINED_FOR_AUDIT,current_opname_specialty,medicine_S1_ft_transformer_no_text,22fab6544fe67881d07a64fe362c0bab5078827875d0767b1f34c5ab5faddf67,,911a41d898b4f51bcd1c3fbb69d55fd731ff91b978c5309127aa7a32a78f98ad
P1_06-S1-mlp_plr,medicine_S1_mlp_plr_no_text,medicine,S1,mlp_plr,oof_2020_2023,AUPRC,0.2517258888187011,0.21581793739180305,0.2930735255658553,ESTIMATED,15995,427,12203,108,2000,2000,1086287123,outcome_stratified_disjoint_patient_cluster_shared_paired_draws,max(y) within split,1,SUPERSEDED_RETAINED_FOR_AUDIT,current_opname_specialty,medicine_S1_mlp_plr_no_text,384070510a7a63a03f239d3e20626216b3eb089825d52b9451dc5008877e417d,,76acabd26fa4e7f4d38d2a636b004e89f6df9f9f151b7e81b036c44461f713a3
P1_06-S1-mlp_plr,medicine_S1_mlp_plr_no_text,medicine,S1,mlp_plr,oof_2020_2023,AUPRC_no_text,0.2498693790773051,0.21608351693344469,0.29147763032984947,ESTIMATED,15995,427,12203,108,2000,2000,1086287123,outcome_stratified_disjoint_patient_cluster_shared_paired_draws,max(y) within split,1,SUPERSEDED_RETAINED_FOR_AUDIT,current_opname_specialty,medicine_S1_mlp_plr_no_text,384070510a7a63a03f239d3e20626216b3eb089825d52b9451dc5008877e417d,,76acabd26fa4e7f4d38d2a636b004e89f6df9f9f151b7e81b036c44461f713a3
P1_06-S1-mlp_plr,medicine_S1_mlp_plr_no_text,medicine,S1,mlp_plr,oof_2020_2023,Delta_AUPRC_text_minus_no_text,0.0018565097413960063,-0.011014073457549548,0.013819111085410918,ESTIMATED,15995,427,12203,108,2000,2000,1086287123,outcome_stratified_disjoint_patient_cluster_shared_paired_draws,max(y) within split,1,SUPERSEDED_RETAINED_FOR_AUDIT,current_opname_specialty,medicine_S1_mlp_plr_no_text,384070510a7a63a03f239d3e20626216b3eb089825d52b9451dc5008877e417d,,76acabd26fa4e7f4d38d2a636b004e89f6df9f9f151b7e81b036c44461f713a3
P1_06-S1-mlp_plr,medicine_S1_mlp_plr_no_text,medicine,S1,mlp_plr,validation_2024,AUPRC,0.43580159450499023,0.3679994862966017,0.5073926428693584,ESTIMATED,4770,174,4071,26,2000,2000,342128062,outcome_stratified_disjoint_patient_cluster_shared_paired_draws,max(y) within split,1,SUPERSEDED_RETAINED_FOR_AUDIT,current_opname_specialty,medicine_S1_mlp_plr_no_text,384070510a7a63a03f239d3e20626216b3eb089825d52b9451dc5008877e417d,,76acabd26fa4e7f4d38d2a636b004e89f6df9f9f151b7e81b036c44461f713a3
P1_06-S1-mlp_plr,medicine_S1_mlp_plr_no_text,medicine,S1,mlp_plr,validation_2024,AUPRC_no_text,0.44418130075453716,0.37759688812051206,0.5149075111437742,ESTIMATED,4770,174,4071,26,2000,2000,342128062,outcome_stratified_disjoint_patient_cluster_shared_paired_draws,max(y) within split,1,SUPERSEDED_RETAINED_FOR_AUDIT,current_opname_specialty,medicine_S1_mlp_plr_no_text,384070510a7a63a03f239d3e20626216b3eb089825d52b9451dc5008877e417d,,76acabd26fa4e7f4d38d2a636b004e89f6df9f9f151b7e81b036c44461f713a3
P1_06-S1-mlp_plr,medicine_S1_mlp_plr_no_text,medicine,S1,mlp_plr,validation_2024,Delta_AUPRC_text_minus_no_text,-0.008379706249546925,-0.027936586047453985,0.011135636770480451,ESTIMATED,4770,174,4071,26,2000,2000,342128062,outcome_stratified_disjoint_patient_cluster_shared_paired_draws,max(y) within split,1,SUPERSEDED_RETAINED_FOR_AUDIT,current_opname_specialty,medicine_S1_mlp_plr_no_text,384070510a7a63a03f239d3e20626216b3eb089825d52b9451dc5008877e417d,,76acabd26fa4e7f4d38d2a636b004e89f6df9f9f151b7e81b036c44461f713a3
P1_06-S2-ft_transformer,medicine_S2_ft_transformer_no_text,medicine,S2,ft_transformer,oof_2020_2023,AUPRC,0.25852704488407185,0.23451350993582962,0.2898327597375928,ESTIMATED,15995,696,12203,185,2000,2000,2421324791,outcome_stratified_disjoint_patient_cluster_shared_paired_draws,max(y) within split,1,SUPERSEDED_RETAINED_FOR_AUDIT,current_opname_specialty,medicine_S2_ft_transformer_no_text,22c29311a8f5a44ce501c33f7b7c5140fda9075e6bed58401d6e02451a01b7d3,,b43b30f1295ac1906ed0cf97ab887e5bf6577c1e1eabf9f62fd8eefe8c0739d6
P1_06-S2-ft_transformer,medicine_S2_ft_transformer_no_text,medicine,S2,ft_transformer,oof_2020_2023,AUPRC_no_text,0.25407320597042643,0.23003247053072098,0.28457361529663944,ESTIMATED,15995,696,12203,185,2000,2000,2421324791,outcome_stratified_disjoint_patient_cluster_shared_paired_draws,max(y) within split,1,SUPERSEDED_RETAINED_FOR_AUDIT,current_opname_specialty,medicine_S2_ft_transformer_no_text,22c29311a8f5a44ce501c33f7b7c5140fda9075e6bed58401d6e02451a01b7d3,,b43b30f1295ac1906ed0cf97ab887e5bf6577c1e1eabf9f62fd8eefe8c0739d6
P1_06-S2-ft_transformer,medicine_S2_ft_transformer_no_text,medicine,S2,ft_transformer,oof_2020_2023,Delta_AUPRC_text_minus_no_text,0.004453838913645425,-0.0035880169405641676,0.01267604235200512,ESTIMATED,15995,696,12203,185,2000,2000,2421324791,outcome_stratified_disjoint_patient_cluster_shared_paired_draws,max(y) within split,1,SUPERSEDED_RETAINED_FOR_AUDIT,current_opname_specialty,medicine_S2_ft_transformer_no_text,22c29311a8f5a44ce501c33f7b7c5140fda9075e6bed58401d6e02451a01b7d3,,b43b30f1295ac1906ed0cf97ab887e5bf6577c1e1eabf9f62fd8eefe8c0739d6
P1_06-S2-ft_transformer,medicine_S2_ft_transformer_no_text,medicine,S2,ft_transformer,validation_2024,AUPRC,0.42085089320349295,0.365787434213808,0.4803371467059026,ESTIMATED,4770,267,4071,37,2000,2000,1027409327,outcome_stratified_disjoint_patient_cluster_shared_paired_draws,max(y) within split,1,SUPERSEDED_RETAINED_FOR_AUDIT,current_opname_specialty,medicine_S2_ft_transformer_no_text,22c29311a8f5a44ce501c33f7b7c5140fda9075e6bed58401d6e02451a01b7d3,,b43b30f1295ac1906ed0cf97ab887e5bf6577c1e1eabf9f62fd8eefe8c0739d6
P1_06-S2-ft_transformer,medicine_S2_ft_transformer_no_text,medicine,S2,ft_transformer,validation_2024,AUPRC_no_text,0.4032425637897809,0.3504118692480895,0.46344649062279547,ESTIMATED,4770,267,4071,37,2000,2000,1027409327,outcome_stratified_disjoint_patient_cluster_shared_paired_draws,max(y) within split,1,SUPERSEDED_RETAINED_FOR_AUDIT,current_opname_specialty,medicine_S2_ft_transformer_no_text,22c29311a8f5a44ce501c33f7b7c5140fda9075e6bed58401d6e02451a01b7d3,,b43b30f1295ac1906ed0cf97ab887e5bf6577c1e1eabf9f62fd8eefe8c0739d6
P1_06-S2-ft_transformer,medicine_S2_ft_transformer_no_text,medicine,S2,ft_transformer,validation_2024,Delta_AUPRC_text_minus_no_text,0.017608329413712043,0.005570491195394771,0.029202109082423492,ESTIMATED,4770,267,4071,37,2000,2000,1027409327,outcome_stratified_disjoint_patient_cluster_shared_paired_draws,max(y) within split,1,SUPERSEDED_RETAINED_FOR_AUDIT,current_opname_specialty,medicine_S2_ft_transformer_no_text,22c29311a8f5a44ce501c33f7b7c5140fda9075e6bed58401d6e02451a01b7d3,,b43b30f1295ac1906ed0cf97ab887e5bf6577c1e1eabf9f62fd8eefe8c0739d6
P1_06-S2-mlp_plr,medicine_S2_mlp_plr_no_text,medicine,S2,mlp_plr,oof_2020_2023,AUPRC,0.3023954943216094,0.27137638381311086,0.33906019190762504,ESTIMATED,15995,696,12203,185,2000,2000,2656633704,outcome_stratified_disjoint_patient_cluster_shared_paired_draws,max(y) within split,1,SUPERSEDED_RETAINED_FOR_AUDIT,current_opname_specialty,medicine_S2_mlp_plr_no_text,02ffd0b77e218707065ec94162dce9a33980ac338b57174095ebc0ac155b63d3,,c9ff8df4ad3471cf1b8622ba0df8009e3d03de85dc99184135f5163fdfe9df5b
P1_06-S2-mlp_plr,medicine_S2_mlp_plr_no_text,medicine,S2,mlp_plr,oof_2020_2023,AUPRC_no_text,0.2882922587168821,0.2582796888387765,0.3220573782117551,ESTIMATED,15995,696,12203,185,2000,2000,2656633704,outcome_stratified_disjoint_patient_cluster_shared_paired_draws,max(y) within split,1,SUPERSEDED_RETAINED_FOR_AUDIT,current_opname_specialty,medicine_S2_mlp_plr_no_text,02ffd0b77e218707065ec94162dce9a33980ac338b57174095ebc0ac155b63d3,,c9ff8df4ad3471cf1b8622ba0df8009e3d03de85dc99184135f5163fdfe9df5b
P1_06-S2-mlp_plr,medicine_S2_mlp_plr_no_text,medicine,S2,mlp_plr,oof_2020_2023,Delta_AUPRC_text_minus_no_text,0.014103235604727316,0.004706005866360645,0.02355968663479703,ESTIMATED,15995,696,12203,185,2000,2000,2656633704,outcome_stratified_disjoint_patient_cluster_shared_paired_draws,max(y) within split,1,SUPERSEDED_RETAINED_FOR_AUDIT,current_opname_specialty,medicine_S2_mlp_plr_no_text,02ffd0b77e218707065ec94162dce9a33980ac338b57174095ebc0ac155b63d3,,c9ff8df4ad3471cf1b8622ba0df8009e3d03de85dc99184135f5163fdfe9df5b
P1_06-S2-mlp_plr,medicine_S2_mlp_plr_no_text,medicine,S2,mlp_plr,validation_2024,AUPRC,0.46608498627174444,0.40805614338535523,0.5259150985487806,ESTIMATED,4770,267,4071,37,2000,2000,1322952584,outcome_stratified_disjoint_patient_cluster_shared_paired_draws,max(y) within split,1,SUPERSEDED_RETAINED_FOR_AUDIT,current_opname_specialty,medicine_S2_mlp_plr_no_text,02ffd0b77e218707065ec94162dce9a33980ac338b57174095ebc0ac155b63d3,,c9ff8df4ad3471cf1b8622ba0df8009e3d03de85dc99184135f5163fdfe9df5b
P1_06-S2-mlp_plr,medicine_S2_mlp_plr_no_text,medicine,S2,mlp_plr,validation_2024,AUPRC_no_text,0.4581249727949513,0.39905718957885555,0.5180877712404983,ESTIMATED,4770,267,4071,37,2000,2000,1322952584,outcome_stratified_disjoint_patient_cluster_shared_paired_draws,max(y) within split,1,SUPERSEDED_RETAINED_FOR_AUDIT,current_opname_specialty,medicine_S2_mlp_plr_no_text,02ffd0b77e218707065ec94162dce9a33980ac338b57174095ebc0ac155b63d3,,c9ff8df4ad3471cf1b8622ba0df8009e3d03de85dc99184135f5163fdfe9df5b
P1_06-S2-mlp_plr,medicine_S2_mlp_plr_no_text,medicine,S2,mlp_plr,validation_2024,Delta_AUPRC_text_minus_no_text,0.007960013476793149,-0.008910192609048607,0.025105838921308354,ESTIMATED,4770,267,4071,37,2000,2000,1322952584,outcome_stratified_disjoint_patient_cluster_shared_paired_draws,max(y) within split,1,SUPERSEDED_RETAINED_FOR_AUDIT,current_opname_specialty,medicine_S2_mlp_plr_no_text,02ffd0b77e218707065ec94162dce9a33980ac338b57174095ebc0ac155b63d3,,c9ff8df4ad3471cf1b8622ba0df8009e3d03de85dc99184135f5163fdfe9df5b
P1_06-S3-ft_transformer,medicine_S3_ft_transformer_no_text,medicine,S3,ft_transformer,oof_2020_2023,AUPRC,0.633534699118401,0.6201941159103425,0.6476758190848452,ESTIMATED,15995,6010,12203,925,2000,2000,3812706314,outcome_stratified_disjoint_patient_cluster_shared_paired_draws,max(y) within split,1,SUPERSEDED_RETAINED_FOR_AUDIT,current_opname_specialty,medicine_S3_ft_transformer_no_text,573a0bbdaf6bca9e7d8dad926aa735e1e0f25a1ae4d5f232ea7fde01c12f6031,,f6842271eaf6cd69e993cd91ce8371440d52e1cd1501937ed39b874e80f9db2c
P1_06-S3-ft_transformer,medicine_S3_ft_transformer_no_text,medicine,S3,ft_transformer,oof_2020_2023,AUPRC_no_text,0.6163685225417985,0.6028948620759069,0.6298088788472522,ESTIMATED,15995,6010,12203,925,2000,2000,3812706314,outcome_stratified_disjoint_patient_cluster_shared_paired_draws,max(y) within split,1,SUPERSEDED_RETAINED_FOR_AUDIT,current_opname_specialty,medicine_S3_ft_transformer_no_text,573a0bbdaf6bca9e7d8dad926aa735e1e0f25a1ae4d5f232ea7fde01c12f6031,,f6842271eaf6cd69e993cd91ce8371440d52e1cd1501937ed39b874e80f9db2c
P1_06-S3-ft_transformer,medicine_S3_ft_transformer_no_text,medicine,S3,ft_transformer,oof_2020_2023,Delta_AUPRC_text_minus_no_text,0.017166176576602465,0.009676411143431873,0.02472907585142424,ESTIMATED,15995,6010,12203,925,2000,2000,3812706314,outcome_stratified_disjoint_patient_cluster_shared_paired_draws,max(y) within split,1,SUPERSEDED_RETAINED_FOR_AUDIT,current_opname_specialty,medicine_S3_ft_transformer_no_text,573a0bbdaf6bca9e7d8dad926aa735e1e0f25a1ae4d5f232ea7fde01c12f6031,,f6842271eaf6cd69e993cd91ce8371440d52e1cd1501937ed39b874e80f9db2c
P1_06-S3-ft_transformer,medicine_S3_ft_transformer_no_text,medicine,S3,ft_transformer,validation_2024,AUPRC,0.604918964332555,0.5812675467692964,0.6317710093859545,ESTIMATED,4770,1606,4071,193,2000,2000,690938992,outcome_stratified_disjoint_patient_cluster_shared_paired_draws,max(y) within split,1,SUPERSEDED_RETAINED_FOR_AUDIT,current_opname_specialty,medicine_S3_ft_transformer_no_text,573a0bbdaf6bca9e7d8dad926aa735e1e0f25a1ae4d5f232ea7fde01c12f6031,,f6842271eaf6cd69e993cd91ce8371440d52e1cd1501937ed39b874e80f9db2c
P1_06-S3-ft_transformer,medicine_S3_ft_transformer_no_text,medicine,S3,ft_transformer,validation_2024,AUPRC_no_text,0.5907463895519792,0.5659003832076122,0.61764090893647,ESTIMATED,4770,1606,4071,193,2000,2000,690938992,outcome_stratified_disjoint_patient_cluster_shared_paired_draws,max(y) within split,1,SUPERSEDED_RETAINED_FOR_AUDIT,current_opname_specialty,medicine_S3_ft_transformer_no_text,573a0bbdaf6bca9e7d8dad926aa735e1e0f25a1ae4d5f232ea7fde01c12f6031,,f6842271eaf6cd69e993cd91ce8371440d52e1cd1501937ed39b874e80f9db2c
P1_06-S3-ft_transformer,medicine_S3_ft_transformer_no_text,medicine,S3,ft_transformer,validation_2024,Delta_AUPRC_text_minus_no_text,0.014172574780575764,0.0037024057770208645,0.02517223972618776,ESTIMATED,4770,1606,4071,193,2000,2000,690938992,outcome_stratified_disjoint_patient_cluster_shared_paired_draws,max(y) within split,1,SUPERSEDED_RETAINED_FOR_AUDIT,current_opname_specialty,medicine_S3_ft_transformer_no_text,573a0bbdaf6bca9e7d8dad926aa735e1e0f25a1ae4d5f232ea7fde01c12f6031,,f6842271eaf6cd69e993cd91ce8371440d52e1cd1501937ed39b874e80f9db2c
P1_06-S3-mlp_plr,medicine_S3_mlp_plr_no_text,medicine,S3,mlp_plr,oof_2020_2023,AUPRC,0.6532630005944612,0.640507860473144,0.6672553953623642,ESTIMATED,15995,6010,12203,925,2000,2000,2780713080,outcome_stratified_disjoint_patient_cluster_shared_paired_draws,max(y) within split,1,SUPERSEDED_RETAINED_FOR_AUDIT,current_opname_specialty,medicine_S3_mlp_plr_no_text,d602136d1de393dc96daa97ab59cc87c38881fff5cdfcea45364b96f44486f52,,79648db97a43df1f0aa39f75b02676e7dc69273f4794e2ac6bff4866fa21cc65
P1_06-S3-mlp_plr,medicine_S3_mlp_plr_no_text,medicine,S3,mlp_plr,oof_2020_2023,AUPRC_no_text,0.6462093447724682,0.6332334443205868,0.6603334463546026,ESTIMATED,15995,6010,12203,925,2000,2000,2780713080,outcome_stratified_disjoint_patient_cluster_shared_paired_draws,max(y) within split,1,SUPERSEDED_RETAINED_FOR_AUDIT,current_opname_specialty,medicine_S3_mlp_plr_no_text,d602136d1de393dc96daa97ab59cc87c38881fff5cdfcea45364b96f44486f52,,79648db97a43df1f0aa39f75b02676e7dc69273f4794e2ac6bff4866fa21cc65
P1_06-S3-mlp_plr,medicine_S3_mlp_plr_no_text,medicine,S3,mlp_plr,oof_2020_2023,Delta_AUPRC_text_minus_no_text,0.007053655821993021,0.002451081612557862,0.011471459153030116,ESTIMATED,15995,6010,12203,925,2000,2000,2780713080,outcome_stratified_disjoint_patient_cluster_shared_paired_draws,max(y) within split,1,SUPERSEDED_RETAINED_FOR_AUDIT,current_opname_specialty,medicine_S3_mlp_plr_no_text,d602136d1de393dc96daa97ab59cc87c38881fff5cdfcea45364b96f44486f52,,79648db97a43df1f0aa39f75b02676e7dc69273f4794e2ac6bff4866fa21cc65
P1_06-S3-mlp_plr,medicine_S3_mlp_plr_no_text,medicine,S3,mlp_plr,validation_2024,AUPRC,0.6103722228351975,0.5860489423011404,0.6361502771674575,ESTIMATED,4770,1606,4071,193,2000,2000,1325041924,outcome_stratified_disjoint_patient_cluster_shared_paired_draws,max(y) within split,1,SUPERSEDED_RETAINED_FOR_AUDIT,current_opname_specialty,medicine_S3_mlp_plr_no_text,d602136d1de393dc96daa97ab59cc87c38881fff5cdfcea45364b96f44486f52,,79648db97a43df1f0aa39f75b02676e7dc69273f4794e2ac6bff4866fa21cc65
P1_06-S3-mlp_plr,medicine_S3_mlp_plr_no_text,medicine,S3,mlp_plr,validation_2024,AUPRC_no_text,0.600777845651444,0.5753600481922635,0.6267160202608018,ESTIMATED,4770,1606,4071,193,2000,2000,1325041924,outcome_stratified_disjoint_patient_cluster_shared_paired_draws,max(y) within split,1,SUPERSEDED_RETAINED_FOR_AUDIT,current_opname_specialty,medicine_S3_mlp_plr_no_text,d602136d1de393dc96daa97ab59cc87c38881fff5cdfcea45364b96f44486f52,,79648db97a43df1f0aa39f75b02676e7dc69273f4794e2ac6bff4866fa21cc65
P1_06-S3-mlp_plr,medicine_S3_mlp_plr_no_text,medicine,S3,mlp_plr,validation_2024,Delta_AUPRC_text_minus_no_text,0.009594377183753555,0.0028122306839916513,0.01630909632470478,ESTIMATED,4770,1606,4071,193,2000,2000,1325041924,outcome_stratified_disjoint_patient_cluster_shared_paired_draws,max(y) within split,1,SUPERSEDED_RETAINED_FOR_AUDIT,current_opname_specialty,medicine_S3_mlp_plr_no_text,d602136d1de393dc96daa97ab59cc87c38881fff5cdfcea45364b96f44486f52,,79648db97a43df1f0aa39f75b02676e7dc69273f4794e2ac6bff4866fa21cc65
P1_06-S4-ft_transformer,medicine_S4_ft_transformer_no_text,medicine,S4,ft_transformer,oof_2020_2023,AUPRC,0.3861610186685677,0.36686243131788626,0.40797252885092633,ESTIMATED,15995,2086,12203,495,2000,2000,2883358693,outcome_stratified_disjoint_patient_cluster_shared_paired_draws,max(y) within split,1,SUPERSEDED_RETAINED_FOR_AUDIT,current_opname_specialty,medicine_S4_ft_transformer_no_text,9cd698e9e9db3e350bcc59608267dcee9216a1934fa60c39ade883f6ec0f3101,,f0e695fbb8839b40a52ae71fefed1750ab2669e2f02e6c2c4bf6e7a1c4c7a163
P1_06-S4-ft_transformer,medicine_S4_ft_transformer_no_text,medicine,S4,ft_transformer,oof_2020_2023,AUPRC_no_text,0.3781214432302895,0.35890233042612424,0.40021188928677004,ESTIMATED,15995,2086,12203,495,2000,2000,2883358693,outcome_stratified_disjoint_patient_cluster_shared_paired_draws,max(y) within split,1,SUPERSEDED_RETAINED_FOR_AUDIT,current_opname_specialty,medicine_S4_ft_transformer_no_text,9cd698e9e9db3e350bcc59608267dcee9216a1934fa60c39ade883f6ec0f3101,,f0e695fbb8839b40a52ae71fefed1750ab2669e2f02e6c2c4bf6e7a1c4c7a163
P1_06-S4-ft_transformer,medicine_S4_ft_transformer_no_text,medicine,S4,ft_transformer,oof_2020_2023,Delta_AUPRC_text_minus_no_text,0.008039575438278213,-0.001117636395481333,0.017432404085739425,ESTIMATED,15995,2086,12203,495,2000,2000,2883358693,outcome_stratified_disjoint_patient_cluster_shared_paired_draws,max(y) within split,1,SUPERSEDED_RETAINED_FOR_AUDIT,current_opname_specialty,medicine_S4_ft_transformer_no_text,9cd698e9e9db3e350bcc59608267dcee9216a1934fa60c39ade883f6ec0f3101,,f0e695fbb8839b40a52ae71fefed1750ab2669e2f02e6c2c4bf6e7a1c4c7a163
P1_06-S4-ft_transformer,medicine_S4_ft_transformer_no_text,medicine,S4,ft_transformer,validation_2024,AUPRC,0.3359600912786516,0.30503815878487317,0.37240873729698765,ESTIMATED,4770,615,4071,74,2000,2000,3084198576,outcome_stratified_disjoint_patient_cluster_shared_paired_draws,max(y) within split,1,SUPERSEDED_RETAINED_FOR_AUDIT,current_opname_specialty,medicine_S4_ft_transformer_no_text,9cd698e9e9db3e350bcc59608267dcee9216a1934fa60c39ade883f6ec0f3101,,f0e695fbb8839b40a52ae71fefed1750ab2669e2f02e6c2c4bf6e7a1c4c7a163
P1_06-S4-ft_transformer,medicine_S4_ft_transformer_no_text,medicine,S4,ft_transformer,validation_2024,AUPRC_no_text,0.3499280203711337,0.3178180436004881,0.38780317551729565,ESTIMATED,4770,615,4071,74,2000,2000,3084198576,outcome_stratified_disjoint_patient_cluster_shared_paired_draws,max(y) within split,1,SUPERSEDED_RETAINED_FOR_AUDIT,current_opname_specialty,medicine_S4_ft_transformer_no_text,9cd698e9e9db3e350bcc59608267dcee9216a1934fa60c39ade883f6ec0f3101,,f0e695fbb8839b40a52ae71fefed1750ab2669e2f02e6c2c4bf6e7a1c4c7a163
P1_06-S4-ft_transformer,medicine_S4_ft_transformer_no_text,medicine,S4,ft_transformer,validation_2024,Delta_AUPRC_text_minus_no_text,-0.013967929092482068,-0.029738420502177246,0.000339967177024201,ESTIMATED,4770,615,4071,74,2000,2000,3084198576,outcome_stratified_disjoint_patient_cluster_shared_paired_draws,max(y) within split,1,SUPERSEDED_RETAINED_FOR_AUDIT,current_opname_specialty,medicine_S4_ft_transformer_no_text,9cd698e9e9db3e350bcc59608267dcee9216a1934fa60c39ade883f6ec0f3101,,f0e695fbb8839b40a52ae71fefed1750ab2669e2f02e6c2c4bf6e7a1c4c7a163
P1_06-S4-mlp_plr,medicine_S4_mlp_plr_no_text,medicine,S4,mlp_plr,oof_2020_2023,AUPRC,0.4240835044588093,0.40311329902245274,0.44880391597852304,ESTIMATED,15995,2086,12203,495,2000,2000,4269183984,outcome_stratified_disjoint_patient_cluster_shared_paired_draws,max(y) within split,1,SUPERSEDED_RETAINED_FOR_AUDIT,current_opname_specialty,medicine_S4_mlp_plr_no_text,29fd96c662ed83c5ac87e960e673240723f5d2063e514683fb0db430d43e820a,,efaa27b318a8d3afa211e54e3c9e5d9a108f03570608cc96d0d24eea2e357dfe
P1_06-S4-mlp_plr,medicine_S4_mlp_plr_no_text,medicine,S4,mlp_plr,oof_2020_2023,AUPRC_no_text,0.4234988850090081,0.40205649764254603,0.44827438760992966,ESTIMATED,15995,2086,12203,495,2000,2000,4269183984,outcome_stratified_disjoint_patient_cluster_shared_paired_draws,max(y) within split,1,SUPERSEDED_RETAINED_FOR_AUDIT,current_opname_specialty,medicine_S4_mlp_plr_no_text,29fd96c662ed83c5ac87e960e673240723f5d2063e514683fb0db430d43e820a,,efaa27b318a8d3afa211e54e3c9e5d9a108f03570608cc96d0d24eea2e357dfe
P1_06-S4-mlp_plr,medicine_S4_mlp_plr_no_text,medicine,S4,mlp_plr,oof_2020_2023,Delta_AUPRC_text_minus_no_text,0.0005846194498012047,-0.004969968547654179,0.00639382905850118,ESTIMATED,15995,2086,12203,495,2000,2000,4269183984,outcome_stratified_disjoint_patient_cluster_shared_paired_draws,max(y) within split,1,SUPERSEDED_RETAINED_FOR_AUDIT,current_opname_specialty,medicine_S4_mlp_plr_no_text,29fd96c662ed83c5ac87e960e673240723f5d2063e514683fb0db430d43e820a,,efaa27b318a8d3afa211e54e3c9e5d9a108f03570608cc96d0d24eea2e357dfe
P1_06-S4-mlp_plr,medicine_S4_mlp_plr_no_text,medicine,S4,mlp_plr,validation_2024,AUPRC,0.3904285013421094,0.35886727144693165,0.4300204338502722,ESTIMATED,4770,615,4071,74,2000,2000,1367067884,outcome_stratified_disjoint_patient_cluster_shared_paired_draws,max(y) within split,1,SUPERSEDED_RETAINED_FOR_AUDIT,current_opname_specialty,medicine_S4_mlp_plr_no_text,29fd96c662ed83c5ac87e960e673240723f5d2063e514683fb0db430d43e820a,,efaa27b318a8d3afa211e54e3c9e5d9a108f03570608cc96d0d24eea2e357dfe
P1_06-S4-mlp_plr,medicine_S4_mlp_plr_no_text,medicine,S4,mlp_plr,validation_2024,AUPRC_no_text,0.395242894343205,0.36334896882890705,0.43618415865648313,ESTIMATED,4770,615,4071,74,2000,2000,1367067884,outcome_stratified_disjoint_patient_cluster_shared_paired_draws,max(y) within split,1,SUPERSEDED_RETAINED_FOR_AUDIT,current_opname_specialty,medicine_S4_mlp_plr_no_text,29fd96c662ed83c5ac87e960e673240723f5d2063e514683fb0db430d43e820a,,efaa27b318a8d3afa211e54e3c9e5d9a108f03570608cc96d0d24eea2e357dfe
P1_06-S4-mlp_plr,medicine_S4_mlp_plr_no_text,medicine,S4,mlp_plr,validation_2024,Delta_AUPRC_text_minus_no_text,-0.004814393001095596,-0.017990731851891414,0.008362981830429168,ESTIMATED,4770,615,4071,74,2000,2000,1367067884,outcome_stratified_disjoint_patient_cluster_shared_paired_draws,max(y) within split,1,SUPERSEDED_RETAINED_FOR_AUDIT,current_opname_specialty,medicine_S4_mlp_plr_no_text,29fd96c662ed83c5ac87e960e673240723f5d2063e514683fb0db430d43e820a,,efaa27b318a8d3afa211e54e3c9e5d9a108f03570608cc96d0d24eea2e357dfe
P1_06-S5-ft_transformer,medicine_S5_ft_transformer_no_text,medicine,S5,ft_transformer,oof_2020_2023,AUPRC,0.08575793101943487,0.06892876635218297,0.10709373254929896,ESTIMATED,15995,351,12203,107,2000,2000,2890778478,outcome_stratified_disjoint_patient_cluster_shared_paired_draws,max(y) within split,1,SUPERSEDED_RETAINED_FOR_AUDIT,current_opname_specialty,medicine_S5_ft_transformer_no_text,ceb84897c30abc157caa8dff6269e4e63721f67954357c195e9851f9b6cbce2b,,41901e9364c462db8a6a460e3aa04af075142affe643fffd194bbab5b477b71e
P1_06-S5-ft_transformer,medicine_S5_ft_transformer_no_text,medicine,S5,ft_transformer,oof_2020_2023,AUPRC_no_text,0.0765270958567413,0.06314788405508727,0.09514014747222728,ESTIMATED,15995,351,12203,107,2000,2000,2890778478,outcome_stratified_disjoint_patient_cluster_shared_paired_draws,max(y) within split,1,SUPERSEDED_RETAINED_FOR_AUDIT,current_opname_specialty,medicine_S5_ft_transformer_no_text,ceb84897c30abc157caa8dff6269e4e63721f67954357c195e9851f9b6cbce2b,,41901e9364c462db8a6a460e3aa04af075142affe643fffd194bbab5b477b71e
P1_06-S5-ft_transformer,medicine_S5_ft_transformer_no_text,medicine,S5,ft_transformer,oof_2020_2023,Delta_AUPRC_text_minus_no_text,0.00923083516269356,-0.006557163353035956,0.02635987496860518,ESTIMATED,15995,351,12203,107,2000,2000,2890778478,outcome_stratified_disjoint_patient_cluster_shared_paired_draws,max(y) within split,1,SUPERSEDED_RETAINED_FOR_AUDIT,current_opname_specialty,medicine_S5_ft_transformer_no_text,ceb84897c30abc157caa8dff6269e4e63721f67954357c195e9851f9b6cbce2b,,41901e9364c462db8a6a460e3aa04af075142affe643fffd194bbab5b477b71e
P1_06-S5-ft_transformer,medicine_S5_ft_transformer_no_text,medicine,S5,ft_transformer,validation_2024,AUPRC,0.09016768681200392,0.054768092533074623,0.15188593157752045,ESTIMATED,4770,90,4071,13,2000,2000,482562090,outcome_stratified_disjoint_patient_cluster_shared_paired_draws,max(y) within split,1,SUPERSEDED_RETAINED_FOR_AUDIT,current_opname_specialty,medicine_S5_ft_transformer_no_text,ceb84897c30abc157caa8dff6269e4e63721f67954357c195e9851f9b6cbce2b,,41901e9364c462db8a6a460e3aa04af075142affe643fffd194bbab5b477b71e
P1_06-S5-ft_transformer,medicine_S5_ft_transformer_no_text,medicine,S5,ft_transformer,validation_2024,AUPRC_no_text,0.08759370607814217,0.054102332118412186,0.14635533166545656,ESTIMATED,4770,90,4071,13,2000,2000,482562090,outcome_stratified_disjoint_patient_cluster_shared_paired_draws,max(y) within split,1,SUPERSEDED_RETAINED_FOR_AUDIT,current_opname_specialty,medicine_S5_ft_transformer_no_text,ceb84897c30abc157caa8dff6269e4e63721f67954357c195e9851f9b6cbce2b,,41901e9364c462db8a6a460e3aa04af075142affe643fffd194bbab5b477b71e
P1_06-S5-ft_transformer,medicine_S5_ft_transformer_no_text,medicine,S5,ft_transformer,validation_2024,Delta_AUPRC_text_minus_no_text,0.0025739807338617526,-0.010799078783805151,0.017289317367396317,ESTIMATED,4770,90,4071,13,2000,2000,482562090,outcome_stratified_disjoint_patient_cluster_shared_paired_draws,max(y) within split,1,SUPERSEDED_RETAINED_FOR_AUDIT,current_opname_specialty,medicine_S5_ft_transformer_no_text,ceb84897c30abc157caa8dff6269e4e63721f67954357c195e9851f9b6cbce2b,,41901e9364c462db8a6a460e3aa04af075142affe643fffd194bbab5b477b71e
P1_06-S5-mlp_plr,medicine_S5_mlp_plr_no_text,medicine,S5,mlp_plr,oof_2020_2023,AUPRC,0.08187972155031575,0.0678574055397355,0.10240830068090222,ESTIMATED,15995,351,12203,107,2000,2000,2019211590,outcome_stratified_disjoint_patient_cluster_shared_paired_draws,max(y) within split,1,SUPERSEDED_RETAINED_FOR_AUDIT,current_opname_specialty,medicine_S5_mlp_plr_no_text,c1b07e44aa2a02e472f68f0f1ff6463aba853112fa771646374f78f944b0cd2d,,d895d289f63b2ce5622b0bc7f7610b1f49bbacc666193d196ed8207221a3eb67
P1_06-S5-mlp_plr,medicine_S5_mlp_plr_no_text,medicine,S5,mlp_plr,oof_2020_2023,AUPRC_no_text,0.08886713078448757,0.07250895085421075,0.11010740570865994,ESTIMATED,15995,351,12203,107,2000,2000,2019211590,outcome_stratified_disjoint_patient_cluster_shared_paired_draws,max(y) within split,1,SUPERSEDED_RETAINED_FOR_AUDIT,current_opname_specialty,medicine_S5_mlp_plr_no_text,c1b07e44aa2a02e472f68f0f1ff6463aba853112fa771646374f78f944b0cd2d,,d895d289f63b2ce5622b0bc7f7610b1f49bbacc666193d196ed8207221a3eb67
P1_06-S5-mlp_plr,medicine_S5_mlp_plr_no_text,medicine,S5,mlp_plr,oof_2020_2023,Delta_AUPRC_text_minus_no_text,-0.006987409234171821,-0.015352440338274827,0.0010745527223417635,ESTIMATED,15995,351,12203,107,2000,2000,2019211590,outcome_stratified_disjoint_patient_cluster_shared_paired_draws,max(y) within split,1,SUPERSEDED_RETAINED_FOR_AUDIT,current_opname_specialty,medicine_S5_mlp_plr_no_text,c1b07e44aa2a02e472f68f0f1ff6463aba853112fa771646374f78f944b0cd2d,,d895d289f63b2ce5622b0bc7f7610b1f49bbacc666193d196ed8207221a3eb67
P1_06-S5-mlp_plr,medicine_S5_mlp_plr_no_text,medicine,S5,mlp_plr,validation_2024,AUPRC,0.08258221678546611,0.05520986902195777,0.13332199854157362,ESTIMATED,4770,90,4071,13,2000,2000,28797760,outcome_stratified_disjoint_patient_cluster_shared_paired_draws,max(y) within split,1,SUPERSEDED_RETAINED_FOR_AUDIT,current_opname_specialty,medicine_S5_mlp_plr_no_text,c1b07e44aa2a02e472f68f0f1ff6463aba853112fa771646374f78f944b0cd2d,,d895d289f63b2ce5622b0bc7f7610b1f49bbacc666193d196ed8207221a3eb67
P1_06-S5-mlp_plr,medicine_S5_mlp_plr_no_text,medicine,S5,mlp_plr,validation_2024,AUPRC_no_text,0.09426691259215468,0.0599436223347823,0.15250120892618857,ESTIMATED,4770,90,4071,13,2000,2000,28797760,outcome_stratified_disjoint_patient_cluster_shared_paired_draws,max(y) within split,1,SUPERSEDED_RETAINED_FOR_AUDIT,current_opname_specialty,medicine_S5_mlp_plr_no_text,c1b07e44aa2a02e472f68f0f1ff6463aba853112fa771646374f78f944b0cd2d,,d895d289f63b2ce5622b0bc7f7610b1f49bbacc666193d196ed8207221a3eb67
P1_06-S5-mlp_plr,medicine_S5_mlp_plr_no_text,medicine,S5,mlp_plr,validation_2024,Delta_AUPRC_text_minus_no_text,-0.011684695806688572,-0.028054446151658783,0.0012491981483925365,ESTIMATED,4770,90,4071,13,2000,2000,28797760,outcome_stratified_disjoint_patient_cluster_shared_paired_draws,max(y) within split,1,SUPERSEDED_RETAINED_FOR_AUDIT,current_opname_specialty,medicine_S5_mlp_plr_no_text,c1b07e44aa2a02e472f68f0f1ff6463aba853112fa771646374f78f944b0cd2d,,d895d289f63b2ce5622b0bc7f7610b1f49bbacc666193d196ed8207221a3eb67
P1_06-S6-ft_transformer,medicine_S6_ft_transformer_no_text,medicine,S6,ft_transformer,oof_2020_2023,AUPRC,0.1803995262406802,0.16164641918255251,0.20327197131199284,ESTIMATED,15995,1018,12203,305,2000,2000,510159061,outcome_stratified_disjoint_patient_cluster_shared_paired_draws,max(y) within split,1,SUPERSEDED_RETAINED_FOR_AUDIT,current_opname_specialty,medicine_S6_ft_transformer_no_text,1075cffc1fa12b05fa9a69cd61907fe0ac9698fd3e7fb4d15c0647f22e758f89,,2c56bb0f198da8432262152a8266b28a708976071d1f2fc6ed86c2f73fca0926
P1_06-S6-ft_transformer,medicine_S6_ft_transformer_no_text,medicine,S6,ft_transformer,oof_2020_2023,AUPRC_no_text,0.18272694925228866,0.16440675035512464,0.20547798593393407,ESTIMATED,15995,1018,12203,305,2000,2000,510159061,outcome_stratified_disjoint_patient_cluster_shared_paired_draws,max(y) within split,1,SUPERSEDED_RETAINED_FOR_AUDIT,current_opname_specialty,medicine_S6_ft_transformer_no_text,1075cffc1fa12b05fa9a69cd61907fe0ac9698fd3e7fb4d15c0647f22e758f89,,2c56bb0f198da8432262152a8266b28a708976071d1f2fc6ed86c2f73fca0926
P1_06-S6-ft_transformer,medicine_S6_ft_transformer_no_text,medicine,S6,ft_transformer,oof_2020_2023,Delta_AUPRC_text_minus_no_text,-0.0023274230116084593,-0.009246460899913163,0.0061811276117892,ESTIMATED,15995,1018,12203,305,2000,2000,510159061,outcome_stratified_disjoint_patient_cluster_shared_paired_draws,max(y) within split,1,SUPERSEDED_RETAINED_FOR_AUDIT,current_opname_specialty,medicine_S6_ft_transformer_no_text,1075cffc1fa12b05fa9a69cd61907fe0ac9698fd3e7fb4d15c0647f22e758f89,,2c56bb0f198da8432262152a8266b28a708976071d1f2fc6ed86c2f73fca0926
P1_06-S6-ft_transformer,medicine_S6_ft_transformer_no_text,medicine,S6,ft_transformer,validation_2024,AUPRC,0.13953665878834187,0.11997978394558576,0.16812279036733757,ESTIMATED,4770,288,4071,56,2000,2000,1609837338,outcome_stratified_disjoint_patient_cluster_shared_paired_draws,max(y) within split,1,SUPERSEDED_RETAINED_FOR_AUDIT,current_opname_specialty,medicine_S6_ft_transformer_no_text,1075cffc1fa12b05fa9a69cd61907fe0ac9698fd3e7fb4d15c0647f22e758f89,,2c56bb0f198da8432262152a8266b28a708976071d1f2fc6ed86c2f73fca0926
P1_06-S6-ft_transformer,medicine_S6_ft_transformer_no_text,medicine,S6,ft_transformer,validation_2024,AUPRC_no_text,0.13846057962058195,0.11861348336806099,0.1675221940862204,ESTIMATED,4770,288,4071,56,2000,2000,1609837338,outcome_stratified_disjoint_patient_cluster_shared_paired_draws,max(y) within split,1,SUPERSEDED_RETAINED_FOR_AUDIT,current_opname_specialty,medicine_S6_ft_transformer_no_text,1075cffc1fa12b05fa9a69cd61907fe0ac9698fd3e7fb4d15c0647f22e758f89,,2c56bb0f198da8432262152a8266b28a708976071d1f2fc6ed86c2f73fca0926
P1_06-S6-ft_transformer,medicine_S6_ft_transformer_no_text,medicine,S6,ft_transformer,validation_2024,Delta_AUPRC_text_minus_no_text,0.0010760791677599246,-0.007330534361033704,0.00897215040267493,ESTIMATED,4770,288,4071,56,2000,2000,1609837338,outcome_stratified_disjoint_patient_cluster_shared_paired_draws,max(y) within split,1,SUPERSEDED_RETAINED_FOR_AUDIT,current_opname_specialty,medicine_S6_ft_transformer_no_text,1075cffc1fa12b05fa9a69cd61907fe0ac9698fd3e7fb4d15c0647f22e758f89,,2c56bb0f198da8432262152a8266b28a708976071d1f2fc6ed86c2f73fca0926
P1_06-S6-mlp_plr,medicine_S6_mlp_plr_no_text,medicine,S6,mlp_plr,oof_2020_2023,AUPRC,0.1863548703428666,0.16930729870170927,0.21018161375044944,ESTIMATED,15995,1018,12203,305,2000,2000,1164908740,outcome_stratified_disjoint_patient_cluster_shared_paired_draws,max(y) within split,1,SUPERSEDED_RETAINED_FOR_AUDIT,current_opname_specialty,medicine_S6_mlp_plr_no_text,f78105a5e2b8763f0223ca93d9d7b273825ec9594a5a6c8a3a9a8aed6d7b7a70,,f36c30be17ef41dae38febbf2c9656af20b1eff54b3d9e84c2924a994b2d7a73
P1_06-S6-mlp_plr,medicine_S6_mlp_plr_no_text,medicine,S6,mlp_plr,oof_2020_2023,AUPRC_no_text,0.18810165359488576,0.17000036052839287,0.2119533466339205,ESTIMATED,15995,1018,12203,305,2000,2000,1164908740,outcome_stratified_disjoint_patient_cluster_shared_paired_draws,max(y) within split,1,SUPERSEDED_RETAINED_FOR_AUDIT,current_opname_specialty,medicine_S6_mlp_plr_no_text,f78105a5e2b8763f0223ca93d9d7b273825ec9594a5a6c8a3a9a8aed6d7b7a70,,f36c30be17ef41dae38febbf2c9656af20b1eff54b3d9e84c2924a994b2d7a73
P1_06-S6-mlp_plr,medicine_S6_mlp_plr_no_text,medicine,S6,mlp_plr,oof_2020_2023,Delta_AUPRC_text_minus_no_text,-0.0017467832520191573,-0.008594985762265927,0.004962903063387464,ESTIMATED,15995,1018,12203,305,2000,2000,1164908740,outcome_stratified_disjoint_patient_cluster_shared_paired_draws,max(y) within split,1,SUPERSEDED_RETAINED_FOR_AUDIT,current_opname_specialty,medicine_S6_mlp_plr_no_text,f78105a5e2b8763f0223ca93d9d7b273825ec9594a5a6c8a3a9a8aed6d7b7a70,,f36c30be17ef41dae38febbf2c9656af20b1eff54b3d9e84c2924a994b2d7a73
P1_06-S6-mlp_plr,medicine_S6_mlp_plr_no_text,medicine,S6,mlp_plr,validation_2024,AUPRC,0.15513486264178347,0.1311837426330463,0.1868475496130624,ESTIMATED,4770,288,4071,56,2000,2000,2667339029,outcome_stratified_disjoint_patient_cluster_shared_paired_draws,max(y) within split,1,SUPERSEDED_RETAINED_FOR_AUDIT,current_opname_specialty,medicine_S6_mlp_plr_no_text,f78105a5e2b8763f0223ca93d9d7b273825ec9594a5a6c8a3a9a8aed6d7b7a70,,f36c30be17ef41dae38febbf2c9656af20b1eff54b3d9e84c2924a994b2d7a73
P1_06-S6-mlp_plr,medicine_S6_mlp_plr_no_text,medicine,S6,mlp_plr,validation_2024,AUPRC_no_text,0.15495652134003957,0.13108923861677987,0.1881194966610282,ESTIMATED,4770,288,4071,56,2000,2000,2667339029,outcome_stratified_disjoint_patient_cluster_shared_paired_draws,max(y) within split,1,SUPERSEDED_RETAINED_FOR_AUDIT,current_opname_specialty,medicine_S6_mlp_plr_no_text,f78105a5e2b8763f0223ca93d9d7b273825ec9594a5a6c8a3a9a8aed6d7b7a70,,f36c30be17ef41dae38febbf2c9656af20b1eff54b3d9e84c2924a994b2d7a73
P1_06-S6-mlp_plr,medicine_S6_mlp_plr_no_text,medicine,S6,mlp_plr,validation_2024,Delta_AUPRC_text_minus_no_text,0.00017834130174390617,-0.017197632583410404,0.017796185287188317,ESTIMATED,4770,288,4071,56,2000,2000,2667339029,outcome_stratified_disjoint_patient_cluster_shared_paired_draws,max(y) within split,1,SUPERSEDED_RETAINED_FOR_AUDIT,current_opname_specialty,medicine_S6_mlp_plr_no_text,f78105a5e2b8763f0223ca93d9d7b273825ec9594a5a6c8a3a9a8aed6d7b7a70,,f36c30be17ef41dae38febbf2c9656af20b1eff54b3d9e84c2924a994b2d7a73
P1_06-P1-ft_transformer,surgery_P1_ft_transformer_no_text,surgery,P1,ft_transformer,oof_2020_2023,AUPRC,0.02396895720566631,0.006952918634001737,0.0874007145102407,ESTIMATED,8731,9,8433,1,2000,2000,2145719470,outcome_stratified_disjoint_patient_cluster_shared_paired_draws,max(y) within split,1,SUPERSEDED_RETAINED_FOR_AUDIT,current_opname_specialty,surgery_P1_ft_transformer_no_text,3f895556ba3bd25e3626b7050fced62ab60b8e3a4783ff772cb55625fa85d2dd,,0f8cdd30a4779507e9e3fdb7986650c910e233ec543ce2b38e9f534cedd2a950
P1_06-P1-ft_transformer,surgery_P1_ft_transformer_no_text,surgery,P1,ft_transformer,oof_2020_2023,AUPRC_no_text,0.015998211734431528,0.003290172329346341,0.06663384753632547,ESTIMATED,8731,9,8433,1,2000,2000,2145719470,outcome_stratified_disjoint_patient_cluster_shared_paired_draws,max(y) within split,1,SUPERSEDED_RETAINED_FOR_AUDIT,current_opname_specialty,surgery_P1_ft_transformer_no_text,3f895556ba3bd25e3626b7050fced62ab60b8e3a4783ff772cb55625fa85d2dd,,0f8cdd30a4779507e9e3fdb7986650c910e233ec543ce2b38e9f534cedd2a950
P1_06-P1-ft_transformer,surgery_P1_ft_transformer_no_text,surgery,P1,ft_transformer,oof_2020_2023,Delta_AUPRC_text_minus_no_text,0.007970745471234782,0.0018843257230265532,0.02538103128733018,ESTIMATED,8731,9,8433,1,2000,2000,2145719470,outcome_stratified_disjoint_patient_cluster_shared_paired_draws,max(y) within split,1,SUPERSEDED_RETAINED_FOR_AUDIT,current_opname_specialty,surgery_P1_ft_transformer_no_text,3f895556ba3bd25e3626b7050fced62ab60b8e3a4783ff772cb55625fa85d2dd,,0f8cdd30a4779507e9e3fdb7986650c910e233ec543ce2b38e9f534cedd2a950
P1_06-P1-ft_transformer,surgery_P1_ft_transformer_no_text,surgery,P1,ft_transformer,validation_2024,AUPRC,0.12637943909985908,0.06601856143787777,0.29411663320745085,ESTIMATED,2712,9,2657,0,2000,2000,2112710418,outcome_stratified_disjoint_patient_cluster_shared_paired_draws,max(y) within split,1,SUPERSEDED_RETAINED_FOR_AUDIT,current_opname_specialty,surgery_P1_ft_transformer_no_text,3f895556ba3bd25e3626b7050fced62ab60b8e3a4783ff772cb55625fa85d2dd,,0f8cdd30a4779507e9e3fdb7986650c910e233ec543ce2b38e9f534cedd2a950
P1_06-P1-ft_transformer,surgery_P1_ft_transformer_no_text,surgery,P1,ft_transformer,validation_2024,AUPRC_no_text,0.21322700339014186,0.12464699804589885,0.42869054641917503,ESTIMATED,2712,9,2657,0,2000,2000,2112710418,outcome_stratified_disjoint_patient_cluster_shared_paired_draws,max(y) within split,1,SUPERSEDED_RETAINED_FOR_AUDIT,current_opname_specialty,surgery_P1_ft_transformer_no_text,3f895556ba3bd25e3626b7050fced62ab60b8e3a4783ff772cb55625fa85d2dd,,0f8cdd30a4779507e9e3fdb7986650c910e233ec543ce2b38e9f534cedd2a950
P1_06-P1-ft_transformer,surgery_P1_ft_transformer_no_text,surgery,P1,ft_transformer,validation_2024,Delta_AUPRC_text_minus_no_text,-0.08684756429028279,-0.23228682704651182,0.006403759070717915,ESTIMATED,2712,9,2657,0,2000,2000,2112710418,outcome_stratified_disjoint_patient_cluster_shared_paired_draws,max(y) within split,1,SUPERSEDED_RETAINED_FOR_AUDIT,current_opname_specialty,surgery_P1_ft_transformer_no_text,3f895556ba3bd25e3626b7050fced62ab60b8e3a4783ff772cb55625fa85d2dd,,0f8cdd30a4779507e9e3fdb7986650c910e233ec543ce2b38e9f534cedd2a950
P1_06-P1-mlp_plr,surgery_P1_mlp_plr_no_text,surgery,P1,mlp_plr,oof_2020_2023,AUPRC,0.005661408423432627,0.0013975649667964682,0.02472951050394404,ESTIMATED,8731,9,8433,1,2000,2000,1965476556,outcome_stratified_disjoint_patient_cluster_shared_paired_draws,max(y) within split,1,SUPERSEDED_RETAINED_FOR_AUDIT,current_opname_specialty,surgery_P1_mlp_plr_no_text,c0179769f06660816925cfa168445137871a88faad9a84b0e15b845a92a8e8f2,,3262eaba0570fd83772397ef33721dd6b8df0b4d0e00d8c2cc7dd661231e7bea
P1_06-P1-mlp_plr,surgery_P1_mlp_plr_no_text,surgery,P1,mlp_plr,oof_2020_2023,AUPRC_no_text,0.01126842096411443,0.0020488056274307843,0.0444645716414234,ESTIMATED,8731,9,8433,1,2000,2000,1965476556,outcome_stratified_disjoint_patient_cluster_shared_paired_draws,max(y) within split,1,SUPERSEDED_RETAINED_FOR_AUDIT,current_opname_specialty,surgery_P1_mlp_plr_no_text,c0179769f06660816925cfa168445137871a88faad9a84b0e15b845a92a8e8f2,,3262eaba0570fd83772397ef33721dd6b8df0b4d0e00d8c2cc7dd661231e7bea
P1_06-P1-mlp_plr,surgery_P1_mlp_plr_no_text,surgery,P1,mlp_plr,oof_2020_2023,Delta_AUPRC_text_minus_no_text,-0.005607012540681803,-0.02760377703193556,0.001275281255541602,ESTIMATED,8731,9,8433,1,2000,2000,1965476556,outcome_stratified_disjoint_patient_cluster_shared_paired_draws,max(y) within split,1,SUPERSEDED_RETAINED_FOR_AUDIT,current_opname_specialty,surgery_P1_mlp_plr_no_text,c0179769f06660816925cfa168445137871a88faad9a84b0e15b845a92a8e8f2,,3262eaba0570fd83772397ef33721dd6b8df0b4d0e00d8c2cc7dd661231e7bea
P1_06-P1-mlp_plr,surgery_P1_mlp_plr_no_text,surgery,P1,mlp_plr,validation_2024,AUPRC,0.570920714070457,0.29053793405970674,0.8647417048284727,ESTIMATED,2712,9,2657,0,2000,2000,588792146,outcome_stratified_disjoint_patient_cluster_shared_paired_draws,max(y) within split,1,SUPERSEDED_RETAINED_FOR_AUDIT,current_opname_specialty,surgery_P1_mlp_plr_no_text,c0179769f06660816925cfa168445137871a88faad9a84b0e15b845a92a8e8f2,,3262eaba0570fd83772397ef33721dd6b8df0b4d0e00d8c2cc7dd661231e7bea
P1_06-P1-mlp_plr,surgery_P1_mlp_plr_no_text,surgery,P1,mlp_plr,validation_2024,AUPRC_no_text,0.4152594234234723,0.1485413301882681,0.7226212368148337,ESTIMATED,2712,9,2657,0,2000,2000,588792146,outcome_stratified_disjoint_patient_cluster_shared_paired_draws,max(y) within split,1,SUPERSEDED_RETAINED_FOR_AUDIT,current_opname_specialty,surgery_P1_mlp_plr_no_text,c0179769f06660816925cfa168445137871a88faad9a84b0e15b845a92a8e8f2,,3262eaba0570fd83772397ef33721dd6b8df0b4d0e00d8c2cc7dd661231e7bea
P1_06-P1-mlp_plr,surgery_P1_mlp_plr_no_text,surgery,P1,mlp_plr,validation_2024,Delta_AUPRC_text_minus_no_text,0.1556612906469847,0.021258709737125174,0.3525427061350984,ESTIMATED,2712,9,2657,0,2000,2000,588792146,outcome_stratified_disjoint_patient_cluster_shared_paired_draws,max(y) within split,1,SUPERSEDED_RETAINED_FOR_AUDIT,current_opname_specialty,surgery_P1_mlp_plr_no_text,c0179769f06660816925cfa168445137871a88faad9a84b0e15b845a92a8e8f2,,3262eaba0570fd83772397ef33721dd6b8df0b4d0e00d8c2cc7dd661231e7bea
P1_06-P2-ft_transformer,surgery_P2_ft_transformer_no_text,surgery,P2,ft_transformer,oof_2020_2023,AUPRC,0.2447853307935942,0.17860942178147637,0.32843572967286816,ESTIMATED,8731,120,8433,9,2000,2000,2787971789,outcome_stratified_disjoint_patient_cluster_shared_paired_draws,max(y) within split,1,SUPERSEDED_RETAINED_FOR_AUDIT,current_opname_specialty,surgery_P2_ft_transformer_no_text,f289ea2dddcca8d3850bb2a2cb38be010a61b28f648f6f207bae58eac6c730cd,,f720851cd804afeb6f7f260f90dde7a1af3dbce1466fa098bface7004dcc30a5
P1_06-P2-ft_transformer,surgery_P2_ft_transformer_no_text,surgery,P2,ft_transformer,oof_2020_2023,AUPRC_no_text,0.24767159911613712,0.18479580254811523,0.33112154399293164,ESTIMATED,8731,120,8433,9,2000,2000,2787971789,outcome_stratified_disjoint_patient_cluster_shared_paired_draws,max(y) within split,1,SUPERSEDED_RETAINED_FOR_AUDIT,current_opname_specialty,surgery_P2_ft_transformer_no_text,f289ea2dddcca8d3850bb2a2cb38be010a61b28f648f6f207bae58eac6c730cd,,f720851cd804afeb6f7f260f90dde7a1af3dbce1466fa098bface7004dcc30a5
P1_06-P2-ft_transformer,surgery_P2_ft_transformer_no_text,surgery,P2,ft_transformer,oof_2020_2023,Delta_AUPRC_text_minus_no_text,-0.0028862683225429064,-0.039562280671082646,0.032574997669407545,ESTIMATED,8731,120,8433,9,2000,2000,2787971789,outcome_stratified_disjoint_patient_cluster_shared_paired_draws,max(y) within split,1,SUPERSEDED_RETAINED_FOR_AUDIT,current_opname_specialty,surgery_P2_ft_transformer_no_text,f289ea2dddcca8d3850bb2a2cb38be010a61b28f648f6f207bae58eac6c730cd,,f720851cd804afeb6f7f260f90dde7a1af3dbce1466fa098bface7004dcc30a5
P1_06-P2-ft_transformer,surgery_P2_ft_transformer_no_text,surgery,P2,ft_transformer,validation_2024,AUPRC,0.49416684827409485,0.3473312981138157,0.64554335962041,ESTIMATED,2712,41,2657,1,2000,2000,1804900530,outcome_stratified_disjoint_patient_cluster_shared_paired_draws,max(y) within split,1,SUPERSEDED_RETAINED_FOR_AUDIT,current_opname_specialty,surgery_P2_ft_transformer_no_text,f289ea2dddcca8d3850bb2a2cb38be010a61b28f648f6f207bae58eac6c730cd,,f720851cd804afeb6f7f260f90dde7a1af3dbce1466fa098bface7004dcc30a5
P1_06-P2-ft_transformer,surgery_P2_ft_transformer_no_text,surgery,P2,ft_transformer,validation_2024,AUPRC_no_text,0.39590727599970243,0.26162070969976986,0.5703805281740937,ESTIMATED,2712,41,2657,1,2000,2000,1804900530,outcome_stratified_disjoint_patient_cluster_shared_paired_draws,max(y) within split,1,SUPERSEDED_RETAINED_FOR_AUDIT,current_opname_specialty,surgery_P2_ft_transformer_no_text,f289ea2dddcca8d3850bb2a2cb38be010a61b28f648f6f207bae58eac6c730cd,,f720851cd804afeb6f7f260f90dde7a1af3dbce1466fa098bface7004dcc30a5
P1_06-P2-ft_transformer,surgery_P2_ft_transformer_no_text,surgery,P2,ft_transformer,validation_2024,Delta_AUPRC_text_minus_no_text,0.09825957227439241,0.02596200617686585,0.1546353410242712,ESTIMATED,2712,41,2657,1,2000,2000,1804900530,outcome_stratified_disjoint_patient_cluster_shared_paired_draws,max(y) within split,1,SUPERSEDED_RETAINED_FOR_AUDIT,current_opname_specialty,surgery_P2_ft_transformer_no_text,f289ea2dddcca8d3850bb2a2cb38be010a61b28f648f6f207bae58eac6c730cd,,f720851cd804afeb6f7f260f90dde7a1af3dbce1466fa098bface7004dcc30a5
P1_06-P2-mlp_plr,surgery_P2_mlp_plr_no_text,surgery,P2,mlp_plr,oof_2020_2023,AUPRC,0.24853942795687703,0.18169038958152234,0.33256658264409356,ESTIMATED,8731,120,8433,9,2000,2000,3120969761,outcome_stratified_disjoint_patient_cluster_shared_paired_draws,max(y) within split,1,SUPERSEDED_RETAINED_FOR_AUDIT,current_opname_specialty,surgery_P2_mlp_plr_no_text,9c96943c0e684a6a5dd63340b300fa91642129194ed49bfe3dead88380c5863d,,9321c58e33d5b961a1d9224fa99eb0a514cf88fd369996828a8c4232d44a03b0
P1_06-P2-mlp_plr,surgery_P2_mlp_plr_no_text,surgery,P2,mlp_plr,oof_2020_2023,AUPRC_no_text,0.2501701067072637,0.18538306973721494,0.33454130419809647,ESTIMATED,8731,120,8433,9,2000,2000,3120969761,outcome_stratified_disjoint_patient_cluster_shared_paired_draws,max(y) within split,1,SUPERSEDED_RETAINED_FOR_AUDIT,current_opname_specialty,surgery_P2_mlp_plr_no_text,9c96943c0e684a6a5dd63340b300fa91642129194ed49bfe3dead88380c5863d,,9321c58e33d5b961a1d9224fa99eb0a514cf88fd369996828a8c4232d44a03b0
P1_06-P2-mlp_plr,surgery_P2_mlp_plr_no_text,surgery,P2,mlp_plr,oof_2020_2023,Delta_AUPRC_text_minus_no_text,-0.001630678750386666,-0.02255003583872093,0.019863733644184214,ESTIMATED,8731,120,8433,9,2000,2000,3120969761,outcome_stratified_disjoint_patient_cluster_shared_paired_draws,max(y) within split,1,SUPERSEDED_RETAINED_FOR_AUDIT,current_opname_specialty,surgery_P2_mlp_plr_no_text,9c96943c0e684a6a5dd63340b300fa91642129194ed49bfe3dead88380c5863d,,9321c58e33d5b961a1d9224fa99eb0a514cf88fd369996828a8c4232d44a03b0
P1_06-P2-mlp_plr,surgery_P2_mlp_plr_no_text,surgery,P2,mlp_plr,validation_2024,AUPRC,0.42404754121956895,0.2765873173669386,0.5798707080797116,ESTIMATED,2712,41,2657,1,2000,2000,2992480374,outcome_stratified_disjoint_patient_cluster_shared_paired_draws,max(y) within split,1,SUPERSEDED_RETAINED_FOR_AUDIT,current_opname_specialty,surgery_P2_mlp_plr_no_text,9c96943c0e684a6a5dd63340b300fa91642129194ed49bfe3dead88380c5863d,,9321c58e33d5b961a1d9224fa99eb0a514cf88fd369996828a8c4232d44a03b0
P1_06-P2-mlp_plr,surgery_P2_mlp_plr_no_text,surgery,P2,mlp_plr,validation_2024,AUPRC_no_text,0.4085679834333211,0.26336494029602264,0.5573061859201555,ESTIMATED,2712,41,2657,1,2000,2000,2992480374,outcome_stratified_disjoint_patient_cluster_shared_paired_draws,max(y) within split,1,SUPERSEDED_RETAINED_FOR_AUDIT,current_opname_specialty,surgery_P2_mlp_plr_no_text,9c96943c0e684a6a5dd63340b300fa91642129194ed49bfe3dead88380c5863d,,9321c58e33d5b961a1d9224fa99eb0a514cf88fd369996828a8c4232d44a03b0
P1_06-P2-mlp_plr,surgery_P2_mlp_plr_no_text,surgery,P2,mlp_plr,validation_2024,Delta_AUPRC_text_minus_no_text,0.015479557786247822,-0.028936413668804388,0.06723502375208307,ESTIMATED,2712,41,2657,1,2000,2000,2992480374,outcome_stratified_disjoint_patient_cluster_shared_paired_draws,max(y) within split,1,SUPERSEDED_RETAINED_FOR_AUDIT,current_opname_specialty,surgery_P2_mlp_plr_no_text,9c96943c0e684a6a5dd63340b300fa91642129194ed49bfe3dead88380c5863d,,9321c58e33d5b961a1d9224fa99eb0a514cf88fd369996828a8c4232d44a03b0
P1_06-P3-ft_transformer,surgery_P3_ft_transformer_no_text,surgery,P3,ft_transformer,oof_2020_2023,AUPRC,0.2667568057434879,0.18923014635936888,0.3933468793103319,ESTIMATED,8731,56,8433,1,2000,2000,512026504,outcome_stratified_disjoint_patient_cluster_shared_paired_draws,max(y) within split,1,SUPERSEDED_RETAINED_FOR_AUDIT,current_opname_specialty,surgery_P3_ft_transformer_no_text,7a311d34d0c4581806b53083e0d7b0597d3fd6a0fbfd55e971f7001b227f76cd,,5bdb7cf53b8f064b70890b01c788da38c63cabd0d27cb32df46b6943791f906f
P1_06-P3-ft_transformer,surgery_P3_ft_transformer_no_text,surgery,P3,ft_transformer,oof_2020_2023,AUPRC_no_text,0.2550136262607763,0.178776210628545,0.3784249711726674,ESTIMATED,8731,56,8433,1,2000,2000,512026504,outcome_stratified_disjoint_patient_cluster_shared_paired_draws,max(y) within split,1,SUPERSEDED_RETAINED_FOR_AUDIT,current_opname_specialty,surgery_P3_ft_transformer_no_text,7a311d34d0c4581806b53083e0d7b0597d3fd6a0fbfd55e971f7001b227f76cd,,5bdb7cf53b8f064b70890b01c788da38c63cabd0d27cb32df46b6943791f906f
P1_06-P3-ft_transformer,surgery_P3_ft_transformer_no_text,surgery,P3,ft_transformer,oof_2020_2023,Delta_AUPRC_text_minus_no_text,0.011743179482711641,-0.011811648154958596,0.03880746254510952,ESTIMATED,8731,56,8433,1,2000,2000,512026504,outcome_stratified_disjoint_patient_cluster_shared_paired_draws,max(y) within split,1,SUPERSEDED_RETAINED_FOR_AUDIT,current_opname_specialty,surgery_P3_ft_transformer_no_text,7a311d34d0c4581806b53083e0d7b0597d3fd6a0fbfd55e971f7001b227f76cd,,5bdb7cf53b8f064b70890b01c788da38c63cabd0d27cb32df46b6943791f906f
P1_06-P3-ft_transformer,surgery_P3_ft_transformer_no_text,surgery,P3,ft_transformer,validation_2024,AUPRC,0.5218924010087764,0.3698813592685755,0.731098457035503,ESTIMATED,2712,32,2657,1,2000,2000,3851342710,outcome_stratified_disjoint_patient_cluster_shared_paired_draws,max(y) within split,1,SUPERSEDED_RETAINED_FOR_AUDIT,current_opname_specialty,surgery_P3_ft_transformer_no_text,7a311d34d0c4581806b53083e0d7b0597d3fd6a0fbfd55e971f7001b227f76cd,,5bdb7cf53b8f064b70890b01c788da38c63cabd0d27cb32df46b6943791f906f
P1_06-P3-ft_transformer,surgery_P3_ft_transformer_no_text,surgery,P3,ft_transformer,validation_2024,AUPRC_no_text,0.5762353955045901,0.41647453810215285,0.7358114068870267,ESTIMATED,2712,32,2657,1,2000,2000,3851342710,outcome_stratified_disjoint_patient_cluster_shared_paired_draws,max(y) within split,1,SUPERSEDED_RETAINED_FOR_AUDIT,current_opname_specialty,surgery_P3_ft_transformer_no_text,7a311d34d0c4581806b53083e0d7b0597d3fd6a0fbfd55e971f7001b227f76cd,,5bdb7cf53b8f064b70890b01c788da38c63cabd0d27cb32df46b6943791f906f
P1_06-P3-ft_transformer,surgery_P3_ft_transformer_no_text,surgery,P3,ft_transformer,validation_2024,Delta_AUPRC_text_minus_no_text,-0.0543429944958137,-0.14721058814116045,0.07923498095650744,ESTIMATED,2712,32,2657,1,2000,2000,3851342710,outcome_stratified_disjoint_patient_cluster_shared_paired_draws,max(y) within split,1,SUPERSEDED_RETAINED_FOR_AUDIT,current_opname_specialty,surgery_P3_ft_transformer_no_text,7a311d34d0c4581806b53083e0d7b0597d3fd6a0fbfd55e971f7001b227f76cd,,5bdb7cf53b8f064b70890b01c788da38c63cabd0d27cb32df46b6943791f906f
P1_06-P3-mlp_plr,surgery_P3_mlp_plr_no_text,surgery,P3,mlp_plr,oof_2020_2023,AUPRC,0.2692644941580596,0.19010221434047989,0.3967530426413333,ESTIMATED,8731,56,8433,1,2000,2000,661286,outcome_stratified_disjoint_patient_cluster_shared_paired_draws,max(y) within split,1,SUPERSEDED_RETAINED_FOR_AUDIT,current_opname_specialty,surgery_P3_mlp_plr_no_text,0a81f56b9c60f3cf345ab927aed640e6f3a7fc1b057327869c35ca1e7a8bf5e9,,40e9d1e0b740cf8de513a48b19f76e25d5bc2836f637ba58c302c8a05ae4a98d
P1_06-P3-mlp_plr,surgery_P3_mlp_plr_no_text,surgery,P3,mlp_plr,oof_2020_2023,AUPRC_no_text,0.28531776569507844,0.19461223637001943,0.4306061573799786,ESTIMATED,8731,56,8433,1,2000,2000,661286,outcome_stratified_disjoint_patient_cluster_shared_paired_draws,max(y) within split,1,SUPERSEDED_RETAINED_FOR_AUDIT,current_opname_specialty,surgery_P3_mlp_plr_no_text,0a81f56b9c60f3cf345ab927aed640e6f3a7fc1b057327869c35ca1e7a8bf5e9,,40e9d1e0b740cf8de513a48b19f76e25d5bc2836f637ba58c302c8a05ae4a98d
P1_06-P3-mlp_plr,surgery_P3_mlp_plr_no_text,surgery,P3,mlp_plr,oof_2020_2023,Delta_AUPRC_text_minus_no_text,-0.016053271537018854,-0.05833459240319718,0.017539928439567094,ESTIMATED,8731,56,8433,1,2000,2000,661286,outcome_stratified_disjoint_patient_cluster_shared_paired_draws,max(y) within split,1,SUPERSEDED_RETAINED_FOR_AUDIT,current_opname_specialty,surgery_P3_mlp_plr_no_text,0a81f56b9c60f3cf345ab927aed640e6f3a7fc1b057327869c35ca1e7a8bf5e9,,40e9d1e0b740cf8de513a48b19f76e25d5bc2836f637ba58c302c8a05ae4a98d
P1_06-P3-mlp_plr,surgery_P3_mlp_plr_no_text,surgery,P3,mlp_plr,validation_2024,AUPRC,0.6181316895845206,0.4618288818140834,0.8078454315652206,ESTIMATED,2712,32,2657,1,2000,2000,3826539658,outcome_stratified_disjoint_patient_cluster_shared_paired_draws,max(y) within split,1,SUPERSEDED_RETAINED_FOR_AUDIT,current_opname_specialty,surgery_P3_mlp_plr_no_text,0a81f56b9c60f3cf345ab927aed640e6f3a7fc1b057327869c35ca1e7a8bf5e9,,40e9d1e0b740cf8de513a48b19f76e25d5bc2836f637ba58c302c8a05ae4a98d
P1_06-P3-mlp_plr,surgery_P3_mlp_plr_no_text,surgery,P3,mlp_plr,validation_2024,AUPRC_no_text,0.6185505627534912,0.46126409940658336,0.802608516147666,ESTIMATED,2712,32,2657,1,2000,2000,3826539658,outcome_stratified_disjoint_patient_cluster_shared_paired_draws,max(y) within split,1,SUPERSEDED_RETAINED_FOR_AUDIT,current_opname_specialty,surgery_P3_mlp_plr_no_text,0a81f56b9c60f3cf345ab927aed640e6f3a7fc1b057327869c35ca1e7a8bf5e9,,40e9d1e0b740cf8de513a48b19f76e25d5bc2836f637ba58c302c8a05ae4a98d
P1_06-P3-mlp_plr,surgery_P3_mlp_plr_no_text,surgery,P3,mlp_plr,validation_2024,Delta_AUPRC_text_minus_no_text,-0.00041887316897060156,-0.07293836128605875,0.07743618092663823,ESTIMATED,2712,32,2657,1,2000,2000,3826539658,outcome_stratified_disjoint_patient_cluster_shared_paired_draws,max(y) within split,1,SUPERSEDED_RETAINED_FOR_AUDIT,current_opname_specialty,surgery_P3_mlp_plr_no_text,0a81f56b9c60f3cf345ab927aed640e6f3a7fc1b057327869c35ca1e7a8bf5e9,,40e9d1e0b740cf8de513a48b19f76e25d5bc2836f637ba58c302c8a05ae4a98d
P1_06-S1-ft_transformer,surgery_S1_ft_transformer_no_text,surgery,S1,ft_transformer,oof_2020_2023,AUPRC,0.17243845985971462,0.08473407462079678,0.3162798600870751,ESTIMATED,8731,33,8433,1,2000,2000,4261937418,outcome_stratified_disjoint_patient_cluster_shared_paired_draws,max(y) within split,1,SUPERSEDED_RETAINED_FOR_AUDIT,current_opname_specialty,surgery_S1_ft_transformer_no_text,42767bfcc0253c065d8785123f6376501485d16bc7768e666dd37a252d73f26b,,f3e1f27a69da09e41859b989add7317d037b4bea427702c16cd9aa636cf62b34
P1_06-S1-ft_transformer,surgery_S1_ft_transformer_no_text,surgery,S1,ft_transformer,oof_2020_2023,AUPRC_no_text,0.1481711493906638,0.062186753520561674,0.27571641226577936,ESTIMATED,8731,33,8433,1,2000,2000,4261937418,outcome_stratified_disjoint_patient_cluster_shared_paired_draws,max(y) within split,1,SUPERSEDED_RETAINED_FOR_AUDIT,current_opname_specialty,surgery_S1_ft_transformer_no_text,42767bfcc0253c065d8785123f6376501485d16bc7768e666dd37a252d73f26b,,f3e1f27a69da09e41859b989add7317d037b4bea427702c16cd9aa636cf62b34
P1_06-S1-ft_transformer,surgery_S1_ft_transformer_no_text,surgery,S1,ft_transformer,oof_2020_2023,Delta_AUPRC_text_minus_no_text,0.024267310469050812,-0.021121610945332357,0.09219029181478999,ESTIMATED,8731,33,8433,1,2000,2000,4261937418,outcome_stratified_disjoint_patient_cluster_shared_paired_draws,max(y) within split,1,SUPERSEDED_RETAINED_FOR_AUDIT,current_opname_specialty,surgery_S1_ft_transformer_no_text,42767bfcc0253c065d8785123f6376501485d16bc7768e666dd37a252d73f26b,,f3e1f27a69da09e41859b989add7317d037b4bea427702c16cd9aa636cf62b34
P1_06-S1-ft_transformer,surgery_S1_ft_transformer_no_text,surgery,S1,ft_transformer,validation_2024,AUPRC,0.4307531791053587,0.2287181837635689,0.6851522931124057,ESTIMATED,2712,17,2657,0,2000,2000,1788538853,outcome_stratified_disjoint_patient_cluster_shared_paired_draws,max(y) within split,1,SUPERSEDED_RETAINED_FOR_AUDIT,current_opname_specialty,surgery_S1_ft_transformer_no_text,42767bfcc0253c065d8785123f6376501485d16bc7768e666dd37a252d73f26b,,f3e1f27a69da09e41859b989add7317d037b4bea427702c16cd9aa636cf62b34
P1_06-S1-ft_transformer,surgery_S1_ft_transformer_no_text,surgery,S1,ft_transformer,validation_2024,AUPRC_no_text,0.3238079273705588,0.16178058801358416,0.5807772912616239,ESTIMATED,2712,17,2657,0,2000,2000,1788538853,outcome_stratified_disjoint_patient_cluster_shared_paired_draws,max(y) within split,1,SUPERSEDED_RETAINED_FOR_AUDIT,current_opname_specialty,surgery_S1_ft_transformer_no_text,42767bfcc0253c065d8785123f6376501485d16bc7768e666dd37a252d73f26b,,f3e1f27a69da09e41859b989add7317d037b4bea427702c16cd9aa636cf62b34
P1_06-S1-ft_transformer,surgery_S1_ft_transformer_no_text,surgery,S1,ft_transformer,validation_2024,Delta_AUPRC_text_minus_no_text,0.1069452517347999,-0.007966343677028937,0.21035372296168267,ESTIMATED,2712,17,2657,0,2000,2000,1788538853,outcome_stratified_disjoint_patient_cluster_shared_paired_draws,max(y) within split,1,SUPERSEDED_RETAINED_FOR_AUDIT,current_opname_specialty,surgery_S1_ft_transformer_no_text,42767bfcc0253c065d8785123f6376501485d16bc7768e666dd37a252d73f26b,,f3e1f27a69da09e41859b989add7317d037b4bea427702c16cd9aa636cf62b34
P1_06-S1-mlp_plr,surgery_S1_mlp_plr_no_text,surgery,S1,mlp_plr,oof_2020_2023,AUPRC,0.19151737756549328,0.07758971317826639,0.345560425275421,ESTIMATED,8731,33,8433,1,2000,2000,1086287123,outcome_stratified_disjoint_patient_cluster_shared_paired_draws,max(y) within split,1,SUPERSEDED_RETAINED_FOR_AUDIT,current_opname_specialty,surgery_S1_mlp_plr_no_text,bc7568f0e3ddd46766164816ccef04eba10ffd6d54724f8ac9fd694326f06954,,8cc26e8896fe51725c2279dcfe12885706f9d143fe2e76e0ca4ce3a9949f4301
P1_06-S1-mlp_plr,surgery_S1_mlp_plr_no_text,surgery,S1,mlp_plr,oof_2020_2023,AUPRC_no_text,0.1915721083097449,0.08049410961562056,0.352828772004719,ESTIMATED,8731,33,8433,1,2000,2000,1086287123,outcome_stratified_disjoint_patient_cluster_shared_paired_draws,max(y) within split,1,SUPERSEDED_RETAINED_FOR_AUDIT,current_opname_specialty,surgery_S1_mlp_plr_no_text,bc7568f0e3ddd46766164816ccef04eba10ffd6d54724f8ac9fd694326f06954,,8cc26e8896fe51725c2279dcfe12885706f9d143fe2e76e0ca4ce3a9949f4301
P1_06-S1-mlp_plr,surgery_S1_mlp_plr_no_text,surgery,S1,mlp_plr,oof_2020_2023,Delta_AUPRC_text_minus_no_text,-5.473074425160762e-05,-0.039257048364768454,0.0374026216749884,ESTIMATED,8731,33,8433,1,2000,2000,1086287123,outcome_stratified_disjoint_patient_cluster_shared_paired_draws,max(y) within split,1,SUPERSEDED_RETAINED_FOR_AUDIT,current_opname_specialty,surgery_S1_mlp_plr_no_text,bc7568f0e3ddd46766164816ccef04eba10ffd6d54724f8ac9fd694326f06954,,8cc26e8896fe51725c2279dcfe12885706f9d143fe2e76e0ca4ce3a9949f4301
P1_06-S1-mlp_plr,surgery_S1_mlp_plr_no_text,surgery,S1,mlp_plr,validation_2024,AUPRC,0.3118298864342283,0.12370408720387112,0.5820710030004206,ESTIMATED,2712,17,2657,0,2000,2000,342128062,outcome_stratified_disjoint_patient_cluster_shared_paired_draws,max(y) within split,1,SUPERSEDED_RETAINED_FOR_AUDIT,current_opname_specialty,surgery_S1_mlp_plr_no_text,bc7568f0e3ddd46766164816ccef04eba10ffd6d54724f8ac9fd694326f06954,,8cc26e8896fe51725c2279dcfe12885706f9d143fe2e76e0ca4ce3a9949f4301
P1_06-S1-mlp_plr,surgery_S1_mlp_plr_no_text,surgery,S1,mlp_plr,validation_2024,AUPRC_no_text,0.35771770746995174,0.14567466981788288,0.6213181837903764,ESTIMATED,2712,17,2657,0,2000,2000,342128062,outcome_stratified_disjoint_patient_cluster_shared_paired_draws,max(y) within split,1,SUPERSEDED_RETAINED_FOR_AUDIT,current_opname_specialty,surgery_S1_mlp_plr_no_text,bc7568f0e3ddd46766164816ccef04eba10ffd6d54724f8ac9fd694326f06954,,8cc26e8896fe51725c2279dcfe12885706f9d143fe2e76e0ca4ce3a9949f4301
P1_06-S1-mlp_plr,surgery_S1_mlp_plr_no_text,surgery,S1,mlp_plr,validation_2024,Delta_AUPRC_text_minus_no_text,-0.04588782103572342,-0.12283495670371775,0.01861114694073751,ESTIMATED,2712,17,2657,0,2000,2000,342128062,outcome_stratified_disjoint_patient_cluster_shared_paired_draws,max(y) within split,1,SUPERSEDED_RETAINED_FOR_AUDIT,current_opname_specialty,surgery_S1_mlp_plr_no_text,bc7568f0e3ddd46766164816ccef04eba10ffd6d54724f8ac9fd694326f06954,,8cc26e8896fe51725c2279dcfe12885706f9d143fe2e76e0ca4ce3a9949f4301
P1_06-S2-ft_transformer,surgery_S2_ft_transformer_no_text,surgery,S2,ft_transformer,oof_2020_2023,AUPRC,0.15398892690345656,0.08350932104487929,0.26809735175826443,ESTIMATED,8731,52,8433,3,2000,2000,2421324791,outcome_stratified_disjoint_patient_cluster_shared_paired_draws,max(y) within split,1,SUPERSEDED_RETAINED_FOR_AUDIT,current_opname_specialty,surgery_S2_ft_transformer_no_text,83dd768916f176b0d218d7d3409333f47372d4b6b26fa5cf6b1efcebe21f51d9,,08636cd648b23cf4a2143f0e44d5594bc56a6bc5713fda20d6c199dd23d63f03
P1_06-S2-ft_transformer,surgery_S2_ft_transformer_no_text,surgery,S2,ft_transformer,oof_2020_2023,AUPRC_no_text,0.1375692306349657,0.07154785471921712,0.2446202972124925,ESTIMATED,8731,52,8433,3,2000,2000,2421324791,outcome_stratified_disjoint_patient_cluster_shared_paired_draws,max(y) within split,1,SUPERSEDED_RETAINED_FOR_AUDIT,current_opname_specialty,surgery_S2_ft_transformer_no_text,83dd768916f176b0d218d7d3409333f47372d4b6b26fa5cf6b1efcebe21f51d9,,08636cd648b23cf4a2143f0e44d5594bc56a6bc5713fda20d6c199dd23d63f03
P1_06-S2-ft_transformer,surgery_S2_ft_transformer_no_text,surgery,S2,ft_transformer,oof_2020_2023,Delta_AUPRC_text_minus_no_text,0.016419696268490852,-0.0866062508807428,0.12617558512094273,ESTIMATED,8731,52,8433,3,2000,2000,2421324791,outcome_stratified_disjoint_patient_cluster_shared_paired_draws,max(y) within split,1,SUPERSEDED_RETAINED_FOR_AUDIT,current_opname_specialty,surgery_S2_ft_transformer_no_text,83dd768916f176b0d218d7d3409333f47372d4b6b26fa5cf6b1efcebe21f51d9,,08636cd648b23cf4a2143f0e44d5594bc56a6bc5713fda20d6c199dd23d63f03
P1_06-S2-ft_transformer,surgery_S2_ft_transformer_no_text,surgery,S2,ft_transformer,validation_2024,AUPRC,0.38127917253668747,0.2100375572831421,0.5926544969959341,ESTIMATED,2712,24,2657,0,2000,2000,1027409327,outcome_stratified_disjoint_patient_cluster_shared_paired_draws,max(y) within split,1,SUPERSEDED_RETAINED_FOR_AUDIT,current_opname_specialty,surgery_S2_ft_transformer_no_text,83dd768916f176b0d218d7d3409333f47372d4b6b26fa5cf6b1efcebe21f51d9,,08636cd648b23cf4a2143f0e44d5594bc56a6bc5713fda20d6c199dd23d63f03
P1_06-S2-ft_transformer,surgery_S2_ft_transformer_no_text,surgery,S2,ft_transformer,validation_2024,AUPRC_no_text,0.40655704658979136,0.22460747885520235,0.6140932265919881,ESTIMATED,2712,24,2657,0,2000,2000,1027409327,outcome_stratified_disjoint_patient_cluster_shared_paired_draws,max(y) within split,1,SUPERSEDED_RETAINED_FOR_AUDIT,current_opname_specialty,surgery_S2_ft_transformer_no_text,83dd768916f176b0d218d7d3409333f47372d4b6b26fa5cf6b1efcebe21f51d9,,08636cd648b23cf4a2143f0e44d5594bc56a6bc5713fda20d6c199dd23d63f03
P1_06-S2-ft_transformer,surgery_S2_ft_transformer_no_text,surgery,S2,ft_transformer,validation_2024,Delta_AUPRC_text_minus_no_text,-0.025277874053103888,-0.11282429143438263,0.05622938616509407,ESTIMATED,2712,24,2657,0,2000,2000,1027409327,outcome_stratified_disjoint_patient_cluster_shared_paired_draws,max(y) within split,1,SUPERSEDED_RETAINED_FOR_AUDIT,current_opname_specialty,surgery_S2_ft_transformer_no_text,83dd768916f176b0d218d7d3409333f47372d4b6b26fa5cf6b1efcebe21f51d9,,08636cd648b23cf4a2143f0e44d5594bc56a6bc5713fda20d6c199dd23d63f03
P1_06-S2-mlp_plr,surgery_S2_mlp_plr_no_text,surgery,S2,mlp_plr,oof_2020_2023,AUPRC,0.16124262652055038,0.0889309492386852,0.29147884574389576,ESTIMATED,8731,52,8433,3,2000,2000,2656633704,outcome_stratified_disjoint_patient_cluster_shared_paired_draws,max(y) within split,1,SUPERSEDED_RETAINED_FOR_AUDIT,current_opname_specialty,surgery_S2_mlp_plr_no_text,c86f4ebc361ae0d8841f33f18c476c8b580f7fe16b0c65d53715947bcfc6ca42,,d8f9563dc9025fbe81e518f1b1c0d11c0f4ddf4acef8ab0cc919986fc63be421
P1_06-S2-mlp_plr,surgery_S2_mlp_plr_no_text,surgery,S2,mlp_plr,oof_2020_2023,AUPRC_no_text,0.17390321708730164,0.09707329874936206,0.303680352633392,ESTIMATED,8731,52,8433,3,2000,2000,2656633704,outcome_stratified_disjoint_patient_cluster_shared_paired_draws,max(y) within split,1,SUPERSEDED_RETAINED_FOR_AUDIT,current_opname_specialty,surgery_S2_mlp_plr_no_text,c86f4ebc361ae0d8841f33f18c476c8b580f7fe16b0c65d53715947bcfc6ca42,,d8f9563dc9025fbe81e518f1b1c0d11c0f4ddf4acef8ab0cc919986fc63be421
P1_06-S2-mlp_plr,surgery_S2_mlp_plr_no_text,surgery,S2,mlp_plr,oof_2020_2023,Delta_AUPRC_text_minus_no_text,-0.012660590566751256,-0.06680116407589283,0.04579531306417271,ESTIMATED,8731,52,8433,3,2000,2000,2656633704,outcome_stratified_disjoint_patient_cluster_shared_paired_draws,max(y) within split,1,SUPERSEDED_RETAINED_FOR_AUDIT,current_opname_specialty,surgery_S2_mlp_plr_no_text,c86f4ebc361ae0d8841f33f18c476c8b580f7fe16b0c65d53715947bcfc6ca42,,d8f9563dc9025fbe81e518f1b1c0d11c0f4ddf4acef8ab0cc919986fc63be421
P1_06-S2-mlp_plr,surgery_S2_mlp_plr_no_text,surgery,S2,mlp_plr,validation_2024,AUPRC,0.38994579409458696,0.2079044974997846,0.6191816665480371,ESTIMATED,2712,24,2657,0,2000,2000,1322952584,outcome_stratified_disjoint_patient_cluster_shared_paired_draws,max(y) within split,1,SUPERSEDED_RETAINED_FOR_AUDIT,current_opname_specialty,surgery_S2_mlp_plr_no_text,c86f4ebc361ae0d8841f33f18c476c8b580f7fe16b0c65d53715947bcfc6ca42,,d8f9563dc9025fbe81e518f1b1c0d11c0f4ddf4acef8ab0cc919986fc63be421
P1_06-S2-mlp_plr,surgery_S2_mlp_plr_no_text,surgery,S2,mlp_plr,validation_2024,AUPRC_no_text,0.32182081152160874,0.17060486220940463,0.5349325182550989,ESTIMATED,2712,24,2657,0,2000,2000,1322952584,outcome_stratified_disjoint_patient_cluster_shared_paired_draws,max(y) within split,1,SUPERSEDED_RETAINED_FOR_AUDIT,current_opname_specialty,surgery_S2_mlp_plr_no_text,c86f4ebc361ae0d8841f33f18c476c8b580f7fe16b0c65d53715947bcfc6ca42,,d8f9563dc9025fbe81e518f1b1c0d11c0f4ddf4acef8ab0cc919986fc63be421
P1_06-S2-mlp_plr,surgery_S2_mlp_plr_no_text,surgery,S2,mlp_plr,validation_2024,Delta_AUPRC_text_minus_no_text,0.06812498257297822,-0.03518573395122424,0.18354080845895185,ESTIMATED,2712,24,2657,0,2000,2000,1322952584,outcome_stratified_disjoint_patient_cluster_shared_paired_draws,max(y) within split,1,SUPERSEDED_RETAINED_FOR_AUDIT,current_opname_specialty,surgery_S2_mlp_plr_no_text,c86f4ebc361ae0d8841f33f18c476c8b580f7fe16b0c65d53715947bcfc6ca42,,d8f9563dc9025fbe81e518f1b1c0d11c0f4ddf4acef8ab0cc919986fc63be421
P1_06-S3-ft_transformer,surgery_S3_ft_transformer_no_text,surgery,S3,ft_transformer,oof_2020_2023,AUPRC,0.40194146724731417,0.3814857043894155,0.4249382379845298,ESTIMATED,8731,1613,8433,77,2000,2000,3812706314,outcome_stratified_disjoint_patient_cluster_shared_paired_draws,max(y) within split,1,SUPERSEDED_RETAINED_FOR_AUDIT,current_opname_specialty,surgery_S3_ft_transformer_no_text,fb4b5d5f7a461f76b304c7b4b82aa900fffed841dfa1c7e9512fe67b7156e904,,d1d55a5fd8ca4f104d302e522337f4745b9e1ff6c3bd05e650a55e36a8c88c53
P1_06-S3-ft_transformer,surgery_S3_ft_transformer_no_text,surgery,S3,ft_transformer,oof_2020_2023,AUPRC_no_text,0.3816835364891863,0.36240814054412024,0.4046243987611536,ESTIMATED,8731,1613,8433,77,2000,2000,3812706314,outcome_stratified_disjoint_patient_cluster_shared_paired_draws,max(y) within split,1,SUPERSEDED_RETAINED_FOR_AUDIT,current_opname_specialty,surgery_S3_ft_transformer_no_text,fb4b5d5f7a461f76b304c7b4b82aa900fffed841dfa1c7e9512fe67b7156e904,,d1d55a5fd8ca4f104d302e522337f4745b9e1ff6c3bd05e650a55e36a8c88c53
P1_06-S3-ft_transformer,surgery_S3_ft_transformer_no_text,surgery,S3,ft_transformer,oof_2020_2023,Delta_AUPRC_text_minus_no_text,0.020257930758127873,0.006515174406725439,0.033695836960302185,ESTIMATED,8731,1613,8433,77,2000,2000,3812706314,outcome_stratified_disjoint_patient_cluster_shared_paired_draws,max(y) within split,1,SUPERSEDED_RETAINED_FOR_AUDIT,current_opname_specialty,surgery_S3_ft_transformer_no_text,fb4b5d5f7a461f76b304c7b4b82aa900fffed841dfa1c7e9512fe67b7156e904,,d1d55a5fd8ca4f104d302e522337f4745b9e1ff6c3bd05e650a55e36a8c88c53
P1_06-S3-ft_transformer,surgery_S3_ft_transformer_no_text,surgery,S3,ft_transformer,validation_2024,AUPRC,0.3797870191920404,0.34978903407767364,0.41765572298245957,ESTIMATED,2712,521,2657,15,2000,2000,690938992,outcome_stratified_disjoint_patient_cluster_shared_paired_draws,max(y) within split,1,SUPERSEDED_RETAINED_FOR_AUDIT,current_opname_specialty,surgery_S3_ft_transformer_no_text,fb4b5d5f7a461f76b304c7b4b82aa900fffed841dfa1c7e9512fe67b7156e904,,d1d55a5fd8ca4f104d302e522337f4745b9e1ff6c3bd05e650a55e36a8c88c53
P1_06-S3-ft_transformer,surgery_S3_ft_transformer_no_text,surgery,S3,ft_transformer,validation_2024,AUPRC_no_text,0.3837195630151735,0.3523119342978937,0.4205514297982703,ESTIMATED,2712,521,2657,15,2000,2000,690938992,outcome_stratified_disjoint_patient_cluster_shared_paired_draws,max(y) within split,1,SUPERSEDED_RETAINED_FOR_AUDIT,current_opname_specialty,surgery_S3_ft_transformer_no_text,fb4b5d5f7a461f76b304c7b4b82aa900fffed841dfa1c7e9512fe67b7156e904,,d1d55a5fd8ca4f104d302e522337f4745b9e1ff6c3bd05e650a55e36a8c88c53
P1_06-S3-ft_transformer,surgery_S3_ft_transformer_no_text,surgery,S3,ft_transformer,validation_2024,Delta_AUPRC_text_minus_no_text,-0.003932543823133128,-0.014061373890237405,0.006714004185615063,ESTIMATED,2712,521,2657,15,2000,2000,690938992,outcome_stratified_disjoint_patient_cluster_shared_paired_draws,max(y) within split,1,SUPERSEDED_RETAINED_FOR_AUDIT,current_opname_specialty,surgery_S3_ft_transformer_no_text,fb4b5d5f7a461f76b304c7b4b82aa900fffed841dfa1c7e9512fe67b7156e904,,d1d55a5fd8ca4f104d302e522337f4745b9e1ff6c3bd05e650a55e36a8c88c53
P1_06-S3-mlp_plr,surgery_S3_mlp_plr_no_text,surgery,S3,mlp_plr,oof_2020_2023,AUPRC,0.42707043134113293,0.40609260404407505,0.45017182797931604,ESTIMATED,8731,1613,8433,77,2000,2000,2780713080,outcome_stratified_disjoint_patient_cluster_shared_paired_draws,max(y) within split,1,SUPERSEDED_RETAINED_FOR_AUDIT,current_opname_specialty,surgery_S3_mlp_plr_no_text,df6202e5800aa8d02e462bd3329fa6686bbb15d4c6c815ebbb5d1c8711e70ded,,67baec7ba6db74b50c9807191c7157df80849dfdce171bd8b67b4f51a33474c4
P1_06-S3-mlp_plr,surgery_S3_mlp_plr_no_text,surgery,S3,mlp_plr,oof_2020_2023,AUPRC_no_text,0.429000567009571,0.40877888859318384,0.45207102428929274,ESTIMATED,8731,1613,8433,77,2000,2000,2780713080,outcome_stratified_disjoint_patient_cluster_shared_paired_draws,max(y) within split,1,SUPERSEDED_RETAINED_FOR_AUDIT,current_opname_specialty,surgery_S3_mlp_plr_no_text,df6202e5800aa8d02e462bd3329fa6686bbb15d4c6c815ebbb5d1c8711e70ded,,67baec7ba6db74b50c9807191c7157df80849dfdce171bd8b67b4f51a33474c4
P1_06-S3-mlp_plr,surgery_S3_mlp_plr_no_text,surgery,S3,mlp_plr,oof_2020_2023,Delta_AUPRC_text_minus_no_text,-0.0019301356684380822,-0.009337856943730051,0.005791913729768255,ESTIMATED,8731,1613,8433,77,2000,2000,2780713080,outcome_stratified_disjoint_patient_cluster_shared_paired_draws,max(y) within split,1,SUPERSEDED_RETAINED_FOR_AUDIT,current_opname_specialty,surgery_S3_mlp_plr_no_text,df6202e5800aa8d02e462bd3329fa6686bbb15d4c6c815ebbb5d1c8711e70ded,,67baec7ba6db74b50c9807191c7157df80849dfdce171bd8b67b4f51a33474c4
P1_06-S3-mlp_plr,surgery_S3_mlp_plr_no_text,surgery,S3,mlp_plr,validation_2024,AUPRC,0.4065676345099873,0.3692854827968972,0.4472832200727153,ESTIMATED,2712,521,2657,15,2000,2000,1325041924,outcome_stratified_disjoint_patient_cluster_shared_paired_draws,max(y) within split,1,SUPERSEDED_RETAINED_FOR_AUDIT,current_opname_specialty,surgery_S3_mlp_plr_no_text,df6202e5800aa8d02e462bd3329fa6686bbb15d4c6c815ebbb5d1c8711e70ded,,67baec7ba6db74b50c9807191c7157df80849dfdce171bd8b67b4f51a33474c4
P1_06-S3-mlp_plr,surgery_S3_mlp_plr_no_text,surgery,S3,mlp_plr,validation_2024,AUPRC_no_text,0.38988729274136613,0.3546019899904029,0.43062383455003866,ESTIMATED,2712,521,2657,15,2000,2000,1325041924,outcome_stratified_disjoint_patient_cluster_shared_paired_draws,max(y) within split,1,SUPERSEDED_RETAINED_FOR_AUDIT,current_opname_specialty,surgery_S3_mlp_plr_no_text,df6202e5800aa8d02e462bd3329fa6686bbb15d4c6c815ebbb5d1c8711e70ded,,67baec7ba6db74b50c9807191c7157df80849dfdce171bd8b67b4f51a33474c4
P1_06-S3-mlp_plr,surgery_S3_mlp_plr_no_text,surgery,S3,mlp_plr,validation_2024,Delta_AUPRC_text_minus_no_text,0.016680341768621154,0.0016296818319634602,0.02971868630674281,ESTIMATED,2712,521,2657,15,2000,2000,1325041924,outcome_stratified_disjoint_patient_cluster_shared_paired_draws,max(y) within split,1,SUPERSEDED_RETAINED_FOR_AUDIT,current_opname_specialty,surgery_S3_mlp_plr_no_text,df6202e5800aa8d02e462bd3329fa6686bbb15d4c6c815ebbb5d1c8711e70ded,,67baec7ba6db74b50c9807191c7157df80849dfdce171bd8b67b4f51a33474c4
P1_06-S4-ft_transformer,surgery_S4_ft_transformer_no_text,surgery,S4,ft_transformer,oof_2020_2023,AUPRC,0.25038740330800996,0.21455122648666508,0.29333679306980887,ESTIMATED,8731,425,8433,17,2000,2000,2883358693,outcome_stratified_disjoint_patient_cluster_shared_paired_draws,max(y) within split,1,SUPERSEDED_RETAINED_FOR_AUDIT,current_opname_specialty,surgery_S4_ft_transformer_no_text,d64a72d839302e869350affdcb8ffab8bd591f408522263f702977c9fdbcf9fb,,1d8c6139e191cd8e0190cad2c6b57e829b1e9b22017b09caaffdb3ef40077f7f
P1_06-S4-ft_transformer,surgery_S4_ft_transformer_no_text,surgery,S4,ft_transformer,oof_2020_2023,AUPRC_no_text,0.25214589830526196,0.21517513133190572,0.29664951165739994,ESTIMATED,8731,425,8433,17,2000,2000,2883358693,outcome_stratified_disjoint_patient_cluster_shared_paired_draws,max(y) within split,1,SUPERSEDED_RETAINED_FOR_AUDIT,current_opname_specialty,surgery_S4_ft_transformer_no_text,d64a72d839302e869350affdcb8ffab8bd591f408522263f702977c9fdbcf9fb,,1d8c6139e191cd8e0190cad2c6b57e829b1e9b22017b09caaffdb3ef40077f7f
P1_06-S4-ft_transformer,surgery_S4_ft_transformer_no_text,surgery,S4,ft_transformer,oof_2020_2023,Delta_AUPRC_text_minus_no_text,-0.0017584949972520025,-0.018110096294043334,0.01373858539573848,ESTIMATED,8731,425,8433,17,2000,2000,2883358693,outcome_stratified_disjoint_patient_cluster_shared_paired_draws,max(y) within split,1,SUPERSEDED_RETAINED_FOR_AUDIT,current_opname_specialty,surgery_S4_ft_transformer_no_text,d64a72d839302e869350affdcb8ffab8bd591f408522263f702977c9fdbcf9fb,,1d8c6139e191cd8e0190cad2c6b57e829b1e9b22017b09caaffdb3ef40077f7f
P1_06-S4-ft_transformer,surgery_S4_ft_transformer_no_text,surgery,S4,ft_transformer,validation_2024,AUPRC,0.3464566676829432,0.27772949907689914,0.43741766301715407,ESTIMATED,2712,140,2657,4,2000,2000,3084198576,outcome_stratified_disjoint_patient_cluster_shared_paired_draws,max(y) within split,1,SUPERSEDED_RETAINED_FOR_AUDIT,current_opname_specialty,surgery_S4_ft_transformer_no_text,d64a72d839302e869350affdcb8ffab8bd591f408522263f702977c9fdbcf9fb,,1d8c6139e191cd8e0190cad2c6b57e829b1e9b22017b09caaffdb3ef40077f7f
P1_06-S4-ft_transformer,surgery_S4_ft_transformer_no_text,surgery,S4,ft_transformer,validation_2024,AUPRC_no_text,0.3544191895962837,0.2845084991598905,0.44939763053363924,ESTIMATED,2712,140,2657,4,2000,2000,3084198576,outcome_stratified_disjoint_patient_cluster_shared_paired_draws,max(y) within split,1,SUPERSEDED_RETAINED_FOR_AUDIT,current_opname_specialty,surgery_S4_ft_transformer_no_text,d64a72d839302e869350affdcb8ffab8bd591f408522263f702977c9fdbcf9fb,,1d8c6139e191cd8e0190cad2c6b57e829b1e9b22017b09caaffdb3ef40077f7f
P1_06-S4-ft_transformer,surgery_S4_ft_transformer_no_text,surgery,S4,ft_transformer,validation_2024,Delta_AUPRC_text_minus_no_text,-0.007962521913340515,-0.03900305168098151,0.02012966940514062,ESTIMATED,2712,140,2657,4,2000,2000,3084198576,outcome_stratified_disjoint_patient_cluster_shared_paired_draws,max(y) within split,1,SUPERSEDED_RETAINED_FOR_AUDIT,current_opname_specialty,surgery_S4_ft_transformer_no_text,d64a72d839302e869350affdcb8ffab8bd591f408522263f702977c9fdbcf9fb,,1d8c6139e191cd8e0190cad2c6b57e829b1e9b22017b09caaffdb3ef40077f7f
P1_06-S4-mlp_plr,surgery_S4_mlp_plr_no_text,surgery,S4,mlp_plr,oof_2020_2023,AUPRC,0.274597924579986,0.23676381560170698,0.320398609914745,ESTIMATED,8731,425,8433,17,2000,2000,4269183984,outcome_stratified_disjoint_patient_cluster_shared_paired_draws,max(y) within split,1,SUPERSEDED_RETAINED_FOR_AUDIT,current_opname_specialty,surgery_S4_mlp_plr_no_text,f498787cff1cbc1bf43b6e689d236ee44a361b15b780acf82d5a5f7506114a38,,628dbce0a485916ef84b403ee5ebe9621760240f3776a987f8a8b16699703420
P1_06-S4-mlp_plr,surgery_S4_mlp_plr_no_text,surgery,S4,mlp_plr,oof_2020_2023,AUPRC_no_text,0.26525659847217004,0.22595983367516778,0.3104232257143137,ESTIMATED,8731,425,8433,17,2000,2000,4269183984,outcome_stratified_disjoint_patient_cluster_shared_paired_draws,max(y) within split,1,SUPERSEDED_RETAINED_FOR_AUDIT,current_opname_specialty,surgery_S4_mlp_plr_no_text,f498787cff1cbc1bf43b6e689d236ee44a361b15b780acf82d5a5f7506114a38,,628dbce0a485916ef84b403ee5ebe9621760240f3776a987f8a8b16699703420
P1_06-S4-mlp_plr,surgery_S4_mlp_plr_no_text,surgery,S4,mlp_plr,oof_2020_2023,Delta_AUPRC_text_minus_no_text,0.009341326107815962,-0.0039972564925037325,0.022363564881042006,ESTIMATED,8731,425,8433,17,2000,2000,4269183984,outcome_stratified_disjoint_patient_cluster_shared_paired_draws,max(y) within split,1,SUPERSEDED_RETAINED_FOR_AUDIT,current_opname_specialty,surgery_S4_mlp_plr_no_text,f498787cff1cbc1bf43b6e689d236ee44a361b15b780acf82d5a5f7506114a38,,628dbce0a485916ef84b403ee5ebe9621760240f3776a987f8a8b16699703420
P1_06-S4-mlp_plr,surgery_S4_mlp_plr_no_text,surgery,S4,mlp_plr,validation_2024,AUPRC,0.37473424279677525,0.3039978793303967,0.4612897822097088,ESTIMATED,2712,140,2657,4,2000,2000,1367067884,outcome_stratified_disjoint_patient_cluster_shared_paired_draws,max(y) within split,1,SUPERSEDED_RETAINED_FOR_AUDIT,current_opname_specialty,surgery_S4_mlp_plr_no_text,f498787cff1cbc1bf43b6e689d236ee44a361b15b780acf82d5a5f7506114a38,,628dbce0a485916ef84b403ee5ebe9621760240f3776a987f8a8b16699703420
P1_06-S4-mlp_plr,surgery_S4_mlp_plr_no_text,surgery,S4,mlp_plr,validation_2024,AUPRC_no_text,0.4020119872334381,0.32758887946349413,0.4858071746463401,ESTIMATED,2712,140,2657,4,2000,2000,1367067884,outcome_stratified_disjoint_patient_cluster_shared_paired_draws,max(y) within split,1,SUPERSEDED_RETAINED_FOR_AUDIT,current_opname_specialty,surgery_S4_mlp_plr_no_text,f498787cff1cbc1bf43b6e689d236ee44a361b15b780acf82d5a5f7506114a38,,628dbce0a485916ef84b403ee5ebe9621760240f3776a987f8a8b16699703420
P1_06-S4-mlp_plr,surgery_S4_mlp_plr_no_text,surgery,S4,mlp_plr,validation_2024,Delta_AUPRC_text_minus_no_text,-0.027277744436662865,-0.05427305781055762,-0.0017489270637846002,ESTIMATED,2712,140,2657,4,2000,2000,1367067884,outcome_stratified_disjoint_patient_cluster_shared_paired_draws,max(y) within split,1,SUPERSEDED_RETAINED_FOR_AUDIT,current_opname_specialty,surgery_S4_mlp_plr_no_text,f498787cff1cbc1bf43b6e689d236ee44a361b15b780acf82d5a5f7506114a38,,628dbce0a485916ef84b403ee5ebe9621760240f3776a987f8a8b16699703420
P1_06-S5-ft_transformer,surgery_S5_ft_transformer_no_text,surgery,S5,ft_transformer,oof_2020_2023,AUPRC,0.058451909890553704,0.028622944706861633,0.12894247793554053,ESTIMATED,8731,34,8433,1,2000,2000,2890778478,outcome_stratified_disjoint_patient_cluster_shared_paired_draws,max(y) within split,1,SUPERSEDED_RETAINED_FOR_AUDIT,current_opname_specialty,surgery_S5_ft_transformer_no_text,73a562ed22c53323811dfb7ad2b302368b800984fe4a0324732bdb28566079b9,,7593baf66c61ee049f0a11a0ae9ecc5b23a4cb2ed0cae20cdb2e027087eb18ca
P1_06-S5-ft_transformer,surgery_S5_ft_transformer_no_text,surgery,S5,ft_transformer,oof_2020_2023,AUPRC_no_text,0.0572656519823243,0.028567018742558938,0.13186966894932678,ESTIMATED,8731,34,8433,1,2000,2000,2890778478,outcome_stratified_disjoint_patient_cluster_shared_paired_draws,max(y) within split,1,SUPERSEDED_RETAINED_FOR_AUDIT,current_opname_specialty,surgery_S5_ft_transformer_no_text,73a562ed22c53323811dfb7ad2b302368b800984fe4a0324732bdb28566079b9,,7593baf66c61ee049f0a11a0ae9ecc5b23a4cb2ed0cae20cdb2e027087eb18ca
P1_06-S5-ft_transformer,surgery_S5_ft_transformer_no_text,surgery,S5,ft_transformer,oof_2020_2023,Delta_AUPRC_text_minus_no_text,0.0011862579082294045,-0.021010981472836237,0.022044243371324185,ESTIMATED,8731,34,8433,1,2000,2000,2890778478,outcome_stratified_disjoint_patient_cluster_shared_paired_draws,max(y) within split,1,SUPERSEDED_RETAINED_FOR_AUDIT,current_opname_specialty,surgery_S5_ft_transformer_no_text,73a562ed22c53323811dfb7ad2b302368b800984fe4a0324732bdb28566079b9,,7593baf66c61ee049f0a11a0ae9ecc5b23a4cb2ed0cae20cdb2e027087eb18ca
P1_06-S5-ft_transformer,surgery_S5_ft_transformer_no_text,surgery,S5,ft_transformer,validation_2024,AUPRC,0.03419735472878435,0.013361122359492512,0.12242431917023486,ESTIMATED,2712,14,2657,1,2000,2000,482562090,outcome_stratified_disjoint_patient_cluster_shared_paired_draws,max(y) within split,1,SUPERSEDED_RETAINED_FOR_AUDIT,current_opname_specialty,surgery_S5_ft_transformer_no_text,73a562ed22c53323811dfb7ad2b302368b800984fe4a0324732bdb28566079b9,,7593baf66c61ee049f0a11a0ae9ecc5b23a4cb2ed0cae20cdb2e027087eb18ca
P1_06-S5-ft_transformer,surgery_S5_ft_transformer_no_text,surgery,S5,ft_transformer,validation_2024,AUPRC_no_text,0.04284545825754262,0.015283234467378504,0.17886671003147483,ESTIMATED,2712,14,2657,1,2000,2000,482562090,outcome_stratified_disjoint_patient_cluster_shared_paired_draws,max(y) within split,1,SUPERSEDED_RETAINED_FOR_AUDIT,current_opname_specialty,surgery_S5_ft_transformer_no_text,73a562ed22c53323811dfb7ad2b302368b800984fe4a0324732bdb28566079b9,,7593baf66c61ee049f0a11a0ae9ecc5b23a4cb2ed0cae20cdb2e027087eb18ca
P1_06-S5-ft_transformer,surgery_S5_ft_transformer_no_text,surgery,S5,ft_transformer,validation_2024,Delta_AUPRC_text_minus_no_text,-0.00864810352875827,-0.06756399257154196,0.007866513750554804,ESTIMATED,2712,14,2657,1,2000,2000,482562090,outcome_stratified_disjoint_patient_cluster_shared_paired_draws,max(y) within split,1,SUPERSEDED_RETAINED_FOR_AUDIT,current_opname_specialty,surgery_S5_ft_transformer_no_text,73a562ed22c53323811dfb7ad2b302368b800984fe4a0324732bdb28566079b9,,7593baf66c61ee049f0a11a0ae9ecc5b23a4cb2ed0cae20cdb2e027087eb18ca
P1_06-S5-mlp_plr,surgery_S5_mlp_plr_no_text,surgery,S5,mlp_plr,oof_2020_2023,AUPRC,0.11481884724697498,0.050411751792130075,0.25233757382540667,ESTIMATED,8731,34,8433,1,2000,2000,2019211590,outcome_stratified_disjoint_patient_cluster_shared_paired_draws,max(y) within split,1,SUPERSEDED_RETAINED_FOR_AUDIT,current_opname_specialty,surgery_S5_mlp_plr_no_text,fa9d5b73d53aacbfa1ca1d03b18dd8a692fe9e5326f3dee61998a90929b973a1,,4edf21b35c72c3bcf38c1f5b17a7ecd6bf9583f4749103798b28ce67bf8ee649
P1_06-S5-mlp_plr,surgery_S5_mlp_plr_no_text,surgery,S5,mlp_plr,oof_2020_2023,AUPRC_no_text,0.10964831772368502,0.04888420322312712,0.241805656511768,ESTIMATED,8731,34,8433,1,2000,2000,2019211590,outcome_stratified_disjoint_patient_cluster_shared_paired_draws,max(y) within split,1,SUPERSEDED_RETAINED_FOR_AUDIT,current_opname_specialty,surgery_S5_mlp_plr_no_text,fa9d5b73d53aacbfa1ca1d03b18dd8a692fe9e5326f3dee61998a90929b973a1,,4edf21b35c72c3bcf38c1f5b17a7ecd6bf9583f4749103798b28ce67bf8ee649
P1_06-S5-mlp_plr,surgery_S5_mlp_plr_no_text,surgery,S5,mlp_plr,oof_2020_2023,Delta_AUPRC_text_minus_no_text,0.00517052952328996,-0.03644998206699122,0.05193894508264402,ESTIMATED,8731,34,8433,1,2000,2000,2019211590,outcome_stratified_disjoint_patient_cluster_shared_paired_draws,max(y) within split,1,SUPERSEDED_RETAINED_FOR_AUDIT,current_opname_specialty,surgery_S5_mlp_plr_no_text,fa9d5b73d53aacbfa1ca1d03b18dd8a692fe9e5326f3dee61998a90929b973a1,,4edf21b35c72c3bcf38c1f5b17a7ecd6bf9583f4749103798b28ce67bf8ee649
P1_06-S5-mlp_plr,surgery_S5_mlp_plr_no_text,surgery,S5,mlp_plr,validation_2024,AUPRC,0.0277399290197865,0.008238639295831724,0.09538723865437573,ESTIMATED,2712,14,2657,1,2000,2000,28797760,outcome_stratified_disjoint_patient_cluster_shared_paired_draws,max(y) within split,1,SUPERSEDED_RETAINED_FOR_AUDIT,current_opname_specialty,surgery_S5_mlp_plr_no_text,fa9d5b73d53aacbfa1ca1d03b18dd8a692fe9e5326f3dee61998a90929b973a1,,4edf21b35c72c3bcf38c1f5b17a7ecd6bf9583f4749103798b28ce67bf8ee649
P1_06-S5-mlp_plr,surgery_S5_mlp_plr_no_text,surgery,S5,mlp_plr,validation_2024,AUPRC_no_text,0.023056871118262403,0.0070083308805642345,0.0949296759672198,ESTIMATED,2712,14,2657,1,2000,2000,28797760,outcome_stratified_disjoint_patient_cluster_shared_paired_draws,max(y) within split,1,SUPERSEDED_RETAINED_FOR_AUDIT,current_opname_specialty,surgery_S5_mlp_plr_no_text,fa9d5b73d53aacbfa1ca1d03b18dd8a692fe9e5326f3dee61998a90929b973a1,,4edf21b35c72c3bcf38c1f5b17a7ecd6bf9583f4749103798b28ce67bf8ee649
P1_06-S5-mlp_plr,surgery_S5_mlp_plr_no_text,surgery,S5,mlp_plr,validation_2024,Delta_AUPRC_text_minus_no_text,0.004683057901524096,-0.03196935311862875,0.040891652097644844,ESTIMATED,2712,14,2657,1,2000,2000,28797760,outcome_stratified_disjoint_patient_cluster_shared_paired_draws,max(y) within split,1,SUPERSEDED_RETAINED_FOR_AUDIT,current_opname_specialty,surgery_S5_mlp_plr_no_text,fa9d5b73d53aacbfa1ca1d03b18dd8a692fe9e5326f3dee61998a90929b973a1,,4edf21b35c72c3bcf38c1f5b17a7ecd6bf9583f4749103798b28ce67bf8ee649
P1_06-S6-ft_transformer,surgery_S6_ft_transformer_no_text,surgery,S6,ft_transformer,oof_2020_2023,AUPRC,0.03775231999260623,0.02842764199059433,0.05731014445421531,ESTIMATED,8731,103,8433,6,2000,2000,510159061,outcome_stratified_disjoint_patient_cluster_shared_paired_draws,max(y) within split,1,SUPERSEDED_RETAINED_FOR_AUDIT,current_opname_specialty,surgery_S6_ft_transformer_no_text,e874cb360826b368be05b521caaf200eca9b773457830e18dfde59eb99f42245,,299edc018c495b67c9a4e518ae7b9af53dd54a3477f8e64904fe66abfeb8d692
P1_06-S6-ft_transformer,surgery_S6_ft_transformer_no_text,surgery,S6,ft_transformer,oof_2020_2023,AUPRC_no_text,0.036072834956065225,0.02691786083688019,0.05667486714214106,ESTIMATED,8731,103,8433,6,2000,2000,510159061,outcome_stratified_disjoint_patient_cluster_shared_paired_draws,max(y) within split,1,SUPERSEDED_RETAINED_FOR_AUDIT,current_opname_specialty,surgery_S6_ft_transformer_no_text,e874cb360826b368be05b521caaf200eca9b773457830e18dfde59eb99f42245,,299edc018c495b67c9a4e518ae7b9af53dd54a3477f8e64904fe66abfeb8d692
P1_06-S6-ft_transformer,surgery_S6_ft_transformer_no_text,surgery,S6,ft_transformer,oof_2020_2023,Delta_AUPRC_text_minus_no_text,0.0016794850365410077,-0.008503486380700101,0.01290223353920385,ESTIMATED,8731,103,8433,6,2000,2000,510159061,outcome_stratified_disjoint_patient_cluster_shared_paired_draws,max(y) within split,1,SUPERSEDED_RETAINED_FOR_AUDIT,current_opname_specialty,surgery_S6_ft_transformer_no_text,e874cb360826b368be05b521caaf200eca9b773457830e18dfde59eb99f42245,,299edc018c495b67c9a4e518ae7b9af53dd54a3477f8e64904fe66abfeb8d692
P1_06-S6-ft_transformer,surgery_S6_ft_transformer_no_text,surgery,S6,ft_transformer,validation_2024,AUPRC,0.13284812451293526,0.06192829858736653,0.23353112597231562,ESTIMATED,2712,42,2657,1,2000,2000,1609837338,outcome_stratified_disjoint_patient_cluster_shared_paired_draws,max(y) within split,1,SUPERSEDED_RETAINED_FOR_AUDIT,current_opname_specialty,surgery_S6_ft_transformer_no_text,e874cb360826b368be05b521caaf200eca9b773457830e18dfde59eb99f42245,,299edc018c495b67c9a4e518ae7b9af53dd54a3477f8e64904fe66abfeb8d692
P1_06-S6-ft_transformer,surgery_S6_ft_transformer_no_text,surgery,S6,ft_transformer,validation_2024,AUPRC_no_text,0.12495356667658661,0.06788525011924679,0.24017579845077822,ESTIMATED,2712,42,2657,1,2000,2000,1609837338,outcome_stratified_disjoint_patient_cluster_shared_paired_draws,max(y) within split,1,SUPERSEDED_RETAINED_FOR_AUDIT,current_opname_specialty,surgery_S6_ft_transformer_no_text,e874cb360826b368be05b521caaf200eca9b773457830e18dfde59eb99f42245,,299edc018c495b67c9a4e518ae7b9af53dd54a3477f8e64904fe66abfeb8d692
P1_06-S6-ft_transformer,surgery_S6_ft_transformer_no_text,surgery,S6,ft_transformer,validation_2024,Delta_AUPRC_text_minus_no_text,0.007894557836348653,-0.04873305354883932,0.043423189175609764,ESTIMATED,2712,42,2657,1,2000,2000,1609837338,outcome_stratified_disjoint_patient_cluster_shared_paired_draws,max(y) within split,1,SUPERSEDED_RETAINED_FOR_AUDIT,current_opname_specialty,surgery_S6_ft_transformer_no_text,e874cb360826b368be05b521caaf200eca9b773457830e18dfde59eb99f42245,,299edc018c495b67c9a4e518ae7b9af53dd54a3477f8e64904fe66abfeb8d692
P1_06-S6-mlp_plr,surgery_S6_mlp_plr_no_text,surgery,S6,mlp_plr,oof_2020_2023,AUPRC,0.02865602837417444,0.021257042005474805,0.04541726158193459,ESTIMATED,8731,103,8433,6,2000,2000,1164908740,outcome_stratified_disjoint_patient_cluster_shared_paired_draws,max(y) within split,1,SUPERSEDED_RETAINED_FOR_AUDIT,current_opname_specialty,surgery_S6_mlp_plr_no_text,402d6d549868cb02e4c1eb047b127009f8713965a693cc9cb458f80fac6a90e1,,24f73c0c839a8cea03a2f5784b5e6a694017afee748bbdb6bcdac03185b00d9e
P1_06-S6-mlp_plr,surgery_S6_mlp_plr_no_text,surgery,S6,mlp_plr,oof_2020_2023,AUPRC_no_text,0.02768197949000865,0.021292771980883415,0.04015881294296015,ESTIMATED,8731,103,8433,6,2000,2000,1164908740,outcome_stratified_disjoint_patient_cluster_shared_paired_draws,max(y) within split,1,SUPERSEDED_RETAINED_FOR_AUDIT,current_opname_specialty,surgery_S6_mlp_plr_no_text,402d6d549868cb02e4c1eb047b127009f8713965a693cc9cb458f80fac6a90e1,,24f73c0c839a8cea03a2f5784b5e6a694017afee748bbdb6bcdac03185b00d9e
P1_06-S6-mlp_plr,surgery_S6_mlp_plr_no_text,surgery,S6,mlp_plr,oof_2020_2023,Delta_AUPRC_text_minus_no_text,0.0009740488841657909,-0.005687216790104178,0.009958846199435604,ESTIMATED,8731,103,8433,6,2000,2000,1164908740,outcome_stratified_disjoint_patient_cluster_shared_paired_draws,max(y) within split,1,SUPERSEDED_RETAINED_FOR_AUDIT,current_opname_specialty,surgery_S6_mlp_plr_no_text,402d6d549868cb02e4c1eb047b127009f8713965a693cc9cb458f80fac6a90e1,,24f73c0c839a8cea03a2f5784b5e6a694017afee748bbdb6bcdac03185b00d9e
P1_06-S6-mlp_plr,surgery_S6_mlp_plr_no_text,surgery,S6,mlp_plr,validation_2024,AUPRC,0.14401308150633801,0.06754944773013313,0.25570816796836554,ESTIMATED,2712,42,2657,1,2000,2000,2667339029,outcome_stratified_disjoint_patient_cluster_shared_paired_draws,max(y) within split,1,SUPERSEDED_RETAINED_FOR_AUDIT,current_opname_specialty,surgery_S6_mlp_plr_no_text,402d6d549868cb02e4c1eb047b127009f8713965a693cc9cb458f80fac6a90e1,,24f73c0c839a8cea03a2f5784b5e6a694017afee748bbdb6bcdac03185b00d9e
P1_06-S6-mlp_plr,surgery_S6_mlp_plr_no_text,surgery,S6,mlp_plr,validation_2024,AUPRC_no_text,0.13555978606420324,0.06487809487580742,0.2376524337398602,ESTIMATED,2712,42,2657,1,2000,2000,2667339029,outcome_stratified_disjoint_patient_cluster_shared_paired_draws,max(y) within split,1,SUPERSEDED_RETAINED_FOR_AUDIT,current_opname_specialty,surgery_S6_mlp_plr_no_text,402d6d549868cb02e4c1eb047b127009f8713965a693cc9cb458f80fac6a90e1,,24f73c0c839a8cea03a2f5784b5e6a694017afee748bbdb6bcdac03185b00d9e
P1_06-S6-mlp_plr,surgery_S6_mlp_plr_no_text,surgery,S6,mlp_plr,validation_2024,Delta_AUPRC_text_minus_no_text,0.008453295442134773,-0.013229865605616583,0.03874806283540533,ESTIMATED,2712,42,2657,1,2000,2000,2667339029,outcome_stratified_disjoint_patient_cluster_shared_paired_draws,max(y) within split,1,SUPERSEDED_RETAINED_FOR_AUDIT,current_opname_specialty,surgery_S6_mlp_plr_no_text,402d6d549868cb02e4c1eb047b127009f8713965a693cc9cb458f80fac6a90e1,,24f73c0c839a8cea03a2f5784b5e6a694017afee748bbdb6bcdac03185b00d9e
