group,analysis_split,method,feature_x,feature_y,feature_x_group,feature_y_group,pair_n,correlation
medicine,train_2020_2023,pearson,EMT_年齡,prehosp_sbp,vital,vital,15202,0.1346286987642959
medicine,train_2020_2023,pearson,EMT_年齡,prehosp_dbp,vital,vital,14251,-0.041503168001107
medicine,train_2020_2023,pearson,EMT_年齡,prehosp_hr,vital,vital,15113,-0.04731530591233461
medicine,train_2020_2023,pearson,EMT_年齡,prehosp_rr,vital,vital,15113,0.11820971379608596
medicine,train_2020_2023,pearson,EMT_年齡,prehosp_spo2,vital,vital,15110,-0.17583003612844572
medicine,train_2020_2023,pearson,EMT_年齡,prehosp_bt,vital,vital,15109,0.12562028393357233
medicine,train_2020_2023,pearson,EMT_年齡,prehosp_gcs,vital,vital,14961,-0.2065719449818923
medicine,train_2020_2023,pearson,EMT_年齡,prehosp_gcs_m,vital,vital,14962,-0.18112768740979515
medicine,train_2020_2023,pearson,EMT_年齡,MAP,vital,derived_score,14251,0.05295480468593241
medicine,train_2020_2023,pearson,EMT_年齡,SI,vital,derived_score,15109,-0.09479013172065434
medicine,train_2020_2023,pearson,EMT_年齡,mSI,vital,derived_score,14251,-0.05042934580874921
medicine,train_2020_2023,pearson,EMT_年齡,aSI,vital,derived_score,15109,0.6184699630484587
medicine,train_2020_2023,pearson,EMT_年齡,rSI,vital,derived_score,15109,0.14379878726254522
medicine,train_2020_2023,pearson,EMT_年齡,rSIG,vital,derived_score,14957,0.02529396726432973
medicine,train_2020_2023,pearson,EMT_年齡,rSIG_Age,vital,derived_score,14957,-0.7210642123271345
medicine,train_2020_2023,pearson,EMT_年齡,SI_G,vital,derived_score,14957,0.08950087843302285
medicine,train_2020_2023,pearson,EMT_年齡,SIA_G,vital,derived_score,14957,0.3756130433850419
medicine,train_2020_2023,pearson,EMT_年齡,SIAVPU,vital,derived_score,15109,-0.20313148387154892
medicine,train_2020_2023,pearson,EMT_年齡,sMS,vital,derived_score,14962,-0.21631102399851068
medicine,train_2020_2023,pearson,EMT_年齡,rSI_sMS,vital,derived_score,14958,0.012845499544469488
medicine,train_2020_2023,pearson,EMT_年齡,rSI_GCS,vital,derived_score,14957,0.02529396726432973
medicine,train_2020_2023,pearson,EMT_年齡,rSI_GCSM,vital,derived_score,14958,0.04176593308381159
medicine,train_2020_2023,pearson,EMT_年齡,qSOFA,vital,derived_score,15109,0.1905164413595497
medicine,train_2020_2023,pearson,EMT_年齡,NEWS2,vital,derived_score,2910,0.09748983090672537
medicine,train_2020_2023,pearson,EMT_年齡,MEWS,vital,derived_score,15106,0.13896038584693723
medicine,train_2020_2023,pearson,EMT_年齡,REMS,vital,derived_score,14107,0.7802996807175566
medicine,train_2020_2023,pearson,EMT_年齡,RTS,vital,derived_score,14957,-0.18150717666941768
medicine,train_2020_2023,pearson,prehosp_sbp,prehosp_dbp,vital,vital,14253,0.6898217854298104
medicine,train_2020_2023,pearson,prehosp_sbp,prehosp_hr,vital,vital,15116,0.049626865270025945
medicine,train_2020_2023,pearson,prehosp_sbp,prehosp_rr,vital,vital,15116,-0.013748276812977057
medicine,train_2020_2023,pearson,prehosp_sbp,prehosp_spo2,vital,vital,15114,0.11081157059947984
medicine,train_2020_2023,pearson,prehosp_sbp,prehosp_bt,vital,vital,15113,0.027038418758900118
medicine,train_2020_2023,pearson,prehosp_sbp,prehosp_gcs,vital,vital,14964,0.08275880003780127
medicine,train_2020_2023,pearson,prehosp_sbp,prehosp_gcs_m,vital,vital,14965,0.07783526345606395
medicine,train_2020_2023,pearson,prehosp_sbp,MAP,vital,derived_score,14253,0.9092408633365384
medicine,train_2020_2023,pearson,prehosp_sbp,SI,vital,derived_score,15116,-0.6722011792471084
medicine,train_2020_2023,pearson,prehosp_sbp,mSI,vital,derived_score,14253,-0.5668189135449612
medicine,train_2020_2023,pearson,prehosp_sbp,aSI,vital,derived_score,15109,-0.4293078655978016
medicine,train_2020_2023,pearson,prehosp_sbp,rSI,vital,derived_score,15116,0.6883818255256461
medicine,train_2020_2023,pearson,prehosp_sbp,rSIG,vital,derived_score,14964,0.5888132941740903
medicine,train_2020_2023,pearson,prehosp_sbp,rSIG_Age,vital,derived_score,14957,0.2278036351968302
medicine,train_2020_2023,pearson,prehosp_sbp,SI_G,vital,derived_score,14964,-0.3523546799315118
medicine,train_2020_2023,pearson,prehosp_sbp,SIA_G,vital,derived_score,14957,-0.27498519294486873
medicine,train_2020_2023,pearson,prehosp_sbp,SIAVPU,vital,derived_score,15116,-0.5433377511516014
medicine,train_2020_2023,pearson,prehosp_sbp,sMS,vital,derived_score,14965,0.08627989718017375
medicine,train_2020_2023,pearson,prehosp_sbp,rSI_sMS,vital,derived_score,14965,0.5790947167383514
medicine,train_2020_2023,pearson,prehosp_sbp,rSI_GCS,vital,derived_score,14964,0.5888132941740902
medicine,train_2020_2023,pearson,prehosp_sbp,rSI_GCSM,vital,derived_score,14965,0.5963403975112557
medicine,train_2020_2023,pearson,prehosp_sbp,qSOFA,vital,derived_score,15116,-0.3806202670845202
medicine,train_2020_2023,pearson,prehosp_sbp,NEWS2,vital,derived_score,2910,-0.3218278031596635
medicine,train_2020_2023,pearson,prehosp_sbp,MEWS,vital,derived_score,15113,-0.16540871153036052
medicine,train_2020_2023,pearson,prehosp_sbp,REMS,vital,derived_score,14107,0.22361594813646807
medicine,train_2020_2023,pearson,prehosp_sbp,RTS,vital,derived_score,14964,0.18833118041915936
medicine,train_2020_2023,pearson,prehosp_dbp,prehosp_hr,vital,vital,14253,0.14132274902465744
medicine,train_2020_2023,pearson,prehosp_dbp,prehosp_rr,vital,vital,14253,0.008637592132746185
medicine,train_2020_2023,pearson,prehosp_dbp,prehosp_spo2,vital,vital,14253,0.10045117714337722
medicine,train_2020_2023,pearson,prehosp_dbp,prehosp_bt,vital,vital,14253,-0.009268797835810116
medicine,train_2020_2023,pearson,prehosp_dbp,prehosp_gcs,vital,vital,14109,0.09007566956467754
medicine,train_2020_2023,pearson,prehosp_dbp,prehosp_gcs_m,vital,vital,14109,0.07870699049782075
medicine,train_2020_2023,pearson,prehosp_dbp,MAP,vital,derived_score,14253,0.9285852789954733
medicine,train_2020_2023,pearson,prehosp_dbp,SI,vital,derived_score,14253,-0.40204324423574184
medicine,train_2020_2023,pearson,prehosp_dbp,mSI,vital,derived_score,14253,-0.5166699893988924
medicine,train_2020_2023,pearson,prehosp_dbp,aSI,vital,derived_score,14251,-0.32548323085963654
medicine,train_2020_2023,pearson,prehosp_dbp,rSI,vital,derived_score,14253,0.3675602906534594
medicine,train_2020_2023,pearson,prehosp_dbp,rSIG,vital,derived_score,14109,0.32880319391919965
medicine,train_2020_2023,pearson,prehosp_dbp,rSIG_Age,vital,derived_score,14107,0.20095289600344726
medicine,train_2020_2023,pearson,prehosp_dbp,SI_G,vital,derived_score,14109,-0.24011849564610596
medicine,train_2020_2023,pearson,prehosp_dbp,SIA_G,vital,derived_score,14107,-0.22124230131660716
medicine,train_2020_2023,pearson,prehosp_dbp,SIAVPU,vital,derived_score,14253,-0.28107711268506735
medicine,train_2020_2023,pearson,prehosp_dbp,sMS,vital,derived_score,14109,0.0922854231282346
medicine,train_2020_2023,pearson,prehosp_dbp,rSI_sMS,vital,derived_score,14109,0.32474462838978313
medicine,train_2020_2023,pearson,prehosp_dbp,rSI_GCS,vital,derived_score,14109,0.32880319391919965
medicine,train_2020_2023,pearson,prehosp_dbp,rSI_GCSM,vital,derived_score,14109,0.3282606831273775
medicine,train_2020_2023,pearson,prehosp_dbp,qSOFA,vital,derived_score,14253,-0.2678295226418485
medicine,train_2020_2023,pearson,prehosp_dbp,NEWS2,vital,derived_score,2695,-0.19323527865770743
medicine,train_2020_2023,pearson,prehosp_dbp,MEWS,vital,derived_score,14253,-0.06557427159038481
medicine,train_2020_2023,pearson,prehosp_dbp,REMS,vital,derived_score,14107,0.09329990418692788
medicine,train_2020_2023,pearson,prehosp_dbp,RTS,vital,derived_score,14109,0.14822838767439975
medicine,train_2020_2023,pearson,prehosp_hr,prehosp_rr,vital,vital,15120,0.2244360504240205
medicine,train_2020_2023,pearson,prehosp_hr,prehosp_spo2,vital,vital,15117,-0.09243554550193883
medicine,train_2020_2023,pearson,prehosp_hr,prehosp_bt,vital,vital,15116,0.26578660383648994
medicine,train_2020_2023,pearson,prehosp_hr,prehosp_gcs,vital,vital,14968,-0.07987196066598695
medicine,train_2020_2023,pearson,prehosp_hr,prehosp_gcs_m,vital,vital,14969,-0.07142373942154955
medicine,train_2020_2023,pearson,prehosp_hr,MAP,vital,derived_score,14253,0.11113203759374375
medicine,train_2020_2023,pearson,prehosp_hr,SI,vital,derived_score,15116,0.6354041229458145
medicine,train_2020_2023,pearson,prehosp_hr,mSI,vital,derived_score,14253,0.6789835438233454
medicine,train_2020_2023,pearson,prehosp_hr,aSI,vital,derived_score,15109,0.4381370950760139
medicine,train_2020_2023,pearson,prehosp_hr,rSI,vital,derived_score,15116,-0.6292621985954453
medicine,train_2020_2023,pearson,prehosp_hr,rSIG,vital,derived_score,14964,-0.54139421430011
medicine,train_2020_2023,pearson,prehosp_hr,rSIG_Age,vital,derived_score,14957,-0.30753827928293076
medicine,train_2020_2023,pearson,prehosp_hr,SI_G,vital,derived_score,14964,0.32253085303779194
medicine,train_2020_2023,pearson,prehosp_hr,SIA_G,vital,derived_score,14957,0.25709732536738444
medicine,train_2020_2023,pearson,prehosp_hr,SIAVPU,vital,derived_score,15116,0.5339693552545703
medicine,train_2020_2023,pearson,prehosp_hr,sMS,vital,derived_score,14969,-0.08731414000705907
medicine,train_2020_2023,pearson,prehosp_hr,rSI_sMS,vital,derived_score,14965,-0.5337721501275049
medicine,train_2020_2023,pearson,prehosp_hr,rSI_GCS,vital,derived_score,14964,-0.5413942143001099
medicine,train_2020_2023,pearson,prehosp_hr,rSI_GCSM,vital,derived_score,14965,-0.5463666774522589
medicine,train_2020_2023,pearson,prehosp_hr,qSOFA,vital,derived_score,15116,0.12739442191825628
medicine,train_2020_2023,pearson,prehosp_hr,NEWS2,vital,derived_score,2910,0.3383450498488597
medicine,train_2020_2023,pearson,prehosp_hr,MEWS,vital,derived_score,15113,0.5458687827585543
medicine,train_2020_2023,pearson,prehosp_hr,REMS,vital,derived_score,14107,0.11315441619926181
medicine,train_2020_2023,pearson,prehosp_hr,RTS,vital,derived_score,14964,-0.07523008009082842
medicine,train_2020_2023,pearson,prehosp_rr,prehosp_spo2,vital,vital,15117,-0.2181182007798172
medicine,train_2020_2023,pearson,prehosp_rr,prehosp_bt,vital,vital,15116,0.0989454674080738
medicine,train_2020_2023,pearson,prehosp_rr,prehosp_gcs,vital,vital,14968,-0.198663053100926
medicine,train_2020_2023,pearson,prehosp_rr,prehosp_gcs_m,vital,vital,14969,-0.18436141272781834
medicine,train_2020_2023,pearson,prehosp_rr,MAP,vital,derived_score,14253,0.00883621556190341
medicine,train_2020_2023,pearson,prehosp_rr,SI,vital,derived_score,15116,0.17960332035757168
medicine,train_2020_2023,pearson,prehosp_rr,mSI,vital,derived_score,14253,0.1796865058039068
medicine,train_2020_2023,pearson,prehosp_rr,aSI,vital,derived_score,15109,0.22798952730553462
medicine,train_2020_2023,pearson,prehosp_rr,rSI,vital,derived_score,15116,-0.13476497355446798
medicine,train_2020_2023,pearson,prehosp_rr,rSIG,vital,derived_score,14964,-0.19688783824235825
medicine,train_2020_2023,pearson,prehosp_rr,rSIG_Age,vital,derived_score,14957,-0.17806141359499897
medicine,train_2020_2023,pearson,prehosp_rr,SI_G,vital,derived_score,14964,0.23613138271836193
medicine,train_2020_2023,pearson,prehosp_rr,SIA_G,vital,derived_score,14957,0.2555854671294959
medicine,train_2020_2023,pearson,prehosp_rr,SIAVPU,vital,derived_score,15116,0.04452210412477222
medicine,train_2020_2023,pearson,prehosp_rr,sMS,vital,derived_score,14969,-0.19805465257356528
medicine,train_2020_2023,pearson,prehosp_rr,rSI_sMS,vital,derived_score,14965,-0.19902304069264032
medicine,train_2020_2023,pearson,prehosp_rr,rSI_GCS,vital,derived_score,14964,-0.19688783824235828
medicine,train_2020_2023,pearson,prehosp_rr,rSI_GCSM,vital,derived_score,14965,-0.19008399613382715
medicine,train_2020_2023,pearson,prehosp_rr,qSOFA,vital,derived_score,15116,0.542593423922242
medicine,train_2020_2023,pearson,prehosp_rr,NEWS2,vital,derived_score,2910,0.4766771739801091
medicine,train_2020_2023,pearson,prehosp_rr,MEWS,vital,derived_score,15113,0.46698519673841193
medicine,train_2020_2023,pearson,prehosp_rr,REMS,vital,derived_score,14107,0.24033122269313512
medicine,train_2020_2023,pearson,prehosp_rr,RTS,vital,derived_score,14964,-0.2169920551851949
medicine,train_2020_2023,pearson,prehosp_spo2,prehosp_bt,vital,vital,15114,-0.09241518785236283
medicine,train_2020_2023,pearson,prehosp_spo2,prehosp_gcs,vital,vital,14965,0.24032012700827515
medicine,train_2020_2023,pearson,prehosp_spo2,prehosp_gcs_m,vital,vital,14966,0.22450875771480805
medicine,train_2020_2023,pearson,prehosp_spo2,MAP,vital,derived_score,14253,0.10059244839555286
medicine,train_2020_2023,pearson,prehosp_spo2,SI,vital,derived_score,15114,-0.16807228099726254
medicine,train_2020_2023,pearson,prehosp_spo2,mSI,vital,derived_score,14253,-0.1585408269865152
medicine,train_2020_2023,pearson,prehosp_spo2,aSI,vital,derived_score,15107,-0.25792742524265194
medicine,train_2020_2023,pearson,prehosp_spo2,rSI,vital,derived_score,15114,0.1259245861958506
medicine,train_2020_2023,pearson,prehosp_spo2,rSIG,vital,derived_score,14962,0.20831962199592755
medicine,train_2020_2023,pearson,prehosp_spo2,rSIG_Age,vital,derived_score,14955,0.23647785425042048
medicine,train_2020_2023,pearson,prehosp_spo2,SI_G,vital,derived_score,14962,-0.272662659110011
medicine,train_2020_2023,pearson,prehosp_spo2,SIA_G,vital,derived_score,14955,-0.299823069778876
medicine,train_2020_2023,pearson,prehosp_spo2,SIAVPU,vital,derived_score,15114,-0.010908357311794063
medicine,train_2020_2023,pearson,prehosp_spo2,sMS,vital,derived_score,14966,0.23139440766422836
medicine,train_2020_2023,pearson,prehosp_spo2,rSI_sMS,vital,derived_score,14963,0.2068823441601506
medicine,train_2020_2023,pearson,prehosp_spo2,rSI_GCS,vital,derived_score,14962,0.20831962199592755
medicine,train_2020_2023,pearson,prehosp_spo2,rSI_GCSM,vital,derived_score,14963,0.20075207878031148
medicine,train_2020_2023,pearson,prehosp_spo2,qSOFA,vital,derived_score,15114,-0.3011445031461505
medicine,train_2020_2023,pearson,prehosp_spo2,NEWS2,vital,derived_score,2910,-0.5151186534965663
medicine,train_2020_2023,pearson,prehosp_spo2,MEWS,vital,derived_score,15111,-0.27689781755756554
medicine,train_2020_2023,pearson,prehosp_spo2,REMS,vital,derived_score,14107,-0.30997197316562186
medicine,train_2020_2023,pearson,prehosp_spo2,RTS,vital,derived_score,14962,0.2623366048052657
medicine,train_2020_2023,pearson,prehosp_bt,prehosp_gcs,vital,vital,14964,-0.09683615025406996
medicine,train_2020_2023,pearson,prehosp_bt,prehosp_gcs_m,vital,vital,14965,-0.08741769425453458
medicine,train_2020_2023,pearson,prehosp_bt,MAP,vital,derived_score,14253,0.010055343289576473
medicine,train_2020_2023,pearson,prehosp_bt,SI,vital,derived_score,15113,0.1492591946095399
medicine,train_2020_2023,pearson,prehosp_bt,mSI,vital,derived_score,14253,0.18451222557660485
medicine,train_2020_2023,pearson,prehosp_bt,aSI,vital,derived_score,15106,0.19850580255913275
medicine,train_2020_2023,pearson,prehosp_bt,rSI,vital,derived_score,15113,-0.15696788275449614
medicine,train_2020_2023,pearson,prehosp_bt,rSIG,vital,derived_score,14961,-0.16764047693398423
medicine,train_2020_2023,pearson,prehosp_bt,rSIG_Age,vital,derived_score,14954,-0.17356052768362512
medicine,train_2020_2023,pearson,prehosp_bt,SI_G,vital,derived_score,14961,0.1263710256704578
medicine,train_2020_2023,pearson,prehosp_bt,SIA_G,vital,derived_score,14954,0.14509530719055355
medicine,train_2020_2023,pearson,prehosp_bt,SIAVPU,vital,derived_score,15113,0.09224099679109972
medicine,train_2020_2023,pearson,prehosp_bt,sMS,vital,derived_score,14965,-0.10737406897993787
medicine,train_2020_2023,pearson,prehosp_bt,rSI_sMS,vital,derived_score,14962,-0.17208288818146159
medicine,train_2020_2023,pearson,prehosp_bt,rSI_GCS,vital,derived_score,14961,-0.16764047693398423
medicine,train_2020_2023,pearson,prehosp_bt,rSI_GCSM,vital,derived_score,14962,-0.16398441048608467
medicine,train_2020_2023,pearson,prehosp_bt,qSOFA,vital,derived_score,15113,0.08017217997336325
medicine,train_2020_2023,pearson,prehosp_bt,NEWS2,vital,derived_score,2910,0.068342890533163
medicine,train_2020_2023,pearson,prehosp_bt,MEWS,vital,derived_score,15113,0.274547036005842
medicine,train_2020_2023,pearson,prehosp_bt,REMS,vital,derived_score,14107,0.13815765828474919
medicine,train_2020_2023,pearson,prehosp_bt,RTS,vital,derived_score,14961,-0.07192220889173694
medicine,train_2020_2023,pearson,prehosp_gcs,prehosp_gcs_m,vital,vital,14968,0.9525232471187695
medicine,train_2020_2023,pearson,prehosp_gcs,MAP,vital,derived_score,14109,0.0886464910532999
medicine,train_2020_2023,pearson,prehosp_gcs,SI,vital,derived_score,14964,-0.14277906369135648
medicine,train_2020_2023,pearson,prehosp_gcs,mSI,vital,derived_score,14109,-0.15079086824405916
medicine,train_2020_2023,pearson,prehosp_gcs,aSI,vital,derived_score,14957,-0.2691342988633322
medicine,train_2020_2023,pearson,prehosp_gcs,rSI,vital,derived_score,14964,0.09738402167282327
medicine,train_2020_2023,pearson,prehosp_gcs,rSIG,vital,derived_score,14964,0.5835871866705762
medicine,train_2020_2023,pearson,prehosp_gcs,rSIG_Age,vital,derived_score,14957,0.44875012696807237
medicine,train_2020_2023,pearson,prehosp_gcs,SI_G,vital,derived_score,14964,-0.768192617731952
medicine,train_2020_2023,pearson,prehosp_gcs,SIA_G,vital,derived_score,14957,-0.7581365687825581
medicine,train_2020_2023,pearson,prehosp_gcs,SIAVPU,vital,derived_score,14964,0.3733808932619672
medicine,train_2020_2023,pearson,prehosp_gcs,sMS,vital,derived_score,14968,0.9524424208410126
medicine,train_2020_2023,pearson,prehosp_gcs,rSI_sMS,vital,derived_score,14964,0.5800759407802563
medicine,train_2020_2023,pearson,prehosp_gcs,rSI_GCS,vital,derived_score,14964,0.5835871866705762
medicine,train_2020_2023,pearson,prehosp_gcs,rSI_GCSM,vital,derived_score,14964,0.5468138873180919
medicine,train_2020_2023,pearson,prehosp_gcs,qSOFA,vital,derived_score,14964,-0.6312794981787385
medicine,train_2020_2023,pearson,prehosp_gcs,NEWS2,vital,derived_score,2822,-0.5424642989525138
medicine,train_2020_2023,pearson,prehosp_gcs,MEWS,vital,derived_score,14961,-0.5474251247916775
medicine,train_2020_2023,pearson,prehosp_gcs,REMS,vital,derived_score,14107,-0.48453994517926463
medicine,train_2020_2023,pearson,prehosp_gcs,RTS,vital,derived_score,14964,0.9458356635792791
medicine,train_2020_2023,pearson,prehosp_gcs_m,MAP,vital,derived_score,14109,0.07907836775075855
medicine,train_2020_2023,pearson,prehosp_gcs_m,SI,vital,derived_score,14965,-0.1325046361953126
medicine,train_2020_2023,pearson,prehosp_gcs_m,mSI,vital,derived_score,14109,-0.13657819086615341
medicine,train_2020_2023,pearson,prehosp_gcs_m,aSI,vital,derived_score,14958,-0.2421422751162561
medicine,train_2020_2023,pearson,prehosp_gcs_m,rSI,vital,derived_score,14965,0.08864952992219302
medicine,train_2020_2023,pearson,prehosp_gcs_m,rSIG,vital,derived_score,14964,0.551324937759162
medicine,train_2020_2023,pearson,prehosp_gcs_m,rSIG_Age,vital,derived_score,14957,0.4161978765628461
medicine,train_2020_2023,pearson,prehosp_gcs_m,SI_G,vital,derived_score,14964,-0.7852782231399973
medicine,train_2020_2023,pearson,prehosp_gcs_m,SIA_G,vital,derived_score,14957,-0.7659680726965739
medicine,train_2020_2023,pearson,prehosp_gcs_m,SIAVPU,vital,derived_score,14965,0.3484435307046829
medicine,train_2020_2023,pearson,prehosp_gcs_m,sMS,vital,derived_score,14969,0.9072329172337775
medicine,train_2020_2023,pearson,prehosp_gcs_m,rSI_sMS,vital,derived_score,14965,0.5486506724088615
medicine,train_2020_2023,pearson,prehosp_gcs_m,rSI_GCS,vital,derived_score,14964,0.551324937759162
medicine,train_2020_2023,pearson,prehosp_gcs_m,rSI_GCSM,vital,derived_score,14965,0.5615515352768385
medicine,train_2020_2023,pearson,prehosp_gcs_m,qSOFA,vital,derived_score,14965,-0.568514648229354
medicine,train_2020_2023,pearson,prehosp_gcs_m,NEWS2,vital,derived_score,2823,-0.48302779531344425
medicine,train_2020_2023,pearson,prehosp_gcs_m,MEWS,vital,derived_score,14962,-0.5089607844487806
medicine,train_2020_2023,pearson,prehosp_gcs_m,REMS,vital,derived_score,14107,-0.4530004752969371
medicine,train_2020_2023,pearson,prehosp_gcs_m,RTS,vital,derived_score,14964,0.9262503454990674
medicine,train_2020_2023,pearson,MAP,SI,derived_score,derived_score,14253,-0.5594563110130728
medicine,train_2020_2023,pearson,MAP,mSI,derived_score,derived_score,14253,-0.5876297800393349
medicine,train_2020_2023,pearson,MAP,aSI,derived_score,derived_score,14251,-0.38330724345006645
medicine,train_2020_2023,pearson,MAP,rSI,derived_score,derived_score,14253,0.5484772887702537
medicine,train_2020_2023,pearson,MAP,rSIG,derived_score,derived_score,14109,0.4732970378706699
medicine,train_2020_2023,pearson,MAP,rSIG_Age,derived_score,derived_score,14107,0.21124796414755725
medicine,train_2020_2023,pearson,MAP,SI_G,derived_score,derived_score,14109,-0.3057560382838167
medicine,train_2020_2023,pearson,MAP,SIA_G,derived_score,derived_score,14107,-0.2539064337412141
medicine,train_2020_2023,pearson,MAP,SIAVPU,derived_score,derived_score,14253,-0.42180222209226836
medicine,train_2020_2023,pearson,MAP,sMS,derived_score,derived_score,14109,0.09189747942173049
medicine,train_2020_2023,pearson,MAP,rSI_sMS,derived_score,derived_score,14109,0.4660680598628274
medicine,train_2020_2023,pearson,MAP,rSI_GCS,derived_score,derived_score,14109,0.4732970378706698
medicine,train_2020_2023,pearson,MAP,rSI_GCSM,derived_score,derived_score,14109,0.4767643546543645
medicine,train_2020_2023,pearson,MAP,qSOFA,derived_score,derived_score,14253,-0.3012675405166104
medicine,train_2020_2023,pearson,MAP,NEWS2,derived_score,derived_score,2695,-0.22835080326104384
medicine,train_2020_2023,pearson,MAP,MEWS,derived_score,derived_score,14253,-0.08055461586389827
medicine,train_2020_2023,pearson,MAP,REMS,derived_score,derived_score,14107,0.16829494941425685
medicine,train_2020_2023,pearson,MAP,RTS,derived_score,derived_score,14109,0.15837244583326973
medicine,train_2020_2023,pearson,SI,mSI,derived_score,derived_score,14253,0.9616056164103143
medicine,train_2020_2023,pearson,SI,aSI,derived_score,derived_score,15109,0.6928121125179478
medicine,train_2020_2023,pearson,SI,rSI,derived_score,derived_score,15116,-0.878921490225744
medicine,train_2020_2023,pearson,SI,rSIG,derived_score,derived_score,14964,-0.7629131453254511
medicine,train_2020_2023,pearson,SI,rSIG_Age,derived_score,derived_score,14957,-0.3913643020586172
medicine,train_2020_2023,pearson,SI,SI_G,derived_score,derived_score,14964,0.549073827802576
medicine,train_2020_2023,pearson,SI,SIA_G,derived_score,derived_score,14957,0.4489301863279978
medicine,train_2020_2023,pearson,SI,SIAVPU,derived_score,derived_score,15116,0.7979711388723949
medicine,train_2020_2023,pearson,SI,sMS,derived_score,derived_score,14965,-0.14895874082549937
medicine,train_2020_2023,pearson,SI,rSI_sMS,derived_score,derived_score,14965,-0.7510238190304348
medicine,train_2020_2023,pearson,SI,rSI_GCS,derived_score,derived_score,14964,-0.7629131453254512
medicine,train_2020_2023,pearson,SI,rSI_GCSM,derived_score,derived_score,14965,-0.7710423350364406
medicine,train_2020_2023,pearson,SI,qSOFA,derived_score,derived_score,15116,0.4429647470269202
medicine,train_2020_2023,pearson,SI,NEWS2,derived_score,derived_score,2910,0.5502736711817756
medicine,train_2020_2023,pearson,SI,MEWS,derived_score,derived_score,15113,0.5666420900827123
medicine,train_2020_2023,pearson,SI,REMS,derived_score,derived_score,14107,0.0024505765594292654
medicine,train_2020_2023,pearson,SI,RTS,derived_score,derived_score,14964,-0.2595072311235669
medicine,train_2020_2023,pearson,mSI,aSI,derived_score,derived_score,14251,0.6771309739726551
medicine,train_2020_2023,pearson,mSI,rSI,derived_score,derived_score,14253,-0.8404162477155626
medicine,train_2020_2023,pearson,mSI,rSIG,derived_score,derived_score,14109,-0.7317274105105565
medicine,train_2020_2023,pearson,mSI,rSIG_Age,derived_score,derived_score,14107,-0.39147375852558813
medicine,train_2020_2023,pearson,mSI,SI_G,derived_score,derived_score,14109,0.5249359460082222
medicine,train_2020_2023,pearson,mSI,SIA_G,derived_score,derived_score,14107,0.4388530753961277
medicine,train_2020_2023,pearson,mSI,SIAVPU,derived_score,derived_score,14253,0.7417575690155765
medicine,train_2020_2023,pearson,mSI,sMS,derived_score,derived_score,14109,-0.15802648986973197
medicine,train_2020_2023,pearson,mSI,rSI_sMS,derived_score,derived_score,14109,-0.7207253741781698
medicine,train_2020_2023,pearson,mSI,rSI_GCS,derived_score,derived_score,14109,-0.7317274105105565
medicine,train_2020_2023,pearson,mSI,rSI_GCSM,derived_score,derived_score,14109,-0.7380827443745915
medicine,train_2020_2023,pearson,mSI,qSOFA,derived_score,derived_score,14253,0.3752002482770906
medicine,train_2020_2023,pearson,mSI,NEWS2,derived_score,derived_score,2695,0.5071898934793199
medicine,train_2020_2023,pearson,mSI,MEWS,derived_score,derived_score,14253,0.5408377702661517
medicine,train_2020_2023,pearson,mSI,REMS,derived_score,derived_score,14107,0.045265676107402515
medicine,train_2020_2023,pearson,mSI,RTS,derived_score,derived_score,14109,-0.22643017514380406
medicine,train_2020_2023,pearson,aSI,rSI,derived_score,derived_score,15109,-0.5780183724129739
medicine,train_2020_2023,pearson,aSI,rSIG,derived_score,derived_score,14957,-0.5711292089227071
medicine,train_2020_2023,pearson,aSI,rSIG_Age,derived_score,derived_score,14957,-0.7708313179483238
medicine,train_2020_2023,pearson,aSI,SI_G,derived_score,derived_score,14957,0.5016202391612039
medicine,train_2020_2023,pearson,aSI,SIA_G,derived_score,derived_score,14957,0.6474899040575799
medicine,train_2020_2023,pearson,aSI,SIAVPU,derived_score,derived_score,15109,0.44594148297582215
medicine,train_2020_2023,pearson,aSI,sMS,derived_score,derived_score,14958,-0.2812416892304299
medicine,train_2020_2023,pearson,aSI,rSI_sMS,derived_score,derived_score,14958,-0.5705030303289369
medicine,train_2020_2023,pearson,aSI,rSI_GCS,derived_score,derived_score,14957,-0.5711292089227071
medicine,train_2020_2023,pearson,aSI,rSI_GCSM,derived_score,derived_score,14958,-0.5661561750873002
medicine,train_2020_2023,pearson,aSI,qSOFA,derived_score,derived_score,15109,0.4810398018849644
medicine,train_2020_2023,pearson,aSI,NEWS2,derived_score,derived_score,2910,0.5308317883881887
medicine,train_2020_2023,pearson,aSI,MEWS,derived_score,derived_score,15106,0.5273922452433273
medicine,train_2020_2023,pearson,aSI,REMS,derived_score,derived_score,14107,0.5662413312189003
medicine,train_2020_2023,pearson,aSI,RTS,derived_score,derived_score,14957,-0.3404993479194024
medicine,train_2020_2023,pearson,rSI,rSIG,derived_score,derived_score,14964,0.8408679654564097
medicine,train_2020_2023,pearson,rSI,rSIG_Age,derived_score,derived_score,14957,0.381846063156634
medicine,train_2020_2023,pearson,rSI,SI_G,derived_score,derived_score,14964,-0.44173147327773643
medicine,train_2020_2023,pearson,rSI,SIA_G,derived_score,derived_score,14957,-0.3464304060118157
medicine,train_2020_2023,pearson,rSI,SIAVPU,derived_score,derived_score,15116,-0.7327310168223213
medicine,train_2020_2023,pearson,rSI,sMS,derived_score,derived_score,14965,0.10463730603166571
medicine,train_2020_2023,pearson,rSI,rSI_sMS,derived_score,derived_score,14965,0.8274579869126322
medicine,train_2020_2023,pearson,rSI,rSI_GCS,derived_score,derived_score,14964,0.8408679654564097
medicine,train_2020_2023,pearson,rSI,rSI_GCSM,derived_score,derived_score,14965,0.8507809792277278
medicine,train_2020_2023,pearson,rSI,qSOFA,derived_score,derived_score,15116,-0.34132481850350577
medicine,train_2020_2023,pearson,rSI,NEWS2,derived_score,derived_score,2910,-0.4322772854360046
medicine,train_2020_2023,pearson,rSI,MEWS,derived_score,derived_score,15113,-0.42286834533905154
medicine,train_2020_2023,pearson,rSI,REMS,derived_score,derived_score,14107,0.14573289063046538
medicine,train_2020_2023,pearson,rSI,RTS,derived_score,derived_score,14964,0.1687214886322456
medicine,train_2020_2023,pearson,rSIG,rSIG_Age,derived_score,derived_score,14957,0.5434410370966073
medicine,train_2020_2023,pearson,rSIG,SI_G,derived_score,derived_score,14964,-0.6879368848660714
medicine,train_2020_2023,pearson,rSIG,SIA_G,derived_score,derived_score,14957,-0.6048245370521678
medicine,train_2020_2023,pearson,rSIG,SIAVPU,derived_score,derived_score,14964,-0.4200902031592508
medicine,train_2020_2023,pearson,rSIG,sMS,derived_score,derived_score,14964,0.5640128446576275
medicine,train_2020_2023,pearson,rSIG,rSI_sMS,derived_score,derived_score,14964,0.9858377556849997
medicine,train_2020_2023,pearson,rSIG,rSI_GCS,derived_score,derived_score,14964,1.0
medicine,train_2020_2023,pearson,rSIG,rSI_GCSM,derived_score,derived_score,14964,0.9867826558045096
medicine,train_2020_2023,pearson,rSIG,qSOFA,derived_score,derived_score,14964,-0.5827758758328296
medicine,train_2020_2023,pearson,rSIG,NEWS2,derived_score,derived_score,2822,-0.6369441887723463
medicine,train_2020_2023,pearson,rSIG,MEWS,derived_score,derived_score,14961,-0.607501572068649
medicine,train_2020_2023,pearson,rSIG,REMS,derived_score,derived_score,14107,-0.12068872783889704
medicine,train_2020_2023,pearson,rSIG,RTS,derived_score,derived_score,14964,0.6075448722163086
medicine,train_2020_2023,pearson,rSIG_Age,SI_G,derived_score,derived_score,14957,-0.4449364276222688
medicine,train_2020_2023,pearson,rSIG_Age,SIA_G,derived_score,derived_score,14957,-0.5716549381936679
medicine,train_2020_2023,pearson,rSIG_Age,SIAVPU,derived_score,derived_score,14957,-0.13337400196875057
medicine,train_2020_2023,pearson,rSIG_Age,sMS,derived_score,derived_score,14957,0.44211555795424534
medicine,train_2020_2023,pearson,rSIG_Age,rSI_sMS,derived_score,derived_score,14957,0.5421841658668582
medicine,train_2020_2023,pearson,rSIG_Age,rSI_GCS,derived_score,derived_score,14957,0.5434410370966073
medicine,train_2020_2023,pearson,rSIG_Age,rSI_GCSM,derived_score,derived_score,14957,0.5263218334779255
medicine,train_2020_2023,pearson,rSIG_Age,qSOFA,derived_score,derived_score,14957,-0.4512506589170969
medicine,train_2020_2023,pearson,rSIG_Age,NEWS2,derived_score,derived_score,2822,-0.5675348731432748
medicine,train_2020_2023,pearson,rSIG_Age,MEWS,derived_score,derived_score,14954,-0.4544668813068846
medicine,train_2020_2023,pearson,rSIG_Age,REMS,derived_score,derived_score,14107,-0.6448545331698564
medicine,train_2020_2023,pearson,rSIG_Age,RTS,derived_score,derived_score,14957,0.45289500912776115
medicine,train_2020_2023,pearson,SI_G,SIA_G,derived_score,derived_score,14957,0.9286243241048951
medicine,train_2020_2023,pearson,SI_G,SIAVPU,derived_score,derived_score,14964,0.026696222124419324
medicine,train_2020_2023,pearson,SI_G,sMS,derived_score,derived_score,14964,-0.6765640412692309
medicine,train_2020_2023,pearson,SI_G,rSI_sMS,derived_score,derived_score,14964,-0.6548072546388578
medicine,train_2020_2023,pearson,SI_G,rSI_GCS,derived_score,derived_score,14964,-0.6879368848660713
medicine,train_2020_2023,pearson,SI_G,rSI_GCSM,derived_score,derived_score,14964,-0.6918414196734818
medicine,train_2020_2023,pearson,SI_G,qSOFA,derived_score,derived_score,14964,0.6001396804741647
medicine,train_2020_2023,pearson,SI_G,NEWS2,derived_score,derived_score,2822,0.5803542167738863
medicine,train_2020_2023,pearson,SI_G,MEWS,derived_score,derived_score,14961,0.6448043145030737
medicine,train_2020_2023,pearson,SI_G,REMS,derived_score,derived_score,14107,0.3545132064328806
medicine,train_2020_2023,pearson,SI_G,RTS,derived_score,derived_score,14964,-0.8418202816955455
medicine,train_2020_2023,pearson,SIA_G,SIAVPU,derived_score,derived_score,14957,-0.05846346155731938
medicine,train_2020_2023,pearson,SIA_G,sMS,derived_score,derived_score,14957,-0.6789349970987338
medicine,train_2020_2023,pearson,SIA_G,rSI_sMS,derived_score,derived_score,14957,-0.578998495544556
medicine,train_2020_2023,pearson,SIA_G,rSI_GCS,derived_score,derived_score,14957,-0.6048245370521677
medicine,train_2020_2023,pearson,SIA_G,rSI_GCSM,derived_score,derived_score,14957,-0.6037110519064565
medicine,train_2020_2023,pearson,SIA_G,qSOFA,derived_score,derived_score,14957,0.5953013254481812
medicine,train_2020_2023,pearson,SIA_G,NEWS2,derived_score,derived_score,2822,0.5689517431258254
medicine,train_2020_2023,pearson,SIA_G,MEWS,derived_score,derived_score,14954,0.6106317303223718
medicine,train_2020_2023,pearson,SIA_G,REMS,derived_score,derived_score,14107,0.5516220449506812
medicine,train_2020_2023,pearson,SIA_G,RTS,derived_score,derived_score,14957,-0.8162452677357839
medicine,train_2020_2023,pearson,SIAVPU,sMS,derived_score,derived_score,14965,0.3395290259823096
medicine,train_2020_2023,pearson,SIAVPU,rSI_sMS,derived_score,derived_score,14965,-0.4125314156033472
medicine,train_2020_2023,pearson,SIAVPU,rSI_GCS,derived_score,derived_score,14964,-0.4200902031592508
medicine,train_2020_2023,pearson,SIAVPU,rSI_GCSM,derived_score,derived_score,14965,-0.44849417406693265
medicine,train_2020_2023,pearson,SIAVPU,qSOFA,derived_score,derived_score,15116,0.027171049041761253
medicine,train_2020_2023,pearson,SIAVPU,NEWS2,derived_score,derived_score,2910,0.0257229566798664
medicine,train_2020_2023,pearson,SIAVPU,MEWS,derived_score,derived_score,15113,0.16094034743669525
medicine,train_2020_2023,pearson,SIAVPU,REMS,derived_score,derived_score,14107,-0.2690391448524789
medicine,train_2020_2023,pearson,SIAVPU,RTS,derived_score,derived_score,14964,0.2595477336284814
medicine,train_2020_2023,pearson,sMS,rSI_sMS,derived_score,derived_score,14965,0.608558720132801
medicine,train_2020_2023,pearson,sMS,rSI_GCS,derived_score,derived_score,14964,0.5640128446576275
medicine,train_2020_2023,pearson,sMS,rSI_GCSM,derived_score,derived_score,14965,0.5298161181043602
medicine,train_2020_2023,pearson,sMS,qSOFA,derived_score,derived_score,14965,-0.6375806685488229
medicine,train_2020_2023,pearson,sMS,NEWS2,derived_score,derived_score,2823,-0.5397107992588228
medicine,train_2020_2023,pearson,sMS,MEWS,derived_score,derived_score,14962,-0.5291964739476558
medicine,train_2020_2023,pearson,sMS,REMS,derived_score,derived_score,14107,-0.47615974498766284
medicine,train_2020_2023,pearson,sMS,RTS,derived_score,derived_score,14964,0.8749052158955851
medicine,train_2020_2023,pearson,rSI_sMS,rSI_GCS,derived_score,derived_score,14964,0.9858377556849998
medicine,train_2020_2023,pearson,rSI_sMS,rSI_GCSM,derived_score,derived_score,14965,0.9730422052105203
medicine,train_2020_2023,pearson,rSI_sMS,qSOFA,derived_score,derived_score,14965,-0.593257173469943
medicine,train_2020_2023,pearson,rSI_sMS,NEWS2,derived_score,derived_score,2823,-0.6338244448581283
medicine,train_2020_2023,pearson,rSI_sMS,MEWS,derived_score,derived_score,14962,-0.6011294635382787
medicine,train_2020_2023,pearson,rSI_sMS,REMS,derived_score,derived_score,14107,-0.12939479694191214
medicine,train_2020_2023,pearson,rSI_sMS,RTS,derived_score,derived_score,14964,0.5895335411970851
medicine,train_2020_2023,pearson,rSI_GCS,rSI_GCSM,derived_score,derived_score,14964,0.9867826558045096
medicine,train_2020_2023,pearson,rSI_GCS,qSOFA,derived_score,derived_score,14964,-0.5827758758328296
medicine,train_2020_2023,pearson,rSI_GCS,NEWS2,derived_score,derived_score,2822,-0.6369441887723463
medicine,train_2020_2023,pearson,rSI_GCS,MEWS,derived_score,derived_score,14961,-0.6075015720686491
medicine,train_2020_2023,pearson,rSI_GCS,REMS,derived_score,derived_score,14107,-0.12068872783889704
medicine,train_2020_2023,pearson,rSI_GCS,RTS,derived_score,derived_score,14964,0.6075448722163086
medicine,train_2020_2023,pearson,rSI_GCSM,qSOFA,derived_score,derived_score,14965,-0.5487237405795059
medicine,train_2020_2023,pearson,rSI_GCSM,NEWS2,derived_score,derived_score,2823,-0.6033011339224719
medicine,train_2020_2023,pearson,rSI_GCSM,MEWS,derived_score,derived_score,14962,-0.5884352339626963
medicine,train_2020_2023,pearson,rSI_GCSM,REMS,derived_score,derived_score,14107,-0.09633864110292882
medicine,train_2020_2023,pearson,rSI_GCSM,RTS,derived_score,derived_score,14964,0.5870248014463877
medicine,train_2020_2023,pearson,qSOFA,NEWS2,derived_score,derived_score,2910,0.830900114638752
medicine,train_2020_2023,pearson,qSOFA,MEWS,derived_score,derived_score,15113,0.6942818083227822
medicine,train_2020_2023,pearson,qSOFA,REMS,derived_score,derived_score,14107,0.4398456164511423
medicine,train_2020_2023,pearson,qSOFA,RTS,derived_score,derived_score,14964,-0.6587416414987362
medicine,train_2020_2023,pearson,NEWS2,MEWS,derived_score,derived_score,2910,0.8193849327252064
medicine,train_2020_2023,pearson,NEWS2,REMS,derived_score,derived_score,2613,0.6004643039759562
medicine,train_2020_2023,pearson,NEWS2,RTS,derived_score,derived_score,2822,-0.5746274743465213
medicine,train_2020_2023,pearson,MEWS,REMS,derived_score,derived_score,14107,0.4891417068982074
medicine,train_2020_2023,pearson,MEWS,RTS,derived_score,derived_score,14961,-0.5983904378097283
medicine,train_2020_2023,pearson,REMS,RTS,derived_score,derived_score,14107,-0.4808259171281225
medicine,train_2020_2023,spearman,EMT_年齡,prehosp_sbp,vital,vital,15202,0.1281985538993463
medicine,train_2020_2023,spearman,EMT_年齡,prehosp_dbp,vital,vital,14251,-0.0622773449580258
medicine,train_2020_2023,spearman,EMT_年齡,prehosp_hr,vital,vital,15113,-0.041308204723817084
medicine,train_2020_2023,spearman,EMT_年齡,prehosp_rr,vital,vital,15113,0.10733438845999622
medicine,train_2020_2023,spearman,EMT_年齡,prehosp_spo2,vital,vital,15110,-0.20534159664506887
medicine,train_2020_2023,spearman,EMT_年齡,prehosp_bt,vital,vital,15109,0.11961788815458627
medicine,train_2020_2023,spearman,EMT_年齡,prehosp_gcs,vital,vital,14961,-0.2338770508919534
medicine,train_2020_2023,spearman,EMT_年齡,prehosp_gcs_m,vital,vital,14962,-0.23227680310786092
medicine,train_2020_2023,spearman,EMT_年齡,MAP,vital,derived_score,14251,0.04834218067959537
medicine,train_2020_2023,spearman,EMT_年齡,SI,vital,derived_score,15109,-0.12679421484698325
medicine,train_2020_2023,spearman,EMT_年齡,mSI,vital,derived_score,14251,-0.06646998003431619
medicine,train_2020_2023,spearman,EMT_年齡,aSI,vital,derived_score,15109,0.6875912282013645
medicine,train_2020_2023,spearman,EMT_年齡,rSI,vital,derived_score,15109,0.12679421484698325
medicine,train_2020_2023,spearman,EMT_年齡,rSIG,vital,derived_score,14957,0.016250119638140922
medicine,train_2020_2023,spearman,EMT_年齡,rSIG_Age,vital,derived_score,14957,-0.668229185516605
medicine,train_2020_2023,spearman,EMT_年齡,SI_G,vital,derived_score,14957,-0.016252714262478256
medicine,train_2020_2023,spearman,EMT_年齡,SIA_G,vital,derived_score,14957,0.6682281024549239
medicine,train_2020_2023,spearman,EMT_年齡,SIAVPU,vital,derived_score,15109,-0.23370350049761668
medicine,train_2020_2023,spearman,EMT_年齡,sMS,vital,derived_score,14962,-0.23367089858467474
medicine,train_2020_2023,spearman,EMT_年齡,rSI_sMS,vital,derived_score,14958,0.009343105117172276
medicine,train_2020_2023,spearman,EMT_年齡,rSI_GCS,vital,derived_score,14957,0.016251527661896793
medicine,train_2020_2023,spearman,EMT_年齡,rSI_GCSM,vital,derived_score,14958,0.0395558438481223
medicine,train_2020_2023,spearman,EMT_年齡,qSOFA,vital,derived_score,15109,0.1888035490038835
medicine,train_2020_2023,spearman,EMT_年齡,NEWS2,vital,derived_score,2910,0.10052367646411865
medicine,train_2020_2023,spearman,EMT_年齡,MEWS,vital,derived_score,15106,0.1262962217126198
medicine,train_2020_2023,spearman,EMT_年齡,REMS,vital,derived_score,14107,0.7834370690494684
medicine,train_2020_2023,spearman,EMT_年齡,RTS,vital,derived_score,14957,-0.20260840798048804
medicine,train_2020_2023,spearman,prehosp_sbp,prehosp_dbp,vital,vital,14253,0.6694262834354053
medicine,train_2020_2023,spearman,prehosp_sbp,prehosp_hr,vital,vital,15116,0.05862243373650254
medicine,train_2020_2023,spearman,prehosp_sbp,prehosp_rr,vital,vital,15116,-0.016534165628737756
medicine,train_2020_2023,spearman,prehosp_sbp,prehosp_spo2,vital,vital,15114,0.0760072592081505
medicine,train_2020_2023,spearman,prehosp_sbp,prehosp_bt,vital,vital,15113,0.025631501492137897
medicine,train_2020_2023,spearman,prehosp_sbp,prehosp_gcs,vital,vital,14964,0.09330659912029839
medicine,train_2020_2023,spearman,prehosp_sbp,prehosp_gcs_m,vital,vital,14965,0.08953731826912491
medicine,train_2020_2023,spearman,prehosp_sbp,MAP,vital,derived_score,14253,0.910298369183494
medicine,train_2020_2023,spearman,prehosp_sbp,SI,vital,derived_score,15116,-0.6968851922684516
medicine,train_2020_2023,spearman,prehosp_sbp,mSI,vital,derived_score,14253,-0.5703116012323196
medicine,train_2020_2023,spearman,prehosp_sbp,aSI,vital,derived_score,15109,-0.3613022924749072
medicine,train_2020_2023,spearman,prehosp_sbp,rSI,vital,derived_score,15116,0.6968851922684516
medicine,train_2020_2023,spearman,prehosp_sbp,rSIG,vital,derived_score,14964,0.6034415690415473
medicine,train_2020_2023,spearman,prehosp_sbp,rSIG_Age,vital,derived_score,14957,0.3100219532388433
medicine,train_2020_2023,spearman,prehosp_sbp,SI_G,vital,derived_score,14964,-0.6034409587558567
medicine,train_2020_2023,spearman,prehosp_sbp,SIA_G,vital,derived_score,14957,-0.3100231158099592
medicine,train_2020_2023,spearman,prehosp_sbp,SIAVPU,vital,derived_score,15116,-0.5532013661511593
medicine,train_2020_2023,spearman,prehosp_sbp,sMS,vital,derived_score,14965,0.08935461039993431
medicine,train_2020_2023,spearman,prehosp_sbp,rSI_sMS,vital,derived_score,14965,0.5948804154791709
medicine,train_2020_2023,spearman,prehosp_sbp,rSI_GCS,vital,derived_score,14964,0.603439834592992
medicine,train_2020_2023,spearman,prehosp_sbp,rSI_GCSM,vital,derived_score,14965,0.6247667896679874
medicine,train_2020_2023,spearman,prehosp_sbp,qSOFA,vital,derived_score,15116,-0.36628407174277733
medicine,train_2020_2023,spearman,prehosp_sbp,NEWS2,vital,derived_score,2910,-0.32834687336038193
medicine,train_2020_2023,spearman,prehosp_sbp,MEWS,vital,derived_score,15113,-0.1917609907342162
medicine,train_2020_2023,spearman,prehosp_sbp,REMS,vital,derived_score,14107,0.23823103546869706
medicine,train_2020_2023,spearman,prehosp_sbp,RTS,vital,derived_score,14964,0.2269969732974469
medicine,train_2020_2023,spearman,prehosp_dbp,prehosp_hr,vital,vital,14253,0.1469932022238232
medicine,train_2020_2023,spearman,prehosp_dbp,prehosp_rr,vital,vital,14253,-0.005659024309153394
medicine,train_2020_2023,spearman,prehosp_dbp,prehosp_spo2,vital,vital,14253,0.09790875454651386
medicine,train_2020_2023,spearman,prehosp_dbp,prehosp_bt,vital,vital,14253,0.001052142583684805
medicine,train_2020_2023,spearman,prehosp_dbp,prehosp_gcs,vital,vital,14109,0.10718618305844356
medicine,train_2020_2023,spearman,prehosp_dbp,prehosp_gcs_m,vital,vital,14109,0.10320821770156623
medicine,train_2020_2023,spearman,prehosp_dbp,MAP,vital,derived_score,14253,0.9084906171026471
medicine,train_2020_2023,spearman,prehosp_dbp,SI,vital,derived_score,14253,-0.372388719372967
medicine,train_2020_2023,spearman,prehosp_dbp,mSI,vital,derived_score,14253,-0.502310112070344
medicine,train_2020_2023,spearman,prehosp_dbp,aSI,vital,derived_score,14251,-0.2846577068166223
medicine,train_2020_2023,spearman,prehosp_dbp,rSI,vital,derived_score,14253,0.372388719372967
medicine,train_2020_2023,spearman,prehosp_dbp,rSIG,vital,derived_score,14109,0.3396654106922894
medicine,train_2020_2023,spearman,prehosp_dbp,rSIG_Age,vital,derived_score,14107,0.26017156632169874
medicine,train_2020_2023,spearman,prehosp_dbp,SI_G,vital,derived_score,14109,-0.33966633151542575
medicine,train_2020_2023,spearman,prehosp_dbp,SIA_G,vital,derived_score,14107,-0.2601724422605663
medicine,train_2020_2023,spearman,prehosp_dbp,SIAVPU,vital,derived_score,14253,-0.25728428467193853
medicine,train_2020_2023,spearman,prehosp_dbp,sMS,vital,derived_score,14109,0.10349630177970903
medicine,train_2020_2023,spearman,prehosp_dbp,rSI_sMS,vital,derived_score,14109,0.33563817699136106
medicine,train_2020_2023,spearman,prehosp_dbp,rSI_GCS,vital,derived_score,14109,0.33966546847068385
medicine,train_2020_2023,spearman,prehosp_dbp,rSI_GCSM,vital,derived_score,14109,0.34521845335944246
medicine,train_2020_2023,spearman,prehosp_dbp,qSOFA,vital,derived_score,14253,-0.260642817712773
medicine,train_2020_2023,spearman,prehosp_dbp,NEWS2,vital,derived_score,2695,-0.21298261783322087
medicine,train_2020_2023,spearman,prehosp_dbp,MEWS,vital,derived_score,14253,-0.08673312547449608
medicine,train_2020_2023,spearman,prehosp_dbp,REMS,vital,derived_score,14107,0.08392964039831069
medicine,train_2020_2023,spearman,prehosp_dbp,RTS,vital,derived_score,14109,0.1709848217845442
medicine,train_2020_2023,spearman,prehosp_hr,prehosp_rr,vital,vital,15120,0.19018842957533502
medicine,train_2020_2023,spearman,prehosp_hr,prehosp_spo2,vital,vital,15117,-0.08888846962853905
medicine,train_2020_2023,spearman,prehosp_hr,prehosp_bt,vital,vital,15116,0.23582086912034933
medicine,train_2020_2023,spearman,prehosp_hr,prehosp_gcs,vital,vital,14968,-0.08095231419149147
medicine,train_2020_2023,spearman,prehosp_hr,prehosp_gcs_m,vital,vital,14969,-0.08153714050490812
medicine,train_2020_2023,spearman,prehosp_hr,MAP,vital,derived_score,14253,0.11543812584292064
medicine,train_2020_2023,spearman,prehosp_hr,SI,vital,derived_score,15116,0.6312972201387198
medicine,train_2020_2023,spearman,prehosp_hr,mSI,vital,derived_score,14253,0.6907283688343252
medicine,train_2020_2023,spearman,prehosp_hr,aSI,vital,derived_score,15109,0.4012210603793845
medicine,train_2020_2023,spearman,prehosp_hr,rSI,vital,derived_score,15116,-0.6312972201387198
medicine,train_2020_2023,spearman,prehosp_hr,rSIG,vital,derived_score,14964,-0.5513137728155231
medicine,train_2020_2023,spearman,prehosp_hr,rSIG_Age,vital,derived_score,14957,-0.3518662195634385
medicine,train_2020_2023,spearman,prehosp_hr,SI_G,vital,derived_score,14964,0.5513175363456811
medicine,train_2020_2023,spearman,prehosp_hr,SIA_G,vital,derived_score,14957,0.3518675418441703
medicine,train_2020_2023,spearman,prehosp_hr,SIAVPU,vital,derived_score,15116,0.5192608381051778
medicine,train_2020_2023,spearman,prehosp_hr,sMS,vital,derived_score,14969,-0.08228682359751027
medicine,train_2020_2023,spearman,prehosp_hr,rSI_sMS,vital,derived_score,14965,-0.5424776744054276
medicine,train_2020_2023,spearman,prehosp_hr,rSI_GCS,vital,derived_score,14964,-0.5513164929135932
medicine,train_2020_2023,spearman,prehosp_hr,rSI_GCSM,vital,derived_score,14965,-0.5694220996046624
medicine,train_2020_2023,spearman,prehosp_hr,qSOFA,vital,derived_score,15116,0.10185615667582168
medicine,train_2020_2023,spearman,prehosp_hr,NEWS2,vital,derived_score,2910,0.3512983073503853
medicine,train_2020_2023,spearman,prehosp_hr,MEWS,vital,derived_score,15113,0.5064787779623064
medicine,train_2020_2023,spearman,prehosp_hr,REMS,vital,derived_score,14107,0.06898372961338732
medicine,train_2020_2023,spearman,prehosp_hr,RTS,vital,derived_score,14964,-0.08193416308712963
medicine,train_2020_2023,spearman,prehosp_rr,prehosp_spo2,vital,vital,15117,-0.0713309513240661
medicine,train_2020_2023,spearman,prehosp_rr,prehosp_bt,vital,vital,15116,0.07736334254815075
medicine,train_2020_2023,spearman,prehosp_rr,prehosp_gcs,vital,vital,14968,-0.17635490545486773
medicine,train_2020_2023,spearman,prehosp_rr,prehosp_gcs_m,vital,vital,14969,-0.17688117520800303
medicine,train_2020_2023,spearman,prehosp_rr,MAP,vital,derived_score,14253,-0.000708372386375136
medicine,train_2020_2023,spearman,prehosp_rr,SI,vital,derived_score,15116,0.14064189872178906
medicine,train_2020_2023,spearman,prehosp_rr,mSI,vital,derived_score,14253,0.14505673140260772
medicine,train_2020_2023,spearman,prehosp_rr,aSI,vital,derived_score,15109,0.17181726686602186
medicine,train_2020_2023,spearman,prehosp_rr,rSI,vital,derived_score,15116,-0.14064189872178906
medicine,train_2020_2023,spearman,prehosp_rr,rSIG,vital,derived_score,14964,-0.18263053307787577
medicine,train_2020_2023,spearman,prehosp_rr,rSIG_Age,vital,derived_score,14957,-0.18930085531752924
medicine,train_2020_2023,spearman,prehosp_rr,SI_G,vital,derived_score,14964,0.18262832013651842
medicine,train_2020_2023,spearman,prehosp_rr,SIA_G,vital,derived_score,14957,0.1893013814229848
medicine,train_2020_2023,spearman,prehosp_rr,SIAVPU,vital,derived_score,15116,0.028915927159106392
medicine,train_2020_2023,spearman,prehosp_rr,sMS,vital,derived_score,14969,-0.1763046959577633
medicine,train_2020_2023,spearman,prehosp_rr,rSI_sMS,vital,derived_score,14965,-0.1834317523409401
medicine,train_2020_2023,spearman,prehosp_rr,rSI_GCS,vital,derived_score,14964,-0.18262929022951258
medicine,train_2020_2023,spearman,prehosp_rr,rSI_GCSM,vital,derived_score,14965,-0.17787015380186766
medicine,train_2020_2023,spearman,prehosp_rr,qSOFA,vital,derived_score,15116,0.43129227358733013
medicine,train_2020_2023,spearman,prehosp_rr,NEWS2,vital,derived_score,2910,0.4774576398695541
medicine,train_2020_2023,spearman,prehosp_rr,MEWS,vital,derived_score,15113,0.3602786691092102
medicine,train_2020_2023,spearman,prehosp_rr,REMS,vital,derived_score,14107,0.17887518466224606
medicine,train_2020_2023,spearman,prehosp_rr,RTS,vital,derived_score,14964,-0.20314434350295804
medicine,train_2020_2023,spearman,prehosp_spo2,prehosp_bt,vital,vital,15114,-0.11972473311887266
medicine,train_2020_2023,spearman,prehosp_spo2,prehosp_gcs,vital,vital,14965,0.16385228243252503
medicine,train_2020_2023,spearman,prehosp_spo2,prehosp_gcs_m,vital,vital,14966,0.1602783351817264
medicine,train_2020_2023,spearman,prehosp_spo2,MAP,vital,derived_score,14253,0.08122613842479312
medicine,train_2020_2023,spearman,prehosp_spo2,SI,vital,derived_score,15114,-0.11574364500993953
medicine,train_2020_2023,spearman,prehosp_spo2,mSI,vital,derived_score,14253,-0.12509788852015333
medicine,train_2020_2023,spearman,prehosp_spo2,aSI,vital,derived_score,15107,-0.2525290547790125
medicine,train_2020_2023,spearman,prehosp_spo2,rSI,vital,derived_score,15114,0.11574364500993953
medicine,train_2020_2023,spearman,prehosp_spo2,rSIG,vital,derived_score,14962,0.15405057756547294
medicine,train_2020_2023,spearman,prehosp_spo2,rSIG_Age,vital,derived_score,14955,0.26397865605204174
medicine,train_2020_2023,spearman,prehosp_spo2,SI_G,vital,derived_score,14962,-0.15404829183193763
medicine,train_2020_2023,spearman,prehosp_spo2,SIA_G,vital,derived_score,14955,-0.26397787760270036
medicine,train_2020_2023,spearman,prehosp_spo2,SIAVPU,vital,derived_score,15114,-0.020406488298302106
medicine,train_2020_2023,spearman,prehosp_spo2,sMS,vital,derived_score,14966,0.16002409651184346
medicine,train_2020_2023,spearman,prehosp_spo2,rSI_sMS,vital,derived_score,14963,0.1545229617647277
medicine,train_2020_2023,spearman,prehosp_spo2,rSI_GCS,vital,derived_score,14962,0.15404876839273407
medicine,train_2020_2023,spearman,prehosp_spo2,rSI_GCSM,vital,derived_score,14963,0.14664005116227757
medicine,train_2020_2023,spearman,prehosp_spo2,qSOFA,vital,derived_score,15114,-0.16339459007514623
medicine,train_2020_2023,spearman,prehosp_spo2,NEWS2,vital,derived_score,2910,-0.466756285256593
medicine,train_2020_2023,spearman,prehosp_spo2,MEWS,vital,derived_score,15111,-0.1790710982308856
medicine,train_2020_2023,spearman,prehosp_spo2,REMS,vital,derived_score,14107,-0.22162083356569448
medicine,train_2020_2023,spearman,prehosp_spo2,RTS,vital,derived_score,14962,0.16593422673617386
medicine,train_2020_2023,spearman,prehosp_bt,prehosp_gcs,vital,vital,14964,-0.07923666012147795
medicine,train_2020_2023,spearman,prehosp_bt,prehosp_gcs_m,vital,vital,14965,-0.08708940129359889
medicine,train_2020_2023,spearman,prehosp_bt,MAP,vital,derived_score,14253,0.017498915015994765
medicine,train_2020_2023,spearman,prehosp_bt,SI,vital,derived_score,15113,0.14544256898324345
medicine,train_2020_2023,spearman,prehosp_bt,mSI,vital,derived_score,14253,0.17356925991209837
medicine,train_2020_2023,spearman,prehosp_bt,aSI,vital,derived_score,15106,0.1863685133552859
medicine,train_2020_2023,spearman,prehosp_bt,rSI,vital,derived_score,15113,-0.14544256898324345
medicine,train_2020_2023,spearman,prehosp_bt,rSIG,vital,derived_score,14961,-0.1467689161942144
medicine,train_2020_2023,spearman,prehosp_bt,rSIG_Age,vital,derived_score,14954,-0.17620662766103112
medicine,train_2020_2023,spearman,prehosp_bt,SI_G,vital,derived_score,14961,0.14677065847656143
medicine,train_2020_2023,spearman,prehosp_bt,SIA_G,vital,derived_score,14954,0.1762068883228613
medicine,train_2020_2023,spearman,prehosp_bt,SIAVPU,vital,derived_score,15113,0.09214224588229332
medicine,train_2020_2023,spearman,prehosp_bt,sMS,vital,derived_score,14965,-0.08789187972200363
medicine,train_2020_2023,spearman,prehosp_bt,rSI_sMS,vital,derived_score,14962,-0.1478661143937996
medicine,train_2020_2023,spearman,prehosp_bt,rSI_GCS,vital,derived_score,14961,-0.14677148819832272
medicine,train_2020_2023,spearman,prehosp_bt,rSI_GCSM,vital,derived_score,14962,-0.14609239131042384
medicine,train_2020_2023,spearman,prehosp_bt,qSOFA,vital,derived_score,15113,0.05171329673820209
medicine,train_2020_2023,spearman,prehosp_bt,NEWS2,vital,derived_score,2910,0.0036268765621709624
medicine,train_2020_2023,spearman,prehosp_bt,MEWS,vital,derived_score,15113,0.17221885626978156
medicine,train_2020_2023,spearman,prehosp_bt,REMS,vital,derived_score,14107,0.11112322805237912
medicine,train_2020_2023,spearman,prehosp_bt,RTS,vital,derived_score,14961,-0.05553307369567297
medicine,train_2020_2023,spearman,prehosp_gcs,prehosp_gcs_m,vital,vital,14968,0.9614484987956394
medicine,train_2020_2023,spearman,prehosp_gcs,MAP,vital,derived_score,14109,0.10055408731757148
medicine,train_2020_2023,spearman,prehosp_gcs,SI,vital,derived_score,14964,-0.126433369297446
medicine,train_2020_2023,spearman,prehosp_gcs,mSI,vital,derived_score,14109,-0.13709509154913269
medicine,train_2020_2023,spearman,prehosp_gcs,aSI,vital,derived_score,14957,-0.2548576109802205
medicine,train_2020_2023,spearman,prehosp_gcs,rSI,vital,derived_score,14964,0.126433369297446
medicine,train_2020_2023,spearman,prehosp_gcs,rSIG,vital,derived_score,14964,0.5312220640551939
medicine,train_2020_2023,spearman,prehosp_gcs,rSIG_Age,vital,derived_score,14957,0.5353660553355423
medicine,train_2020_2023,spearman,prehosp_gcs,SI_G,vital,derived_score,14964,-0.5312180055617357
medicine,train_2020_2023,spearman,prehosp_gcs,SIA_G,vital,derived_score,14957,-0.535366619067966
medicine,train_2020_2023,spearman,prehosp_gcs,SIAVPU,vital,derived_score,14964,0.35580693593814466
medicine,train_2020_2023,spearman,prehosp_gcs,sMS,vital,derived_score,14968,0.960328094089638
medicine,train_2020_2023,spearman,prehosp_gcs,rSI_sMS,vital,derived_score,14964,0.5413189440162554
medicine,train_2020_2023,spearman,prehosp_gcs,rSI_GCS,vital,derived_score,14964,0.5312185365328533
medicine,train_2020_2023,spearman,prehosp_gcs,rSI_GCSM,vital,derived_score,14964,0.45588089515334046
medicine,train_2020_2023,spearman,prehosp_gcs,qSOFA,vital,derived_score,14964,-0.6440168885108623
medicine,train_2020_2023,spearman,prehosp_gcs,NEWS2,vital,derived_score,2822,-0.5731754574376349
medicine,train_2020_2023,spearman,prehosp_gcs,MEWS,vital,derived_score,14961,-0.47955151511102145
medicine,train_2020_2023,spearman,prehosp_gcs,REMS,vital,derived_score,14107,-0.44087114935409644
medicine,train_2020_2023,spearman,prehosp_gcs,RTS,vital,derived_score,14964,0.8634742620734688
medicine,train_2020_2023,spearman,prehosp_gcs_m,MAP,vital,derived_score,14109,0.09692596605110569
medicine,train_2020_2023,spearman,prehosp_gcs_m,SI,vital,derived_score,14965,-0.12309619367365632
medicine,train_2020_2023,spearman,prehosp_gcs_m,mSI,vital,derived_score,14109,-0.133301097436645
medicine,train_2020_2023,spearman,prehosp_gcs_m,aSI,vital,derived_score,14958,-0.25101618244901786
medicine,train_2020_2023,spearman,prehosp_gcs_m,rSI,vital,derived_score,14965,0.12309619367365632
medicine,train_2020_2023,spearman,prehosp_gcs_m,rSIG,vital,derived_score,14964,0.5275620980345959
medicine,train_2020_2023,spearman,prehosp_gcs_m,rSIG_Age,vital,derived_score,14957,0.5318062035268349
medicine,train_2020_2023,spearman,prehosp_gcs_m,SI_G,vital,derived_score,14964,-0.5275598678437746
medicine,train_2020_2023,spearman,prehosp_gcs_m,SIA_G,vital,derived_score,14957,-0.5318068601717374
medicine,train_2020_2023,spearman,prehosp_gcs_m,SIAVPU,vital,derived_score,14965,0.35437293064285474
medicine,train_2020_2023,spearman,prehosp_gcs_m,sMS,vital,derived_score,14969,0.9988943223117993
medicine,train_2020_2023,spearman,prehosp_gcs_m,rSI_sMS,vital,derived_score,14965,0.5558178821210665
medicine,train_2020_2023,spearman,prehosp_gcs_m,rSI_GCS,vital,derived_score,14964,0.5275614308612154
medicine,train_2020_2023,spearman,prehosp_gcs_m,rSI_GCSM,vital,derived_score,14965,0.46688419151714994
medicine,train_2020_2023,spearman,prehosp_gcs_m,qSOFA,vital,derived_score,14965,-0.6145442686405855
medicine,train_2020_2023,spearman,prehosp_gcs_m,NEWS2,vital,derived_score,2823,-0.550265275443783
medicine,train_2020_2023,spearman,prehosp_gcs_m,MEWS,vital,derived_score,14962,-0.46934844771426365
medicine,train_2020_2023,spearman,prehosp_gcs_m,REMS,vital,derived_score,14107,-0.44338625482048266
medicine,train_2020_2023,spearman,prehosp_gcs_m,RTS,vital,derived_score,14964,0.8628853720156815
medicine,train_2020_2023,spearman,MAP,SI,derived_score,derived_score,14253,-0.5610939441687228
medicine,train_2020_2023,spearman,MAP,mSI,derived_score,derived_score,14253,-0.5849422335677668
medicine,train_2020_2023,spearman,MAP,aSI,derived_score,derived_score,14251,-0.320871888838372
medicine,train_2020_2023,spearman,MAP,rSI,derived_score,derived_score,14253,0.5610939441687228
medicine,train_2020_2023,spearman,MAP,rSIG,derived_score,derived_score,14109,0.4930744332424389
medicine,train_2020_2023,spearman,MAP,rSIG_Age,derived_score,derived_score,14107,0.2816907824097189
medicine,train_2020_2023,spearman,MAP,SI_G,derived_score,derived_score,14109,-0.4930757262669185
medicine,train_2020_2023,spearman,MAP,SIA_G,derived_score,derived_score,14107,-0.2816921581628379
medicine,train_2020_2023,spearman,MAP,SIAVPU,derived_score,derived_score,14253,-0.42495591595429394
medicine,train_2020_2023,spearman,MAP,sMS,derived_score,derived_score,14109,0.09717098446990731
medicine,train_2020_2023,spearman,MAP,rSI_sMS,derived_score,derived_score,14109,0.486806223853554
medicine,train_2020_2023,spearman,MAP,rSI_GCS,derived_score,derived_score,14109,0.49307442761955733
medicine,train_2020_2023,spearman,MAP,rSI_GCSM,derived_score,derived_score,14109,0.5072217687754644
medicine,train_2020_2023,spearman,MAP,qSOFA,derived_score,derived_score,14253,-0.27198084199886485
medicine,train_2020_2023,spearman,MAP,NEWS2,derived_score,derived_score,2695,-0.23581115847753148
medicine,train_2020_2023,spearman,MAP,MEWS,derived_score,derived_score,14253,-0.0997970710901938
medicine,train_2020_2023,spearman,MAP,REMS,derived_score,derived_score,14107,0.1852249269899512
medicine,train_2020_2023,spearman,MAP,RTS,derived_score,derived_score,14109,0.16802190143299986
medicine,train_2020_2023,spearman,SI,mSI,derived_score,derived_score,14253,0.9514634515830498
medicine,train_2020_2023,spearman,SI,aSI,derived_score,derived_score,15109,0.5617974379585039
medicine,train_2020_2023,spearman,SI,rSI,derived_score,derived_score,15116,-0.9999999999999998
medicine,train_2020_2023,spearman,SI,rSIG,derived_score,derived_score,14964,-0.8644214779860143
medicine,train_2020_2023,spearman,SI,rSIG_Age,derived_score,derived_score,14957,-0.4854589903223511
medicine,train_2020_2023,spearman,SI,SI_G,derived_score,derived_score,14964,0.8644238114317089
medicine,train_2020_2023,spearman,SI,SIA_G,derived_score,derived_score,14957,0.48546072380107047
medicine,train_2020_2023,spearman,SI,SIAVPU,derived_score,derived_score,15116,0.8022639253291864
medicine,train_2020_2023,spearman,SI,sMS,derived_score,derived_score,14965,-0.12353383542032496
medicine,train_2020_2023,spearman,SI,rSI_sMS,derived_score,derived_score,14965,-0.8520897939591918
medicine,train_2020_2023,spearman,SI,rSI_GCS,derived_score,derived_score,14964,-0.8644213868901368
medicine,train_2020_2023,spearman,SI,rSI_GCSM,derived_score,derived_score,14965,-0.8956472752221356
medicine,train_2020_2023,spearman,SI,qSOFA,derived_score,derived_score,15116,0.362644365997435
medicine,train_2020_2023,spearman,SI,NEWS2,derived_score,derived_score,2910,0.4912936125642102
medicine,train_2020_2023,spearman,SI,MEWS,derived_score,derived_score,15113,0.5113933100461113
medicine,train_2020_2023,spearman,SI,REMS,derived_score,derived_score,14107,-0.12683014784105845
medicine,train_2020_2023,spearman,SI,RTS,derived_score,derived_score,14964,-0.23905829630591396
medicine,train_2020_2023,spearman,mSI,aSI,derived_score,derived_score,14251,0.5629742479787745
medicine,train_2020_2023,spearman,mSI,rSI,derived_score,derived_score,14253,-0.9514634515830497
medicine,train_2020_2023,spearman,mSI,rSIG,derived_score,derived_score,14109,-0.828273501175249
medicine,train_2020_2023,spearman,mSI,rSIG_Age,derived_score,derived_score,14107,-0.49186249715011804
medicine,train_2020_2023,spearman,mSI,SI_G,derived_score,derived_score,14109,0.8282770763643119
medicine,train_2020_2023,spearman,mSI,SIA_G,derived_score,derived_score,14107,0.49186431985121126
medicine,train_2020_2023,spearman,mSI,SIAVPU,derived_score,derived_score,14253,0.7486743692134588
medicine,train_2020_2023,spearman,mSI,sMS,derived_score,derived_score,14109,-0.1339794977966379
medicine,train_2020_2023,spearman,mSI,rSI_sMS,derived_score,derived_score,14109,-0.8173515656181773
medicine,train_2020_2023,spearman,mSI,rSI_GCS,derived_score,derived_score,14109,-0.8282735545708501
medicine,train_2020_2023,spearman,mSI,rSI_GCSM,derived_score,derived_score,14109,-0.85692660469142
medicine,train_2020_2023,spearman,mSI,qSOFA,derived_score,derived_score,14253,0.2880070166306393
medicine,train_2020_2023,spearman,mSI,NEWS2,derived_score,derived_score,2695,0.4562529553761688
medicine,train_2020_2023,spearman,mSI,MEWS,derived_score,derived_score,14253,0.4904691903020302
medicine,train_2020_2023,spearman,mSI,REMS,derived_score,derived_score,14107,-0.07895049600939437
medicine,train_2020_2023,spearman,mSI,RTS,derived_score,derived_score,14109,-0.1937061038259105
medicine,train_2020_2023,spearman,aSI,rSI,derived_score,derived_score,15109,-0.5617974379585039
medicine,train_2020_2023,spearman,aSI,rSIG,derived_score,derived_score,14957,-0.5536484820344468
medicine,train_2020_2023,spearman,aSI,rSIG_Age,derived_score,derived_score,14957,-0.9246364546214009
medicine,train_2020_2023,spearman,aSI,SI_G,derived_score,derived_score,14957,0.5536477172918248
medicine,train_2020_2023,spearman,aSI,SIA_G,derived_score,derived_score,14957,0.9246362827248467
medicine,train_2020_2023,spearman,aSI,SIAVPU,derived_score,derived_score,15109,0.35382005821651086
medicine,train_2020_2023,spearman,aSI,sMS,derived_score,derived_score,14958,-0.2522545333287996
medicine,train_2020_2023,spearman,aSI,rSI_sMS,derived_score,derived_score,14958,-0.5499833145598247
medicine,train_2020_2023,spearman,aSI,rSI_GCS,derived_score,derived_score,14957,-0.5536469428963762
medicine,train_2020_2023,spearman,aSI,rSI_GCSM,derived_score,derived_score,14958,-0.5568030341401393
medicine,train_2020_2023,spearman,aSI,qSOFA,derived_score,derived_score,15109,0.39141296113073415
medicine,train_2020_2023,spearman,aSI,NEWS2,derived_score,derived_score,2910,0.4807750106234228
medicine,train_2020_2023,spearman,aSI,MEWS,derived_score,derived_score,15106,0.43798965878637475
medicine,train_2020_2023,spearman,aSI,REMS,derived_score,derived_score,14107,0.5664020228220854
medicine,train_2020_2023,spearman,aSI,RTS,derived_score,derived_score,14957,-0.31827250136853946
medicine,train_2020_2023,spearman,rSI,rSIG,derived_score,derived_score,14964,0.8644214779860143
medicine,train_2020_2023,spearman,rSI,rSIG_Age,derived_score,derived_score,14957,0.4854589903223511
medicine,train_2020_2023,spearman,rSI,SI_G,derived_score,derived_score,14964,-0.8644238114317089
medicine,train_2020_2023,spearman,rSI,SIA_G,derived_score,derived_score,14957,-0.48546072380107047
medicine,train_2020_2023,spearman,rSI,SIAVPU,derived_score,derived_score,15116,-0.8022639253291864
medicine,train_2020_2023,spearman,rSI,sMS,derived_score,derived_score,14965,0.12353383542032496
medicine,train_2020_2023,spearman,rSI,rSI_sMS,derived_score,derived_score,14965,0.8520897939591918
medicine,train_2020_2023,spearman,rSI,rSI_GCS,derived_score,derived_score,14964,0.8644213868901368
medicine,train_2020_2023,spearman,rSI,rSI_GCSM,derived_score,derived_score,14965,0.8956472752221356
medicine,train_2020_2023,spearman,rSI,qSOFA,derived_score,derived_score,15116,-0.362644365997435
medicine,train_2020_2023,spearman,rSI,NEWS2,derived_score,derived_score,2910,-0.4912936125642102
medicine,train_2020_2023,spearman,rSI,MEWS,derived_score,derived_score,15113,-0.5113933100461113
medicine,train_2020_2023,spearman,rSI,REMS,derived_score,derived_score,14107,0.12683014784105845
medicine,train_2020_2023,spearman,rSI,RTS,derived_score,derived_score,14964,0.23905829630591396
medicine,train_2020_2023,spearman,rSIG,rSIG_Age,derived_score,derived_score,14957,0.660347812789043
medicine,train_2020_2023,spearman,rSIG,SI_G,derived_score,derived_score,14964,-0.9999999761414637
medicine,train_2020_2023,spearman,rSIG,SIA_G,derived_score,derived_score,14957,-0.6603495917697069
medicine,train_2020_2023,spearman,rSIG,SIAVPU,derived_score,derived_score,14964,-0.5208089576441115
medicine,train_2020_2023,spearman,rSIG,sMS,derived_score,derived_score,14964,0.5256866357977577
medicine,train_2020_2023,spearman,rSIG,rSI_sMS,derived_score,derived_score,14964,0.9899069983408375
medicine,train_2020_2023,spearman,rSIG,rSI_GCS,derived_score,derived_score,14964,0.9999999842808345
medicine,train_2020_2023,spearman,rSIG,rSI_GCSM,derived_score,derived_score,14964,0.9871564083584656
medicine,train_2020_2023,spearman,rSIG,qSOFA,derived_score,derived_score,14964,-0.5790951662771602
medicine,train_2020_2023,spearman,rSIG,NEWS2,derived_score,derived_score,2822,-0.6907851536618934
medicine,train_2020_2023,spearman,rSIG,MEWS,derived_score,derived_score,14961,-0.6490563908464195
medicine,train_2020_2023,spearman,rSIG,REMS,derived_score,derived_score,14107,-0.07951618199712289
medicine,train_2020_2023,spearman,rSIG,RTS,derived_score,derived_score,14964,0.5916025491399264
medicine,train_2020_2023,spearman,rSIG_Age,SI_G,derived_score,derived_score,14957,-0.6603454421826632
medicine,train_2020_2023,spearman,rSIG_Age,SIA_G,derived_score,derived_score,14957,-0.9999999939149294
medicine,train_2020_2023,spearman,rSIG_Age,SIAVPU,derived_score,derived_score,14957,-0.1710153580286035
medicine,train_2020_2023,spearman,rSIG_Age,sMS,derived_score,derived_score,14957,0.5302393501079928
medicine,train_2020_2023,spearman,rSIG_Age,rSI_sMS,derived_score,derived_score,14957,0.6572383238909962
medicine,train_2020_2023,spearman,rSIG_Age,rSI_GCS,derived_score,derived_score,14957,0.6603464572307574
medicine,train_2020_2023,spearman,rSIG_Age,rSI_GCSM,derived_score,derived_score,14957,0.6362399708593947
medicine,train_2020_2023,spearman,rSIG_Age,qSOFA,derived_score,derived_score,14957,-0.5339850635805276
medicine,train_2020_2023,spearman,rSIG_Age,NEWS2,derived_score,derived_score,2822,-0.6556586083663186
medicine,train_2020_2023,spearman,rSIG_Age,MEWS,derived_score,derived_score,14954,-0.5330992259975387
medicine,train_2020_2023,spearman,rSIG_Age,REMS,derived_score,derived_score,14107,-0.6405945558016471
medicine,train_2020_2023,spearman,rSIG_Age,RTS,derived_score,derived_score,14957,0.5620438779999788
medicine,train_2020_2023,spearman,SI_G,SIA_G,derived_score,derived_score,14957,0.6603472223163245
medicine,train_2020_2023,spearman,SI_G,SIAVPU,derived_score,derived_score,14964,0.5208119537960826
medicine,train_2020_2023,spearman,SI_G,sMS,derived_score,derived_score,14964,-0.525684368754275
medicine,train_2020_2023,spearman,SI_G,rSI_sMS,derived_score,derived_score,14964,-0.9899072802033013
medicine,train_2020_2023,spearman,SI_G,rSI_GCS,derived_score,derived_score,14964,-0.999999989479073
medicine,train_2020_2023,spearman,SI_G,rSI_GCSM,derived_score,derived_score,14964,-0.9871578143243463
medicine,train_2020_2023,spearman,SI_G,qSOFA,derived_score,derived_score,14964,0.5790917394327003
medicine,train_2020_2023,spearman,SI_G,NEWS2,derived_score,derived_score,2822,0.6907754486938096
medicine,train_2020_2023,spearman,SI_G,MEWS,derived_score,derived_score,14961,0.6490549269099183
medicine,train_2020_2023,spearman,SI_G,REMS,derived_score,derived_score,14107,0.0795121489535881
medicine,train_2020_2023,spearman,SI_G,RTS,derived_score,derived_score,14964,-0.5916006380115238
medicine,train_2020_2023,spearman,SIA_G,SIAVPU,derived_score,derived_score,14957,0.17101663389834953
medicine,train_2020_2023,spearman,SIA_G,sMS,derived_score,derived_score,14957,-0.5302399975806
medicine,train_2020_2023,spearman,SIA_G,rSI_sMS,derived_score,derived_score,14957,-0.6572400816801565
medicine,train_2020_2023,spearman,SIA_G,rSI_GCS,derived_score,derived_score,14957,-0.6603482369645618
medicine,train_2020_2023,spearman,SIA_G,rSI_GCSM,derived_score,derived_score,14957,-0.6362417302651113
medicine,train_2020_2023,spearman,SIA_G,qSOFA,derived_score,derived_score,14957,0.5339854025482736
medicine,train_2020_2023,spearman,SIA_G,NEWS2,derived_score,derived_score,2822,0.6556579514316869
medicine,train_2020_2023,spearman,SIA_G,MEWS,derived_score,derived_score,14954,0.5331006456488477
medicine,train_2020_2023,spearman,SIA_G,REMS,derived_score,derived_score,14107,0.6405935910369353
medicine,train_2020_2023,spearman,SIA_G,RTS,derived_score,derived_score,14957,-0.56204441320614
medicine,train_2020_2023,spearman,SIAVPU,sMS,derived_score,derived_score,14965,0.3510907083316901
medicine,train_2020_2023,spearman,SIAVPU,rSI_sMS,derived_score,derived_score,14965,-0.5083788088078647
medicine,train_2020_2023,spearman,SIAVPU,rSI_GCS,derived_score,derived_score,14964,-0.5208105032899464
medicine,train_2020_2023,spearman,SIAVPU,rSI_GCSM,derived_score,derived_score,14965,-0.5755571737835816
medicine,train_2020_2023,spearman,SIAVPU,qSOFA,derived_score,derived_score,15116,-0.012208352163128463
medicine,train_2020_2023,spearman,SIAVPU,NEWS2,derived_score,derived_score,2910,-0.06097488581902022
medicine,train_2020_2023,spearman,SIAVPU,MEWS,derived_score,derived_score,15113,0.17472804040278025
medicine,train_2020_2023,spearman,SIAVPU,REMS,derived_score,derived_score,14107,-0.33858095179211883
medicine,train_2020_2023,spearman,SIAVPU,RTS,derived_score,derived_score,14964,0.2027829947459453
medicine,train_2020_2023,spearman,sMS,rSI_sMS,derived_score,derived_score,14965,0.5565288360770176
medicine,train_2020_2023,spearman,sMS,rSI_GCS,derived_score,derived_score,14964,0.5256859618761619
medicine,train_2020_2023,spearman,sMS,rSI_GCSM,derived_score,derived_score,14965,0.4633110939692128
medicine,train_2020_2023,spearman,sMS,qSOFA,derived_score,derived_score,14965,-0.6149862346273393
medicine,train_2020_2023,spearman,sMS,NEWS2,derived_score,derived_score,2823,-0.5536441709093405
medicine,train_2020_2023,spearman,sMS,MEWS,derived_score,derived_score,14962,-0.46825132370528205
medicine,train_2020_2023,spearman,sMS,REMS,derived_score,derived_score,14107,-0.4423549799804677
medicine,train_2020_2023,spearman,sMS,RTS,derived_score,derived_score,14964,0.8617094272980973
medicine,train_2020_2023,spearman,rSI_sMS,rSI_GCS,derived_score,derived_score,14964,0.9899074768618209
medicine,train_2020_2023,spearman,rSI_sMS,rSI_GCSM,derived_score,derived_score,14965,0.9825239719680737
medicine,train_2020_2023,spearman,rSI_sMS,qSOFA,derived_score,derived_score,14965,-0.5825195884606902
medicine,train_2020_2023,spearman,rSI_sMS,NEWS2,derived_score,derived_score,2823,-0.6899866994100685
medicine,train_2020_2023,spearman,rSI_sMS,MEWS,derived_score,derived_score,14962,-0.6442439386354221
medicine,train_2020_2023,spearman,rSI_sMS,REMS,derived_score,derived_score,14107,-0.08501322426191027
medicine,train_2020_2023,spearman,rSI_sMS,RTS,derived_score,derived_score,14964,0.5991141399322703
medicine,train_2020_2023,spearman,rSI_GCS,rSI_GCSM,derived_score,derived_score,14964,0.9871570738245046
medicine,train_2020_2023,spearman,rSI_GCS,qSOFA,derived_score,derived_score,14964,-0.5790926716533675
medicine,train_2020_2023,spearman,rSI_GCS,NEWS2,derived_score,derived_score,2822,-0.6907803537242255
medicine,train_2020_2023,spearman,rSI_GCS,MEWS,derived_score,derived_score,14961,-0.6490553924565405
medicine,train_2020_2023,spearman,rSI_GCS,REMS,derived_score,derived_score,14107,-0.07951586433542564
medicine,train_2020_2023,spearman,rSI_GCS,RTS,derived_score,derived_score,14964,0.59160251379215
medicine,train_2020_2023,spearman,rSI_GCSM,qSOFA,derived_score,derived_score,14965,-0.5382790424129912
medicine,train_2020_2023,spearman,rSI_GCSM,NEWS2,derived_score,derived_score,2823,-0.660242172807199
medicine,train_2020_2023,spearman,rSI_GCSM,MEWS,derived_score,derived_score,14962,-0.6288666559928296
medicine,train_2020_2023,spearman,rSI_GCSM,REMS,derived_score,derived_score,14107,-0.04352112212232367
medicine,train_2020_2023,spearman,rSI_GCSM,RTS,derived_score,derived_score,14964,0.5288681991885311
medicine,train_2020_2023,spearman,qSOFA,NEWS2,derived_score,derived_score,2910,0.8326043779896788
medicine,train_2020_2023,spearman,qSOFA,MEWS,derived_score,derived_score,15113,0.6815137004370772
medicine,train_2020_2023,spearman,qSOFA,REMS,derived_score,derived_score,14107,0.3933779681066425
medicine,train_2020_2023,spearman,qSOFA,RTS,derived_score,derived_score,14964,-0.7114669245902728
medicine,train_2020_2023,spearman,NEWS2,MEWS,derived_score,derived_score,2910,0.8190999952034826
medicine,train_2020_2023,spearman,NEWS2,REMS,derived_score,derived_score,2613,0.5893482065850105
medicine,train_2020_2023,spearman,NEWS2,RTS,derived_score,derived_score,2822,-0.6321885966397148
medicine,train_2020_2023,spearman,MEWS,REMS,derived_score,derived_score,14107,0.4154332523612046
medicine,train_2020_2023,spearman,MEWS,RTS,derived_score,derived_score,14961,-0.5502938156863295
medicine,train_2020_2023,spearman,REMS,RTS,derived_score,derived_score,14107,-0.4503912637483072
medicine,validation_2024,pearson,EMT_年齡,prehosp_sbp,vital,vital,4654,0.1114355844732774
medicine,validation_2024,pearson,EMT_年齡,prehosp_dbp,vital,vital,4005,-0.01792065670774119
medicine,validation_2024,pearson,EMT_年齡,prehosp_hr,vital,vital,4629,-0.002407655270662464
medicine,validation_2024,pearson,EMT_年齡,prehosp_rr,vital,vital,4629,0.0944402733181379
medicine,validation_2024,pearson,EMT_年齡,prehosp_spo2,vital,vital,4621,-0.17602341535261945
medicine,validation_2024,pearson,EMT_年齡,prehosp_bt,vital,vital,4625,0.11298512299319038
medicine,validation_2024,pearson,EMT_年齡,prehosp_gcs,vital,vital,4575,-0.19583134784147935
medicine,validation_2024,pearson,EMT_年齡,prehosp_gcs_m,vital,vital,4582,-0.17179235786646738
medicine,validation_2024,pearson,EMT_年齡,MAP,vital,derived_score,4005,0.07261835858278924
medicine,validation_2024,pearson,EMT_年齡,SI,vital,derived_score,4623,-0.042030561237195965
medicine,validation_2024,pearson,EMT_年齡,mSI,vital,derived_score,4005,-0.029335331470559122
medicine,validation_2024,pearson,EMT_年齡,aSI,vital,derived_score,4623,0.6214078472560726
medicine,validation_2024,pearson,EMT_年齡,rSI,vital,derived_score,4623,0.10408478327785903
medicine,validation_2024,pearson,EMT_年齡,rSIG,vital,derived_score,4569,0.004860567114294489
medicine,validation_2024,pearson,EMT_年齡,rSIG_Age,vital,derived_score,4569,-0.7233190163928636
medicine,validation_2024,pearson,EMT_年齡,SI_G,vital,derived_score,4569,0.10197757310796737
medicine,validation_2024,pearson,EMT_年齡,SIA_G,vital,derived_score,4569,0.36485863807960056
medicine,validation_2024,pearson,EMT_年齡,SIAVPU,vital,derived_score,4623,-0.148446509995413
medicine,validation_2024,pearson,EMT_年齡,sMS,vital,derived_score,4582,-0.20626647784390667
medicine,validation_2024,pearson,EMT_年齡,rSI_sMS,vital,derived_score,4576,-0.009757180462598351
medicine,validation_2024,pearson,EMT_年齡,rSI_GCS,vital,derived_score,4569,0.00486056711429449
medicine,validation_2024,pearson,EMT_年齡,rSI_GCSM,vital,derived_score,4576,0.019808696252195595
medicine,validation_2024,pearson,EMT_年齡,qSOFA,vital,derived_score,4623,0.16832898253975834
medicine,validation_2024,pearson,EMT_年齡,NEWS2,vital,derived_score,986,0.07070170587276665
medicine,validation_2024,pearson,EMT_年齡,MEWS,vital,derived_score,4623,0.15109287807832902
medicine,validation_2024,pearson,EMT_年齡,REMS,vital,derived_score,3960,0.771957368387337
medicine,validation_2024,pearson,EMT_年齡,RTS,vital,derived_score,4569,-0.17475110539803745
medicine,validation_2024,pearson,prehosp_sbp,prehosp_dbp,vital,vital,4006,0.7005551937140961
medicine,validation_2024,pearson,prehosp_sbp,prehosp_hr,vital,vital,4626,0.07863833466400243
medicine,validation_2024,pearson,prehosp_sbp,prehosp_rr,vital,vital,4626,-0.027963041253026653
medicine,validation_2024,pearson,prehosp_sbp,prehosp_spo2,vital,vital,4622,0.15062964379229588
medicine,validation_2024,pearson,prehosp_sbp,prehosp_bt,vital,vital,4626,0.03323342112873062
medicine,validation_2024,pearson,prehosp_sbp,prehosp_gcs,vital,vital,4572,0.09692869786539128
medicine,validation_2024,pearson,prehosp_sbp,prehosp_gcs_m,vital,vital,4579,0.09347189942230419
medicine,validation_2024,pearson,prehosp_sbp,MAP,vital,derived_score,4006,0.9150048687060995
medicine,validation_2024,pearson,prehosp_sbp,SI,vital,derived_score,4626,-0.6896562339373759
medicine,validation_2024,pearson,prehosp_sbp,mSI,vital,derived_score,4006,-0.5736602895197953
medicine,validation_2024,pearson,prehosp_sbp,aSI,vital,derived_score,4623,-0.45797444601846166
medicine,validation_2024,pearson,prehosp_sbp,rSI,vital,derived_score,4626,0.7238231205278534
medicine,validation_2024,pearson,prehosp_sbp,rSIG,vital,derived_score,4572,0.6359545710322947
medicine,validation_2024,pearson,prehosp_sbp,rSIG_Age,vital,derived_score,4569,0.2613799779970353
medicine,validation_2024,pearson,prehosp_sbp,SI_G,vital,derived_score,4572,-0.3546110930611918
medicine,validation_2024,pearson,prehosp_sbp,SIA_G,vital,derived_score,4569,-0.28999645999412704
medicine,validation_2024,pearson,prehosp_sbp,SIAVPU,vital,derived_score,4626,-0.5619281704403117
medicine,validation_2024,pearson,prehosp_sbp,sMS,vital,derived_score,4579,0.09565327314317443
medicine,validation_2024,pearson,prehosp_sbp,rSI_sMS,vital,derived_score,4579,0.6187014290542654
medicine,validation_2024,pearson,prehosp_sbp,rSI_GCS,vital,derived_score,4572,0.6359545710322946
medicine,validation_2024,pearson,prehosp_sbp,rSI_GCSM,vital,derived_score,4579,0.6448001095134507
medicine,validation_2024,pearson,prehosp_sbp,qSOFA,vital,derived_score,4626,-0.4769788891559606
medicine,validation_2024,pearson,prehosp_sbp,NEWS2,vital,derived_score,986,-0.3609855523078378
medicine,validation_2024,pearson,prehosp_sbp,MEWS,vital,derived_score,4626,-0.19569563395541398
medicine,validation_2024,pearson,prehosp_sbp,REMS,vital,derived_score,3960,0.22655303615473896
medicine,validation_2024,pearson,prehosp_sbp,RTS,vital,derived_score,4572,0.20157568336284676
medicine,validation_2024,pearson,prehosp_dbp,prehosp_hr,vital,vital,4006,0.14272227879524038
medicine,validation_2024,pearson,prehosp_dbp,prehosp_rr,vital,vital,4006,0.03768163327330582
medicine,validation_2024,pearson,prehosp_dbp,prehosp_spo2,vital,vital,4006,0.06420296387849365
medicine,validation_2024,pearson,prehosp_dbp,prehosp_bt,vital,vital,4006,0.0009343668917071818
medicine,validation_2024,pearson,prehosp_dbp,prehosp_gcs,vital,vital,3961,0.08880454796661201
medicine,validation_2024,pearson,prehosp_dbp,prehosp_gcs_m,vital,vital,3961,0.08020142208191561
medicine,validation_2024,pearson,prehosp_dbp,MAP,vital,derived_score,4006,0.9289074749487121
medicine,validation_2024,pearson,prehosp_dbp,SI,vital,derived_score,4006,-0.4212701309656782
medicine,validation_2024,pearson,prehosp_dbp,mSI,vital,derived_score,4006,-0.5292262222272184
medicine,validation_2024,pearson,prehosp_dbp,aSI,vital,derived_score,4005,-0.32152639249931025
medicine,validation_2024,pearson,prehosp_dbp,rSI,vital,derived_score,4006,0.4033469311471005
medicine,validation_2024,pearson,prehosp_dbp,rSIG,vital,derived_score,3961,0.36129111869804703
medicine,validation_2024,pearson,prehosp_dbp,rSIG_Age,vital,derived_score,3960,0.1940079949325946
medicine,validation_2024,pearson,prehosp_dbp,SI_G,vital,derived_score,3961,-0.24289033989722064
medicine,validation_2024,pearson,prehosp_dbp,SIA_G,vital,derived_score,3960,-0.22017947501125706
medicine,validation_2024,pearson,prehosp_dbp,SIAVPU,vital,derived_score,4006,-0.30177153388720873
medicine,validation_2024,pearson,prehosp_dbp,sMS,vital,derived_score,3961,0.08620165140455399
medicine,validation_2024,pearson,prehosp_dbp,rSI_sMS,vital,derived_score,3961,0.3519087095049286
medicine,validation_2024,pearson,prehosp_dbp,rSI_GCS,vital,derived_score,3961,0.36129111869804703
medicine,validation_2024,pearson,prehosp_dbp,rSI_GCSM,vital,derived_score,3961,0.361427856503315
medicine,validation_2024,pearson,prehosp_dbp,qSOFA,vital,derived_score,4006,-0.27328884454561814
medicine,validation_2024,pearson,prehosp_dbp,NEWS2,vital,derived_score,834,-0.20877975604263868
medicine,validation_2024,pearson,prehosp_dbp,MEWS,vital,derived_score,4006,-0.04638119765788223
medicine,validation_2024,pearson,prehosp_dbp,REMS,vital,derived_score,3960,0.1159473738559953
medicine,validation_2024,pearson,prehosp_dbp,RTS,vital,derived_score,3961,0.15640473549810752
medicine,validation_2024,pearson,prehosp_hr,prehosp_rr,vital,vital,4632,0.20655954168884888
medicine,validation_2024,pearson,prehosp_hr,prehosp_spo2,vital,vital,4624,-0.13232509960751337
medicine,validation_2024,pearson,prehosp_hr,prehosp_bt,vital,vital,4628,0.2741621962141101
medicine,validation_2024,pearson,prehosp_hr,prehosp_gcs,vital,vital,4578,-0.04769976220484932
medicine,validation_2024,pearson,prehosp_hr,prehosp_gcs_m,vital,vital,4585,-0.05324645597026198
medicine,validation_2024,pearson,prehosp_hr,MAP,vital,derived_score,4006,0.12028057938350828
medicine,validation_2024,pearson,prehosp_hr,SI,vital,derived_score,4626,0.6026098305352213
medicine,validation_2024,pearson,prehosp_hr,mSI,vital,derived_score,4006,0.6736345291695033
medicine,validation_2024,pearson,prehosp_hr,aSI,vital,derived_score,4623,0.4463291165150976
medicine,validation_2024,pearson,prehosp_hr,rSI,vital,derived_score,4626,-0.5729480072375727
medicine,validation_2024,pearson,prehosp_hr,rSIG,vital,derived_score,4572,-0.48767820582125004
medicine,validation_2024,pearson,prehosp_hr,rSIG_Age,vital,derived_score,4569,-0.3149443054818488
medicine,validation_2024,pearson,prehosp_hr,SI_G,vital,derived_score,4572,0.31862601967736687
medicine,validation_2024,pearson,prehosp_hr,SIA_G,vital,derived_score,4569,0.27334626430310527
medicine,validation_2024,pearson,prehosp_hr,SIAVPU,vital,derived_score,4626,0.502115267950208
medicine,validation_2024,pearson,prehosp_hr,sMS,vital,derived_score,4585,-0.05231881987978968
medicine,validation_2024,pearson,prehosp_hr,rSI_sMS,vital,derived_score,4579,-0.4744451061513774
medicine,validation_2024,pearson,prehosp_hr,rSI_GCS,vital,derived_score,4572,-0.48767820582125015
medicine,validation_2024,pearson,prehosp_hr,rSI_GCSM,vital,derived_score,4579,-0.4969124532614154
medicine,validation_2024,pearson,prehosp_hr,qSOFA,vital,derived_score,4626,0.07207663876372983
medicine,validation_2024,pearson,prehosp_hr,NEWS2,vital,derived_score,986,0.32003599382102393
medicine,validation_2024,pearson,prehosp_hr,MEWS,vital,derived_score,4626,0.5194454455587783
medicine,validation_2024,pearson,prehosp_hr,REMS,vital,derived_score,3960,0.12506571360821103
medicine,validation_2024,pearson,prehosp_hr,RTS,vital,derived_score,4572,-0.057720160984014494
medicine,validation_2024,pearson,prehosp_rr,prehosp_spo2,vital,vital,4624,-0.1795026090086734
medicine,validation_2024,pearson,prehosp_rr,prehosp_bt,vital,vital,4628,0.06821812186479315
medicine,validation_2024,pearson,prehosp_rr,prehosp_gcs,vital,vital,4578,-0.09111147629878817
medicine,validation_2024,pearson,prehosp_rr,prehosp_gcs_m,vital,vital,4585,-0.08915388366250772
medicine,validation_2024,pearson,prehosp_rr,MAP,vital,derived_score,4006,0.029626217271618027
medicine,validation_2024,pearson,prehosp_rr,SI,vital,derived_score,4626,0.15375866393663193
medicine,validation_2024,pearson,prehosp_rr,mSI,vital,derived_score,4006,0.12468610344784649
medicine,validation_2024,pearson,prehosp_rr,aSI,vital,derived_score,4623,0.1842500197884516
medicine,validation_2024,pearson,prehosp_rr,rSI,vital,derived_score,4626,-0.11834826078614386
medicine,validation_2024,pearson,prehosp_rr,rSIG,vital,derived_score,4572,-0.1471111124257662
medicine,validation_2024,pearson,prehosp_rr,rSIG_Age,vital,derived_score,4569,-0.13951179385946022
medicine,validation_2024,pearson,prehosp_rr,SI_G,vital,derived_score,4572,0.11379027685975315
medicine,validation_2024,pearson,prehosp_rr,SIA_G,vital,derived_score,4569,0.13202968535526172
medicine,validation_2024,pearson,prehosp_rr,SIAVPU,vital,derived_score,4626,0.0743231418005048
medicine,validation_2024,pearson,prehosp_rr,sMS,vital,derived_score,4585,-0.10934162256670972
medicine,validation_2024,pearson,prehosp_rr,rSI_sMS,vital,derived_score,4579,-0.1526113058212848
medicine,validation_2024,pearson,prehosp_rr,rSI_GCS,vital,derived_score,4572,-0.1471111124257662
medicine,validation_2024,pearson,prehosp_rr,rSI_GCSM,vital,derived_score,4579,-0.14899472849719736
medicine,validation_2024,pearson,prehosp_rr,qSOFA,vital,derived_score,4626,0.45772870393157916
medicine,validation_2024,pearson,prehosp_rr,NEWS2,vital,derived_score,986,0.371247732829406
medicine,validation_2024,pearson,prehosp_rr,MEWS,vital,derived_score,4626,0.39238403429980284
medicine,validation_2024,pearson,prehosp_rr,REMS,vital,derived_score,3960,0.1576472681516639
medicine,validation_2024,pearson,prehosp_rr,RTS,vital,derived_score,4572,-0.11832482650263025
medicine,validation_2024,pearson,prehosp_spo2,prehosp_bt,vital,vital,4624,-0.03473428294264268
medicine,validation_2024,pearson,prehosp_spo2,prehosp_gcs,vital,vital,4570,0.2575773773883225
medicine,validation_2024,pearson,prehosp_spo2,prehosp_gcs_m,vital,vital,4577,0.24954541140062092
medicine,validation_2024,pearson,prehosp_spo2,MAP,vital,derived_score,4006,0.0725228778777234
medicine,validation_2024,pearson,prehosp_spo2,SI,vital,derived_score,4622,-0.23534732936128797
medicine,validation_2024,pearson,prehosp_spo2,mSI,vital,derived_score,4006,-0.17236116838146304
medicine,validation_2024,pearson,prehosp_spo2,aSI,vital,derived_score,4619,-0.3054283954844974
medicine,validation_2024,pearson,prehosp_spo2,rSI,vital,derived_score,4622,0.17988692037170775
medicine,validation_2024,pearson,prehosp_spo2,rSIG,vital,derived_score,4568,0.24241999124532063
medicine,validation_2024,pearson,prehosp_spo2,rSIG_Age,vital,derived_score,4565,0.25712819205324366
medicine,validation_2024,pearson,prehosp_spo2,SI_G,vital,derived_score,4568,-0.31998892353274266
medicine,validation_2024,pearson,prehosp_spo2,SIA_G,vital,derived_score,4565,-0.34602825167547346
medicine,validation_2024,pearson,prehosp_spo2,SIAVPU,vital,derived_score,4622,-0.027238250638987063
medicine,validation_2024,pearson,prehosp_spo2,sMS,vital,derived_score,4577,0.2375518233028121
medicine,validation_2024,pearson,prehosp_spo2,rSI_sMS,vital,derived_score,4575,0.23997221646065256
medicine,validation_2024,pearson,prehosp_spo2,rSI_GCS,vital,derived_score,4568,0.24241999124532063
medicine,validation_2024,pearson,prehosp_spo2,rSI_GCSM,vital,derived_score,4575,0.23953317959305834
medicine,validation_2024,pearson,prehosp_spo2,qSOFA,vital,derived_score,4622,-0.3212220563974345
medicine,validation_2024,pearson,prehosp_spo2,NEWS2,vital,derived_score,986,-0.5072075827856394
medicine,validation_2024,pearson,prehosp_spo2,MEWS,vital,derived_score,4622,-0.3260403807024825
medicine,validation_2024,pearson,prehosp_spo2,REMS,vital,derived_score,3960,-0.2866883997656145
medicine,validation_2024,pearson,prehosp_spo2,RTS,vital,derived_score,4568,0.27746541302304517
medicine,validation_2024,pearson,prehosp_bt,prehosp_gcs,vital,vital,4574,-0.0328377551794499
medicine,validation_2024,pearson,prehosp_bt,prehosp_gcs_m,vital,vital,4581,-0.03313298146826113
medicine,validation_2024,pearson,prehosp_bt,MAP,vital,derived_score,4006,0.01803389228088693
medicine,validation_2024,pearson,prehosp_bt,SI,vital,derived_score,4626,0.14184377671639495
medicine,validation_2024,pearson,prehosp_bt,mSI,vital,derived_score,4006,0.19231129914269632
medicine,validation_2024,pearson,prehosp_bt,aSI,vital,derived_score,4623,0.17782462223855977
medicine,validation_2024,pearson,prehosp_bt,rSI,vital,derived_score,4626,-0.14327316310524532
medicine,validation_2024,pearson,prehosp_bt,rSIG,vital,derived_score,4572,-0.13115462894314092
medicine,validation_2024,pearson,prehosp_bt,rSIG_Age,vital,derived_score,4569,-0.14806634348900707
medicine,validation_2024,pearson,prehosp_bt,SI_G,vital,derived_score,4572,0.0629830927619745
medicine,validation_2024,pearson,prehosp_bt,SIA_G,vital,derived_score,4569,0.08313940219062915
medicine,validation_2024,pearson,prehosp_bt,SIAVPU,vital,derived_score,4626,0.127261685239155
medicine,validation_2024,pearson,prehosp_bt,sMS,vital,derived_score,4581,-0.04943821330768383
medicine,validation_2024,pearson,prehosp_bt,rSI_sMS,vital,derived_score,4579,-0.1360415871305154
medicine,validation_2024,pearson,prehosp_bt,rSI_GCS,vital,derived_score,4572,-0.1311546289431409
medicine,validation_2024,pearson,prehosp_bt,rSI_GCSM,vital,derived_score,4579,-0.13408232424996874
medicine,validation_2024,pearson,prehosp_bt,qSOFA,vital,derived_score,4626,0.022174767123529414
medicine,validation_2024,pearson,prehosp_bt,NEWS2,vital,derived_score,986,-0.021996789208337076
medicine,validation_2024,pearson,prehosp_bt,MEWS,vital,derived_score,4626,0.2482976183140387
medicine,validation_2024,pearson,prehosp_bt,REMS,vital,derived_score,3960,0.10065258266843734
medicine,validation_2024,pearson,prehosp_bt,RTS,vital,derived_score,4572,-0.004596214105067609
medicine,validation_2024,pearson,prehosp_gcs,prehosp_gcs_m,vital,vital,4578,0.9532123132023287
medicine,validation_2024,pearson,prehosp_gcs,MAP,vital,derived_score,3961,0.09921697502268083
medicine,validation_2024,pearson,prehosp_gcs,SI,vital,derived_score,4572,-0.15300281597190618
medicine,validation_2024,pearson,prehosp_gcs,mSI,vital,derived_score,3961,-0.15392646505678448
medicine,validation_2024,pearson,prehosp_gcs,aSI,vital,derived_score,4569,-0.2616683286223246
medicine,validation_2024,pearson,prehosp_gcs,rSI,vital,derived_score,4572,0.09617410557337784
medicine,validation_2024,pearson,prehosp_gcs,rSIG,vital,derived_score,4572,0.5580440901493983
medicine,validation_2024,pearson,prehosp_gcs,rSIG_Age,vital,derived_score,4569,0.43150647095783556
medicine,validation_2024,pearson,prehosp_gcs,SI_G,vital,derived_score,4572,-0.7411270200821981
medicine,validation_2024,pearson,prehosp_gcs,SIA_G,vital,derived_score,4569,-0.7239823724864151
medicine,validation_2024,pearson,prehosp_gcs,SIAVPU,vital,derived_score,4572,0.37030642473051145
medicine,validation_2024,pearson,prehosp_gcs,sMS,vital,derived_score,4578,0.9504923003898589
medicine,validation_2024,pearson,prehosp_gcs,rSI_sMS,vital,derived_score,4572,0.5663321670038903
medicine,validation_2024,pearson,prehosp_gcs,rSI_GCS,vital,derived_score,4572,0.5580440901493984
medicine,validation_2024,pearson,prehosp_gcs,rSI_GCSM,vital,derived_score,4572,0.5173605581595723
medicine,validation_2024,pearson,prehosp_gcs,qSOFA,vital,derived_score,4572,-0.5785520533440821
medicine,validation_2024,pearson,prehosp_gcs,NEWS2,vital,derived_score,950,-0.5300710750102693
medicine,validation_2024,pearson,prehosp_gcs,MEWS,vital,derived_score,4572,-0.5209576830818562
medicine,validation_2024,pearson,prehosp_gcs,REMS,vital,derived_score,3960,-0.46679624214066406
medicine,validation_2024,pearson,prehosp_gcs,RTS,vital,derived_score,4572,0.9356086965123938
medicine,validation_2024,pearson,prehosp_gcs_m,MAP,vital,derived_score,3961,0.0927663853853398
medicine,validation_2024,pearson,prehosp_gcs_m,SI,vital,derived_score,4579,-0.15252945786672
medicine,validation_2024,pearson,prehosp_gcs_m,mSI,vital,derived_score,3961,-0.1572033541149367
medicine,validation_2024,pearson,prehosp_gcs_m,aSI,vital,derived_score,4576,-0.24485518635017628
medicine,validation_2024,pearson,prehosp_gcs_m,rSI,vital,derived_score,4579,0.09663916261216364
medicine,validation_2024,pearson,prehosp_gcs_m,rSIG,vital,derived_score,4572,0.5302862906248892
medicine,validation_2024,pearson,prehosp_gcs_m,rSIG_Age,vital,derived_score,4569,0.40181210264403144
medicine,validation_2024,pearson,prehosp_gcs_m,SI_G,vital,derived_score,4572,-0.7630974078573026
medicine,validation_2024,pearson,prehosp_gcs_m,SIA_G,vital,derived_score,4569,-0.7378278830876734
medicine,validation_2024,pearson,prehosp_gcs_m,SIAVPU,vital,derived_score,4579,0.34041242281301565
medicine,validation_2024,pearson,prehosp_gcs_m,sMS,vital,derived_score,4585,0.9049372770933048
medicine,validation_2024,pearson,prehosp_gcs_m,rSI_sMS,vital,derived_score,4579,0.5394408403658448
medicine,validation_2024,pearson,prehosp_gcs_m,rSI_GCS,vital,derived_score,4572,0.5302862906248892
medicine,validation_2024,pearson,prehosp_gcs_m,rSI_GCSM,vital,derived_score,4579,0.5369939626340785
medicine,validation_2024,pearson,prehosp_gcs_m,qSOFA,vital,derived_score,4579,-0.5240578686852225
medicine,validation_2024,pearson,prehosp_gcs_m,NEWS2,vital,derived_score,954,-0.4851439506997042
medicine,validation_2024,pearson,prehosp_gcs_m,MEWS,vital,derived_score,4579,-0.4940864400761652
medicine,validation_2024,pearson,prehosp_gcs_m,REMS,vital,derived_score,3960,-0.44491848603340034
medicine,validation_2024,pearson,prehosp_gcs_m,RTS,vital,derived_score,4572,0.916468644986918
medicine,validation_2024,pearson,MAP,SI,derived_score,derived_score,4006,-0.5753197322157115
medicine,validation_2024,pearson,MAP,mSI,derived_score,derived_score,4006,-0.5968985437418269
medicine,validation_2024,pearson,MAP,aSI,derived_score,derived_score,4005,-0.3814649118172665
medicine,validation_2024,pearson,MAP,rSI,derived_score,derived_score,4006,0.5800877335672378
medicine,validation_2024,pearson,MAP,rSIG,derived_score,derived_score,3961,0.5101498731013164
medicine,validation_2024,pearson,MAP,rSIG_Age,derived_score,derived_score,3960,0.20981560429492002
medicine,validation_2024,pearson,MAP,SI_G,derived_score,derived_score,3961,-0.31073942836826
medicine,validation_2024,pearson,MAP,SIA_G,derived_score,derived_score,3960,-0.2588563893623594
medicine,validation_2024,pearson,MAP,SIAVPU,derived_score,derived_score,4006,-0.4327514426722445
medicine,validation_2024,pearson,MAP,sMS,derived_score,derived_score,3961,0.09454198790168886
medicine,validation_2024,pearson,MAP,rSI_sMS,derived_score,derived_score,3961,0.49524683896472554
medicine,validation_2024,pearson,MAP,rSI_GCS,derived_score,derived_score,3961,0.5101498731013162
medicine,validation_2024,pearson,MAP,rSI_GCSM,derived_score,derived_score,3961,0.5146627435731048
medicine,validation_2024,pearson,MAP,qSOFA,derived_score,derived_score,4006,-0.3236658662388879
medicine,validation_2024,pearson,MAP,NEWS2,derived_score,derived_score,834,-0.2411276812968269
medicine,validation_2024,pearson,MAP,MEWS,derived_score,derived_score,4006,-0.06498532143116031
medicine,validation_2024,pearson,MAP,REMS,derived_score,derived_score,3960,0.18316735493700148
medicine,validation_2024,pearson,MAP,RTS,derived_score,derived_score,3961,0.17714685813717296
medicine,validation_2024,pearson,SI,mSI,derived_score,derived_score,4006,0.9628511089884185
medicine,validation_2024,pearson,SI,aSI,derived_score,derived_score,4623,0.730655021884085
medicine,validation_2024,pearson,SI,rSI,derived_score,derived_score,4626,-0.8901140312281522
medicine,validation_2024,pearson,SI,rSIG,derived_score,derived_score,4572,-0.780999161344386
medicine,validation_2024,pearson,SI,rSIG_Age,derived_score,derived_score,4569,-0.4283358352006348
medicine,validation_2024,pearson,SI,SI_G,derived_score,derived_score,4572,0.5714577876135825
medicine,validation_2024,pearson,SI,SIA_G,derived_score,derived_score,4569,0.4978119569128538
medicine,validation_2024,pearson,SI,SIAVPU,derived_score,derived_score,4626,0.7869935633078508
medicine,validation_2024,pearson,SI,sMS,derived_score,derived_score,4579,-0.1461907543959857
medicine,validation_2024,pearson,SI,rSI_sMS,derived_score,derived_score,4579,-0.7588819462040227
medicine,validation_2024,pearson,SI,rSI_GCS,derived_score,derived_score,4572,-0.7809991613443859
medicine,validation_2024,pearson,SI,rSI_GCSM,derived_score,derived_score,4579,-0.7911183461093657
medicine,validation_2024,pearson,SI,qSOFA,derived_score,derived_score,4626,0.49147207973106083
medicine,validation_2024,pearson,SI,NEWS2,derived_score,derived_score,986,0.5632243263594893
medicine,validation_2024,pearson,SI,MEWS,derived_score,derived_score,4626,0.5793929592226031
medicine,validation_2024,pearson,SI,REMS,derived_score,derived_score,3960,0.009861231906105336
medicine,validation_2024,pearson,SI,RTS,derived_score,derived_score,4572,-0.2686480194368112
medicine,validation_2024,pearson,mSI,aSI,derived_score,derived_score,4005,0.6984505082584429
medicine,validation_2024,pearson,mSI,rSI,derived_score,derived_score,4006,-0.8522013563651782
medicine,validation_2024,pearson,mSI,rSIG,derived_score,derived_score,3961,-0.7414271797252691
medicine,validation_2024,pearson,mSI,rSIG_Age,derived_score,derived_score,3960,-0.40791811332263894
medicine,validation_2024,pearson,mSI,SI_G,derived_score,derived_score,3961,0.5504463991267767
medicine,validation_2024,pearson,mSI,SIA_G,derived_score,derived_score,3960,0.4866995825792049
medicine,validation_2024,pearson,mSI,SIAVPU,derived_score,derived_score,4006,0.7303458965389682
medicine,validation_2024,pearson,mSI,sMS,derived_score,derived_score,3961,-0.14586585556940967
medicine,validation_2024,pearson,mSI,rSI_sMS,derived_score,derived_score,3961,-0.7196167636954592
medicine,validation_2024,pearson,mSI,rSI_GCS,derived_score,derived_score,3961,-0.741427179725269
medicine,validation_2024,pearson,mSI,rSI_GCSM,derived_score,derived_score,3961,-0.7517490453625597
medicine,validation_2024,pearson,mSI,qSOFA,derived_score,derived_score,4006,0.3623535130862711
medicine,validation_2024,pearson,mSI,NEWS2,derived_score,derived_score,834,0.5124392198700769
medicine,validation_2024,pearson,mSI,MEWS,derived_score,derived_score,4006,0.5299844538713083
medicine,validation_2024,pearson,mSI,REMS,derived_score,derived_score,3960,0.0454822252062856
medicine,validation_2024,pearson,mSI,RTS,derived_score,derived_score,3961,-0.2374169465841723
medicine,validation_2024,pearson,aSI,rSI,derived_score,derived_score,4623,-0.6090543400049814
medicine,validation_2024,pearson,aSI,rSIG,derived_score,derived_score,4569,-0.5910304965983993
medicine,validation_2024,pearson,aSI,rSIG_Age,derived_score,derived_score,4569,-0.7712155013636101
medicine,validation_2024,pearson,aSI,SI_G,derived_score,derived_score,4569,0.5253977315711459
medicine,validation_2024,pearson,aSI,SIA_G,derived_score,derived_score,4569,0.6607219317473043
medicine,validation_2024,pearson,aSI,SIAVPU,derived_score,derived_score,4623,0.47979936632941045
medicine,validation_2024,pearson,aSI,sMS,derived_score,derived_score,4576,-0.2626653958929134
medicine,validation_2024,pearson,aSI,rSI_sMS,derived_score,derived_score,4576,-0.584038182887761
medicine,validation_2024,pearson,aSI,rSI_GCS,derived_score,derived_score,4569,-0.5910304965983993
medicine,validation_2024,pearson,aSI,rSI_GCSM,derived_score,derived_score,4576,-0.5897375522599448
medicine,validation_2024,pearson,aSI,qSOFA,derived_score,derived_score,4623,0.49151255960465545
medicine,validation_2024,pearson,aSI,NEWS2,derived_score,derived_score,986,0.5321722609515479
medicine,validation_2024,pearson,aSI,MEWS,derived_score,derived_score,4623,0.5431847451663474
medicine,validation_2024,pearson,aSI,REMS,derived_score,derived_score,3960,0.5500082674374178
medicine,validation_2024,pearson,aSI,RTS,derived_score,derived_score,4569,-0.33735205719826084
medicine,validation_2024,pearson,rSI,rSIG,derived_score,derived_score,4572,0.8597559088314798
medicine,validation_2024,pearson,rSI,rSIG_Age,derived_score,derived_score,4569,0.4151711305817066
medicine,validation_2024,pearson,rSI,SI_G,derived_score,derived_score,4572,-0.4390682075566926
medicine,validation_2024,pearson,rSI,SIA_G,derived_score,derived_score,4569,-0.36143979225842093
medicine,validation_2024,pearson,rSI,SIAVPU,derived_score,derived_score,4626,-0.7489153885154082
medicine,validation_2024,pearson,rSI,sMS,derived_score,derived_score,4579,0.09805615731091977
medicine,validation_2024,pearson,rSI,rSI_sMS,derived_score,derived_score,4579,0.835336701330798
medicine,validation_2024,pearson,rSI,rSI_GCS,derived_score,derived_score,4572,0.8597559088314798
medicine,validation_2024,pearson,rSI,rSI_GCSM,derived_score,derived_score,4579,0.8731117348734637
medicine,validation_2024,pearson,rSI,qSOFA,derived_score,derived_score,4626,-0.3992996178898223
medicine,validation_2024,pearson,rSI,NEWS2,derived_score,derived_score,986,-0.46272303114994157
medicine,validation_2024,pearson,rSI,MEWS,derived_score,derived_score,4626,-0.4229855950797837
medicine,validation_2024,pearson,rSI,REMS,derived_score,derived_score,3960,0.15292150440475408
medicine,validation_2024,pearson,rSI,RTS,derived_score,derived_score,4572,0.17102587080530995
medicine,validation_2024,pearson,rSIG,rSIG_Age,derived_score,derived_score,4569,0.5581376941139452
medicine,validation_2024,pearson,rSIG,SI_G,derived_score,derived_score,4572,-0.6528508117380317
medicine,validation_2024,pearson,rSIG,SIA_G,derived_score,derived_score,4569,-0.5791892917348176
medicine,validation_2024,pearson,rSIG,SIAVPU,derived_score,derived_score,4572,-0.4548168059647255
medicine,validation_2024,pearson,rSIG,sMS,derived_score,derived_score,4572,0.5368892711989324
medicine,validation_2024,pearson,rSIG,rSI_sMS,derived_score,derived_score,4572,0.9852865504975705
medicine,validation_2024,pearson,rSIG,rSI_GCS,derived_score,derived_score,4572,1.0
medicine,validation_2024,pearson,rSIG,rSI_GCSM,derived_score,derived_score,4572,0.9865861785303768
medicine,validation_2024,pearson,rSIG,qSOFA,derived_score,derived_score,4572,-0.6004760641650845
medicine,validation_2024,pearson,rSIG,NEWS2,derived_score,derived_score,950,-0.6360615588889638
medicine,validation_2024,pearson,rSIG,MEWS,derived_score,derived_score,4572,-0.5756264513938344
medicine,validation_2024,pearson,rSIG,REMS,derived_score,derived_score,3960,-0.09730606029263322
medicine,validation_2024,pearson,rSIG,RTS,derived_score,derived_score,4572,0.5776539198978499
medicine,validation_2024,pearson,rSIG_Age,SI_G,derived_score,derived_score,4569,-0.4311119906579523
medicine,validation_2024,pearson,rSIG_Age,SIA_G,derived_score,derived_score,4569,-0.5473940281294613
medicine,validation_2024,pearson,rSIG_Age,SIAVPU,derived_score,derived_score,4569,-0.18208159413420502
medicine,validation_2024,pearson,rSIG_Age,sMS,derived_score,derived_score,4569,0.42299994150318293
medicine,validation_2024,pearson,rSIG_Age,rSI_sMS,derived_score,derived_score,4569,0.5572404226142297
medicine,validation_2024,pearson,rSIG_Age,rSI_GCS,derived_score,derived_score,4569,0.5581376941139452
medicine,validation_2024,pearson,rSIG_Age,rSI_GCSM,derived_score,derived_score,4569,0.5410009927483425
medicine,validation_2024,pearson,rSIG_Age,qSOFA,derived_score,derived_score,4569,-0.442672824310405
medicine,validation_2024,pearson,rSIG_Age,NEWS2,derived_score,derived_score,950,-0.5391504442872876
medicine,validation_2024,pearson,rSIG_Age,MEWS,derived_score,derived_score,4569,-0.4420965473781929
medicine,validation_2024,pearson,rSIG_Age,REMS,derived_score,derived_score,3960,-0.635907535060521
medicine,validation_2024,pearson,rSIG_Age,RTS,derived_score,derived_score,4569,0.4342481234545487
medicine,validation_2024,pearson,SI_G,SIA_G,derived_score,derived_score,4569,0.942260662924275
medicine,validation_2024,pearson,SI_G,SIAVPU,derived_score,derived_score,4572,0.034465359209630626
medicine,validation_2024,pearson,SI_G,sMS,derived_score,derived_score,4572,-0.6361880338000213
medicine,validation_2024,pearson,SI_G,rSI_sMS,derived_score,derived_score,4572,-0.6205777356513045
medicine,validation_2024,pearson,SI_G,rSI_GCS,derived_score,derived_score,4572,-0.6528508117380317
medicine,validation_2024,pearson,SI_G,rSI_GCSM,derived_score,derived_score,4572,-0.6548029101475539
medicine,validation_2024,pearson,SI_G,qSOFA,derived_score,derived_score,4572,0.5413171870968545
medicine,validation_2024,pearson,SI_G,NEWS2,derived_score,derived_score,950,0.5640150554561457
medicine,validation_2024,pearson,SI_G,MEWS,derived_score,derived_score,4572,0.624492132069131
medicine,validation_2024,pearson,SI_G,REMS,derived_score,derived_score,3960,0.3418583155316081
medicine,validation_2024,pearson,SI_G,RTS,derived_score,derived_score,4572,-0.82153505908609
medicine,validation_2024,pearson,SIA_G,SIAVPU,derived_score,derived_score,4569,-0.021116483008452196
medicine,validation_2024,pearson,SIA_G,sMS,derived_score,derived_score,4569,-0.632574195888912
medicine,validation_2024,pearson,SIA_G,rSI_sMS,derived_score,derived_score,4569,-0.5545756169558126
medicine,validation_2024,pearson,SIA_G,rSI_GCS,derived_score,derived_score,4569,-0.5791892917348176
medicine,validation_2024,pearson,SIA_G,rSI_GCSM,derived_score,derived_score,4569,-0.5770795265983397
medicine,validation_2024,pearson,SIA_G,qSOFA,derived_score,derived_score,4569,0.5356599697062854
medicine,validation_2024,pearson,SIA_G,NEWS2,derived_score,derived_score,950,0.5435751255843898
medicine,validation_2024,pearson,SIA_G,MEWS,derived_score,derived_score,4569,0.6000581545457612
medicine,validation_2024,pearson,SIA_G,REMS,derived_score,derived_score,3960,0.5252120045907247
medicine,validation_2024,pearson,SIA_G,RTS,derived_score,derived_score,4569,-0.794397344647051
medicine,validation_2024,pearson,SIAVPU,sMS,derived_score,derived_score,4579,0.3381339163953615
medicine,validation_2024,pearson,SIAVPU,rSI_sMS,derived_score,derived_score,4579,-0.434397107312802
medicine,validation_2024,pearson,SIAVPU,rSI_GCS,derived_score,derived_score,4572,-0.4548168059647255
medicine,validation_2024,pearson,SIAVPU,rSI_GCSM,derived_score,derived_score,4579,-0.4844216428800146
medicine,validation_2024,pearson,SIAVPU,qSOFA,derived_score,derived_score,4626,0.11012272591730869
medicine,validation_2024,pearson,SIAVPU,NEWS2,derived_score,derived_score,986,0.031137087441382355
medicine,validation_2024,pearson,SIAVPU,MEWS,derived_score,derived_score,4626,0.1750716573045751
medicine,validation_2024,pearson,SIAVPU,REMS,derived_score,derived_score,3960,-0.2623894975631438
medicine,validation_2024,pearson,SIAVPU,RTS,derived_score,derived_score,4572,0.2587484402892166
medicine,validation_2024,pearson,sMS,rSI_sMS,derived_score,derived_score,4579,0.5948661902565806
medicine,validation_2024,pearson,sMS,rSI_GCS,derived_score,derived_score,4572,0.5368892711989324
medicine,validation_2024,pearson,sMS,rSI_GCSM,derived_score,derived_score,4579,0.4995605488089775
medicine,validation_2024,pearson,sMS,qSOFA,derived_score,derived_score,4579,-0.5859662590047527
medicine,validation_2024,pearson,sMS,NEWS2,derived_score,derived_score,954,-0.5307314622117089
medicine,validation_2024,pearson,sMS,MEWS,derived_score,derived_score,4579,-0.4977223876484817
medicine,validation_2024,pearson,sMS,REMS,derived_score,derived_score,3960,-0.45483313661187835
medicine,validation_2024,pearson,sMS,RTS,derived_score,derived_score,4572,0.8560131976211526
medicine,validation_2024,pearson,rSI_sMS,rSI_GCS,derived_score,derived_score,4572,0.9852865504975703
medicine,validation_2024,pearson,rSI_sMS,rSI_GCSM,derived_score,derived_score,4579,0.9718135059720825
medicine,validation_2024,pearson,rSI_sMS,qSOFA,derived_score,derived_score,4579,-0.6132311093771212
medicine,validation_2024,pearson,rSI_sMS,NEWS2,derived_score,derived_score,954,-0.6407017666748545
medicine,validation_2024,pearson,rSI_sMS,MEWS,derived_score,derived_score,4579,-0.5723350644958495
medicine,validation_2024,pearson,rSI_sMS,REMS,derived_score,derived_score,3960,-0.11138303609001488
medicine,validation_2024,pearson,rSI_sMS,RTS,derived_score,derived_score,4572,0.5673619417415192
medicine,validation_2024,pearson,rSI_GCS,rSI_GCSM,derived_score,derived_score,4572,0.9865861785303768
medicine,validation_2024,pearson,rSI_GCS,qSOFA,derived_score,derived_score,4572,-0.6004760641650846
medicine,validation_2024,pearson,rSI_GCS,NEWS2,derived_score,derived_score,950,-0.6360615588889639
medicine,validation_2024,pearson,rSI_GCS,MEWS,derived_score,derived_score,4572,-0.5756264513938342
medicine,validation_2024,pearson,rSI_GCS,REMS,derived_score,derived_score,3960,-0.09730606029263321
medicine,validation_2024,pearson,rSI_GCS,RTS,derived_score,derived_score,4572,0.5776539198978499
medicine,validation_2024,pearson,rSI_GCSM,qSOFA,derived_score,derived_score,4579,-0.5709661672417294
medicine,validation_2024,pearson,rSI_GCSM,NEWS2,derived_score,derived_score,954,-0.6093581338721087
medicine,validation_2024,pearson,rSI_GCSM,MEWS,derived_score,derived_score,4579,-0.560076436479225
medicine,validation_2024,pearson,rSI_GCSM,REMS,derived_score,derived_score,3960,-0.07378073914593805
medicine,validation_2024,pearson,rSI_GCSM,RTS,derived_score,derived_score,4572,0.5533584919020172
medicine,validation_2024,pearson,qSOFA,NEWS2,derived_score,derived_score,986,0.8166593214888345
medicine,validation_2024,pearson,qSOFA,MEWS,derived_score,derived_score,4626,0.6617998622453631
medicine,validation_2024,pearson,qSOFA,REMS,derived_score,derived_score,3960,0.39307907963800676
medicine,validation_2024,pearson,qSOFA,RTS,derived_score,derived_score,4572,-0.5965192778363975
medicine,validation_2024,pearson,NEWS2,MEWS,derived_score,derived_score,986,0.812384612050313
medicine,validation_2024,pearson,NEWS2,REMS,derived_score,derived_score,804,0.5820329514486278
medicine,validation_2024,pearson,NEWS2,RTS,derived_score,derived_score,950,-0.5613436762585067
medicine,validation_2024,pearson,MEWS,REMS,derived_score,derived_score,3960,0.48364703151686544
medicine,validation_2024,pearson,MEWS,RTS,derived_score,derived_score,4572,-0.5834167054882123
medicine,validation_2024,pearson,REMS,RTS,derived_score,derived_score,3960,-0.4727742797596744
medicine,validation_2024,spearman,EMT_年齡,prehosp_sbp,vital,vital,4654,0.08827031796946468
medicine,validation_2024,spearman,EMT_年齡,prehosp_dbp,vital,vital,4005,-0.03647741773578933
medicine,validation_2024,spearman,EMT_年齡,prehosp_hr,vital,vital,4629,0.0004515290475437278
medicine,validation_2024,spearman,EMT_年齡,prehosp_rr,vital,vital,4629,0.09649191017654811
medicine,validation_2024,spearman,EMT_年齡,prehosp_spo2,vital,vital,4621,-0.22628753650320324
medicine,validation_2024,spearman,EMT_年齡,prehosp_bt,vital,vital,4625,0.10565660520947265
medicine,validation_2024,spearman,EMT_年齡,prehosp_gcs,vital,vital,4575,-0.22996208178092628
medicine,validation_2024,spearman,EMT_年齡,prehosp_gcs_m,vital,vital,4582,-0.22390497487966324
medicine,validation_2024,spearman,EMT_年齡,MAP,vital,derived_score,4005,0.06938329099222988
medicine,validation_2024,spearman,EMT_年齡,SI,vital,derived_score,4623,-0.07359932810987489
medicine,validation_2024,spearman,EMT_年齡,mSI,vital,derived_score,4005,-0.04839940503719148
medicine,validation_2024,spearman,EMT_年齡,aSI,vital,derived_score,4623,0.6756042010220303
medicine,validation_2024,spearman,EMT_年齡,rSI,vital,derived_score,4623,0.07359932810987489
medicine,validation_2024,spearman,EMT_年齡,rSIG,vital,derived_score,4569,-0.021449003877763544
medicine,validation_2024,spearman,EMT_年齡,rSIG_Age,vital,derived_score,4569,-0.6562704880966592
medicine,validation_2024,spearman,EMT_年齡,SI_G,vital,derived_score,4569,0.021460906565079003
medicine,validation_2024,spearman,EMT_年齡,SIA_G,vital,derived_score,4569,0.6562724289270153
medicine,validation_2024,spearman,EMT_年齡,SIAVPU,vital,derived_score,4623,-0.17336279015260575
medicine,validation_2024,spearman,EMT_年齡,sMS,vital,derived_score,4582,-0.22553275235379402
medicine,validation_2024,spearman,EMT_年齡,rSI_sMS,vital,derived_score,4576,-0.03026377924216037
medicine,validation_2024,spearman,EMT_年齡,rSI_GCS,vital,derived_score,4569,-0.02145060964549526
medicine,validation_2024,spearman,EMT_年齡,rSI_GCSM,vital,derived_score,4576,-0.0013145715131179514
medicine,validation_2024,spearman,EMT_年齡,qSOFA,vital,derived_score,4623,0.1594923259650434
medicine,validation_2024,spearman,EMT_年齡,NEWS2,vital,derived_score,986,0.05964895895550558
medicine,validation_2024,spearman,EMT_年齡,MEWS,vital,derived_score,4623,0.13556308554333366
medicine,validation_2024,spearman,EMT_年齡,REMS,vital,derived_score,3960,0.7681804959669143
medicine,validation_2024,spearman,EMT_年齡,RTS,vital,derived_score,4569,-0.19861703090889693
medicine,validation_2024,spearman,prehosp_sbp,prehosp_dbp,vital,vital,4006,0.6876268792151472
medicine,validation_2024,spearman,prehosp_sbp,prehosp_hr,vital,vital,4626,0.08489479515941475
medicine,validation_2024,spearman,prehosp_sbp,prehosp_rr,vital,vital,4626,-0.016854864919790512
medicine,validation_2024,spearman,prehosp_sbp,prehosp_spo2,vital,vital,4622,0.1104415517509303
medicine,validation_2024,spearman,prehosp_sbp,prehosp_bt,vital,vital,4626,0.027872109581484627
medicine,validation_2024,spearman,prehosp_sbp,prehosp_gcs,vital,vital,4572,0.11471036345762405
medicine,validation_2024,spearman,prehosp_sbp,prehosp_gcs_m,vital,vital,4579,0.10278641166350479
medicine,validation_2024,spearman,prehosp_sbp,MAP,vital,derived_score,4006,0.9197970566355892
medicine,validation_2024,spearman,prehosp_sbp,SI,vital,derived_score,4626,-0.7423741948171628
medicine,validation_2024,spearman,prehosp_sbp,mSI,vital,derived_score,4006,-0.5884923819306819
medicine,validation_2024,spearman,prehosp_sbp,aSI,vital,derived_score,4623,-0.42616453924024467
medicine,validation_2024,spearman,prehosp_sbp,rSI,vital,derived_score,4626,0.7423741948171628
medicine,validation_2024,spearman,prehosp_sbp,rSIG,vital,derived_score,4572,0.656233205477244
medicine,validation_2024,spearman,prehosp_sbp,rSIG_Age,vital,derived_score,4569,0.3770882165039773
medicine,validation_2024,spearman,prehosp_sbp,SI_G,vital,derived_score,4572,-0.6562323277218274
medicine,validation_2024,spearman,prehosp_sbp,SIA_G,vital,derived_score,4569,-0.3770830832174897
medicine,validation_2024,spearman,prehosp_sbp,SIAVPU,vital,derived_score,4626,-0.5915359052461652
medicine,validation_2024,spearman,prehosp_sbp,sMS,vital,derived_score,4579,0.10213238628955565
medicine,validation_2024,spearman,prehosp_sbp,rSI_sMS,vital,derived_score,4579,0.6388980519857101
medicine,validation_2024,spearman,prehosp_sbp,rSI_GCS,vital,derived_score,4572,0.6562321656056403
medicine,validation_2024,spearman,prehosp_sbp,rSI_GCSM,vital,derived_score,4579,0.6774813162816072
medicine,validation_2024,spearman,prehosp_sbp,qSOFA,vital,derived_score,4626,-0.509352740317601
medicine,validation_2024,spearman,prehosp_sbp,NEWS2,vital,derived_score,986,-0.4021309297801661
medicine,validation_2024,spearman,prehosp_sbp,MEWS,vital,derived_score,4626,-0.25367040753726344
medicine,validation_2024,spearman,prehosp_sbp,REMS,vital,derived_score,3960,0.23957336770459922
medicine,validation_2024,spearman,prehosp_sbp,RTS,vital,derived_score,4572,0.2577834040166936
medicine,validation_2024,spearman,prehosp_dbp,prehosp_hr,vital,vital,4006,0.13972517947677168
medicine,validation_2024,spearman,prehosp_dbp,prehosp_rr,vital,vital,4006,0.03345181151520851
medicine,validation_2024,spearman,prehosp_dbp,prehosp_spo2,vital,vital,4006,0.05673721788686774
medicine,validation_2024,spearman,prehosp_dbp,prehosp_bt,vital,vital,4006,0.011477863727877022
medicine,validation_2024,spearman,prehosp_dbp,prehosp_gcs,vital,vital,3961,0.10541048122701782
medicine,validation_2024,spearman,prehosp_dbp,prehosp_gcs_m,vital,vital,3961,0.0999278511945226
medicine,validation_2024,spearman,prehosp_dbp,MAP,vital,derived_score,4006,0.9100078794092455
medicine,validation_2024,spearman,prehosp_dbp,SI,vital,derived_score,4006,-0.4153938650793001
medicine,validation_2024,spearman,prehosp_dbp,mSI,vital,derived_score,4006,-0.534536163593339
medicine,validation_2024,spearman,prehosp_dbp,aSI,vital,derived_score,4005,-0.2837020777440059
medicine,validation_2024,spearman,prehosp_dbp,rSI,vital,derived_score,4006,0.4153938650793001
medicine,validation_2024,spearman,prehosp_dbp,rSIG,vital,derived_score,3961,0.38147471191343313
medicine,validation_2024,spearman,prehosp_dbp,rSIG_Age,vital,derived_score,3960,0.2633497056484702
medicine,validation_2024,spearman,prehosp_dbp,SI_G,vital,derived_score,3961,-0.3814765430043998
medicine,validation_2024,spearman,prehosp_dbp,SIA_G,vital,derived_score,3960,-0.2633505607218943
medicine,validation_2024,spearman,prehosp_dbp,SIAVPU,vital,derived_score,4006,-0.2927726042913593
medicine,validation_2024,spearman,prehosp_dbp,sMS,vital,derived_score,3961,0.09981657198915571
medicine,validation_2024,spearman,prehosp_dbp,rSI_sMS,vital,derived_score,3961,0.3727410318765421
medicine,validation_2024,spearman,prehosp_dbp,rSI_GCS,vital,derived_score,3961,0.3814743107366639
medicine,validation_2024,spearman,prehosp_dbp,rSI_GCSM,vital,derived_score,3961,0.38956081167731393
medicine,validation_2024,spearman,prehosp_dbp,qSOFA,vital,derived_score,4006,-0.2770679133939345
medicine,validation_2024,spearman,prehosp_dbp,NEWS2,vital,derived_score,834,-0.19822928623211772
medicine,validation_2024,spearman,prehosp_dbp,MEWS,vital,derived_score,4006,-0.07949028859787813
medicine,validation_2024,spearman,prehosp_dbp,REMS,vital,derived_score,3960,0.10873969225724237
medicine,validation_2024,spearman,prehosp_dbp,RTS,vital,derived_score,3961,0.17592763472911738
medicine,validation_2024,spearman,prehosp_hr,prehosp_rr,vital,vital,4632,0.16299340352696656
medicine,validation_2024,spearman,prehosp_hr,prehosp_spo2,vital,vital,4624,-0.10458614018133845
medicine,validation_2024,spearman,prehosp_hr,prehosp_bt,vital,vital,4628,0.2396186829183527
medicine,validation_2024,spearman,prehosp_hr,prehosp_gcs,vital,vital,4578,-0.04183148851889656
medicine,validation_2024,spearman,prehosp_hr,prehosp_gcs_m,vital,vital,4585,-0.05094521632496996
medicine,validation_2024,spearman,prehosp_hr,MAP,vital,derived_score,4006,0.12083959215117517
medicine,validation_2024,spearman,prehosp_hr,SI,vital,derived_score,4626,0.5613047073844035
medicine,validation_2024,spearman,prehosp_hr,mSI,vital,derived_score,4006,0.6646060037098893
medicine,validation_2024,spearman,prehosp_hr,aSI,vital,derived_score,4623,0.40225423199439525
medicine,validation_2024,spearman,prehosp_hr,rSI,vital,derived_score,4626,-0.5613047073844035
medicine,validation_2024,spearman,prehosp_hr,rSIG,vital,derived_score,4572,-0.4740955473173796
medicine,validation_2024,spearman,prehosp_hr,rSIG_Age,vital,derived_score,4569,-0.3432281063739511
medicine,validation_2024,spearman,prehosp_hr,SI_G,vital,derived_score,4572,0.47408250632906845
medicine,validation_2024,spearman,prehosp_hr,SIA_G,vital,derived_score,4569,0.34322747847285506
medicine,validation_2024,spearman,prehosp_hr,SIAVPU,vital,derived_score,4626,0.4653952847507399
medicine,validation_2024,spearman,prehosp_hr,sMS,vital,derived_score,4585,-0.05070058924872873
medicine,validation_2024,spearman,prehosp_hr,rSI_sMS,vital,derived_score,4579,-0.4634207376920255
medicine,validation_2024,spearman,prehosp_hr,rSI_GCS,vital,derived_score,4572,-0.4740972433967273
medicine,validation_2024,spearman,prehosp_hr,rSI_GCSM,vital,derived_score,4579,-0.4930677069147188
medicine,validation_2024,spearman,prehosp_hr,qSOFA,vital,derived_score,4626,0.041104068952322985
medicine,validation_2024,spearman,prehosp_hr,NEWS2,vital,derived_score,986,0.32435540379823113
medicine,validation_2024,spearman,prehosp_hr,MEWS,vital,derived_score,4626,0.4603492400576511
medicine,validation_2024,spearman,prehosp_hr,REMS,vital,derived_score,3960,0.08141436714462609
medicine,validation_2024,spearman,prehosp_hr,RTS,vital,derived_score,4572,-0.042432173410627355
medicine,validation_2024,spearman,prehosp_rr,prehosp_spo2,vital,vital,4624,-0.07447503328580624
medicine,validation_2024,spearman,prehosp_rr,prehosp_bt,vital,vital,4628,0.051051937017975536
medicine,validation_2024,spearman,prehosp_rr,prehosp_gcs,vital,vital,4578,-0.11617359112994273
medicine,validation_2024,spearman,prehosp_rr,prehosp_gcs_m,vital,vital,4585,-0.11863087636059823
medicine,validation_2024,spearman,prehosp_rr,MAP,vital,derived_score,4006,0.03261803529908537
medicine,validation_2024,spearman,prehosp_rr,SI,vital,derived_score,4626,0.11930882617879951
medicine,validation_2024,spearman,prehosp_rr,mSI,vital,derived_score,4006,0.09875095188255939
medicine,validation_2024,spearman,prehosp_rr,aSI,vital,derived_score,4623,0.15643488163871055
medicine,validation_2024,spearman,prehosp_rr,rSI,vital,derived_score,4626,-0.11930882617879951
medicine,validation_2024,spearman,prehosp_rr,rSIG,vital,derived_score,4572,-0.14760835437170794
medicine,validation_2024,spearman,prehosp_rr,rSIG_Age,vital,derived_score,4569,-0.16450890200527163
medicine,validation_2024,spearman,prehosp_rr,SI_G,vital,derived_score,4572,0.14760706564817727
medicine,validation_2024,spearman,prehosp_rr,SIA_G,vital,derived_score,4569,0.16450908702951123
medicine,validation_2024,spearman,prehosp_rr,SIAVPU,vital,derived_score,4626,0.04378503538774867
medicine,validation_2024,spearman,prehosp_rr,sMS,vital,derived_score,4585,-0.1188541016181196
medicine,validation_2024,spearman,prehosp_rr,rSI_sMS,vital,derived_score,4579,-0.1492203715963664
medicine,validation_2024,spearman,prehosp_rr,rSI_GCS,vital,derived_score,4572,-0.14760900739943716
medicine,validation_2024,spearman,prehosp_rr,rSI_GCSM,vital,derived_score,4579,-0.14636407406916555
medicine,validation_2024,spearman,prehosp_rr,qSOFA,vital,derived_score,4626,0.3773964665188343
medicine,validation_2024,spearman,prehosp_rr,NEWS2,vital,derived_score,986,0.38817970889652026
medicine,validation_2024,spearman,prehosp_rr,MEWS,vital,derived_score,4626,0.3307517985491512
medicine,validation_2024,spearman,prehosp_rr,REMS,vital,derived_score,3960,0.14506020450425672
medicine,validation_2024,spearman,prehosp_rr,RTS,vital,derived_score,4572,-0.1474431736550509
medicine,validation_2024,spearman,prehosp_spo2,prehosp_bt,vital,vital,4624,-0.07962222373363463
medicine,validation_2024,spearman,prehosp_spo2,prehosp_gcs,vital,vital,4570,0.18028508333770785
medicine,validation_2024,spearman,prehosp_spo2,prehosp_gcs_m,vital,vital,4577,0.17125947700387167
medicine,validation_2024,spearman,prehosp_spo2,MAP,vital,derived_score,4006,0.04584036282314377
medicine,validation_2024,spearman,prehosp_spo2,SI,vital,derived_score,4622,-0.16154445842126208
medicine,validation_2024,spearman,prehosp_spo2,mSI,vital,derived_score,4006,-0.11946930520665267
medicine,validation_2024,spearman,prehosp_spo2,aSI,vital,derived_score,4619,-0.29350411262931486
medicine,validation_2024,spearman,prehosp_spo2,rSI,vital,derived_score,4622,0.16154445842126208
medicine,validation_2024,spearman,prehosp_spo2,rSIG,vital,derived_score,4568,0.20124345574101996
medicine,validation_2024,spearman,prehosp_spo2,rSIG_Age,vital,derived_score,4565,0.30461402396142473
medicine,validation_2024,spearman,prehosp_spo2,SI_G,vital,derived_score,4568,-0.20124288135989757
medicine,validation_2024,spearman,prehosp_spo2,SIA_G,vital,derived_score,4565,-0.30461450319316236
medicine,validation_2024,spearman,prehosp_spo2,SIAVPU,vital,derived_score,4622,-0.03635835097285476
medicine,validation_2024,spearman,prehosp_spo2,sMS,vital,derived_score,4577,0.1718497068820007
medicine,validation_2024,spearman,prehosp_spo2,rSI_sMS,vital,derived_score,4575,0.20148259119404405
medicine,validation_2024,spearman,prehosp_spo2,rSI_GCS,vital,derived_score,4568,0.20124494432169093
medicine,validation_2024,spearman,prehosp_spo2,rSI_GCSM,vital,derived_score,4575,0.1943156277956019
medicine,validation_2024,spearman,prehosp_spo2,qSOFA,vital,derived_score,4622,-0.20272964568775634
medicine,validation_2024,spearman,prehosp_spo2,NEWS2,vital,derived_score,986,-0.5092091376182185
medicine,validation_2024,spearman,prehosp_spo2,MEWS,vital,derived_score,4622,-0.22513651158713202
medicine,validation_2024,spearman,prehosp_spo2,REMS,vital,derived_score,3960,-0.22834325340351141
medicine,validation_2024,spearman,prehosp_spo2,RTS,vital,derived_score,4568,0.17684350927796302
medicine,validation_2024,spearman,prehosp_bt,prehosp_gcs,vital,vital,4574,-0.027514266626185037
medicine,validation_2024,spearman,prehosp_bt,prehosp_gcs_m,vital,vital,4581,-0.039306595689734186
medicine,validation_2024,spearman,prehosp_bt,MAP,vital,derived_score,4006,0.03157795077428106
medicine,validation_2024,spearman,prehosp_bt,SI,vital,derived_score,4626,0.13383802485964624
medicine,validation_2024,spearman,prehosp_bt,mSI,vital,derived_score,4006,0.16292419720616325
medicine,validation_2024,spearman,prehosp_bt,aSI,vital,derived_score,4623,0.15712024079890846
medicine,validation_2024,spearman,prehosp_bt,rSI,vital,derived_score,4626,-0.13383802485964624
medicine,validation_2024,spearman,prehosp_bt,rSIG,vital,derived_score,4572,-0.12322705494614648
medicine,validation_2024,spearman,prehosp_bt,rSIG_Age,vital,derived_score,4569,-0.14236158910269298
medicine,validation_2024,spearman,prehosp_bt,SI_G,vital,derived_score,4572,0.1232238311127998
medicine,validation_2024,spearman,prehosp_bt,SIA_G,vital,derived_score,4569,0.1423650919403473
medicine,validation_2024,spearman,prehosp_bt,SIAVPU,vital,derived_score,4626,0.11464518776937531
medicine,validation_2024,spearman,prehosp_bt,sMS,vital,derived_score,4581,-0.041033269211162446
medicine,validation_2024,spearman,prehosp_bt,rSI_sMS,vital,derived_score,4579,-0.12474985144447376
medicine,validation_2024,spearman,prehosp_bt,rSI_GCS,vital,derived_score,4572,-0.12322596879552979
medicine,validation_2024,spearman,prehosp_bt,rSI_GCSM,vital,derived_score,4579,-0.1281836870272685
medicine,validation_2024,spearman,prehosp_bt,qSOFA,vital,derived_score,4626,0.01573116985148274
medicine,validation_2024,spearman,prehosp_bt,NEWS2,vital,derived_score,986,-0.07308219872708702
medicine,validation_2024,spearman,prehosp_bt,MEWS,vital,derived_score,4626,0.15545417351619675
medicine,validation_2024,spearman,prehosp_bt,REMS,vital,derived_score,3960,0.08834619865951299
medicine,validation_2024,spearman,prehosp_bt,RTS,vital,derived_score,4572,-0.010054105320885846
medicine,validation_2024,spearman,prehosp_gcs,prehosp_gcs_m,vital,vital,4578,0.9522982942473286
medicine,validation_2024,spearman,prehosp_gcs,MAP,vital,derived_score,3961,0.10473969758004271
medicine,validation_2024,spearman,prehosp_gcs,SI,vital,derived_score,4572,-0.1141934522309855
medicine,validation_2024,spearman,prehosp_gcs,mSI,vital,derived_score,3961,-0.10189306432555319
medicine,validation_2024,spearman,prehosp_gcs,aSI,vital,derived_score,4569,-0.2292850171828982
medicine,validation_2024,spearman,prehosp_gcs,rSI,vital,derived_score,4572,0.1141934522309855
medicine,validation_2024,spearman,prehosp_gcs,rSIG,vital,derived_score,4572,0.5187228674619445
medicine,validation_2024,spearman,prehosp_gcs,rSIG_Age,vital,derived_score,4569,0.5200201236118763
medicine,validation_2024,spearman,prehosp_gcs,SI_G,vital,derived_score,4572,-0.5187376655847677
medicine,validation_2024,spearman,prehosp_gcs,SIA_G,vital,derived_score,4569,-0.5200210675475224
medicine,validation_2024,spearman,prehosp_gcs,SIAVPU,vital,derived_score,4572,0.3475950748427396
medicine,validation_2024,spearman,prehosp_gcs,sMS,vital,derived_score,4578,0.9510658088264141
medicine,validation_2024,spearman,prehosp_gcs,rSI_sMS,vital,derived_score,4572,0.5406768778574355
medicine,validation_2024,spearman,prehosp_gcs,rSI_GCS,vital,derived_score,4572,0.5187225794360044
medicine,validation_2024,spearman,prehosp_gcs,rSI_GCSM,vital,derived_score,4572,0.44503419981929015
medicine,validation_2024,spearman,prehosp_gcs,qSOFA,vital,derived_score,4572,-0.5992104401335925
medicine,validation_2024,spearman,prehosp_gcs,NEWS2,vital,derived_score,950,-0.5680867907145416
medicine,validation_2024,spearman,prehosp_gcs,MEWS,vital,derived_score,4572,-0.4369734120764002
medicine,validation_2024,spearman,prehosp_gcs,REMS,vital,derived_score,3960,-0.4198228713948697
medicine,validation_2024,spearman,prehosp_gcs,RTS,vital,derived_score,4572,0.8396420537954453
medicine,validation_2024,spearman,prehosp_gcs_m,MAP,vital,derived_score,3961,0.10028379661968642
medicine,validation_2024,spearman,prehosp_gcs_m,SI,vital,derived_score,4579,-0.11099811272093442
medicine,validation_2024,spearman,prehosp_gcs_m,mSI,vital,derived_score,3961,-0.10722075924490894
medicine,validation_2024,spearman,prehosp_gcs_m,aSI,vital,derived_score,4576,-0.22277499405328566
medicine,validation_2024,spearman,prehosp_gcs_m,rSI,vital,derived_score,4579,0.11099811272093442
medicine,validation_2024,spearman,prehosp_gcs_m,rSIG,vital,derived_score,4572,0.5177664117131601
medicine,validation_2024,spearman,prehosp_gcs_m,rSIG_Age,vital,derived_score,4569,0.5156432011964368
medicine,validation_2024,spearman,prehosp_gcs_m,SI_G,vital,derived_score,4572,-0.5177815928646692
medicine,validation_2024,spearman,prehosp_gcs_m,SIA_G,vital,derived_score,4569,-0.5156457413222238
medicine,validation_2024,spearman,prehosp_gcs_m,SIAVPU,vital,derived_score,4579,0.3484266546581032
medicine,validation_2024,spearman,prehosp_gcs_m,sMS,vital,derived_score,4585,0.9986892271824684
medicine,validation_2024,spearman,prehosp_gcs_m,rSI_sMS,vital,derived_score,4579,0.5595638425627749
medicine,validation_2024,spearman,prehosp_gcs_m,rSI_GCS,vital,derived_score,4572,0.5177660231320802
medicine,validation_2024,spearman,prehosp_gcs_m,rSI_GCSM,vital,derived_score,4579,0.4594423730585411
medicine,validation_2024,spearman,prehosp_gcs_m,qSOFA,vital,derived_score,4579,-0.5629995337563463
medicine,validation_2024,spearman,prehosp_gcs_m,NEWS2,vital,derived_score,954,-0.5470448171065677
medicine,validation_2024,spearman,prehosp_gcs_m,MEWS,vital,derived_score,4579,-0.43847976671003797
medicine,validation_2024,spearman,prehosp_gcs_m,REMS,vital,derived_score,3960,-0.4238524830574945
medicine,validation_2024,spearman,prehosp_gcs_m,RTS,vital,derived_score,4572,0.8501061651162019
medicine,validation_2024,spearman,MAP,SI,derived_score,derived_score,4006,-0.5985631689494573
medicine,validation_2024,spearman,MAP,mSI,derived_score,derived_score,4006,-0.6094845234475783
medicine,validation_2024,spearman,MAP,aSI,derived_score,derived_score,4005,-0.3259370468721876
medicine,validation_2024,spearman,MAP,rSI,derived_score,derived_score,4006,0.5985631689494573
medicine,validation_2024,spearman,MAP,rSIG,derived_score,derived_score,3961,0.5349018207178091
medicine,validation_2024,spearman,MAP,rSIG_Age,derived_score,derived_score,3960,0.2952307478832369
medicine,validation_2024,spearman,MAP,SI_G,derived_score,derived_score,3961,-0.5349033207847785
medicine,validation_2024,spearman,MAP,SIA_G,derived_score,derived_score,3960,-0.29523082632093994
medicine,validation_2024,spearman,MAP,SIAVPU,derived_score,derived_score,4006,-0.4473279093410951
medicine,validation_2024,spearman,MAP,sMS,derived_score,derived_score,3961,0.09987017275695048
medicine,validation_2024,spearman,MAP,rSI_sMS,derived_score,derived_score,3961,0.5221753281829367
medicine,validation_2024,spearman,MAP,rSI_GCS,derived_score,derived_score,3961,0.5349011307250322
medicine,validation_2024,spearman,MAP,rSI_GCSM,derived_score,derived_score,3961,0.5502576776347152
medicine,validation_2024,spearman,MAP,qSOFA,derived_score,derived_score,4006,-0.305432041981242
medicine,validation_2024,spearman,MAP,NEWS2,derived_score,derived_score,834,-0.23671226073888527
medicine,validation_2024,spearman,MAP,MEWS,derived_score,derived_score,4006,-0.09071812606580446
medicine,validation_2024,spearman,MAP,REMS,derived_score,derived_score,3960,0.20231892224941184
medicine,validation_2024,spearman,MAP,RTS,derived_score,derived_score,3961,0.18092276511531835
medicine,validation_2024,spearman,SI,mSI,derived_score,derived_score,4006,0.9503214272318541
medicine,validation_2024,spearman,SI,aSI,derived_score,derived_score,4623,0.6140878968791521
medicine,validation_2024,spearman,SI,rSI,derived_score,derived_score,4626,-1.0
medicine,validation_2024,spearman,SI,rSIG,derived_score,derived_score,4572,-0.863417492539691
medicine,validation_2024,spearman,SI,rSIG_Age,derived_score,derived_score,4569,-0.530412604937885
medicine,validation_2024,spearman,SI,SI_G,derived_score,derived_score,4572,0.8634145005803646
medicine,validation_2024,spearman,SI,SIA_G,derived_score,derived_score,4569,0.5304087894875388
medicine,validation_2024,spearman,SI,SIAVPU,derived_score,derived_score,4626,0.8103955983182449
medicine,validation_2024,spearman,SI,sMS,derived_score,derived_score,4579,-0.11026694568264357
medicine,validation_2024,spearman,SI,rSI_sMS,derived_score,derived_score,4579,-0.8411397914170516
medicine,validation_2024,spearman,SI,rSI_GCS,derived_score,derived_score,4572,-0.8634174658547005
medicine,validation_2024,spearman,SI,rSI_GCSM,derived_score,derived_score,4579,-0.8944449879543199
medicine,validation_2024,spearman,SI,qSOFA,derived_score,derived_score,4626,0.4447590409465659
medicine,validation_2024,spearman,SI,NEWS2,derived_score,derived_score,986,0.5287728035916458
medicine,validation_2024,spearman,SI,MEWS,derived_score,derived_score,4626,0.5151126423952898
medicine,validation_2024,spearman,SI,REMS,derived_score,derived_score,3960,-0.12461168926265831
medicine,validation_2024,spearman,SI,RTS,derived_score,derived_score,4572,-0.22687457887273405
medicine,validation_2024,spearman,mSI,aSI,derived_score,derived_score,4005,0.5866238686673523
medicine,validation_2024,spearman,mSI,rSI,derived_score,derived_score,4006,-0.950321427231854
medicine,validation_2024,spearman,mSI,rSIG,derived_score,derived_score,3961,-0.8191598310492817
medicine,validation_2024,spearman,mSI,rSIG_Age,derived_score,derived_score,3960,-0.5076053335221796
medicine,validation_2024,spearman,mSI,SI_G,derived_score,derived_score,3961,0.8191608262077722
medicine,validation_2024,spearman,mSI,SIA_G,derived_score,derived_score,3960,0.5076052981421776
medicine,validation_2024,spearman,mSI,SIAVPU,derived_score,derived_score,4006,0.7514790609559027
medicine,validation_2024,spearman,mSI,sMS,derived_score,derived_score,3961,-0.10650306104735224
medicine,validation_2024,spearman,mSI,rSI_sMS,derived_score,derived_score,3961,-0.8012438082663255
medicine,validation_2024,spearman,mSI,rSI_GCS,derived_score,derived_score,3961,-0.8191599938793628
medicine,validation_2024,spearman,mSI,rSI_GCSM,derived_score,derived_score,3961,-0.8498525407597327
medicine,validation_2024,spearman,mSI,qSOFA,derived_score,derived_score,4006,0.2792971104160065
medicine,validation_2024,spearman,mSI,NEWS2,derived_score,derived_score,834,0.47478834488020033
medicine,validation_2024,spearman,mSI,MEWS,derived_score,derived_score,4006,0.45623480942918887
medicine,validation_2024,spearman,mSI,REMS,derived_score,derived_score,3960,-0.08187309824370385
medicine,validation_2024,spearman,mSI,RTS,derived_score,derived_score,3961,-0.1689314906140815
medicine,validation_2024,spearman,aSI,rSI,derived_score,derived_score,4623,-0.6140878968791522
medicine,validation_2024,spearman,aSI,rSIG,derived_score,derived_score,4569,-0.5880460474716181
medicine,validation_2024,spearman,aSI,rSIG_Age,derived_score,derived_score,4569,-0.9211515620411109
medicine,validation_2024,spearman,aSI,SI_G,derived_score,derived_score,4569,0.5880503564374667
medicine,validation_2024,spearman,aSI,SIA_G,derived_score,derived_score,4569,0.9211506406986458
medicine,validation_2024,spearman,aSI,SIAVPU,derived_score,derived_score,4623,0.4199354002249901
medicine,validation_2024,spearman,aSI,sMS,derived_score,derived_score,4576,-0.2232347366574556
medicine,validation_2024,spearman,aSI,rSI_sMS,derived_score,derived_score,4576,-0.5790963990950554
medicine,validation_2024,spearman,aSI,rSI_GCS,derived_score,derived_score,4569,-0.5880471404770292
medicine,validation_2024,spearman,aSI,rSI_GCSM,derived_score,derived_score,4576,-0.5957236093024251
medicine,validation_2024,spearman,aSI,qSOFA,derived_score,derived_score,4623,0.40798554602279274
medicine,validation_2024,spearman,aSI,NEWS2,derived_score,derived_score,986,0.48140706847287706
medicine,validation_2024,spearman,aSI,MEWS,derived_score,derived_score,4623,0.44348059099260356
medicine,validation_2024,spearman,aSI,REMS,derived_score,derived_score,3960,0.5329786949743082
medicine,validation_2024,spearman,aSI,RTS,derived_score,derived_score,4569,-0.2890606601300894
medicine,validation_2024,spearman,rSI,rSIG,derived_score,derived_score,4572,0.863417492539691
medicine,validation_2024,spearman,rSI,rSIG_Age,derived_score,derived_score,4569,0.530412604937885
medicine,validation_2024,spearman,rSI,SI_G,derived_score,derived_score,4572,-0.8634145005803646
medicine,validation_2024,spearman,rSI,SIA_G,derived_score,derived_score,4569,-0.5304087894875388
medicine,validation_2024,spearman,rSI,SIAVPU,derived_score,derived_score,4626,-0.8103955983182449
medicine,validation_2024,spearman,rSI,sMS,derived_score,derived_score,4579,0.11026694568264357
medicine,validation_2024,spearman,rSI,rSI_sMS,derived_score,derived_score,4579,0.8411397914170516
medicine,validation_2024,spearman,rSI,rSI_GCS,derived_score,derived_score,4572,0.8634174658547005
medicine,validation_2024,spearman,rSI,rSI_GCSM,derived_score,derived_score,4579,0.8944449879543199
medicine,validation_2024,spearman,rSI,qSOFA,derived_score,derived_score,4626,-0.4447590409465659
medicine,validation_2024,spearman,rSI,NEWS2,derived_score,derived_score,986,-0.5287728035916458
medicine,validation_2024,spearman,rSI,MEWS,derived_score,derived_score,4626,-0.5151126423952898
medicine,validation_2024,spearman,rSI,REMS,derived_score,derived_score,3960,0.12461168926265831
medicine,validation_2024,spearman,rSI,RTS,derived_score,derived_score,4572,0.22687457887273405
medicine,validation_2024,spearman,rSIG,rSIG_Age,derived_score,derived_score,4569,0.6971495020448825
medicine,validation_2024,spearman,rSIG,SI_G,derived_score,derived_score,4572,-0.9999999447827043
medicine,validation_2024,spearman,rSIG,SIA_G,derived_score,derived_score,4569,-0.6971468877056063
medicine,validation_2024,spearman,rSIG,SIAVPU,derived_score,derived_score,4572,-0.535376620540204
medicine,validation_2024,spearman,rSIG,sMS,derived_score,derived_score,4572,0.5154543744619754
medicine,validation_2024,spearman,rSIG,rSI_sMS,derived_score,derived_score,4572,0.9892103332215078
medicine,validation_2024,spearman,rSIG,rSI_GCS,derived_score,derived_score,4572,0.9999999895466967
medicine,validation_2024,spearman,rSIG,rSI_GCSM,derived_score,derived_score,4572,0.9873090921887204
medicine,validation_2024,spearman,rSIG,qSOFA,derived_score,derived_score,4572,-0.6308065191960052
medicine,validation_2024,spearman,rSIG,NEWS2,derived_score,derived_score,950,-0.7020124270982724
medicine,validation_2024,spearman,rSIG,MEWS,derived_score,derived_score,4572,-0.6325280641610728
medicine,validation_2024,spearman,rSIG,REMS,derived_score,derived_score,3960,-0.07442014366031793
medicine,validation_2024,spearman,rSIG,RTS,derived_score,derived_score,4572,0.5767076029758644
medicine,validation_2024,spearman,rSIG_Age,SI_G,derived_score,derived_score,4569,-0.697154437788167
medicine,validation_2024,spearman,rSIG_Age,SIA_G,derived_score,derived_score,4569,-0.9999999803420674
medicine,validation_2024,spearman,rSIG_Age,SIAVPU,derived_score,derived_score,4569,-0.22948717852968173
medicine,validation_2024,spearman,rSIG_Age,sMS,derived_score,derived_score,4569,0.5137368146168315
medicine,validation_2024,spearman,rSIG_Age,rSI_sMS,derived_score,derived_score,4569,0.694178259650521
medicine,validation_2024,spearman,rSIG_Age,rSI_GCS,derived_score,derived_score,4569,0.6971502228294705
medicine,validation_2024,spearman,rSIG_Age,rSI_GCSM,derived_score,derived_score,4569,0.6745433769380054
medicine,validation_2024,spearman,rSIG_Age,qSOFA,derived_score,derived_score,4569,-0.5373921952984531
medicine,validation_2024,spearman,rSIG_Age,NEWS2,derived_score,derived_score,950,-0.6500157109395209
medicine,validation_2024,spearman,rSIG_Age,MEWS,derived_score,derived_score,4569,-0.5289059162015093
medicine,validation_2024,spearman,rSIG_Age,REMS,derived_score,derived_score,3960,-0.6102145999930337
medicine,validation_2024,spearman,rSIG_Age,RTS,derived_score,derived_score,4569,0.54160812476837
medicine,validation_2024,spearman,SI_G,SIA_G,derived_score,derived_score,4569,0.6971518292678015
medicine,validation_2024,spearman,SI_G,SIAVPU,derived_score,derived_score,4572,0.5353633061148115
medicine,validation_2024,spearman,SI_G,sMS,derived_score,derived_score,4572,-0.5154695685186843
medicine,validation_2024,spearman,SI_G,rSI_sMS,derived_score,derived_score,4572,-0.9892099773548861
medicine,validation_2024,spearman,SI_G,rSI_GCS,derived_score,derived_score,4572,-0.9999999538547896
medicine,validation_2024,spearman,SI_G,rSI_GCSM,derived_score,derived_score,4572,-0.9873076938546574
medicine,validation_2024,spearman,SI_G,qSOFA,derived_score,derived_score,4572,0.6308087800352836
medicine,validation_2024,spearman,SI_G,NEWS2,derived_score,derived_score,950,0.701995224639824
medicine,validation_2024,spearman,SI_G,MEWS,derived_score,derived_score,4572,0.6325260516073182
medicine,validation_2024,spearman,SI_G,REMS,derived_score,derived_score,3960,0.07441621246773723
medicine,validation_2024,spearman,SI_G,RTS,derived_score,derived_score,4572,-0.5767199826297826
medicine,validation_2024,spearman,SIA_G,SIAVPU,derived_score,derived_score,4569,0.22948289620753176
medicine,validation_2024,spearman,SIA_G,sMS,derived_score,derived_score,4569,-0.5137395030511527
medicine,validation_2024,spearman,SIA_G,rSI_sMS,derived_score,derived_score,4569,-0.6941762493204146
medicine,validation_2024,spearman,SIA_G,rSI_GCS,derived_score,derived_score,4569,-0.6971476122016346
medicine,validation_2024,spearman,SIA_G,rSI_GCSM,derived_score,derived_score,4569,-0.6745408316644226
medicine,validation_2024,spearman,SIA_G,qSOFA,derived_score,derived_score,4569,0.5373893274687173
medicine,validation_2024,spearman,SIA_G,NEWS2,derived_score,derived_score,950,0.6500190843079444
medicine,validation_2024,spearman,SIA_G,MEWS,derived_score,derived_score,4569,0.528905312614078
medicine,validation_2024,spearman,SIA_G,REMS,derived_score,derived_score,3960,0.6102138152806827
medicine,validation_2024,spearman,SIA_G,RTS,derived_score,derived_score,4569,-0.5416114876389119
medicine,validation_2024,spearman,SIAVPU,sMS,derived_score,derived_score,4579,0.34546699367078343
medicine,validation_2024,spearman,SIAVPU,rSI_sMS,derived_score,derived_score,4579,-0.5106801550813824
medicine,validation_2024,spearman,SIAVPU,rSI_GCS,derived_score,derived_score,4572,-0.5353744579584381
medicine,validation_2024,spearman,SIAVPU,rSI_GCSM,derived_score,derived_score,4579,-0.5884128720260071
medicine,validation_2024,spearman,SIAVPU,qSOFA,derived_score,derived_score,4626,0.10373395372753155
medicine,validation_2024,spearman,SIAVPU,NEWS2,derived_score,derived_score,986,-0.032337313910538096
medicine,validation_2024,spearman,SIAVPU,MEWS,derived_score,derived_score,4626,0.1990615836067163
medicine,validation_2024,spearman,SIAVPU,REMS,derived_score,derived_score,3960,-0.3280407262337294
medicine,validation_2024,spearman,SIAVPU,RTS,derived_score,derived_score,4572,0.19283593041728866
medicine,validation_2024,spearman,sMS,rSI_sMS,derived_score,derived_score,4579,0.56013204046819
medicine,validation_2024,spearman,sMS,rSI_GCS,derived_score,derived_score,4572,0.5154537577534167
medicine,validation_2024,spearman,sMS,rSI_GCSM,derived_score,derived_score,4579,0.4549106549120963
medicine,validation_2024,spearman,sMS,qSOFA,derived_score,derived_score,4579,-0.5631499672221805
medicine,validation_2024,spearman,sMS,NEWS2,derived_score,derived_score,954,-0.5474882592037323
medicine,validation_2024,spearman,sMS,MEWS,derived_score,derived_score,4579,-0.43675141981633475
medicine,validation_2024,spearman,sMS,REMS,derived_score,derived_score,3960,-0.42244860951038726
medicine,validation_2024,spearman,sMS,RTS,derived_score,derived_score,4572,0.8487470905073043
medicine,validation_2024,spearman,rSI_sMS,rSI_GCS,derived_score,derived_score,4572,0.9892103028865652
medicine,validation_2024,spearman,rSI_sMS,rSI_GCSM,derived_score,derived_score,4579,0.9798358378895915
medicine,validation_2024,spearman,rSI_sMS,qSOFA,derived_score,derived_score,4579,-0.6369557562750237
medicine,validation_2024,spearman,rSI_sMS,NEWS2,derived_score,derived_score,954,-0.7106864775291953
medicine,validation_2024,spearman,rSI_sMS,MEWS,derived_score,derived_score,4579,-0.6311735374163928
medicine,validation_2024,spearman,rSI_sMS,REMS,derived_score,derived_score,3960,-0.08528134828178813
medicine,validation_2024,spearman,rSI_sMS,RTS,derived_score,derived_score,4572,0.5954648712280796
medicine,validation_2024,spearman,rSI_GCS,rSI_GCSM,derived_score,derived_score,4572,0.987309023737263
medicine,validation_2024,spearman,rSI_GCS,qSOFA,derived_score,derived_score,4572,-0.6308054701743253
medicine,validation_2024,spearman,rSI_GCS,NEWS2,derived_score,derived_score,950,-0.7020053148182739
medicine,validation_2024,spearman,rSI_GCS,MEWS,derived_score,derived_score,4572,-0.6325311769853118
medicine,validation_2024,spearman,rSI_GCS,REMS,derived_score,derived_score,3960,-0.07441928912106148
medicine,validation_2024,spearman,rSI_GCS,RTS,derived_score,derived_score,4572,0.5767068523546374
medicine,validation_2024,spearman,rSI_GCSM,qSOFA,derived_score,derived_score,4579,-0.5996887416374412
medicine,validation_2024,spearman,rSI_GCSM,NEWS2,derived_score,derived_score,954,-0.6770127751002728
medicine,validation_2024,spearman,rSI_GCSM,MEWS,derived_score,derived_score,4579,-0.6170778290246828
medicine,validation_2024,spearman,rSI_GCSM,REMS,derived_score,derived_score,3960,-0.041015931775023357
medicine,validation_2024,spearman,rSI_GCSM,RTS,derived_score,derived_score,4572,0.5170229961266807
medicine,validation_2024,spearman,qSOFA,NEWS2,derived_score,derived_score,986,0.8250053281525347
medicine,validation_2024,spearman,qSOFA,MEWS,derived_score,derived_score,4626,0.6581126927919823
medicine,validation_2024,spearman,qSOFA,REMS,derived_score,derived_score,3960,0.34881033681805246
medicine,validation_2024,spearman,qSOFA,RTS,derived_score,derived_score,4572,-0.6479413614547078
medicine,validation_2024,spearman,NEWS2,MEWS,derived_score,derived_score,986,0.8062284314271734
medicine,validation_2024,spearman,NEWS2,REMS,derived_score,derived_score,804,0.5790968230963057
medicine,validation_2024,spearman,NEWS2,RTS,derived_score,derived_score,950,-0.6259712447007496
medicine,validation_2024,spearman,MEWS,REMS,derived_score,derived_score,3960,0.42229278795673714
medicine,validation_2024,spearman,MEWS,RTS,derived_score,derived_score,4572,-0.5217938914013149
medicine,validation_2024,spearman,REMS,RTS,derived_score,derived_score,3960,-0.4377127279055679
medicine,overall_le2024,pearson,EMT_年齡,prehosp_sbp,vital,vital,19856,0.12848522713269292
medicine,overall_le2024,pearson,EMT_年齡,prehosp_dbp,vital,vital,18256,-0.03629320287454543
medicine,overall_le2024,pearson,EMT_年齡,prehosp_hr,vital,vital,19742,-0.03696731441202896
medicine,overall_le2024,pearson,EMT_年齡,prehosp_rr,vital,vital,19742,0.11205646547737752
medicine,overall_le2024,pearson,EMT_年齡,prehosp_spo2,vital,vital,19731,-0.17509091509046223
medicine,overall_le2024,pearson,EMT_年齡,prehosp_bt,vital,vital,19734,0.12272505448071966
medicine,overall_le2024,pearson,EMT_年齡,prehosp_gcs,vital,vital,19536,-0.20410556191626478
medicine,overall_le2024,pearson,EMT_年齡,prehosp_gcs_m,vital,vital,19544,-0.17898606377965323
medicine,overall_le2024,pearson,EMT_年齡,MAP,vital,derived_score,18256,0.05731060278548912
medicine,overall_le2024,pearson,EMT_年齡,SI,vital,derived_score,19732,-0.08208184821175907
medicine,overall_le2024,pearson,EMT_年齡,mSI,vital,derived_score,18256,-0.04594121950158251
medicine,overall_le2024,pearson,EMT_年齡,aSI,vital,derived_score,19732,0.618440454173409
medicine,overall_le2024,pearson,EMT_年齡,rSI,vital,derived_score,19732,0.13432328943746547
medicine,overall_le2024,pearson,EMT_年齡,rSIG,vital,derived_score,19526,0.020490842649778736
medicine,overall_le2024,pearson,EMT_年齡,rSIG_Age,vital,derived_score,19526,-0.7214729103145135
medicine,overall_le2024,pearson,EMT_年齡,SI_G,vital,derived_score,19526,0.09249321419525654
medicine,overall_le2024,pearson,EMT_年齡,SIA_G,vital,derived_score,19526,0.37262972899499025
medicine,overall_le2024,pearson,EMT_年齡,SIAVPU,vital,derived_score,19732,-0.19006329254114154
medicine,overall_le2024,pearson,EMT_年齡,sMS,vital,derived_score,19544,-0.21393084866916043
medicine,overall_le2024,pearson,EMT_年齡,rSI_sMS,vital,derived_score,19534,0.007493957252138591
medicine,overall_le2024,pearson,EMT_年齡,rSI_GCS,vital,derived_score,19526,0.02049084264977874
medicine,overall_le2024,pearson,EMT_年齡,rSI_GCSM,vital,derived_score,19534,0.03657864970436211
medicine,overall_le2024,pearson,EMT_年齡,qSOFA,vital,derived_score,19732,0.18500748699401703
medicine,overall_le2024,pearson,EMT_年齡,NEWS2,vital,derived_score,3896,0.09038081505404819
medicine,overall_le2024,pearson,EMT_年齡,MEWS,vital,derived_score,19729,0.14176152435739595
medicine,overall_le2024,pearson,EMT_年齡,REMS,vital,derived_score,18067,0.778463638961071
medicine,overall_le2024,pearson,EMT_年齡,RTS,vital,derived_score,19526,-0.17996387215759455
medicine,overall_le2024,pearson,prehosp_sbp,prehosp_dbp,vital,vital,18259,0.6922132596636345
medicine,overall_le2024,pearson,prehosp_sbp,prehosp_hr,vital,vital,19742,0.05723133551831335
medicine,overall_le2024,pearson,prehosp_sbp,prehosp_rr,vital,vital,19742,-0.016218155890241837
medicine,overall_le2024,pearson,prehosp_sbp,prehosp_spo2,vital,vital,19736,0.12346493356923481
medicine,overall_le2024,pearson,prehosp_sbp,prehosp_bt,vital,vital,19739,0.029310891895840064
medicine,overall_le2024,pearson,prehosp_sbp,prehosp_gcs,vital,vital,19536,0.08606140751993527
medicine,overall_le2024,pearson,prehosp_sbp,prehosp_gcs_m,vital,vital,19544,0.08153778567693343
medicine,overall_le2024,pearson,prehosp_sbp,MAP,vital,derived_score,18259,0.9105625057949001
medicine,overall_le2024,pearson,prehosp_sbp,SI,vital,derived_score,19742,-0.677141159775774
medicine,overall_le2024,pearson,prehosp_sbp,mSI,vital,derived_score,18259,-0.5681680819865044
medicine,overall_le2024,pearson,prehosp_sbp,aSI,vital,derived_score,19732,-0.4378095286126911
medicine,overall_le2024,pearson,prehosp_sbp,rSI,vital,derived_score,19742,0.69748274186463
medicine,overall_le2024,pearson,prehosp_sbp,rSIG,vital,derived_score,19536,0.6006274097014634
medicine,overall_le2024,pearson,prehosp_sbp,rSIG_Age,vital,derived_score,19526,0.23660931626765155
medicine,overall_le2024,pearson,prehosp_sbp,SI_G,vital,derived_score,19536,-0.3532263090137707
medicine,overall_le2024,pearson,prehosp_sbp,SIA_G,vital,derived_score,19526,-0.2793177916749669
medicine,overall_le2024,pearson,prehosp_sbp,SIAVPU,vital,derived_score,19742,-0.5486423884315645
medicine,overall_le2024,pearson,prehosp_sbp,sMS,vital,derived_score,19544,0.08876114440142167
medicine,overall_le2024,pearson,prehosp_sbp,rSI_sMS,vital,derived_score,19544,0.5893104997363606
medicine,overall_le2024,pearson,prehosp_sbp,rSI_GCS,vital,derived_score,19536,0.6006274097014634
medicine,overall_le2024,pearson,prehosp_sbp,rSI_GCSM,vital,derived_score,19544,0.6085699695178157
medicine,overall_le2024,pearson,prehosp_sbp,qSOFA,vital,derived_score,19742,-0.40719564606949427
medicine,overall_le2024,pearson,prehosp_sbp,NEWS2,vital,derived_score,3896,-0.33056256677314577
medicine,overall_le2024,pearson,prehosp_sbp,MEWS,vital,derived_score,19739,-0.1733193975804718
medicine,overall_le2024,pearson,prehosp_sbp,REMS,vital,derived_score,18067,0.2241854133847771
medicine,overall_le2024,pearson,prehosp_sbp,RTS,vital,derived_score,19536,0.19119213230911014
medicine,overall_le2024,pearson,prehosp_dbp,prehosp_hr,vital,vital,18259,0.14166577316850754
medicine,overall_le2024,pearson,prehosp_dbp,prehosp_rr,vital,vital,18259,0.01592056821078718
medicine,overall_le2024,pearson,prehosp_dbp,prehosp_spo2,vital,vital,18259,0.09180628731023281
medicine,overall_le2024,pearson,prehosp_dbp,prehosp_bt,vital,vital,18259,-0.006824925532027546
medicine,overall_le2024,pearson,prehosp_dbp,prehosp_gcs,vital,vital,18070,0.08976219868515316
medicine,overall_le2024,pearson,prehosp_dbp,prehosp_gcs_m,vital,vital,18070,0.07902187934792114
medicine,overall_le2024,pearson,prehosp_dbp,MAP,vital,derived_score,18259,0.9286306984798296
medicine,overall_le2024,pearson,prehosp_dbp,SI,vital,derived_score,18259,-0.40628834156015475
medicine,overall_le2024,pearson,prehosp_dbp,mSI,vital,derived_score,18259,-0.5194320987519048
medicine,overall_le2024,pearson,prehosp_dbp,aSI,vital,derived_score,18256,-0.32458752961815057
medicine,overall_le2024,pearson,prehosp_dbp,rSI,vital,derived_score,18259,0.3756045717597703
medicine,overall_le2024,pearson,prehosp_dbp,rSIG,vital,derived_score,18070,0.3360595425929854
medicine,overall_le2024,pearson,prehosp_dbp,rSIG_Age,vital,derived_score,18067,0.19940761007904415
medicine,overall_le2024,pearson,prehosp_dbp,SI_G,vital,derived_score,18070,-0.24073456078165606
medicine,overall_le2024,pearson,prehosp_dbp,SIA_G,vital,derived_score,18067,-0.22096033608911742
medicine,overall_le2024,pearson,prehosp_dbp,SIAVPU,vital,derived_score,18259,-0.285593683310213
medicine,overall_le2024,pearson,prehosp_dbp,sMS,vital,derived_score,18070,0.09093940608444255
medicine,overall_le2024,pearson,prehosp_dbp,rSI_sMS,vital,derived_score,18070,0.3308904314032098
medicine,overall_le2024,pearson,prehosp_dbp,rSI_GCS,vital,derived_score,18070,0.33605954259298537
medicine,overall_le2024,pearson,prehosp_dbp,rSI_GCSM,vital,derived_score,18070,0.33568434497519356
medicine,overall_le2024,pearson,prehosp_dbp,qSOFA,vital,derived_score,18259,-0.2690632283736561
medicine,overall_le2024,pearson,prehosp_dbp,NEWS2,vital,derived_score,3529,-0.19484998373088608
medicine,overall_le2024,pearson,prehosp_dbp,MEWS,vital,derived_score,18259,-0.06131478841703932
medicine,overall_le2024,pearson,prehosp_dbp,REMS,vital,derived_score,18067,0.09820749410863988
medicine,overall_le2024,pearson,prehosp_dbp,RTS,vital,derived_score,18070,0.14997165514106847
medicine,overall_le2024,pearson,prehosp_hr,prehosp_rr,vital,vital,19752,0.21997667902938375
medicine,overall_le2024,pearson,prehosp_hr,prehosp_spo2,vital,vital,19741,-0.10243248059467594
medicine,overall_le2024,pearson,prehosp_hr,prehosp_bt,vital,vital,19744,0.2677630744332129
medicine,overall_le2024,pearson,prehosp_hr,prehosp_gcs,vital,vital,19546,-0.07233421708649064
medicine,overall_le2024,pearson,prehosp_hr,prehosp_gcs_m,vital,vital,19554,-0.06714426121115132
medicine,overall_le2024,pearson,prehosp_hr,MAP,vital,derived_score,18259,0.11321598057928199
medicine,overall_le2024,pearson,prehosp_hr,SI,vital,derived_score,19742,0.6265277542918656
medicine,overall_le2024,pearson,prehosp_hr,mSI,vital,derived_score,18259,0.6777749979352737
medicine,overall_le2024,pearson,prehosp_hr,aSI,vital,derived_score,19732,0.4392689528597671
medicine,overall_le2024,pearson,prehosp_hr,rSI,vital,derived_score,19742,-0.6151732885885435
medicine,overall_le2024,pearson,prehosp_hr,rSIG,vital,derived_score,19536,-0.528293939746978
medicine,overall_le2024,pearson,prehosp_hr,rSIG_Age,vital,derived_score,19526,-0.3089180672423741
medicine,overall_le2024,pearson,prehosp_hr,SI_G,vital,derived_score,19536,0.3211455883223045
medicine,overall_le2024,pearson,prehosp_hr,SIA_G,vital,derived_score,19526,0.26071766948347375
medicine,overall_le2024,pearson,prehosp_hr,SIAVPU,vital,derived_score,19742,0.5256343557126435
medicine,overall_le2024,pearson,prehosp_hr,sMS,vital,derived_score,19554,-0.0788638663458543
medicine,overall_le2024,pearson,prehosp_hr,rSI_sMS,vital,derived_score,19544,-0.5191771692763459
medicine,overall_le2024,pearson,prehosp_hr,rSI_GCS,vital,derived_score,19536,-0.528293939746978
medicine,overall_le2024,pearson,prehosp_hr,rSI_GCSM,vital,derived_score,19544,-0.5341990852628471
medicine,overall_le2024,pearson,prehosp_hr,qSOFA,vital,derived_score,19742,0.1131932849621935
medicine,overall_le2024,pearson,prehosp_hr,NEWS2,vital,derived_score,3896,0.33338831569913646
medicine,overall_le2024,pearson,prehosp_hr,MEWS,vital,derived_score,19739,0.5394917040924126
medicine,overall_le2024,pearson,prehosp_hr,REMS,vital,derived_score,18067,0.11570618827956641
medicine,overall_le2024,pearson,prehosp_hr,RTS,vital,derived_score,19536,-0.07118286933936842
medicine,overall_le2024,pearson,prehosp_rr,prehosp_spo2,vital,vital,19741,-0.20582637894256908
medicine,overall_le2024,pearson,prehosp_rr,prehosp_bt,vital,vital,19744,0.09182303528552957
medicine,overall_le2024,pearson,prehosp_rr,prehosp_gcs,vital,vital,19546,-0.17146173366572054
medicine,overall_le2024,pearson,prehosp_rr,prehosp_gcs_m,vital,vital,19554,-0.16021531057394264
medicine,overall_le2024,pearson,prehosp_rr,MAP,vital,derived_score,18259,0.01406053695351027
medicine,overall_le2024,pearson,prehosp_rr,SI,vital,derived_score,19742,0.171845783199103
medicine,overall_le2024,pearson,prehosp_rr,mSI,vital,derived_score,18259,0.16686986233124926
medicine,overall_le2024,pearson,prehosp_rr,aSI,vital,derived_score,19732,0.21550202403504212
medicine,overall_le2024,pearson,prehosp_rr,rSI,vital,derived_score,19742,-0.12964432153923974
medicine,overall_le2024,pearson,prehosp_rr,rSIG,vital,derived_score,19536,-0.18361557423178357
medicine,overall_le2024,pearson,prehosp_rr,rSIG_Age,vital,derived_score,19526,-0.16787141870527827
medicine,overall_le2024,pearson,prehosp_rr,SI_G,vital,derived_score,19536,0.20365550028804166
medicine,overall_le2024,pearson,prehosp_rr,SIA_G,vital,derived_score,19526,0.222640696256658
medicine,overall_le2024,pearson,prehosp_rr,SIAVPU,vital,derived_score,19742,0.051044390708451765
medicine,overall_le2024,pearson,prehosp_rr,sMS,vital,derived_score,19554,-0.1750040512709506
medicine,overall_le2024,pearson,prehosp_rr,rSI_sMS,vital,derived_score,19544,-0.18643570835780476
medicine,overall_le2024,pearson,prehosp_rr,rSI_GCS,vital,derived_score,19536,-0.18361557423178357
medicine,overall_le2024,pearson,prehosp_rr,rSI_GCSM,vital,derived_score,19544,-0.1789307561068882
medicine,overall_le2024,pearson,prehosp_rr,qSOFA,vital,derived_score,19742,0.5184764428190032
medicine,overall_le2024,pearson,prehosp_rr,NEWS2,vital,derived_score,3896,0.4484448413258696
medicine,overall_le2024,pearson,prehosp_rr,MEWS,vital,derived_score,19739,0.44775251458228754
medicine,overall_le2024,pearson,prehosp_rr,REMS,vital,derived_score,18067,0.2211469774973646
medicine,overall_le2024,pearson,prehosp_rr,RTS,vital,derived_score,19536,-0.1925539958559455
medicine,overall_le2024,pearson,prehosp_spo2,prehosp_bt,vital,vital,19738,-0.07627325166858524
medicine,overall_le2024,pearson,prehosp_spo2,prehosp_gcs,vital,vital,19535,0.24400989935960307
medicine,overall_le2024,pearson,prehosp_spo2,prehosp_gcs_m,vital,vital,19543,0.23016457191027795
medicine,overall_le2024,pearson,prehosp_spo2,MAP,vital,derived_score,18259,0.09380814257956133
medicine,overall_le2024,pearson,prehosp_spo2,SI,vital,derived_score,19736,-0.18727378779080542
medicine,overall_le2024,pearson,prehosp_spo2,mSI,vital,derived_score,18259,-0.16166099049510413
medicine,overall_le2024,pearson,prehosp_spo2,aSI,vital,derived_score,19726,-0.27178867347221763
medicine,overall_le2024,pearson,prehosp_spo2,rSI,vital,derived_score,19736,0.14119640689833882
medicine,overall_le2024,pearson,prehosp_spo2,rSIG,vital,derived_score,19530,0.21743042116569342
medicine,overall_le2024,pearson,prehosp_spo2,rSIG_Age,vital,derived_score,19520,0.24161751920894942
medicine,overall_le2024,pearson,prehosp_spo2,SI_G,vital,derived_score,19530,-0.28590145713844844
medicine,overall_le2024,pearson,prehosp_spo2,SIA_G,vital,derived_score,19520,-0.31278594668036264
medicine,overall_le2024,pearson,prehosp_spo2,SIAVPU,vital,derived_score,19736,-0.016504519699433447
medicine,overall_le2024,pearson,prehosp_spo2,sMS,vital,derived_score,19543,0.23245066579624835
medicine,overall_le2024,pearson,prehosp_spo2,rSI_sMS,vital,derived_score,19538,0.2159683270047339
medicine,overall_le2024,pearson,prehosp_spo2,rSI_GCS,vital,derived_score,19530,0.21743042116569342
medicine,overall_le2024,pearson,prehosp_spo2,rSI_GCSM,vital,derived_score,19538,0.21126890236724113
medicine,overall_le2024,pearson,prehosp_spo2,qSOFA,vital,derived_score,19736,-0.30726847855376693
medicine,overall_le2024,pearson,prehosp_spo2,NEWS2,vital,derived_score,3896,-0.5117646455810209
medicine,overall_le2024,pearson,prehosp_spo2,MEWS,vital,derived_score,19733,-0.28916842185296926
medicine,overall_le2024,pearson,prehosp_spo2,REMS,vital,derived_score,18067,-0.3043938196414509
medicine,overall_le2024,pearson,prehosp_spo2,RTS,vital,derived_score,19530,0.2653730066110197
medicine,overall_le2024,pearson,prehosp_bt,prehosp_gcs,vital,vital,19538,-0.08247701340563787
medicine,overall_le2024,pearson,prehosp_bt,prehosp_gcs_m,vital,vital,19546,-0.07522181874416636
medicine,overall_le2024,pearson,prehosp_bt,MAP,vital,derived_score,18259,0.011933825899505804
medicine,overall_le2024,pearson,prehosp_bt,SI,vital,derived_score,19739,0.14664815417570987
medicine,overall_le2024,pearson,prehosp_bt,mSI,vital,derived_score,18259,0.18598884506412103
medicine,overall_le2024,pearson,prehosp_bt,aSI,vital,derived_score,19729,0.19259364219634428
medicine,overall_le2024,pearson,prehosp_bt,rSI,vital,derived_score,19739,-0.15308260300077975
medicine,overall_le2024,pearson,prehosp_bt,rSIG,vital,derived_score,19533,-0.1587840931999495
medicine,overall_le2024,pearson,prehosp_bt,rSIG_Age,vital,derived_score,19523,-0.16741495954222252
medicine,overall_le2024,pearson,prehosp_bt,SI_G,vital,derived_score,19533,0.1107970802276808
medicine,overall_le2024,pearson,prehosp_bt,SIA_G,vital,derived_score,19523,0.12974331447797363
medicine,overall_le2024,pearson,prehosp_bt,SIAVPU,vital,derived_score,19739,0.0995470494850975
medicine,overall_le2024,pearson,prehosp_bt,sMS,vital,derived_score,19546,-0.09391963145978414
medicine,overall_le2024,pearson,prehosp_bt,rSI_sMS,vital,derived_score,19541,-0.16319755130226363
medicine,overall_le2024,pearson,prehosp_bt,rSI_GCS,vital,derived_score,19533,-0.1587840931999495
medicine,overall_le2024,pearson,prehosp_bt,rSI_GCSM,vital,derived_score,19541,-0.15658820351891464
medicine,overall_le2024,pearson,prehosp_bt,qSOFA,vital,derived_score,19739,0.0654201406712669
medicine,overall_le2024,pearson,prehosp_bt,NEWS2,vital,derived_score,3896,0.045755152372195074
medicine,overall_le2024,pearson,prehosp_bt,MEWS,vital,derived_score,19739,0.2682936159901757
medicine,overall_le2024,pearson,prehosp_bt,REMS,vital,derived_score,18067,0.1301975148040932
medicine,overall_le2024,pearson,prehosp_bt,RTS,vital,derived_score,19533,-0.05683533515706024
medicine,overall_le2024,pearson,prehosp_gcs,prehosp_gcs_m,vital,vital,19546,0.9526830547101862
medicine,overall_le2024,pearson,prehosp_gcs,MAP,vital,derived_score,18070,0.09100384970888543
medicine,overall_le2024,pearson,prehosp_gcs,SI,vital,derived_score,19536,-0.14506681611888594
medicine,overall_le2024,pearson,prehosp_gcs,mSI,vital,derived_score,18070,-0.1514625977946744
medicine,overall_le2024,pearson,prehosp_gcs,aSI,vital,derived_score,19526,-0.2670101594582009
medicine,overall_le2024,pearson,prehosp_gcs,rSI,vital,derived_score,19536,0.09702877259271249
medicine,overall_le2024,pearson,prehosp_gcs,rSIG,vital,derived_score,19536,0.577405891521114
medicine,overall_le2024,pearson,prehosp_gcs,rSIG_Age,vital,derived_score,19526,0.4446836498514887
medicine,overall_le2024,pearson,prehosp_gcs,SI_G,vital,derived_score,19536,-0.7609693477927054
medicine,overall_le2024,pearson,prehosp_gcs,SIA_G,vital,derived_score,19526,-0.749064492401743
medicine,overall_le2024,pearson,prehosp_gcs,SIAVPU,vital,derived_score,19536,0.37238417838282395
medicine,overall_le2024,pearson,prehosp_gcs,sMS,vital,derived_score,19546,0.9519115213172806
medicine,overall_le2024,pearson,prehosp_gcs,rSI_sMS,vital,derived_score,19536,0.5765662634628698
medicine,overall_le2024,pearson,prehosp_gcs,rSI_GCS,vital,derived_score,19536,0.577405891521114
medicine,overall_le2024,pearson,prehosp_gcs,rSI_GCSM,vital,derived_score,19536,0.5397164338739294
medicine,overall_le2024,pearson,prehosp_gcs,qSOFA,vital,derived_score,19536,-0.6173982819582642
medicine,overall_le2024,pearson,prehosp_gcs,NEWS2,vital,derived_score,3772,-0.5391284678011997
medicine,overall_le2024,pearson,prehosp_gcs,MEWS,vital,derived_score,19533,-0.5412919648606749
medicine,overall_le2024,pearson,prehosp_gcs,REMS,vital,derived_score,18067,-0.48067644767492046
medicine,overall_le2024,pearson,prehosp_gcs,RTS,vital,derived_score,19536,0.943482162592088
medicine,overall_le2024,pearson,prehosp_gcs_m,MAP,vital,derived_score,18070,0.08214367925118848
medicine,overall_le2024,pearson,prehosp_gcs_m,SI,vital,derived_score,19544,-0.13715063716210713
medicine,overall_le2024,pearson,prehosp_gcs_m,mSI,vital,derived_score,18070,-0.1410333108669684
medicine,overall_le2024,pearson,prehosp_gcs_m,aSI,vital,derived_score,19534,-0.24253087080233177
medicine,overall_le2024,pearson,prehosp_gcs_m,rSI,vital,derived_score,19544,0.09047888023316289
medicine,overall_le2024,pearson,prehosp_gcs_m,rSIG,vital,derived_score,19536,0.5462152300607557
medicine,overall_le2024,pearson,prehosp_gcs_m,rSIG_Age,vital,derived_score,19526,0.4128056859388053
medicine,overall_le2024,pearson,prehosp_gcs_m,SI_G,vital,derived_score,19536,-0.7792216400217806
medicine,overall_le2024,pearson,prehosp_gcs_m,SIA_G,vital,derived_score,19526,-0.7583531980229976
medicine,overall_le2024,pearson,prehosp_gcs_m,SIAVPU,vital,derived_score,19544,0.3462606176109988
medicine,overall_le2024,pearson,prehosp_gcs_m,sMS,vital,derived_score,19554,0.9066144230981611
medicine,overall_le2024,pearson,prehosp_gcs_m,rSI_sMS,vital,derived_score,19544,0.5462179640660297
medicine,overall_le2024,pearson,prehosp_gcs_m,rSI_GCS,vital,derived_score,19536,0.5462152300607557
medicine,overall_le2024,pearson,prehosp_gcs_m,rSI_GCSM,vital,derived_score,19544,0.5555888856522291
medicine,overall_le2024,pearson,prehosp_gcs_m,qSOFA,vital,derived_score,19544,-0.5567051932879713
medicine,overall_le2024,pearson,prehosp_gcs_m,NEWS2,vital,derived_score,3777,-0.48332029892499007
medicine,overall_le2024,pearson,prehosp_gcs_m,MEWS,vital,derived_score,19541,-0.5054922889425407
medicine,overall_le2024,pearson,prehosp_gcs_m,REMS,vital,derived_score,18067,-0.4512408692576029
medicine,overall_le2024,pearson,prehosp_gcs_m,RTS,vital,derived_score,19536,0.9240036418481811
medicine,overall_le2024,pearson,MAP,SI,derived_score,derived_score,18259,-0.5629279501795208
medicine,overall_le2024,pearson,MAP,mSI,derived_score,derived_score,18259,-0.5896022457108014
medicine,overall_le2024,pearson,MAP,aSI,derived_score,derived_score,18256,-0.38285861101277674
medicine,overall_le2024,pearson,MAP,rSI,derived_score,derived_score,18259,0.5556482225317612
medicine,overall_le2024,pearson,MAP,rSIG,derived_score,derived_score,18070,0.4816208204507111
medicine,overall_le2024,pearson,MAP,rSIG_Age,derived_score,derived_score,18067,0.21088687638390938
medicine,overall_le2024,pearson,MAP,SI_G,derived_score,derived_score,18070,-0.3069338875731398
medicine,overall_le2024,pearson,MAP,SIA_G,derived_score,derived_score,18067,-0.2550634936683514
medicine,overall_le2024,pearson,MAP,SIAVPU,derived_score,derived_score,18259,-0.4241064159368798
medicine,overall_le2024,pearson,MAP,sMS,derived_score,derived_score,18070,0.09252227772766021
medicine,overall_le2024,pearson,MAP,rSI_sMS,derived_score,derived_score,18070,0.4727329148619348
medicine,overall_le2024,pearson,MAP,rSI_GCS,derived_score,derived_score,18070,0.4816208204507111
medicine,overall_le2024,pearson,MAP,rSI_GCSM,derived_score,derived_score,18070,0.48535142893179134
medicine,overall_le2024,pearson,MAP,qSOFA,derived_score,derived_score,18259,-0.30625970601272734
medicine,overall_le2024,pearson,MAP,NEWS2,derived_score,derived_score,3529,-0.22907034701638704
medicine,overall_le2024,pearson,MAP,MEWS,derived_score,derived_score,18259,-0.0770413011976755
medicine,overall_le2024,pearson,MAP,REMS,derived_score,derived_score,18067,0.17152774445621288
medicine,overall_le2024,pearson,MAP,RTS,derived_score,derived_score,18070,0.16251645683934146
medicine,overall_le2024,pearson,SI,mSI,derived_score,derived_score,18259,0.9618682160935702
medicine,overall_le2024,pearson,SI,aSI,derived_score,derived_score,19732,0.7027525757282745
medicine,overall_le2024,pearson,SI,rSI,derived_score,derived_score,19742,-0.8817704453502223
medicine,overall_le2024,pearson,SI,rSIG,derived_score,derived_score,19536,-0.7674049209783675
medicine,overall_le2024,pearson,SI,rSIG_Age,derived_score,derived_score,19526,-0.40050470924999476
medicine,overall_le2024,pearson,SI,SI_G,derived_score,derived_score,19536,0.5547593503196687
medicine,overall_le2024,pearson,SI,SIA_G,derived_score,derived_score,19526,0.4614563542668038
medicine,overall_le2024,pearson,SI,SIAVPU,derived_score,derived_score,19742,0.7955782140350501
medicine,overall_le2024,pearson,SI,sMS,derived_score,derived_score,19544,-0.14836491921703715
medicine,overall_le2024,pearson,SI,rSI_sMS,derived_score,derived_score,19544,-0.7531719804960038
medicine,overall_le2024,pearson,SI,rSI_GCS,derived_score,derived_score,19536,-0.7674049209783675
medicine,overall_le2024,pearson,SI,rSI_GCSM,derived_score,derived_score,19544,-0.7760465292457487
medicine,overall_le2024,pearson,SI,qSOFA,derived_score,derived_score,19742,0.4562121860449723
medicine,overall_le2024,pearson,SI,NEWS2,derived_score,derived_score,3896,0.5525619709712231
medicine,overall_le2024,pearson,SI,MEWS,derived_score,derived_score,19739,0.56967965930512
medicine,overall_le2024,pearson,SI,REMS,derived_score,derived_score,18067,0.004070017421285975
medicine,overall_le2024,pearson,SI,RTS,derived_score,derived_score,19536,-0.2614384069931991
medicine,overall_le2024,pearson,mSI,aSI,derived_score,derived_score,18256,0.681795206950802
medicine,overall_le2024,pearson,mSI,rSI,derived_score,derived_score,18259,-0.8429640318640186
medicine,overall_le2024,pearson,mSI,rSIG,derived_score,derived_score,18070,-0.7338117134980464
medicine,overall_le2024,pearson,mSI,rSIG_Age,derived_score,derived_score,18067,-0.3950206899793069
medicine,overall_le2024,pearson,mSI,SI_G,derived_score,derived_score,18070,0.5304831184425745
medicine,overall_le2024,pearson,mSI,SIA_G,derived_score,derived_score,18067,0.4495115413960649
medicine,overall_le2024,pearson,mSI,SIAVPU,derived_score,derived_score,18259,0.7393010744252317
medicine,overall_le2024,pearson,mSI,sMS,derived_score,derived_score,18070,-0.15535468257700152
medicine,overall_le2024,pearson,mSI,rSI_sMS,derived_score,derived_score,18070,-0.7204351336859397
medicine,overall_le2024,pearson,mSI,rSI_GCS,derived_score,derived_score,18070,-0.7338117134980465
medicine,overall_le2024,pearson,mSI,rSI_GCSM,derived_score,derived_score,18070,-0.7410303490262754
medicine,overall_le2024,pearson,mSI,qSOFA,derived_score,derived_score,18259,0.37245010492339814
medicine,overall_le2024,pearson,mSI,NEWS2,derived_score,derived_score,3529,0.5062739428035011
medicine,overall_le2024,pearson,mSI,MEWS,derived_score,derived_score,18259,0.5384855285853041
medicine,overall_le2024,pearson,mSI,REMS,derived_score,derived_score,18067,0.045348132801806065
medicine,overall_le2024,pearson,mSI,RTS,derived_score,derived_score,18070,-0.22877918747324535
medicine,overall_le2024,pearson,aSI,rSI,derived_score,derived_score,19732,-0.5861434445213877
medicine,overall_le2024,pearson,aSI,rSIG,derived_score,derived_score,19526,-0.5762337909713448
medicine,overall_le2024,pearson,aSI,rSIG_Age,derived_score,derived_score,19526,-0.7706147886783897
medicine,overall_le2024,pearson,aSI,SI_G,derived_score,derived_score,19526,0.507948704433948
medicine,overall_le2024,pearson,aSI,SIA_G,derived_score,derived_score,19526,0.6509700905762373
medicine,overall_le2024,pearson,aSI,SIAVPU,derived_score,derived_score,19732,0.45505363486903966
medicine,overall_le2024,pearson,aSI,sMS,derived_score,derived_score,19534,-0.2765557593270458
medicine,overall_le2024,pearson,aSI,rSI_sMS,derived_score,derived_score,19534,-0.5741852858053385
medicine,overall_le2024,pearson,aSI,rSI_GCS,derived_score,derived_score,19526,-0.5762337909713448
medicine,overall_le2024,pearson,aSI,rSI_GCSM,derived_score,derived_score,19534,-0.5722377006979663
medicine,overall_le2024,pearson,aSI,qSOFA,derived_score,derived_score,19732,0.48465650595903004
medicine,overall_le2024,pearson,aSI,NEWS2,derived_score,derived_score,3896,0.5306674332457494
medicine,overall_le2024,pearson,aSI,MEWS,derived_score,derived_score,19729,0.5311128335146625
medicine,overall_le2024,pearson,aSI,REMS,derived_score,derived_score,18067,0.5626724073005076
medicine,overall_le2024,pearson,aSI,RTS,derived_score,derived_score,19526,-0.3393524459516822
medicine,overall_le2024,pearson,rSI,rSIG,derived_score,derived_score,19536,0.845467281733323
medicine,overall_le2024,pearson,rSI,rSIG_Age,derived_score,derived_score,19526,0.39004289503358336
medicine,overall_le2024,pearson,rSI,SI_G,derived_score,derived_score,19536,-0.4411451132418237
medicine,overall_le2024,pearson,rSI,SIA_G,derived_score,derived_score,19526,-0.35033908255839996
medicine,overall_le2024,pearson,rSI,SIAVPU,derived_score,derived_score,19742,-0.7369601624537897
medicine,overall_le2024,pearson,rSI,sMS,derived_score,derived_score,19544,0.10316674284780417
medicine,overall_le2024,pearson,rSI,rSI_sMS,derived_score,derived_score,19544,0.8295189825674661
medicine,overall_le2024,pearson,rSI,rSI_GCS,derived_score,derived_score,19536,0.8454672817333228
medicine,overall_le2024,pearson,rSI,rSI_GCSM,derived_score,derived_score,19544,0.8562224840331367
medicine,overall_le2024,pearson,rSI,qSOFA,derived_score,derived_score,19742,-0.3567276454558238
medicine,overall_le2024,pearson,rSI,NEWS2,derived_score,derived_score,3896,-0.4393088945707796
medicine,overall_le2024,pearson,rSI,MEWS,derived_score,derived_score,19739,-0.42311474154927275
medicine,overall_le2024,pearson,rSI,REMS,derived_score,derived_score,18067,0.14730380600017787
medicine,overall_le2024,pearson,rSI,RTS,derived_score,derived_score,19536,0.16915276574925675
medicine,overall_le2024,pearson,rSIG,rSIG_Age,derived_score,derived_score,19526,0.5470969943688205
medicine,overall_le2024,pearson,rSIG,SI_G,derived_score,derived_score,19536,-0.6790159305712972
medicine,overall_le2024,pearson,rSIG,SIA_G,derived_score,derived_score,19526,-0.5982281397593555
medicine,overall_le2024,pearson,rSIG,SIAVPU,derived_score,derived_score,19536,-0.4289049284284876
medicine,overall_le2024,pearson,rSIG,sMS,derived_score,derived_score,19536,0.5574572012195592
medicine,overall_le2024,pearson,rSIG,rSI_sMS,derived_score,derived_score,19536,0.9857107338143591
medicine,overall_le2024,pearson,rSIG,rSI_GCS,derived_score,derived_score,19536,0.9999999999999998
medicine,overall_le2024,pearson,rSIG,rSI_GCSM,derived_score,derived_score,19536,0.9867458770293911
medicine,overall_le2024,pearson,rSIG,qSOFA,derived_score,derived_score,19536,-0.5873812071340087
medicine,overall_le2024,pearson,rSIG,NEWS2,derived_score,derived_score,3772,-0.6364439089561942
medicine,overall_le2024,pearson,rSIG,MEWS,derived_score,derived_score,19533,-0.6002106505337659
medicine,overall_le2024,pearson,rSIG,REMS,derived_score,derived_score,18067,-0.11555927663217185
medicine,overall_le2024,pearson,rSIG,RTS,derived_score,derived_score,19536,0.6003528642538238
medicine,overall_le2024,pearson,rSIG_Age,SI_G,derived_score,derived_score,19526,-0.441428902098107
medicine,overall_le2024,pearson,rSIG_Age,SIA_G,derived_score,derived_score,19526,-0.5653671129962778
medicine,overall_le2024,pearson,rSIG_Age,SIAVPU,derived_score,derived_score,19526,-0.14546053818313073
medicine,overall_le2024,pearson,rSIG_Age,sMS,derived_score,derived_score,19526,0.43758308313617605
medicine,overall_le2024,pearson,rSIG_Age,rSI_sMS,derived_score,derived_score,19526,0.54594273579975
medicine,overall_le2024,pearson,rSIG_Age,rSI_GCS,derived_score,derived_score,19526,0.5470969943688205
medicine,overall_le2024,pearson,rSIG_Age,rSI_GCSM,derived_score,derived_score,19526,0.529988188662666
medicine,overall_le2024,pearson,rSIG_Age,qSOFA,derived_score,derived_score,19526,-0.44937450179883376
medicine,overall_le2024,pearson,rSIG_Age,NEWS2,derived_score,derived_score,3772,-0.5601733393091284
medicine,overall_le2024,pearson,rSIG_Age,MEWS,derived_score,derived_score,19523,-0.45179325199102427
medicine,overall_le2024,pearson,rSIG_Age,REMS,derived_score,derived_score,18067,-0.6429259916023881
medicine,overall_le2024,pearson,rSIG_Age,RTS,derived_score,derived_score,19526,0.4485128104577346
medicine,overall_le2024,pearson,SI_G,SIA_G,derived_score,derived_score,19526,0.9322143908060195
medicine,overall_le2024,pearson,SI_G,SIAVPU,derived_score,derived_score,19536,0.029181923330798623
medicine,overall_le2024,pearson,SI_G,sMS,derived_score,derived_score,19536,-0.6662395332663086
medicine,overall_le2024,pearson,SI_G,rSI_sMS,derived_score,derived_score,19536,-0.6461351127328162
medicine,overall_le2024,pearson,SI_G,rSI_GCS,derived_score,derived_score,19536,-0.6790159305712972
medicine,overall_le2024,pearson,SI_G,rSI_GCSM,derived_score,derived_score,19536,-0.6824383166518906
medicine,overall_le2024,pearson,SI_G,qSOFA,derived_score,derived_score,19536,0.5848927172952824
medicine,overall_le2024,pearson,SI_G,NEWS2,derived_score,derived_score,3772,0.5760389968001048
medicine,overall_le2024,pearson,SI_G,MEWS,derived_score,derived_score,19533,0.639458490251089
medicine,overall_le2024,pearson,SI_G,REMS,derived_score,derived_score,18067,0.3514236155857719
medicine,overall_le2024,pearson,SI_G,RTS,derived_score,derived_score,19536,-0.836200880897863
medicine,overall_le2024,pearson,SIA_G,SIAVPU,derived_score,derived_score,19526,-0.04843979273750382
medicine,overall_le2024,pearson,SIA_G,sMS,derived_score,derived_score,19526,-0.6670050239370402
medicine,overall_le2024,pearson,SIA_G,rSI_sMS,derived_score,derived_score,19526,-0.5727531711028458
medicine,overall_le2024,pearson,SIA_G,rSI_GCS,derived_score,derived_score,19526,-0.5982281397593555
medicine,overall_le2024,pearson,SIA_G,rSI_GCSM,derived_score,derived_score,19526,-0.5968778806925149
medicine,overall_le2024,pearson,SIA_G,qSOFA,derived_score,derived_score,19526,0.5797394277031273
medicine,overall_le2024,pearson,SIA_G,NEWS2,derived_score,derived_score,3772,0.5621906341618819
medicine,overall_le2024,pearson,SIA_G,MEWS,derived_score,derived_score,19523,0.6076140503172408
medicine,overall_le2024,pearson,SIA_G,REMS,derived_score,derived_score,18067,0.5454591520041672
medicine,overall_le2024,pearson,SIA_G,RTS,derived_score,derived_score,19526,-0.8101529569149464
medicine,overall_le2024,pearson,SIAVPU,sMS,derived_score,derived_score,19544,0.33875348182434434
medicine,overall_le2024,pearson,SIAVPU,rSI_sMS,derived_score,derived_score,19544,-0.4184410375800222
medicine,overall_le2024,pearson,SIAVPU,rSI_GCS,derived_score,derived_score,19536,-0.4289049284284876
medicine,overall_le2024,pearson,SIAVPU,rSI_GCSM,derived_score,derived_score,19544,-0.45763694319941106
medicine,overall_le2024,pearson,SIAVPU,qSOFA,derived_score,derived_score,19742,0.049574846957704186
medicine,overall_le2024,pearson,SIAVPU,NEWS2,derived_score,derived_score,3896,0.027182541816055124
medicine,overall_le2024,pearson,SIAVPU,MEWS,derived_score,derived_score,19739,0.16471880345753095
medicine,overall_le2024,pearson,SIAVPU,REMS,derived_score,derived_score,18067,-0.26758653247590947
medicine,overall_le2024,pearson,SIAVPU,RTS,derived_score,derived_score,19536,0.25916177965463844
medicine,overall_le2024,pearson,sMS,rSI_sMS,derived_score,derived_score,19544,0.6051309730268459
medicine,overall_le2024,pearson,sMS,rSI_GCS,derived_score,derived_score,19536,0.5574572012195593
medicine,overall_le2024,pearson,sMS,rSI_GCSM,derived_score,derived_score,19544,0.5225022464189732
medicine,overall_le2024,pearson,sMS,qSOFA,derived_score,derived_score,19544,-0.6240427375037115
medicine,overall_le2024,pearson,sMS,NEWS2,derived_score,derived_score,3777,-0.5372492632655532
medicine,overall_le2024,pearson,sMS,MEWS,derived_score,derived_score,19541,-0.5217502589004663
medicine,overall_le2024,pearson,sMS,REMS,derived_score,derived_score,18067,-0.47143885298180793
medicine,overall_le2024,pearson,sMS,RTS,derived_score,derived_score,19536,0.8703860228948704
medicine,overall_le2024,pearson,rSI_sMS,rSI_GCS,derived_score,derived_score,19536,0.985710733814359
medicine,overall_le2024,pearson,rSI_sMS,rSI_GCSM,derived_score,derived_score,19544,0.97276977238265
medicine,overall_le2024,pearson,rSI_sMS,qSOFA,derived_score,derived_score,19544,-0.5985831801021282
medicine,overall_le2024,pearson,rSI_sMS,NEWS2,derived_score,derived_score,3777,-0.6352506545589165
medicine,overall_le2024,pearson,rSI_sMS,MEWS,derived_score,derived_score,19541,-0.5944855911328627
medicine,overall_le2024,pearson,rSI_sMS,REMS,derived_score,derived_score,18067,-0.12542782206110534
medicine,overall_le2024,pearson,rSI_sMS,RTS,derived_score,derived_score,19536,0.5840560926556848
medicine,overall_le2024,pearson,rSI_GCS,rSI_GCSM,derived_score,derived_score,19536,0.9867458770293909
medicine,overall_le2024,pearson,rSI_GCS,qSOFA,derived_score,derived_score,19536,-0.5873812071340087
medicine,overall_le2024,pearson,rSI_GCS,NEWS2,derived_score,derived_score,3772,-0.6364439089561942
medicine,overall_le2024,pearson,rSI_GCS,MEWS,derived_score,derived_score,19533,-0.6002106505337658
medicine,overall_le2024,pearson,rSI_GCS,REMS,derived_score,derived_score,18067,-0.11555927663217187
medicine,overall_le2024,pearson,rSI_GCS,RTS,derived_score,derived_score,19536,0.6003528642538238
medicine,overall_le2024,pearson,rSI_GCSM,qSOFA,derived_score,derived_score,19544,-0.5545747117135027
medicine,overall_le2024,pearson,rSI_GCSM,NEWS2,derived_score,derived_score,3777,-0.6045519968889751
medicine,overall_le2024,pearson,rSI_GCSM,MEWS,derived_score,derived_score,19541,-0.5819465086800072
medicine,overall_le2024,pearson,rSI_GCSM,REMS,derived_score,derived_score,18067,-0.09137560667246335
medicine,overall_le2024,pearson,rSI_GCSM,RTS,derived_score,derived_score,19536,0.5789389769054747
medicine,overall_le2024,pearson,qSOFA,NEWS2,derived_score,derived_score,3896,0.8271908939817573
medicine,overall_le2024,pearson,qSOFA,MEWS,derived_score,derived_score,19739,0.6859420392537833
medicine,overall_le2024,pearson,qSOFA,REMS,derived_score,derived_score,18067,0.42976193564136184
medicine,overall_le2024,pearson,qSOFA,RTS,derived_score,derived_score,19536,-0.6425340042464808
medicine,overall_le2024,pearson,NEWS2,MEWS,derived_score,derived_score,3896,0.8172141978590493
medicine,overall_le2024,pearson,NEWS2,REMS,derived_score,derived_score,3417,0.5965333911060797
medicine,overall_le2024,pearson,NEWS2,RTS,derived_score,derived_score,3772,-0.571112128637655
medicine,overall_le2024,pearson,MEWS,REMS,derived_score,derived_score,18067,0.48792850505107266
medicine,overall_le2024,pearson,MEWS,RTS,derived_score,derived_score,19533,-0.5948935240178108
medicine,overall_le2024,pearson,REMS,RTS,derived_score,derived_score,18067,-0.47906813998091125
medicine,overall_le2024,spearman,EMT_年齡,prehosp_sbp,vital,vital,19856,0.11906281396006475
medicine,overall_le2024,spearman,EMT_年齡,prehosp_dbp,vital,vital,18256,-0.05671350372420164
medicine,overall_le2024,spearman,EMT_年齡,prehosp_hr,vital,vital,19742,-0.031512722374304795
medicine,overall_le2024,spearman,EMT_年齡,prehosp_rr,vital,vital,19742,0.10487684329731806
medicine,overall_le2024,spearman,EMT_年齡,prehosp_spo2,vital,vital,19731,-0.2103687072683418
medicine,overall_le2024,spearman,EMT_年齡,prehosp_bt,vital,vital,19734,0.11632765230865762
medicine,overall_le2024,spearman,EMT_年齡,prehosp_gcs,vital,vital,19536,-0.23316863689230619
medicine,overall_le2024,spearman,EMT_年齡,prehosp_gcs_m,vital,vital,19544,-0.2305663185680231
medicine,overall_le2024,spearman,EMT_年齡,MAP,vital,derived_score,18256,0.05289833223189149
medicine,overall_le2024,spearman,EMT_年齡,SI,vital,derived_score,19732,-0.11446453974624406
medicine,overall_le2024,spearman,EMT_年齡,mSI,vital,derived_score,18256,-0.06241130476064309
medicine,overall_le2024,spearman,EMT_年齡,aSI,vital,derived_score,19732,0.6844525494132969
medicine,overall_le2024,spearman,EMT_年齡,rSI,vital,derived_score,19732,0.11446453974624406
medicine,overall_le2024,spearman,EMT_年齡,rSIG,vital,derived_score,19526,0.007311059426950879
medicine,overall_le2024,spearman,EMT_年齡,rSIG_Age,vital,derived_score,19526,-0.6652516459620265
medicine,overall_le2024,spearman,EMT_年齡,SI_G,vital,derived_score,19526,-0.007311474953134112
medicine,overall_le2024,spearman,EMT_年齡,SIA_G,vital,derived_score,19526,0.6652515200139222
medicine,overall_le2024,spearman,EMT_年齡,SIAVPU,vital,derived_score,19732,-0.219636959208254
medicine,overall_le2024,spearman,EMT_年齡,sMS,vital,derived_score,19544,-0.23199273889941815
medicine,overall_le2024,spearman,EMT_年齡,rSI_sMS,vital,derived_score,19534,-3.9412100598239206e-05
medicine,overall_le2024,spearman,EMT_年齡,rSI_GCS,vital,derived_score,19526,0.007311817821093932
medicine,overall_le2024,spearman,EMT_年齡,rSI_GCSM,vital,derived_score,19534,0.029877061295036318
medicine,overall_le2024,spearman,EMT_年齡,qSOFA,vital,derived_score,19732,0.18120764699143446
medicine,overall_le2024,spearman,EMT_年齡,NEWS2,vital,derived_score,3896,0.08968228802948461
medicine,overall_le2024,spearman,EMT_年齡,MEWS,vital,derived_score,19729,0.128421014605647
medicine,overall_le2024,spearman,EMT_年齡,REMS,vital,derived_score,18067,0.7803498370061631
medicine,overall_le2024,spearman,EMT_年齡,RTS,vital,derived_score,19526,-0.20178294763949217
medicine,overall_le2024,spearman,prehosp_sbp,prehosp_dbp,vital,vital,18259,0.6734328310232829
medicine,overall_le2024,spearman,prehosp_sbp,prehosp_hr,vital,vital,19742,0.06559610367866238
medicine,overall_le2024,spearman,prehosp_sbp,prehosp_rr,vital,vital,19742,-0.015178390956354296
medicine,overall_le2024,spearman,prehosp_sbp,prehosp_spo2,vital,vital,19736,0.08477816292231181
medicine,overall_le2024,spearman,prehosp_sbp,prehosp_bt,vital,vital,19739,0.027722534480263662
medicine,overall_le2024,spearman,prehosp_sbp,prehosp_gcs,vital,vital,19536,0.09854427282444879
medicine,overall_le2024,spearman,prehosp_sbp,prehosp_gcs_m,vital,vital,19544,0.09263986683795597
medicine,overall_le2024,spearman,prehosp_sbp,MAP,vital,derived_score,18259,0.9124681400505458
medicine,overall_le2024,spearman,prehosp_sbp,SI,vital,derived_score,19742,-0.7094567902283385
medicine,overall_le2024,spearman,prehosp_sbp,mSI,vital,derived_score,18259,-0.5744578860419175
medicine,overall_le2024,spearman,prehosp_sbp,aSI,vital,derived_score,19732,-0.37797139198386603
medicine,overall_le2024,spearman,prehosp_sbp,rSI,vital,derived_score,19742,0.7094567902283385
medicine,overall_le2024,spearman,prehosp_sbp,rSIG,vital,derived_score,19536,0.6172398065079525
medicine,overall_le2024,spearman,prehosp_sbp,rSIG_Age,vital,derived_score,19526,0.3269934341346225
medicine,overall_le2024,spearman,prehosp_sbp,SI_G,vital,derived_score,19536,-0.6172386595530682
medicine,overall_le2024,spearman,prehosp_sbp,SIA_G,vital,derived_score,19526,-0.32699311536163833
medicine,overall_le2024,spearman,prehosp_sbp,SIAVPU,vital,derived_score,19742,-0.5637379749037706
medicine,overall_le2024,spearman,prehosp_sbp,sMS,vital,derived_score,19544,0.09240145381618715
medicine,overall_le2024,spearman,prehosp_sbp,rSI_sMS,vital,derived_score,19544,0.6068456078668762
medicine,overall_le2024,spearman,prehosp_sbp,rSI_GCS,vital,derived_score,19536,0.6172380932134948
medicine,overall_le2024,spearman,prehosp_sbp,rSI_GCSM,vital,derived_score,19544,0.6387126603332735
medicine,overall_le2024,spearman,prehosp_sbp,qSOFA,vital,derived_score,19742,-0.40381759460555566
medicine,overall_le2024,spearman,prehosp_sbp,NEWS2,vital,derived_score,3896,-0.34547740862848414
medicine,overall_le2024,spearman,prehosp_sbp,MEWS,vital,derived_score,19739,-0.20759296456272694
medicine,overall_le2024,spearman,prehosp_sbp,REMS,vital,derived_score,18067,0.2386021645560534
medicine,overall_le2024,spearman,prehosp_sbp,RTS,vital,derived_score,19536,0.23430653331044335
medicine,overall_le2024,spearman,prehosp_dbp,prehosp_hr,vital,vital,18259,0.14541497821747298
medicine,overall_le2024,spearman,prehosp_dbp,prehosp_rr,vital,vital,18259,0.0038811613489768935
medicine,overall_le2024,spearman,prehosp_dbp,prehosp_spo2,vital,vital,18259,0.08892177342353469
medicine,overall_le2024,spearman,prehosp_dbp,prehosp_bt,vital,vital,18259,0.003989641761850727
medicine,overall_le2024,spearman,prehosp_dbp,prehosp_gcs,vital,vital,18070,0.10667347462746184
medicine,overall_le2024,spearman,prehosp_dbp,prehosp_gcs_m,vital,vital,18070,0.10237416285568361
medicine,overall_le2024,spearman,prehosp_dbp,MAP,vital,derived_score,18259,0.9087822612651695
medicine,overall_le2024,spearman,prehosp_dbp,SI,vital,derived_score,18259,-0.38195399462932783
medicine,overall_le2024,spearman,prehosp_dbp,mSI,vital,derived_score,18259,-0.5095222539316894
medicine,overall_le2024,spearman,prehosp_dbp,aSI,vital,derived_score,18256,-0.28453049878032427
medicine,overall_le2024,spearman,prehosp_dbp,rSI,vital,derived_score,18259,0.38195399462932783
medicine,overall_le2024,spearman,prehosp_dbp,rSIG,vital,derived_score,18070,0.34889867044922745
medicine,overall_le2024,spearman,prehosp_dbp,rSIG_Age,vital,derived_score,18067,0.26097824238463396
medicine,overall_le2024,spearman,prehosp_dbp,SI_G,vital,derived_score,18070,-0.3488992268551584
medicine,overall_le2024,spearman,prehosp_dbp,SIA_G,vital,derived_score,18067,-0.26097894773344044
medicine,overall_le2024,spearman,prehosp_dbp,SIAVPU,vital,derived_score,18259,-0.2651968438438082
medicine,overall_le2024,spearman,prehosp_dbp,sMS,vital,derived_score,18070,0.10259487558320358
medicine,overall_le2024,spearman,prehosp_dbp,rSI_sMS,vital,derived_score,18070,0.34390311543969293
medicine,overall_le2024,spearman,prehosp_dbp,rSI_GCS,vital,derived_score,18070,0.3488983850397874
medicine,overall_le2024,spearman,prehosp_dbp,rSI_GCSM,vital,derived_score,18070,0.3550339609540222
medicine,overall_le2024,spearman,prehosp_dbp,qSOFA,vital,derived_score,18259,-0.2643438494174353
medicine,overall_le2024,spearman,prehosp_dbp,NEWS2,vital,derived_score,3529,-0.20804301168869355
medicine,overall_le2024,spearman,prehosp_dbp,MEWS,vital,derived_score,18259,-0.08511093947647497
medicine,overall_le2024,spearman,prehosp_dbp,REMS,vital,derived_score,18067,0.0892163717567034
medicine,overall_le2024,spearman,prehosp_dbp,RTS,vital,derived_score,18070,0.1719797079349397
medicine,overall_le2024,spearman,prehosp_hr,prehosp_rr,vital,vital,19752,0.1836493821470311
medicine,overall_le2024,spearman,prehosp_hr,prehosp_spo2,vital,vital,19741,-0.09222966382598886
medicine,overall_le2024,spearman,prehosp_hr,prehosp_bt,vital,vital,19744,0.23688935049292784
medicine,overall_le2024,spearman,prehosp_hr,prehosp_gcs,vital,vital,19546,-0.07165383099470625
medicine,overall_le2024,spearman,prehosp_hr,prehosp_gcs_m,vital,vital,19554,-0.07428658637438086
medicine,overall_le2024,spearman,prehosp_hr,MAP,vital,derived_score,18259,0.11663019277549018
medicine,overall_le2024,spearman,prehosp_hr,SI,vital,derived_score,19742,0.6129559031276907
medicine,overall_le2024,spearman,prehosp_hr,mSI,vital,derived_score,18259,0.6849381426259824
medicine,overall_le2024,spearman,prehosp_hr,aSI,vital,derived_score,19732,0.40081691432850514
medicine,overall_le2024,spearman,prehosp_hr,rSI,vital,derived_score,19742,-0.6129559031276907
medicine,overall_le2024,spearman,prehosp_hr,rSIG,vital,derived_score,19536,-0.5319552341921199
medicine,overall_le2024,spearman,prehosp_hr,rSIG_Age,vital,derived_score,19526,-0.3494863842374011
medicine,overall_le2024,spearman,prehosp_hr,SI_G,vital,derived_score,19536,0.5319566982295003
medicine,overall_le2024,spearman,prehosp_hr,SIA_G,vital,derived_score,19526,0.34948787314016566
medicine,overall_le2024,spearman,prehosp_hr,SIAVPU,vital,derived_score,19742,0.5053301144123709
medicine,overall_le2024,spearman,prehosp_hr,sMS,vital,derived_score,19554,-0.07478690955513022
medicine,overall_le2024,spearman,prehosp_hr,rSI_sMS,vital,derived_score,19544,-0.5225818437547736
medicine,overall_le2024,spearman,prehosp_hr,rSI_GCS,vital,derived_score,19536,-0.5319574549611329
medicine,overall_le2024,spearman,prehosp_hr,rSI_GCSM,vital,derived_score,19544,-0.5500201546695267
medicine,overall_le2024,spearman,prehosp_hr,qSOFA,vital,derived_score,19742,0.08625811098771217
medicine,overall_le2024,spearman,prehosp_hr,NEWS2,vital,derived_score,3896,0.34393697162790426
medicine,overall_le2024,spearman,prehosp_hr,MEWS,vital,derived_score,19739,0.49493043493759026
medicine,overall_le2024,spearman,prehosp_hr,REMS,vital,derived_score,18067,0.07165749237195351
medicine,overall_le2024,spearman,prehosp_hr,RTS,vital,derived_score,19536,-0.07259825310247861
medicine,overall_le2024,spearman,prehosp_rr,prehosp_spo2,vital,vital,19741,-0.07159391865869193
medicine,overall_le2024,spearman,prehosp_rr,prehosp_bt,vital,vital,19744,0.07141726674119883
medicine,overall_le2024,spearman,prehosp_rr,prehosp_gcs,vital,vital,19546,-0.16162652930970361
medicine,overall_le2024,spearman,prehosp_rr,prehosp_gcs_m,vital,vital,19554,-0.16269315438734727
medicine,overall_le2024,spearman,prehosp_rr,MAP,vital,derived_score,18259,0.007292411988432728
medicine,overall_le2024,spearman,prehosp_rr,SI,vital,derived_score,19742,0.13413911259623276
medicine,overall_le2024,spearman,prehosp_rr,mSI,vital,derived_score,18259,0.13418049293890416
medicine,overall_le2024,spearman,prehosp_rr,aSI,vital,derived_score,19732,0.16742256349954837
medicine,overall_le2024,spearman,prehosp_rr,rSI,vital,derived_score,19742,-0.13413911259623276
medicine,overall_le2024,spearman,prehosp_rr,rSIG,vital,derived_score,19536,-0.1733313475665288
medicine,overall_le2024,spearman,prehosp_rr,rSIG_Age,vital,derived_score,19526,-0.18284187475986005
medicine,overall_le2024,spearman,prehosp_rr,SI_G,vital,derived_score,19536,0.17332928384278667
medicine,overall_le2024,spearman,prehosp_rr,SIA_G,vital,derived_score,19526,0.1828418834090495
medicine,overall_le2024,spearman,prehosp_rr,SIAVPU,vital,derived_score,19742,0.03166449243177288
medicine,overall_le2024,spearman,prehosp_rr,sMS,vital,derived_score,19554,-0.16224033374914731
medicine,overall_le2024,spearman,prehosp_rr,rSI_sMS,vital,derived_score,19544,-0.17422414832548327
medicine,overall_le2024,spearman,prehosp_rr,rSI_GCS,vital,derived_score,19536,-0.1733304927130644
medicine,overall_le2024,spearman,prehosp_rr,rSI_GCSM,vital,derived_score,19544,-0.16932341875986806
medicine,overall_le2024,spearman,prehosp_rr,qSOFA,vital,derived_score,19742,0.4159224869182613
medicine,overall_le2024,spearman,prehosp_rr,NEWS2,vital,derived_score,3896,0.45418913785572157
medicine,overall_le2024,spearman,prehosp_rr,MEWS,vital,derived_score,19739,0.3523804947343871
medicine,overall_le2024,spearman,prehosp_rr,REMS,vital,derived_score,18067,0.1710948408014371
medicine,overall_le2024,spearman,prehosp_rr,RTS,vital,derived_score,19536,-0.18954532551090153
medicine,overall_le2024,spearman,prehosp_spo2,prehosp_bt,vital,vital,19738,-0.10991166580088955
medicine,overall_le2024,spearman,prehosp_spo2,prehosp_gcs,vital,vital,19535,0.16779118816630906
medicine,overall_le2024,spearman,prehosp_spo2,prehosp_gcs_m,vital,vital,19543,0.16288603262454757
medicine,overall_le2024,spearman,prehosp_spo2,MAP,vital,derived_score,18259,0.07350149632023363
medicine,overall_le2024,spearman,prehosp_spo2,SI,vital,derived_score,19736,-0.12701219032608688
medicine,overall_le2024,spearman,prehosp_spo2,mSI,vital,derived_score,18259,-0.12384353189868841
medicine,overall_le2024,spearman,prehosp_spo2,aSI,vital,derived_score,19726,-0.2627598205582417
medicine,overall_le2024,spearman,prehosp_spo2,rSI,vital,derived_score,19736,0.12701219032608688
medicine,overall_le2024,spearman,prehosp_spo2,rSIG,vital,derived_score,19530,0.1653930071968218
medicine,overall_le2024,spearman,prehosp_spo2,rSIG_Age,vital,derived_score,19520,0.27397421714961406
medicine,overall_le2024,spearman,prehosp_spo2,SI_G,vital,derived_score,19530,-0.165390949591284
medicine,overall_le2024,spearman,prehosp_spo2,SIA_G,vital,derived_score,19520,-0.27397394745401626
medicine,overall_le2024,spearman,prehosp_spo2,SIAVPU,vital,derived_score,19736,-0.024683847734564807
medicine,overall_le2024,spearman,prehosp_spo2,sMS,vital,derived_score,19543,0.1628420411602323
medicine,overall_le2024,spearman,prehosp_spo2,rSI_sMS,vital,derived_score,19538,0.16591138327448088
medicine,overall_le2024,spearman,prehosp_spo2,rSI_GCS,vital,derived_score,19530,0.16539178589686415
medicine,overall_le2024,spearman,prehosp_spo2,rSI_GCSM,vital,derived_score,19538,0.1583001839972856
medicine,overall_le2024,spearman,prehosp_spo2,qSOFA,vital,derived_score,19736,-0.1735345846476274
medicine,overall_le2024,spearman,prehosp_spo2,NEWS2,vital,derived_score,3896,-0.4768104360717774
medicine,overall_le2024,spearman,prehosp_spo2,MEWS,vital,derived_score,19733,-0.1900822902431304
medicine,overall_le2024,spearman,prehosp_spo2,REMS,vital,derived_score,18067,-0.22314451940456945
medicine,overall_le2024,spearman,prehosp_spo2,RTS,vital,derived_score,19530,0.16852747960170655
medicine,overall_le2024,spearman,prehosp_bt,prehosp_gcs,vital,vital,19538,-0.06691568732578558
medicine,overall_le2024,spearman,prehosp_bt,prehosp_gcs_m,vital,vital,19546,-0.07576083363542652
medicine,overall_le2024,spearman,prehosp_bt,MAP,vital,derived_score,18259,0.02093522494670026
medicine,overall_le2024,spearman,prehosp_bt,SI,vital,derived_score,19739,0.14126018166584758
medicine,overall_le2024,spearman,prehosp_bt,mSI,vital,derived_score,18259,0.17097634888533816
medicine,overall_le2024,spearman,prehosp_bt,aSI,vital,derived_score,19729,0.17858052721353204
medicine,overall_le2024,spearman,prehosp_bt,rSI,vital,derived_score,19739,-0.14126018166584758
medicine,overall_le2024,spearman,prehosp_bt,rSIG,vital,derived_score,19533,-0.14024876147084445
medicine,overall_le2024,spearman,prehosp_bt,rSIG_Age,vital,derived_score,19523,-0.16763900504986395
medicine,overall_le2024,spearman,prehosp_bt,SI_G,vital,derived_score,19533,0.14024910235370425
medicine,overall_le2024,spearman,prehosp_bt,SIA_G,vital,derived_score,19523,0.16763935708561434
medicine,overall_le2024,spearman,prehosp_bt,SIAVPU,vital,derived_score,19739,0.0962116193017403
medicine,overall_le2024,spearman,prehosp_bt,sMS,vital,derived_score,19546,-0.07673321304612513
medicine,overall_le2024,spearman,prehosp_bt,rSI_sMS,vital,derived_score,19541,-0.14136905989276607
medicine,overall_le2024,spearman,prehosp_bt,rSI_GCS,vital,derived_score,19533,-0.14025068445758002
medicine,overall_le2024,spearman,prehosp_bt,rSI_GCSM,vital,derived_score,19541,-0.14071394226451095
medicine,overall_le2024,spearman,prehosp_bt,qSOFA,vital,derived_score,19739,0.0416770992076042
medicine,overall_le2024,spearman,prehosp_bt,NEWS2,vital,derived_score,3896,-0.015600896540571957
medicine,overall_le2024,spearman,prehosp_bt,MEWS,vital,derived_score,19739,0.1673403345745789
medicine,overall_le2024,spearman,prehosp_bt,REMS,vital,derived_score,18067,0.10594365572405152
medicine,overall_le2024,spearman,prehosp_bt,RTS,vital,derived_score,19533,-0.04462236211533439
medicine,overall_le2024,spearman,prehosp_gcs,prehosp_gcs_m,vital,vital,19546,0.9592480912542581
medicine,overall_le2024,spearman,prehosp_gcs,MAP,vital,derived_score,18070,0.10131648278885612
medicine,overall_le2024,spearman,prehosp_gcs,SI,vital,derived_score,19536,-0.12344335417044615
medicine,overall_le2024,spearman,prehosp_gcs,mSI,vital,derived_score,18070,-0.12934010716434813
medicine,overall_le2024,spearman,prehosp_gcs,aSI,vital,derived_score,19526,-0.24867708425360613
medicine,overall_le2024,spearman,prehosp_gcs,rSI,vital,derived_score,19536,0.12344335417044615
medicine,overall_le2024,spearman,prehosp_gcs,rSIG,vital,derived_score,19536,0.5283675009433408
medicine,overall_le2024,spearman,prehosp_gcs,rSIG_Age,vital,derived_score,19526,0.5318271411684076
medicine,overall_le2024,spearman,prehosp_gcs,SI_G,vital,derived_score,19536,-0.5283669359753798
medicine,overall_le2024,spearman,prehosp_gcs,SIA_G,vital,derived_score,19526,-0.5318276808844404
medicine,overall_le2024,spearman,prehosp_gcs,SIAVPU,vital,derived_score,19536,0.3534119149064297
medicine,overall_le2024,spearman,prehosp_gcs,sMS,vital,derived_score,19546,0.9580980604714077
medicine,overall_le2024,spearman,prehosp_gcs,rSI_sMS,vital,derived_score,19536,0.5410364147766135
medicine,overall_le2024,spearman,prehosp_gcs,rSI_GCS,vital,derived_score,19536,0.5283650316169869
medicine,overall_le2024,spearman,prehosp_gcs,rSI_GCSM,vital,derived_score,19536,0.4533778694310637
medicine,overall_le2024,spearman,prehosp_gcs,qSOFA,vital,derived_score,19536,-0.6319562715811787
medicine,overall_le2024,spearman,prehosp_gcs,NEWS2,vital,derived_score,3772,-0.5717221805743634
medicine,overall_le2024,spearman,prehosp_gcs,MEWS,vital,derived_score,19533,-0.4695361594947676
medicine,overall_le2024,spearman,prehosp_gcs,REMS,vital,derived_score,18067,-0.4362863170777748
medicine,overall_le2024,spearman,prehosp_gcs,RTS,vital,derived_score,19536,0.857787110157672
medicine,overall_le2024,spearman,prehosp_gcs_m,MAP,vital,derived_score,18070,0.09750580146984152
medicine,overall_le2024,spearman,prehosp_gcs_m,SI,vital,derived_score,19544,-0.12002272829140231
medicine,overall_le2024,spearman,prehosp_gcs_m,mSI,vital,derived_score,18070,-0.12754197944549017
medicine,overall_le2024,spearman,prehosp_gcs_m,aSI,vital,derived_score,19534,-0.24412584535938553
medicine,overall_le2024,spearman,prehosp_gcs_m,rSI,vital,derived_score,19544,0.12002272829140231
medicine,overall_le2024,spearman,prehosp_gcs_m,rSIG,vital,derived_score,19536,0.5252842296908947
medicine,overall_le2024,spearman,prehosp_gcs_m,rSIG_Age,vital,derived_score,19526,0.5280485134412545
medicine,overall_le2024,spearman,prehosp_gcs_m,SI_G,vital,derived_score,19536,-0.5252848819879928
medicine,overall_le2024,spearman,prehosp_gcs_m,SIA_G,vital,derived_score,19526,-0.5280493150534885
medicine,overall_le2024,spearman,prehosp_gcs_m,SIAVPU,vital,derived_score,19544,0.35262897620135664
medicine,overall_le2024,spearman,prehosp_gcs_m,sMS,vital,derived_score,19554,0.9988470566567026
medicine,overall_le2024,spearman,prehosp_gcs_m,rSI_sMS,vital,derived_score,19544,0.5564489681124579
medicine,overall_le2024,spearman,prehosp_gcs_m,rSI_GCS,vital,derived_score,19536,0.5252842770044417
medicine,overall_le2024,spearman,prehosp_gcs_m,rSI_GCSM,vital,derived_score,19544,0.4650800320163913
medicine,overall_le2024,spearman,prehosp_gcs_m,qSOFA,vital,derived_score,19544,-0.600776526339986
medicine,overall_le2024,spearman,prehosp_gcs_m,NEWS2,vital,derived_score,3777,-0.5493444741300753
medicine,overall_le2024,spearman,prehosp_gcs_m,MEWS,vital,derived_score,19541,-0.4619894925246517
medicine,overall_le2024,spearman,prehosp_gcs_m,REMS,vital,derived_score,18067,-0.4391245430049629
medicine,overall_le2024,spearman,prehosp_gcs_m,RTS,vital,derived_score,19536,0.8598256369355071
medicine,overall_le2024,spearman,MAP,SI,derived_score,derived_score,18259,-0.5695770334437094
medicine,overall_le2024,spearman,MAP,mSI,derived_score,derived_score,18259,-0.5905375831775629
medicine,overall_le2024,spearman,MAP,aSI,derived_score,derived_score,18256,-0.32200346079298625
medicine,overall_le2024,spearman,MAP,rSI,derived_score,derived_score,18259,0.5695770334437094
medicine,overall_le2024,spearman,MAP,rSIG,derived_score,derived_score,18070,0.502403743706125
medicine,overall_le2024,spearman,MAP,rSIG_Age,derived_score,derived_score,18067,0.28467471272079015
medicine,overall_le2024,spearman,MAP,SI_G,derived_score,derived_score,18070,-0.5024045437279465
medicine,overall_le2024,spearman,MAP,SIA_G,derived_score,derived_score,18067,-0.28467563929632156
medicine,overall_le2024,spearman,MAP,SIAVPU,derived_score,derived_score,18259,-0.4300778928344559
medicine,overall_le2024,spearman,MAP,sMS,derived_score,derived_score,18070,0.09762570727907989
medicine,overall_le2024,spearman,MAP,rSI_sMS,derived_score,derived_score,18070,0.4947673408978109
medicine,overall_le2024,spearman,MAP,rSI_GCS,derived_score,derived_score,18070,0.5024032611148419
medicine,overall_le2024,spearman,MAP,rSI_GCSM,derived_score,derived_score,18070,0.5168760597866479
medicine,overall_le2024,spearman,MAP,qSOFA,derived_score,derived_score,18259,-0.2794191625289011
medicine,overall_le2024,spearman,MAP,NEWS2,derived_score,derived_score,3529,-0.23421292423160595
medicine,overall_le2024,spearman,MAP,MEWS,derived_score,derived_score,18259,-0.09770159990921765
medicine,overall_le2024,spearman,MAP,REMS,derived_score,derived_score,18067,0.18902188655047994
medicine,overall_le2024,spearman,MAP,RTS,derived_score,derived_score,18070,0.17073280930517826
medicine,overall_le2024,spearman,SI,mSI,derived_score,derived_score,18259,0.9512456680339284
medicine,overall_le2024,spearman,SI,aSI,derived_score,derived_score,19732,0.5747184991331966
medicine,overall_le2024,spearman,SI,rSI,derived_score,derived_score,19742,-1.0
medicine,overall_le2024,spearman,SI,rSIG,derived_score,derived_score,19536,-0.8641846034587589
medicine,overall_le2024,spearman,SI,rSIG_Age,derived_score,derived_score,19526,-0.4965304064184255
medicine,overall_le2024,spearman,SI,SI_G,derived_score,derived_score,19536,0.8641860444382494
medicine,overall_le2024,spearman,SI,SIA_G,derived_score,derived_score,19526,0.4965310464258717
medicine,overall_le2024,spearman,SI,SIAVPU,derived_score,derived_score,19742,0.8046961031754858
medicine,overall_le2024,spearman,SI,sMS,derived_score,derived_score,19544,-0.120230842940411
medicine,overall_le2024,spearman,SI,rSI_sMS,derived_score,derived_score,19544,-0.8496986208068688
medicine,overall_le2024,spearman,SI,rSI_GCS,derived_score,derived_score,19536,-0.8641843124161267
medicine,overall_le2024,spearman,SI,rSI_GCSM,derived_score,derived_score,19544,-0.8952937441730471
medicine,overall_le2024,spearman,SI,qSOFA,derived_score,derived_score,19742,0.38444022888558294
medicine,overall_le2024,spearman,SI,NEWS2,derived_score,derived_score,3896,0.5000980776380837
medicine,overall_le2024,spearman,SI,MEWS,derived_score,derived_score,19739,0.5128552163310317
medicine,overall_le2024,spearman,SI,REMS,derived_score,derived_score,18067,-0.12641015722570415
medicine,overall_le2024,spearman,SI,RTS,derived_score,derived_score,19536,-0.23615017997106508
medicine,overall_le2024,spearman,mSI,aSI,derived_score,derived_score,18256,0.5681369752509912
medicine,overall_le2024,spearman,mSI,rSI,derived_score,derived_score,18259,-0.9512456680339283
medicine,overall_le2024,spearman,mSI,rSIG,derived_score,derived_score,18070,-0.8263111627104743
medicine,overall_le2024,spearman,mSI,rSIG_Age,derived_score,derived_score,18067,-0.49534496556749236
medicine,overall_le2024,spearman,mSI,SI_G,derived_score,derived_score,18070,0.8263143020285793
medicine,overall_le2024,spearman,mSI,SIA_G,derived_score,derived_score,18067,0.49534648674249065
medicine,overall_le2024,spearman,mSI,SIAVPU,derived_score,derived_score,18259,0.7493474297149683
medicine,overall_le2024,spearman,mSI,sMS,derived_score,derived_score,18070,-0.12793107001599652
medicine,overall_le2024,spearman,mSI,rSI_sMS,derived_score,derived_score,18070,-0.813851873815895
medicine,overall_le2024,spearman,mSI,rSI_GCS,derived_score,derived_score,18070,-0.8263110095375189
medicine,overall_le2024,spearman,mSI,rSI_GCSM,derived_score,derived_score,18070,-0.8554074984545855
medicine,overall_le2024,spearman,mSI,qSOFA,derived_score,derived_score,18259,0.28617229457621185
medicine,overall_le2024,spearman,mSI,NEWS2,derived_score,derived_score,3529,0.4593390981966635
medicine,overall_le2024,spearman,mSI,MEWS,derived_score,derived_score,18259,0.48304096931725427
medicine,overall_le2024,spearman,mSI,REMS,derived_score,derived_score,18067,-0.07955425060837065
medicine,overall_le2024,spearman,mSI,RTS,derived_score,derived_score,18070,-0.18828327053064464
medicine,overall_le2024,spearman,aSI,rSI,derived_score,derived_score,19732,-0.5747184991331966
medicine,overall_le2024,spearman,aSI,rSIG,derived_score,derived_score,19526,-0.5623170758092716
medicine,overall_le2024,spearman,aSI,rSIG_Age,derived_score,derived_score,19526,-0.9238262515373405
medicine,overall_le2024,spearman,aSI,SI_G,derived_score,derived_score,19526,0.5623171010734244
medicine,overall_le2024,spearman,aSI,SIA_G,derived_score,derived_score,19526,0.9238259894567697
medicine,overall_le2024,spearman,aSI,SIAVPU,derived_score,derived_score,19732,0.370411227811416
medicine,overall_le2024,spearman,aSI,sMS,derived_score,derived_score,19534,-0.2451968117566765
medicine,overall_le2024,spearman,aSI,rSI_sMS,derived_score,derived_score,19534,-0.5575645670506304
medicine,overall_le2024,spearman,aSI,rSI_GCS,derived_score,derived_score,19526,-0.5623159803971989
medicine,overall_le2024,spearman,aSI,rSI_GCSM,derived_score,derived_score,19534,-0.5665659885434359
medicine,overall_le2024,spearman,aSI,qSOFA,derived_score,derived_score,19732,0.3960585313303263
medicine,overall_le2024,spearman,aSI,NEWS2,derived_score,derived_score,3896,0.48047115161753035
medicine,overall_le2024,spearman,aSI,MEWS,derived_score,derived_score,19729,0.4396405646732416
medicine,overall_le2024,spearman,aSI,REMS,derived_score,derived_score,18067,0.5592474604644921
medicine,overall_le2024,spearman,aSI,RTS,derived_score,derived_score,19526,-0.31128754665768
medicine,overall_le2024,spearman,rSI,rSIG,derived_score,derived_score,19536,0.8641846034587589
medicine,overall_le2024,spearman,rSI,rSIG_Age,derived_score,derived_score,19526,0.4965304064184255
medicine,overall_le2024,spearman,rSI,SI_G,derived_score,derived_score,19536,-0.8641860444382494
medicine,overall_le2024,spearman,rSI,SIA_G,derived_score,derived_score,19526,-0.4965310464258717
medicine,overall_le2024,spearman,rSI,SIAVPU,derived_score,derived_score,19742,-0.8046961031754858
medicine,overall_le2024,spearman,rSI,sMS,derived_score,derived_score,19544,0.120230842940411
medicine,overall_le2024,spearman,rSI,rSI_sMS,derived_score,derived_score,19544,0.8496986208068688
medicine,overall_le2024,spearman,rSI,rSI_GCS,derived_score,derived_score,19536,0.8641843124161267
medicine,overall_le2024,spearman,rSI,rSI_GCSM,derived_score,derived_score,19544,0.8952937441730471
medicine,overall_le2024,spearman,rSI,qSOFA,derived_score,derived_score,19742,-0.38444022888558294
medicine,overall_le2024,spearman,rSI,NEWS2,derived_score,derived_score,3896,-0.5000980776380837
medicine,overall_le2024,spearman,rSI,MEWS,derived_score,derived_score,19739,-0.5128552163310317
medicine,overall_le2024,spearman,rSI,REMS,derived_score,derived_score,18067,0.12641015722570415
medicine,overall_le2024,spearman,rSI,RTS,derived_score,derived_score,19536,0.23615017997106508
medicine,overall_le2024,spearman,rSIG,rSIG_Age,derived_score,derived_score,19526,0.6695449205016386
medicine,overall_le2024,spearman,rSIG,SI_G,derived_score,derived_score,19536,-0.9999999705041195
medicine,overall_le2024,spearman,rSIG,SIA_G,derived_score,derived_score,19526,-0.66954570828249
medicine,overall_le2024,spearman,rSIG,SIAVPU,derived_score,derived_score,19536,-0.5245977084663039
medicine,overall_le2024,spearman,rSIG,sMS,derived_score,derived_score,19536,0.5233097760717562
medicine,overall_le2024,spearman,rSIG,rSI_sMS,derived_score,derived_score,19536,0.9898082450947389
medicine,overall_le2024,spearman,rSIG,rSI_GCS,derived_score,derived_score,19536,0.9999999835164753
medicine,overall_le2024,spearman,rSIG,rSI_GCSM,derived_score,derived_score,19536,0.987269659117918
medicine,overall_le2024,spearman,rSIG,qSOFA,derived_score,derived_score,19536,-0.5928165986061512
medicine,overall_le2024,spearman,rSIG,NEWS2,derived_score,derived_score,3772,-0.6934321279176326
medicine,overall_le2024,spearman,rSIG,MEWS,derived_score,derived_score,19533,-0.6458942888288001
medicine,overall_le2024,spearman,rSIG,REMS,derived_score,derived_score,18067,-0.07838900550628292
medicine,overall_le2024,spearman,rSIG,RTS,derived_score,derived_score,19536,0.588252406796669
medicine,overall_le2024,spearman,rSIG_Age,SI_G,derived_score,derived_score,19526,-0.6695436639506533
medicine,overall_le2024,spearman,rSIG_Age,SIA_G,derived_score,derived_score,19526,-0.999999993219088
medicine,overall_le2024,spearman,rSIG_Age,SIAVPU,derived_score,derived_score,19526,-0.18553787023592
medicine,overall_le2024,spearman,rSIG_Age,sMS,derived_score,derived_score,19526,0.5264003363105384
medicine,overall_le2024,spearman,rSIG_Age,rSI_sMS,derived_score,derived_score,19526,0.6664915907874669
medicine,overall_le2024,spearman,rSIG_Age,rSI_GCS,derived_score,derived_score,19526,0.6695439801609855
medicine,overall_le2024,spearman,rSIG_Age,rSI_GCSM,derived_score,derived_score,19526,0.6458690039096077
medicine,overall_le2024,spearman,rSIG_Age,qSOFA,derived_score,derived_score,19526,-0.5351016996646812
medicine,overall_le2024,spearman,rSIG_Age,NEWS2,derived_score,derived_score,3772,-0.6541933320843359
medicine,overall_le2024,spearman,rSIG_Age,MEWS,derived_score,derived_score,19523,-0.532595041373794
medicine,overall_le2024,spearman,rSIG_Age,REMS,derived_score,derived_score,18067,-0.6340969491495767
medicine,overall_le2024,spearman,rSIG_Age,RTS,derived_score,derived_score,19526,0.5573437436479555
medicine,overall_le2024,spearman,SI_G,SIA_G,derived_score,derived_score,19526,0.6695444533079533
medicine,overall_le2024,spearman,SI_G,SIAVPU,derived_score,derived_score,19536,0.5245982742332866
medicine,overall_le2024,spearman,SI_G,sMS,derived_score,derived_score,19536,-0.5233103812966937
medicine,overall_le2024,spearman,SI_G,rSI_sMS,derived_score,derived_score,19536,-0.9898083778025405
medicine,overall_le2024,spearman,SI_G,rSI_GCS,derived_score,derived_score,19536,-0.9999999851287361
medicine,overall_le2024,spearman,SI_G,rSI_GCSM,derived_score,derived_score,19536,-0.987270598546245
medicine,overall_le2024,spearman,SI_G,qSOFA,derived_score,derived_score,19536,0.5928142654357383
medicine,overall_le2024,spearman,SI_G,NEWS2,derived_score,derived_score,3772,0.693423473861085
medicine,overall_le2024,spearman,SI_G,MEWS,derived_score,derived_score,19533,0.6458925387745128
medicine,overall_le2024,spearman,SI_G,REMS,derived_score,derived_score,18067,0.0783851136549681
medicine,overall_le2024,spearman,SI_G,RTS,derived_score,derived_score,19536,-0.5882533399843671
medicine,overall_le2024,spearman,SIA_G,SIAVPU,derived_score,derived_score,19526,0.18553798906223218
medicine,overall_le2024,spearman,SIA_G,sMS,derived_score,derived_score,19526,-0.5264011634834653
medicine,overall_le2024,spearman,SIA_G,rSI_sMS,derived_score,derived_score,19526,-0.6664924408643346
medicine,overall_le2024,spearman,SIA_G,rSI_GCS,derived_score,derived_score,19526,-0.6695447690415723
medicine,overall_le2024,spearman,SIA_G,rSI_GCSM,derived_score,derived_score,19526,-0.6458697884597239
medicine,overall_le2024,spearman,SIA_G,qSOFA,derived_score,derived_score,19526,0.5351010481428269
medicine,overall_le2024,spearman,SIA_G,NEWS2,derived_score,derived_score,3772,0.6541929428073611
medicine,overall_le2024,spearman,SIA_G,MEWS,derived_score,derived_score,19523,0.5325959670148871
medicine,overall_le2024,spearman,SIA_G,REMS,derived_score,derived_score,18067,0.6340961451513857
medicine,overall_le2024,spearman,SIA_G,RTS,derived_score,derived_score,19526,-0.5573446293862857
medicine,overall_le2024,spearman,SIAVPU,sMS,derived_score,derived_score,19544,0.34939127776911966
medicine,overall_le2024,spearman,SIAVPU,rSI_sMS,derived_score,derived_score,19544,-0.5094923889253467
medicine,overall_le2024,spearman,SIAVPU,rSI_GCS,derived_score,derived_score,19536,-0.5245983410581974
medicine,overall_le2024,spearman,SIAVPU,rSI_GCSM,derived_score,derived_score,19544,-0.5789312895914831
medicine,overall_le2024,spearman,SIAVPU,qSOFA,derived_score,derived_score,19742,0.018618443404091585
medicine,overall_le2024,spearman,SIAVPU,NEWS2,derived_score,derived_score,3896,-0.053410886619421616
medicine,overall_le2024,spearman,SIAVPU,MEWS,derived_score,derived_score,19739,0.18155418313968266
medicine,overall_le2024,spearman,SIAVPU,REMS,derived_score,derived_score,18067,-0.33633054961616915
medicine,overall_le2024,spearman,SIAVPU,RTS,derived_score,derived_score,19536,0.19988511665764214
medicine,overall_le2024,spearman,sMS,rSI_sMS,derived_score,derived_score,19544,0.5571355060466863
medicine,overall_le2024,spearman,sMS,rSI_GCS,derived_score,derived_score,19536,0.523309780336918
medicine,overall_le2024,spearman,sMS,rSI_GCSM,derived_score,derived_score,19544,0.4612888732377611
medicine,overall_le2024,spearman,sMS,qSOFA,derived_score,derived_score,19544,-0.6011639452728257
medicine,overall_le2024,spearman,sMS,NEWS2,derived_score,derived_score,3777,-0.5520784878454991
medicine,overall_le2024,spearman,sMS,MEWS,derived_score,derived_score,19541,-0.4607321133747339
medicine,overall_le2024,spearman,sMS,REMS,derived_score,derived_score,18067,-0.4380051943393257
medicine,overall_le2024,spearman,sMS,RTS,derived_score,derived_score,19536,0.8586054912601007
medicine,overall_le2024,spearman,rSI_sMS,rSI_GCS,derived_score,derived_score,19536,0.9898087176848357
medicine,overall_le2024,spearman,rSI_sMS,rSI_GCSM,derived_score,derived_score,19544,0.9819673416583832
medicine,overall_le2024,spearman,rSI_sMS,qSOFA,derived_score,derived_score,19544,-0.5970271411378705
medicine,overall_le2024,spearman,rSI_sMS,NEWS2,derived_score,derived_score,3777,-0.69495311002502
medicine,overall_le2024,spearman,rSI_sMS,MEWS,derived_score,derived_score,19541,-0.6418496352683435
medicine,overall_le2024,spearman,rSI_sMS,REMS,derived_score,derived_score,18067,-0.08506514848523983
medicine,overall_le2024,spearman,rSI_sMS,RTS,derived_score,derived_score,19536,0.5982289993054559
medicine,overall_le2024,spearman,rSI_GCS,rSI_GCSM,derived_score,derived_score,19536,0.987270171434581
medicine,overall_le2024,spearman,rSI_GCS,qSOFA,derived_score,derived_score,19536,-0.5928147375033832
medicine,overall_le2024,spearman,rSI_GCS,NEWS2,derived_score,derived_score,3772,-0.6934278621477777
medicine,overall_le2024,spearman,rSI_GCS,MEWS,derived_score,derived_score,19533,-0.6458937443830458
medicine,overall_le2024,spearman,rSI_GCS,REMS,derived_score,derived_score,18067,-0.07838881881992757
medicine,overall_le2024,spearman,rSI_GCS,RTS,derived_score,derived_score,19536,0.5882525857190888
medicine,overall_le2024,spearman,rSI_GCSM,qSOFA,derived_score,derived_score,19544,-0.5545510553776136
medicine,overall_le2024,spearman,rSI_GCSM,NEWS2,derived_score,derived_score,3777,-0.6642599358691005
medicine,overall_le2024,spearman,rSI_GCSM,MEWS,derived_score,derived_score,19541,-0.6268174074521634
medicine,overall_le2024,spearman,rSI_GCSM,REMS,derived_score,derived_score,18067,-0.042941440056557464
medicine,overall_le2024,spearman,rSI_GCSM,RTS,derived_score,derived_score,19536,0.5261874299836469
medicine,overall_le2024,spearman,qSOFA,NEWS2,derived_score,derived_score,3896,0.8307566296492758
medicine,overall_le2024,spearman,qSOFA,MEWS,derived_score,derived_score,19739,0.6762029122815375
medicine,overall_le2024,spearman,qSOFA,REMS,derived_score,derived_score,18067,0.38361305625369285
medicine,overall_le2024,spearman,qSOFA,RTS,derived_score,derived_score,19536,-0.6949961930249304
medicine,overall_le2024,spearman,NEWS2,MEWS,derived_score,derived_score,3896,0.8155200932854542
medicine,overall_le2024,spearman,NEWS2,REMS,derived_score,derived_score,3417,0.587078132407925
medicine,overall_le2024,spearman,NEWS2,RTS,derived_score,derived_score,3772,-0.6304483850062439
medicine,overall_le2024,spearman,MEWS,REMS,derived_score,derived_score,18067,0.4169245636906149
medicine,overall_le2024,spearman,MEWS,RTS,derived_score,derived_score,19533,-0.5435286572521493
medicine,overall_le2024,spearman,REMS,RTS,derived_score,derived_score,18067,-0.4476318140821644
surgery,train_2020_2023,pearson,EMT_年齡,prehosp_sbp,vital,vital,8683,0.3417299274753253
surgery,train_2020_2023,pearson,EMT_年齡,prehosp_dbp,vital,vital,8263,0.12868649857452538
surgery,train_2020_2023,pearson,EMT_年齡,prehosp_hr,vital,vital,8672,-0.09875223281722277
surgery,train_2020_2023,pearson,EMT_年齡,prehosp_rr,vital,vital,8672,-0.009346181607641436
surgery,train_2020_2023,pearson,EMT_年齡,prehosp_spo2,vital,vital,8670,-0.18179986964122652
surgery,train_2020_2023,pearson,EMT_年齡,prehosp_bt,vital,vital,8671,0.04527140383683331
surgery,train_2020_2023,pearson,EMT_年齡,prehosp_gcs,vital,vital,8664,-0.07625616169279346
surgery,train_2020_2023,pearson,EMT_年齡,prehosp_gcs_m,vital,vital,8665,-0.07071859072363
surgery,train_2020_2023,pearson,EMT_年齡,MAP,vital,derived_score,8263,0.28130416490375915
surgery,train_2020_2023,pearson,EMT_年齡,SI,vital,derived_score,8669,-0.2728641674549486
surgery,train_2020_2023,pearson,EMT_年齡,mSI,vital,derived_score,8263,-0.2683311759877804
surgery,train_2020_2023,pearson,EMT_年齡,aSI,vital,derived_score,8669,0.7766900140690907
surgery,train_2020_2023,pearson,EMT_年齡,rSI,vital,derived_score,8669,0.34309263163986925
surgery,train_2020_2023,pearson,EMT_年齡,rSIG,vital,derived_score,8661,0.31799135566414793
surgery,train_2020_2023,pearson,EMT_年齡,rSIG_Age,vital,derived_score,8661,-0.7991973168658965
surgery,train_2020_2023,pearson,EMT_年齡,SI_G,vital,derived_score,8661,-0.15968075787895453
surgery,train_2020_2023,pearson,EMT_年齡,SIA_G,vital,derived_score,8661,0.6321836101532476
surgery,train_2020_2023,pearson,EMT_年齡,SIAVPU,vital,derived_score,8669,-0.2876709119681989
surgery,train_2020_2023,pearson,EMT_年齡,sMS,vital,derived_score,8665,-0.07603365968121509
surgery,train_2020_2023,pearson,EMT_年齡,rSI_sMS,vital,derived_score,8662,0.3153171229663933
surgery,train_2020_2023,pearson,EMT_年齡,rSI_GCS,vital,derived_score,8661,0.31799135566414793
surgery,train_2020_2023,pearson,EMT_年齡,rSI_GCSM,vital,derived_score,8662,0.32128338455874295
surgery,train_2020_2023,pearson,EMT_年齡,qSOFA,vital,derived_score,8669,0.032605529956872756
surgery,train_2020_2023,pearson,EMT_年齡,NEWS2,vital,derived_score,124,0.06719036310195939
surgery,train_2020_2023,pearson,EMT_年齡,MEWS,vital,derived_score,8669,0.03668529731965133
surgery,train_2020_2023,pearson,EMT_年齡,REMS,vital,derived_score,8258,0.8705464490591667
surgery,train_2020_2023,pearson,EMT_年齡,RTS,vital,derived_score,8661,-0.052689799763119556
surgery,train_2020_2023,pearson,prehosp_sbp,prehosp_dbp,vital,vital,8266,0.6018574311688678
surgery,train_2020_2023,pearson,prehosp_sbp,prehosp_hr,vital,vital,8673,0.0790506192624378
surgery,train_2020_2023,pearson,prehosp_sbp,prehosp_rr,vital,vital,8673,0.013251081512722989
surgery,train_2020_2023,pearson,prehosp_sbp,prehosp_spo2,vital,vital,8673,-0.015348638985729036
surgery,train_2020_2023,pearson,prehosp_sbp,prehosp_bt,vital,vital,8673,0.009880061677813112
surgery,train_2020_2023,pearson,prehosp_sbp,prehosp_gcs,vital,vital,8665,-0.0003161765605168288
surgery,train_2020_2023,pearson,prehosp_sbp,prehosp_gcs_m,vital,vital,8666,-0.008652410123887974
surgery,train_2020_2023,pearson,prehosp_sbp,MAP,vital,derived_score,8266,0.8784902688332978
surgery,train_2020_2023,pearson,prehosp_sbp,SI,vital,derived_score,8673,-0.719311434645054
surgery,train_2020_2023,pearson,prehosp_sbp,mSI,vital,derived_score,8266,-0.5628606264947702
surgery,train_2020_2023,pearson,prehosp_sbp,aSI,vital,derived_score,8669,-0.14148346324641667
surgery,train_2020_2023,pearson,prehosp_sbp,rSI,vital,derived_score,8673,0.7286761706049906
surgery,train_2020_2023,pearson,prehosp_sbp,rSIG,vital,derived_score,8665,0.7029058410583308
surgery,train_2020_2023,pearson,prehosp_sbp,rSIG_Age,vital,derived_score,8661,-0.018119098267853042
surgery,train_2020_2023,pearson,prehosp_sbp,SI_G,vital,derived_score,8665,-0.5362913714514468
surgery,train_2020_2023,pearson,prehosp_sbp,SIA_G,vital,derived_score,8661,-0.11985291645623017
surgery,train_2020_2023,pearson,prehosp_sbp,SIAVPU,vital,derived_score,8673,-0.7022928738425323
surgery,train_2020_2023,pearson,prehosp_sbp,sMS,vital,derived_score,8666,0.007127186477062167
surgery,train_2020_2023,pearson,prehosp_sbp,rSI_sMS,vital,derived_score,8666,0.7029946010984629
surgery,train_2020_2023,pearson,prehosp_sbp,rSI_GCS,vital,derived_score,8665,0.7029058410583308
surgery,train_2020_2023,pearson,prehosp_sbp,rSI_GCSM,vital,derived_score,8666,0.7048953933835052
surgery,train_2020_2023,pearson,prehosp_sbp,qSOFA,vital,derived_score,8673,-0.4167448320851721
surgery,train_2020_2023,pearson,prehosp_sbp,NEWS2,vital,derived_score,124,-0.20380954410015234
surgery,train_2020_2023,pearson,prehosp_sbp,MEWS,vital,derived_score,8673,-0.10849906130778177
surgery,train_2020_2023,pearson,prehosp_sbp,REMS,vital,derived_score,8258,0.5362753742596705
surgery,train_2020_2023,pearson,prehosp_sbp,RTS,vital,derived_score,8665,0.23156225762800975
surgery,train_2020_2023,pearson,prehosp_dbp,prehosp_hr,vital,vital,8266,0.19378298652481163
surgery,train_2020_2023,pearson,prehosp_dbp,prehosp_rr,vital,vital,8266,0.007432707365268621
surgery,train_2020_2023,pearson,prehosp_dbp,prehosp_spo2,vital,vital,8266,0.03168468225454441
surgery,train_2020_2023,pearson,prehosp_dbp,prehosp_bt,vital,vital,8266,0.01879613584067688
surgery,train_2020_2023,pearson,prehosp_dbp,prehosp_gcs,vital,vital,8261,-0.006836163485675633
surgery,train_2020_2023,pearson,prehosp_dbp,prehosp_gcs_m,vital,vital,8261,-0.010849969867480456
surgery,train_2020_2023,pearson,prehosp_dbp,MAP,vital,derived_score,8266,0.910266921494984
surgery,train_2020_2023,pearson,prehosp_dbp,SI,vital,derived_score,8266,-0.3109766149733801
surgery,train_2020_2023,pearson,prehosp_dbp,mSI,vital,derived_score,8266,-0.501932059092497
surgery,train_2020_2023,pearson,prehosp_dbp,aSI,vital,derived_score,8263,-0.045822329552231075
surgery,train_2020_2023,pearson,prehosp_dbp,rSI,vital,derived_score,8266,0.3009256440438251
surgery,train_2020_2023,pearson,prehosp_dbp,rSIG,vital,derived_score,8261,0.28734066407562486
surgery,train_2020_2023,pearson,prehosp_dbp,rSIG_Age,vital,derived_score,8258,-0.03622902859247813
surgery,train_2020_2023,pearson,prehosp_dbp,SI_G,vital,derived_score,8261,-0.23888703277902423
surgery,train_2020_2023,pearson,prehosp_dbp,SIA_G,vital,derived_score,8258,-0.04562553657750767
surgery,train_2020_2023,pearson,prehosp_dbp,SIAVPU,vital,derived_score,8266,-0.2984160375090402
surgery,train_2020_2023,pearson,prehosp_dbp,sMS,vital,derived_score,8261,-0.0010210001894515504
surgery,train_2020_2023,pearson,prehosp_dbp,rSI_sMS,vital,derived_score,8261,0.2874865446871082
surgery,train_2020_2023,pearson,prehosp_dbp,rSI_GCS,vital,derived_score,8261,0.28734066407562486
surgery,train_2020_2023,pearson,prehosp_dbp,rSI_GCSM,vital,derived_score,8261,0.28809755958006905
surgery,train_2020_2023,pearson,prehosp_dbp,qSOFA,vital,derived_score,8266,-0.1377055895809509
surgery,train_2020_2023,pearson,prehosp_dbp,NEWS2,vital,derived_score,112,-0.26632483655994826
surgery,train_2020_2023,pearson,prehosp_dbp,MEWS,vital,derived_score,8266,0.1359716359095642
surgery,train_2020_2023,pearson,prehosp_dbp,REMS,vital,derived_score,8258,0.31104582098843053
surgery,train_2020_2023,pearson,prehosp_dbp,RTS,vital,derived_score,8261,0.02793270672134818
surgery,train_2020_2023,pearson,prehosp_hr,prehosp_rr,vital,vital,8676,0.06659999352984838
surgery,train_2020_2023,pearson,prehosp_hr,prehosp_spo2,vital,vital,8674,-0.03950706761241611
surgery,train_2020_2023,pearson,prehosp_hr,prehosp_bt,vital,vital,8675,0.1380429482747541
surgery,train_2020_2023,pearson,prehosp_hr,prehosp_gcs,vital,vital,8668,0.011955320963327607
surgery,train_2020_2023,pearson,prehosp_hr,prehosp_gcs_m,vital,vital,8669,0.021150217904227383
surgery,train_2020_2023,pearson,prehosp_hr,MAP,vital,derived_score,8266,0.1590467286585031
surgery,train_2020_2023,pearson,prehosp_hr,SI,vital,derived_score,8673,0.5732772613490116
surgery,train_2020_2023,pearson,prehosp_hr,mSI,vital,derived_score,8266,0.6716130667603201
surgery,train_2020_2023,pearson,prehosp_hr,aSI,vital,derived_score,8669,0.23997422282957523
surgery,train_2020_2023,pearson,prehosp_hr,rSI,vital,derived_score,8673,-0.5783718340005655
surgery,train_2020_2023,pearson,prehosp_hr,rSIG,vital,derived_score,8665,-0.5603890636223022
surgery,train_2020_2023,pearson,prehosp_hr,rSIG_Age,vital,derived_score,8661,-0.19048841360648106
surgery,train_2020_2023,pearson,prehosp_hr,SI_G,vital,derived_score,8665,0.40936170307044456
surgery,train_2020_2023,pearson,prehosp_hr,SIA_G,vital,derived_score,8661,0.17677941994056331
surgery,train_2020_2023,pearson,prehosp_hr,SIAVPU,vital,derived_score,8673,0.5650223324706336
surgery,train_2020_2023,pearson,prehosp_hr,sMS,vital,derived_score,8669,0.011768516468938558
surgery,train_2020_2023,pearson,prehosp_hr,rSI_sMS,vital,derived_score,8666,-0.5578771786643035
surgery,train_2020_2023,pearson,prehosp_hr,rSI_GCS,vital,derived_score,8665,-0.5603890636223021
surgery,train_2020_2023,pearson,prehosp_hr,rSI_GCSM,vital,derived_score,8666,-0.5618396989801899
surgery,train_2020_2023,pearson,prehosp_hr,qSOFA,vital,derived_score,8673,0.0076352026108179386
surgery,train_2020_2023,pearson,prehosp_hr,NEWS2,vital,derived_score,124,0.4662748617507745
surgery,train_2020_2023,pearson,prehosp_hr,MEWS,vital,derived_score,8673,0.5275790893532937
surgery,train_2020_2023,pearson,prehosp_hr,REMS,vital,derived_score,8258,-0.002528117714624115
surgery,train_2020_2023,pearson,prehosp_hr,RTS,vital,derived_score,8665,0.019007136670859116
surgery,train_2020_2023,pearson,prehosp_rr,prehosp_spo2,vital,vital,8674,-0.023375825527256342
surgery,train_2020_2023,pearson,prehosp_rr,prehosp_bt,vital,vital,8675,0.01148800888549928
surgery,train_2020_2023,pearson,prehosp_rr,prehosp_gcs,vital,vital,8668,0.011839522802592258
surgery,train_2020_2023,pearson,prehosp_rr,prehosp_gcs_m,vital,vital,8669,0.02879186236719607
surgery,train_2020_2023,pearson,prehosp_rr,MAP,vital,derived_score,8266,0.006431035337734014
surgery,train_2020_2023,pearson,prehosp_rr,SI,vital,derived_score,8673,0.031028903560979884
surgery,train_2020_2023,pearson,prehosp_rr,mSI,vital,derived_score,8266,0.046858405479324704
surgery,train_2020_2023,pearson,prehosp_rr,aSI,vital,derived_score,8669,0.007026822768098737
surgery,train_2020_2023,pearson,prehosp_rr,rSI,vital,derived_score,8673,-0.013987483964436963
surgery,train_2020_2023,pearson,prehosp_rr,rSIG,vital,derived_score,8665,-0.018746864282948795
surgery,train_2020_2023,pearson,prehosp_rr,rSIG_Age,vital,derived_score,8661,-0.00022983918529802103
surgery,train_2020_2023,pearson,prehosp_rr,SI_G,vital,derived_score,8665,0.020643213862383974
surgery,train_2020_2023,pearson,prehosp_rr,SIA_G,vital,derived_score,8661,-0.0037979058886122917
surgery,train_2020_2023,pearson,prehosp_rr,SIAVPU,vital,derived_score,8673,0.023847868679798354
surgery,train_2020_2023,pearson,prehosp_rr,sMS,vital,derived_score,8669,-0.0028245528879469895
surgery,train_2020_2023,pearson,prehosp_rr,rSI_sMS,vital,derived_score,8666,-0.020358911072771314
surgery,train_2020_2023,pearson,prehosp_rr,rSI_GCS,vital,derived_score,8665,-0.018746864282948802
surgery,train_2020_2023,pearson,prehosp_rr,rSI_GCSM,vital,derived_score,8666,-0.01435480573429509
surgery,train_2020_2023,pearson,prehosp_rr,qSOFA,vital,derived_score,8673,0.25024839772003604
surgery,train_2020_2023,pearson,prehosp_rr,NEWS2,vital,derived_score,124,0.2884569619584222
surgery,train_2020_2023,pearson,prehosp_rr,MEWS,vital,derived_score,8673,0.1689383257767205
surgery,train_2020_2023,pearson,prehosp_rr,REMS,vital,derived_score,8258,0.0013960867842739884
surgery,train_2020_2023,pearson,prehosp_rr,RTS,vital,derived_score,8665,0.002737479416432288
surgery,train_2020_2023,pearson,prehosp_spo2,prehosp_bt,vital,vital,8674,-0.05809106839761475
surgery,train_2020_2023,pearson,prehosp_spo2,prehosp_gcs,vital,vital,8666,0.10989490933854096
surgery,train_2020_2023,pearson,prehosp_spo2,prehosp_gcs_m,vital,vital,8667,0.10172241920868078
surgery,train_2020_2023,pearson,prehosp_spo2,MAP,vital,derived_score,8266,0.003496947694449094
surgery,train_2020_2023,pearson,prehosp_spo2,SI,vital,derived_score,8673,-0.03190570526520261
surgery,train_2020_2023,pearson,prehosp_spo2,mSI,vital,derived_score,8266,-0.04497685196973495
surgery,train_2020_2023,pearson,prehosp_spo2,aSI,vital,derived_score,8669,-0.20104081853710404
surgery,train_2020_2023,pearson,prehosp_spo2,rSI,vital,derived_score,8673,0.006080101469806051
surgery,train_2020_2023,pearson,prehosp_spo2,rSIG,vital,derived_score,8665,0.030088438076052104
surgery,train_2020_2023,pearson,prehosp_spo2,rSIG_Age,vital,derived_score,8661,0.1567335764599894
surgery,train_2020_2023,pearson,prehosp_spo2,SI_G,vital,derived_score,8665,-0.09513171474521502
surgery,train_2020_2023,pearson,prehosp_spo2,SIA_G,vital,derived_score,8661,-0.21441054535440718
surgery,train_2020_2023,pearson,prehosp_spo2,SIAVPU,vital,derived_score,8673,0.005758414401945131
surgery,train_2020_2023,pearson,prehosp_spo2,sMS,vital,derived_score,8667,0.10608090999266542
surgery,train_2020_2023,pearson,prehosp_spo2,rSI_sMS,vital,derived_score,8666,0.03116588098199298
surgery,train_2020_2023,pearson,prehosp_spo2,rSI_GCS,vital,derived_score,8665,0.0300884380760521
surgery,train_2020_2023,pearson,prehosp_spo2,rSI_GCSM,vital,derived_score,8666,0.026041436006731408
surgery,train_2020_2023,pearson,prehosp_spo2,qSOFA,vital,derived_score,8673,-0.10852041708640595
surgery,train_2020_2023,pearson,prehosp_spo2,NEWS2,vital,derived_score,124,-0.5878096313200084
surgery,train_2020_2023,pearson,prehosp_spo2,MEWS,vital,derived_score,8673,-0.11348195762014761
surgery,train_2020_2023,pearson,prehosp_spo2,REMS,vital,derived_score,8258,-0.18598337362536552
surgery,train_2020_2023,pearson,prehosp_spo2,RTS,vital,derived_score,8665,0.10184442122249719
surgery,train_2020_2023,pearson,prehosp_bt,prehosp_gcs,vital,vital,8667,-0.002568689053063541
surgery,train_2020_2023,pearson,prehosp_bt,prehosp_gcs_m,vital,vital,8668,0.004602766676181667
surgery,train_2020_2023,pearson,prehosp_bt,MAP,vital,derived_score,8266,0.02425840370280922
surgery,train_2020_2023,pearson,prehosp_bt,SI,vital,derived_score,8673,0.08110389385400928
surgery,train_2020_2023,pearson,prehosp_bt,mSI,vital,derived_score,8266,0.09022102000950775
surgery,train_2020_2023,pearson,prehosp_bt,aSI,vital,derived_score,8669,0.09619114230994322
surgery,train_2020_2023,pearson,prehosp_bt,rSI,vital,derived_score,8673,-0.07820375424443228
surgery,train_2020_2023,pearson,prehosp_bt,rSIG,vital,derived_score,8665,-0.07632167406537463
surgery,train_2020_2023,pearson,prehosp_bt,rSIG_Age,vital,derived_score,8661,-0.06937013087470695
surgery,train_2020_2023,pearson,prehosp_bt,SI_G,vital,derived_score,8665,0.053783191650558254
surgery,train_2020_2023,pearson,prehosp_bt,SIA_G,vital,derived_score,8661,0.07023244198881495
surgery,train_2020_2023,pearson,prehosp_bt,SIAVPU,vital,derived_score,8673,0.08007266742655562
surgery,train_2020_2023,pearson,prehosp_bt,sMS,vital,derived_score,8668,-0.0064722442671113255
surgery,train_2020_2023,pearson,prehosp_bt,rSI_sMS,vital,derived_score,8666,-0.0774226300314192
surgery,train_2020_2023,pearson,prehosp_bt,rSI_GCS,vital,derived_score,8665,-0.07632167406537463
surgery,train_2020_2023,pearson,prehosp_bt,rSI_GCSM,vital,derived_score,8666,-0.07543354610568817
surgery,train_2020_2023,pearson,prehosp_bt,qSOFA,vital,derived_score,8673,0.019735690108191307
surgery,train_2020_2023,pearson,prehosp_bt,NEWS2,vital,derived_score,124,0.09441392703296646
surgery,train_2020_2023,pearson,prehosp_bt,MEWS,vital,derived_score,8673,0.05667791937667813
surgery,train_2020_2023,pearson,prehosp_bt,REMS,vital,derived_score,8258,0.04833102235519171
surgery,train_2020_2023,pearson,prehosp_bt,RTS,vital,derived_score,8665,-0.008003657844272942
surgery,train_2020_2023,pearson,prehosp_gcs,prehosp_gcs_m,vital,vital,8668,0.9574364791416609
surgery,train_2020_2023,pearson,prehosp_gcs,MAP,vital,derived_score,8261,-0.017313031989069857
surgery,train_2020_2023,pearson,prehosp_gcs,SI,vital,derived_score,8665,-0.025423311366627475
surgery,train_2020_2023,pearson,prehosp_gcs,mSI,vital,derived_score,8261,-0.00863371249763193
surgery,train_2020_2023,pearson,prehosp_gcs,aSI,vital,derived_score,8661,-0.09088487794521279
surgery,train_2020_2023,pearson,prehosp_gcs,rSI,vital,derived_score,8665,-0.008852983847506825
surgery,train_2020_2023,pearson,prehosp_gcs,rSIG,vital,derived_score,8665,0.2376586697114809
surgery,train_2020_2023,pearson,prehosp_gcs,rSIG_Age,vital,derived_score,8661,0.1496904637506768
surgery,train_2020_2023,pearson,prehosp_gcs,SI_G,vital,derived_score,8665,-0.5832792658558396
surgery,train_2020_2023,pearson,prehosp_gcs,SIA_G,vital,derived_score,8661,-0.5263981815548351
surgery,train_2020_2023,pearson,prehosp_gcs,SIAVPU,vital,derived_score,8665,0.1679736541890769
surgery,train_2020_2023,pearson,prehosp_gcs,sMS,vital,derived_score,8668,0.946918885065197
surgery,train_2020_2023,pearson,prehosp_gcs,rSI_sMS,vital,derived_score,8665,0.23652236910119398
surgery,train_2020_2023,pearson,prehosp_gcs,rSI_GCS,vital,derived_score,8665,0.2376586697114809
surgery,train_2020_2023,pearson,prehosp_gcs,rSI_GCSM,vital,derived_score,8665,0.2137738921545099
surgery,train_2020_2023,pearson,prehosp_gcs,qSOFA,vital,derived_score,8665,-0.4062350375803752
surgery,train_2020_2023,pearson,prehosp_gcs,NEWS2,vital,derived_score,123,-0.3774056223775231
surgery,train_2020_2023,pearson,prehosp_gcs,MEWS,vital,derived_score,8665,-0.28735679168309575
surgery,train_2020_2023,pearson,prehosp_gcs,REMS,vital,derived_score,8258,-0.1760637449952861
surgery,train_2020_2023,pearson,prehosp_gcs,RTS,vital,derived_score,8665,0.8359074622707219
surgery,train_2020_2023,pearson,prehosp_gcs_m,MAP,vital,derived_score,8261,-0.024215434984396718
surgery,train_2020_2023,pearson,prehosp_gcs_m,SI,vital,derived_score,8666,-0.011056581075030679
surgery,train_2020_2023,pearson,prehosp_gcs_m,mSI,vital,derived_score,8261,0.002821343955464651
surgery,train_2020_2023,pearson,prehosp_gcs_m,aSI,vital,derived_score,8662,-0.07475727269955394
surgery,train_2020_2023,pearson,prehosp_gcs_m,rSI,vital,derived_score,8666,-0.018988717572729196
surgery,train_2020_2023,pearson,prehosp_gcs_m,rSIG,vital,derived_score,8665,0.2226067851847749
surgery,train_2020_2023,pearson,prehosp_gcs_m,rSIG_Age,vital,derived_score,8661,0.13739091433449807
surgery,train_2020_2023,pearson,prehosp_gcs_m,SI_G,vital,derived_score,8665,-0.5876403046292071
surgery,train_2020_2023,pearson,prehosp_gcs_m,SIA_G,vital,derived_score,8661,-0.5289046050394595
surgery,train_2020_2023,pearson,prehosp_gcs_m,SIAVPU,vital,derived_score,8666,0.16628277182681422
surgery,train_2020_2023,pearson,prehosp_gcs_m,sMS,vital,derived_score,8669,0.9131211601017458
surgery,train_2020_2023,pearson,prehosp_gcs_m,rSI_sMS,vital,derived_score,8666,0.22288981684920972
surgery,train_2020_2023,pearson,prehosp_gcs_m,rSI_GCS,vital,derived_score,8665,0.2226067851847749
surgery,train_2020_2023,pearson,prehosp_gcs_m,rSI_GCSM,vital,derived_score,8666,0.21761447249145627
surgery,train_2020_2023,pearson,prehosp_gcs_m,qSOFA,vital,derived_score,8666,-0.35253699817736966
surgery,train_2020_2023,pearson,prehosp_gcs_m,NEWS2,vital,derived_score,123,-0.3167356160073109
surgery,train_2020_2023,pearson,prehosp_gcs_m,MEWS,vital,derived_score,8666,-0.2627149992769324
surgery,train_2020_2023,pearson,prehosp_gcs_m,REMS,vital,derived_score,8258,-0.16967064020895392
surgery,train_2020_2023,pearson,prehosp_gcs_m,RTS,vital,derived_score,8665,0.8254574028460013
surgery,train_2020_2023,pearson,MAP,SI,derived_score,derived_score,8266,-0.5278226491883301
surgery,train_2020_2023,pearson,MAP,mSI,derived_score,derived_score,8266,-0.5920832746857133
surgery,train_2020_2023,pearson,MAP,aSI,derived_score,derived_score,8263,-0.026892116446677758
surgery,train_2020_2023,pearson,MAP,rSI,derived_score,derived_score,8266,0.5349106648673422
surgery,train_2020_2023,pearson,MAP,rSIG,derived_score,derived_score,8261,0.5117247371071068
surgery,train_2020_2023,pearson,MAP,rSIG_Age,derived_score,derived_score,8258,-0.08042586345312794
surgery,train_2020_2023,pearson,MAP,SI_G,derived_score,derived_score,8261,-0.39432446280335653
surgery,train_2020_2023,pearson,MAP,SIA_G,derived_score,derived_score,8258,-0.026027610578643213
surgery,train_2020_2023,pearson,MAP,SIAVPU,derived_score,derived_score,8266,-0.5119365756179381
surgery,train_2020_2023,pearson,MAP,sMS,derived_score,derived_score,8261,-0.007169266007979338
surgery,train_2020_2023,pearson,MAP,rSI_sMS,derived_score,derived_score,8261,0.5119092512834497
surgery,train_2020_2023,pearson,MAP,rSI_GCS,derived_score,derived_score,8261,0.5117247371071068
surgery,train_2020_2023,pearson,MAP,rSI_GCSM,derived_score,derived_score,8261,0.5131991837388672
surgery,train_2020_2023,pearson,MAP,qSOFA,derived_score,derived_score,8266,-0.17010771938082675
surgery,train_2020_2023,pearson,MAP,NEWS2,derived_score,derived_score,112,-0.2762282030919763
surgery,train_2020_2023,pearson,MAP,MEWS,derived_score,derived_score,8266,0.1446102414923529
surgery,train_2020_2023,pearson,MAP,REMS,derived_score,derived_score,8258,0.46409731948323835
surgery,train_2020_2023,pearson,MAP,RTS,derived_score,derived_score,8261,0.02381549887447961
surgery,train_2020_2023,pearson,SI,mSI,derived_score,derived_score,8266,0.936945902878544
surgery,train_2020_2023,pearson,SI,aSI,derived_score,derived_score,8669,0.3470290027788284
surgery,train_2020_2023,pearson,SI,rSI,derived_score,derived_score,8673,-0.9101164728862033
surgery,train_2020_2023,pearson,SI,rSIG,derived_score,derived_score,8665,-0.886401874005039
surgery,train_2020_2023,pearson,SI,rSIG_Age,derived_score,derived_score,8661,-0.16411270144238999
surgery,train_2020_2023,pearson,SI,SI_G,derived_score,derived_score,8665,0.7546868409415376
surgery,train_2020_2023,pearson,SI,SIA_G,derived_score,derived_score,8661,0.2880540860022192
surgery,train_2020_2023,pearson,SI,SIAVPU,derived_score,derived_score,8673,0.9711363281059052
surgery,train_2020_2023,pearson,SI,sMS,derived_score,derived_score,8666,-0.02495170932053062
surgery,train_2020_2023,pearson,SI,rSI_sMS,derived_score,derived_score,8666,-0.8839752911418972
surgery,train_2020_2023,pearson,SI,rSI_GCS,derived_score,derived_score,8665,-0.886401874005039
surgery,train_2020_2023,pearson,SI,rSI_GCSM,derived_score,derived_score,8666,-0.8882068548823572
surgery,train_2020_2023,pearson,SI,qSOFA,derived_score,derived_score,8673,0.4756232802332339
surgery,train_2020_2023,pearson,SI,NEWS2,derived_score,derived_score,124,0.5127812609898286
surgery,train_2020_2023,pearson,SI,MEWS,derived_score,derived_score,8673,0.5440560050865474
surgery,train_2020_2023,pearson,SI,REMS,derived_score,derived_score,8258,-0.3480396339446174
surgery,train_2020_2023,pearson,SI,RTS,derived_score,derived_score,8665,-0.28485556474298673
surgery,train_2020_2023,pearson,mSI,aSI,derived_score,derived_score,8263,0.24453486961244783
surgery,train_2020_2023,pearson,mSI,rSI,derived_score,derived_score,8266,-0.8629473251975317
surgery,train_2020_2023,pearson,mSI,rSIG,derived_score,derived_score,8261,-0.8368370314944701
surgery,train_2020_2023,pearson,mSI,rSIG_Age,derived_score,derived_score,8258,-0.11310312749697235
surgery,train_2020_2023,pearson,mSI,SI_G,derived_score,derived_score,8261,0.7147917640680383
surgery,train_2020_2023,pearson,mSI,SIA_G,derived_score,derived_score,8258,0.20658799819221843
surgery,train_2020_2023,pearson,mSI,SIAVPU,derived_score,derived_score,8266,0.9062133243097926
surgery,train_2020_2023,pearson,mSI,sMS,derived_score,derived_score,8261,-0.015429071309654933
surgery,train_2020_2023,pearson,mSI,rSI_sMS,derived_score,derived_score,8261,-0.8344807554243856
surgery,train_2020_2023,pearson,mSI,rSI_GCS,derived_score,derived_score,8261,-0.8368370314944701
surgery,train_2020_2023,pearson,mSI,rSI_GCSM,derived_score,derived_score,8261,-0.8390474463935792
surgery,train_2020_2023,pearson,mSI,qSOFA,derived_score,derived_score,8266,0.20766264565026882
surgery,train_2020_2023,pearson,mSI,NEWS2,derived_score,derived_score,112,0.5371587132134625
surgery,train_2020_2023,pearson,mSI,MEWS,derived_score,derived_score,8266,0.4094260427510528
surgery,train_2020_2023,pearson,mSI,REMS,derived_score,derived_score,8258,-0.2979562192809913
surgery,train_2020_2023,pearson,mSI,RTS,derived_score,derived_score,8261,-0.05823745114584666
surgery,train_2020_2023,pearson,aSI,rSI,derived_score,derived_score,8669,-0.2529167279483327
surgery,train_2020_2023,pearson,aSI,rSIG,derived_score,derived_score,8661,-0.25873491838578644
surgery,train_2020_2023,pearson,aSI,rSIG_Age,derived_score,derived_score,8661,-0.8367566880496475
surgery,train_2020_2023,pearson,aSI,SI_G,derived_score,derived_score,8661,0.3107740557810328
surgery,train_2020_2023,pearson,aSI,SIA_G,derived_score,derived_score,8661,0.8255451043430806
surgery,train_2020_2023,pearson,aSI,SIAVPU,derived_score,derived_score,8669,0.31206278025099143
surgery,train_2020_2023,pearson,aSI,sMS,derived_score,derived_score,8662,-0.08951005512379763
surgery,train_2020_2023,pearson,aSI,rSI_sMS,derived_score,derived_score,8662,-0.2600364618891054
surgery,train_2020_2023,pearson,aSI,rSI_GCS,derived_score,derived_score,8661,-0.25873491838578644
surgery,train_2020_2023,pearson,aSI,rSI_GCSM,derived_score,derived_score,8662,-0.25698335939403644
surgery,train_2020_2023,pearson,aSI,qSOFA,derived_score,derived_score,8669,0.3189883899733873
surgery,train_2020_2023,pearson,aSI,NEWS2,derived_score,derived_score,124,0.4437908631823182
surgery,train_2020_2023,pearson,aSI,MEWS,derived_score,derived_score,8669,0.34526893026578925
surgery,train_2020_2023,pearson,aSI,REMS,derived_score,derived_score,8258,0.666395504768021
surgery,train_2020_2023,pearson,aSI,RTS,derived_score,derived_score,8661,-0.22218299364884386
surgery,train_2020_2023,pearson,rSI,rSIG,derived_score,derived_score,8665,0.9648141390229851
surgery,train_2020_2023,pearson,rSI,rSIG_Age,derived_score,derived_score,8661,0.11793724452035738
surgery,train_2020_2023,pearson,rSI,SI_G,derived_score,derived_score,8665,-0.6684758711240301
surgery,train_2020_2023,pearson,rSI,SIA_G,derived_score,derived_score,8661,-0.20041460771939018
surgery,train_2020_2023,pearson,rSI,SIAVPU,derived_score,derived_score,8673,-0.8932123222003371
surgery,train_2020_2023,pearson,rSI,sMS,derived_score,derived_score,8666,-0.003583199486906148
surgery,train_2020_2023,pearson,rSI,rSI_sMS,derived_score,derived_score,8666,0.9630728155980005
surgery,train_2020_2023,pearson,rSI,rSI_GCS,derived_score,derived_score,8665,0.9648141390229852
surgery,train_2020_2023,pearson,rSI,rSI_GCSM,derived_score,derived_score,8666,0.9677051387140434
surgery,train_2020_2023,pearson,rSI,qSOFA,derived_score,derived_score,8673,-0.31689839002768094
surgery,train_2020_2023,pearson,rSI,NEWS2,derived_score,derived_score,124,-0.3786416453860637
surgery,train_2020_2023,pearson,rSI,MEWS,derived_score,derived_score,8673,-0.35969767412729575
surgery,train_2020_2023,pearson,rSI,REMS,derived_score,derived_score,8258,0.44628534167903244
surgery,train_2020_2023,pearson,rSI,RTS,derived_score,derived_score,8665,0.16382130656960803
surgery,train_2020_2023,pearson,rSIG,rSIG_Age,derived_score,derived_score,8661,0.15093050459626742
surgery,train_2020_2023,pearson,rSIG,SI_G,derived_score,derived_score,8665,-0.7749430931216215
surgery,train_2020_2023,pearson,rSIG,SIA_G,derived_score,derived_score,8661,-0.3083804702385626
surgery,train_2020_2023,pearson,rSIG,SIAVPU,derived_score,derived_score,8665,-0.8284279178803539
surgery,train_2020_2023,pearson,rSIG,sMS,derived_score,derived_score,8665,0.225534928874139
surgery,train_2020_2023,pearson,rSIG,rSI_sMS,derived_score,derived_score,8665,0.996384548384904
surgery,train_2020_2023,pearson,rSIG,rSI_GCS,derived_score,derived_score,8665,1.0
surgery,train_2020_2023,pearson,rSIG,rSI_GCSM,derived_score,derived_score,8665,0.997579887905467
surgery,train_2020_2023,pearson,rSIG,qSOFA,derived_score,derived_score,8665,-0.3999123612878964
surgery,train_2020_2023,pearson,rSIG,NEWS2,derived_score,derived_score,123,-0.5775128694866559
surgery,train_2020_2023,pearson,rSIG,MEWS,derived_score,derived_score,8665,-0.41705986245099363
surgery,train_2020_2023,pearson,rSIG,REMS,derived_score,derived_score,8258,0.3900641685706446
surgery,train_2020_2023,pearson,rSIG,RTS,derived_score,derived_score,8665,0.36340856731445814
surgery,train_2020_2023,pearson,rSIG_Age,SI_G,derived_score,derived_score,8661,-0.19815803021237902
surgery,train_2020_2023,pearson,rSIG_Age,SIA_G,derived_score,derived_score,8661,-0.7012776342489684
surgery,train_2020_2023,pearson,rSIG_Age,SIAVPU,derived_score,derived_score,8661,-0.12997185070920375
surgery,train_2020_2023,pearson,rSIG_Age,sMS,derived_score,derived_score,8661,0.1462456776027161
surgery,train_2020_2023,pearson,rSIG_Age,rSI_sMS,derived_score,derived_score,8661,0.15164937952632984
surgery,train_2020_2023,pearson,rSIG_Age,rSI_GCS,derived_score,derived_score,8661,0.15093050459626742
surgery,train_2020_2023,pearson,rSIG_Age,rSI_GCSM,derived_score,derived_score,8661,0.14684631541626816
surgery,train_2020_2023,pearson,rSIG_Age,qSOFA,derived_score,derived_score,8661,-0.2115875186709999
surgery,train_2020_2023,pearson,rSIG_Age,NEWS2,derived_score,derived_score,123,-0.3869809287014797
surgery,train_2020_2023,pearson,rSIG_Age,MEWS,derived_score,derived_score,8661,-0.23879294260281583
surgery,train_2020_2023,pearson,rSIG_Age,REMS,derived_score,derived_score,8258,-0.6361388746825806
surgery,train_2020_2023,pearson,rSIG_Age,RTS,derived_score,derived_score,8661,0.19808375560598354
surgery,train_2020_2023,pearson,SI_G,SIA_G,derived_score,derived_score,8661,0.6135155629317928
surgery,train_2020_2023,pearson,SI_G,SIAVPU,derived_score,derived_score,8665,0.607805695678241
surgery,train_2020_2023,pearson,SI_G,sMS,derived_score,derived_score,8665,-0.512689612208106
surgery,train_2020_2023,pearson,SI_G,rSI_sMS,derived_score,derived_score,8665,-0.7641760013256841
surgery,train_2020_2023,pearson,SI_G,rSI_GCS,derived_score,derived_score,8665,-0.7749430931216216
surgery,train_2020_2023,pearson,SI_G,rSI_GCSM,derived_score,derived_score,8665,-0.7713393058294672
surgery,train_2020_2023,pearson,SI_G,qSOFA,derived_score,derived_score,8665,0.5562273839512111
surgery,train_2020_2023,pearson,SI_G,NEWS2,derived_score,derived_score,123,0.48218830320394745
surgery,train_2020_2023,pearson,SI_G,MEWS,derived_score,derived_score,8665,0.5597315417531296
surgery,train_2020_2023,pearson,SI_G,REMS,derived_score,derived_score,8258,-0.15885356689436836
surgery,train_2020_2023,pearson,SI_G,RTS,derived_score,derived_score,8665,-0.7265551133028926
surgery,train_2020_2023,pearson,SIA_G,SIAVPU,derived_score,derived_score,8661,0.15800427604872538
surgery,train_2020_2023,pearson,SIA_G,sMS,derived_score,derived_score,8661,-0.46511069868730137
surgery,train_2020_2023,pearson,SIA_G,rSI_sMS,derived_score,derived_score,8661,-0.3010087457031405
surgery,train_2020_2023,pearson,SIA_G,rSI_GCS,derived_score,derived_score,8661,-0.3083804702385626
surgery,train_2020_2023,pearson,SIA_G,rSI_GCSM,derived_score,derived_score,8661,-0.30306273597435435
surgery,train_2020_2023,pearson,SIA_G,qSOFA,derived_score,derived_score,8661,0.41284970776919033
surgery,train_2020_2023,pearson,SIA_G,NEWS2,derived_score,derived_score,123,0.40874114947196993
surgery,train_2020_2023,pearson,SIA_G,MEWS,derived_score,derived_score,8661,0.399804189850398
surgery,train_2020_2023,pearson,SIA_G,REMS,derived_score,derived_score,8258,0.6006604236119476
surgery,train_2020_2023,pearson,SIA_G,RTS,derived_score,derived_score,8661,-0.597100787008166
surgery,train_2020_2023,pearson,SIAVPU,sMS,derived_score,derived_score,8666,0.15942318857924065
surgery,train_2020_2023,pearson,SIAVPU,rSI_sMS,derived_score,derived_score,8666,-0.8253011282383929
surgery,train_2020_2023,pearson,SIAVPU,rSI_GCS,derived_score,derived_score,8665,-0.828427917880354
surgery,train_2020_2023,pearson,SIAVPU,rSI_GCSM,derived_score,derived_score,8666,-0.8359752584761502
surgery,train_2020_2023,pearson,SIAVPU,qSOFA,derived_score,derived_score,8673,0.3689939692553018
surgery,train_2020_2023,pearson,SIAVPU,NEWS2,derived_score,derived_score,124,0.12057655066674199
surgery,train_2020_2023,pearson,SIAVPU,MEWS,derived_score,derived_score,8673,0.46324367442114417
surgery,train_2020_2023,pearson,SIAVPU,REMS,derived_score,derived_score,8258,-0.3820921785492268
surgery,train_2020_2023,pearson,SIAVPU,RTS,derived_score,derived_score,8665,-0.11489762846970575
surgery,train_2020_2023,pearson,sMS,rSI_sMS,derived_score,derived_score,8666,0.250491735853794
surgery,train_2020_2023,pearson,sMS,rSI_GCS,derived_score,derived_score,8665,0.225534928874139
surgery,train_2020_2023,pearson,sMS,rSI_GCSM,derived_score,derived_score,8666,0.2045038263576876
surgery,train_2020_2023,pearson,sMS,qSOFA,derived_score,derived_score,8666,-0.40520125054321876
surgery,train_2020_2023,pearson,sMS,NEWS2,derived_score,derived_score,123,-0.387829772301191
surgery,train_2020_2023,pearson,sMS,MEWS,derived_score,derived_score,8666,-0.27093043996157856
surgery,train_2020_2023,pearson,sMS,REMS,derived_score,derived_score,8258,-0.16916958218045544
surgery,train_2020_2023,pearson,sMS,RTS,derived_score,derived_score,8665,0.7700127030118399
surgery,train_2020_2023,pearson,rSI_sMS,rSI_GCS,derived_score,derived_score,8665,0.996384548384904
surgery,train_2020_2023,pearson,rSI_sMS,rSI_GCSM,derived_score,derived_score,8666,0.994355785018806
surgery,train_2020_2023,pearson,rSI_sMS,qSOFA,derived_score,derived_score,8666,-0.40492322019439597
surgery,train_2020_2023,pearson,rSI_sMS,NEWS2,derived_score,derived_score,123,-0.5850774294025277
surgery,train_2020_2023,pearson,rSI_sMS,MEWS,derived_score,derived_score,8666,-0.41596693482909863
surgery,train_2020_2023,pearson,rSI_sMS,REMS,derived_score,derived_score,8258,0.3872643509479363
surgery,train_2020_2023,pearson,rSI_sMS,RTS,derived_score,derived_score,8665,0.3562113094490498
surgery,train_2020_2023,pearson,rSI_GCS,rSI_GCSM,derived_score,derived_score,8665,0.9975798879054667
surgery,train_2020_2023,pearson,rSI_GCS,qSOFA,derived_score,derived_score,8665,-0.3999123612878964
surgery,train_2020_2023,pearson,rSI_GCS,NEWS2,derived_score,derived_score,123,-0.5775128694866558
surgery,train_2020_2023,pearson,rSI_GCS,MEWS,derived_score,derived_score,8665,-0.41705986245099363
surgery,train_2020_2023,pearson,rSI_GCS,REMS,derived_score,derived_score,8258,0.3900641685706446
surgery,train_2020_2023,pearson,rSI_GCS,RTS,derived_score,derived_score,8665,0.36340856731445814
surgery,train_2020_2023,pearson,rSI_GCSM,qSOFA,derived_score,derived_score,8666,-0.38516206287707244
surgery,train_2020_2023,pearson,rSI_GCSM,NEWS2,derived_score,derived_score,123,-0.5339683391375729
surgery,train_2020_2023,pearson,rSI_GCSM,MEWS,derived_score,derived_score,8666,-0.4101314734821579
surgery,train_2020_2023,pearson,rSI_GCSM,REMS,derived_score,derived_score,8258,0.3961198300775657
surgery,train_2020_2023,pearson,rSI_GCSM,RTS,derived_score,derived_score,8665,0.3501068332838162
surgery,train_2020_2023,pearson,qSOFA,NEWS2,derived_score,derived_score,124,0.7461880993450446
surgery,train_2020_2023,pearson,qSOFA,MEWS,derived_score,derived_score,8673,0.5629683585313393
surgery,train_2020_2023,pearson,qSOFA,REMS,derived_score,derived_score,8258,0.1210657750811816
surgery,train_2020_2023,pearson,qSOFA,RTS,derived_score,derived_score,8665,-0.6311355816191558
surgery,train_2020_2023,pearson,NEWS2,MEWS,derived_score,derived_score,124,0.7736945017996502
surgery,train_2020_2023,pearson,NEWS2,REMS,derived_score,derived_score,112,0.42056565376363764
surgery,train_2020_2023,pearson,NEWS2,RTS,derived_score,derived_score,123,-0.35352296099213304
surgery,train_2020_2023,pearson,MEWS,REMS,derived_score,derived_score,8258,0.25827272348459573
surgery,train_2020_2023,pearson,MEWS,RTS,derived_score,derived_score,8665,-0.4632085068824248
surgery,train_2020_2023,pearson,REMS,RTS,derived_score,derived_score,8258,-0.1750508354988312
surgery,train_2020_2023,spearman,EMT_年齡,prehosp_sbp,vital,vital,8683,0.3640041598233007
surgery,train_2020_2023,spearman,EMT_年齡,prehosp_dbp,vital,vital,8263,0.13772079264085904
surgery,train_2020_2023,spearman,EMT_年齡,prehosp_hr,vital,vital,8672,-0.09472156844085233
surgery,train_2020_2023,spearman,EMT_年齡,prehosp_rr,vital,vital,8672,-0.014788564834194544
surgery,train_2020_2023,spearman,EMT_年齡,prehosp_spo2,vital,vital,8670,-0.17007481364609287
surgery,train_2020_2023,spearman,EMT_年齡,prehosp_bt,vital,vital,8671,0.030781210980146283
surgery,train_2020_2023,spearman,EMT_年齡,prehosp_gcs,vital,vital,8664,-0.0704234411339466
surgery,train_2020_2023,spearman,EMT_年齡,prehosp_gcs_m,vital,vital,8665,-0.07267688531252255
surgery,train_2020_2023,spearman,EMT_年齡,MAP,vital,derived_score,8263,0.30273696941108297
surgery,train_2020_2023,spearman,EMT_年齡,SI,vital,derived_score,8669,-0.3467633552205671
surgery,train_2020_2023,spearman,EMT_年齡,mSI,vital,derived_score,8263,-0.3062378378296555
surgery,train_2020_2023,spearman,EMT_年齡,aSI,vital,derived_score,8669,0.8547149010988331
surgery,train_2020_2023,spearman,EMT_年齡,rSI,vital,derived_score,8669,0.3467633552205671
surgery,train_2020_2023,spearman,EMT_年齡,rSIG,vital,derived_score,8661,0.33061005044030894
surgery,train_2020_2023,spearman,EMT_年齡,rSIG_Age,vital,derived_score,8661,-0.851661948574896
surgery,train_2020_2023,spearman,EMT_年齡,SI_G,vital,derived_score,8661,-0.33061089738004307
surgery,train_2020_2023,spearman,EMT_年齡,SIA_G,vital,derived_score,8661,0.8516602091330998
surgery,train_2020_2023,spearman,EMT_年齡,SIAVPU,vital,derived_score,8669,-0.3556287124590689
surgery,train_2020_2023,spearman,EMT_年齡,sMS,vital,derived_score,8665,-0.07266487219467987
surgery,train_2020_2023,spearman,EMT_年齡,rSI_sMS,vital,derived_score,8662,0.3288176765220676
surgery,train_2020_2023,spearman,EMT_年齡,rSI_GCS,vital,derived_score,8661,0.3306102675131728
surgery,train_2020_2023,spearman,EMT_年齡,rSI_GCSM,vital,derived_score,8662,0.3332170033738501
surgery,train_2020_2023,spearman,EMT_年齡,qSOFA,vital,derived_score,8669,0.030086053882493247
surgery,train_2020_2023,spearman,EMT_年齡,NEWS2,vital,derived_score,124,0.04584417840076793
surgery,train_2020_2023,spearman,EMT_年齡,MEWS,vital,derived_score,8669,0.016719955621525895
surgery,train_2020_2023,spearman,EMT_年齡,REMS,vital,derived_score,8258,0.8823388306422947
surgery,train_2020_2023,spearman,EMT_年齡,RTS,vital,derived_score,8661,-0.02360776542878434
surgery,train_2020_2023,spearman,prehosp_sbp,prehosp_dbp,vital,vital,8266,0.571279005025277
surgery,train_2020_2023,spearman,prehosp_sbp,prehosp_hr,vital,vital,8673,0.09285398993657933
surgery,train_2020_2023,spearman,prehosp_sbp,prehosp_rr,vital,vital,8673,-0.01084734364133985
surgery,train_2020_2023,spearman,prehosp_sbp,prehosp_spo2,vital,vital,8673,-0.03710763071041519
surgery,train_2020_2023,spearman,prehosp_sbp,prehosp_bt,vital,vital,8673,-0.0008628386919913549
surgery,train_2020_2023,spearman,prehosp_sbp,prehosp_gcs,vital,vital,8665,0.004434962389510673
surgery,train_2020_2023,spearman,prehosp_sbp,prehosp_gcs_m,vital,vital,8666,0.006208972571945497
surgery,train_2020_2023,spearman,prehosp_sbp,MAP,vital,derived_score,8266,0.869814712305469
surgery,train_2020_2023,spearman,prehosp_sbp,SI,vital,derived_score,8673,-0.7188674492254573
surgery,train_2020_2023,spearman,prehosp_sbp,mSI,vital,derived_score,8266,-0.5680429332255095
surgery,train_2020_2023,spearman,prehosp_sbp,aSI,vital,derived_score,8669,0.010972267407020087
surgery,train_2020_2023,spearman,prehosp_sbp,rSI,vital,derived_score,8673,0.7188674492254573
surgery,train_2020_2023,spearman,prehosp_sbp,rSIG,vital,derived_score,8665,0.7024696406247523
surgery,train_2020_2023,spearman,prehosp_sbp,rSIG_Age,vital,derived_score,8661,-0.01605528019551444
surgery,train_2020_2023,spearman,prehosp_sbp,SI_G,vital,derived_score,8665,-0.702469881581081
surgery,train_2020_2023,spearman,prehosp_sbp,SIA_G,vital,derived_score,8661,0.016052376346483366
surgery,train_2020_2023,spearman,prehosp_sbp,SIAVPU,vital,derived_score,8673,-0.7056808971775903
surgery,train_2020_2023,spearman,prehosp_sbp,sMS,vital,derived_score,8666,0.006282286621191269
surgery,train_2020_2023,spearman,prehosp_sbp,rSI_sMS,vital,derived_score,8666,0.7013724512756373
surgery,train_2020_2023,spearman,prehosp_sbp,rSI_GCS,vital,derived_score,8665,0.7024699024684457
surgery,train_2020_2023,spearman,prehosp_sbp,rSI_GCSM,vital,derived_score,8666,0.7056853312065512
surgery,train_2020_2023,spearman,prehosp_sbp,qSOFA,vital,derived_score,8673,-0.3471413782920903
surgery,train_2020_2023,spearman,prehosp_sbp,NEWS2,vital,derived_score,124,-0.18779098404843234
surgery,train_2020_2023,spearman,prehosp_sbp,MEWS,vital,derived_score,8673,-0.09656958672875593
surgery,train_2020_2023,spearman,prehosp_sbp,REMS,vital,derived_score,8258,0.5116840509285215
surgery,train_2020_2023,spearman,prehosp_sbp,RTS,vital,derived_score,8665,0.2899069578751726
surgery,train_2020_2023,spearman,prehosp_dbp,prehosp_hr,vital,vital,8266,0.2021671586803481
surgery,train_2020_2023,spearman,prehosp_dbp,prehosp_rr,vital,vital,8266,-0.0021424595367050664
surgery,train_2020_2023,spearman,prehosp_dbp,prehosp_spo2,vital,vital,8266,0.03750871577807569
surgery,train_2020_2023,spearman,prehosp_dbp,prehosp_bt,vital,vital,8266,0.025692518695051875
surgery,train_2020_2023,spearman,prehosp_dbp,prehosp_gcs,vital,vital,8261,-0.013296373190277745
surgery,train_2020_2023,spearman,prehosp_dbp,prehosp_gcs_m,vital,vital,8261,-0.0015743388667699293
surgery,train_2020_2023,spearman,prehosp_dbp,MAP,vital,derived_score,8266,0.8891758311870068
surgery,train_2020_2023,spearman,prehosp_dbp,SI,vital,derived_score,8266,-0.28521894188930313
surgery,train_2020_2023,spearman,prehosp_dbp,mSI,vital,derived_score,8266,-0.4862795237139199
surgery,train_2020_2023,spearman,prehosp_dbp,aSI,vital,derived_score,8263,0.010698775227723395
surgery,train_2020_2023,spearman,prehosp_dbp,rSI,vital,derived_score,8266,0.28521894188930313
surgery,train_2020_2023,spearman,prehosp_dbp,rSIG,vital,derived_score,8261,0.27626188106010996
surgery,train_2020_2023,spearman,prehosp_dbp,rSIG_Age,vital,derived_score,8258,-0.014958201320535096
surgery,train_2020_2023,spearman,prehosp_dbp,SI_G,vital,derived_score,8261,-0.2762619186088464
surgery,train_2020_2023,spearman,prehosp_dbp,SIA_G,vital,derived_score,8258,0.01495778771724667
surgery,train_2020_2023,spearman,prehosp_dbp,SIAVPU,vital,derived_score,8266,-0.2780157291780986
surgery,train_2020_2023,spearman,prehosp_dbp,sMS,vital,derived_score,8261,-0.0015307875189710448
surgery,train_2020_2023,spearman,prehosp_dbp,rSI_sMS,vital,derived_score,8261,0.27561060882221505
surgery,train_2020_2023,spearman,prehosp_dbp,rSI_GCS,vital,derived_score,8261,0.27626201443394155
surgery,train_2020_2023,spearman,prehosp_dbp,rSI_GCSM,vital,derived_score,8261,0.2779329617124808
surgery,train_2020_2023,spearman,prehosp_dbp,qSOFA,vital,derived_score,8266,-0.12516531609658152
surgery,train_2020_2023,spearman,prehosp_dbp,NEWS2,vital,derived_score,112,-0.26246035113952565
surgery,train_2020_2023,spearman,prehosp_dbp,MEWS,vital,derived_score,8266,0.11296670756581631
surgery,train_2020_2023,spearman,prehosp_dbp,REMS,vital,derived_score,8258,0.28428893932409943
surgery,train_2020_2023,spearman,prehosp_dbp,RTS,vital,derived_score,8261,0.027608062821878564
surgery,train_2020_2023,spearman,prehosp_hr,prehosp_rr,vital,vital,8676,0.03675773713690906
surgery,train_2020_2023,spearman,prehosp_hr,prehosp_spo2,vital,vital,8674,-0.028072512867198793
surgery,train_2020_2023,spearman,prehosp_hr,prehosp_bt,vital,vital,8675,0.10716337906121141
surgery,train_2020_2023,spearman,prehosp_hr,prehosp_gcs,vital,vital,8668,-0.00850707711603196
surgery,train_2020_2023,spearman,prehosp_hr,prehosp_gcs_m,vital,vital,8669,0.008650950114373198
surgery,train_2020_2023,spearman,prehosp_hr,MAP,vital,derived_score,8266,0.1648029931752031
surgery,train_2020_2023,spearman,prehosp_hr,SI,vital,derived_score,8673,0.5654031060140685
surgery,train_2020_2023,spearman,prehosp_hr,mSI,vital,derived_score,8266,0.6416030722502479
surgery,train_2020_2023,spearman,prehosp_hr,aSI,vital,derived_score,8669,0.19400438942586348
surgery,train_2020_2023,spearman,prehosp_hr,rSI,vital,derived_score,8673,-0.5654031060140685
surgery,train_2020_2023,spearman,prehosp_hr,rSIG,vital,derived_score,8665,-0.5556782972410715
surgery,train_2020_2023,spearman,prehosp_hr,rSIG_Age,vital,derived_score,8661,-0.1896565835337622
surgery,train_2020_2023,spearman,prehosp_hr,SI_G,vital,derived_score,8665,0.5556792905446029
surgery,train_2020_2023,spearman,prehosp_hr,SIA_G,vital,derived_score,8661,0.1896581807848542
surgery,train_2020_2023,spearman,prehosp_hr,SIAVPU,vital,derived_score,8673,0.557290513123937
surgery,train_2020_2023,spearman,prehosp_hr,sMS,vital,derived_score,8669,0.008615571962347161
surgery,train_2020_2023,spearman,prehosp_hr,rSI_sMS,vital,derived_score,8666,-0.5534591870011161
surgery,train_2020_2023,spearman,prehosp_hr,rSI_GCS,vital,derived_score,8665,-0.5556788032553808
surgery,train_2020_2023,spearman,prehosp_hr,rSI_GCSM,vital,derived_score,8666,-0.557658345600151
surgery,train_2020_2023,spearman,prehosp_hr,qSOFA,vital,derived_score,8673,-0.009685783686281873
surgery,train_2020_2023,spearman,prehosp_hr,NEWS2,vital,derived_score,124,0.4369283894357741
surgery,train_2020_2023,spearman,prehosp_hr,MEWS,vital,derived_score,8673,0.44564676329572345
surgery,train_2020_2023,spearman,prehosp_hr,REMS,vital,derived_score,8258,-0.03050029504191501
surgery,train_2020_2023,spearman,prehosp_hr,RTS,vital,derived_score,8665,0.02689015472554404
surgery,train_2020_2023,spearman,prehosp_rr,prehosp_spo2,vital,vital,8674,0.022185520084354364
surgery,train_2020_2023,spearman,prehosp_rr,prehosp_bt,vital,vital,8675,0.013302789932798126
surgery,train_2020_2023,spearman,prehosp_rr,prehosp_gcs,vital,vital,8668,-0.016213860344984392
surgery,train_2020_2023,spearman,prehosp_rr,prehosp_gcs_m,vital,vital,8669,-0.01523290149539681
surgery,train_2020_2023,spearman,prehosp_rr,MAP,vital,derived_score,8266,-0.009098215606001669
surgery,train_2020_2023,spearman,prehosp_rr,SI,vital,derived_score,8673,0.031837727380011144
surgery,train_2020_2023,spearman,prehosp_rr,mSI,vital,derived_score,8266,0.03839602644941897
surgery,train_2020_2023,spearman,prehosp_rr,aSI,vital,derived_score,8669,-0.0009098543702454522
surgery,train_2020_2023,spearman,prehosp_rr,rSI,vital,derived_score,8673,-0.031837727380011144
surgery,train_2020_2023,spearman,prehosp_rr,rSIG,vital,derived_score,8665,-0.03383817722120408
surgery,train_2020_2023,spearman,prehosp_rr,rSIG_Age,vital,derived_score,8661,-0.0012274708307436692
surgery,train_2020_2023,spearman,prehosp_rr,SI_G,vital,derived_score,8665,0.03383884218321604
surgery,train_2020_2023,spearman,prehosp_rr,SIA_G,vital,derived_score,8661,0.0012267750446210053
surgery,train_2020_2023,spearman,prehosp_rr,SIAVPU,vital,derived_score,8673,0.02697666504523918
surgery,train_2020_2023,spearman,prehosp_rr,sMS,vital,derived_score,8669,-0.015349759753560304
surgery,train_2020_2023,spearman,prehosp_rr,rSI_sMS,vital,derived_score,8666,-0.03385127576189117
surgery,train_2020_2023,spearman,prehosp_rr,rSI_GCS,vital,derived_score,8665,-0.0338383155384238
surgery,train_2020_2023,spearman,prehosp_rr,rSI_GCSM,vital,derived_score,8666,-0.03253171516083816
surgery,train_2020_2023,spearman,prehosp_rr,qSOFA,vital,derived_score,8673,0.1436000722997588
surgery,train_2020_2023,spearman,prehosp_rr,NEWS2,vital,derived_score,124,0.24208344961168823
surgery,train_2020_2023,spearman,prehosp_rr,MEWS,vital,derived_score,8673,0.10705790581998291
surgery,train_2020_2023,spearman,prehosp_rr,REMS,vital,derived_score,8258,-0.012800600572494259
surgery,train_2020_2023,spearman,prehosp_rr,RTS,vital,derived_score,8665,-0.008746415906109601
surgery,train_2020_2023,spearman,prehosp_spo2,prehosp_bt,vital,vital,8674,-0.04258007693073874
surgery,train_2020_2023,spearman,prehosp_spo2,prehosp_gcs,vital,vital,8666,0.07388327003963048
surgery,train_2020_2023,spearman,prehosp_spo2,prehosp_gcs_m,vital,vital,8667,0.07350232705576998
surgery,train_2020_2023,spearman,prehosp_spo2,MAP,vital,derived_score,8266,-0.0062592071225648725
surgery,train_2020_2023,spearman,prehosp_spo2,SI,vital,derived_score,8673,0.003073436161685917
surgery,train_2020_2023,spearman,prehosp_spo2,mSI,vital,derived_score,8266,-0.019013104163384687
surgery,train_2020_2023,spearman,prehosp_spo2,aSI,vital,derived_score,8669,-0.17078923450403244
surgery,train_2020_2023,spearman,prehosp_spo2,rSI,vital,derived_score,8673,-0.003073436161685917
surgery,train_2020_2023,spearman,prehosp_spo2,rSIG,vital,derived_score,8665,0.010511001612379996
surgery,train_2020_2023,spearman,prehosp_spo2,rSIG_Age,vital,derived_score,8661,0.1756082412260961
surgery,train_2020_2023,spearman,prehosp_spo2,SI_G,vital,derived_score,8665,-0.010511200339553915
surgery,train_2020_2023,spearman,prehosp_spo2,SIA_G,vital,derived_score,8661,-0.17560443744072696
surgery,train_2020_2023,spearman,prehosp_spo2,SIAVPU,vital,derived_score,8673,0.015350441730692218
surgery,train_2020_2023,spearman,prehosp_spo2,sMS,vital,derived_score,8667,0.07348909937800792
surgery,train_2020_2023,spearman,prehosp_spo2,rSI_sMS,vital,derived_score,8666,0.010779363915985388
surgery,train_2020_2023,spearman,prehosp_spo2,rSI_GCS,vital,derived_score,8665,0.010511663893449107
surgery,train_2020_2023,spearman,prehosp_spo2,rSI_GCSM,vital,derived_score,8666,0.008271883893513446
surgery,train_2020_2023,spearman,prehosp_spo2,qSOFA,vital,derived_score,8673,-0.06339579509394465
surgery,train_2020_2023,spearman,prehosp_spo2,NEWS2,vital,derived_score,124,-0.42556172963309
surgery,train_2020_2023,spearman,prehosp_spo2,MEWS,vital,derived_score,8673,-0.06562240747708267
surgery,train_2020_2023,spearman,prehosp_spo2,REMS,vital,derived_score,8258,-0.15372402729923948
surgery,train_2020_2023,spearman,prehosp_spo2,RTS,vital,derived_score,8665,0.05391483154518885
surgery,train_2020_2023,spearman,prehosp_bt,prehosp_gcs,vital,vital,8667,0.0016086586369892433
surgery,train_2020_2023,spearman,prehosp_bt,prehosp_gcs_m,vital,vital,8668,-0.001015859377972032
surgery,train_2020_2023,spearman,prehosp_bt,MAP,vital,derived_score,8266,0.02308271473599534
surgery,train_2020_2023,spearman,prehosp_bt,SI,vital,derived_score,8673,0.07880335423812733
surgery,train_2020_2023,spearman,prehosp_bt,mSI,vital,derived_score,8266,0.07639152864879997
surgery,train_2020_2023,spearman,prehosp_bt,aSI,vital,derived_score,8669,0.06677983936644814
surgery,train_2020_2023,spearman,prehosp_bt,rSI,vital,derived_score,8673,-0.07880335423812733
surgery,train_2020_2023,spearman,prehosp_bt,rSIG,vital,derived_score,8665,-0.07691643443530909
surgery,train_2020_2023,spearman,prehosp_bt,rSIG_Age,vital,derived_score,8661,-0.06497309348163888
surgery,train_2020_2023,spearman,prehosp_bt,SI_G,vital,derived_score,8665,0.07691559232508012
surgery,train_2020_2023,spearman,prehosp_bt,SIA_G,vital,derived_score,8661,0.06497368447738107
surgery,train_2020_2023,spearman,prehosp_bt,SIAVPU,vital,derived_score,8673,0.07677910548629124
surgery,train_2020_2023,spearman,prehosp_bt,sMS,vital,derived_score,8668,-0.0010927029134773824
surgery,train_2020_2023,spearman,prehosp_bt,rSI_sMS,vital,derived_score,8666,-0.0771884041987776
surgery,train_2020_2023,spearman,prehosp_bt,rSI_GCS,vital,derived_score,8665,-0.076915889927618
surgery,train_2020_2023,spearman,prehosp_bt,rSI_GCSM,vital,derived_score,8666,-0.07689591368069378
surgery,train_2020_2023,spearman,prehosp_bt,qSOFA,vital,derived_score,8673,0.030810776131141308
surgery,train_2020_2023,spearman,prehosp_bt,NEWS2,vital,derived_score,124,-0.02386655480727483
surgery,train_2020_2023,spearman,prehosp_bt,MEWS,vital,derived_score,8673,0.047653955349998306
surgery,train_2020_2023,spearman,prehosp_bt,REMS,vital,derived_score,8258,0.02730078965180255
surgery,train_2020_2023,spearman,prehosp_bt,RTS,vital,derived_score,8665,-0.0309246060014496
surgery,train_2020_2023,spearman,prehosp_gcs,prehosp_gcs_m,vital,vital,8668,0.8838391473507194
surgery,train_2020_2023,spearman,prehosp_gcs,MAP,vital,derived_score,8261,-0.018385562799445088
surgery,train_2020_2023,spearman,prehosp_gcs,SI,vital,derived_score,8665,-0.018013719436075992
surgery,train_2020_2023,spearman,prehosp_gcs,mSI,vital,derived_score,8261,-0.005209759919673836
surgery,train_2020_2023,spearman,prehosp_gcs,aSI,vital,derived_score,8661,-0.07661314103054362
surgery,train_2020_2023,spearman,prehosp_gcs,rSI,vital,derived_score,8665,0.018013719436075992
surgery,train_2020_2023,spearman,prehosp_gcs,rSIG,vital,derived_score,8665,0.15878378624326553
surgery,train_2020_2023,spearman,prehosp_gcs,rSIG_Age,vital,derived_score,8661,0.16247406630746924
surgery,train_2020_2023,spearman,prehosp_gcs,SI_G,vital,derived_score,8665,-0.15877861968689766
surgery,train_2020_2023,spearman,prehosp_gcs,SIA_G,vital,derived_score,8661,-0.16247390542723966
surgery,train_2020_2023,spearman,prehosp_gcs,SIAVPU,vital,derived_score,8665,0.10740681781376654
surgery,train_2020_2023,spearman,prehosp_gcs,sMS,vital,derived_score,8668,0.8838343250955416
surgery,train_2020_2023,spearman,prehosp_gcs,rSI_sMS,vital,derived_score,8665,0.163070315645758
surgery,train_2020_2023,spearman,prehosp_gcs,rSI_GCS,vital,derived_score,8665,0.15878068171793108
surgery,train_2020_2023,spearman,prehosp_gcs,rSI_GCSM,vital,derived_score,8665,0.13086736285234152
surgery,train_2020_2023,spearman,prehosp_gcs,qSOFA,vital,derived_score,8665,-0.4239447256882012
surgery,train_2020_2023,spearman,prehosp_gcs,NEWS2,vital,derived_score,123,-0.4770383550712515
surgery,train_2020_2023,spearman,prehosp_gcs,MEWS,vital,derived_score,8665,-0.21280738804023022
surgery,train_2020_2023,spearman,prehosp_gcs,REMS,vital,derived_score,8258,-0.12344129168088434
surgery,train_2020_2023,spearman,prehosp_gcs,RTS,vital,derived_score,8665,0.457355258026578
surgery,train_2020_2023,spearman,prehosp_gcs_m,MAP,vital,derived_score,8261,-0.009887655712892449
surgery,train_2020_2023,spearman,prehosp_gcs_m,SI,vital,derived_score,8666,-0.013657626396206383
surgery,train_2020_2023,spearman,prehosp_gcs_m,mSI,vital,derived_score,8261,-0.002765142910515369
surgery,train_2020_2023,spearman,prehosp_gcs_m,aSI,vital,derived_score,8662,-0.07466614597785584
surgery,train_2020_2023,spearman,prehosp_gcs_m,rSI,vital,derived_score,8666,0.013657626396206383
surgery,train_2020_2023,spearman,prehosp_gcs_m,rSIG,vital,derived_score,8665,0.1625183211272924
surgery,train_2020_2023,spearman,prehosp_gcs_m,rSIG_Age,vital,derived_score,8661,0.1651271576501642
surgery,train_2020_2023,spearman,prehosp_gcs_m,SI_G,vital,derived_score,8665,-0.16251382036345502
surgery,train_2020_2023,spearman,prehosp_gcs_m,SIA_G,vital,derived_score,8661,-0.16512755327908948
surgery,train_2020_2023,spearman,prehosp_gcs_m,SIAVPU,vital,derived_score,8666,0.11387747581186088
surgery,train_2020_2023,spearman,prehosp_gcs_m,sMS,vital,derived_score,8669,0.9999955025844957
surgery,train_2020_2023,spearman,prehosp_gcs_m,rSI_sMS,vital,derived_score,8666,0.1779448032977279
surgery,train_2020_2023,spearman,prehosp_gcs_m,rSI_GCS,vital,derived_score,8665,0.1625161520090038
surgery,train_2020_2023,spearman,prehosp_gcs_m,rSI_GCSM,vital,derived_score,8666,0.14146323914016096
surgery,train_2020_2023,spearman,prehosp_gcs_m,qSOFA,vital,derived_score,8666,-0.37367389989315736
surgery,train_2020_2023,spearman,prehosp_gcs_m,NEWS2,vital,derived_score,123,-0.44479939131405855
surgery,train_2020_2023,spearman,prehosp_gcs_m,MEWS,vital,derived_score,8666,-0.20847135378302803
surgery,train_2020_2023,spearman,prehosp_gcs_m,REMS,vital,derived_score,8258,-0.1281623586459484
surgery,train_2020_2023,spearman,prehosp_gcs_m,RTS,vital,derived_score,8665,0.49296946512836604
surgery,train_2020_2023,spearman,MAP,SI,derived_score,derived_score,8266,-0.5316930902484548
surgery,train_2020_2023,spearman,MAP,mSI,derived_score,derived_score,8266,-0.5937436860065177
surgery,train_2020_2023,spearman,MAP,aSI,derived_score,derived_score,8263,0.06370664055936792
surgery,train_2020_2023,spearman,MAP,rSI,derived_score,derived_score,8266,0.5316930902484548
surgery,train_2020_2023,spearman,MAP,rSIG,derived_score,derived_score,8261,0.5171838165066306
surgery,train_2020_2023,spearman,MAP,rSIG_Age,derived_score,derived_score,8258,-0.06841075781150854
surgery,train_2020_2023,spearman,MAP,SI_G,derived_score,derived_score,8261,-0.5171839820802606
surgery,train_2020_2023,spearman,MAP,SIA_G,derived_score,derived_score,8258,0.06840899876389016
surgery,train_2020_2023,spearman,MAP,SIAVPU,derived_score,derived_score,8266,-0.5224700806863898
surgery,train_2020_2023,spearman,MAP,sMS,derived_score,derived_score,8261,-0.009803221689344931
surgery,train_2020_2023,spearman,MAP,rSI_sMS,derived_score,derived_score,8261,0.5162748764469236
surgery,train_2020_2023,spearman,MAP,rSI_GCS,derived_score,derived_score,8261,0.5171840593773266
surgery,train_2020_2023,spearman,MAP,rSI_GCSM,derived_score,derived_score,8261,0.5200140696804126
surgery,train_2020_2023,spearman,MAP,qSOFA,derived_score,derived_score,8266,-0.13760960598325953
surgery,train_2020_2023,spearman,MAP,NEWS2,derived_score,derived_score,112,-0.23825132532798518
surgery,train_2020_2023,spearman,MAP,MEWS,derived_score,derived_score,8266,0.10152829345693203
surgery,train_2020_2023,spearman,MAP,REMS,derived_score,derived_score,8258,0.447905337094063
surgery,train_2020_2023,spearman,MAP,RTS,derived_score,derived_score,8261,0.023579625791236826
surgery,train_2020_2023,spearman,SI,mSI,derived_score,derived_score,8266,0.9240730084574713
surgery,train_2020_2023,spearman,SI,aSI,derived_score,derived_score,8669,0.13512828546831443
surgery,train_2020_2023,spearman,SI,rSI,derived_score,derived_score,8673,-1.0
surgery,train_2020_2023,spearman,SI,rSIG,derived_score,derived_score,8665,-0.9809536245857184
surgery,train_2020_2023,spearman,SI,rSIG_Age,derived_score,derived_score,8661,-0.12891365012821518
surgery,train_2020_2023,spearman,SI,SI_G,derived_score,derived_score,8665,0.9809546707368448
surgery,train_2020_2023,spearman,SI,SIA_G,derived_score,derived_score,8661,0.12891836631296488
surgery,train_2020_2023,spearman,SI,SIAVPU,derived_score,derived_score,8673,0.9818903764413094
surgery,train_2020_2023,spearman,SI,sMS,derived_score,derived_score,8666,-0.01372826441119867
surgery,train_2020_2023,spearman,SI,rSI_sMS,derived_score,derived_score,8666,-0.9786855592490483
surgery,train_2020_2023,spearman,SI,rSI_GCS,derived_score,derived_score,8665,-0.9809543673176512
surgery,train_2020_2023,spearman,SI,rSI_GCSM,derived_score,derived_score,8666,-0.9850205216834272
surgery,train_2020_2023,spearman,SI,qSOFA,derived_score,derived_score,8673,0.32593125276009755
surgery,train_2020_2023,spearman,SI,NEWS2,derived_score,derived_score,124,0.4100364482269934
surgery,train_2020_2023,spearman,SI,MEWS,derived_score,derived_score,8673,0.4378899482382324
surgery,train_2020_2023,spearman,SI,REMS,derived_score,derived_score,8258,-0.4140073702322698
surgery,train_2020_2023,spearman,SI,RTS,derived_score,derived_score,8665,-0.2788772935930304
surgery,train_2020_2023,spearman,mSI,aSI,derived_score,derived_score,8263,0.1116184132363237
surgery,train_2020_2023,spearman,mSI,rSI,derived_score,derived_score,8266,-0.9240730084574713
surgery,train_2020_2023,spearman,mSI,rSIG,derived_score,derived_score,8261,-0.9059761806475708
surgery,train_2020_2023,spearman,mSI,rSIG_Age,derived_score,derived_score,8258,-0.10574999832623488
surgery,train_2020_2023,spearman,mSI,SI_G,derived_score,derived_score,8261,0.9059774420910397
surgery,train_2020_2023,spearman,mSI,SIA_G,derived_score,derived_score,8258,0.10575443253682537
surgery,train_2020_2023,spearman,mSI,SIAVPU,derived_score,derived_score,8266,0.9077777606496806
surgery,train_2020_2023,spearman,mSI,sMS,derived_score,derived_score,8261,-0.0028326997969145744
surgery,train_2020_2023,spearman,mSI,rSI_sMS,derived_score,derived_score,8261,-0.9036922340926966
surgery,train_2020_2023,spearman,mSI,rSI_GCS,derived_score,derived_score,8261,-0.9059770389139843
surgery,train_2020_2023,spearman,mSI,rSI_GCSM,derived_score,derived_score,8261,-0.9100120571600337
surgery,train_2020_2023,spearman,mSI,qSOFA,derived_score,derived_score,8266,0.12392125963702891
surgery,train_2020_2023,spearman,mSI,NEWS2,derived_score,derived_score,112,0.4637178986980938
surgery,train_2020_2023,spearman,mSI,MEWS,derived_score,derived_score,8266,0.350859733620922
surgery,train_2020_2023,spearman,mSI,REMS,derived_score,derived_score,8258,-0.3632187775683669
surgery,train_2020_2023,spearman,mSI,RTS,derived_score,derived_score,8261,-0.03723355541624662
surgery,train_2020_2023,spearman,aSI,rSI,derived_score,derived_score,8669,-0.13512828546831443
surgery,train_2020_2023,spearman,aSI,rSIG,derived_score,derived_score,8661,-0.1406909147761956
surgery,train_2020_2023,spearman,aSI,rSIG_Age,derived_score,derived_score,8661,-0.992752476051026
surgery,train_2020_2023,spearman,aSI,SI_G,derived_score,derived_score,8661,0.14069066984609574
surgery,train_2020_2023,spearman,aSI,SIA_G,derived_score,derived_score,8661,0.9927523989070335
surgery,train_2020_2023,spearman,aSI,SIAVPU,derived_score,derived_score,8669,0.11766137941558952
surgery,train_2020_2023,spearman,aSI,sMS,derived_score,derived_score,8662,-0.07469793312947748
surgery,train_2020_2023,spearman,aSI,rSI_sMS,derived_score,derived_score,8662,-0.14133403341343515
surgery,train_2020_2023,spearman,aSI,rSI_GCS,derived_score,derived_score,8661,-0.1406911503354737
surgery,train_2020_2023,spearman,aSI,rSI_GCSM,derived_score,derived_score,8662,-0.14018944937464042
surgery,train_2020_2023,spearman,aSI,qSOFA,derived_score,derived_score,8669,0.21175769398976027
surgery,train_2020_2023,spearman,aSI,NEWS2,derived_score,derived_score,124,0.28405384123464583
surgery,train_2020_2023,spearman,aSI,MEWS,derived_score,derived_score,8669,0.2379083678674837
surgery,train_2020_2023,spearman,aSI,REMS,derived_score,derived_score,8258,0.7281013214049197
surgery,train_2020_2023,spearman,aSI,RTS,derived_score,derived_score,8661,-0.18849707925082737
surgery,train_2020_2023,spearman,rSI,rSIG,derived_score,derived_score,8665,0.9809536245857184
surgery,train_2020_2023,spearman,rSI,rSIG_Age,derived_score,derived_score,8661,0.12891365012821518
surgery,train_2020_2023,spearman,rSI,SI_G,derived_score,derived_score,8665,-0.9809546707368448
surgery,train_2020_2023,spearman,rSI,SIA_G,derived_score,derived_score,8661,-0.12891836631296488
surgery,train_2020_2023,spearman,rSI,SIAVPU,derived_score,derived_score,8673,-0.9818903764413094
surgery,train_2020_2023,spearman,rSI,sMS,derived_score,derived_score,8666,0.01372826441119867
surgery,train_2020_2023,spearman,rSI,rSI_sMS,derived_score,derived_score,8666,0.9786855592490483
surgery,train_2020_2023,spearman,rSI,rSI_GCS,derived_score,derived_score,8665,0.9809543673176512
surgery,train_2020_2023,spearman,rSI,rSI_GCSM,derived_score,derived_score,8666,0.9850205216834272
surgery,train_2020_2023,spearman,rSI,qSOFA,derived_score,derived_score,8673,-0.32593125276009755
surgery,train_2020_2023,spearman,rSI,NEWS2,derived_score,derived_score,124,-0.4100364482269934
surgery,train_2020_2023,spearman,rSI,MEWS,derived_score,derived_score,8673,-0.4378899482382324
surgery,train_2020_2023,spearman,rSI,REMS,derived_score,derived_score,8258,0.4140073702322698
surgery,train_2020_2023,spearman,rSI,RTS,derived_score,derived_score,8665,0.2788772935930304
surgery,train_2020_2023,spearman,rSIG,rSIG_Age,derived_score,derived_score,8661,0.15521161511931095
surgery,train_2020_2023,spearman,rSIG,SI_G,derived_score,derived_score,8665,-0.9999999988149112
surgery,train_2020_2023,spearman,rSIG,SIA_G,derived_score,derived_score,8661,-0.15521653903251167
surgery,train_2020_2023,spearman,rSIG,SIAVPU,derived_score,derived_score,8665,-0.9483098728799215
surgery,train_2020_2023,spearman,rSIG,sMS,derived_score,derived_score,8665,0.16248712338444507
surgery,train_2020_2023,spearman,rSIG,rSI_sMS,derived_score,derived_score,8665,0.9982390245309986
surgery,train_2020_2023,spearman,rSIG,rSI_GCS,derived_score,derived_score,8665,0.999999999003972
surgery,train_2020_2023,spearman,rSIG,rSI_GCSM,derived_score,derived_score,8665,0.998107810549039
surgery,train_2020_2023,spearman,rSIG,qSOFA,derived_score,derived_score,8665,-0.38187838486793646
surgery,train_2020_2023,spearman,rSIG,NEWS2,derived_score,derived_score,123,-0.6612474432053429
surgery,train_2020_2023,spearman,rSIG,MEWS,derived_score,derived_score,8665,-0.46692401231351544
surgery,train_2020_2023,spearman,rSIG,REMS,derived_score,derived_score,8258,0.38606908763022774
surgery,train_2020_2023,spearman,rSIG,RTS,derived_score,derived_score,8665,0.3542452682087278
surgery,train_2020_2023,spearman,rSIG_Age,SI_G,derived_score,derived_score,8661,-0.1552110236526164
surgery,train_2020_2023,spearman,rSIG_Age,SIA_G,derived_score,derived_score,8661,-0.9999999867474617
surgery,train_2020_2023,spearman,rSIG_Age,SIAVPU,derived_score,derived_score,8661,-0.10237611051034226
surgery,train_2020_2023,spearman,rSIG_Age,sMS,derived_score,derived_score,8661,0.16510185359695229
surgery,train_2020_2023,spearman,rSIG_Age,rSI_sMS,derived_score,derived_score,8661,0.1558696894311061
surgery,train_2020_2023,spearman,rSIG_Age,rSI_GCS,derived_score,derived_score,8661,0.15521156430812622
surgery,train_2020_2023,spearman,rSIG_Age,rSI_GCSM,derived_score,derived_score,8661,0.15128464362804722
surgery,train_2020_2023,spearman,rSIG_Age,qSOFA,derived_score,derived_score,8661,-0.24543972733515307
surgery,train_2020_2023,spearman,rSIG_Age,NEWS2,derived_score,derived_score,123,-0.49325619176983954
surgery,train_2020_2023,spearman,rSIG_Age,MEWS,derived_score,derived_score,8661,-0.2555291542854911
surgery,train_2020_2023,spearman,rSIG_Age,REMS,derived_score,derived_score,8258,-0.7336361259156998
surgery,train_2020_2023,spearman,rSIG_Age,RTS,derived_score,derived_score,8661,0.2346375709987143
surgery,train_2020_2023,spearman,SI_G,SIA_G,derived_score,derived_score,8661,0.15521594764431296
surgery,train_2020_2023,spearman,SI_G,SIAVPU,derived_score,derived_score,8665,0.9483113005709487
surgery,train_2020_2023,spearman,SI_G,sMS,derived_score,derived_score,8665,-0.16248261030896077
surgery,train_2020_2023,spearman,SI_G,rSI_sMS,derived_score,derived_score,8665,-0.9982386731363162
surgery,train_2020_2023,spearman,SI_G,rSI_GCS,derived_score,derived_score,8665,-0.9999999997740494
surgery,train_2020_2023,spearman,SI_G,rSI_GCSM,derived_score,derived_score,8665,-0.9981080301366719
surgery,train_2020_2023,spearman,SI_G,qSOFA,derived_score,derived_score,8665,0.3818760511297839
surgery,train_2020_2023,spearman,SI_G,NEWS2,derived_score,derived_score,123,0.6612474432053429
surgery,train_2020_2023,spearman,SI_G,MEWS,derived_score,derived_score,8665,0.46692375975632855
surgery,train_2020_2023,spearman,SI_G,REMS,derived_score,derived_score,8258,-0.3860702197156684
surgery,train_2020_2023,spearman,SI_G,RTS,derived_score,derived_score,8665,-0.35424317020637097
surgery,train_2020_2023,spearman,SIA_G,SIAVPU,derived_score,derived_score,8661,0.10238075413637797
surgery,train_2020_2023,spearman,SIA_G,sMS,derived_score,derived_score,8661,-0.1651022515349105
surgery,train_2020_2023,spearman,SIA_G,rSI_sMS,derived_score,derived_score,8661,-0.1558746531467751
surgery,train_2020_2023,spearman,SIA_G,rSI_GCS,derived_score,derived_score,8661,-0.15521648827212067
surgery,train_2020_2023,spearman,SIA_G,rSI_GCSM,derived_score,derived_score,8661,-0.15128949975443898
surgery,train_2020_2023,spearman,SIA_G,qSOFA,derived_score,derived_score,8661,0.24544227764466728
surgery,train_2020_2023,spearman,SIA_G,NEWS2,derived_score,derived_score,123,0.49325619176983954
surgery,train_2020_2023,spearman,SIA_G,MEWS,derived_score,derived_score,8661,0.2555328071486826
surgery,train_2020_2023,spearman,SIA_G,REMS,derived_score,derived_score,8258,0.7336348759345407
surgery,train_2020_2023,spearman,SIA_G,RTS,derived_score,derived_score,8661,-0.2346375701149219
surgery,train_2020_2023,spearman,SIAVPU,sMS,derived_score,derived_score,8666,0.11383387951541268
surgery,train_2020_2023,spearman,SIAVPU,rSI_sMS,derived_score,derived_score,8666,-0.9457710916371067
surgery,train_2020_2023,spearman,SIAVPU,rSI_GCS,derived_score,derived_score,8665,-0.9483106582000337
surgery,train_2020_2023,spearman,SIAVPU,rSI_GCSM,derived_score,derived_score,8666,-0.9547490119369862
surgery,train_2020_2023,spearman,SIAVPU,qSOFA,derived_score,derived_score,8673,0.2628900790369747
surgery,train_2020_2023,spearman,SIAVPU,NEWS2,derived_score,derived_score,124,0.03683501867845614
surgery,train_2020_2023,spearman,SIAVPU,MEWS,derived_score,derived_score,8673,0.3988150778819537
surgery,train_2020_2023,spearman,SIAVPU,REMS,derived_score,derived_score,8258,-0.4282229148807785
surgery,train_2020_2023,spearman,SIAVPU,RTS,derived_score,derived_score,8665,-0.21192951556521572
surgery,train_2020_2023,spearman,sMS,rSI_sMS,derived_score,derived_score,8666,0.17794996833983046
surgery,train_2020_2023,spearman,sMS,rSI_GCS,derived_score,derived_score,8665,0.1624849419646104
surgery,train_2020_2023,spearman,sMS,rSI_GCSM,derived_score,derived_score,8666,0.1414153347389964
surgery,train_2020_2023,spearman,sMS,qSOFA,derived_score,derived_score,8666,-0.37367391921643217
surgery,train_2020_2023,spearman,sMS,NEWS2,derived_score,derived_score,123,-0.450293669976163
surgery,train_2020_2023,spearman,sMS,MEWS,derived_score,derived_score,8666,-0.2084464209458235
surgery,train_2020_2023,spearman,sMS,REMS,derived_score,derived_score,8258,-0.12812234620810706
surgery,train_2020_2023,spearman,sMS,RTS,derived_score,derived_score,8665,0.49294764971713395
surgery,train_2020_2023,spearman,rSI_sMS,rSI_GCS,derived_score,derived_score,8665,0.9982387768058516
surgery,train_2020_2023,spearman,rSI_sMS,rSI_GCSM,derived_score,derived_score,8666,0.9978783072403071
surgery,train_2020_2023,spearman,rSI_sMS,qSOFA,derived_score,derived_score,8666,-0.3833728974249474
surgery,train_2020_2023,spearman,rSI_sMS,NEWS2,derived_score,derived_score,123,-0.6631440785705981
surgery,train_2020_2023,spearman,rSI_sMS,MEWS,derived_score,derived_score,8666,-0.46706718953555254
surgery,train_2020_2023,spearman,rSI_sMS,REMS,derived_score,derived_score,8258,0.3842188692842994
surgery,train_2020_2023,spearman,rSI_sMS,RTS,derived_score,derived_score,8665,0.35740243934328
surgery,train_2020_2023,spearman,rSI_GCS,rSI_GCSM,derived_score,derived_score,8665,0.9981079735517244
surgery,train_2020_2023,spearman,rSI_GCS,qSOFA,derived_score,derived_score,8665,-0.38187690689135534
surgery,train_2020_2023,spearman,rSI_GCS,NEWS2,derived_score,derived_score,123,-0.6612474432053429
surgery,train_2020_2023,spearman,rSI_GCS,MEWS,derived_score,derived_score,8665,-0.46692350067529675
surgery,train_2020_2023,spearman,rSI_GCS,REMS,derived_score,derived_score,8258,0.3860696367575427
surgery,train_2020_2023,spearman,rSI_GCS,RTS,derived_score,derived_score,8665,0.35424442904633574
surgery,train_2020_2023,spearman,rSI_GCSM,qSOFA,derived_score,derived_score,8666,-0.37110155978156467
surgery,train_2020_2023,spearman,rSI_GCSM,NEWS2,derived_score,derived_score,123,-0.6105620590017831
surgery,train_2020_2023,spearman,rSI_GCSM,MEWS,derived_score,derived_score,8666,-0.4623547537335584
surgery,train_2020_2023,spearman,rSI_GCSM,REMS,derived_score,derived_score,8258,0.39034467984523263
surgery,train_2020_2023,spearman,rSI_GCSM,RTS,derived_score,derived_score,8665,0.34171270159779354
surgery,train_2020_2023,spearman,qSOFA,NEWS2,derived_score,derived_score,124,0.71599988748869
surgery,train_2020_2023,spearman,qSOFA,MEWS,derived_score,derived_score,8673,0.5450017658802896
surgery,train_2020_2023,spearman,qSOFA,REMS,derived_score,derived_score,8258,0.09382773132746719
surgery,train_2020_2023,spearman,qSOFA,RTS,derived_score,derived_score,8665,-0.727204287617478
surgery,train_2020_2023,spearman,NEWS2,MEWS,derived_score,derived_score,124,0.7609268439164152
surgery,train_2020_2023,spearman,NEWS2,REMS,derived_score,derived_score,112,0.3800632781001596
surgery,train_2020_2023,spearman,NEWS2,RTS,derived_score,derived_score,123,-0.4278898505324591
surgery,train_2020_2023,spearman,MEWS,REMS,derived_score,derived_score,8258,0.1956568462434871
surgery,train_2020_2023,spearman,MEWS,RTS,derived_score,derived_score,8665,-0.4463560999074951
surgery,train_2020_2023,spearman,REMS,RTS,derived_score,derived_score,8258,-0.12770947803647043
surgery,validation_2024,pearson,EMT_年齡,prehosp_sbp,vital,vital,2694,0.2424907053311286
surgery,validation_2024,pearson,EMT_年齡,prehosp_dbp,vital,vital,2329,0.09608995075133171
surgery,validation_2024,pearson,EMT_年齡,prehosp_hr,vital,vital,2689,-0.07518309410159783
surgery,validation_2024,pearson,EMT_年齡,prehosp_rr,vital,vital,2689,0.0502071305077567
surgery,validation_2024,pearson,EMT_年齡,prehosp_spo2,vital,vital,2687,-0.1320388898237938
surgery,validation_2024,pearson,EMT_年齡,prehosp_bt,vital,vital,2686,0.0009021572308148343
surgery,validation_2024,pearson,EMT_年齡,prehosp_gcs,vital,vital,2688,-0.08414177320637505
surgery,validation_2024,pearson,EMT_年齡,prehosp_gcs_m,vital,vital,2688,-0.07154092107484422
surgery,validation_2024,pearson,EMT_年齡,MAP,vital,derived_score,2329,0.2523467057086112
surgery,validation_2024,pearson,EMT_年齡,SI,vital,derived_score,2686,-0.1756237476490125
surgery,validation_2024,pearson,EMT_年齡,mSI,vital,derived_score,2329,-0.24320365201793318
surgery,validation_2024,pearson,EMT_年齡,aSI,vital,derived_score,2686,0.725658421092433
surgery,validation_2024,pearson,EMT_年齡,rSI,vital,derived_score,2686,0.257971160134065
surgery,validation_2024,pearson,EMT_年齡,rSIG,vital,derived_score,2685,0.22135400506468847
surgery,validation_2024,pearson,EMT_年齡,rSIG_Age,vital,derived_score,2685,-0.7946882673914626
surgery,validation_2024,pearson,EMT_年齡,SI_G,vital,derived_score,2685,-0.0907909099165373
surgery,validation_2024,pearson,EMT_年齡,SIA_G,vital,derived_score,2685,0.6297586779107879
surgery,validation_2024,pearson,EMT_年齡,SIAVPU,vital,derived_score,2686,-0.18682981531925466
surgery,validation_2024,pearson,EMT_年齡,sMS,vital,derived_score,2688,-0.08273257897908486
surgery,validation_2024,pearson,EMT_年齡,rSI_sMS,vital,derived_score,2685,0.21695521989590916
surgery,validation_2024,pearson,EMT_年齡,rSI_GCS,vital,derived_score,2685,0.22135400506468847
surgery,validation_2024,pearson,EMT_年齡,rSI_GCSM,vital,derived_score,2685,0.2246658680098564
surgery,validation_2024,pearson,EMT_年齡,qSOFA,vital,derived_score,2686,0.05036216686981046
surgery,validation_2024,pearson,EMT_年齡,NEWS2,vital,derived_score,78,0.08761059168691508
surgery,validation_2024,pearson,EMT_年齡,MEWS,vital,derived_score,2685,0.0629564736505458
surgery,validation_2024,pearson,EMT_年齡,REMS,vital,derived_score,2328,0.8590079545510464
surgery,validation_2024,pearson,EMT_年齡,RTS,vital,derived_score,2685,-0.0799782465179715
surgery,validation_2024,pearson,prehosp_sbp,prehosp_dbp,vital,vital,2330,0.6073195390012277
surgery,validation_2024,pearson,prehosp_sbp,prehosp_hr,vital,vital,2689,0.07903243332973084
surgery,validation_2024,pearson,prehosp_sbp,prehosp_rr,vital,vital,2689,-0.02554485616453103
surgery,validation_2024,pearson,prehosp_sbp,prehosp_spo2,vital,vital,2689,0.002644840991702744
surgery,validation_2024,pearson,prehosp_sbp,prehosp_bt,vital,vital,2688,-0.004232234486638558
surgery,validation_2024,pearson,prehosp_sbp,prehosp_gcs,vital,vital,2688,-0.07808430281367884
surgery,validation_2024,pearson,prehosp_sbp,prehosp_gcs_m,vital,vital,2688,-0.06958294957962882
surgery,validation_2024,pearson,prehosp_sbp,MAP,vital,derived_score,2330,0.8815766870417356
surgery,validation_2024,pearson,prehosp_sbp,SI,vital,derived_score,2689,-0.7778518877546241
surgery,validation_2024,pearson,prehosp_sbp,mSI,vital,derived_score,2330,-0.5839072188849888
surgery,validation_2024,pearson,prehosp_sbp,aSI,vital,derived_score,2686,-0.3318237860035877
surgery,validation_2024,pearson,prehosp_sbp,rSI,vital,derived_score,2689,0.8023692599105274
surgery,validation_2024,pearson,prehosp_sbp,rSIG,vital,derived_score,2688,0.7455057656059931
surgery,validation_2024,pearson,prehosp_sbp,rSIG_Age,vital,derived_score,2685,0.10756440222886024
surgery,validation_2024,pearson,prehosp_sbp,SI_G,vital,derived_score,2688,-0.5511711883748102
surgery,validation_2024,pearson,prehosp_sbp,SIA_G,vital,derived_score,2685,-0.23627654129321038
surgery,validation_2024,pearson,prehosp_sbp,SIAVPU,vital,derived_score,2689,-0.7665392856903297
surgery,validation_2024,pearson,prehosp_sbp,sMS,vital,derived_score,2688,-0.06260468473566827
surgery,validation_2024,pearson,prehosp_sbp,rSI_sMS,vital,derived_score,2688,0.7373879484515227
surgery,validation_2024,pearson,prehosp_sbp,rSI_GCS,vital,derived_score,2688,0.745505765605993
surgery,validation_2024,pearson,prehosp_sbp,rSI_GCSM,vital,derived_score,2688,0.746433968782003
surgery,validation_2024,pearson,prehosp_sbp,qSOFA,vital,derived_score,2689,-0.5707752177101678
surgery,validation_2024,pearson,prehosp_sbp,NEWS2,vital,derived_score,78,-0.004585360699076597
surgery,validation_2024,pearson,prehosp_sbp,MEWS,vital,derived_score,2688,-0.2747016934994674
surgery,validation_2024,pearson,prehosp_sbp,REMS,vital,derived_score,2328,0.5065665051865642
surgery,validation_2024,pearson,prehosp_sbp,RTS,vital,derived_score,2688,0.27045520645802534
surgery,validation_2024,pearson,prehosp_dbp,prehosp_hr,vital,vital,2330,0.1966081220797975
surgery,validation_2024,pearson,prehosp_dbp,prehosp_rr,vital,vital,2330,-0.01995784709109711
surgery,validation_2024,pearson,prehosp_dbp,prehosp_spo2,vital,vital,2330,0.03405348865860025
surgery,validation_2024,pearson,prehosp_dbp,prehosp_bt,vital,vital,2330,-0.009062559177379276
surgery,validation_2024,pearson,prehosp_dbp,prehosp_gcs,vital,vital,2329,-0.02733261950439965
surgery,validation_2024,pearson,prehosp_dbp,prehosp_gcs_m,vital,vital,2329,-0.024218813694700653
surgery,validation_2024,pearson,prehosp_dbp,MAP,vital,derived_score,2330,0.9104152013159166
surgery,validation_2024,pearson,prehosp_dbp,SI,vital,derived_score,2330,-0.30900661593007583
surgery,validation_2024,pearson,prehosp_dbp,mSI,vital,derived_score,2330,-0.5054031049044853
surgery,validation_2024,pearson,prehosp_dbp,aSI,vital,derived_score,2329,-0.0899552408922739
surgery,validation_2024,pearson,prehosp_dbp,rSI,vital,derived_score,2330,0.3415956910186812
surgery,validation_2024,pearson,prehosp_dbp,rSIG,vital,derived_score,2329,0.3101153971871343
surgery,validation_2024,pearson,prehosp_dbp,rSIG_Age,vital,derived_score,2328,-0.0025883610370285998
surgery,validation_2024,pearson,prehosp_dbp,SI_G,vital,derived_score,2329,-0.18284036593837832
surgery,validation_2024,pearson,prehosp_dbp,SIA_G,vital,derived_score,2328,-0.050816224323880846
surgery,validation_2024,pearson,prehosp_dbp,SIAVPU,vital,derived_score,2330,-0.2961922954429216
surgery,validation_2024,pearson,prehosp_dbp,sMS,vital,derived_score,2329,-0.031732729438089614
surgery,validation_2024,pearson,prehosp_dbp,rSI_sMS,vital,derived_score,2329,0.29909984279337787
surgery,validation_2024,pearson,prehosp_dbp,rSI_GCS,vital,derived_score,2329,0.3101153971871342
surgery,validation_2024,pearson,prehosp_dbp,rSI_GCSM,vital,derived_score,2329,0.31065719809679143
surgery,validation_2024,pearson,prehosp_dbp,qSOFA,vital,derived_score,2330,-0.177218205039395
surgery,validation_2024,pearson,prehosp_dbp,NEWS2,vital,derived_score,57,-0.05136816016278562
surgery,validation_2024,pearson,prehosp_dbp,MEWS,vital,derived_score,2330,0.14539266640639487
surgery,validation_2024,pearson,prehosp_dbp,REMS,vital,derived_score,2328,0.27724530366800343
surgery,validation_2024,pearson,prehosp_dbp,RTS,vital,derived_score,2329,-0.009147546914136719
surgery,validation_2024,pearson,prehosp_hr,prehosp_rr,vital,vital,2692,0.055834357797836576
surgery,validation_2024,pearson,prehosp_hr,prehosp_spo2,vital,vital,2690,-0.0493429327164871
surgery,validation_2024,pearson,prehosp_hr,prehosp_bt,vital,vital,2689,0.07068490184234422
surgery,validation_2024,pearson,prehosp_hr,prehosp_gcs,vital,vital,2691,0.03986867546194207
surgery,validation_2024,pearson,prehosp_hr,prehosp_gcs_m,vital,vital,2691,0.04180518884176836
surgery,validation_2024,pearson,prehosp_hr,MAP,vital,derived_score,2330,0.15599790571183297
surgery,validation_2024,pearson,prehosp_hr,SI,vital,derived_score,2689,0.4901905589645431
surgery,validation_2024,pearson,prehosp_hr,mSI,vital,derived_score,2330,0.6573145418624877
surgery,validation_2024,pearson,prehosp_hr,aSI,vital,derived_score,2686,0.24126748849142662
surgery,validation_2024,pearson,prehosp_hr,rSI,vital,derived_score,2689,-0.49880193947806456
surgery,validation_2024,pearson,prehosp_hr,rSIG,vital,derived_score,2688,-0.48095148933455756
surgery,validation_2024,pearson,prehosp_hr,rSIG_Age,vital,derived_score,2685,-0.1911701878713543
surgery,validation_2024,pearson,prehosp_hr,SI_G,vital,derived_score,2688,0.3916573833494787
surgery,validation_2024,pearson,prehosp_hr,SIA_G,vital,derived_score,2685,0.21753883880376082
surgery,validation_2024,pearson,prehosp_hr,SIAVPU,vital,derived_score,2689,0.4653250586304487
surgery,validation_2024,pearson,prehosp_hr,sMS,vital,derived_score,2691,0.015395840063009095
surgery,validation_2024,pearson,prehosp_hr,rSI_sMS,vital,derived_score,2688,-0.4777984483815606
surgery,validation_2024,pearson,prehosp_hr,rSI_GCS,vital,derived_score,2688,-0.48095148933455756
surgery,validation_2024,pearson,prehosp_hr,rSI_GCSM,vital,derived_score,2688,-0.4801091249636497
surgery,validation_2024,pearson,prehosp_hr,qSOFA,vital,derived_score,2689,-0.029551721822445032
surgery,validation_2024,pearson,prehosp_hr,NEWS2,vital,derived_score,78,0.5070486698510493
surgery,validation_2024,pearson,prehosp_hr,MEWS,vital,derived_score,2688,0.38576282308587495
surgery,validation_2024,pearson,prehosp_hr,REMS,vital,derived_score,2328,-0.016075798601404293
surgery,validation_2024,pearson,prehosp_hr,RTS,vital,derived_score,2688,0.010472430931830694
surgery,validation_2024,pearson,prehosp_rr,prehosp_spo2,vital,vital,2690,-0.0540387384147933
surgery,validation_2024,pearson,prehosp_rr,prehosp_bt,vital,vital,2689,-0.06354162875420725
surgery,validation_2024,pearson,prehosp_rr,prehosp_gcs,vital,vital,2691,0.06062488328757757
surgery,validation_2024,pearson,prehosp_rr,prehosp_gcs_m,vital,vital,2691,0.06394210212857883
surgery,validation_2024,pearson,prehosp_rr,MAP,vital,derived_score,2330,-0.029319640125788547
surgery,validation_2024,pearson,prehosp_rr,SI,vital,derived_score,2689,0.027058898433905073
surgery,validation_2024,pearson,prehosp_rr,mSI,vital,derived_score,2330,0.023688735223552894
surgery,validation_2024,pearson,prehosp_rr,aSI,vital,derived_score,2686,0.06749441176469818
surgery,validation_2024,pearson,prehosp_rr,rSI,vital,derived_score,2689,-0.017143308284111154
surgery,validation_2024,pearson,prehosp_rr,rSIG,vital,derived_score,2688,-0.018747757914859747
surgery,validation_2024,pearson,prehosp_rr,rSIG_Age,vital,derived_score,2685,-0.054147026956851654
surgery,validation_2024,pearson,prehosp_rr,SI_G,vital,derived_score,2688,0.04094673371753195
surgery,validation_2024,pearson,prehosp_rr,SIA_G,vital,derived_score,2685,0.07615897556682381
surgery,validation_2024,pearson,prehosp_rr,SIAVPU,vital,derived_score,2689,0.008510718345564543
surgery,validation_2024,pearson,prehosp_rr,sMS,vital,derived_score,2691,0.029498906239139096
surgery,validation_2024,pearson,prehosp_rr,rSI_sMS,vital,derived_score,2688,-0.02125570811591985
surgery,validation_2024,pearson,prehosp_rr,rSI_GCS,vital,derived_score,2688,-0.018747757914859747
surgery,validation_2024,pearson,prehosp_rr,rSI_GCSM,vital,derived_score,2688,-0.018410979169440126
surgery,validation_2024,pearson,prehosp_rr,qSOFA,vital,derived_score,2689,0.17961537892190435
surgery,validation_2024,pearson,prehosp_rr,NEWS2,vital,derived_score,78,0.6323763342426579
surgery,validation_2024,pearson,prehosp_rr,MEWS,vital,derived_score,2688,0.1998872827258606
surgery,validation_2024,pearson,prehosp_rr,REMS,vital,derived_score,2328,0.07917736279524211
surgery,validation_2024,pearson,prehosp_rr,RTS,vital,derived_score,2688,-0.037241791365100634
surgery,validation_2024,pearson,prehosp_spo2,prehosp_bt,vital,vital,2689,-0.02454823546784183
surgery,validation_2024,pearson,prehosp_spo2,prehosp_gcs,vital,vital,2689,0.2360276410357918
surgery,validation_2024,pearson,prehosp_spo2,prehosp_gcs_m,vital,vital,2689,0.2300187974856427
surgery,validation_2024,pearson,prehosp_spo2,MAP,vital,derived_score,2330,0.01615375465469564
surgery,validation_2024,pearson,prehosp_spo2,SI,vital,derived_score,2689,-0.05814881847489896
surgery,validation_2024,pearson,prehosp_spo2,mSI,vital,derived_score,2330,-0.07558364520135993
surgery,validation_2024,pearson,prehosp_spo2,aSI,vital,derived_score,2686,-0.16755445933609928
surgery,validation_2024,pearson,prehosp_spo2,rSI,vital,derived_score,2689,0.0332742228574898
surgery,validation_2024,pearson,prehosp_spo2,rSIG,vital,derived_score,2688,0.08255835979109223
surgery,validation_2024,pearson,prehosp_spo2,rSIG_Age,vital,derived_score,2685,0.16231776826758385
surgery,validation_2024,pearson,prehosp_spo2,SI_G,vital,derived_score,2688,-0.1701500439824249
surgery,validation_2024,pearson,prehosp_spo2,SIA_G,vital,derived_score,2685,-0.24634786529438468
surgery,validation_2024,pearson,prehosp_spo2,SIAVPU,vital,derived_score,2689,-0.0042761699976717445
surgery,validation_2024,pearson,prehosp_spo2,sMS,vital,derived_score,2689,0.19353451612972433
surgery,validation_2024,pearson,prehosp_spo2,rSI_sMS,vital,derived_score,2688,0.0774458820644313
surgery,validation_2024,pearson,prehosp_spo2,rSI_GCS,vital,derived_score,2688,0.08255835979109222
surgery,validation_2024,pearson,prehosp_spo2,rSI_GCSM,vital,derived_score,2688,0.08156949326195732
surgery,validation_2024,pearson,prehosp_spo2,qSOFA,vital,derived_score,2689,-0.17188112764734859
surgery,validation_2024,pearson,prehosp_spo2,NEWS2,vital,derived_score,78,-0.5845079116998545
surgery,validation_2024,pearson,prehosp_spo2,MEWS,vital,derived_score,2688,-0.14490175154639648
surgery,validation_2024,pearson,prehosp_spo2,REMS,vital,derived_score,2328,-0.20571651875131272
surgery,validation_2024,pearson,prehosp_spo2,RTS,vital,derived_score,2688,0.16355548125886213
surgery,validation_2024,pearson,prehosp_bt,prehosp_gcs,vital,vital,2688,0.06972811538365402
surgery,validation_2024,pearson,prehosp_bt,prehosp_gcs_m,vital,vital,2688,0.0303186899982967
surgery,validation_2024,pearson,prehosp_bt,MAP,vital,derived_score,2330,0.011096159858309428
surgery,validation_2024,pearson,prehosp_bt,SI,vital,derived_score,2688,0.04791753344135808
surgery,validation_2024,pearson,prehosp_bt,mSI,vital,derived_score,2330,0.05690274544985744
surgery,validation_2024,pearson,prehosp_bt,aSI,vital,derived_score,2685,0.02633992991314526
surgery,validation_2024,pearson,prehosp_bt,rSI,vital,derived_score,2688,-0.04209589942848661
surgery,validation_2024,pearson,prehosp_bt,rSIG,vital,derived_score,2687,-0.023465255652368094
surgery,validation_2024,pearson,prehosp_bt,rSIG_Age,vital,derived_score,2684,-0.0064196776785885165
surgery,validation_2024,pearson,prehosp_bt,SI_G,vital,derived_score,2687,0.01254338944195682
surgery,validation_2024,pearson,prehosp_bt,SIA_G,vital,derived_score,2684,-0.0006661442571469093
surgery,validation_2024,pearson,prehosp_bt,SIAVPU,vital,derived_score,2688,0.06704187521308902
surgery,validation_2024,pearson,prehosp_bt,sMS,vital,derived_score,2688,0.06671275267843228
surgery,validation_2024,pearson,prehosp_bt,rSI_sMS,vital,derived_score,2687,-0.021613582303543738
surgery,validation_2024,pearson,prehosp_bt,rSI_GCS,vital,derived_score,2687,-0.023465255652368084
surgery,validation_2024,pearson,prehosp_bt,rSI_GCSM,vital,derived_score,2687,-0.03425092168299752
surgery,validation_2024,pearson,prehosp_bt,qSOFA,vital,derived_score,2688,-0.02476397805334883
surgery,validation_2024,pearson,prehosp_bt,NEWS2,vital,derived_score,78,-0.19919187576781827
surgery,validation_2024,pearson,prehosp_bt,MEWS,vital,derived_score,2688,-0.07778347692722373
surgery,validation_2024,pearson,prehosp_bt,REMS,vital,derived_score,2328,-0.014345010375863963
surgery,validation_2024,pearson,prehosp_bt,RTS,vital,derived_score,2687,0.01771071503648123
surgery,validation_2024,pearson,prehosp_gcs,prehosp_gcs_m,vital,vital,2691,0.936743394404279
surgery,validation_2024,pearson,prehosp_gcs,MAP,vital,derived_score,2329,-0.058886715024940056
surgery,validation_2024,pearson,prehosp_gcs,SI,vital,derived_score,2688,0.03354009360619691
surgery,validation_2024,pearson,prehosp_gcs,mSI,vital,derived_score,2329,0.02478727390342542
surgery,validation_2024,pearson,prehosp_gcs,aSI,vital,derived_score,2685,-0.04949964747583465
surgery,validation_2024,pearson,prehosp_gcs,rSI,vital,derived_score,2688,-0.07050708027898797
surgery,validation_2024,pearson,prehosp_gcs,rSIG,vital,derived_score,2688,0.26509242690737117
surgery,validation_2024,pearson,prehosp_gcs,rSIG_Age,vital,derived_score,2685,0.18218315368683066
surgery,validation_2024,pearson,prehosp_gcs,SI_G,vital,derived_score,2688,-0.5670496256957219
surgery,validation_2024,pearson,prehosp_gcs,SIA_G,vital,derived_score,2685,-0.5114920885097225
surgery,validation_2024,pearson,prehosp_gcs,SIAVPU,vital,derived_score,2688,0.23004826612358786
surgery,validation_2024,pearson,prehosp_gcs,sMS,vital,derived_score,2691,0.9300674465610633
surgery,validation_2024,pearson,prehosp_gcs,rSI_sMS,vital,derived_score,2688,0.2719386656108405
surgery,validation_2024,pearson,prehosp_gcs,rSI_GCS,vital,derived_score,2688,0.26509242690737117
surgery,validation_2024,pearson,prehosp_gcs,rSI_GCSM,vital,derived_score,2688,0.24401979642163668
surgery,validation_2024,pearson,prehosp_gcs,qSOFA,vital,derived_score,2688,-0.36064849915601327
surgery,validation_2024,pearson,prehosp_gcs,NEWS2,vital,derived_score,78,-0.4063076777298459
surgery,validation_2024,pearson,prehosp_gcs,MEWS,vital,derived_score,2687,-0.35622487323665053
surgery,validation_2024,pearson,prehosp_gcs,REMS,vital,derived_score,2328,-0.2733541563657839
surgery,validation_2024,pearson,prehosp_gcs,RTS,vital,derived_score,2688,0.7998259652915649
surgery,validation_2024,pearson,prehosp_gcs_m,MAP,vital,derived_score,2329,-0.05193706155066846
surgery,validation_2024,pearson,prehosp_gcs_m,SI,vital,derived_score,2688,0.030741394290819745
surgery,validation_2024,pearson,prehosp_gcs_m,mSI,vital,derived_score,2329,0.017225716998359973
surgery,validation_2024,pearson,prehosp_gcs_m,aSI,vital,derived_score,2685,-0.04041666424502353
surgery,validation_2024,pearson,prehosp_gcs_m,rSI,vital,derived_score,2688,-0.06224302982364343
surgery,validation_2024,pearson,prehosp_gcs_m,rSIG,vital,derived_score,2688,0.24994799136831067
surgery,validation_2024,pearson,prehosp_gcs_m,rSIG_Age,vital,derived_score,2685,0.1677849999864852
surgery,validation_2024,pearson,prehosp_gcs_m,SI_G,vital,derived_score,2688,-0.5570789664614086
surgery,validation_2024,pearson,prehosp_gcs_m,SIA_G,vital,derived_score,2685,-0.4923545173169897
surgery,validation_2024,pearson,prehosp_gcs_m,SIAVPU,vital,derived_score,2688,0.20495172121388558
surgery,validation_2024,pearson,prehosp_gcs_m,sMS,vital,derived_score,2691,0.9115864951515908
surgery,validation_2024,pearson,prehosp_gcs_m,rSI_sMS,vital,derived_score,2688,0.26957069835804526
surgery,validation_2024,pearson,prehosp_gcs_m,rSI_GCS,vital,derived_score,2688,0.24994799136831078
surgery,validation_2024,pearson,prehosp_gcs_m,rSI_GCSM,vital,derived_score,2688,0.2719503555247488
surgery,validation_2024,pearson,prehosp_gcs_m,qSOFA,vital,derived_score,2688,-0.31799864501205244
surgery,validation_2024,pearson,prehosp_gcs_m,NEWS2,vital,derived_score,78,-0.3637477313687485
surgery,validation_2024,pearson,prehosp_gcs_m,MEWS,vital,derived_score,2687,-0.3184182581418405
surgery,validation_2024,pearson,prehosp_gcs_m,REMS,vital,derived_score,2328,-0.2652350728511578
surgery,validation_2024,pearson,prehosp_gcs_m,RTS,vital,derived_score,2688,0.7631497486379087
surgery,validation_2024,pearson,MAP,SI,derived_score,derived_score,2330,-0.5354507671582742
surgery,validation_2024,pearson,MAP,mSI,derived_score,derived_score,2330,-0.6043504263672901
surgery,validation_2024,pearson,MAP,aSI,derived_score,derived_score,2329,-0.07919745379361944
surgery,validation_2024,pearson,MAP,rSI,derived_score,derived_score,2330,0.5795914398612824
surgery,validation_2024,pearson,MAP,rSIG,derived_score,derived_score,2329,0.5215964810226108
surgery,validation_2024,pearson,MAP,rSIG_Age,derived_score,derived_score,2328,-0.050250625595176346
surgery,validation_2024,pearson,MAP,SI_G,derived_score,derived_score,2329,-0.30316232410309274
surgery,validation_2024,pearson,MAP,SIA_G,derived_score,derived_score,2328,-0.027957139463260637
surgery,validation_2024,pearson,MAP,SIAVPU,derived_score,derived_score,2330,-0.5149068182541067
surgery,validation_2024,pearson,MAP,sMS,derived_score,derived_score,2329,-0.05260417401591754
surgery,validation_2024,pearson,MAP,rSI_sMS,derived_score,derived_score,2329,0.5106761923792158
surgery,validation_2024,pearson,MAP,rSI_GCS,derived_score,derived_score,2329,0.5215964810226108
surgery,validation_2024,pearson,MAP,rSI_GCSM,derived_score,derived_score,2329,0.522983567518608
surgery,validation_2024,pearson,MAP,qSOFA,derived_score,derived_score,2330,-0.22031733304627668
surgery,validation_2024,pearson,MAP,NEWS2,derived_score,derived_score,57,-0.09867050695737736
surgery,validation_2024,pearson,MAP,MEWS,derived_score,derived_score,2330,0.14793713183857576
surgery,validation_2024,pearson,MAP,REMS,derived_score,derived_score,2328,0.42850296401259624
surgery,validation_2024,pearson,MAP,RTS,derived_score,derived_score,2329,-0.03677378436446269
surgery,validation_2024,pearson,SI,mSI,derived_score,derived_score,2330,0.9343366024582845
surgery,validation_2024,pearson,SI,aSI,derived_score,derived_score,2686,0.5061372078978544
surgery,validation_2024,pearson,SI,rSI,derived_score,derived_score,2689,-0.9166816944794334
surgery,validation_2024,pearson,SI,rSIG,derived_score,derived_score,2688,-0.8707923723954546
surgery,validation_2024,pearson,SI,rSIG_Age,derived_score,derived_score,2685,-0.26260875518035787
surgery,validation_2024,pearson,SI,SI_G,derived_score,derived_score,2688,0.7470539966113366
surgery,validation_2024,pearson,SI,SIA_G,derived_score,derived_score,2685,0.40548811240969734
surgery,validation_2024,pearson,SI,SIAVPU,derived_score,derived_score,2689,0.969396512908075
surgery,validation_2024,pearson,SI,sMS,derived_score,derived_score,2688,0.01307354640599577
surgery,validation_2024,pearson,SI,rSI_sMS,derived_score,derived_score,2688,-0.8630652747579952
surgery,validation_2024,pearson,SI,rSI_GCS,derived_score,derived_score,2688,-0.8707923723954549
surgery,validation_2024,pearson,SI,rSI_GCSM,derived_score,derived_score,2688,-0.8702377771056392
surgery,validation_2024,pearson,SI,qSOFA,derived_score,derived_score,2689,0.5900334962855693
surgery,validation_2024,pearson,SI,NEWS2,derived_score,derived_score,78,0.3622028763209969
surgery,validation_2024,pearson,SI,MEWS,derived_score,derived_score,2688,0.5851794571820128
surgery,validation_2024,pearson,SI,REMS,derived_score,derived_score,2328,-0.3477058208395537
surgery,validation_2024,pearson,SI,RTS,derived_score,derived_score,2688,-0.3351186661080333
surgery,validation_2024,pearson,mSI,aSI,derived_score,derived_score,2329,0.29588955702559966
surgery,validation_2024,pearson,mSI,rSI,derived_score,derived_score,2330,-0.8704748999009461
surgery,validation_2024,pearson,mSI,rSIG,derived_score,derived_score,2329,-0.8105398555858536
surgery,validation_2024,pearson,mSI,rSIG_Age,derived_score,derived_score,2328,-0.13300982185279517
surgery,validation_2024,pearson,mSI,SI_G,derived_score,derived_score,2329,0.5775994273399246
surgery,validation_2024,pearson,mSI,SIA_G,derived_score,derived_score,2328,0.21361420157614588
surgery,validation_2024,pearson,mSI,SIAVPU,derived_score,derived_score,2330,0.8757919982369192
surgery,validation_2024,pearson,mSI,sMS,derived_score,derived_score,2329,0.006308337261470205
surgery,validation_2024,pearson,mSI,rSI_sMS,derived_score,derived_score,2329,-0.8001521894897154
surgery,validation_2024,pearson,mSI,rSI_GCS,derived_score,derived_score,2329,-0.8105398555858536
surgery,validation_2024,pearson,mSI,rSI_GCSM,derived_score,derived_score,2329,-0.810904560052191
surgery,validation_2024,pearson,mSI,qSOFA,derived_score,derived_score,2330,0.22425237371542184
surgery,validation_2024,pearson,mSI,NEWS2,derived_score,derived_score,57,0.49690131580841884
surgery,validation_2024,pearson,mSI,MEWS,derived_score,derived_score,2330,0.3120508378951059
surgery,validation_2024,pearson,mSI,REMS,derived_score,derived_score,2328,-0.2932068959094289
surgery,validation_2024,pearson,mSI,RTS,derived_score,derived_score,2329,0.0018789450970889473
surgery,validation_2024,pearson,aSI,rSI,derived_score,derived_score,2686,-0.4044744823356972
surgery,validation_2024,pearson,aSI,rSIG,derived_score,derived_score,2685,-0.4005507731135572
surgery,validation_2024,pearson,aSI,rSIG_Age,derived_score,derived_score,2685,-0.814605886570199
surgery,validation_2024,pearson,aSI,SI_G,derived_score,derived_score,2685,0.41339516370058743
surgery,validation_2024,pearson,aSI,SIA_G,derived_score,derived_score,2685,0.8429546110003432
surgery,validation_2024,pearson,aSI,SIAVPU,derived_score,derived_score,2686,0.4760204717263288
surgery,validation_2024,pearson,aSI,sMS,derived_score,derived_score,2685,-0.06079143064416361
surgery,validation_2024,pearson,aSI,rSI_sMS,derived_score,derived_score,2685,-0.39905416290793916
surgery,validation_2024,pearson,aSI,rSI_GCS,derived_score,derived_score,2685,-0.4005507731135572
surgery,validation_2024,pearson,aSI,rSI_GCSM,derived_score,derived_score,2685,-0.3979221485652666
surgery,validation_2024,pearson,aSI,qSOFA,derived_score,derived_score,2686,0.42748066205722124
surgery,validation_2024,pearson,aSI,NEWS2,derived_score,derived_score,78,0.3741115471063759
surgery,validation_2024,pearson,aSI,MEWS,derived_score,derived_score,2685,0.4202316785236773
surgery,validation_2024,pearson,aSI,REMS,derived_score,derived_score,2328,0.6342416031030069
surgery,validation_2024,pearson,aSI,RTS,derived_score,derived_score,2685,-0.28182256283173435
surgery,validation_2024,pearson,rSI,rSIG,derived_score,derived_score,2688,0.9371068391072669
surgery,validation_2024,pearson,rSI,rSIG_Age,derived_score,derived_score,2685,0.20099405392428288
surgery,validation_2024,pearson,rSI,SI_G,derived_score,derived_score,2688,-0.6689218590926865
surgery,validation_2024,pearson,rSI,SIA_G,derived_score,derived_score,2685,-0.3080558210579981
surgery,validation_2024,pearson,rSI,SIAVPU,derived_score,derived_score,2689,-0.8964927761196898
surgery,validation_2024,pearson,rSI,sMS,derived_score,derived_score,2688,-0.05167922191752991
surgery,validation_2024,pearson,rSI,rSI_sMS,derived_score,derived_score,2688,0.9282745059791957
surgery,validation_2024,pearson,rSI,rSI_GCS,derived_score,derived_score,2688,0.9371068391072669
surgery,validation_2024,pearson,rSI,rSI_GCSM,derived_score,derived_score,2688,0.937439688723286
surgery,validation_2024,pearson,rSI,qSOFA,derived_score,derived_score,2689,-0.4577166779619224
surgery,validation_2024,pearson,rSI,NEWS2,derived_score,derived_score,78,-0.2598324203625246
surgery,validation_2024,pearson,rSI,MEWS,derived_score,derived_score,2688,-0.4072544946712623
surgery,validation_2024,pearson,rSI,REMS,derived_score,derived_score,2328,0.44441291130955424
surgery,validation_2024,pearson,rSI,RTS,derived_score,derived_score,2688,0.21524194047097386
surgery,validation_2024,pearson,rSIG,rSIG_Age,derived_score,derived_score,2685,0.2548127504502869
surgery,validation_2024,pearson,rSIG,SI_G,derived_score,derived_score,2688,-0.8190561605957787
surgery,validation_2024,pearson,rSIG,SIA_G,derived_score,derived_score,2685,-0.45453771201704285
surgery,validation_2024,pearson,rSIG,SIAVPU,derived_score,derived_score,2688,-0.7927509425480709
surgery,validation_2024,pearson,rSIG,sMS,derived_score,derived_score,2688,0.2536777552502494
surgery,validation_2024,pearson,rSIG,rSI_sMS,derived_score,derived_score,2688,0.9918997459710325
surgery,validation_2024,pearson,rSIG,rSI_GCS,derived_score,derived_score,2688,0.9999999999999999
surgery,validation_2024,pearson,rSIG,rSI_GCSM,derived_score,derived_score,2688,0.9927296571657287
surgery,validation_2024,pearson,rSIG,qSOFA,derived_score,derived_score,2688,-0.5536706472818932
surgery,validation_2024,pearson,rSIG,NEWS2,derived_score,derived_score,78,-0.5520469223118148
surgery,validation_2024,pearson,rSIG,MEWS,derived_score,derived_score,2687,-0.5106335008004904
surgery,validation_2024,pearson,rSIG,REMS,derived_score,derived_score,2328,0.32153619001038936
surgery,validation_2024,pearson,rSIG,RTS,derived_score,derived_score,2688,0.4780047545995895
surgery,validation_2024,pearson,rSIG_Age,SI_G,derived_score,derived_score,2685,-0.30058642196724805
surgery,validation_2024,pearson,rSIG_Age,SIA_G,derived_score,derived_score,2685,-0.7407980826953336
surgery,validation_2024,pearson,rSIG_Age,SIAVPU,derived_score,derived_score,2685,-0.2175760936644393
surgery,validation_2024,pearson,rSIG_Age,sMS,derived_score,derived_score,2685,0.17720196085160397
surgery,validation_2024,pearson,rSIG_Age,rSI_sMS,derived_score,derived_score,2685,0.2556364101499467
surgery,validation_2024,pearson,rSIG_Age,rSI_GCS,derived_score,derived_score,2685,0.25481275045028684
surgery,validation_2024,pearson,rSIG_Age,rSI_GCSM,derived_score,derived_score,2685,0.24989539434459387
surgery,validation_2024,pearson,rSIG_Age,qSOFA,derived_score,derived_score,2685,-0.3008820191854551
surgery,validation_2024,pearson,rSIG_Age,NEWS2,derived_score,derived_score,78,-0.4511682269188805
surgery,validation_2024,pearson,rSIG_Age,MEWS,derived_score,derived_score,2684,-0.31083009024015407
surgery,validation_2024,pearson,rSIG_Age,REMS,derived_score,derived_score,2328,-0.6440568098763956
surgery,validation_2024,pearson,rSIG_Age,RTS,derived_score,derived_score,2685,0.2819132406549774
surgery,validation_2024,pearson,SI_G,SIA_G,derived_score,derived_score,2685,0.6780489530482763
surgery,validation_2024,pearson,SI_G,SIAVPU,derived_score,derived_score,2688,0.5967281942742025
surgery,validation_2024,pearson,SI_G,sMS,derived_score,derived_score,2688,-0.4903338463015869
surgery,validation_2024,pearson,SI_G,rSI_sMS,derived_score,derived_score,2688,-0.8005953799568342
surgery,validation_2024,pearson,SI_G,rSI_GCS,derived_score,derived_score,2688,-0.8190561605957788
surgery,validation_2024,pearson,SI_G,rSI_GCSM,derived_score,derived_score,2688,-0.816359415255503
surgery,validation_2024,pearson,SI_G,qSOFA,derived_score,derived_score,2688,0.6303522917989969
surgery,validation_2024,pearson,SI_G,NEWS2,derived_score,derived_score,78,0.48379325320889194
surgery,validation_2024,pearson,SI_G,MEWS,derived_score,derived_score,2687,0.6556848452916404
surgery,validation_2024,pearson,SI_G,REMS,derived_score,derived_score,2328,-0.023321342072822836
surgery,validation_2024,pearson,SI_G,RTS,derived_score,derived_score,2688,-0.7622666801895419
surgery,validation_2024,pearson,SIA_G,SIAVPU,derived_score,derived_score,2685,0.28096001702858214
surgery,validation_2024,pearson,SIA_G,sMS,derived_score,derived_score,2685,-0.4478992000830525
surgery,validation_2024,pearson,SIA_G,rSI_sMS,derived_score,derived_score,2685,-0.44317464212951935
surgery,validation_2024,pearson,SIA_G,rSI_GCS,derived_score,derived_score,2685,-0.4545377120170428
surgery,validation_2024,pearson,SIA_G,rSI_GCSM,derived_score,derived_score,2685,-0.44980868587149164
surgery,validation_2024,pearson,SIA_G,qSOFA,derived_score,derived_score,2685,0.49668118155966307
surgery,validation_2024,pearson,SIA_G,NEWS2,derived_score,derived_score,78,0.4570974650606067
surgery,validation_2024,pearson,SIA_G,MEWS,derived_score,derived_score,2684,0.5176921066531998
surgery,validation_2024,pearson,SIA_G,REMS,derived_score,derived_score,2328,0.6138024748713778
surgery,validation_2024,pearson,SIA_G,RTS,derived_score,derived_score,2685,-0.6340288036039307
surgery,validation_2024,pearson,SIAVPU,sMS,derived_score,derived_score,2688,0.19714200535188556
surgery,validation_2024,pearson,SIAVPU,rSI_sMS,derived_score,derived_score,2688,-0.7843697881258838
surgery,validation_2024,pearson,SIAVPU,rSI_GCS,derived_score,derived_score,2688,-0.7927509425480711
surgery,validation_2024,pearson,SIAVPU,rSI_GCSM,derived_score,derived_score,2688,-0.7978723455454642
surgery,validation_2024,pearson,SIAVPU,qSOFA,derived_score,derived_score,2689,0.47752202255963405
surgery,validation_2024,pearson,SIAVPU,NEWS2,derived_score,derived_score,78,-0.04598795161144062
surgery,validation_2024,pearson,SIAVPU,MEWS,derived_score,derived_score,2688,0.47054927648975714
surgery,validation_2024,pearson,SIAVPU,REMS,derived_score,derived_score,2328,-0.41056060484987483
surgery,validation_2024,pearson,SIAVPU,RTS,derived_score,derived_score,2688,-0.1679653086666336
surgery,validation_2024,pearson,sMS,rSI_sMS,derived_score,derived_score,2688,0.30464803996425627
surgery,validation_2024,pearson,sMS,rSI_GCS,derived_score,derived_score,2688,0.25367775525024944
surgery,validation_2024,pearson,sMS,rSI_GCSM,derived_score,derived_score,2688,0.24641274748879466
surgery,validation_2024,pearson,sMS,qSOFA,derived_score,derived_score,2688,-0.37432857650933465
surgery,validation_2024,pearson,sMS,NEWS2,derived_score,derived_score,78,-0.4611991408957638
surgery,validation_2024,pearson,sMS,MEWS,derived_score,derived_score,2687,-0.34019697384881564
surgery,validation_2024,pearson,sMS,REMS,derived_score,derived_score,2328,-0.2641067659680532
surgery,validation_2024,pearson,sMS,RTS,derived_score,derived_score,2688,0.7156845814115744
surgery,validation_2024,pearson,rSI_sMS,rSI_GCS,derived_score,derived_score,2688,0.9918997459710326
surgery,validation_2024,pearson,rSI_sMS,rSI_GCSM,derived_score,derived_score,2688,0.9883625944556641
surgery,validation_2024,pearson,rSI_sMS,qSOFA,derived_score,derived_score,2688,-0.5603833950708476
surgery,validation_2024,pearson,rSI_sMS,NEWS2,derived_score,derived_score,78,-0.5757800658618828
surgery,validation_2024,pearson,rSI_sMS,MEWS,derived_score,derived_score,2687,-0.5084126225244282
surgery,validation_2024,pearson,rSI_sMS,REMS,derived_score,derived_score,2328,0.3107541083241202
surgery,validation_2024,pearson,rSI_sMS,RTS,derived_score,derived_score,2688,0.4705404159952515
surgery,validation_2024,pearson,rSI_GCS,rSI_GCSM,derived_score,derived_score,2688,0.9927296571657287
surgery,validation_2024,pearson,rSI_GCS,qSOFA,derived_score,derived_score,2688,-0.5536706472818932
surgery,validation_2024,pearson,rSI_GCS,NEWS2,derived_score,derived_score,78,-0.5520469223118148
surgery,validation_2024,pearson,rSI_GCS,MEWS,derived_score,derived_score,2687,-0.5106335008004903
surgery,validation_2024,pearson,rSI_GCS,REMS,derived_score,derived_score,2328,0.3215361900103893
surgery,validation_2024,pearson,rSI_GCS,RTS,derived_score,derived_score,2688,0.4780047545995895
surgery,validation_2024,pearson,rSI_GCSM,qSOFA,derived_score,derived_score,2688,-0.5402209712139151
surgery,validation_2024,pearson,rSI_GCSM,NEWS2,derived_score,derived_score,78,-0.5114328802691249
surgery,validation_2024,pearson,rSI_GCSM,MEWS,derived_score,derived_score,2687,-0.49935674367475213
surgery,validation_2024,pearson,rSI_GCSM,REMS,derived_score,derived_score,2328,0.3242183466364346
surgery,validation_2024,pearson,rSI_GCSM,RTS,derived_score,derived_score,2688,0.46657721543763
surgery,validation_2024,pearson,qSOFA,NEWS2,derived_score,derived_score,78,0.7532876393318301
surgery,validation_2024,pearson,qSOFA,MEWS,derived_score,derived_score,2688,0.6736812282040451
surgery,validation_2024,pearson,qSOFA,REMS,derived_score,derived_score,2328,0.15938583858484662
surgery,validation_2024,pearson,qSOFA,RTS,derived_score,derived_score,2688,-0.6303315389612992
surgery,validation_2024,pearson,NEWS2,MEWS,derived_score,derived_score,78,0.743390177283536
surgery,validation_2024,pearson,NEWS2,REMS,derived_score,derived_score,57,0.4192424391450395
surgery,validation_2024,pearson,NEWS2,RTS,derived_score,derived_score,78,-0.4096501500162297
surgery,validation_2024,pearson,MEWS,REMS,derived_score,derived_score,2328,0.30400208397543443
surgery,validation_2024,pearson,MEWS,RTS,derived_score,derived_score,2687,-0.6060693345788796
surgery,validation_2024,pearson,REMS,RTS,derived_score,derived_score,2328,-0.2660581412596146
surgery,validation_2024,spearman,EMT_年齡,prehosp_sbp,vital,vital,2694,0.26473121945839795
surgery,validation_2024,spearman,EMT_年齡,prehosp_dbp,vital,vital,2329,0.10053554212750758
surgery,validation_2024,spearman,EMT_年齡,prehosp_hr,vital,vital,2689,-0.0771920468515273
surgery,validation_2024,spearman,EMT_年齡,prehosp_rr,vital,vital,2689,0.06535884229094024
surgery,validation_2024,spearman,EMT_年齡,prehosp_spo2,vital,vital,2687,-0.19185191990653874
surgery,validation_2024,spearman,EMT_年齡,prehosp_bt,vital,vital,2686,0.0008770594252957961
surgery,validation_2024,spearman,EMT_年齡,prehosp_gcs,vital,vital,2688,-0.08536802394151925
surgery,validation_2024,spearman,EMT_年齡,prehosp_gcs_m,vital,vital,2688,-0.0781091774154335
surgery,validation_2024,spearman,EMT_年齡,MAP,vital,derived_score,2329,0.27387970314907134
surgery,validation_2024,spearman,EMT_年齡,SI,vital,derived_score,2686,-0.24721614598641334
surgery,validation_2024,spearman,EMT_年齡,mSI,vital,derived_score,2329,-0.2721223517951478
surgery,validation_2024,spearman,EMT_年齡,aSI,vital,derived_score,2686,0.8118434802092496
surgery,validation_2024,spearman,EMT_年齡,rSI,vital,derived_score,2686,0.24721614598641334
surgery,validation_2024,spearman,EMT_年齡,rSIG,vital,derived_score,2685,0.21687643188335157
surgery,validation_2024,spearman,EMT_年齡,rSIG_Age,vital,derived_score,2685,-0.8077455317124961
surgery,validation_2024,spearman,EMT_年齡,SI_G,vital,derived_score,2685,-0.21688905256983798
surgery,validation_2024,spearman,EMT_年齡,SIA_G,vital,derived_score,2685,0.8077531131307609
surgery,validation_2024,spearman,EMT_年齡,SIAVPU,vital,derived_score,2686,-0.25122737897311803
surgery,validation_2024,spearman,EMT_年齡,sMS,vital,derived_score,2688,-0.07817217079797215
surgery,validation_2024,spearman,EMT_年齡,rSI_sMS,vital,derived_score,2685,0.215664006021154
surgery,validation_2024,spearman,EMT_年齡,rSI_GCS,vital,derived_score,2685,0.2168759062350115
surgery,validation_2024,spearman,EMT_年齡,rSI_GCSM,vital,derived_score,2685,0.22484144332818942
surgery,validation_2024,spearman,EMT_年齡,qSOFA,vital,derived_score,2686,0.04413605025290987
surgery,validation_2024,spearman,EMT_年齡,NEWS2,vital,derived_score,78,0.09552691614588299
surgery,validation_2024,spearman,EMT_年齡,MEWS,vital,derived_score,2685,0.04113712034692073
surgery,validation_2024,spearman,EMT_年齡,REMS,vital,derived_score,2328,0.8822586579279229
surgery,validation_2024,spearman,EMT_年齡,RTS,vital,derived_score,2685,-0.0665686155514907
surgery,validation_2024,spearman,prehosp_sbp,prehosp_dbp,vital,vital,2330,0.5655733718553093
surgery,validation_2024,spearman,prehosp_sbp,prehosp_hr,vital,vital,2689,0.09723672890619121
surgery,validation_2024,spearman,prehosp_sbp,prehosp_rr,vital,vital,2689,-0.026384786128561367
surgery,validation_2024,spearman,prehosp_sbp,prehosp_spo2,vital,vital,2689,0.006263562150570274
surgery,validation_2024,spearman,prehosp_sbp,prehosp_bt,vital,vital,2688,-0.0012500102922025508
surgery,validation_2024,spearman,prehosp_sbp,prehosp_gcs,vital,vital,2688,-0.02876787250767421
surgery,validation_2024,spearman,prehosp_sbp,prehosp_gcs_m,vital,vital,2688,-0.03056856819526562
surgery,validation_2024,spearman,prehosp_sbp,MAP,vital,derived_score,2330,0.8692396915447721
surgery,validation_2024,spearman,prehosp_sbp,SI,vital,derived_score,2689,-0.7824802404348566
surgery,validation_2024,spearman,prehosp_sbp,mSI,vital,derived_score,2330,-0.5765712302662405
surgery,validation_2024,spearman,prehosp_sbp,aSI,vital,derived_score,2686,-0.17472129754193844
surgery,validation_2024,spearman,prehosp_sbp,rSI,vital,derived_score,2689,0.7824802404348566
surgery,validation_2024,spearman,prehosp_sbp,rSIG,vital,derived_score,2688,0.7459708748098707
surgery,validation_2024,spearman,prehosp_sbp,rSIG_Age,vital,derived_score,2685,0.15899266060439746
surgery,validation_2024,spearman,prehosp_sbp,SI_G,vital,derived_score,2688,-0.7459773535077013
surgery,validation_2024,spearman,prehosp_sbp,SIA_G,vital,derived_score,2685,-0.15898555396591169
surgery,validation_2024,spearman,prehosp_sbp,SIAVPU,vital,derived_score,2689,-0.7673609450977007
surgery,validation_2024,spearman,prehosp_sbp,sMS,vital,derived_score,2688,-0.030491978840480324
surgery,validation_2024,spearman,prehosp_sbp,rSI_sMS,vital,derived_score,2688,0.7374028815902371
surgery,validation_2024,spearman,prehosp_sbp,rSI_GCS,vital,derived_score,2688,0.7459709267837291
surgery,validation_2024,spearman,prehosp_sbp,rSI_GCSM,vital,derived_score,2688,0.753036707484375
surgery,validation_2024,spearman,prehosp_sbp,qSOFA,vital,derived_score,2689,-0.5605998201327845
surgery,validation_2024,spearman,prehosp_sbp,NEWS2,vital,derived_score,78,0.0753748538448733
surgery,validation_2024,spearman,prehosp_sbp,MEWS,vital,derived_score,2688,-0.3137044667415952
surgery,validation_2024,spearman,prehosp_sbp,REMS,vital,derived_score,2328,0.4863589844944475
surgery,validation_2024,spearman,prehosp_sbp,RTS,vital,derived_score,2688,0.4464454909308511
surgery,validation_2024,spearman,prehosp_dbp,prehosp_hr,vital,vital,2330,0.21809376319740856
surgery,validation_2024,spearman,prehosp_dbp,prehosp_rr,vital,vital,2330,-0.010558315997597078
surgery,validation_2024,spearman,prehosp_dbp,prehosp_spo2,vital,vital,2330,0.049138787599345556
surgery,validation_2024,spearman,prehosp_dbp,prehosp_bt,vital,vital,2330,-0.009510328161296721
surgery,validation_2024,spearman,prehosp_dbp,prehosp_gcs,vital,vital,2329,0.009280405965240426
surgery,validation_2024,spearman,prehosp_dbp,prehosp_gcs_m,vital,vital,2329,-0.00590883998996114
surgery,validation_2024,spearman,prehosp_dbp,MAP,vital,derived_score,2330,0.8870876925173004
surgery,validation_2024,spearman,prehosp_dbp,SI,vital,derived_score,2330,-0.2758642055312344
surgery,validation_2024,spearman,prehosp_dbp,mSI,vital,derived_score,2330,-0.4849741332361017
surgery,validation_2024,spearman,prehosp_dbp,aSI,vital,derived_score,2329,-0.03729808799775284
surgery,validation_2024,spearman,prehosp_dbp,rSI,vital,derived_score,2330,0.2758642055312344
surgery,validation_2024,spearman,prehosp_dbp,rSIG,vital,derived_score,2329,0.2583467247067361
surgery,validation_2024,spearman,prehosp_dbp,rSIG_Age,vital,derived_score,2328,0.0323142095246598
surgery,validation_2024,spearman,prehosp_dbp,SI_G,vital,derived_score,2329,-0.2583469222885163
surgery,validation_2024,spearman,prehosp_dbp,SIA_G,vital,derived_score,2328,-0.03231501012420513
surgery,validation_2024,spearman,prehosp_dbp,SIAVPU,vital,derived_score,2330,-0.26459010750929485
surgery,validation_2024,spearman,prehosp_dbp,sMS,vital,derived_score,2329,-0.005784376490530984
surgery,validation_2024,spearman,prehosp_dbp,rSI_sMS,vital,derived_score,2329,0.2520921569338304
surgery,validation_2024,spearman,prehosp_dbp,rSI_GCS,vital,derived_score,2329,0.258346472829939
surgery,validation_2024,spearman,prehosp_dbp,rSI_GCSM,vital,derived_score,2329,0.26029035601334133
surgery,validation_2024,spearman,prehosp_dbp,qSOFA,vital,derived_score,2330,-0.19736590452402467
surgery,validation_2024,spearman,prehosp_dbp,NEWS2,vital,derived_score,57,-0.029686653538806736
surgery,validation_2024,spearman,prehosp_dbp,MEWS,vital,derived_score,2330,0.08876771651162432
surgery,validation_2024,spearman,prehosp_dbp,REMS,vital,derived_score,2328,0.24268618675874104
surgery,validation_2024,spearman,prehosp_dbp,RTS,vital,derived_score,2329,0.024758269339873247
surgery,validation_2024,spearman,prehosp_hr,prehosp_rr,vital,vital,2692,0.018977481548768698
surgery,validation_2024,spearman,prehosp_hr,prehosp_spo2,vital,vital,2690,-0.04333961001905469
surgery,validation_2024,spearman,prehosp_hr,prehosp_bt,vital,vital,2689,0.060946334724310186
surgery,validation_2024,spearman,prehosp_hr,prehosp_gcs,vital,vital,2691,0.026387046903761736
surgery,validation_2024,spearman,prehosp_hr,prehosp_gcs_m,vital,vital,2691,0.0008239252111763831
surgery,validation_2024,spearman,prehosp_hr,MAP,vital,derived_score,2330,0.17727733753599886
surgery,validation_2024,spearman,prehosp_hr,SI,vital,derived_score,2689,0.47885065470545163
surgery,validation_2024,spearman,prehosp_hr,mSI,vital,derived_score,2330,0.6281213149153492
surgery,validation_2024,spearman,prehosp_hr,aSI,vital,derived_score,2686,0.20134451407467105
surgery,validation_2024,spearman,prehosp_hr,rSI,vital,derived_score,2689,-0.47885065470545163
surgery,validation_2024,spearman,prehosp_hr,rSIG,vital,derived_score,2688,-0.4621341742783026
surgery,validation_2024,spearman,prehosp_hr,rSIG_Age,vital,derived_score,2685,-0.19079554524252962
surgery,validation_2024,spearman,prehosp_hr,SI_G,vital,derived_score,2688,0.4621386212139705
surgery,validation_2024,spearman,prehosp_hr,SIA_G,vital,derived_score,2685,0.19078318204555827
surgery,validation_2024,spearman,prehosp_hr,SIAVPU,vital,derived_score,2689,0.46901494937941096
surgery,validation_2024,spearman,prehosp_hr,sMS,vital,derived_score,2691,0.0007076025053257642
surgery,validation_2024,spearman,prehosp_hr,rSI_sMS,vital,derived_score,2688,-0.46090791827276506
surgery,validation_2024,spearman,prehosp_hr,rSI_GCS,vital,derived_score,2688,-0.4621342958438237
surgery,validation_2024,spearman,prehosp_hr,rSI_GCSM,vital,derived_score,2688,-0.4670816704803541
surgery,validation_2024,spearman,prehosp_hr,qSOFA,vital,derived_score,2689,-0.06544179076770454
surgery,validation_2024,spearman,prehosp_hr,NEWS2,vital,derived_score,78,0.461862460830452
surgery,validation_2024,spearman,prehosp_hr,MEWS,vital,derived_score,2688,0.27625156006712365
surgery,validation_2024,spearman,prehosp_hr,REMS,vital,derived_score,2328,-0.05724316523541827
surgery,validation_2024,spearman,prehosp_hr,RTS,vital,derived_score,2688,0.03904411926618665
surgery,validation_2024,spearman,prehosp_rr,prehosp_spo2,vital,vital,2690,0.011527013764538298
surgery,validation_2024,spearman,prehosp_rr,prehosp_bt,vital,vital,2689,-0.07607978481552079
surgery,validation_2024,spearman,prehosp_rr,prehosp_gcs,vital,vital,2691,-0.01748838742073269
surgery,validation_2024,spearman,prehosp_rr,prehosp_gcs_m,vital,vital,2691,-0.022333321672507622
surgery,validation_2024,spearman,prehosp_rr,MAP,vital,derived_score,2330,-0.010107650643885224
surgery,validation_2024,spearman,prehosp_rr,SI,vital,derived_score,2689,0.024546129848905345
surgery,validation_2024,spearman,prehosp_rr,mSI,vital,derived_score,2330,0.010135190035831125
surgery,validation_2024,spearman,prehosp_rr,aSI,vital,derived_score,2686,0.07540307696123996
surgery,validation_2024,spearman,prehosp_rr,rSI,vital,derived_score,2689,-0.024546129848905345
surgery,validation_2024,spearman,prehosp_rr,rSIG,vital,derived_score,2688,-0.02384062981774255
surgery,validation_2024,spearman,prehosp_rr,rSIG_Age,vital,derived_score,2685,-0.07484137878913966
surgery,validation_2024,spearman,prehosp_rr,SI_G,vital,derived_score,2688,0.023839318243504916
surgery,validation_2024,spearman,prehosp_rr,SIA_G,vital,derived_score,2685,0.07484519335554364
surgery,validation_2024,spearman,prehosp_rr,SIAVPU,vital,derived_score,2689,0.012611242647327447
surgery,validation_2024,spearman,prehosp_rr,sMS,vital,derived_score,2691,-0.02251931323755226
surgery,validation_2024,spearman,prehosp_rr,rSI_sMS,vital,derived_score,2688,-0.024421541993120587
surgery,validation_2024,spearman,prehosp_rr,rSI_GCS,vital,derived_score,2688,-0.023841227661462423
surgery,validation_2024,spearman,prehosp_rr,rSI_GCSM,vital,derived_score,2688,-0.022280252066813246
surgery,validation_2024,spearman,prehosp_rr,qSOFA,vital,derived_score,2689,0.12790496888696729
surgery,validation_2024,spearman,prehosp_rr,NEWS2,vital,derived_score,78,0.47963200434686604
surgery,validation_2024,spearman,prehosp_rr,MEWS,vital,derived_score,2688,0.16090485719565867
surgery,validation_2024,spearman,prehosp_rr,REMS,vital,derived_score,2328,0.059121776618763965
surgery,validation_2024,spearman,prehosp_rr,RTS,vital,derived_score,2688,-0.04912001991501064
surgery,validation_2024,spearman,prehosp_spo2,prehosp_bt,vital,vital,2689,-0.04246528623042685
surgery,validation_2024,spearman,prehosp_spo2,prehosp_gcs,vital,vital,2689,0.09144249564695708
surgery,validation_2024,spearman,prehosp_spo2,prehosp_gcs_m,vital,vital,2689,0.07818293835351048
surgery,validation_2024,spearman,prehosp_spo2,MAP,vital,derived_score,2330,0.01085393344321867
surgery,validation_2024,spearman,prehosp_spo2,SI,vital,derived_score,2689,-0.03570603609610678
surgery,validation_2024,spearman,prehosp_spo2,mSI,vital,derived_score,2330,-0.03787144623419988
surgery,validation_2024,spearman,prehosp_spo2,aSI,vital,derived_score,2686,-0.2052984895109085
surgery,validation_2024,spearman,prehosp_spo2,rSI,vital,derived_score,2689,0.03570603609610678
surgery,validation_2024,spearman,prehosp_spo2,rSIG,vital,derived_score,2688,0.04996238676417466
surgery,validation_2024,spearman,prehosp_spo2,rSIG_Age,vital,derived_score,2685,0.2101639059435773
surgery,validation_2024,spearman,prehosp_spo2,SI_G,vital,derived_score,2688,-0.04995335169987621
surgery,validation_2024,spearman,prehosp_spo2,SIA_G,vital,derived_score,2685,-0.21016148891853065
surgery,validation_2024,spearman,prehosp_spo2,SIAVPU,vital,derived_score,2689,-0.02051706299056854
surgery,validation_2024,spearman,prehosp_spo2,sMS,vital,derived_score,2689,0.0780549188067723
surgery,validation_2024,spearman,prehosp_spo2,rSI_sMS,vital,derived_score,2688,0.04894090813878686
surgery,validation_2024,spearman,prehosp_spo2,rSI_GCS,vital,derived_score,2688,0.04996238675645699
surgery,validation_2024,spearman,prehosp_spo2,rSI_GCSM,vital,derived_score,2688,0.048052594124521626
surgery,validation_2024,spearman,prehosp_spo2,qSOFA,vital,derived_score,2689,-0.08652197455149717
surgery,validation_2024,spearman,prehosp_spo2,NEWS2,vital,derived_score,78,-0.5226012444196588
surgery,validation_2024,spearman,prehosp_spo2,MEWS,vital,derived_score,2688,-0.044500674452390525
surgery,validation_2024,spearman,prehosp_spo2,REMS,vital,derived_score,2328,-0.17427030995796913
surgery,validation_2024,spearman,prehosp_spo2,RTS,vital,derived_score,2688,0.06940996068974142
surgery,validation_2024,spearman,prehosp_bt,prehosp_gcs,vital,vital,2688,0.03273587752911681
surgery,validation_2024,spearman,prehosp_bt,prehosp_gcs_m,vital,vital,2688,0.037859332126447987
surgery,validation_2024,spearman,prehosp_bt,MAP,vital,derived_score,2330,0.021816870225004316
surgery,validation_2024,spearman,prehosp_bt,SI,vital,derived_score,2688,0.050250700957864144
surgery,validation_2024,spearman,prehosp_bt,mSI,vital,derived_score,2330,0.04266995555556221
surgery,validation_2024,spearman,prehosp_bt,aSI,vital,derived_score,2685,0.026906275646519703
surgery,validation_2024,spearman,prehosp_bt,rSI,vital,derived_score,2688,-0.050250700957864144
surgery,validation_2024,spearman,prehosp_bt,rSIG,vital,derived_score,2687,-0.04201258216064122
surgery,validation_2024,spearman,prehosp_bt,rSIG_Age,vital,derived_score,2684,-0.02199916326845111
surgery,validation_2024,spearman,prehosp_bt,SI_G,vital,derived_score,2687,0.04201460946288064
surgery,validation_2024,spearman,prehosp_bt,SIA_G,vital,derived_score,2684,0.022009335808418982
surgery,validation_2024,spearman,prehosp_bt,SIAVPU,vital,derived_score,2688,0.06004710151880529
surgery,validation_2024,spearman,prehosp_bt,sMS,vital,derived_score,2688,0.038167298004259866
surgery,validation_2024,spearman,prehosp_bt,rSI_sMS,vital,derived_score,2687,-0.04018165584590884
surgery,validation_2024,spearman,prehosp_bt,rSI_GCS,vital,derived_score,2687,-0.04201296689358334
surgery,validation_2024,spearman,prehosp_bt,rSI_GCSM,vital,derived_score,2687,-0.04539219356638937
surgery,validation_2024,spearman,prehosp_bt,qSOFA,vital,derived_score,2688,0.0220044734261795
surgery,validation_2024,spearman,prehosp_bt,NEWS2,vital,derived_score,78,-0.2874810647918599
surgery,validation_2024,spearman,prehosp_bt,MEWS,vital,derived_score,2688,-0.014276610611605425
surgery,validation_2024,spearman,prehosp_bt,REMS,vital,derived_score,2328,-0.0032860879807721853
surgery,validation_2024,spearman,prehosp_bt,RTS,vital,derived_score,2687,-0.04335575260102421
surgery,validation_2024,spearman,prehosp_gcs,prehosp_gcs_m,vital,vital,2691,0.8794915148059275
surgery,validation_2024,spearman,prehosp_gcs,MAP,vital,derived_score,2329,-0.017070262928577655
surgery,validation_2024,spearman,prehosp_gcs,SI,vital,derived_score,2688,0.03731624903648617
surgery,validation_2024,spearman,prehosp_gcs,mSI,vital,derived_score,2329,0.03919260905172677
surgery,validation_2024,spearman,prehosp_gcs,aSI,vital,derived_score,2685,-0.06486822932983684
surgery,validation_2024,spearman,prehosp_gcs,rSI,vital,derived_score,2688,-0.03731624903648617
surgery,validation_2024,spearman,prehosp_gcs,rSIG,vital,derived_score,2688,0.18934101534439804
surgery,validation_2024,spearman,prehosp_gcs,rSIG_Age,vital,derived_score,2685,0.20532523474984482
surgery,validation_2024,spearman,prehosp_gcs,SI_G,vital,derived_score,2688,-0.18930616404774983
surgery,validation_2024,spearman,prehosp_gcs,SIA_G,vital,derived_score,2685,-0.20532523557722324
surgery,validation_2024,spearman,prehosp_gcs,SIAVPU,vital,derived_score,2688,0.16820990873909342
surgery,validation_2024,spearman,prehosp_gcs,sMS,vital,derived_score,2691,0.8794775354540715
surgery,validation_2024,spearman,prehosp_gcs,rSI_sMS,vital,derived_score,2688,0.1984355548085643
surgery,validation_2024,spearman,prehosp_gcs,rSI_GCS,vital,derived_score,2688,0.18933969448985377
surgery,validation_2024,spearman,prehosp_gcs,rSI_GCSM,vital,derived_score,2688,0.14209379126454824
surgery,validation_2024,spearman,prehosp_gcs,qSOFA,vital,derived_score,2688,-0.3774016015804697
surgery,validation_2024,spearman,prehosp_gcs,NEWS2,vital,derived_score,78,-0.5730374776717491
surgery,validation_2024,spearman,prehosp_gcs,MEWS,vital,derived_score,2687,-0.21446417489787567
surgery,validation_2024,spearman,prehosp_gcs,REMS,vital,derived_score,2328,-0.19527044985675232
surgery,validation_2024,spearman,prehosp_gcs,RTS,vital,derived_score,2688,0.4111562246773941
surgery,validation_2024,spearman,prehosp_gcs_m,MAP,vital,derived_score,2329,-0.027526899659318732
surgery,validation_2024,spearman,prehosp_gcs_m,SI,vital,derived_score,2688,0.0200388208274068
surgery,validation_2024,spearman,prehosp_gcs_m,mSI,vital,derived_score,2329,0.023343632196245526
surgery,validation_2024,spearman,prehosp_gcs_m,aSI,vital,derived_score,2685,-0.06534754800520608
surgery,validation_2024,spearman,prehosp_gcs_m,rSI,vital,derived_score,2688,-0.0200388208274068
surgery,validation_2024,spearman,prehosp_gcs_m,rSIG,vital,derived_score,2688,0.2162157933576799
surgery,validation_2024,spearman,prehosp_gcs_m,rSIG_Age,vital,derived_score,2685,0.21362495167156956
surgery,validation_2024,spearman,prehosp_gcs_m,SI_G,vital,derived_score,2688,-0.21617603458948342
surgery,validation_2024,spearman,prehosp_gcs_m,SIA_G,vital,derived_score,2685,-0.21362495253239253
surgery,validation_2024,spearman,prehosp_gcs_m,SIAVPU,vital,derived_score,2688,0.14565630020345996
surgery,validation_2024,spearman,prehosp_gcs_m,sMS,vital,derived_score,2691,0.9999720055647148
surgery,validation_2024,spearman,prehosp_gcs_m,rSI_sMS,vital,derived_score,2688,0.24872451122968858
surgery,validation_2024,spearman,prehosp_gcs_m,rSI_GCS,vital,derived_score,2688,0.21621579332428115
surgery,validation_2024,spearman,prehosp_gcs_m,rSI_GCSM,vital,derived_score,2688,0.1847707397489188
surgery,validation_2024,spearman,prehosp_gcs_m,qSOFA,vital,derived_score,2688,-0.3301648329807029
surgery,validation_2024,spearman,prehosp_gcs_m,NEWS2,vital,derived_score,78,-0.5639280096690462
surgery,validation_2024,spearman,prehosp_gcs_m,MEWS,vital,derived_score,2687,-0.23034678257824331
surgery,validation_2024,spearman,prehosp_gcs_m,REMS,vital,derived_score,2328,-0.2014861763002066
surgery,validation_2024,spearman,prehosp_gcs_m,RTS,vital,derived_score,2688,0.44659733881620445
surgery,validation_2024,spearman,MAP,SI,derived_score,derived_score,2330,-0.5282602908102373
surgery,validation_2024,spearman,MAP,mSI,derived_score,derived_score,2330,-0.5960519410092534
surgery,validation_2024,spearman,MAP,aSI,derived_score,derived_score,2329,0.009384231600351569
surgery,validation_2024,spearman,MAP,rSI,derived_score,derived_score,2330,0.5282602908102373
surgery,validation_2024,spearman,MAP,rSIG,derived_score,derived_score,2329,0.4934718833631901
surgery,validation_2024,spearman,MAP,rSIG_Age,derived_score,derived_score,2328,-0.019918743785172617
surgery,validation_2024,spearman,MAP,SI_G,derived_score,derived_score,2329,-0.49347701310536574
surgery,validation_2024,spearman,MAP,SIA_G,derived_score,derived_score,2328,0.019916873325308528
surgery,validation_2024,spearman,MAP,SIAVPU,derived_score,derived_score,2330,-0.5111397071884503
surgery,validation_2024,spearman,MAP,sMS,derived_score,derived_score,2329,-0.027372660296706208
surgery,validation_2024,spearman,MAP,rSI_sMS,derived_score,derived_score,2329,0.4870477270499467
surgery,validation_2024,spearman,MAP,rSI_GCS,derived_score,derived_score,2329,0.4934717756675084
surgery,validation_2024,spearman,MAP,rSI_GCSM,derived_score,derived_score,2329,0.49981540439541194
surgery,validation_2024,spearman,MAP,qSOFA,derived_score,derived_score,2330,-0.2161216041778567
surgery,validation_2024,spearman,MAP,NEWS2,derived_score,derived_score,57,-0.09636777706175353
surgery,validation_2024,spearman,MAP,MEWS,derived_score,derived_score,2330,0.07428770351545536
surgery,validation_2024,spearman,MAP,REMS,derived_score,derived_score,2328,0.41198066959070573
surgery,validation_2024,spearman,MAP,RTS,derived_score,derived_score,2329,0.0038138536008913535
surgery,validation_2024,spearman,SI,mSI,derived_score,derived_score,2330,0.9233902478617233
surgery,validation_2024,spearman,SI,aSI,derived_score,derived_score,2686,0.29940100167192757
surgery,validation_2024,spearman,SI,rSI,derived_score,derived_score,2689,-0.9999999999999999
surgery,validation_2024,spearman,SI,rSIG,derived_score,derived_score,2688,-0.9571202100967022
surgery,validation_2024,spearman,SI,rSIG_Age,derived_score,derived_score,2685,-0.27838234623628366
surgery,validation_2024,spearman,SI,SI_G,derived_score,derived_score,2688,0.9571303220584182
surgery,validation_2024,spearman,SI,SIA_G,derived_score,derived_score,2685,0.27837185152795085
surgery,validation_2024,spearman,SI,SIAVPU,derived_score,derived_score,2689,0.9781449506988018
surgery,validation_2024,spearman,SI,sMS,derived_score,derived_score,2688,0.01999571994550381
surgery,validation_2024,spearman,SI,rSI_sMS,derived_score,derived_score,2688,-0.9482901962693321
surgery,validation_2024,spearman,SI,rSI_GCS,derived_score,derived_score,2688,-0.9571203772394986
surgery,validation_2024,spearman,SI,rSI_GCSM,derived_score,derived_score,2688,-0.9664582484147594
surgery,validation_2024,spearman,SI,qSOFA,derived_score,derived_score,2689,0.5037122822304253
surgery,validation_2024,spearman,SI,NEWS2,derived_score,derived_score,78,0.20737947176471447
surgery,validation_2024,spearman,SI,MEWS,derived_score,derived_score,2688,0.5166724882404382
surgery,validation_2024,spearman,SI,REMS,derived_score,derived_score,2328,-0.412306273767937
surgery,validation_2024,spearman,SI,RTS,derived_score,derived_score,2688,-0.41425738378320237
surgery,validation_2024,spearman,mSI,aSI,derived_score,derived_score,2329,0.17867523222108492
surgery,validation_2024,spearman,mSI,rSI,derived_score,derived_score,2330,-0.9233902478617234
surgery,validation_2024,spearman,mSI,rSIG,derived_score,derived_score,2329,-0.8768091305628807
surgery,validation_2024,spearman,mSI,rSIG_Age,derived_score,derived_score,2328,-0.16031222197015
surgery,validation_2024,spearman,mSI,SI_G,derived_score,derived_score,2329,0.8768215394874092
surgery,validation_2024,spearman,mSI,SIA_G,derived_score,derived_score,2328,0.16031010448475677
surgery,validation_2024,spearman,mSI,SIAVPU,derived_score,derived_score,2330,0.8963438101633722
surgery,validation_2024,spearman,mSI,sMS,derived_score,derived_score,2329,0.023358060665989566
surgery,validation_2024,spearman,mSI,rSI_sMS,derived_score,derived_score,2329,-0.8703615097604694
surgery,validation_2024,spearman,mSI,rSI_GCS,derived_score,derived_score,2329,-0.8768092122828617
surgery,validation_2024,spearman,mSI,rSI_GCSM,derived_score,derived_score,2329,-0.888335764944384
surgery,validation_2024,spearman,mSI,qSOFA,derived_score,derived_score,2330,0.14367539869227747
surgery,validation_2024,spearman,mSI,NEWS2,derived_score,derived_score,57,0.3249127449554832
surgery,validation_2024,spearman,mSI,MEWS,derived_score,derived_score,2330,0.28790297839337303
surgery,validation_2024,spearman,mSI,REMS,derived_score,derived_score,2328,-0.3562069681639334
surgery,validation_2024,spearman,mSI,RTS,derived_score,derived_score,2329,0.007113656662537508
surgery,validation_2024,spearman,aSI,rSI,derived_score,derived_score,2686,-0.29940100167192757
surgery,validation_2024,spearman,aSI,rSIG,derived_score,derived_score,2685,-0.30303740798003026
surgery,validation_2024,spearman,aSI,rSIG_Age,derived_score,derived_score,2685,-0.981979543126305
surgery,validation_2024,spearman,aSI,SI_G,derived_score,derived_score,2685,0.30302963283090795
surgery,validation_2024,spearman,aSI,SIA_G,derived_score,derived_score,2685,0.98197959233879
surgery,validation_2024,spearman,aSI,SIAVPU,derived_score,derived_score,2686,0.28192002720280085
surgery,validation_2024,spearman,aSI,sMS,derived_score,derived_score,2685,-0.06537785752942776
surgery,validation_2024,spearman,aSI,rSI_sMS,derived_score,derived_score,2685,-0.299506179028561
surgery,validation_2024,spearman,aSI,rSI_GCS,derived_score,derived_score,2685,-0.3030377253449359
surgery,validation_2024,spearman,aSI,rSI_GCSM,derived_score,derived_score,2685,-0.30113613848139226
surgery,validation_2024,spearman,aSI,qSOFA,derived_score,derived_score,2686,0.32366727679532187
surgery,validation_2024,spearman,aSI,NEWS2,derived_score,derived_score,78,0.26207923162787333
surgery,validation_2024,spearman,aSI,MEWS,derived_score,derived_score,2685,0.31238646139045717
surgery,validation_2024,spearman,aSI,REMS,derived_score,derived_score,2328,0.6926558624038945
surgery,validation_2024,spearman,aSI,RTS,derived_score,derived_score,2685,-0.29530341283587896
surgery,validation_2024,spearman,rSI,rSIG,derived_score,derived_score,2688,0.9571202100967022
surgery,validation_2024,spearman,rSI,rSIG_Age,derived_score,derived_score,2685,0.27838234623628366
surgery,validation_2024,spearman,rSI,SI_G,derived_score,derived_score,2688,-0.9571303220584182
surgery,validation_2024,spearman,rSI,SIA_G,derived_score,derived_score,2685,-0.27837185152795085
surgery,validation_2024,spearman,rSI,SIAVPU,derived_score,derived_score,2689,-0.9781449506988018
surgery,validation_2024,spearman,rSI,sMS,derived_score,derived_score,2688,-0.01999571994550381
surgery,validation_2024,spearman,rSI,rSI_sMS,derived_score,derived_score,2688,0.9482901962693321
surgery,validation_2024,spearman,rSI,rSI_GCS,derived_score,derived_score,2688,0.9571203772394986
surgery,validation_2024,spearman,rSI,rSI_GCSM,derived_score,derived_score,2688,0.9664582484147594
surgery,validation_2024,spearman,rSI,qSOFA,derived_score,derived_score,2689,-0.5037122822304253
surgery,validation_2024,spearman,rSI,NEWS2,derived_score,derived_score,78,-0.20737947176471447
surgery,validation_2024,spearman,rSI,MEWS,derived_score,derived_score,2688,-0.5166724882404382
surgery,validation_2024,spearman,rSI,REMS,derived_score,derived_score,2328,0.412306273767937
surgery,validation_2024,spearman,rSI,RTS,derived_score,derived_score,2688,0.41425738378320237
surgery,validation_2024,spearman,rSIG,rSIG_Age,derived_score,derived_score,2685,0.3328084042267325
surgery,validation_2024,spearman,rSIG,SI_G,derived_score,derived_score,2688,-0.9999999692605545
surgery,validation_2024,spearman,rSIG,SIA_G,derived_score,derived_score,2685,-0.33279795282915736
surgery,validation_2024,spearman,rSIG,SIAVPU,derived_score,derived_score,2688,-0.910625122799532
surgery,validation_2024,spearman,rSIG,sMS,derived_score,derived_score,2688,0.2160855040442524
surgery,validation_2024,spearman,rSIG,rSI_sMS,derived_score,derived_score,2688,0.9951917783628642
surgery,validation_2024,spearman,rSIG,rSI_GCS,derived_score,derived_score,2688,0.9999999995365914
surgery,validation_2024,spearman,rSIG,rSI_GCSM,derived_score,derived_score,2688,0.9938182086943723
surgery,validation_2024,spearman,rSIG,qSOFA,derived_score,derived_score,2688,-0.58397238101833
surgery,validation_2024,spearman,rSIG,NEWS2,derived_score,derived_score,78,-0.5709990388749412
surgery,validation_2024,spearman,rSIG,MEWS,derived_score,derived_score,2687,-0.5690698161577417
surgery,validation_2024,spearman,rSIG,REMS,derived_score,derived_score,2328,0.3427277218381663
surgery,validation_2024,spearman,rSIG,RTS,derived_score,derived_score,2688,0.5272386776603822
surgery,validation_2024,spearman,rSIG_Age,SI_G,derived_score,derived_score,2685,-0.3327982010838915
surgery,validation_2024,spearman,rSIG_Age,SIA_G,derived_score,derived_score,2685,-0.9999999524197309
surgery,validation_2024,spearman,rSIG_Age,SIAVPU,derived_score,derived_score,2685,-0.2436904124188446
surgery,validation_2024,spearman,rSIG_Age,sMS,derived_score,derived_score,2685,0.2134714640938074
surgery,validation_2024,spearman,rSIG_Age,rSI_sMS,derived_score,derived_score,2685,0.331826632446758
surgery,validation_2024,spearman,rSIG_Age,rSI_GCS,derived_score,derived_score,2685,0.33280870329864115
surgery,validation_2024,spearman,rSIG_Age,rSI_GCSM,derived_score,derived_score,2685,0.3228113675575904
surgery,validation_2024,spearman,rSIG_Age,qSOFA,derived_score,derived_score,2685,-0.37144597149398395
surgery,validation_2024,spearman,rSIG_Age,NEWS2,derived_score,derived_score,78,-0.5053420611016359
surgery,validation_2024,spearman,rSIG_Age,MEWS,derived_score,derived_score,2684,-0.34474940401088433
surgery,validation_2024,spearman,rSIG_Age,REMS,derived_score,derived_score,2328,-0.7116120473326888
surgery,validation_2024,spearman,rSIG_Age,RTS,derived_score,derived_score,2685,0.36385690901417483
surgery,validation_2024,spearman,SI_G,SIA_G,derived_score,derived_score,2685,0.3327877515464296
surgery,validation_2024,spearman,SI_G,SIAVPU,derived_score,derived_score,2688,0.9106388839741807
surgery,validation_2024,spearman,SI_G,sMS,derived_score,derived_score,2688,-0.2160456533752007
surgery,validation_2024,spearman,SI_G,rSI_sMS,derived_score,derived_score,2688,-0.9951893967424668
surgery,validation_2024,spearman,SI_G,rSI_GCS,derived_score,derived_score,2688,-0.9999999694150239
surgery,validation_2024,spearman,SI_G,rSI_GCSM,derived_score,derived_score,2688,-0.9938184101564524
surgery,validation_2024,spearman,SI_G,qSOFA,derived_score,derived_score,2688,0.5839599078291305
surgery,validation_2024,spearman,SI_G,NEWS2,derived_score,derived_score,78,0.5709990388749412
surgery,validation_2024,spearman,SI_G,MEWS,derived_score,derived_score,2687,0.5690655412310115
surgery,validation_2024,spearman,SI_G,REMS,derived_score,derived_score,2328,-0.34274479083143194
surgery,validation_2024,spearman,SI_G,RTS,derived_score,derived_score,2688,-0.5272214714778412
surgery,validation_2024,spearman,SIA_G,SIAVPU,derived_score,derived_score,2685,0.24368005783550936
surgery,validation_2024,spearman,SIA_G,sMS,derived_score,derived_score,2685,-0.2134714649540119
surgery,validation_2024,spearman,SIA_G,rSI_sMS,derived_score,derived_score,2685,-0.3318162538875146
surgery,validation_2024,spearman,SIA_G,rSI_GCS,derived_score,derived_score,2685,-0.33279825190106876
surgery,validation_2024,spearman,SIA_G,rSI_GCSM,derived_score,derived_score,2685,-0.3228009221594952
surgery,validation_2024,spearman,SIA_G,qSOFA,derived_score,derived_score,2685,0.3714413066186737
surgery,validation_2024,spearman,SIA_G,NEWS2,derived_score,derived_score,78,0.5053420611016359
surgery,validation_2024,spearman,SIA_G,MEWS,derived_score,derived_score,2684,0.34474711038842704
surgery,validation_2024,spearman,SIA_G,REMS,derived_score,derived_score,2328,0.7116143521983597
surgery,validation_2024,spearman,SIA_G,RTS,derived_score,derived_score,2685,-0.3638513442563469
surgery,validation_2024,spearman,SIAVPU,sMS,derived_score,derived_score,2688,0.1455755860577682
surgery,validation_2024,spearman,SIAVPU,rSI_sMS,derived_score,derived_score,2688,-0.9014590618812951
surgery,validation_2024,spearman,SIAVPU,rSI_GCS,derived_score,derived_score,2688,-0.9106254281997932
surgery,validation_2024,spearman,SIAVPU,rSI_GCSM,derived_score,derived_score,2688,-0.9240244908449603
surgery,validation_2024,spearman,SIAVPU,qSOFA,derived_score,derived_score,2689,0.4381489978326121
surgery,validation_2024,spearman,SIAVPU,NEWS2,derived_score,derived_score,78,-0.16476332474871264
surgery,validation_2024,spearman,SIAVPU,MEWS,derived_score,derived_score,2688,0.4646472866350778
surgery,validation_2024,spearman,SIAVPU,REMS,derived_score,derived_score,2328,-0.4373293878655295
surgery,validation_2024,spearman,SIAVPU,RTS,derived_score,derived_score,2688,-0.35129415983025597
surgery,validation_2024,spearman,sMS,rSI_sMS,derived_score,derived_score,2688,0.2487445176674341
surgery,validation_2024,spearman,sMS,rSI_GCS,derived_score,derived_score,2688,0.21608550401087373
surgery,validation_2024,spearman,sMS,rSI_GCSM,derived_score,derived_score,2688,0.18437470619965676
surgery,validation_2024,spearman,sMS,qSOFA,derived_score,derived_score,2688,-0.3301665079697209
surgery,validation_2024,spearman,sMS,NEWS2,derived_score,derived_score,78,-0.5618074494926713
surgery,validation_2024,spearman,sMS,MEWS,derived_score,derived_score,2687,-0.2301571093202773
surgery,validation_2024,spearman,sMS,REMS,derived_score,derived_score,2328,-0.2012964396866507
surgery,validation_2024,spearman,sMS,RTS,derived_score,derived_score,2688,0.4465840245481088
surgery,validation_2024,spearman,rSI_sMS,rSI_GCS,derived_score,derived_score,2688,0.9951920937905339
surgery,validation_2024,spearman,rSI_sMS,rSI_GCSM,derived_score,derived_score,2688,0.9929978953699389
surgery,validation_2024,spearman,rSI_sMS,qSOFA,derived_score,derived_score,2688,-0.5822660676139312
surgery,validation_2024,spearman,rSI_sMS,NEWS2,derived_score,derived_score,78,-0.6293239181093976
surgery,validation_2024,spearman,rSI_sMS,MEWS,derived_score,derived_score,2687,-0.5671045064471789
surgery,validation_2024,spearman,rSI_sMS,REMS,derived_score,derived_score,2328,0.3401183431530798
surgery,validation_2024,spearman,rSI_sMS,RTS,derived_score,derived_score,2688,0.5315663328069734
surgery,validation_2024,spearman,rSI_GCS,rSI_GCSM,derived_score,derived_score,2688,0.9938183282548383
surgery,validation_2024,spearman,rSI_GCS,qSOFA,derived_score,derived_score,2688,-0.5839717994432562
surgery,validation_2024,spearman,rSI_GCS,NEWS2,derived_score,derived_score,78,-0.5709990388749412
surgery,validation_2024,spearman,rSI_GCS,MEWS,derived_score,derived_score,2687,-0.569069292858776
surgery,validation_2024,spearman,rSI_GCS,REMS,derived_score,derived_score,2328,0.3427276879375095
surgery,validation_2024,spearman,rSI_GCS,RTS,derived_score,derived_score,2688,0.5272386775789399
surgery,validation_2024,spearman,rSI_GCSM,qSOFA,derived_score,derived_score,2688,-0.5664272833141383
surgery,validation_2024,spearman,rSI_GCSM,NEWS2,derived_score,derived_score,78,-0.5265743548431981
surgery,validation_2024,spearman,rSI_GCSM,MEWS,derived_score,derived_score,2687,-0.5588817148241318
surgery,validation_2024,spearman,rSI_GCSM,REMS,derived_score,derived_score,2328,0.35659161853534166
surgery,validation_2024,spearman,rSI_GCSM,RTS,derived_score,derived_score,2688,0.506332808622886
surgery,validation_2024,spearman,qSOFA,NEWS2,derived_score,derived_score,78,0.6601197013941664
surgery,validation_2024,spearman,qSOFA,MEWS,derived_score,derived_score,2688,0.6747442078172298
surgery,validation_2024,spearman,qSOFA,REMS,derived_score,derived_score,2328,0.11309411794450193
surgery,validation_2024,spearman,qSOFA,RTS,derived_score,derived_score,2688,-0.7515384349661114
surgery,validation_2024,spearman,NEWS2,MEWS,derived_score,derived_score,78,0.6778802611817668
surgery,validation_2024,spearman,NEWS2,REMS,derived_score,derived_score,57,0.411035489031228
surgery,validation_2024,spearman,NEWS2,RTS,derived_score,derived_score,78,-0.5291200391891366
surgery,validation_2024,spearman,MEWS,REMS,derived_score,derived_score,2328,0.20447813736416076
surgery,validation_2024,spearman,MEWS,RTS,derived_score,derived_score,2687,-0.5883663547148891
surgery,validation_2024,spearman,REMS,RTS,derived_score,derived_score,2328,-0.20834123764156293
surgery,overall_le2024,pearson,EMT_年齡,prehosp_sbp,vital,vital,11377,0.3092750811390537
surgery,overall_le2024,pearson,EMT_年齡,prehosp_dbp,vital,vital,10592,0.11984389374501572
surgery,overall_le2024,pearson,EMT_年齡,prehosp_hr,vital,vital,11361,-0.09482080802648048
surgery,overall_le2024,pearson,EMT_年齡,prehosp_rr,vital,vital,11361,0.006049146099073875
surgery,overall_le2024,pearson,EMT_年齡,prehosp_spo2,vital,vital,11357,-0.16691814652634293
surgery,overall_le2024,pearson,EMT_年齡,prehosp_bt,vital,vital,11357,0.0344880640394815
surgery,overall_le2024,pearson,EMT_年齡,prehosp_gcs,vital,vital,11352,-0.07969628530291198
surgery,overall_le2024,pearson,EMT_年齡,prehosp_gcs_m,vital,vital,11353,-0.07164451151001572
surgery,overall_le2024,pearson,EMT_年齡,MAP,vital,derived_score,10592,0.2735761705486949
surgery,overall_le2024,pearson,EMT_年齡,SI,vital,derived_score,11355,-0.2414291428423907
surgery,overall_le2024,pearson,EMT_年齡,mSI,vital,derived_score,10592,-0.26273906687833404
surgery,overall_le2024,pearson,EMT_年齡,aSI,vital,derived_score,11355,0.7614072938470081
surgery,overall_le2024,pearson,EMT_年齡,rSI,vital,derived_score,11355,0.31851400937850816
surgery,overall_le2024,pearson,EMT_年齡,rSIG,vital,derived_score,11346,0.28985241288789904
surgery,overall_le2024,pearson,EMT_年齡,rSIG_Age,vital,derived_score,11346,-0.7988118179170528
surgery,overall_le2024,pearson,EMT_年齡,SI_G,vital,derived_score,11346,-0.1374587320316444
surgery,overall_le2024,pearson,EMT_年齡,SIA_G,vital,derived_score,11346,0.6321295455090472
surgery,overall_le2024,pearson,EMT_年齡,SIAVPU,vital,derived_score,11355,-0.2552796044427169
surgery,overall_le2024,pearson,EMT_年齡,sMS,vital,derived_score,11353,-0.07909894623346446
surgery,overall_le2024,pearson,EMT_年齡,rSI_sMS,vital,derived_score,11347,0.2865175015924449
surgery,overall_le2024,pearson,EMT_年齡,rSI_GCS,vital,derived_score,11346,0.28985241288789904
surgery,overall_le2024,pearson,EMT_年齡,rSI_GCSM,vital,derived_score,11347,0.29301641760969493
surgery,overall_le2024,pearson,EMT_年齡,qSOFA,vital,derived_score,11355,0.04478569279072257
surgery,overall_le2024,pearson,EMT_年齡,NEWS2,vital,derived_score,202,0.06716864792627743
surgery,overall_le2024,pearson,EMT_年齡,MEWS,vital,derived_score,11354,0.047224448394296265
surgery,overall_le2024,pearson,EMT_年齡,REMS,vital,derived_score,10586,0.8681757556565122
surgery,overall_le2024,pearson,EMT_年齡,RTS,vital,derived_score,11346,-0.06460265355921392
surgery,overall_le2024,pearson,prehosp_sbp,prehosp_dbp,vital,vital,10596,0.6028856755755271
surgery,overall_le2024,pearson,prehosp_sbp,prehosp_hr,vital,vital,11362,0.08088108702391157
surgery,overall_le2024,pearson,prehosp_sbp,prehosp_rr,vital,vital,11362,0.004246941534358285
surgery,overall_le2024,pearson,prehosp_sbp,prehosp_spo2,vital,vital,11362,-0.00655133829628244
surgery,overall_le2024,pearson,prehosp_sbp,prehosp_bt,vital,vital,11361,0.00524882384464736
surgery,overall_le2024,pearson,prehosp_sbp,prehosp_gcs,vital,vital,11353,-0.022909395300173472
surgery,overall_le2024,pearson,prehosp_sbp,prehosp_gcs_m,vital,vital,11354,-0.026752986877014683
surgery,overall_le2024,pearson,prehosp_sbp,MAP,vital,derived_score,10596,0.8790995576770002
surgery,overall_le2024,pearson,prehosp_sbp,SI,vital,derived_score,11362,-0.7382047612865048
surgery,overall_le2024,pearson,prehosp_sbp,mSI,vital,derived_score,10596,-0.5675939636319932
surgery,overall_le2024,pearson,prehosp_sbp,aSI,vital,derived_score,11355,-0.20415049385428705
surgery,overall_le2024,pearson,prehosp_sbp,rSI,vital,derived_score,11362,0.7494353208370857
surgery,overall_le2024,pearson,prehosp_sbp,rSIG,vital,derived_score,11353,0.7155038510569531
surgery,overall_le2024,pearson,prehosp_sbp,rSIG_Age,vital,derived_score,11346,0.019806838142150913
surgery,overall_le2024,pearson,prehosp_sbp,SI_G,vital,derived_score,11353,-0.5428253950445772
surgery,overall_le2024,pearson,prehosp_sbp,SIA_G,vital,derived_score,11346,-0.15887346534260605
surgery,overall_le2024,pearson,prehosp_sbp,SIAVPU,vital,derived_score,11362,-0.7228966431513277
surgery,overall_le2024,pearson,prehosp_sbp,sMS,vital,derived_score,11354,-0.013376965058917112
surgery,overall_le2024,pearson,prehosp_sbp,rSI_sMS,vital,derived_score,11354,0.7134452141051011
surgery,overall_le2024,pearson,prehosp_sbp,rSI_GCS,vital,derived_score,11353,0.7155038510569531
surgery,overall_le2024,pearson,prehosp_sbp,rSI_GCSM,vital,derived_score,11354,0.7172901091240819
surgery,overall_le2024,pearson,prehosp_sbp,qSOFA,vital,derived_score,11362,-0.4712516742019136
surgery,overall_le2024,pearson,prehosp_sbp,NEWS2,vital,derived_score,202,-0.12014311576888648
surgery,overall_le2024,pearson,prehosp_sbp,MEWS,vital,derived_score,11361,-0.1621737789345343
surgery,overall_le2024,pearson,prehosp_sbp,REMS,vital,derived_score,10586,0.5286565686387898
surgery,overall_le2024,pearson,prehosp_sbp,RTS,vital,derived_score,11353,0.24876053203957646
surgery,overall_le2024,pearson,prehosp_dbp,prehosp_hr,vital,vital,10596,0.19490875303038996
surgery,overall_le2024,pearson,prehosp_dbp,prehosp_rr,vital,vital,10596,0.0004370379825104158
surgery,overall_le2024,pearson,prehosp_dbp,prehosp_spo2,vital,vital,10596,0.03321942785745101
surgery,overall_le2024,pearson,prehosp_dbp,prehosp_bt,vital,vital,10596,0.011862921779341028
surgery,overall_le2024,pearson,prehosp_dbp,prehosp_gcs,vital,vital,10590,-0.011695694740990732
surgery,overall_le2024,pearson,prehosp_dbp,prehosp_gcs_m,vital,vital,10590,-0.013593111315813028
surgery,overall_le2024,pearson,prehosp_dbp,MAP,vital,derived_score,10596,0.910271631756328
surgery,overall_le2024,pearson,prehosp_dbp,SI,vital,derived_score,10596,-0.3099836547279702
surgery,overall_le2024,pearson,prehosp_dbp,mSI,vital,derived_score,10596,-0.5023430999115047
surgery,overall_le2024,pearson,prehosp_dbp,aSI,vital,derived_score,10592,-0.05695826628075114
surgery,overall_le2024,pearson,prehosp_dbp,rSI,vital,derived_score,10596,0.30974468700478547
surgery,overall_le2024,pearson,prehosp_dbp,rSIG,vital,derived_score,10590,0.29250635100264566
surgery,overall_le2024,pearson,prehosp_dbp,rSIG_Age,vital,derived_score,10586,-0.02748403928437463
surgery,overall_le2024,pearson,prehosp_dbp,SI_G,vital,derived_score,10590,-0.22347628341928683
surgery,overall_le2024,pearson,prehosp_dbp,SIA_G,vital,derived_score,10586,-0.048140352393998116
surgery,overall_le2024,pearson,prehosp_dbp,SIAVPU,vital,derived_score,10596,-0.2970225965986061
surgery,overall_le2024,pearson,prehosp_dbp,sMS,vital,derived_score,10590,-0.00912095331959815
surgery,overall_le2024,pearson,prehosp_dbp,rSI_sMS,vital,derived_score,10590,0.290078420540085
surgery,overall_le2024,pearson,prehosp_dbp,rSI_GCS,vital,derived_score,10590,0.29250635100264566
surgery,overall_le2024,pearson,prehosp_dbp,rSI_GCSM,vital,derived_score,10590,0.29321856964360205
surgery,overall_le2024,pearson,prehosp_dbp,qSOFA,vital,derived_score,10596,-0.1493801199945194
surgery,overall_le2024,pearson,prehosp_dbp,NEWS2,vital,derived_score,169,-0.16739929834479675
surgery,overall_le2024,pearson,prehosp_dbp,MEWS,vital,derived_score,10596,0.13786829317803526
surgery,overall_le2024,pearson,prehosp_dbp,REMS,vital,derived_score,10586,0.3012697902954798
surgery,overall_le2024,pearson,prehosp_dbp,RTS,vital,derived_score,10590,0.017602071807545364
surgery,overall_le2024,pearson,prehosp_hr,prehosp_rr,vital,vital,11368,0.06376321239306813
surgery,overall_le2024,pearson,prehosp_hr,prehosp_spo2,vital,vital,11364,-0.04049914476280647
surgery,overall_le2024,pearson,prehosp_hr,prehosp_bt,vital,vital,11364,0.12070157963046249
surgery,overall_le2024,pearson,prehosp_hr,prehosp_gcs,vital,vital,11359,0.021475700833005967
surgery,overall_le2024,pearson,prehosp_hr,prehosp_gcs_m,vital,vital,11360,0.028607007433169903
surgery,overall_le2024,pearson,prehosp_hr,MAP,vital,derived_score,10596,0.15860611919901535
surgery,overall_le2024,pearson,prehosp_hr,SI,vital,derived_score,11362,0.5456161700491983
surgery,overall_le2024,pearson,prehosp_hr,mSI,vital,derived_score,10596,0.6683609583262514
surgery,overall_le2024,pearson,prehosp_hr,aSI,vital,derived_score,11355,0.23534174928198012
surgery,overall_le2024,pearson,prehosp_hr,rSI,vital,derived_score,11362,-0.5560108244394355
surgery,overall_le2024,pearson,prehosp_hr,rSIG,vital,derived_score,11353,-0.5374909366473999
surgery,overall_le2024,pearson,prehosp_hr,rSIG_Age,vital,derived_score,11346,-0.18777709679325275
surgery,overall_le2024,pearson,prehosp_hr,SI_G,vital,derived_score,11353,0.40096175307522075
surgery,overall_le2024,pearson,prehosp_hr,SIA_G,vital,derived_score,11346,0.18348897687922935
surgery,overall_le2024,pearson,prehosp_hr,SIAVPU,vital,derived_score,11362,0.5328904302713063
surgery,overall_le2024,pearson,prehosp_hr,sMS,vital,derived_score,11360,0.014087251128109464
surgery,overall_le2024,pearson,prehosp_hr,rSI_sMS,vital,derived_score,11354,-0.5345819230577102
surgery,overall_le2024,pearson,prehosp_hr,rSI_GCS,vital,derived_score,11353,-0.5374909366473999
surgery,overall_le2024,pearson,prehosp_hr,rSI_GCSM,vital,derived_score,11354,-0.5382184108503707
surgery,overall_le2024,pearson,prehosp_hr,qSOFA,vital,derived_score,11362,-0.0076923432628701275
surgery,overall_le2024,pearson,prehosp_hr,NEWS2,vital,derived_score,202,0.4586771387185654
surgery,overall_le2024,pearson,prehosp_hr,MEWS,vital,derived_score,11361,0.48540834991340337
surgery,overall_le2024,pearson,prehosp_hr,REMS,vital,derived_score,10586,-0.006801250948501984
surgery,overall_le2024,pearson,prehosp_hr,RTS,vital,derived_score,11353,0.018969939317188704
surgery,overall_le2024,pearson,prehosp_rr,prehosp_spo2,vital,vital,11364,-0.03256061454034783
surgery,overall_le2024,pearson,prehosp_rr,prehosp_bt,vital,vital,11364,-0.014161681242721139
surgery,overall_le2024,pearson,prehosp_rr,prehosp_gcs,vital,vital,11359,0.03395385340533826
surgery,overall_le2024,pearson,prehosp_rr,prehosp_gcs_m,vital,vital,11360,0.04629278289909982
surgery,overall_le2024,pearson,prehosp_rr,MAP,vital,derived_score,10596,-0.003943994490393036
surgery,overall_le2024,pearson,prehosp_rr,SI,vital,derived_score,11362,0.025136163328143675
surgery,overall_le2024,pearson,prehosp_rr,mSI,vital,derived_score,10596,0.039066693822469654
surgery,overall_le2024,pearson,prehosp_rr,aSI,vital,derived_score,11355,0.022151655633246784
surgery,overall_le2024,pearson,prehosp_rr,rSI,vital,derived_score,11362,-0.012256731410792133
surgery,overall_le2024,pearson,prehosp_rr,rSIG,vital,derived_score,11353,-0.015256594965812624
surgery,overall_le2024,pearson,prehosp_rr,rSIG_Age,vital,derived_score,11346,-0.012025065326982153
surgery,overall_le2024,pearson,prehosp_rr,SI_G,vital,derived_score,11353,0.023416972189322854
surgery,overall_le2024,pearson,prehosp_rr,SIA_G,vital,derived_score,11346,0.017946677555702055
surgery,overall_le2024,pearson,prehosp_rr,SIAVPU,vital,derived_score,11362,0.014465504608422141
surgery,overall_le2024,pearson,prehosp_rr,sMS,vital,derived_score,11360,0.013135511136372423
surgery,overall_le2024,pearson,prehosp_rr,rSI_sMS,vital,derived_score,11354,-0.017108192796294903
surgery,overall_le2024,pearson,prehosp_rr,rSI_GCS,vital,derived_score,11353,-0.015256594965812626
surgery,overall_le2024,pearson,prehosp_rr,rSI_GCSM,vital,derived_score,11354,-0.012336884248310474
surgery,overall_le2024,pearson,prehosp_rr,qSOFA,vital,derived_score,11362,0.21113355977137147
surgery,overall_le2024,pearson,prehosp_rr,NEWS2,vital,derived_score,202,0.42123180914556885
surgery,overall_le2024,pearson,prehosp_rr,MEWS,vital,derived_score,11361,0.1733894825720821
surgery,overall_le2024,pearson,prehosp_rr,REMS,vital,derived_score,10586,0.02204300495805225
surgery,overall_le2024,pearson,prehosp_rr,RTS,vital,derived_score,11353,-0.007131209544408644
surgery,overall_le2024,pearson,prehosp_spo2,prehosp_bt,vital,vital,11363,-0.047341501295142197
surgery,overall_le2024,pearson,prehosp_spo2,prehosp_gcs,vital,vital,11355,0.15833126799393527
surgery,overall_le2024,pearson,prehosp_spo2,prehosp_gcs_m,vital,vital,11356,0.1538016589946966
surgery,overall_le2024,pearson,prehosp_spo2,MAP,vital,derived_score,10596,0.007619561365096902
surgery,overall_le2024,pearson,prehosp_spo2,SI,vital,derived_score,11362,-0.04292057279934077
surgery,overall_le2024,pearson,prehosp_spo2,mSI,vital,derived_score,10596,-0.05269088552037683
surgery,overall_le2024,pearson,prehosp_spo2,aSI,vital,derived_score,11355,-0.19333880316853067
surgery,overall_le2024,pearson,prehosp_spo2,rSI,vital,derived_score,11362,0.015872404998243772
surgery,overall_le2024,pearson,prehosp_spo2,rSIG,vital,derived_score,11353,0.0477454953776685
surgery,overall_le2024,pearson,prehosp_spo2,rSIG_Age,vital,derived_score,11346,0.15964241899648732
surgery,overall_le2024,pearson,prehosp_spo2,SI_G,vital,derived_score,11353,-0.120575765443206
surgery,overall_le2024,pearson,prehosp_spo2,SIA_G,vital,derived_score,11346,-0.2263943468729814
surgery,overall_le2024,pearson,prehosp_spo2,SIAVPU,vital,derived_score,11362,2.9093493887937547e-05
surgery,overall_le2024,pearson,prehosp_spo2,sMS,vital,derived_score,11356,0.1411130512782838
surgery,overall_le2024,pearson,prehosp_spo2,rSI_sMS,vital,derived_score,11354,0.04709670000513308
surgery,overall_le2024,pearson,prehosp_spo2,rSI_GCS,vital,derived_score,11353,0.0477454953776685
surgery,overall_le2024,pearson,prehosp_spo2,rSI_GCSM,vital,derived_score,11354,0.04469607928805668
surgery,overall_le2024,pearson,prehosp_spo2,qSOFA,vital,derived_score,11362,-0.13512043785482186
surgery,overall_le2024,pearson,prehosp_spo2,NEWS2,vital,derived_score,202,-0.5846439521292774
surgery,overall_le2024,pearson,prehosp_spo2,MEWS,vital,derived_score,11361,-0.12575807307918702
surgery,overall_le2024,pearson,prehosp_spo2,REMS,vital,derived_score,10586,-0.19189298348038386
surgery,overall_le2024,pearson,prehosp_spo2,RTS,vital,derived_score,11353,0.12614071507889588
surgery,overall_le2024,pearson,prehosp_bt,prehosp_gcs,vital,vital,11355,0.019990699203926467
surgery,overall_le2024,pearson,prehosp_bt,prehosp_gcs_m,vital,vital,11356,0.012844442782090484
surgery,overall_le2024,pearson,prehosp_bt,MAP,vital,derived_score,10596,0.020955652954064177
surgery,overall_le2024,pearson,prehosp_bt,SI,vital,derived_score,11361,0.07189964341451988
surgery,overall_le2024,pearson,prehosp_bt,mSI,vital,derived_score,10596,0.08221397433570195
surgery,overall_le2024,pearson,prehosp_bt,aSI,vital,derived_score,11354,0.07662419377815945
surgery,overall_le2024,pearson,prehosp_bt,rSI,vital,derived_score,11361,-0.0687639488177389
surgery,overall_le2024,pearson,prehosp_bt,rSIG,vital,derived_score,11352,-0.06241012910851413
surgery,overall_le2024,pearson,prehosp_bt,rSIG_Age,vital,derived_score,11345,-0.054218258029951547
surgery,overall_le2024,pearson,prehosp_bt,SI_G,vital,derived_score,11352,0.0426665336235267
surgery,overall_le2024,pearson,prehosp_bt,SIA_G,vital,derived_score,11345,0.05123781889038381
surgery,overall_le2024,pearson,prehosp_bt,SIAVPU,vital,derived_score,11361,0.0765621634617413
surgery,overall_le2024,pearson,prehosp_bt,sMS,vital,derived_score,11356,0.016999086624809662
surgery,overall_le2024,pearson,prehosp_bt,rSI_sMS,vital,derived_score,11353,-0.06263821757886005
surgery,overall_le2024,pearson,prehosp_bt,rSI_GCS,vital,derived_score,11352,-0.06241012910851413
surgery,overall_le2024,pearson,prehosp_bt,rSI_GCSM,vital,derived_score,11353,-0.06460286888403931
surgery,overall_le2024,pearson,prehosp_bt,qSOFA,vital,derived_score,11361,0.006549556319496106
surgery,overall_le2024,pearson,prehosp_bt,NEWS2,vital,derived_score,202,-0.038879113171967614
surgery,overall_le2024,pearson,prehosp_bt,MEWS,vital,derived_score,11361,0.01911470936969323
surgery,overall_le2024,pearson,prehosp_bt,REMS,vital,derived_score,10586,0.033293122191703405
surgery,overall_le2024,pearson,prehosp_bt,RTS,vital,derived_score,11352,-0.0006713343681627414
surgery,overall_le2024,pearson,prehosp_gcs,prehosp_gcs_m,vital,vital,11359,0.9481817581160902
surgery,overall_le2024,pearson,prehosp_gcs,MAP,vital,derived_score,10590,-0.02902641660600405
surgery,overall_le2024,pearson,prehosp_gcs,SI,vital,derived_score,11353,-0.008261402722663774
surgery,overall_le2024,pearson,prehosp_gcs,mSI,vital,derived_score,10590,0.0015376856132446458
surgery,overall_le2024,pearson,prehosp_gcs,aSI,vital,derived_score,11346,-0.08018600111426771
surgery,overall_le2024,pearson,prehosp_gcs,rSI,vital,derived_score,11353,-0.02640203028947971
surgery,overall_le2024,pearson,prehosp_gcs,rSIG,vital,derived_score,11353,0.24641560000436666
surgery,overall_le2024,pearson,prehosp_gcs,rSIG_Age,vital,derived_score,11346,0.15938933373263514
surgery,overall_le2024,pearson,prehosp_gcs,SI_G,vital,derived_score,11353,-0.5770765391047766
surgery,overall_le2024,pearson,prehosp_gcs,SIA_G,vital,derived_score,11346,-0.5205365994791622
surgery,overall_le2024,pearson,prehosp_gcs,SIAVPU,vital,derived_score,11353,0.18591730266601156
surgery,overall_le2024,pearson,prehosp_gcs,sMS,vital,derived_score,11359,0.9403800895570548
surgery,overall_le2024,pearson,prehosp_gcs,rSI_sMS,vital,derived_score,11353,0.2479281882693375
surgery,overall_le2024,pearson,prehosp_gcs,rSI_GCS,vital,derived_score,11353,0.24641560000436666
surgery,overall_le2024,pearson,prehosp_gcs,rSI_GCSM,vital,derived_score,11353,0.22367735417456872
surgery,overall_le2024,pearson,prehosp_gcs,qSOFA,vital,derived_score,11353,-0.3904228664312306
surgery,overall_le2024,pearson,prehosp_gcs,NEWS2,vital,derived_score,201,-0.3973057593182944
surgery,overall_le2024,pearson,prehosp_gcs,MEWS,vital,derived_score,11352,-0.31086052071519904
surgery,overall_le2024,pearson,prehosp_gcs,REMS,vital,derived_score,10586,-0.2042786113570921
surgery,overall_le2024,pearson,prehosp_gcs,RTS,vital,derived_score,11353,0.8224193087413169
surgery,overall_le2024,pearson,prehosp_gcs_m,MAP,vital,derived_score,10590,-0.03186409416037904
surgery,overall_le2024,pearson,prehosp_gcs_m,SI,vital,derived_score,11354,0.0011184004864624197
surgery,overall_le2024,pearson,prehosp_gcs_m,mSI,vital,derived_score,10590,0.007424017341664369
surgery,overall_le2024,pearson,prehosp_gcs_m,aSI,vital,derived_score,11347,-0.06566368542338222
surgery,overall_le2024,pearson,prehosp_gcs_m,rSI,vital,derived_score,11354,-0.03139426031494925
surgery,overall_le2024,pearson,prehosp_gcs_m,rSIG,vital,derived_score,11353,0.23076288709056647
surgery,overall_le2024,pearson,prehosp_gcs_m,rSIG_Age,vital,derived_score,11346,0.14619994168384187
surgery,overall_le2024,pearson,prehosp_gcs_m,SI_G,vital,derived_score,11353,-0.5736017493436736
surgery,overall_le2024,pearson,prehosp_gcs_m,SIA_G,vital,derived_score,11346,-0.5129425329938572
surgery,overall_le2024,pearson,prehosp_gcs_m,SIAVPU,vital,derived_score,11354,0.17650941625374952
surgery,overall_le2024,pearson,prehosp_gcs_m,sMS,vital,derived_score,11360,0.9122166020798235
surgery,overall_le2024,pearson,prehosp_gcs_m,rSI_sMS,vital,derived_score,11354,0.2376131451806652
surgery,overall_le2024,pearson,prehosp_gcs_m,rSI_GCS,vital,derived_score,11353,0.23076288709056647
surgery,overall_le2024,pearson,prehosp_gcs_m,rSI_GCSM,vital,derived_score,11354,0.23488716607405521
surgery,overall_le2024,pearson,prehosp_gcs_m,qSOFA,vital,derived_score,11354,-0.34061780981049905
surgery,overall_le2024,pearson,prehosp_gcs_m,NEWS2,vital,derived_score,201,-0.34753293569491084
surgery,overall_le2024,pearson,prehosp_gcs_m,MEWS,vital,derived_score,11353,-0.2821349306195311
surgery,overall_le2024,pearson,prehosp_gcs_m,REMS,vital,derived_score,10586,-0.19761996790152161
surgery,overall_le2024,pearson,prehosp_gcs_m,RTS,vital,derived_score,11353,0.8004027922282151
surgery,overall_le2024,pearson,MAP,SI,derived_score,derived_score,10596,-0.5292170932154533
surgery,overall_le2024,pearson,MAP,mSI,derived_score,derived_score,10596,-0.5946477232954552
surgery,overall_le2024,pearson,MAP,aSI,derived_score,derived_score,10592,-0.03950998964223166
surgery,overall_le2024,pearson,MAP,rSI,derived_score,derived_score,10596,0.5449252990958656
surgery,overall_le2024,pearson,MAP,rSIG,derived_score,derived_score,10590,0.5139418697238298
surgery,overall_le2024,pearson,MAP,rSIG_Age,derived_score,derived_score,10586,-0.07287255986133702
surgery,overall_le2024,pearson,MAP,SI_G,derived_score,derived_score,10590,-0.3688563568669923
surgery,overall_le2024,pearson,MAP,SIA_G,derived_score,derived_score,10586,-0.027208028814498512
surgery,overall_le2024,pearson,MAP,SIAVPU,derived_score,derived_score,10596,-0.512048952473174
surgery,overall_le2024,pearson,MAP,sMS,derived_score,derived_score,10590,-0.020331164994375383
surgery,overall_le2024,pearson,MAP,rSI_sMS,derived_score,derived_score,10590,0.5115163181070268
surgery,overall_le2024,pearson,MAP,rSI_GCS,derived_score,derived_score,10590,0.5139418697238298
surgery,overall_le2024,pearson,MAP,rSI_GCSM,derived_score,derived_score,10590,0.5153979113637402
surgery,overall_le2024,pearson,MAP,qSOFA,derived_score,derived_score,10596,-0.18393656572193312
surgery,overall_le2024,pearson,MAP,NEWS2,derived_score,derived_score,169,-0.19317030936850815
surgery,overall_le2024,pearson,MAP,MEWS,derived_score,derived_score,10596,0.14519172426122448
surgery,overall_le2024,pearson,MAP,REMS,derived_score,derived_score,10586,0.45431004711620754
surgery,overall_le2024,pearson,MAP,RTS,derived_score,derived_score,10590,0.005964932342297626
surgery,overall_le2024,pearson,SI,mSI,derived_score,derived_score,10596,0.936313227182255
surgery,overall_le2024,pearson,SI,aSI,derived_score,derived_score,11355,0.39903792234772956
surgery,overall_le2024,pearson,SI,rSI,derived_score,derived_score,11362,-0.911159535453966
surgery,overall_le2024,pearson,SI,rSIG,derived_score,derived_score,11353,-0.8814190103349931
surgery,overall_le2024,pearson,SI,rSIG_Age,derived_score,derived_score,11346,-0.19329119874750955
surgery,overall_le2024,pearson,SI,SI_G,derived_score,derived_score,11353,0.7533556429819481
surgery,overall_le2024,pearson,SI,SIA_G,derived_score,derived_score,11346,0.3262682891510798
surgery,overall_le2024,pearson,SI,SIAVPU,derived_score,derived_score,11362,0.970668875964092
surgery,overall_le2024,pearson,SI,sMS,derived_score,derived_score,11354,-0.01452030918670314
surgery,overall_le2024,pearson,SI,rSI_sMS,derived_score,derived_score,11354,-0.8776128460067584
surgery,overall_le2024,pearson,SI,rSI_GCS,derived_score,derived_score,11353,-0.8814190103349934
surgery,overall_le2024,pearson,SI,rSI_GCSM,derived_score,derived_score,11354,-0.8826313704248998
surgery,overall_le2024,pearson,SI,qSOFA,derived_score,derived_score,11362,0.5162977686647234
surgery,overall_le2024,pearson,SI,NEWS2,derived_score,derived_score,202,0.44461690075475774
surgery,overall_le2024,pearson,SI,MEWS,derived_score,derived_score,11361,0.5585185957767457
surgery,overall_le2024,pearson,SI,REMS,derived_score,derived_score,10586,-0.34817958442444047
surgery,overall_le2024,pearson,SI,RTS,derived_score,derived_score,11353,-0.3052768890461338
surgery,overall_le2024,pearson,mSI,aSI,derived_score,derived_score,10592,0.2555435130685194
surgery,overall_le2024,pearson,mSI,rSI,derived_score,derived_score,10596,-0.8645405408768426
surgery,overall_le2024,pearson,mSI,rSIG,derived_score,derived_score,10590,-0.8307069803915462
surgery,overall_le2024,pearson,mSI,rSIG_Age,derived_score,derived_score,10586,-0.1170477697769105
surgery,overall_le2024,pearson,mSI,SI_G,derived_score,derived_score,10590,0.6759250923940334
surgery,overall_le2024,pearson,mSI,SIA_G,derived_score,derived_score,10586,0.20765984795786568
surgery,overall_le2024,pearson,mSI,SIAVPU,derived_score,derived_score,10596,0.8989324466534381
surgery,overall_le2024,pearson,mSI,sMS,derived_score,derived_score,10590,-0.008451909385922605
surgery,overall_le2024,pearson,mSI,rSI_sMS,derived_score,derived_score,10590,-0.8263852800807124
surgery,overall_le2024,pearson,mSI,rSI_GCS,derived_score,derived_score,10590,-0.830706980391546
surgery,overall_le2024,pearson,mSI,rSI_GCSM,derived_score,derived_score,10590,-0.8324094829129822
surgery,overall_le2024,pearson,mSI,qSOFA,derived_score,derived_score,10596,0.20967348045603046
surgery,overall_le2024,pearson,mSI,NEWS2,derived_score,derived_score,169,0.48538040515526043
surgery,overall_le2024,pearson,mSI,MEWS,derived_score,derived_score,10596,0.38572113727344676
surgery,overall_le2024,pearson,mSI,REMS,derived_score,derived_score,10586,-0.2967080479990093
surgery,overall_le2024,pearson,mSI,RTS,derived_score,derived_score,10590,-0.039785111633778694
surgery,overall_le2024,pearson,aSI,rSI,derived_score,derived_score,11355,-0.29817314011079826
surgery,overall_le2024,pearson,aSI,rSIG,derived_score,derived_score,11346,-0.30224307498117636
surgery,overall_le2024,pearson,aSI,rSIG_Age,derived_score,derived_score,11346,-0.8285508204448361
surgery,overall_le2024,pearson,aSI,SI_G,derived_score,derived_score,11346,0.3450267523144826
surgery,overall_le2024,pearson,aSI,SIA_G,derived_score,derived_score,11346,0.8317237338375649
surgery,overall_le2024,pearson,aSI,SIAVPU,derived_score,derived_score,11355,0.3657110853870366
surgery,overall_le2024,pearson,aSI,sMS,derived_score,derived_score,11347,-0.08284691929139489
surgery,overall_le2024,pearson,aSI,rSI_sMS,derived_score,derived_score,11347,-0.30304485481939825
surgery,overall_le2024,pearson,aSI,rSI_GCS,derived_score,derived_score,11346,-0.30224307498117625
surgery,overall_le2024,pearson,aSI,rSI_GCSM,derived_score,derived_score,11347,-0.300420214851096
surgery,overall_le2024,pearson,aSI,qSOFA,derived_score,derived_score,11355,0.3629984515224658
surgery,overall_le2024,pearson,aSI,NEWS2,derived_score,derived_score,202,0.4051810500983625
surgery,overall_le2024,pearson,aSI,MEWS,derived_score,derived_score,11354,0.3718826982002601
surgery,overall_le2024,pearson,aSI,REMS,derived_score,derived_score,10586,0.6598006743500209
surgery,overall_le2024,pearson,aSI,RTS,derived_score,derived_score,11346,-0.24797630581261856
surgery,overall_le2024,pearson,rSI,rSIG,derived_score,derived_score,11353,0.9574293921476916
surgery,overall_le2024,pearson,rSI,rSIG_Age,derived_score,derived_score,11346,0.14073018873569276
surgery,overall_le2024,pearson,rSI,SI_G,derived_score,derived_score,11353,-0.6691649047918691
surgery,overall_le2024,pearson,rSI,SIA_G,derived_score,derived_score,11346,-0.23243205506172798
surgery,overall_le2024,pearson,rSI,SIAVPU,derived_score,derived_score,11362,-0.8932394564993463
surgery,overall_le2024,pearson,rSI,sMS,derived_score,derived_score,11354,-0.017282226319433852
surgery,overall_le2024,pearson,rSI,rSI_sMS,derived_score,derived_score,11354,0.9537325977800818
surgery,overall_le2024,pearson,rSI,rSI_GCS,derived_score,derived_score,11353,0.9574293921476916
surgery,overall_le2024,pearson,rSI,rSI_GCSM,derived_score,derived_score,11354,0.9595879190661235
surgery,overall_le2024,pearson,rSI,qSOFA,derived_score,derived_score,11362,-0.36140990923497823
surgery,overall_le2024,pearson,rSI,NEWS2,derived_score,derived_score,202,-0.3264609454232419
surgery,overall_le2024,pearson,rSI,MEWS,derived_score,derived_score,11361,-0.3746047359419285
surgery,overall_le2024,pearson,rSI,REMS,derived_score,derived_score,10586,0.446142610951027
surgery,overall_le2024,pearson,rSI,RTS,derived_score,derived_score,11353,0.18184773298605647
surgery,overall_le2024,pearson,rSIG,rSIG_Age,derived_score,derived_score,11346,0.17930914492572142
surgery,overall_le2024,pearson,rSIG,SI_G,derived_score,derived_score,11353,-0.7876734946235109
surgery,overall_le2024,pearson,rSIG,SIA_G,derived_score,derived_score,11346,-0.35109249141497434
surgery,overall_le2024,pearson,rSIG,SIAVPU,derived_score,derived_score,11353,-0.8176136930127277
surgery,overall_le2024,pearson,rSIG,sMS,derived_score,derived_score,11353,0.23440938789613625
surgery,overall_le2024,pearson,rSIG,rSI_sMS,derived_score,derived_score,11353,0.995183025550629
surgery,overall_le2024,pearson,rSIG,rSI_GCS,derived_score,derived_score,11353,1.0
surgery,overall_le2024,pearson,rSIG,rSI_GCSM,derived_score,derived_score,11353,0.9962774711132882
surgery,overall_le2024,pearson,rSIG,qSOFA,derived_score,derived_score,11353,-0.448357118279146
surgery,overall_le2024,pearson,rSIG,NEWS2,derived_score,derived_score,201,-0.5647653555543187
surgery,overall_le2024,pearson,rSIG,MEWS,derived_score,derived_score,11352,-0.44524807803779887
surgery,overall_le2024,pearson,rSIG,REMS,derived_score,derived_score,10586,0.3738309588371751
surgery,overall_le2024,pearson,rSIG,RTS,derived_score,derived_score,11353,0.3997186480802092
surgery,overall_le2024,pearson,rSIG_Age,SI_G,derived_score,derived_score,11346,-0.22730373540656865
surgery,overall_le2024,pearson,rSIG_Age,SIA_G,derived_score,derived_score,11346,-0.7115297268472013
surgery,overall_le2024,pearson,rSIG_Age,SIAVPU,derived_score,derived_score,11346,-0.15628937154336506
surgery,overall_le2024,pearson,rSIG_Age,sMS,derived_score,derived_score,11346,0.1554925691375957
surgery,overall_le2024,pearson,rSIG_Age,rSI_sMS,derived_score,derived_score,11346,0.18023455781896802
surgery,overall_le2024,pearson,rSIG_Age,rSI_GCS,derived_score,derived_score,11346,0.1793091449257214
surgery,overall_le2024,pearson,rSIG_Age,rSI_GCSM,derived_score,derived_score,11346,0.1751214831134046
surgery,overall_le2024,pearson,rSIG_Age,qSOFA,derived_score,derived_score,11346,-0.24199162908332036
surgery,overall_le2024,pearson,rSIG_Age,NEWS2,derived_score,derived_score,201,-0.41172169556803945
surgery,overall_le2024,pearson,rSIG_Age,MEWS,derived_score,derived_score,11345,-0.2604614383803316
surgery,overall_le2024,pearson,rSIG_Age,REMS,derived_score,derived_score,10586,-0.6384618039334249
surgery,overall_le2024,pearson,rSIG_Age,RTS,derived_score,derived_score,11346,0.22467019423594628
surgery,overall_le2024,pearson,SI_G,SIA_G,derived_score,derived_score,11346,0.6336876535638305
surgery,overall_le2024,pearson,SI_G,SIAVPU,derived_score,derived_score,11353,0.605810085605716
surgery,overall_le2024,pearson,SI_G,sMS,derived_score,derived_score,11353,-0.5037244891523419
surgery,overall_le2024,pearson,SI_G,rSI_sMS,derived_score,derived_score,11353,-0.7749478244441482
surgery,overall_le2024,pearson,SI_G,rSI_GCS,derived_score,derived_score,11353,-0.7876734946235108
surgery,overall_le2024,pearson,SI_G,rSI_GCSM,derived_score,derived_score,11353,-0.7844423789916928
surgery,overall_le2024,pearson,SI_G,qSOFA,derived_score,derived_score,11353,0.5803731153213894
surgery,overall_le2024,pearson,SI_G,NEWS2,derived_score,derived_score,201,0.48422787765857955
surgery,overall_le2024,pearson,SI_G,MEWS,derived_score,derived_score,11352,0.5896836658830829
surgery,overall_le2024,pearson,SI_G,REMS,derived_score,derived_score,10586,-0.12159347390104115
surgery,overall_le2024,pearson,SI_G,RTS,derived_score,derived_score,11353,-0.737339750703409
surgery,overall_le2024,pearson,SIA_G,SIAVPU,derived_score,derived_score,11346,0.19843854374945866
surgery,overall_le2024,pearson,SIA_G,sMS,derived_score,derived_score,11346,-0.4579617900166169
surgery,overall_le2024,pearson,SIA_G,rSI_sMS,derived_score,derived_score,11346,-0.34297291924681966
surgery,overall_le2024,pearson,SIA_G,rSI_GCS,derived_score,derived_score,11346,-0.3510924914149743
surgery,overall_le2024,pearson,SIA_G,rSI_GCSM,derived_score,derived_score,11346,-0.34615356276140896
surgery,overall_le2024,pearson,SIA_G,qSOFA,derived_score,derived_score,11346,0.4440914830836097
surgery,overall_le2024,pearson,SIA_G,NEWS2,derived_score,derived_score,201,0.4197601520648677
surgery,overall_le2024,pearson,SIA_G,MEWS,derived_score,derived_score,11345,0.4371642668050883
surgery,overall_le2024,pearson,SIA_G,REMS,derived_score,derived_score,10586,0.604532861139422
surgery,overall_le2024,pearson,SIA_G,RTS,derived_score,derived_score,11346,-0.6096882931351978
surgery,overall_le2024,pearson,SIAVPU,sMS,derived_score,derived_score,11354,0.16916479803894965
surgery,overall_le2024,pearson,SIAVPU,rSI_sMS,derived_score,derived_score,11354,-0.8130842762620564
surgery,overall_le2024,pearson,SIAVPU,rSI_GCS,derived_score,derived_score,11353,-0.8176136930127276
surgery,overall_le2024,pearson,SIAVPU,rSI_GCSM,derived_score,derived_score,11354,-0.824502740536552
surgery,overall_le2024,pearson,SIAVPU,qSOFA,derived_score,derived_score,11362,0.40896877524857916
surgery,overall_le2024,pearson,SIAVPU,NEWS2,derived_score,derived_score,202,0.03999180373516615
surgery,overall_le2024,pearson,SIAVPU,MEWS,derived_score,derived_score,11361,0.4676530518269226
surgery,overall_le2024,pearson,SIAVPU,REMS,derived_score,derived_score,10586,-0.3893450977408281
surgery,overall_le2024,pearson,SIAVPU,RTS,derived_score,derived_score,11353,-0.13715946497765116
surgery,overall_le2024,pearson,sMS,rSI_sMS,derived_score,derived_score,11354,0.2676694806471486
surgery,overall_le2024,pearson,sMS,rSI_GCS,derived_score,derived_score,11353,0.23440938789613625
surgery,overall_le2024,pearson,sMS,rSI_GCSM,derived_score,derived_score,11354,0.21812714226863344
surgery,overall_le2024,pearson,sMS,qSOFA,derived_score,derived_score,11354,-0.39484689349876817
surgery,overall_le2024,pearson,sMS,NEWS2,derived_score,derived_score,201,-0.4302173784130685
surgery,overall_le2024,pearson,sMS,MEWS,derived_score,derived_score,11353,-0.2950515216797533
surgery,overall_le2024,pearson,sMS,REMS,derived_score,derived_score,10586,-0.1969391135674942
surgery,overall_le2024,pearson,sMS,RTS,derived_score,derived_score,11353,0.7495812926864719
surgery,overall_le2024,pearson,rSI_sMS,rSI_GCS,derived_score,derived_score,11353,0.9951830255506289
surgery,overall_le2024,pearson,rSI_sMS,rSI_GCSM,derived_score,derived_score,11354,0.992750989798846
surgery,overall_le2024,pearson,rSI_sMS,qSOFA,derived_score,derived_score,11354,-0.4543308539350353
surgery,overall_le2024,pearson,rSI_sMS,NEWS2,derived_score,derived_score,201,-0.5793866808438967
surgery,overall_le2024,pearson,rSI_sMS,MEWS,derived_score,derived_score,11353,-0.44406575144633176
surgery,overall_le2024,pearson,rSI_sMS,REMS,derived_score,derived_score,10586,0.36895261571176396
surgery,overall_le2024,pearson,rSI_sMS,RTS,derived_score,derived_score,11353,0.39288861960917076
surgery,overall_le2024,pearson,rSI_GCS,rSI_GCSM,derived_score,derived_score,11353,0.9962774711132882
surgery,overall_le2024,pearson,rSI_GCS,qSOFA,derived_score,derived_score,11353,-0.448357118279146
surgery,overall_le2024,pearson,rSI_GCS,NEWS2,derived_score,derived_score,201,-0.5647653555543186
surgery,overall_le2024,pearson,rSI_GCS,MEWS,derived_score,derived_score,11352,-0.44524807803779887
surgery,overall_le2024,pearson,rSI_GCS,REMS,derived_score,derived_score,10586,0.3738309588371751
surgery,overall_le2024,pearson,rSI_GCS,RTS,derived_score,derived_score,11353,0.3997186480802092
surgery,overall_le2024,pearson,rSI_GCSM,qSOFA,derived_score,derived_score,11354,-0.4345894521121338
surgery,overall_le2024,pearson,rSI_GCSM,NEWS2,derived_score,derived_score,201,-0.5257716452517158
surgery,overall_le2024,pearson,rSI_GCSM,MEWS,derived_score,derived_score,11353,-0.4372635016034612
surgery,overall_le2024,pearson,rSI_GCSM,REMS,derived_score,derived_score,10586,0.3790268541200582
surgery,overall_le2024,pearson,rSI_GCSM,RTS,derived_score,derived_score,11353,0.3873899206428021
surgery,overall_le2024,pearson,qSOFA,NEWS2,derived_score,derived_score,202,0.7521998838298851
surgery,overall_le2024,pearson,qSOFA,MEWS,derived_score,derived_score,11361,0.6004155266276455
surgery,overall_le2024,pearson,qSOFA,REMS,derived_score,derived_score,10586,0.13367507261104508
surgery,overall_le2024,pearson,qSOFA,RTS,derived_score,derived_score,11353,-0.6344146400542099
surgery,overall_le2024,pearson,NEWS2,MEWS,derived_score,derived_score,202,0.7619556400763274
surgery,overall_le2024,pearson,NEWS2,REMS,derived_score,derived_score,169,0.429061831098429
surgery,overall_le2024,pearson,NEWS2,RTS,derived_score,derived_score,201,-0.3876373848437931
surgery,overall_le2024,pearson,MEWS,REMS,derived_score,derived_score,10586,0.269510115155785
surgery,overall_le2024,pearson,MEWS,RTS,derived_score,derived_score,11352,-0.5118108693150815
surgery,overall_le2024,pearson,REMS,RTS,derived_score,derived_score,10586,-0.2011098598256149
surgery,overall_le2024,spearman,EMT_年齡,prehosp_sbp,vital,vital,11377,0.3365018636559534
surgery,overall_le2024,spearman,EMT_年齡,prehosp_dbp,vital,vital,10592,0.12779344618629535
surgery,overall_le2024,spearman,EMT_年齡,prehosp_hr,vital,vital,11361,-0.09214486962614195
surgery,overall_le2024,spearman,EMT_年齡,prehosp_rr,vital,vital,11361,0.0032924558398216984
surgery,overall_le2024,spearman,EMT_年齡,prehosp_spo2,vital,vital,11357,-0.17765335616264932
surgery,overall_le2024,spearman,EMT_年齡,prehosp_bt,vital,vital,11357,0.02470266631431632
surgery,overall_le2024,spearman,EMT_年齡,prehosp_gcs,vital,vital,11352,-0.07698775860343719
surgery,overall_le2024,spearman,EMT_年齡,prehosp_gcs_m,vital,vital,11353,-0.0761762094290854
surgery,overall_le2024,spearman,EMT_年齡,MAP,vital,derived_score,10592,0.29514509784247406
surgery,overall_le2024,spearman,EMT_年齡,SI,vital,derived_score,11355,-0.32008815186287554
surgery,overall_le2024,spearman,EMT_年齡,mSI,vital,derived_score,10592,-0.2988774191835734
surgery,overall_le2024,spearman,EMT_年齡,aSI,vital,derived_score,11355,0.8456144567978455
surgery,overall_le2024,spearman,EMT_年齡,rSI,vital,derived_score,11355,0.32008815186287554
surgery,overall_le2024,spearman,EMT_年齡,rSIG,vital,derived_score,11346,0.29978779160860036
surgery,overall_le2024,spearman,EMT_年齡,rSIG_Age,vital,derived_score,11346,-0.8423542523284635
surgery,overall_le2024,spearman,EMT_年齡,SI_G,vital,derived_score,11346,-0.29979052792666666
surgery,overall_le2024,spearman,EMT_年齡,SIA_G,vital,derived_score,11346,0.8423539983234797
surgery,overall_le2024,spearman,EMT_年齡,SIAVPU,vital,derived_score,11355,-0.32806939345628844
surgery,overall_le2024,spearman,EMT_年齡,sMS,vital,derived_score,11353,-0.07617560321270848
surgery,overall_le2024,spearman,EMT_年齡,rSI_sMS,vital,derived_score,11347,0.2982268719795171
surgery,overall_le2024,spearman,EMT_年齡,rSI_GCS,vital,derived_score,11346,0.29978793021152533
surgery,overall_le2024,spearman,EMT_年齡,rSI_GCSM,vital,derived_score,11347,0.30388323194389355
surgery,overall_le2024,spearman,EMT_年齡,qSOFA,vital,derived_score,11355,0.041334388976459156
surgery,overall_le2024,spearman,EMT_年齡,NEWS2,vital,derived_score,202,0.06266417952295449
surgery,overall_le2024,spearman,EMT_年齡,MEWS,vital,derived_score,11354,0.026528001778359716
surgery,overall_le2024,spearman,EMT_年齡,REMS,vital,derived_score,10586,0.8835138760462865
surgery,overall_le2024,spearman,EMT_年齡,RTS,vital,derived_score,11346,-0.042689614311209594
surgery,overall_le2024,spearman,prehosp_sbp,prehosp_dbp,vital,vital,10596,0.5695112427527217
surgery,overall_le2024,spearman,prehosp_sbp,prehosp_hr,vital,vital,11362,0.0956361607437179
surgery,overall_le2024,spearman,prehosp_sbp,prehosp_rr,vital,vital,11362,-0.011328037726116213
surgery,overall_le2024,spearman,prehosp_sbp,prehosp_spo2,vital,vital,11362,-0.024298290018944787
surgery,overall_le2024,spearman,prehosp_sbp,prehosp_bt,vital,vital,11361,-0.0016347376480647226
surgery,overall_le2024,spearman,prehosp_sbp,prehosp_gcs,vital,vital,11353,-0.00255079219750574
surgery,overall_le2024,spearman,prehosp_sbp,prehosp_gcs_m,vital,vital,11354,-0.0023939185082452272
surgery,overall_le2024,spearman,prehosp_sbp,MAP,vital,derived_score,10596,0.8692816888162445
surgery,overall_le2024,spearman,prehosp_sbp,SI,vital,derived_score,11362,-0.7351716084213626
surgery,overall_le2024,spearman,prehosp_sbp,mSI,vital,derived_score,10596,-0.5697520784999944
surgery,overall_le2024,spearman,prehosp_sbp,aSI,vital,derived_score,11355,-0.037541186559177174
surgery,overall_le2024,spearman,prehosp_sbp,rSI,vital,derived_score,11362,0.7351716084213626
surgery,overall_le2024,spearman,prehosp_sbp,rSIG,vital,derived_score,11353,0.7138893856055466
surgery,overall_le2024,spearman,prehosp_sbp,rSIG_Age,vital,derived_score,11346,0.030512551219753426
surgery,overall_le2024,spearman,prehosp_sbp,SI_G,vital,derived_score,11353,-0.7138895318070829
surgery,overall_le2024,spearman,prehosp_sbp,SIA_G,vital,derived_score,11346,-0.030513939502381588
surgery,overall_le2024,spearman,prehosp_sbp,SIAVPU,vital,derived_score,11362,-0.7212719248873941
surgery,overall_le2024,spearman,prehosp_sbp,sMS,vital,derived_score,11354,-0.0023159868933204032
surgery,overall_le2024,spearman,prehosp_sbp,rSI_sMS,vital,derived_score,11354,0.7113575272092599
surgery,overall_le2024,spearman,prehosp_sbp,rSI_GCS,vital,derived_score,11353,0.7138895410389675
surgery,overall_le2024,spearman,prehosp_sbp,rSI_GCSM,vital,derived_score,11354,0.718205406562252
surgery,overall_le2024,spearman,prehosp_sbp,qSOFA,vital,derived_score,11362,-0.413198934151558
surgery,overall_le2024,spearman,prehosp_sbp,NEWS2,vital,derived_score,202,-0.08505057917519755
surgery,overall_le2024,spearman,prehosp_sbp,MEWS,vital,derived_score,11361,-0.1569839115351201
surgery,overall_le2024,spearman,prehosp_sbp,REMS,vital,derived_score,10586,0.5055384187205423
surgery,overall_le2024,spearman,prehosp_sbp,RTS,vital,derived_score,11353,0.3380428544362026
surgery,overall_le2024,spearman,prehosp_dbp,prehosp_hr,vital,vital,10596,0.2058429234671098
surgery,overall_le2024,spearman,prehosp_dbp,prehosp_rr,vital,vital,10596,-0.002279038899483288
surgery,overall_le2024,spearman,prehosp_dbp,prehosp_spo2,vital,vital,10596,0.04114976037136364
surgery,overall_le2024,spearman,prehosp_dbp,prehosp_bt,vital,vital,10596,0.017137994416862902
surgery,overall_le2024,spearman,prehosp_dbp,prehosp_gcs,vital,vital,10590,-0.005477137041296295
surgery,overall_le2024,spearman,prehosp_dbp,prehosp_gcs_m,vital,vital,10590,-0.001994439667181499
surgery,overall_le2024,spearman,prehosp_dbp,MAP,vital,derived_score,10596,0.8888990185674137
surgery,overall_le2024,spearman,prehosp_dbp,SI,vital,derived_score,10596,-0.2825298007856032
surgery,overall_le2024,spearman,prehosp_dbp,mSI,vital,derived_score,10596,-0.4861798221894735
surgery,overall_le2024,spearman,prehosp_dbp,aSI,vital,derived_score,10592,-0.0014348767363212237
surgery,overall_le2024,spearman,prehosp_dbp,rSI,vital,derived_score,10596,0.2825298007856032
surgery,overall_le2024,spearman,prehosp_dbp,rSIG,vital,derived_score,10590,0.27194156875732106
surgery,overall_le2024,spearman,prehosp_dbp,rSIG_Age,vital,derived_score,10586,-0.002719244515010068
surgery,overall_le2024,spearman,prehosp_dbp,SI_G,vital,derived_score,10590,-0.27194062053474916
surgery,overall_le2024,spearman,prehosp_dbp,SIA_G,vital,derived_score,10586,0.002719157496416119
surgery,overall_le2024,spearman,prehosp_dbp,SIAVPU,vital,derived_score,10596,-0.27422873867144565
surgery,overall_le2024,spearman,prehosp_dbp,sMS,vital,derived_score,10590,-0.0019335441074874624
surgery,overall_le2024,spearman,prehosp_dbp,rSI_sMS,vital,derived_score,10590,0.26992142589541224
surgery,overall_le2024,spearman,prehosp_dbp,rSI_GCS,vital,derived_score,10590,0.2719416281914888
surgery,overall_le2024,spearman,prehosp_dbp,rSI_GCSM,vital,derived_score,10590,0.2735888540547906
surgery,overall_le2024,spearman,prehosp_dbp,qSOFA,vital,derived_score,10596,-0.1449030589787865
surgery,overall_le2024,spearman,prehosp_dbp,NEWS2,vital,derived_score,169,-0.17132572856299372
surgery,overall_le2024,spearman,prehosp_dbp,MEWS,vital,derived_score,10596,0.10732154716779321
surgery,overall_le2024,spearman,prehosp_dbp,REMS,vital,derived_score,10586,0.2730067394117632
surgery,overall_le2024,spearman,prehosp_dbp,RTS,vital,derived_score,10590,0.027633906572070484
surgery,overall_le2024,spearman,prehosp_hr,prehosp_rr,vital,vital,11368,0.033600730128721765
surgery,overall_le2024,spearman,prehosp_hr,prehosp_spo2,vital,vital,11364,-0.03084310422897539
surgery,overall_le2024,spearman,prehosp_hr,prehosp_bt,vital,vital,11364,0.09559260995009619
surgery,overall_le2024,spearman,prehosp_hr,prehosp_gcs,vital,vital,11359,0.0027269959809433715
surgery,overall_le2024,spearman,prehosp_hr,prehosp_gcs_m,vital,vital,11360,0.006760460929137672
surgery,overall_le2024,spearman,prehosp_hr,MAP,vital,derived_score,10596,0.16779738819162449
surgery,overall_le2024,spearman,prehosp_hr,SI,vital,derived_score,11362,0.5413388825818395
surgery,overall_le2024,spearman,prehosp_hr,mSI,vital,derived_score,10596,0.6384742590660984
surgery,overall_le2024,spearman,prehosp_hr,aSI,vital,derived_score,11355,0.19262000686469555
surgery,overall_le2024,spearman,prehosp_hr,rSI,vital,derived_score,11362,-0.5413388825818395
surgery,overall_le2024,spearman,prehosp_hr,rSIG,vital,derived_score,11353,-0.5296912821000088
surgery,overall_le2024,spearman,prehosp_hr,rSIG_Age,vital,derived_score,11346,-0.1866791151258447
surgery,overall_le2024,spearman,prehosp_hr,SI_G,vital,derived_score,11353,0.5296933775102054
surgery,overall_le2024,spearman,prehosp_hr,SIA_G,vital,derived_score,11346,0.1866785349946447
surgery,overall_le2024,spearman,prehosp_hr,SIAVPU,vital,derived_score,11362,0.5328589985556236
surgery,overall_le2024,spearman,prehosp_hr,sMS,vital,derived_score,11360,0.006708460066715431
surgery,overall_le2024,spearman,prehosp_hr,rSI_sMS,vital,derived_score,11354,-0.5276827805657371
surgery,overall_le2024,spearman,prehosp_hr,rSI_GCS,vital,derived_score,11353,-0.5296916629949561
surgery,overall_le2024,spearman,prehosp_hr,rSI_GCSM,vital,derived_score,11354,-0.5325328823386816
surgery,overall_le2024,spearman,prehosp_hr,qSOFA,vital,derived_score,11362,-0.030173842596029565
surgery,overall_le2024,spearman,prehosp_hr,NEWS2,vital,derived_score,202,0.43399923146776903
surgery,overall_le2024,spearman,prehosp_hr,MEWS,vital,derived_score,11361,0.3972640293496476
surgery,overall_le2024,spearman,prehosp_hr,REMS,vital,derived_score,10586,-0.03765611199647838
surgery,overall_le2024,spearman,prehosp_hr,RTS,vital,derived_score,11353,0.033479535267393334
surgery,overall_le2024,spearman,prehosp_rr,prehosp_spo2,vital,vital,11364,0.021212790463079747
surgery,overall_le2024,spearman,prehosp_rr,prehosp_bt,vital,vital,11364,-0.01126516033463824
surgery,overall_le2024,spearman,prehosp_rr,prehosp_gcs,vital,vital,11359,-0.014659326433437803
surgery,overall_le2024,spearman,prehosp_rr,prehosp_gcs_m,vital,vital,11360,-0.015758566643351717
surgery,overall_le2024,spearman,prehosp_rr,MAP,vital,derived_score,10596,-0.008055754694056269
surgery,overall_le2024,spearman,prehosp_rr,SI,vital,derived_score,11362,0.026748071438101872
surgery,overall_le2024,spearman,prehosp_rr,mSI,vital,derived_score,10596,0.031034361122275474
surgery,overall_le2024,spearman,prehosp_rr,aSI,vital,derived_score,11355,0.015587717231910594
surgery,overall_le2024,spearman,prehosp_rr,rSI,vital,derived_score,11362,-0.026748071438101872
surgery,overall_le2024,spearman,prehosp_rr,rSIG,vital,derived_score,11353,-0.02741380354943266
surgery,overall_le2024,spearman,prehosp_rr,rSIG_Age,vital,derived_score,11346,-0.0167487496042813
surgery,overall_le2024,spearman,prehosp_rr,SI_G,vital,derived_score,11353,0.02741420276160204
surgery,overall_le2024,spearman,prehosp_rr,SIA_G,vital,derived_score,11346,0.016749078155273444
surgery,overall_le2024,spearman,prehosp_rr,SIAVPU,vital,derived_score,11362,0.020120852190888706
surgery,overall_le2024,spearman,prehosp_rr,sMS,vital,derived_score,11360,-0.015893302007794166
surgery,overall_le2024,spearman,prehosp_rr,rSI_sMS,vital,derived_score,11354,-0.027526573554271256
surgery,overall_le2024,spearman,prehosp_rr,rSI_GCS,vital,derived_score,11353,-0.02741399383399809
surgery,overall_le2024,spearman,prehosp_rr,rSI_GCSM,vital,derived_score,11354,-0.02610495615924103
surgery,overall_le2024,spearman,prehosp_rr,qSOFA,vital,derived_score,11362,0.1282985160348366
surgery,overall_le2024,spearman,prehosp_rr,NEWS2,vital,derived_score,202,0.31944883320488116
surgery,overall_le2024,spearman,prehosp_rr,MEWS,vital,derived_score,11361,0.11870804397545573
surgery,overall_le2024,spearman,prehosp_rr,REMS,vital,derived_score,10586,0.002958595572844313
surgery,overall_le2024,spearman,prehosp_rr,RTS,vital,derived_score,11353,-0.015999778728028446
surgery,overall_le2024,spearman,prehosp_spo2,prehosp_bt,vital,vital,11363,-0.043624677259041955
surgery,overall_le2024,spearman,prehosp_spo2,prehosp_gcs,vital,vital,11355,0.07943851520746537
surgery,overall_le2024,spearman,prehosp_spo2,prehosp_gcs_m,vital,vital,11356,0.07517022572788787
surgery,overall_le2024,spearman,prehosp_spo2,MAP,vital,derived_score,10596,-0.0019917200874485157
surgery,overall_le2024,spearman,prehosp_spo2,SI,vital,derived_score,11362,-0.007666367905326458
surgery,overall_le2024,spearman,prehosp_spo2,mSI,vital,derived_score,10596,-0.02293726766422366
surgery,overall_le2024,spearman,prehosp_spo2,aSI,vital,derived_score,11355,-0.18136294759216848
surgery,overall_le2024,spearman,prehosp_spo2,rSI,vital,derived_score,11362,0.007666367905326458
surgery,overall_le2024,spearman,prehosp_spo2,rSIG,vital,derived_score,11353,0.02154098755546559
surgery,overall_le2024,spearman,prehosp_spo2,rSIG_Age,vital,derived_score,11346,0.1862040762934644
surgery,overall_le2024,spearman,prehosp_spo2,SI_G,vital,derived_score,11353,-0.02153905019260897
surgery,overall_le2024,spearman,prehosp_spo2,SIA_G,vital,derived_score,11346,-0.1862003127225849
surgery,overall_le2024,spearman,prehosp_spo2,SIAVPU,vital,derived_score,11362,0.005401156500978412
surgery,overall_le2024,spearman,prehosp_spo2,sMS,vital,derived_score,11356,0.07513505412835804
surgery,overall_le2024,spearman,prehosp_spo2,rSI_sMS,vital,derived_score,11354,0.021568205669716636
surgery,overall_le2024,spearman,prehosp_spo2,rSI_GCS,vital,derived_score,11353,0.021541356703337605
surgery,overall_le2024,spearman,prehosp_spo2,rSI_GCSM,vital,derived_score,11354,0.01938532485858147
surgery,overall_le2024,spearman,prehosp_spo2,qSOFA,vital,derived_score,11362,-0.07361267615184819
surgery,overall_le2024,spearman,prehosp_spo2,NEWS2,vital,derived_score,202,-0.4670003374613087
surgery,overall_le2024,spearman,prehosp_spo2,MEWS,vital,derived_score,11361,-0.06213061030193228
surgery,overall_le2024,spearman,prehosp_spo2,REMS,vital,derived_score,10586,-0.16024190645152786
surgery,overall_le2024,spearman,prehosp_spo2,RTS,vital,derived_score,11353,0.06146699848123439
surgery,overall_le2024,spearman,prehosp_bt,prehosp_gcs,vital,vital,11355,0.009841428620362015
surgery,overall_le2024,spearman,prehosp_bt,prehosp_gcs_m,vital,vital,11356,0.009749161830085857
surgery,overall_le2024,spearman,prehosp_bt,MAP,vital,derived_score,10596,0.02246946941158586
surgery,overall_le2024,spearman,prehosp_bt,SI,vital,derived_score,11361,0.07226041641125525
surgery,overall_le2024,spearman,prehosp_bt,mSI,vital,derived_score,10596,0.06892440930430915
surgery,overall_le2024,spearman,prehosp_bt,aSI,vital,derived_score,11354,0.05829424074804915
surgery,overall_le2024,spearman,prehosp_bt,rSI,vital,derived_score,11361,-0.07226041641125525
surgery,overall_le2024,spearman,prehosp_bt,rSIG,vital,derived_score,11352,-0.06891026327413828
surgery,overall_le2024,spearman,prehosp_bt,rSIG_Age,vital,derived_score,11345,-0.05585961709501608
surgery,overall_le2024,spearman,prehosp_bt,SI_G,vital,derived_score,11352,0.06890981692691998
surgery,overall_le2024,spearman,prehosp_bt,SIA_G,vital,derived_score,11345,0.05586133716300084
surgery,overall_le2024,spearman,prehosp_bt,SIAVPU,vital,derived_score,11361,0.07306898272283067
surgery,overall_le2024,spearman,prehosp_bt,sMS,vital,derived_score,11356,0.009735645563945666
surgery,overall_le2024,spearman,prehosp_bt,rSI_sMS,vital,derived_score,11353,-0.0687773689987041
surgery,overall_le2024,spearman,prehosp_bt,rSI_GCS,vital,derived_score,11352,-0.0689099260304733
surgery,overall_le2024,spearman,prehosp_bt,rSI_GCSM,vital,derived_score,11353,-0.06963465308230629
surgery,overall_le2024,spearman,prehosp_bt,qSOFA,vital,derived_score,11361,0.03020648801221524
surgery,overall_le2024,spearman,prehosp_bt,NEWS2,vital,derived_score,202,-0.1373958922349633
surgery,overall_le2024,spearman,prehosp_bt,MEWS,vital,derived_score,11361,0.032229325447003965
surgery,overall_le2024,spearman,prehosp_bt,REMS,vital,derived_score,10586,0.020978960671188696
surgery,overall_le2024,spearman,prehosp_bt,RTS,vital,derived_score,11352,-0.03653453766694906
surgery,overall_le2024,spearman,prehosp_gcs,prehosp_gcs_m,vital,vital,11359,0.8821283881032844
surgery,overall_le2024,spearman,prehosp_gcs,MAP,vital,derived_score,10590,-0.017260954826406556
surgery,overall_le2024,spearman,prehosp_gcs,SI,vital,derived_score,11353,-0.0025926632600769945
surgery,overall_le2024,spearman,prehosp_gcs,mSI,vital,derived_score,10590,0.007420804679669471
surgery,overall_le2024,spearman,prehosp_gcs,aSI,vital,derived_score,11346,-0.0762601374507396
surgery,overall_le2024,spearman,prehosp_gcs,rSI,vital,derived_score,11353,0.0025926632600769945
surgery,overall_le2024,spearman,prehosp_gcs,rSIG,vital,derived_score,11353,0.16823464085607812
surgery,overall_le2024,spearman,prehosp_gcs,rSIG_Age,vital,derived_score,11346,0.1756742180957706
surgery,overall_le2024,spearman,prehosp_gcs,SI_G,vital,derived_score,11353,-0.1682248891923122
surgery,overall_le2024,spearman,prehosp_gcs,SIA_G,vital,derived_score,11346,-0.17567386323717857
surgery,overall_le2024,spearman,prehosp_gcs,SIAVPU,vital,derived_score,11353,0.1239041360502521
surgery,overall_le2024,spearman,prehosp_gcs,sMS,vital,derived_score,11359,0.8821217441717847
surgery,overall_le2024,spearman,prehosp_gcs,rSI_sMS,vital,derived_score,11353,0.17252026429167006
surgery,overall_le2024,spearman,prehosp_gcs,rSI_GCS,vital,derived_score,11353,0.16823297619976152
surgery,overall_le2024,spearman,prehosp_gcs,rSI_GCSM,vital,derived_score,11353,0.13413538369485845
surgery,overall_le2024,spearman,prehosp_gcs,qSOFA,vital,derived_score,11353,-0.40680661235668786
surgery,overall_le2024,spearman,prehosp_gcs,NEWS2,vital,derived_score,201,-0.5260090322036248
surgery,overall_le2024,spearman,prehosp_gcs,MEWS,vital,derived_score,11352,-0.21333254078562297
surgery,overall_le2024,spearman,prehosp_gcs,REMS,vital,derived_score,10586,-0.14364140663670572
surgery,overall_le2024,spearman,prehosp_gcs,RTS,vital,derived_score,11353,0.43688511382002787
surgery,overall_le2024,spearman,prehosp_gcs_m,MAP,vital,derived_score,10590,-0.014433729645902546
surgery,overall_le2024,spearman,prehosp_gcs_m,SI,vital,derived_score,11354,-0.004413629745504781
surgery,overall_le2024,spearman,prehosp_gcs_m,mSI,vital,derived_score,10590,0.00469915717468608
surgery,overall_le2024,spearman,prehosp_gcs_m,aSI,vital,derived_score,11347,-0.07441799069474402
surgery,overall_le2024,spearman,prehosp_gcs_m,rSI,vital,derived_score,11354,0.004413629745504781
surgery,overall_le2024,spearman,prehosp_gcs_m,rSIG,vital,derived_score,11353,0.17841167245354558
surgery,overall_le2024,spearman,prehosp_gcs_m,rSIG_Age,vital,derived_score,11346,0.17921833038409915
surgery,overall_le2024,spearman,prehosp_gcs_m,SI_G,vital,derived_score,11353,-0.1784002775478125
surgery,overall_le2024,spearman,prehosp_gcs_m,SIA_G,vital,derived_score,11346,-0.17921833708511808
surgery,overall_le2024,spearman,prehosp_gcs_m,SIAVPU,vital,derived_score,11354,0.12191444538732785
surgery,overall_le2024,spearman,prehosp_gcs_m,sMS,vital,derived_score,11360,0.9999918011330517
surgery,overall_le2024,spearman,prehosp_gcs_m,rSI_sMS,vital,derived_score,11354,0.19740689294239866
surgery,overall_le2024,spearman,prehosp_gcs_m,rSI_GCS,vital,derived_score,11353,0.17840998369365776
surgery,overall_le2024,spearman,prehosp_gcs_m,rSI_GCSM,vital,derived_score,11354,0.15384638066791526
surgery,overall_le2024,spearman,prehosp_gcs_m,qSOFA,vital,derived_score,11354,-0.35749344659765553
surgery,overall_le2024,spearman,prehosp_gcs_m,NEWS2,vital,derived_score,201,-0.5034753199612513
surgery,overall_le2024,spearman,prehosp_gcs_m,MEWS,vital,derived_score,11353,-0.21469163277798048
surgery,overall_le2024,spearman,prehosp_gcs_m,REMS,vital,derived_score,10586,-0.14818957216490544
surgery,overall_le2024,spearman,prehosp_gcs_m,RTS,vital,derived_score,11353,0.47144268058634153
surgery,overall_le2024,spearman,MAP,SI,derived_score,derived_score,10596,-0.5302444969848683
surgery,overall_le2024,spearman,MAP,mSI,derived_score,derived_score,10596,-0.5942471461979384
surgery,overall_le2024,spearman,MAP,aSI,derived_score,derived_score,10592,0.05096815006916724
surgery,overall_le2024,spearman,MAP,rSI,derived_score,derived_score,10596,0.5302444969848683
surgery,overall_le2024,spearman,MAP,rSIG,derived_score,derived_score,10590,0.511317345700297
surgery,overall_le2024,spearman,MAP,rSIG_Age,derived_score,derived_score,10586,-0.05672338422797245
surgery,overall_le2024,spearman,MAP,SI_G,derived_score,derived_score,10590,-0.5113169025128109
surgery,overall_le2024,spearman,MAP,SIA_G,derived_score,derived_score,10586,0.05672207786567219
surgery,overall_le2024,spearman,MAP,SIAVPU,derived_score,derived_score,10596,-0.5191795283423398
surgery,overall_le2024,spearman,MAP,sMS,derived_score,derived_score,10590,-0.014331271110466868
surgery,overall_le2024,spearman,MAP,rSI_sMS,derived_score,derived_score,10590,0.5091119162631873
surgery,overall_le2024,spearman,MAP,rSI_GCS,derived_score,derived_score,10590,0.5113174778207866
surgery,overall_le2024,spearman,MAP,rSI_GCSM,derived_score,derived_score,10590,0.5149145422605291
surgery,overall_le2024,spearman,MAP,qSOFA,derived_score,derived_score,10596,-0.15804355306685713
surgery,overall_le2024,spearman,MAP,NEWS2,derived_score,derived_score,169,-0.18086831289707042
surgery,overall_le2024,spearman,MAP,MEWS,derived_score,derived_score,10596,0.09533539906703171
surgery,overall_le2024,spearman,MAP,REMS,derived_score,derived_score,10586,0.4383853454940961
surgery,overall_le2024,spearman,MAP,RTS,derived_score,derived_score,10590,0.018285658397824384
surgery,overall_le2024,spearman,SI,mSI,derived_score,derived_score,10596,0.9237497063142313
surgery,overall_le2024,spearman,SI,aSI,derived_score,derived_score,11355,0.17692693234168816
surgery,overall_le2024,spearman,SI,rSI,derived_score,derived_score,11362,-1.0
surgery,overall_le2024,spearman,SI,rSIG,derived_score,derived_score,11353,-0.9748941894887351
surgery,overall_le2024,spearman,SI,rSIG_Age,derived_score,derived_score,11346,-0.16751738830810106
surgery,overall_le2024,spearman,SI,SI_G,derived_score,derived_score,11353,0.9748964491416614
surgery,overall_le2024,spearman,SI,SIA_G,derived_score,derived_score,11346,0.16751973679611945
surgery,overall_le2024,spearman,SI,SIAVPU,derived_score,derived_score,11362,0.9808038997067711
surgery,overall_le2024,spearman,SI,sMS,derived_score,derived_score,11354,-0.004480965943722562
surgery,overall_le2024,spearman,SI,rSI_sMS,derived_score,derived_score,11354,-0.9714323676525181
surgery,overall_le2024,spearman,SI,rSI_GCS,derived_score,derived_score,11353,-0.9748946998501602
surgery,overall_le2024,spearman,SI,rSI_GCSM,derived_score,derived_score,11354,-0.9805050605959664
surgery,overall_le2024,spearman,SI,qSOFA,derived_score,derived_score,11362,0.3795925251139572
surgery,overall_le2024,spearman,SI,NEWS2,derived_score,derived_score,202,0.3325252895944726
surgery,overall_le2024,spearman,SI,MEWS,derived_score,derived_score,11361,0.45976628717168744
surgery,overall_le2024,spearman,SI,REMS,derived_score,derived_score,10586,-0.41416885117339675
surgery,overall_le2024,spearman,SI,RTS,derived_score,derived_score,11353,-0.32071072296713093
surgery,overall_le2024,spearman,mSI,aSI,derived_score,derived_score,10592,0.1257196068413927
surgery,overall_le2024,spearman,mSI,rSI,derived_score,derived_score,10596,-0.9237497063142313
surgery,overall_le2024,spearman,mSI,rSIG,derived_score,derived_score,10590,-0.8993256636582523
surgery,overall_le2024,spearman,mSI,rSIG_Age,derived_score,derived_score,10586,-0.11731357736020726
surgery,overall_le2024,spearman,mSI,SI_G,derived_score,derived_score,10590,0.899328330991219
surgery,overall_le2024,spearman,mSI,SIA_G,derived_score,derived_score,10586,0.11731673738037295
surgery,overall_le2024,spearman,mSI,SIAVPU,derived_score,derived_score,10596,0.905011472079049
surgery,overall_le2024,spearman,mSI,sMS,derived_score,derived_score,10590,0.004636964459022199
surgery,overall_le2024,spearman,mSI,rSI_sMS,derived_score,derived_score,10590,-0.896070508948204
surgery,overall_le2024,spearman,mSI,rSI_GCS,derived_score,derived_score,10590,-0.8993263133613606
surgery,overall_le2024,spearman,mSI,rSI_GCSM,derived_score,derived_score,10590,-0.905047203006438
surgery,overall_le2024,spearman,mSI,qSOFA,derived_score,derived_score,10596,0.12811883946530195
surgery,overall_le2024,spearman,mSI,NEWS2,derived_score,derived_score,169,0.40996902572209115
surgery,overall_le2024,spearman,mSI,MEWS,derived_score,derived_score,10596,0.3362340143745981
surgery,overall_le2024,spearman,mSI,REMS,derived_score,derived_score,10586,-0.36174027934430786
surgery,overall_le2024,spearman,mSI,RTS,derived_score,derived_score,10590,-0.02450220655142854
surgery,overall_le2024,spearman,aSI,rSI,derived_score,derived_score,11355,-0.1769269323416882
surgery,overall_le2024,spearman,aSI,rSIG,derived_score,derived_score,11346,-0.18289415549384466
surgery,overall_le2024,spearman,aSI,rSIG_Age,derived_score,derived_score,11346,-0.990458558706657
surgery,overall_le2024,spearman,aSI,SI_G,derived_score,derived_score,11346,0.18289233481640443
surgery,overall_le2024,spearman,aSI,SIA_G,derived_score,derived_score,11346,0.99045848392462
surgery,overall_le2024,spearman,aSI,SIAVPU,derived_score,derived_score,11355,0.15922432514569396
surgery,overall_le2024,spearman,aSI,sMS,derived_score,derived_score,11347,-0.07445051220082224
surgery,overall_le2024,spearman,aSI,rSI_sMS,derived_score,derived_score,11347,-0.1826617211577457
surgery,overall_le2024,spearman,aSI,rSI_GCS,derived_score,derived_score,11346,-0.18289433793352255
surgery,overall_le2024,spearman,aSI,rSI_GCSM,derived_score,derived_score,11347,-0.18188740635985753
surgery,overall_le2024,spearman,aSI,qSOFA,derived_score,derived_score,11355,0.24929743328958737
surgery,overall_le2024,spearman,aSI,NEWS2,derived_score,derived_score,202,0.27356575252165155
surgery,overall_le2024,spearman,aSI,MEWS,derived_score,derived_score,11354,0.25936952476725267
surgery,overall_le2024,spearman,aSI,REMS,derived_score,derived_score,10586,0.7215943780889035
surgery,overall_le2024,spearman,aSI,RTS,derived_score,derived_score,11346,-0.22458572935993384
surgery,overall_le2024,spearman,rSI,rSIG,derived_score,derived_score,11353,0.9748941894887351
surgery,overall_le2024,spearman,rSI,rSIG_Age,derived_score,derived_score,11346,0.16751738830810106
surgery,overall_le2024,spearman,rSI,SI_G,derived_score,derived_score,11353,-0.9748964491416614
surgery,overall_le2024,spearman,rSI,SIA_G,derived_score,derived_score,11346,-0.16751973679611945
surgery,overall_le2024,spearman,rSI,SIAVPU,derived_score,derived_score,11362,-0.9808038997067711
surgery,overall_le2024,spearman,rSI,sMS,derived_score,derived_score,11354,0.004480965943722562
surgery,overall_le2024,spearman,rSI,rSI_sMS,derived_score,derived_score,11354,0.9714323676525181
surgery,overall_le2024,spearman,rSI,rSI_GCS,derived_score,derived_score,11353,0.9748946998501602
surgery,overall_le2024,spearman,rSI,rSI_GCSM,derived_score,derived_score,11354,0.9805050605959664
surgery,overall_le2024,spearman,rSI,qSOFA,derived_score,derived_score,11362,-0.3795925251139572
surgery,overall_le2024,spearman,rSI,NEWS2,derived_score,derived_score,202,-0.3325252895944726
surgery,overall_le2024,spearman,rSI,MEWS,derived_score,derived_score,11361,-0.45976628717168744
surgery,overall_le2024,spearman,rSI,REMS,derived_score,derived_score,10586,0.41416885117339675
surgery,overall_le2024,spearman,rSI,RTS,derived_score,derived_score,11353,0.32071072296713093
surgery,overall_le2024,spearman,rSIG,rSIG_Age,derived_score,derived_score,11346,0.20103161715562493
surgery,overall_le2024,spearman,rSIG,SI_G,derived_score,derived_score,11353,-0.9999999949852595
surgery,overall_le2024,spearman,rSIG,SIA_G,derived_score,derived_score,11346,-0.2010341380893542
surgery,overall_le2024,spearman,rSIG,SIAVPU,derived_score,derived_score,11353,-0.9386789980529673
surgery,overall_le2024,spearman,rSIG,sMS,derived_score,derived_score,11353,0.17836669184383988
surgery,overall_le2024,spearman,rSIG,rSI_sMS,derived_score,derived_score,11353,0.997562105052277
surgery,overall_le2024,spearman,rSIG,rSI_GCS,derived_score,derived_score,11353,0.9999999994321003
surgery,overall_le2024,spearman,rSIG,rSI_GCSM,derived_score,derived_score,11353,0.9969815761843875
surgery,overall_le2024,spearman,rSIG,qSOFA,derived_score,derived_score,11353,-0.443004158589093
surgery,overall_le2024,spearman,rSIG,NEWS2,derived_score,derived_score,201,-0.6290310019228113
surgery,overall_le2024,spearman,rSIG,MEWS,derived_score,derived_score,11352,-0.49489062855308474
surgery,overall_le2024,spearman,rSIG,REMS,derived_score,derived_score,10586,0.376689801106526
surgery,overall_le2024,spearman,rSIG,RTS,derived_score,derived_score,11353,0.4062979389425196
surgery,overall_le2024,spearman,rSIG_Age,SI_G,derived_score,derived_score,11346,-0.20102937629429102
surgery,overall_le2024,spearman,rSIG_Age,SIA_G,derived_score,derived_score,11346,-0.9999999872243404
surgery,overall_le2024,spearman,rSIG_Age,SIAVPU,derived_score,derived_score,11346,-0.13890495621324347
surgery,overall_le2024,spearman,rSIG_Age,sMS,derived_score,derived_score,11346,0.1791724670631449
surgery,overall_le2024,spearman,rSIG_Age,rSI_sMS,derived_score,derived_score,11346,0.20128321787037595
surgery,overall_le2024,spearman,rSIG_Age,rSI_GCS,derived_score,derived_score,11346,0.20103162012978534
surgery,overall_le2024,spearman,rSIG_Age,rSI_GCSM,derived_score,derived_score,11346,0.19546515508036483
surgery,overall_le2024,spearman,rSIG_Age,qSOFA,derived_score,derived_score,11346,-0.2867071630425243
surgery,overall_le2024,spearman,rSIG_Age,NEWS2,derived_score,derived_score,201,-0.5035951266200641
surgery,overall_le2024,spearman,rSIG_Age,MEWS,derived_score,derived_score,11345,-0.2804801269028711
surgery,overall_le2024,spearman,rSIG_Age,REMS,derived_score,derived_score,10586,-0.7298970251214366
surgery,overall_le2024,spearman,rSIG_Age,RTS,derived_score,derived_score,11346,0.27578150691096714
surgery,overall_le2024,spearman,SI_G,SIA_G,derived_score,derived_score,11346,0.20103189754020456
surgery,overall_le2024,spearman,SI_G,SIAVPU,derived_score,derived_score,11353,0.9386825010823723
surgery,overall_le2024,spearman,SI_G,sMS,derived_score,derived_score,11353,-0.1783552852334357
surgery,overall_le2024,spearman,SI_G,rSI_sMS,derived_score,derived_score,11353,-0.9975614494073349
surgery,overall_le2024,spearman,SI_G,rSI_GCS,derived_score,derived_score,11353,-0.9999999954793528
surgery,overall_le2024,spearman,SI_G,rSI_GCSM,derived_score,derived_score,11353,-0.9969816481161404
surgery,overall_le2024,spearman,SI_G,qSOFA,derived_score,derived_score,11353,0.4430003751611955
surgery,overall_le2024,spearman,SI_G,NEWS2,derived_score,derived_score,201,0.6290310019228113
surgery,overall_le2024,spearman,SI_G,MEWS,derived_score,derived_score,11352,0.49488973105794515
surgery,overall_le2024,spearman,SI_G,REMS,derived_score,derived_score,10586,-0.3766931087755099
surgery,overall_le2024,spearman,SI_G,RTS,derived_score,derived_score,11353,-0.40629283286864926
surgery,overall_le2024,spearman,SIA_G,SIAVPU,derived_score,derived_score,11346,0.1389072632480621
surgery,overall_le2024,spearman,SIA_G,sMS,derived_score,derived_score,11346,-0.1791724747090975
surgery,overall_le2024,spearman,SIA_G,rSI_sMS,derived_score,derived_score,11346,-0.20128572834006409
surgery,overall_le2024,spearman,SIA_G,rSI_GCS,derived_score,derived_score,11346,-0.20103414112513374
surgery,overall_le2024,spearman,SIA_G,rSI_GCSM,derived_score,derived_score,11346,-0.19546761983054217
surgery,overall_le2024,spearman,SIA_G,qSOFA,derived_score,derived_score,11346,0.286707607409155
surgery,overall_le2024,spearman,SIA_G,NEWS2,derived_score,derived_score,201,0.5035951266200641
surgery,overall_le2024,spearman,SIA_G,MEWS,derived_score,derived_score,11345,0.280482490524189
surgery,overall_le2024,spearman,SIA_G,REMS,derived_score,derived_score,10586,0.729896298644863
surgery,overall_le2024,spearman,SIA_G,RTS,derived_score,derived_score,11346,-0.2757798120511218
surgery,overall_le2024,spearman,SIAVPU,sMS,derived_score,derived_score,11354,0.12186194884577453
surgery,overall_le2024,spearman,SIAVPU,rSI_sMS,derived_score,derived_score,11354,-0.9349562862671007
surgery,overall_le2024,spearman,SIAVPU,rSI_GCS,derived_score,derived_score,11353,-0.9386795924385626
surgery,overall_le2024,spearman,SIAVPU,rSI_GCSM,derived_score,derived_score,11354,-0.9470925450102823
surgery,overall_le2024,spearman,SIAVPU,qSOFA,derived_score,derived_score,11362,0.3169859254072455
surgery,overall_le2024,spearman,SIAVPU,NEWS2,derived_score,derived_score,202,-0.052701094414616435
surgery,overall_le2024,spearman,SIAVPU,MEWS,derived_score,derived_score,11361,0.41735472639963705
surgery,overall_le2024,spearman,SIAVPU,REMS,derived_score,derived_score,10586,-0.43093349941345593
surgery,overall_le2024,spearman,SIAVPU,RTS,derived_score,derived_score,11353,-0.2565536082236253
surgery,overall_le2024,spearman,sMS,rSI_sMS,derived_score,derived_score,11354,0.19741469999219455
surgery,overall_le2024,spearman,sMS,rSI_GCS,derived_score,derived_score,11353,0.17836499289523286
surgery,overall_le2024,spearman,sMS,rSI_GCSM,derived_score,derived_score,11354,0.15373864437278392
surgery,overall_le2024,spearman,sMS,qSOFA,derived_score,derived_score,11354,-0.3574936862009041
surgery,overall_le2024,spearman,sMS,NEWS2,derived_score,derived_score,201,-0.50589704308804
surgery,overall_le2024,spearman,sMS,MEWS,derived_score,derived_score,11353,-0.214635871124676
surgery,overall_le2024,spearman,sMS,REMS,derived_score,derived_score,10586,-0.14812485887175716
surgery,overall_le2024,spearman,sMS,RTS,derived_score,derived_score,11353,0.47142322250504753
surgery,overall_le2024,spearman,rSI_sMS,rSI_GCS,derived_score,derived_score,11353,0.9975618911856535
surgery,overall_le2024,spearman,rSI_sMS,rSI_GCSM,derived_score,derived_score,11354,0.9968181054942402
surgery,overall_le2024,spearman,rSI_sMS,qSOFA,derived_score,derived_score,11354,-0.4434870665240802
surgery,overall_le2024,spearman,rSI_sMS,NEWS2,derived_score,derived_score,201,-0.6470210269839497
surgery,overall_le2024,spearman,rSI_sMS,MEWS,derived_score,derived_score,11353,-0.4946475628787478
surgery,overall_le2024,spearman,rSI_sMS,REMS,derived_score,derived_score,10586,0.3746951168535272
surgery,overall_le2024,spearman,rSI_sMS,RTS,derived_score,derived_score,11353,0.40940932556941545
surgery,overall_le2024,spearman,rSI_GCS,rSI_GCSM,derived_score,derived_score,11353,0.9969816429546285
surgery,overall_le2024,spearman,rSI_GCS,qSOFA,derived_score,derived_score,11353,-0.44300338205929857
surgery,overall_le2024,spearman,rSI_GCS,NEWS2,derived_score,derived_score,201,-0.6290310019228113
surgery,overall_le2024,spearman,rSI_GCS,MEWS,derived_score,derived_score,11352,-0.49489022087784507
surgery,overall_le2024,spearman,rSI_GCS,REMS,derived_score,derived_score,10586,0.37669020942213766
surgery,overall_le2024,spearman,rSI_GCS,RTS,derived_score,derived_score,11353,0.4062974514718154
surgery,overall_le2024,spearman,rSI_GCSM,qSOFA,derived_score,derived_score,11354,-0.4300453310391529
surgery,overall_le2024,spearman,rSI_GCSM,NEWS2,derived_score,derived_score,201,-0.5796242381067989
surgery,overall_le2024,spearman,rSI_GCSM,MEWS,derived_score,derived_score,11353,-0.4888616713767184
surgery,overall_le2024,spearman,rSI_GCSM,REMS,derived_score,derived_score,10586,0.38321678709624846
surgery,overall_le2024,spearman,rSI_GCSM,RTS,derived_score,derived_score,11353,0.39125899037418205
surgery,overall_le2024,spearman,qSOFA,NEWS2,derived_score,derived_score,202,0.6862986605462078
surgery,overall_le2024,spearman,qSOFA,MEWS,derived_score,derived_score,11361,0.5869418394601906
surgery,overall_le2024,spearman,qSOFA,REMS,derived_score,derived_score,10586,0.10081158835989897
surgery,overall_le2024,spearman,qSOFA,RTS,derived_score,derived_score,11353,-0.7409378053207474
surgery,overall_le2024,spearman,NEWS2,MEWS,derived_score,derived_score,202,0.7257332509810622
surgery,overall_le2024,spearman,NEWS2,REMS,derived_score,derived_score,169,0.38911490126337767
surgery,overall_le2024,spearman,NEWS2,RTS,derived_score,derived_score,201,-0.46819009906426723
surgery,overall_le2024,spearman,MEWS,REMS,derived_score,derived_score,10586,0.1971556657828181
surgery,overall_le2024,spearman,MEWS,RTS,derived_score,derived_score,11352,-0.49188641903651026
surgery,overall_le2024,spearman,REMS,RTS,derived_score,derived_score,10586,-0.14946784048908943
