group,analysis_split,feature,n,missing_n,missing_rate
medicine,train_2020_2023,EMT_年齡,15995,8,0.0005001562988433886
medicine,train_2020_2023,MISS_EMT_年齡,15995,0,0.0
medicine,train_2020_2023,MISSREASON_EMT_年齡__source_missing,15995,0,0.0
medicine,train_2020_2023,MISSREASON_EMT_年齡__not_measured,15995,0,0.0
medicine,train_2020_2023,MISSREASON_EMT_年齡__sentinel,15995,0,0.0
medicine,train_2020_2023,MISSREASON_EMT_年齡__invalid_or_out_of_range,15995,0,0.0
medicine,train_2020_2023,EMT_發生地點_到慈濟_開車km,15995,16,0.0010003125976867772
medicine,train_2020_2023,MISS_EMT_發生地點_到慈濟_開車km,15995,0,0.0
medicine,train_2020_2023,MISSREASON_EMT_發生地點_到慈濟_開車km__source_missing,15995,0,0.0
medicine,train_2020_2023,MISSREASON_EMT_發生地點_到慈濟_開車km__not_measured,15995,0,0.0
medicine,train_2020_2023,MISSREASON_EMT_發生地點_到慈濟_開車km__sentinel,15995,0,0.0
medicine,train_2020_2023,MISSREASON_EMT_發生地點_到慈濟_開車km__invalid_or_out_of_range,15995,0,0.0
medicine,train_2020_2023,EMT_發生地點_到慈濟_直線km,15995,16,0.0010003125976867772
medicine,train_2020_2023,MISS_EMT_發生地點_到慈濟_直線km,15995,0,0.0
medicine,train_2020_2023,MISSREASON_EMT_發生地點_到慈濟_直線km__source_missing,15995,0,0.0
medicine,train_2020_2023,MISSREASON_EMT_發生地點_到慈濟_直線km__not_measured,15995,0,0.0
medicine,train_2020_2023,MISSREASON_EMT_發生地點_到慈濟_直線km__sentinel,15995,0,0.0
medicine,train_2020_2023,MISSREASON_EMT_發生地點_到慈濟_直線km__invalid_or_out_of_range,15995,0,0.0
medicine,train_2020_2023,EMT_反應時間分,15995,23,0.001437949359174742
medicine,train_2020_2023,MISS_EMT_反應時間分,15995,0,0.0
medicine,train_2020_2023,MISSREASON_EMT_反應時間分__source_missing,15995,0,0.0
medicine,train_2020_2023,MISSREASON_EMT_反應時間分__not_measured,15995,0,0.0
medicine,train_2020_2023,MISSREASON_EMT_反應時間分__sentinel,15995,0,0.0
medicine,train_2020_2023,MISSREASON_EMT_反應時間分__invalid_or_out_of_range,15995,0,0.0
medicine,train_2020_2023,EMT_現場停留分,15995,0,0.0
medicine,train_2020_2023,MISS_EMT_現場停留分,15995,0,0.0
medicine,train_2020_2023,MISSREASON_EMT_現場停留分__source_missing,15995,0,0.0
medicine,train_2020_2023,MISSREASON_EMT_現場停留分__not_measured,15995,0,0.0
medicine,train_2020_2023,MISSREASON_EMT_現場停留分__sentinel,15995,0,0.0
medicine,train_2020_2023,MISSREASON_EMT_現場停留分__invalid_or_out_of_range,15995,0,0.0
medicine,train_2020_2023,EMT_送醫途中分,15995,0,0.0
medicine,train_2020_2023,MISS_EMT_送醫途中分,15995,0,0.0
medicine,train_2020_2023,MISSREASON_EMT_送醫途中分__source_missing,15995,0,0.0
medicine,train_2020_2023,MISSREASON_EMT_送醫途中分__not_measured,15995,0,0.0
medicine,train_2020_2023,MISSREASON_EMT_送醫途中分__sentinel,15995,0,0.0
medicine,train_2020_2023,MISSREASON_EMT_送醫途中分__invalid_or_out_of_range,15995,0,0.0
medicine,train_2020_2023,EMT_現場_舒張壓,15995,15995,1.0
medicine,train_2020_2023,MISS_EMT_現場_舒張壓,15995,0,0.0
medicine,train_2020_2023,MISSREASON_EMT_現場_舒張壓__source_missing,15995,0,0.0
medicine,train_2020_2023,MISSREASON_EMT_現場_舒張壓__not_measured,15995,0,0.0
medicine,train_2020_2023,MISSREASON_EMT_現場_舒張壓__sentinel,15995,0,0.0
medicine,train_2020_2023,MISSREASON_EMT_現場_舒張壓__invalid_or_out_of_range,15995,0,0.0
medicine,train_2020_2023,EMT_現場_脈搏,15995,947,0.05920600187558612
medicine,train_2020_2023,MISS_EMT_現場_脈搏,15995,0,0.0
medicine,train_2020_2023,MISSREASON_EMT_現場_脈搏__source_missing,15995,0,0.0
medicine,train_2020_2023,MISSREASON_EMT_現場_脈搏__not_measured,15995,0,0.0
medicine,train_2020_2023,MISSREASON_EMT_現場_脈搏__sentinel,15995,0,0.0
medicine,train_2020_2023,MISSREASON_EMT_現場_脈搏__invalid_or_out_of_range,15995,0,0.0
medicine,train_2020_2023,EMT_現場_呼吸,15995,947,0.05920600187558612
medicine,train_2020_2023,MISS_EMT_現場_呼吸,15995,0,0.0
medicine,train_2020_2023,MISSREASON_EMT_現場_呼吸__source_missing,15995,0,0.0
medicine,train_2020_2023,MISSREASON_EMT_現場_呼吸__not_measured,15995,0,0.0
medicine,train_2020_2023,MISSREASON_EMT_現場_呼吸__sentinel,15995,0,0.0
medicine,train_2020_2023,MISSREASON_EMT_現場_呼吸__invalid_or_out_of_range,15995,0,0.0
medicine,train_2020_2023,EMT_現場_SPO2,15995,986,0.06164426383244764
medicine,train_2020_2023,MISS_EMT_現場_SPO2,15995,0,0.0
medicine,train_2020_2023,MISSREASON_EMT_現場_SPO2__source_missing,15995,0,0.0
medicine,train_2020_2023,MISSREASON_EMT_現場_SPO2__not_measured,15995,0,0.0
medicine,train_2020_2023,MISSREASON_EMT_現場_SPO2__sentinel,15995,0,0.0
medicine,train_2020_2023,MISSREASON_EMT_現場_SPO2__invalid_or_out_of_range,15995,0,0.0
medicine,train_2020_2023,EMT_現場_體溫,15995,962,0.060143794935917476
medicine,train_2020_2023,MISS_EMT_現場_體溫,15995,0,0.0
medicine,train_2020_2023,MISSREASON_EMT_現場_體溫__source_missing,15995,0,0.0
medicine,train_2020_2023,MISSREASON_EMT_現場_體溫__not_measured,15995,0,0.0
medicine,train_2020_2023,MISSREASON_EMT_現場_體溫__sentinel,15995,0,0.0
medicine,train_2020_2023,MISSREASON_EMT_現場_體溫__invalid_or_out_of_range,15995,0,0.0
medicine,train_2020_2023,EMT_現場_GCS,15995,1093,0.06833385432947796
medicine,train_2020_2023,MISS_EMT_現場_GCS,15995,0,0.0
medicine,train_2020_2023,MISSREASON_EMT_現場_GCS__source_missing,15995,0,0.0
medicine,train_2020_2023,MISSREASON_EMT_現場_GCS__not_measured,15995,0,0.0
medicine,train_2020_2023,MISSREASON_EMT_現場_GCS__sentinel,15995,0,0.0
medicine,train_2020_2023,MISSREASON_EMT_現場_GCS__invalid_or_out_of_range,15995,0,0.0
medicine,train_2020_2023,EMT_現場_GCS_E,15995,1091,0.06820881525476712
medicine,train_2020_2023,MISS_EMT_現場_GCS_E,15995,0,0.0
medicine,train_2020_2023,MISSREASON_EMT_現場_GCS_E__source_missing,15995,0,0.0
medicine,train_2020_2023,MISSREASON_EMT_現場_GCS_E__not_measured,15995,0,0.0
medicine,train_2020_2023,MISSREASON_EMT_現場_GCS_E__sentinel,15995,0,0.0
medicine,train_2020_2023,MISSREASON_EMT_現場_GCS_E__invalid_or_out_of_range,15995,0,0.0
medicine,train_2020_2023,EMT_現場_GCS_V,15995,1093,0.06833385432947796
medicine,train_2020_2023,MISS_EMT_現場_GCS_V,15995,0,0.0
medicine,train_2020_2023,MISSREASON_EMT_現場_GCS_V__source_missing,15995,0,0.0
medicine,train_2020_2023,MISSREASON_EMT_現場_GCS_V__not_measured,15995,0,0.0
medicine,train_2020_2023,MISSREASON_EMT_現場_GCS_V__sentinel,15995,0,0.0
medicine,train_2020_2023,MISSREASON_EMT_現場_GCS_V__invalid_or_out_of_range,15995,0,0.0
medicine,train_2020_2023,EMT_現場_GCS_M,15995,1092,0.06827133479212254
medicine,train_2020_2023,MISS_EMT_現場_GCS_M,15995,0,0.0
medicine,train_2020_2023,MISSREASON_EMT_現場_GCS_M__source_missing,15995,0,0.0
medicine,train_2020_2023,MISSREASON_EMT_現場_GCS_M__not_measured,15995,0,0.0
medicine,train_2020_2023,MISSREASON_EMT_現場_GCS_M__sentinel,15995,0,0.0
medicine,train_2020_2023,MISSREASON_EMT_現場_GCS_M__invalid_or_out_of_range,15995,0,0.0
medicine,train_2020_2023,EMT_車上_舒張壓,15995,1742,0.10890903407314786
medicine,train_2020_2023,MISS_EMT_車上_舒張壓,15995,0,0.0
medicine,train_2020_2023,MISSREASON_EMT_車上_舒張壓__source_missing,15995,0,0.0
medicine,train_2020_2023,MISSREASON_EMT_車上_舒張壓__not_measured,15995,0,0.0
medicine,train_2020_2023,MISSREASON_EMT_車上_舒張壓__sentinel,15995,0,0.0
medicine,train_2020_2023,MISSREASON_EMT_車上_舒張壓__invalid_or_out_of_range,15995,0,0.0
medicine,train_2020_2023,EMT_車上_脈搏,15995,1413,0.08834010628321351
medicine,train_2020_2023,MISS_EMT_車上_脈搏,15995,0,0.0
medicine,train_2020_2023,MISSREASON_EMT_車上_脈搏__source_missing,15995,0,0.0
medicine,train_2020_2023,MISSREASON_EMT_車上_脈搏__not_measured,15995,0,0.0
medicine,train_2020_2023,MISSREASON_EMT_車上_脈搏__sentinel,15995,0,0.0
medicine,train_2020_2023,MISSREASON_EMT_車上_脈搏__invalid_or_out_of_range,15995,0,0.0
medicine,train_2020_2023,EMT_車上_呼吸,15995,1407,0.08796498905908097
medicine,train_2020_2023,MISS_EMT_車上_呼吸,15995,0,0.0
medicine,train_2020_2023,MISSREASON_EMT_車上_呼吸__source_missing,15995,0,0.0
medicine,train_2020_2023,MISSREASON_EMT_車上_呼吸__not_measured,15995,0,0.0
medicine,train_2020_2023,MISSREASON_EMT_車上_呼吸__sentinel,15995,0,0.0
medicine,train_2020_2023,MISSREASON_EMT_車上_呼吸__invalid_or_out_of_range,15995,0,0.0
medicine,train_2020_2023,EMT_車上_SPO2,15995,1414,0.08840262582056893
medicine,train_2020_2023,MISS_EMT_車上_SPO2,15995,0,0.0
medicine,train_2020_2023,MISSREASON_EMT_車上_SPO2__source_missing,15995,0,0.0
medicine,train_2020_2023,MISSREASON_EMT_車上_SPO2__not_measured,15995,0,0.0
medicine,train_2020_2023,MISSREASON_EMT_車上_SPO2__sentinel,15995,0,0.0
medicine,train_2020_2023,MISSREASON_EMT_車上_SPO2__invalid_or_out_of_range,15995,0,0.0
medicine,train_2020_2023,EMT_車上_體溫,15995,1415,0.08846514535792435
medicine,train_2020_2023,MISS_EMT_車上_體溫,15995,0,0.0
medicine,train_2020_2023,MISSREASON_EMT_車上_體溫__source_missing,15995,0,0.0
medicine,train_2020_2023,MISSREASON_EMT_車上_體溫__not_measured,15995,0,0.0
medicine,train_2020_2023,MISSREASON_EMT_車上_體溫__sentinel,15995,0,0.0
medicine,train_2020_2023,MISSREASON_EMT_車上_體溫__invalid_or_out_of_range,15995,0,0.0
medicine,train_2020_2023,EMT_車上_GCS,15995,1145,0.07158487027195999
medicine,train_2020_2023,MISS_EMT_車上_GCS,15995,0,0.0
medicine,train_2020_2023,MISSREASON_EMT_車上_GCS__source_missing,15995,0,0.0
medicine,train_2020_2023,MISSREASON_EMT_車上_GCS__not_measured,15995,0,0.0
medicine,train_2020_2023,MISSREASON_EMT_車上_GCS__sentinel,15995,0,0.0
medicine,train_2020_2023,MISSREASON_EMT_車上_GCS__invalid_or_out_of_range,15995,0,0.0
medicine,train_2020_2023,EMT_車上_GCS_E,15995,1143,0.07145983119724914
medicine,train_2020_2023,MISS_EMT_車上_GCS_E,15995,0,0.0
medicine,train_2020_2023,MISSREASON_EMT_車上_GCS_E__source_missing,15995,0,0.0
medicine,train_2020_2023,MISSREASON_EMT_車上_GCS_E__not_measured,15995,0,0.0
medicine,train_2020_2023,MISSREASON_EMT_車上_GCS_E__sentinel,15995,0,0.0
medicine,train_2020_2023,MISSREASON_EMT_車上_GCS_E__invalid_or_out_of_range,15995,0,0.0
medicine,train_2020_2023,EMT_車上_GCS_V,15995,1145,0.07158487027195999
medicine,train_2020_2023,MISS_EMT_車上_GCS_V,15995,0,0.0
medicine,train_2020_2023,MISSREASON_EMT_車上_GCS_V__source_missing,15995,0,0.0
medicine,train_2020_2023,MISSREASON_EMT_車上_GCS_V__not_measured,15995,0,0.0
medicine,train_2020_2023,MISSREASON_EMT_車上_GCS_V__sentinel,15995,0,0.0
medicine,train_2020_2023,MISSREASON_EMT_車上_GCS_V__invalid_or_out_of_range,15995,0,0.0
medicine,train_2020_2023,EMT_車上_GCS_M,15995,1144,0.07152235073460457
medicine,train_2020_2023,MISS_EMT_車上_GCS_M,15995,0,0.0
medicine,train_2020_2023,MISSREASON_EMT_車上_GCS_M__source_missing,15995,0,0.0
medicine,train_2020_2023,MISSREASON_EMT_車上_GCS_M__not_measured,15995,0,0.0
medicine,train_2020_2023,MISSREASON_EMT_車上_GCS_M__sentinel,15995,0,0.0
medicine,train_2020_2023,MISSREASON_EMT_車上_GCS_M__invalid_or_out_of_range,15995,0,0.0
medicine,train_2020_2023,EMT_生命徵象量測次數,15995,424,0.026508283838699593
medicine,train_2020_2023,MISS_EMT_生命徵象量測次數,15995,0,0.0
medicine,train_2020_2023,MISSREASON_EMT_生命徵象量測次數__source_missing,15995,0,0.0
medicine,train_2020_2023,MISSREASON_EMT_生命徵象量測次數__not_measured,15995,0,0.0
medicine,train_2020_2023,MISSREASON_EMT_生命徵象量測次數__sentinel,15995,0,0.0
medicine,train_2020_2023,MISSREASON_EMT_生命徵象量測次數__invalid_or_out_of_range,15995,0,0.0
medicine,train_2020_2023,EMT_問卷_疼痛指數,15995,7693,0.48096280087527354
medicine,train_2020_2023,MISS_EMT_問卷_疼痛指數,15995,0,0.0
medicine,train_2020_2023,MISSREASON_EMT_問卷_疼痛指數__source_missing,15995,0,0.0
medicine,train_2020_2023,MISSREASON_EMT_問卷_疼痛指數__not_measured,15995,0,0.0
medicine,train_2020_2023,MISSREASON_EMT_問卷_疼痛指數__sentinel,15995,0,0.0
medicine,train_2020_2023,MISSREASON_EMT_問卷_疼痛指數__invalid_or_out_of_range,15995,0,0.0
medicine,train_2020_2023,EMT_問卷_左瞳孔尺寸mm,15995,1284,0.08027508596436386
medicine,train_2020_2023,MISS_EMT_問卷_左瞳孔尺寸mm,15995,0,0.0
medicine,train_2020_2023,MISSREASON_EMT_問卷_左瞳孔尺寸mm__source_missing,15995,0,0.0
medicine,train_2020_2023,MISSREASON_EMT_問卷_左瞳孔尺寸mm__not_measured,15995,0,0.0
medicine,train_2020_2023,MISSREASON_EMT_問卷_左瞳孔尺寸mm__sentinel,15995,0,0.0
medicine,train_2020_2023,MISSREASON_EMT_問卷_左瞳孔尺寸mm__invalid_or_out_of_range,15995,0,0.0
medicine,train_2020_2023,EMT_問卷_右瞳孔尺寸mm,15995,1294,0.0809002813379181
medicine,train_2020_2023,MISS_EMT_問卷_右瞳孔尺寸mm,15995,0,0.0
medicine,train_2020_2023,MISSREASON_EMT_問卷_右瞳孔尺寸mm__source_missing,15995,0,0.0
medicine,train_2020_2023,MISSREASON_EMT_問卷_右瞳孔尺寸mm__not_measured,15995,0,0.0
medicine,train_2020_2023,MISSREASON_EMT_問卷_右瞳孔尺寸mm__sentinel,15995,0,0.0
medicine,train_2020_2023,MISSREASON_EMT_問卷_右瞳孔尺寸mm__invalid_or_out_of_range,15995,0,0.0
medicine,train_2020_2023,EMT_問卷_血糖值mgdl,15995,11570,0.7233510472022507
medicine,train_2020_2023,MISS_EMT_問卷_血糖值mgdl,15995,0,0.0
medicine,train_2020_2023,MISSREASON_EMT_問卷_血糖值mgdl__source_missing,15995,0,0.0
medicine,train_2020_2023,MISSREASON_EMT_問卷_血糖值mgdl__not_measured,15995,0,0.0
medicine,train_2020_2023,MISSREASON_EMT_問卷_血糖值mgdl__sentinel,15995,0,0.0
medicine,train_2020_2023,MISSREASON_EMT_問卷_血糖值mgdl__invalid_or_out_of_range,15995,0,0.0
medicine,train_2020_2023,EMT_問卷_氧氣流量Lmin,15995,13100,0.8190059393560488
medicine,train_2020_2023,MISS_EMT_問卷_氧氣流量Lmin,15995,0,0.0
medicine,train_2020_2023,MISSREASON_EMT_問卷_氧氣流量Lmin__source_missing,15995,0,0.0
medicine,train_2020_2023,MISSREASON_EMT_問卷_氧氣流量Lmin__not_measured,15995,0,0.0
medicine,train_2020_2023,MISSREASON_EMT_問卷_氧氣流量Lmin__sentinel,15995,0,0.0
medicine,train_2020_2023,MISSREASON_EMT_問卷_氧氣流量Lmin__invalid_or_out_of_range,15995,0,0.0
medicine,train_2020_2023,EMT_問卷_靜脈輸液量ml,15995,14885,0.9306033135354799
medicine,train_2020_2023,MISS_EMT_問卷_靜脈輸液量ml,15995,0,0.0
medicine,train_2020_2023,MISSREASON_EMT_問卷_靜脈輸液量ml__source_missing,15995,0,0.0
medicine,train_2020_2023,MISSREASON_EMT_問卷_靜脈輸液量ml__not_measured,15995,0,0.0
medicine,train_2020_2023,MISSREASON_EMT_問卷_靜脈輸液量ml__sentinel,15995,0,0.0
medicine,train_2020_2023,MISSREASON_EMT_問卷_靜脈輸液量ml__invalid_or_out_of_range,15995,0,0.0
medicine,train_2020_2023,EMT_體重,15995,653,0.04082525789309159
medicine,train_2020_2023,MISS_EMT_體重,15995,0,0.0
medicine,train_2020_2023,MISSREASON_EMT_體重__source_missing,15995,0,0.0
medicine,train_2020_2023,MISSREASON_EMT_體重__not_measured,15995,0,0.0
medicine,train_2020_2023,MISSREASON_EMT_體重__sentinel,15995,0,0.0
medicine,train_2020_2023,MISSREASON_EMT_體重__invalid_or_out_of_range,15995,0,0.0
medicine,train_2020_2023,EMT_燒燙傷一級%,15995,424,0.026508283838699593
medicine,train_2020_2023,MISS_EMT_燒燙傷一級%,15995,0,0.0
medicine,train_2020_2023,MISSREASON_EMT_燒燙傷一級%__source_missing,15995,0,0.0
medicine,train_2020_2023,MISSREASON_EMT_燒燙傷一級%__not_measured,15995,0,0.0
medicine,train_2020_2023,MISSREASON_EMT_燒燙傷一級%__sentinel,15995,0,0.0
medicine,train_2020_2023,MISSREASON_EMT_燒燙傷一級%__invalid_or_out_of_range,15995,0,0.0
medicine,train_2020_2023,EMT_燒燙傷二級%,15995,424,0.026508283838699593
medicine,train_2020_2023,MISS_EMT_燒燙傷二級%,15995,0,0.0
medicine,train_2020_2023,MISSREASON_EMT_燒燙傷二級%__source_missing,15995,0,0.0
medicine,train_2020_2023,MISSREASON_EMT_燒燙傷二級%__not_measured,15995,0,0.0
medicine,train_2020_2023,MISSREASON_EMT_燒燙傷二級%__sentinel,15995,0,0.0
medicine,train_2020_2023,MISSREASON_EMT_燒燙傷二級%__invalid_or_out_of_range,15995,0,0.0
medicine,train_2020_2023,EMT_燒燙傷三級%,15995,424,0.026508283838699593
medicine,train_2020_2023,MISS_EMT_燒燙傷三級%,15995,0,0.0
medicine,train_2020_2023,MISSREASON_EMT_燒燙傷三級%__source_missing,15995,0,0.0
medicine,train_2020_2023,MISSREASON_EMT_燒燙傷三級%__not_measured,15995,0,0.0
medicine,train_2020_2023,MISSREASON_EMT_燒燙傷三級%__sentinel,15995,0,0.0
medicine,train_2020_2023,MISSREASON_EMT_燒燙傷三級%__invalid_or_out_of_range,15995,0,0.0
medicine,train_2020_2023,EMT_燒燙傷總%,15995,424,0.026508283838699593
medicine,train_2020_2023,MISS_EMT_燒燙傷總%,15995,0,0.0
medicine,train_2020_2023,MISSREASON_EMT_燒燙傷總%__source_missing,15995,0,0.0
medicine,train_2020_2023,MISSREASON_EMT_燒燙傷總%__not_measured,15995,0,0.0
medicine,train_2020_2023,MISSREASON_EMT_燒燙傷總%__sentinel,15995,0,0.0
medicine,train_2020_2023,MISSREASON_EMT_燒燙傷總%__invalid_or_out_of_range,15995,0,0.0
medicine,train_2020_2023,EMT_城市__台北,15995,0,0.0
medicine,train_2020_2023,EMT_城市__新北,15995,0,0.0
medicine,train_2020_2023,EMT_城市__OTHER_RARE,15995,0,0.0
medicine,train_2020_2023,EMT_城市__MISSING,15995,0,0.0
medicine,train_2020_2023,EMT_性別__女,15995,0,0.0
medicine,train_2020_2023,EMT_性別__男,15995,0,0.0
medicine,train_2020_2023,EMT_性別__OTHER_RARE,15995,0,0.0
medicine,train_2020_2023,EMT_性別__MISSING,15995,0,0.0
medicine,train_2020_2023,EMT_送醫路由__家屬指定送醫,15995,0,0.0
medicine,train_2020_2023,EMT_送醫路由__就近適當,15995,0,0.0
medicine,train_2020_2023,EMT_送醫路由__指揮中心,15995,0,0.0
medicine,train_2020_2023,EMT_送醫路由__OTHER_RARE,15995,0,0.0
medicine,train_2020_2023,EMT_送醫路由__MISSING,15995,0,0.0
medicine,train_2020_2023,EMT_危急個案__0.0,15995,0,0.0
medicine,train_2020_2023,EMT_危急個案__1.0,15995,0,0.0
medicine,train_2020_2023,EMT_危急個案__OTHER_RARE,15995,0,0.0
medicine,train_2020_2023,EMT_危急個案__MISSING,15995,0,0.0
medicine,train_2020_2023,EMT_發生地區__三峽區,15995,0,0.0
medicine,train_2020_2023,EMT_發生地區__三重區,15995,0,0.0
medicine,train_2020_2023,EMT_發生地區__中和區,15995,0,0.0
medicine,train_2020_2023,EMT_發生地區__土城區,15995,0,0.0
medicine,train_2020_2023,EMT_發生地區__坪林區,15995,0,0.0
medicine,train_2020_2023,EMT_發生地區__市文山區,15995,0,0.0
medicine,train_2020_2023,EMT_發生地區__新店區,15995,0,0.0
medicine,train_2020_2023,EMT_發生地區__新莊區,15995,0,0.0
medicine,train_2020_2023,EMT_發生地區__板橋區,15995,0,0.0
medicine,train_2020_2023,EMT_發生地區__樹林區,15995,0,0.0
medicine,train_2020_2023,EMT_發生地區__永和區,15995,0,0.0
medicine,train_2020_2023,EMT_發生地區__深坑區,15995,0,0.0
medicine,train_2020_2023,EMT_發生地區__烏來區,15995,0,0.0
medicine,train_2020_2023,EMT_發生地區__石碇區,15995,0,0.0
medicine,train_2020_2023,EMT_發生地區__蘆洲區,15995,0,0.0
medicine,train_2020_2023,EMT_發生地區__OTHER_RARE,15995,0,0.0
medicine,train_2020_2023,EMT_發生地區__MISSING,15995,0,0.0
medicine,train_2020_2023,EMT_距離_定位信心__Google地標,15995,0,0.0
medicine,train_2020_2023,EMT_距離_定位信心__區內概略,15995,0,0.0
medicine,train_2020_2023,EMT_距離_定位信心__國道概略,15995,0,0.0
medicine,train_2020_2023,EMT_距離_定位信心__無,15995,0,0.0
medicine,train_2020_2023,EMT_距離_定位信心__號,15995,0,0.0
medicine,train_2020_2023,EMT_距離_定位信心__路名概略(OSM),15995,0,0.0
medicine,train_2020_2023,EMT_距離_定位信心__路段中心,15995,0,0.0
medicine,train_2020_2023,EMT_距離_定位信心__OTHER_RARE,15995,0,0.0
medicine,train_2020_2023,EMT_距離_定位信心__MISSING,15995,0,0.0
medicine,train_2020_2023,EMT_現場_意識__否,15995,0,0.0
medicine,train_2020_2023,EMT_現場_意識__清,15995,0,0.0
medicine,train_2020_2023,EMT_現場_意識__痛,15995,0,0.0
medicine,train_2020_2023,EMT_現場_意識__聲,15995,0,0.0
medicine,train_2020_2023,EMT_現場_意識__OTHER_RARE,15995,0,0.0
medicine,train_2020_2023,EMT_現場_意識__MISSING,15995,0,0.0
medicine,train_2020_2023,EMT_派遣分類__BLS,15995,0,0.0
medicine,train_2020_2023,EMT_派遣分類__OTHER_RARE,15995,0,0.0
medicine,train_2020_2023,EMT_派遣分類__MISSING,15995,0,0.0
medicine,train_2020_2023,EMT_派遣原因__救護,15995,0,0.0
medicine,train_2020_2023,EMT_派遣原因__救護-一般受傷,15995,0,0.0
medicine,train_2020_2023,EMT_派遣原因__救護-其它,15995,0,0.0
medicine,train_2020_2023,EMT_派遣原因__救護-割腕,15995,0,0.0
medicine,train_2020_2023,EMT_派遣原因__救護-吞食藥物,15995,0,0.0
medicine,train_2020_2023,EMT_派遣原因__救護-孕婦待產,15995,0,0.0
medicine,train_2020_2023,EMT_派遣原因__救護-急病,15995,0,0.0
medicine,train_2020_2023,EMT_派遣原因__救護-打架受傷,15995,0,0.0
medicine,train_2020_2023,EMT_派遣原因__救護-精神異常,15995,0,0.0
medicine,train_2020_2023,EMT_派遣原因__救護-路倒,15995,0,0.0
medicine,train_2020_2023,EMT_派遣原因__救護-車禍,15995,0,0.0
medicine,train_2020_2023,EMT_派遣原因__火警-集合住宅,15995,0,0.0
medicine,train_2020_2023,EMT_派遣原因__緊急救援-其他,15995,0,0.0
medicine,train_2020_2023,EMT_派遣原因__緊急救援-車禍救助,15995,0,0.0
medicine,train_2020_2023,EMT_派遣原因__OTHER_RARE,15995,0,0.0
medicine,train_2020_2023,EMT_派遣原因__MISSING,15995,0,0.0
medicine,train_2020_2023,EMT_問卷_創傷導致的主訴群__肢體麻痺,15995,0,0.0
medicine,train_2020_2023,EMT_問卷_創傷導致的主訴群__背部疼痛,15995,0,0.0
medicine,train_2020_2023,EMT_問卷_創傷導致的主訴群__胸痛/悶,15995,0,0.0
medicine,train_2020_2023,EMT_問卷_創傷導致的主訴群__OTHER_RARE,15995,0,0.0
medicine,train_2020_2023,EMT_問卷_創傷導致的主訴群__MISSING,15995,0,0.0
medicine,train_2020_2023,EMT_問卷_頸椎固定__GCS<15,15995,0,0.0
medicine,train_2020_2023,EMT_問卷_頸椎固定__檢查無明顯異常,15995,0,0.0
medicine,train_2020_2023,EMT_問卷_頸椎固定__肢體運動感覺異常,15995,0,0.0
medicine,train_2020_2023,EMT_問卷_頸椎固定__轉向困難,15995,0,0.0
medicine,train_2020_2023,EMT_問卷_頸椎固定__頸椎瘀青疼痛,15995,0,0.0
medicine,train_2020_2023,EMT_問卷_頸椎固定__OTHER_RARE,15995,0,0.0
medicine,train_2020_2023,EMT_問卷_頸椎固定__MISSING,15995,0,0.0
medicine,train_2020_2023,EMT_問卷_膚色__其他,15995,0,0.0
medicine,train_2020_2023,EMT_問卷_膚色__正常,15995,0,0.0
medicine,train_2020_2023,EMT_問卷_膚色__溼冷,15995,0,0.0
medicine,train_2020_2023,EMT_問卷_膚色__潮紅,15995,0,0.0
medicine,train_2020_2023,EMT_問卷_膚色__發紺,15995,0,0.0
medicine,train_2020_2023,EMT_問卷_膚色__蒼白,15995,0,0.0
medicine,train_2020_2023,EMT_問卷_膚色__蒼白、溼冷,15995,0,0.0
medicine,train_2020_2023,EMT_問卷_膚色__黃疸,15995,0,0.0
medicine,train_2020_2023,EMT_問卷_膚色__OTHER_RARE,15995,0,0.0
medicine,train_2020_2023,EMT_問卷_膚色__MISSING,15995,0,0.0
medicine,train_2020_2023,EMT_問卷_左瞳孔光反射__+,15995,0,0.0
medicine,train_2020_2023,EMT_問卷_左瞳孔光反射__-,15995,0,0.0
medicine,train_2020_2023,EMT_問卷_左瞳孔光反射__無法測量,15995,0,0.0
medicine,train_2020_2023,EMT_問卷_左瞳孔光反射__眼疾,15995,0,0.0
medicine,train_2020_2023,EMT_問卷_左瞳孔光反射__OTHER_RARE,15995,0,0.0
medicine,train_2020_2023,EMT_問卷_左瞳孔光反射__MISSING,15995,0,0.0
medicine,train_2020_2023,EMT_問卷_右瞳孔光反射__+,15995,0,0.0
medicine,train_2020_2023,EMT_問卷_右瞳孔光反射__-,15995,0,0.0
medicine,train_2020_2023,EMT_問卷_右瞳孔光反射__無法測量,15995,0,0.0
medicine,train_2020_2023,EMT_問卷_右瞳孔光反射__眼疾,15995,0,0.0
medicine,train_2020_2023,EMT_問卷_右瞳孔光反射__OTHER_RARE,15995,0,0.0
medicine,train_2020_2023,EMT_問卷_右瞳孔光反射__MISSING,15995,0,0.0
medicine,train_2020_2023,EMT_問卷_氣管位置__其他,15995,0,0.0
medicine,train_2020_2023,EMT_問卷_氣管位置__正常,15995,0,0.0
medicine,train_2020_2023,EMT_問卷_氣管位置__OTHER_RARE,15995,0,0.0
medicine,train_2020_2023,EMT_問卷_氣管位置__MISSING,15995,0,0.0
medicine,train_2020_2023,EMT_問卷_頸靜脈怒張__其他,15995,0,0.0
medicine,train_2020_2023,EMT_問卷_頸靜脈怒張__有,15995,0,0.0
medicine,train_2020_2023,EMT_問卷_頸靜脈怒張__無,15995,0,0.0
medicine,train_2020_2023,EMT_問卷_頸靜脈怒張__OTHER_RARE,15995,0,0.0
medicine,train_2020_2023,EMT_問卷_頸靜脈怒張__MISSING,15995,0,0.0
medicine,train_2020_2023,EMT_問卷_血糖狀態__High,15995,0,0.0
medicine,train_2020_2023,EMT_問卷_血糖狀態__Low,15995,0,0.0
medicine,train_2020_2023,EMT_問卷_血糖狀態__否,15995,0,0.0
medicine,train_2020_2023,EMT_問卷_血糖狀態__否、其他,15995,0,0.0
medicine,train_2020_2023,EMT_問卷_血糖狀態__否、創傷,15995,0,0.0
medicine,train_2020_2023,EMT_問卷_血糖狀態__否、拒絕,15995,0,0.0
medicine,train_2020_2023,EMT_問卷_血糖狀態__否、躁動,15995,0,0.0
medicine,train_2020_2023,EMT_問卷_血糖狀態__血糖值紀錄,15995,0,0.0
medicine,train_2020_2023,EMT_問卷_血糖狀態__OTHER_RARE,15995,0,0.0
medicine,train_2020_2023,EMT_問卷_血糖狀態__MISSING,15995,0,0.0
medicine,train_2020_2023,EMT_問卷_靜脈輸液種類__0.9%N.S.,15995,0,0.0
medicine,train_2020_2023,EMT_問卷_靜脈輸液種類__5%G.W.,15995,0,0.0
medicine,train_2020_2023,EMT_問卷_靜脈輸液種類__50%G.W.,15995,0,0.0
medicine,train_2020_2023,EMT_問卷_靜脈輸液種類__IV,15995,0,0.0
medicine,train_2020_2023,EMT_問卷_靜脈輸液種類__OTHER_RARE,15995,0,0.0
medicine,train_2020_2023,EMT_問卷_靜脈輸液種類__MISSING,15995,0,0.0
medicine,train_2020_2023,EMT_推定派遣類別__中毒/自傷,15995,0,0.0
medicine,train_2020_2023,EMT_推定派遣類別__交通事故傷,15995,0,0.0
medicine,train_2020_2023,EMT_推定派遣類別__內科急病,15995,0,0.0
medicine,train_2020_2023,EMT_推定派遣類別__其他外傷,15995,0,0.0
medicine,train_2020_2023,EMT_推定派遣類別__精神行為異常,15995,0,0.0
medicine,train_2020_2023,EMT_推定派遣類別__路倒/無意識,15995,0,0.0
medicine,train_2020_2023,EMT_推定派遣類別__OTHER_RARE,15995,0,0.0
medicine,train_2020_2023,EMT_推定派遣類別__MISSING,15995,0,0.0
medicine,train_2020_2023,EMT_有燒燙傷__False,15995,0,0.0
medicine,train_2020_2023,EMT_有燒燙傷__True,15995,0,0.0
medicine,train_2020_2023,EMT_有燒燙傷__OTHER_RARE,15995,0,0.0
medicine,train_2020_2023,EMT_有燒燙傷__MISSING,15995,0,0.0
medicine,train_2020_2023,EMT_心律臆斷__Atrial fibrillation,15995,0,0.0
medicine,train_2020_2023,EMT_心律臆斷__Normal Sinus Rhythm,15995,0,0.0
medicine,train_2020_2023,EMT_心律臆斷__ST段下降,15995,0,0.0
medicine,train_2020_2023,EMT_心律臆斷__Sinus Bradycardia,15995,0,0.0
medicine,train_2020_2023,EMT_心律臆斷__Sinus Tachycardia,15995,0,0.0
medicine,train_2020_2023,EMT_心律臆斷__其他波形,15995,0,0.0
medicine,train_2020_2023,EMT_心律臆斷__OTHER_RARE,15995,0,0.0
medicine,train_2020_2023,EMT_心律臆斷__MISSING,15995,0,0.0
medicine,train_2020_2023,"EMT_台北_創傷類型__創傷-一般外傷,肢體外傷,摔跌傷",15995,0,0.0
medicine,train_2020_2023,"EMT_台北_創傷類型__創傷-一般外傷,頭部外傷,摔跌傷",15995,0,0.0
medicine,train_2020_2023,EMT_台北_創傷類型__創傷-交通事故(機車),15995,0,0.0
medicine,train_2020_2023,"EMT_台北_創傷類型__非創傷-一般疾病,噁心嘔吐腹瀉",15995,0,0.0
medicine,train_2020_2023,"EMT_台北_創傷類型__非創傷-一般疾病,肢體無力",15995,0,0.0
medicine,train_2020_2023,"EMT_台北_創傷類型__非創傷-一般疾病,頭痛頭暈昏倒昏厥",15995,0,0.0
medicine,train_2020_2023,EMT_台北_創傷類型__非創傷-呼吸問題,15995,0,0.0
medicine,train_2020_2023,EMT_台北_創傷類型__非創傷-昏迷,15995,0,0.0
medicine,train_2020_2023,EMT_台北_創傷類型__非創傷-腹痛,15995,0,0.0
medicine,train_2020_2023,EMT_台北_創傷類型__OTHER_RARE,15995,0,0.0
medicine,train_2020_2023,EMT_台北_創傷類型__MISSING,15995,0,0.0
medicine,train_2020_2023,EMT_特殊表類型__OHCA,15995,0,0.0
medicine,train_2020_2023,EMT_特殊表類型__呼吸喘/慢/使用呼吸輔助肌肉,15995,0,0.0
medicine,train_2020_2023,EMT_特殊表類型__心臟不適,15995,0,0.0
medicine,train_2020_2023,EMT_特殊表類型__癲癇重積,15995,0,0.0
medicine,train_2020_2023,EMT_特殊表類型__腦中風評估,15995,0,0.0
medicine,train_2020_2023,EMT_特殊表類型__過敏性休克,15995,0,0.0
medicine,train_2020_2023,EMT_特殊表類型__OTHER_RARE,15995,0,0.0
medicine,train_2020_2023,EMT_特殊表類型__MISSING,15995,0,0.0
medicine,train_2020_2023,EMT_台北_心梗登錄__OTHER_RARE,15995,0,0.0
medicine,train_2020_2023,EMT_台北_心梗登錄__MISSING,15995,0,0.0
medicine,train_2020_2023,EMT_台北_中風登錄__OTHER_RARE,15995,0,0.0
medicine,train_2020_2023,EMT_台北_中風登錄__MISSING,15995,0,0.0
medicine,train_2020_2023,EMT_台北_CPR停止登錄__OTHER_RARE,15995,0,0.0
medicine,train_2020_2023,EMT_台北_CPR停止登錄__MISSING,15995,0,0.0
medicine,train_2020_2023,EMT_問卷_交通事故患者__乘客,15995,0,0.0
medicine,train_2020_2023,EMT_問卷_交通事故患者__行人,15995,0,0.0
medicine,train_2020_2023,EMT_問卷_交通事故患者__駕駛,15995,0,0.0
medicine,train_2020_2023,EMT_問卷_交通事故患者__OTHER_RARE,15995,0,0.0
medicine,train_2020_2023,EMT_問卷_交通事故患者__MISSING,15995,0,0.0
medicine,train_2020_2023,EMT_問卷_交通事故種類__人,15995,0,0.0
medicine,train_2020_2023,EMT_問卷_交通事故種類__人、其他,15995,0,0.0
medicine,train_2020_2023,EMT_問卷_交通事故種類__其他,15995,0,0.0
medicine,train_2020_2023,EMT_問卷_交通事故種類__機車,15995,0,0.0
medicine,train_2020_2023,EMT_問卷_交通事故種類__機車、人,15995,0,0.0
medicine,train_2020_2023,EMT_問卷_交通事故種類__機車、人、其他,15995,0,0.0
medicine,train_2020_2023,EMT_問卷_交通事故種類__機車、其他,15995,0,0.0
medicine,train_2020_2023,EMT_問卷_交通事故種類__機車、腳踏車,15995,0,0.0
medicine,train_2020_2023,EMT_問卷_交通事故種類__機車、腳踏車、其他,15995,0,0.0
medicine,train_2020_2023,EMT_問卷_交通事故種類__汽車,15995,0,0.0
medicine,train_2020_2023,EMT_問卷_交通事故種類__汽車、人,15995,0,0.0
medicine,train_2020_2023,EMT_問卷_交通事故種類__汽車、人、其他,15995,0,0.0
medicine,train_2020_2023,EMT_問卷_交通事故種類__汽車、其他,15995,0,0.0
medicine,train_2020_2023,EMT_問卷_交通事故種類__汽車、機車,15995,0,0.0
medicine,train_2020_2023,EMT_問卷_交通事故種類__汽車、機車、其他,15995,0,0.0
medicine,train_2020_2023,EMT_問卷_交通事故種類__汽車、腳踏車,15995,0,0.0
medicine,train_2020_2023,EMT_問卷_交通事故種類__腳踏車,15995,0,0.0
medicine,train_2020_2023,EMT_問卷_交通事故種類__腳踏車、其他,15995,0,0.0
medicine,train_2020_2023,EMT_問卷_交通事故種類__OTHER_RARE,15995,0,0.0
medicine,train_2020_2023,EMT_問卷_交通事故種類__MISSING,15995,0,0.0
medicine,train_2020_2023,EMT_問卷_保護裝置狀態__安全帶,15995,0,0.0
medicine,train_2020_2023,EMT_問卷_保護裝置狀態__安全帽,15995,0,0.0
medicine,train_2020_2023,EMT_問卷_保護裝置狀態__無,15995,0,0.0
medicine,train_2020_2023,EMT_問卷_保護裝置狀態__OTHER_RARE,15995,0,0.0
medicine,train_2020_2023,EMT_問卷_保護裝置狀態__MISSING,15995,0,0.0
medicine,train_2020_2023,EMT_問卷_非交通事故種類__其他,15995,0,0.0
medicine,train_2020_2023,EMT_問卷_非交通事故種類__切割,15995,0,0.0
medicine,train_2020_2023,EMT_問卷_非交通事故種類__墜落,15995,0,0.0
medicine,train_2020_2023,EMT_問卷_非交通事故種類__壓夾,15995,0,0.0
medicine,train_2020_2023,EMT_問卷_非交通事故種類__撞擊,15995,0,0.0
medicine,train_2020_2023,EMT_問卷_非交通事故種類__生物咬螫,15995,0,0.0
medicine,train_2020_2023,EMT_問卷_非交通事故種類__跌摔,15995,0,0.0
medicine,train_2020_2023,EMT_問卷_非交通事故種類__鈍毆,15995,0,0.0
medicine,train_2020_2023,EMT_問卷_非交通事故種類__OTHER_RARE,15995,0,0.0
medicine,train_2020_2023,EMT_問卷_非交通事故種類__MISSING,15995,0,0.0
medicine,train_2020_2023,EMT_問卷_危急個案__否,15995,0,0.0
medicine,train_2020_2023,EMT_問卷_危急個案__是,15995,0,0.0
medicine,train_2020_2023,EMT_問卷_危急個案__OTHER_RARE,15995,0,0.0
medicine,train_2020_2023,EMT_問卷_危急個案__MISSING,15995,0,0.0
medicine,train_2020_2023,EMT_現場_意識_AVPU,15995,10,0.0006251953735542357
medicine,train_2020_2023,EMT_過去病史__HIV(+),15995,0,0.0
medicine,train_2020_2023,EMT_過去病史__不詳,15995,0,0.0
medicine,train_2020_2023,EMT_過去病史__其他,15995,0,0.0
medicine,train_2020_2023,EMT_過去病史__心臟疾病,15995,0,0.0
medicine,train_2020_2023,EMT_過去病史__惡性腫瘤,15995,0,0.0
medicine,train_2020_2023,EMT_過去病史__氣喘,15995,0,0.0
medicine,train_2020_2023,EMT_過去病史__癲癇,15995,0,0.0
medicine,train_2020_2023,EMT_過去病史__精神疾病,15995,0,0.0
medicine,train_2020_2023,EMT_過去病史__糖尿病,15995,0,0.0
medicine,train_2020_2023,EMT_過去病史__肝臟疾病,15995,0,0.0
medicine,train_2020_2023,EMT_過去病史__肺臟疾病,15995,0,0.0
medicine,train_2020_2023,EMT_過去病史__腎臟疾病,15995,0,0.0
medicine,train_2020_2023,EMT_過去病史__腦血管疾病,15995,0,0.0
medicine,train_2020_2023,EMT_過去病史__高血壓,15995,0,0.0
medicine,train_2020_2023,EMT_過去病史__OTHER_RARE,15995,0,0.0
medicine,train_2020_2023,EMT_過去病史__source_available,15995,0,0.0
medicine,train_2020_2023,EMT_過去病史__explicit_none,15995,0,0.0
medicine,train_2020_2023,EMT_過去病史__source_missing,15995,0,0.0
medicine,train_2020_2023,EMT_過敏史__不清楚,15995,0,0.0
medicine,train_2020_2023,EMT_過敏史__不詳,15995,0,0.0
medicine,train_2020_2023,EMT_過敏史__其他,15995,0,0.0
medicine,train_2020_2023,EMT_過敏史__藥物,15995,0,0.0
medicine,train_2020_2023,EMT_過敏史__食物,15995,0,0.0
medicine,train_2020_2023,EMT_過敏史__OTHER_RARE,15995,0,0.0
medicine,train_2020_2023,EMT_過敏史__source_available,15995,0,0.0
medicine,train_2020_2023,EMT_過敏史__explicit_none,15995,0,0.0
medicine,train_2020_2023,EMT_過敏史__source_missing,15995,0,0.0
medicine,train_2020_2023,EMT_主訴_結構化__OHCA,15995,0,0.0
medicine,train_2020_2023,EMT_主訴_結構化__上腹痛,15995,0,0.0
medicine,train_2020_2023,EMT_主訴_結構化__下腹痛,15995,0,0.0
medicine,train_2020_2023,EMT_主訴_結構化__其他,15995,0,0.0
medicine,train_2020_2023,EMT_主訴_結構化__冒冷汗,15995,0,0.0
medicine,train_2020_2023,EMT_主訴_結構化__吐.咳血,15995,0,0.0
medicine,train_2020_2023,EMT_主訴_結構化__呼吸喘.慢.使用輔助肌,15995,0,0.0
medicine,train_2020_2023,EMT_主訴_結構化__呼吸道梗塞,15995,0,0.0
medicine,train_2020_2023,EMT_主訴_結構化__嘔吐.噁心,15995,0,0.0
medicine,train_2020_2023,EMT_主訴_結構化__心臟不適,15995,0,0.0
medicine,train_2020_2023,EMT_主訴_結構化__急產,15995,0,0.0
medicine,train_2020_2023,EMT_主訴_結構化__急產（接生）,15995,0,0.0
medicine,train_2020_2023,EMT_主訴_結構化__挫.擦傷,15995,0,0.0
medicine,train_2020_2023,EMT_主訴_結構化__撕裂.切割傷,15995,0,0.0
medicine,train_2020_2023,EMT_主訴_結構化__斷肢,15995,0,0.0
medicine,train_2020_2023,EMT_主訴_結構化__昏厥,15995,0,0.0
medicine,train_2020_2023,EMT_主訴_結構化__無意識.意識不清,15995,0,0.0
medicine,train_2020_2023,EMT_主訴_結構化__燒燙傷,15995,0,0.0
medicine,train_2020_2023,EMT_主訴_結構化__疑似一氧化碳中毒,15995,0,0.0
medicine,train_2020_2023,EMT_主訴_結構化__疑似毒物.氣中毒,15995,0,0.0
medicine,train_2020_2023,EMT_主訴_結構化__疑似藥物過量,15995,0,0.0
medicine,train_2020_2023,EMT_主訴_結構化__癲癇.抽搐,15995,0,0.0
medicine,train_2020_2023,EMT_主訴_結構化__發燒.發冷,15995,0,0.0
medicine,train_2020_2023,EMT_主訴_結構化__碎裂傷,15995,0,0.0
medicine,train_2020_2023,EMT_主訴_結構化__穿刺傷,15995,0,0.0
medicine,train_2020_2023,EMT_主訴_結構化__肢體無力,15995,0,0.0
medicine,train_2020_2023,EMT_主訴_結構化__肢體疼痛,15995,0,0.0
medicine,train_2020_2023,EMT_主訴_結構化__肢體麻痺,15995,0,0.0
medicine,train_2020_2023,EMT_主訴_結構化__背.肩痛,15995,0,0.0
medicine,train_2020_2023,EMT_主訴_結構化__胸痛.悶,15995,0,0.0
medicine,train_2020_2023,EMT_主訴_結構化__腹瀉,15995,0,0.0
medicine,train_2020_2023,EMT_主訴_結構化__虛弱,15995,0,0.0
medicine,train_2020_2023,EMT_主訴_結構化__血便.尿,15995,0,0.0
medicine,train_2020_2023,EMT_主訴_結構化__血腫,15995,0,0.0
medicine,train_2020_2023,EMT_主訴_結構化__行為神智異常,15995,0,0.0
medicine,train_2020_2023,EMT_主訴_結構化__過敏,15995,0,0.0
medicine,train_2020_2023,EMT_主訴_結構化__非外傷出血,15995,0,0.0
medicine,train_2020_2023,EMT_主訴_結構化__頭暈,15995,0,0.0
medicine,train_2020_2023,EMT_主訴_結構化__頭痛,15995,0,0.0
medicine,train_2020_2023,EMT_主訴_結構化__骨折.脫位,15995,0,0.0
medicine,train_2020_2023,EMT_主訴_結構化__OTHER_RARE,15995,0,0.0
medicine,train_2020_2023,EMT_主訴_結構化__source_available,15995,0,0.0
medicine,train_2020_2023,EMT_主訴_結構化__explicit_none,15995,0,0.0
medicine,train_2020_2023,EMT_主訴_結構化__source_missing,15995,0,0.0
medicine,train_2020_2023,EMT_紅旗__DNR.放棄急救,15995,0,0.0
medicine,train_2020_2023,EMT_紅旗__休克.低血壓,15995,0,0.0
medicine,train_2020_2023,EMT_紅旗__呼吸窘迫.低血氧,15995,0,0.0
medicine,train_2020_2023,EMT_紅旗__大出血,15995,0,0.0
medicine,train_2020_2023,EMT_紅旗__心跳呼吸停止.PEA,15995,0,0.0
medicine,train_2020_2023,EMT_紅旗__意識改變,15995,0,0.0
medicine,train_2020_2023,EMT_紅旗__抽搐,15995,0,0.0
medicine,train_2020_2023,EMT_紅旗__疑似中風,15995,0,0.0
medicine,train_2020_2023,EMT_紅旗__胸痛疑似ACS,15995,0,0.0
medicine,train_2020_2023,EMT_紅旗__OTHER_RARE,15995,0,0.0
medicine,train_2020_2023,EMT_紅旗__source_available,15995,0,0.0
medicine,train_2020_2023,EMT_紅旗__explicit_none,15995,0,0.0
medicine,train_2020_2023,EMT_紅旗__source_missing,15995,0,0.0
medicine,train_2020_2023,EMT_創傷機轉_合併__交通-機車,15995,0,0.0
medicine,train_2020_2023,EMT_創傷機轉_合併__交通-汽車,15995,0,0.0
medicine,train_2020_2023,EMT_創傷機轉_合併__交通-腳踏車,15995,0,0.0
medicine,train_2020_2023,EMT_創傷機轉_合併__交通-行人,15995,0,0.0
medicine,train_2020_2023,EMT_創傷機轉_合併__其他外傷,15995,0,0.0
medicine,train_2020_2023,EMT_創傷機轉_合併__燒燙,15995,0,0.0
medicine,train_2020_2023,EMT_創傷機轉_合併__生物咬螫,15995,0,0.0
medicine,train_2020_2023,EMT_創傷機轉_合併__穿刺切割,15995,0,0.0
medicine,train_2020_2023,EMT_創傷機轉_合併__跌落墜落,15995,0,0.0
medicine,train_2020_2023,EMT_創傷機轉_合併__鈍傷撞擊,15995,0,0.0
medicine,train_2020_2023,EMT_創傷機轉_合併__OTHER_RARE,15995,0,0.0
medicine,train_2020_2023,EMT_創傷機轉_合併__source_available,15995,0,0.0
medicine,train_2020_2023,EMT_創傷機轉_合併__explicit_none,15995,0,0.0
medicine,train_2020_2023,EMT_創傷機轉_合併__source_missing,15995,0,0.0
medicine,train_2020_2023,EMT_處置_合併__CPR,15995,0,0.0
medicine,train_2020_2023,EMT_處置_合併__保暖,15995,0,0.0
medicine,train_2020_2023,EMT_處置_合併__傷口處置,15995,0,0.0
medicine,train_2020_2023,EMT_處置_合併__固定,15995,0,0.0
medicine,train_2020_2023,EMT_處置_合併__心理支持,15995,0,0.0
medicine,train_2020_2023,EMT_處置_合併__生命徵象監測,15995,0,0.0
medicine,train_2020_2023,EMT_處置_合併__給氧,15995,0,0.0
medicine,train_2020_2023,EMT_處置_合併__給藥,15995,0,0.0
medicine,train_2020_2023,EMT_處置_合併__OTHER_RARE,15995,0,0.0
medicine,train_2020_2023,EMT_處置_合併__source_available,15995,0,0.0
medicine,train_2020_2023,EMT_處置_合併__explicit_none,15995,0,0.0
medicine,train_2020_2023,EMT_處置_合併__source_missing,15995,0,0.0
medicine,train_2020_2023,EMT_特殊表登錄_合併__ACS,15995,0,0.0
medicine,train_2020_2023,EMT_特殊表登錄_合併__CVA,15995,0,0.0
medicine,train_2020_2023,EMT_特殊表登錄_合併__OHCA,15995,0,0.0
medicine,train_2020_2023,EMT_特殊表登錄_合併__呼吸窘迫,15995,0,0.0
medicine,train_2020_2023,EMT_特殊表登錄_合併__癲癇重積,15995,0,0.0
medicine,train_2020_2023,EMT_特殊表登錄_合併__過敏性休克,15995,0,0.0
medicine,train_2020_2023,EMT_特殊表登錄_合併__OTHER_RARE,15995,0,0.0
medicine,train_2020_2023,EMT_特殊表登錄_合併__source_available,15995,0,0.0
medicine,train_2020_2023,EMT_特殊表登錄_合併__explicit_none,15995,0,0.0
medicine,train_2020_2023,EMT_特殊表登錄_合併__source_missing,15995,0,0.0
medicine,train_2020_2023,EMT_問卷_一般處置__下肢抬高,15995,0,0.0
medicine,train_2020_2023,EMT_問卷_一般處置__保暖,15995,0,0.0
medicine,train_2020_2023,EMT_問卷_一般處置__其他,15995,0,0.0
medicine,train_2020_2023,EMT_問卷_一般處置__半坐臥,15995,0,0.0
medicine,train_2020_2023,EMT_問卷_一般處置__心律監視,15995,0,0.0
medicine,train_2020_2023,EMT_問卷_一般處置__心理支持,15995,0,0.0
medicine,train_2020_2023,EMT_問卷_一般處置__生命徵象監測,15995,0,0.0
medicine,train_2020_2023,EMT_問卷_一般處置__生產/左側臥,15995,0,0.0
medicine,train_2020_2023,EMT_問卷_一般處置__OTHER_RARE,15995,0,0.0
medicine,train_2020_2023,EMT_問卷_一般處置__source_available,15995,0,0.0
medicine,train_2020_2023,EMT_問卷_一般處置__explicit_none,15995,0,0.0
medicine,train_2020_2023,EMT_問卷_一般處置__source_missing,15995,0,0.0
medicine,train_2020_2023,EMT_問卷_呼吸給氧裝置__NRM,15995,0,0.0
medicine,train_2020_2023,EMT_問卷_呼吸給氧裝置__口咽呼吸道,15995,0,0.0
medicine,train_2020_2023,EMT_問卷_呼吸給氧裝置__正壓給氧,15995,0,0.0
medicine,train_2020_2023,EMT_問卷_呼吸給氧裝置__氧氣面罩,15995,0,0.0
medicine,train_2020_2023,EMT_問卷_呼吸給氧裝置__氧氣鼻管,15995,0,0.0
medicine,train_2020_2023,EMT_問卷_呼吸給氧裝置__鼻咽呼吸道,15995,0,0.0
medicine,train_2020_2023,EMT_問卷_呼吸給氧裝置__OTHER_RARE,15995,0,0.0
medicine,train_2020_2023,EMT_問卷_呼吸給氧裝置__source_available,15995,0,0.0
medicine,train_2020_2023,EMT_問卷_呼吸給氧裝置__explicit_none,15995,0,0.0
medicine,train_2020_2023,EMT_問卷_呼吸給氧裝置__source_missing,15995,0,0.0
medicine,train_2020_2023,EMT_問卷_創傷處置__KED固定,15995,0,0.0
medicine,train_2020_2023,EMT_問卷_創傷處置__包紮止血,15995,0,0.0
medicine,train_2020_2023,EMT_問卷_創傷處置__夾板\三角巾,15995,0,0.0
medicine,train_2020_2023,EMT_問卷_創傷處置__抽吸式護木,15995,0,0.0
medicine,train_2020_2023,EMT_問卷_創傷處置__清洗傷口,15995,0,0.0
medicine,train_2020_2023,EMT_問卷_創傷處置__長背板\頭部固定,15995,0,0.0
medicine,train_2020_2023,EMT_問卷_創傷處置__頸圈,15995,0,0.0
medicine,train_2020_2023,EMT_問卷_創傷處置__OTHER_RARE,15995,0,0.0
medicine,train_2020_2023,EMT_問卷_創傷處置__source_available,15995,0,0.0
medicine,train_2020_2023,EMT_問卷_創傷處置__explicit_none,15995,0,0.0
medicine,train_2020_2023,EMT_問卷_創傷處置__source_missing,15995,0,0.0
medicine,train_2020_2023,EMT_問卷_加護處置__0.9%N.S.,15995,0,0.0
medicine,train_2020_2023,EMT_問卷_加護處置__5%G.W.,15995,0,0.0
medicine,train_2020_2023,EMT_問卷_加護處置__50%G.W.,15995,0,0.0
medicine,train_2020_2023,EMT_問卷_加護處置__Berotec支氣管擴張劑,15995,0,0.0
medicine,train_2020_2023,EMT_問卷_加護處置__IV,15995,0,0.0
medicine,train_2020_2023,EMT_問卷_加護處置__不建議AED電擊,15995,0,0.0
medicine,train_2020_2023,EMT_問卷_加護處置__糖粉（水）,15995,0,0.0
medicine,train_2020_2023,EMT_問卷_加護處置__OTHER_RARE,15995,0,0.0
medicine,train_2020_2023,EMT_問卷_加護處置__source_available,15995,0,0.0
medicine,train_2020_2023,EMT_問卷_加護處置__explicit_none,15995,0,0.0
medicine,train_2020_2023,EMT_問卷_加護處置__source_missing,15995,0,0.0
medicine,train_2020_2023,EMT_台北_呼吸處置__OTHER_RARE,15995,0,0.0
medicine,train_2020_2023,EMT_台北_呼吸處置__source_available,15995,0,0.0
medicine,train_2020_2023,EMT_台北_呼吸處置__explicit_none,15995,0,0.0
medicine,train_2020_2023,EMT_台北_呼吸處置__source_missing,15995,0,0.0
medicine,train_2020_2023,EMT_台北_CPR處置__OTHER_RARE,15995,0,0.0
medicine,train_2020_2023,EMT_台北_CPR處置__source_available,15995,0,0.0
medicine,train_2020_2023,EMT_台北_CPR處置__explicit_none,15995,0,0.0
medicine,train_2020_2023,EMT_台北_CPR處置__source_missing,15995,0,0.0
medicine,train_2020_2023,EMT_台北_藥物處置__OTHER_RARE,15995,0,0.0
medicine,train_2020_2023,EMT_台北_藥物處置__source_available,15995,0,0.0
medicine,train_2020_2023,EMT_台北_藥物處置__explicit_none,15995,0,0.0
medicine,train_2020_2023,EMT_台北_藥物處置__source_missing,15995,0,0.0
medicine,train_2020_2023,EMT_台北_創傷處置__包紮,15995,0,0.0
medicine,train_2020_2023,EMT_台北_創傷處置__止血,15995,0,0.0
medicine,train_2020_2023,EMT_台北_創傷處置__清洗傷口,15995,0,0.0
medicine,train_2020_2023,EMT_台北_創傷處置__OTHER_RARE,15995,0,0.0
medicine,train_2020_2023,EMT_台北_創傷處置__source_available,15995,0,0.0
medicine,train_2020_2023,EMT_台北_創傷處置__explicit_none,15995,0,0.0
medicine,train_2020_2023,EMT_台北_創傷處置__source_missing,15995,0,0.0
medicine,train_2020_2023,EMT_台北_後送姿勢__半坐臥,15995,0,0.0
medicine,train_2020_2023,EMT_台北_後送姿勢__平躺,15995,0,0.0
medicine,train_2020_2023,EMT_台北_後送姿勢__OTHER_RARE,15995,0,0.0
medicine,train_2020_2023,EMT_台北_後送姿勢__source_available,15995,0,0.0
medicine,train_2020_2023,EMT_台北_後送姿勢__explicit_none,15995,0,0.0
medicine,train_2020_2023,EMT_台北_後送姿勢__source_missing,15995,0,0.0
medicine,train_2020_2023,EMT_台北_其他處置__保暖,15995,0,0.0
medicine,train_2020_2023,EMT_台北_其他處置__心理支持,15995,0,0.0
medicine,train_2020_2023,EMT_台北_其他處置__OTHER_RARE,15995,0,0.0
medicine,train_2020_2023,EMT_台北_其他處置__source_available,15995,0,0.0
medicine,train_2020_2023,EMT_台北_其他處置__explicit_none,15995,0,0.0
medicine,train_2020_2023,EMT_台北_其他處置__source_missing,15995,0,0.0
medicine,train_2020_2023,EMT_台北_給藥__OTHER_RARE,15995,0,0.0
medicine,train_2020_2023,EMT_台北_給藥__source_available,15995,0,0.0
medicine,train_2020_2023,EMT_台北_給藥__explicit_none,15995,0,0.0
medicine,train_2020_2023,EMT_台北_給藥__source_missing,15995,0,0.0
medicine,train_2020_2023,EMT_補述_紅旗__DNR.放棄急救,15995,0,0.0
medicine,train_2020_2023,EMT_補述_紅旗__休克.低血壓,15995,0,0.0
medicine,train_2020_2023,EMT_補述_紅旗__呼吸窘迫.低血氧,15995,0,0.0
medicine,train_2020_2023,EMT_補述_紅旗__大出血,15995,0,0.0
medicine,train_2020_2023,EMT_補述_紅旗__心跳呼吸停止.PEA,15995,0,0.0
medicine,train_2020_2023,EMT_補述_紅旗__意識改變,15995,0,0.0
medicine,train_2020_2023,EMT_補述_紅旗__抽搐,15995,0,0.0
medicine,train_2020_2023,EMT_補述_紅旗__疑似中風,15995,0,0.0
medicine,train_2020_2023,EMT_補述_紅旗__胸痛疑似ACS,15995,0,0.0
medicine,train_2020_2023,EMT_補述_紅旗__OTHER_RARE,15995,0,0.0
medicine,train_2020_2023,EMT_補述_紅旗__source_available,15995,0,0.0
medicine,train_2020_2023,EMT_補述_紅旗__explicit_none,15995,0,0.0
medicine,train_2020_2023,EMT_補述_紅旗__source_missing,15995,0,0.0
medicine,train_2020_2023,EMT_問卷_過去病史__HIV(+),15995,0,0.0
medicine,train_2020_2023,EMT_問卷_過去病史__不詳,15995,0,0.0
medicine,train_2020_2023,EMT_問卷_過去病史__其他,15995,0,0.0
medicine,train_2020_2023,EMT_問卷_過去病史__心臟疾病,15995,0,0.0
medicine,train_2020_2023,EMT_問卷_過去病史__惡性腫瘤,15995,0,0.0
medicine,train_2020_2023,EMT_問卷_過去病史__氣喘,15995,0,0.0
medicine,train_2020_2023,EMT_問卷_過去病史__癲癇,15995,0,0.0
medicine,train_2020_2023,EMT_問卷_過去病史__精神疾病,15995,0,0.0
medicine,train_2020_2023,EMT_問卷_過去病史__糖尿病,15995,0,0.0
medicine,train_2020_2023,EMT_問卷_過去病史__肝臟疾病,15995,0,0.0
medicine,train_2020_2023,EMT_問卷_過去病史__肺臟疾病,15995,0,0.0
medicine,train_2020_2023,EMT_問卷_過去病史__腎臟疾病,15995,0,0.0
medicine,train_2020_2023,EMT_問卷_過去病史__腦血管疾病,15995,0,0.0
medicine,train_2020_2023,EMT_問卷_過去病史__高血壓,15995,0,0.0
medicine,train_2020_2023,EMT_問卷_過去病史__OTHER_RARE,15995,0,0.0
medicine,train_2020_2023,EMT_問卷_過去病史__source_available,15995,0,0.0
medicine,train_2020_2023,EMT_問卷_過去病史__explicit_none,15995,0,0.0
medicine,train_2020_2023,EMT_問卷_過去病史__source_missing,15995,0,0.0
medicine,train_2020_2023,EMT_問卷_過敏史__不詳,15995,0,0.0
medicine,train_2020_2023,EMT_問卷_過敏史__其他,15995,0,0.0
medicine,train_2020_2023,EMT_問卷_過敏史__藥物,15995,0,0.0
medicine,train_2020_2023,EMT_問卷_過敏史__食物,15995,0,0.0
medicine,train_2020_2023,EMT_問卷_過敏史__OTHER_RARE,15995,0,0.0
medicine,train_2020_2023,EMT_問卷_過敏史__source_available,15995,0,0.0
medicine,train_2020_2023,EMT_問卷_過敏史__explicit_none,15995,0,0.0
medicine,train_2020_2023,EMT_問卷_過敏史__source_missing,15995,0,0.0
medicine,train_2020_2023,has_oxygen,15995,13011,0.8134417005314161
medicine,train_2020_2023,has_ventilatory_support,15995,12993,0.8123163488590185
medicine,train_2020_2023,has_airway_adjunct,15995,12993,0.8123163488590185
medicine,train_2020_2023,has_advanced_airway,15995,12993,0.8123163488590185
medicine,train_2020_2023,has_ALS_procedure,15995,14071,0.879712410128165
medicine,train_2020_2023,EMT_現場_收縮壓_ord,15995,257,0.016067521100343856
medicine,train_2020_2023,EMT_現場_收縮壓_for_score,15995,865,0.054079399812441385
medicine,train_2020_2023,EMT_車上_收縮壓_for_score,15995,1316,0.08227571115973742
medicine,train_2020_2023,EMT_現場_收縮壓_unmeasurable,15995,0,0.0
medicine,train_2020_2023,EMT_車上_收縮壓_unmeasurable,15995,0,0.0
medicine,train_2020_2023,MISS_EMT_現場_收縮壓_for_score,15995,0,0.0
medicine,train_2020_2023,MISS_EMT_車上_收縮壓_for_score,15995,0,0.0
medicine,train_2020_2023,prehosp_sbp,15995,786,0.04914035636136293
medicine,train_2020_2023,prehosp_dbp,15995,1742,0.10890903407314786
medicine,train_2020_2023,prehosp_hr,15995,875,0.05470459518599562
medicine,train_2020_2023,prehosp_rr,15995,875,0.05470459518599562
medicine,train_2020_2023,prehosp_spo2,15995,878,0.05489215379806189
medicine,train_2020_2023,prehosp_bt,15995,879,0.054954673335417314
medicine,train_2020_2023,prehosp_gcs,15995,1027,0.06420756486402
medicine,train_2020_2023,prehosp_gcs_e,15995,1025,0.06408252578930916
medicine,train_2020_2023,prehosp_gcs_v,15995,1027,0.06420756486402
medicine,train_2020_2023,prehosp_gcs_m,15995,1026,0.06414504532666458
medicine,train_2020_2023,is_OHCA_hr0,15995,0,0.0
medicine,train_2020_2023,現場時間,15995,0,0.0
medicine,train_2020_2023,運送時間,15995,0,0.0
medicine,train_2020_2023,派遣時間,15995,442,0.027633635511097217
medicine,train_2020_2023,總到院前時間,15995,442,0.027633635511097217
medicine,train_2020_2023,MISS_現場時間,15995,0,0.0
medicine,train_2020_2023,MISS_運送時間,15995,0,0.0
medicine,train_2020_2023,MISS_派遣時間,15995,0,0.0
medicine,train_2020_2023,MISS_總到院前時間,15995,0,0.0
medicine,train_2020_2023,MAP,15995,1742,0.10890903407314786
medicine,train_2020_2023,MISS_MAP,15995,0,0.0
medicine,train_2020_2023,SI,15995,879,0.054954673335417314
medicine,train_2020_2023,MISS_SI,15995,0,0.0
medicine,train_2020_2023,mSI,15995,1742,0.10890903407314786
medicine,train_2020_2023,MISS_mSI,15995,0,0.0
medicine,train_2020_2023,aSI,15995,886,0.05539231009690528
medicine,train_2020_2023,MISS_aSI,15995,0,0.0
medicine,train_2020_2023,rSI,15995,879,0.054954673335417314
medicine,train_2020_2023,MISS_rSI,15995,0,0.0
medicine,train_2020_2023,rSIG,15995,1031,0.0644576430134417
medicine,train_2020_2023,MISS_rSIG,15995,0,0.0
medicine,train_2020_2023,rSIG_Age,15995,1038,0.06489527977492966
medicine,train_2020_2023,MISS_rSIG_Age,15995,0,0.0
medicine,train_2020_2023,SI_G,15995,1031,0.0644576430134417
medicine,train_2020_2023,MISS_SI_G,15995,0,0.0
medicine,train_2020_2023,SIA_G,15995,1038,0.06489527977492966
medicine,train_2020_2023,MISS_SIA_G,15995,0,0.0
medicine,train_2020_2023,SIAVPU,15995,879,0.054954673335417314
medicine,train_2020_2023,MISS_SIAVPU,15995,0,0.0
medicine,train_2020_2023,sMS,15995,1026,0.06414504532666458
medicine,train_2020_2023,MISS_sMS,15995,0,0.0
medicine,train_2020_2023,rSI_sMS,15995,1030,0.06439512347608628
medicine,train_2020_2023,MISS_rSI_sMS,15995,0,0.0
medicine,train_2020_2023,rSI_GCS,15995,1031,0.0644576430134417
medicine,train_2020_2023,MISS_rSI_GCS,15995,0,0.0
medicine,train_2020_2023,rSI_GCSM,15995,1030,0.06439512347608628
medicine,train_2020_2023,MISS_rSI_GCSM,15995,0,0.0
medicine,train_2020_2023,qSOFA,15995,879,0.054954673335417314
medicine,train_2020_2023,qSOFA_available,15995,0,0.0
medicine,train_2020_2023,qSOFA_observed_components,15995,0,0.0
medicine,train_2020_2023,qSOFA_required_components,15995,0,0.0
medicine,train_2020_2023,MISS_qSOFA,15995,0,0.0
medicine,train_2020_2023,NEWS2,15995,13085,0.8180681462957174
medicine,train_2020_2023,NEWS2_available,15995,0,0.0
medicine,train_2020_2023,NEWS2_observed_components,15995,0,0.0
medicine,train_2020_2023,NEWS2_required_components,15995,0,0.0
medicine,train_2020_2023,MISS_NEWS2,15995,0,0.0
medicine,train_2020_2023,MEWS,15995,882,0.05514223194748359
medicine,train_2020_2023,MEWS_available,15995,0,0.0
medicine,train_2020_2023,MEWS_observed_components,15995,0,0.0
medicine,train_2020_2023,MEWS_required_components,15995,0,0.0
medicine,train_2020_2023,MISS_MEWS,15995,0,0.0
medicine,train_2020_2023,REMS,15995,1888,0.1180368865270397
medicine,train_2020_2023,REMS_available,15995,0,0.0
medicine,train_2020_2023,REMS_observed_components,15995,0,0.0
medicine,train_2020_2023,REMS_required_components,15995,0,0.0
medicine,train_2020_2023,MISS_REMS,15995,0,0.0
medicine,train_2020_2023,RTS,15995,1031,0.0644576430134417
medicine,train_2020_2023,RTS_available,15995,0,0.0
medicine,train_2020_2023,RTS_observed_components,15995,0,0.0
medicine,train_2020_2023,RTS_required_components,15995,0,0.0
medicine,train_2020_2023,MISS_RTS,15995,0,0.0
medicine,train_2020_2023,kw_ohca,15995,0,0.0
medicine,train_2020_2023,kw_chest_pain,15995,0,0.0
medicine,train_2020_2023,kw_dyspnea,15995,0,0.0
medicine,train_2020_2023,kw_bleeding,15995,0,0.0
medicine,train_2020_2023,kw_stroke,15995,0,0.0
medicine,train_2020_2023,kw_trauma,15995,0,0.0
medicine,train_2020_2023,kw_seizure,15995,0,0.0
medicine,train_2020_2023,kw_unconscious,15995,0,0.0
medicine,train_2020_2023,is_text_missing,15995,0,0.0
medicine,train_2020_2023,text_source_count,15995,0,0.0
medicine,train_2020_2023,text_char_count,15995,0,0.0
medicine,validation_2024,EMT_年齡,4770,3,0.0006289308176100629
medicine,validation_2024,MISS_EMT_年齡,4770,0,0.0
medicine,validation_2024,MISSREASON_EMT_年齡__source_missing,4770,0,0.0
medicine,validation_2024,MISSREASON_EMT_年齡__not_measured,4770,0,0.0
medicine,validation_2024,MISSREASON_EMT_年齡__sentinel,4770,0,0.0
medicine,validation_2024,MISSREASON_EMT_年齡__invalid_or_out_of_range,4770,0,0.0
medicine,validation_2024,EMT_發生地點_到慈濟_開車km,4770,2,0.0004192872117400419
medicine,validation_2024,MISS_EMT_發生地點_到慈濟_開車km,4770,0,0.0
medicine,validation_2024,MISSREASON_EMT_發生地點_到慈濟_開車km__source_missing,4770,0,0.0
medicine,validation_2024,MISSREASON_EMT_發生地點_到慈濟_開車km__not_measured,4770,0,0.0
medicine,validation_2024,MISSREASON_EMT_發生地點_到慈濟_開車km__sentinel,4770,0,0.0
medicine,validation_2024,MISSREASON_EMT_發生地點_到慈濟_開車km__invalid_or_out_of_range,4770,0,0.0
medicine,validation_2024,EMT_發生地點_到慈濟_直線km,4770,2,0.0004192872117400419
medicine,validation_2024,MISS_EMT_發生地點_到慈濟_直線km,4770,0,0.0
medicine,validation_2024,MISSREASON_EMT_發生地點_到慈濟_直線km__source_missing,4770,0,0.0
medicine,validation_2024,MISSREASON_EMT_發生地點_到慈濟_直線km__not_measured,4770,0,0.0
medicine,validation_2024,MISSREASON_EMT_發生地點_到慈濟_直線km__sentinel,4770,0,0.0
medicine,validation_2024,MISSREASON_EMT_發生地點_到慈濟_直線km__invalid_or_out_of_range,4770,0,0.0
medicine,validation_2024,EMT_反應時間分,4770,17,0.0035639412997903563
medicine,validation_2024,MISS_EMT_反應時間分,4770,0,0.0
medicine,validation_2024,MISSREASON_EMT_反應時間分__source_missing,4770,0,0.0
medicine,validation_2024,MISSREASON_EMT_反應時間分__not_measured,4770,0,0.0
medicine,validation_2024,MISSREASON_EMT_反應時間分__sentinel,4770,0,0.0
medicine,validation_2024,MISSREASON_EMT_反應時間分__invalid_or_out_of_range,4770,0,0.0
medicine,validation_2024,EMT_現場停留分,4770,12,0.0025157232704402514
medicine,validation_2024,MISS_EMT_現場停留分,4770,0,0.0
medicine,validation_2024,MISSREASON_EMT_現場停留分__source_missing,4770,0,0.0
medicine,validation_2024,MISSREASON_EMT_現場停留分__not_measured,4770,0,0.0
medicine,validation_2024,MISSREASON_EMT_現場停留分__sentinel,4770,0,0.0
medicine,validation_2024,MISSREASON_EMT_現場停留分__invalid_or_out_of_range,4770,0,0.0
medicine,validation_2024,EMT_送醫途中分,4770,12,0.0025157232704402514
medicine,validation_2024,MISS_EMT_送醫途中分,4770,0,0.0
medicine,validation_2024,MISSREASON_EMT_送醫途中分__source_missing,4770,0,0.0
medicine,validation_2024,MISSREASON_EMT_送醫途中分__not_measured,4770,0,0.0
medicine,validation_2024,MISSREASON_EMT_送醫途中分__sentinel,4770,0,0.0
medicine,validation_2024,MISSREASON_EMT_送醫途中分__invalid_or_out_of_range,4770,0,0.0
medicine,validation_2024,EMT_現場_舒張壓,4770,4770,1.0
medicine,validation_2024,MISS_EMT_現場_舒張壓,4770,0,0.0
medicine,validation_2024,MISSREASON_EMT_現場_舒張壓__source_missing,4770,0,0.0
medicine,validation_2024,MISSREASON_EMT_現場_舒張壓__not_measured,4770,0,0.0
medicine,validation_2024,MISSREASON_EMT_現場_舒張壓__sentinel,4770,0,0.0
medicine,validation_2024,MISSREASON_EMT_現場_舒張壓__invalid_or_out_of_range,4770,0,0.0
medicine,validation_2024,EMT_現場_脈搏,4770,171,0.035849056603773584
medicine,validation_2024,MISS_EMT_現場_脈搏,4770,0,0.0
medicine,validation_2024,MISSREASON_EMT_現場_脈搏__source_missing,4770,0,0.0
medicine,validation_2024,MISSREASON_EMT_現場_脈搏__not_measured,4770,0,0.0
medicine,validation_2024,MISSREASON_EMT_現場_脈搏__sentinel,4770,0,0.0
medicine,validation_2024,MISSREASON_EMT_現場_脈搏__invalid_or_out_of_range,4770,0,0.0
medicine,validation_2024,EMT_現場_呼吸,4770,171,0.035849056603773584
medicine,validation_2024,MISS_EMT_現場_呼吸,4770,0,0.0
medicine,validation_2024,MISSREASON_EMT_現場_呼吸__source_missing,4770,0,0.0
medicine,validation_2024,MISSREASON_EMT_現場_呼吸__not_measured,4770,0,0.0
medicine,validation_2024,MISSREASON_EMT_現場_呼吸__sentinel,4770,0,0.0
medicine,validation_2024,MISSREASON_EMT_現場_呼吸__invalid_or_out_of_range,4770,0,0.0
medicine,validation_2024,EMT_現場_SPO2,4770,192,0.04025157232704402
medicine,validation_2024,MISS_EMT_現場_SPO2,4770,0,0.0
medicine,validation_2024,MISSREASON_EMT_現場_SPO2__source_missing,4770,0,0.0
medicine,validation_2024,MISSREASON_EMT_現場_SPO2__not_measured,4770,0,0.0
medicine,validation_2024,MISSREASON_EMT_現場_SPO2__sentinel,4770,0,0.0
medicine,validation_2024,MISSREASON_EMT_現場_SPO2__invalid_or_out_of_range,4770,0,0.0
medicine,validation_2024,EMT_現場_體溫,4770,177,0.03710691823899371
medicine,validation_2024,MISS_EMT_現場_體溫,4770,0,0.0
medicine,validation_2024,MISSREASON_EMT_現場_體溫__source_missing,4770,0,0.0
medicine,validation_2024,MISSREASON_EMT_現場_體溫__not_measured,4770,0,0.0
medicine,validation_2024,MISSREASON_EMT_現場_體溫__sentinel,4770,0,0.0
medicine,validation_2024,MISSREASON_EMT_現場_體溫__invalid_or_out_of_range,4770,0,0.0
medicine,validation_2024,EMT_現場_GCS,4770,225,0.04716981132075472
medicine,validation_2024,MISS_EMT_現場_GCS,4770,0,0.0
medicine,validation_2024,MISSREASON_EMT_現場_GCS__source_missing,4770,0,0.0
medicine,validation_2024,MISSREASON_EMT_現場_GCS__not_measured,4770,0,0.0
medicine,validation_2024,MISSREASON_EMT_現場_GCS__sentinel,4770,0,0.0
medicine,validation_2024,MISSREASON_EMT_現場_GCS__invalid_or_out_of_range,4770,0,0.0
medicine,validation_2024,EMT_現場_GCS_E,4770,219,0.04591194968553459
medicine,validation_2024,MISS_EMT_現場_GCS_E,4770,0,0.0
medicine,validation_2024,MISSREASON_EMT_現場_GCS_E__source_missing,4770,0,0.0
medicine,validation_2024,MISSREASON_EMT_現場_GCS_E__not_measured,4770,0,0.0
medicine,validation_2024,MISSREASON_EMT_現場_GCS_E__sentinel,4770,0,0.0
medicine,validation_2024,MISSREASON_EMT_現場_GCS_E__invalid_or_out_of_range,4770,0,0.0
medicine,validation_2024,EMT_現場_GCS_V,4770,224,0.0469601677148847
medicine,validation_2024,MISS_EMT_現場_GCS_V,4770,0,0.0
medicine,validation_2024,MISSREASON_EMT_現場_GCS_V__source_missing,4770,0,0.0
medicine,validation_2024,MISSREASON_EMT_現場_GCS_V__not_measured,4770,0,0.0
medicine,validation_2024,MISSREASON_EMT_現場_GCS_V__sentinel,4770,0,0.0
medicine,validation_2024,MISSREASON_EMT_現場_GCS_V__invalid_or_out_of_range,4770,0,0.0
medicine,validation_2024,EMT_現場_GCS_M,4770,218,0.04570230607966457
medicine,validation_2024,MISS_EMT_現場_GCS_M,4770,0,0.0
medicine,validation_2024,MISSREASON_EMT_現場_GCS_M__source_missing,4770,0,0.0
medicine,validation_2024,MISSREASON_EMT_現場_GCS_M__not_measured,4770,0,0.0
medicine,validation_2024,MISSREASON_EMT_現場_GCS_M__sentinel,4770,0,0.0
medicine,validation_2024,MISSREASON_EMT_現場_GCS_M__invalid_or_out_of_range,4770,0,0.0
medicine,validation_2024,EMT_車上_舒張壓,4770,764,0.16016771488469603
medicine,validation_2024,MISS_EMT_車上_舒張壓,4770,0,0.0
medicine,validation_2024,MISSREASON_EMT_車上_舒張壓__source_missing,4770,0,0.0
medicine,validation_2024,MISSREASON_EMT_車上_舒張壓__not_measured,4770,0,0.0
medicine,validation_2024,MISSREASON_EMT_車上_舒張壓__sentinel,4770,0,0.0
medicine,validation_2024,MISSREASON_EMT_車上_舒張壓__invalid_or_out_of_range,4770,0,0.0
medicine,validation_2024,EMT_車上_脈搏,4770,661,0.13857442348008386
medicine,validation_2024,MISS_EMT_車上_脈搏,4770,0,0.0
medicine,validation_2024,MISSREASON_EMT_車上_脈搏__source_missing,4770,0,0.0
medicine,validation_2024,MISSREASON_EMT_車上_脈搏__not_measured,4770,0,0.0
medicine,validation_2024,MISSREASON_EMT_車上_脈搏__sentinel,4770,0,0.0
medicine,validation_2024,MISSREASON_EMT_車上_脈搏__invalid_or_out_of_range,4770,0,0.0
medicine,validation_2024,EMT_車上_呼吸,4770,661,0.13857442348008386
medicine,validation_2024,MISS_EMT_車上_呼吸,4770,0,0.0
medicine,validation_2024,MISSREASON_EMT_車上_呼吸__source_missing,4770,0,0.0
medicine,validation_2024,MISSREASON_EMT_車上_呼吸__not_measured,4770,0,0.0
medicine,validation_2024,MISSREASON_EMT_車上_呼吸__sentinel,4770,0,0.0
medicine,validation_2024,MISSREASON_EMT_車上_呼吸__invalid_or_out_of_range,4770,0,0.0
medicine,validation_2024,EMT_車上_SPO2,4770,660,0.13836477987421383
medicine,validation_2024,MISS_EMT_車上_SPO2,4770,0,0.0
medicine,validation_2024,MISSREASON_EMT_車上_SPO2__source_missing,4770,0,0.0
medicine,validation_2024,MISSREASON_EMT_車上_SPO2__not_measured,4770,0,0.0
medicine,validation_2024,MISSREASON_EMT_車上_SPO2__sentinel,4770,0,0.0
medicine,validation_2024,MISSREASON_EMT_車上_SPO2__invalid_or_out_of_range,4770,0,0.0
medicine,validation_2024,EMT_車上_體溫,4770,661,0.13857442348008386
medicine,validation_2024,MISS_EMT_車上_體溫,4770,0,0.0
medicine,validation_2024,MISSREASON_EMT_車上_體溫__source_missing,4770,0,0.0
medicine,validation_2024,MISSREASON_EMT_車上_體溫__not_measured,4770,0,0.0
medicine,validation_2024,MISSREASON_EMT_車上_體溫__sentinel,4770,0,0.0
medicine,validation_2024,MISSREASON_EMT_車上_體溫__invalid_or_out_of_range,4770,0,0.0
medicine,validation_2024,EMT_車上_GCS,4770,226,0.04737945492662474
medicine,validation_2024,MISS_EMT_車上_GCS,4770,0,0.0
medicine,validation_2024,MISSREASON_EMT_車上_GCS__source_missing,4770,0,0.0
medicine,validation_2024,MISSREASON_EMT_車上_GCS__not_measured,4770,0,0.0
medicine,validation_2024,MISSREASON_EMT_車上_GCS__sentinel,4770,0,0.0
medicine,validation_2024,MISSREASON_EMT_車上_GCS__invalid_or_out_of_range,4770,0,0.0
medicine,validation_2024,EMT_車上_GCS_E,4770,217,0.04549266247379455
medicine,validation_2024,MISS_EMT_車上_GCS_E,4770,0,0.0
medicine,validation_2024,MISSREASON_EMT_車上_GCS_E__source_missing,4770,0,0.0
medicine,validation_2024,MISSREASON_EMT_車上_GCS_E__not_measured,4770,0,0.0
medicine,validation_2024,MISSREASON_EMT_車上_GCS_E__sentinel,4770,0,0.0
medicine,validation_2024,MISSREASON_EMT_車上_GCS_E__invalid_or_out_of_range,4770,0,0.0
medicine,validation_2024,EMT_車上_GCS_V,4770,225,0.04716981132075472
medicine,validation_2024,MISS_EMT_車上_GCS_V,4770,0,0.0
medicine,validation_2024,MISSREASON_EMT_車上_GCS_V__source_missing,4770,0,0.0
medicine,validation_2024,MISSREASON_EMT_車上_GCS_V__not_measured,4770,0,0.0
medicine,validation_2024,MISSREASON_EMT_車上_GCS_V__sentinel,4770,0,0.0
medicine,validation_2024,MISSREASON_EMT_車上_GCS_V__invalid_or_out_of_range,4770,0,0.0
medicine,validation_2024,EMT_車上_GCS_M,4770,216,0.045283018867924525
medicine,validation_2024,MISS_EMT_車上_GCS_M,4770,0,0.0
medicine,validation_2024,MISSREASON_EMT_車上_GCS_M__source_missing,4770,0,0.0
medicine,validation_2024,MISSREASON_EMT_車上_GCS_M__not_measured,4770,0,0.0
medicine,validation_2024,MISSREASON_EMT_車上_GCS_M__sentinel,4770,0,0.0
medicine,validation_2024,MISSREASON_EMT_車上_GCS_M__invalid_or_out_of_range,4770,0,0.0
medicine,validation_2024,EMT_生命徵象量測次數,4770,487,0.10209643605870021
medicine,validation_2024,MISS_EMT_生命徵象量測次數,4770,0,0.0
medicine,validation_2024,MISSREASON_EMT_生命徵象量測次數__source_missing,4770,0,0.0
medicine,validation_2024,MISSREASON_EMT_生命徵象量測次數__not_measured,4770,0,0.0
medicine,validation_2024,MISSREASON_EMT_生命徵象量測次數__sentinel,4770,0,0.0
medicine,validation_2024,MISSREASON_EMT_生命徵象量測次數__invalid_or_out_of_range,4770,0,0.0
medicine,validation_2024,EMT_問卷_疼痛指數,4770,2547,0.5339622641509434
medicine,validation_2024,MISS_EMT_問卷_疼痛指數,4770,0,0.0
medicine,validation_2024,MISSREASON_EMT_問卷_疼痛指數__source_missing,4770,0,0.0
medicine,validation_2024,MISSREASON_EMT_問卷_疼痛指數__not_measured,4770,0,0.0
medicine,validation_2024,MISSREASON_EMT_問卷_疼痛指數__sentinel,4770,0,0.0
medicine,validation_2024,MISSREASON_EMT_問卷_疼痛指數__invalid_or_out_of_range,4770,0,0.0
medicine,validation_2024,EMT_問卷_左瞳孔尺寸mm,4770,682,0.1429769392033543
medicine,validation_2024,MISS_EMT_問卷_左瞳孔尺寸mm,4770,0,0.0
medicine,validation_2024,MISSREASON_EMT_問卷_左瞳孔尺寸mm__source_missing,4770,0,0.0
medicine,validation_2024,MISSREASON_EMT_問卷_左瞳孔尺寸mm__not_measured,4770,0,0.0
medicine,validation_2024,MISSREASON_EMT_問卷_左瞳孔尺寸mm__sentinel,4770,0,0.0
medicine,validation_2024,MISSREASON_EMT_問卷_左瞳孔尺寸mm__invalid_or_out_of_range,4770,0,0.0
medicine,validation_2024,EMT_問卷_右瞳孔尺寸mm,4770,681,0.14276729559748427
medicine,validation_2024,MISS_EMT_問卷_右瞳孔尺寸mm,4770,0,0.0
medicine,validation_2024,MISSREASON_EMT_問卷_右瞳孔尺寸mm__source_missing,4770,0,0.0
medicine,validation_2024,MISSREASON_EMT_問卷_右瞳孔尺寸mm__not_measured,4770,0,0.0
medicine,validation_2024,MISSREASON_EMT_問卷_右瞳孔尺寸mm__sentinel,4770,0,0.0
medicine,validation_2024,MISSREASON_EMT_問卷_右瞳孔尺寸mm__invalid_or_out_of_range,4770,0,0.0
medicine,validation_2024,EMT_問卷_血糖值mgdl,4770,3375,0.7075471698113207
medicine,validation_2024,MISS_EMT_問卷_血糖值mgdl,4770,0,0.0
medicine,validation_2024,MISSREASON_EMT_問卷_血糖值mgdl__source_missing,4770,0,0.0
medicine,validation_2024,MISSREASON_EMT_問卷_血糖值mgdl__not_measured,4770,0,0.0
medicine,validation_2024,MISSREASON_EMT_問卷_血糖值mgdl__sentinel,4770,0,0.0
medicine,validation_2024,MISSREASON_EMT_問卷_血糖值mgdl__invalid_or_out_of_range,4770,0,0.0
medicine,validation_2024,EMT_問卷_氧氣流量Lmin,4770,3823,0.8014675052410901
medicine,validation_2024,MISS_EMT_問卷_氧氣流量Lmin,4770,0,0.0
medicine,validation_2024,MISSREASON_EMT_問卷_氧氣流量Lmin__source_missing,4770,0,0.0
medicine,validation_2024,MISSREASON_EMT_問卷_氧氣流量Lmin__not_measured,4770,0,0.0
medicine,validation_2024,MISSREASON_EMT_問卷_氧氣流量Lmin__sentinel,4770,0,0.0
medicine,validation_2024,MISSREASON_EMT_問卷_氧氣流量Lmin__invalid_or_out_of_range,4770,0,0.0
medicine,validation_2024,EMT_問卷_靜脈輸液量ml,4770,4404,0.9232704402515723
medicine,validation_2024,MISS_EMT_問卷_靜脈輸液量ml,4770,0,0.0
medicine,validation_2024,MISSREASON_EMT_問卷_靜脈輸液量ml__source_missing,4770,0,0.0
medicine,validation_2024,MISSREASON_EMT_問卷_靜脈輸液量ml__not_measured,4770,0,0.0
medicine,validation_2024,MISSREASON_EMT_問卷_靜脈輸液量ml__sentinel,4770,0,0.0
medicine,validation_2024,MISSREASON_EMT_問卷_靜脈輸液量ml__invalid_or_out_of_range,4770,0,0.0
medicine,validation_2024,EMT_體重,4770,549,0.11509433962264151
medicine,validation_2024,MISS_EMT_體重,4770,0,0.0
medicine,validation_2024,MISSREASON_EMT_體重__source_missing,4770,0,0.0
medicine,validation_2024,MISSREASON_EMT_體重__not_measured,4770,0,0.0
medicine,validation_2024,MISSREASON_EMT_體重__sentinel,4770,0,0.0
medicine,validation_2024,MISSREASON_EMT_體重__invalid_or_out_of_range,4770,0,0.0
medicine,validation_2024,EMT_燒燙傷一級%,4770,487,0.10209643605870021
medicine,validation_2024,MISS_EMT_燒燙傷一級%,4770,0,0.0
medicine,validation_2024,MISSREASON_EMT_燒燙傷一級%__source_missing,4770,0,0.0
medicine,validation_2024,MISSREASON_EMT_燒燙傷一級%__not_measured,4770,0,0.0
medicine,validation_2024,MISSREASON_EMT_燒燙傷一級%__sentinel,4770,0,0.0
medicine,validation_2024,MISSREASON_EMT_燒燙傷一級%__invalid_or_out_of_range,4770,0,0.0
medicine,validation_2024,EMT_燒燙傷二級%,4770,487,0.10209643605870021
medicine,validation_2024,MISS_EMT_燒燙傷二級%,4770,0,0.0
medicine,validation_2024,MISSREASON_EMT_燒燙傷二級%__source_missing,4770,0,0.0
medicine,validation_2024,MISSREASON_EMT_燒燙傷二級%__not_measured,4770,0,0.0
medicine,validation_2024,MISSREASON_EMT_燒燙傷二級%__sentinel,4770,0,0.0
medicine,validation_2024,MISSREASON_EMT_燒燙傷二級%__invalid_or_out_of_range,4770,0,0.0
medicine,validation_2024,EMT_燒燙傷三級%,4770,487,0.10209643605870021
medicine,validation_2024,MISS_EMT_燒燙傷三級%,4770,0,0.0
medicine,validation_2024,MISSREASON_EMT_燒燙傷三級%__source_missing,4770,0,0.0
medicine,validation_2024,MISSREASON_EMT_燒燙傷三級%__not_measured,4770,0,0.0
medicine,validation_2024,MISSREASON_EMT_燒燙傷三級%__sentinel,4770,0,0.0
medicine,validation_2024,MISSREASON_EMT_燒燙傷三級%__invalid_or_out_of_range,4770,0,0.0
medicine,validation_2024,EMT_燒燙傷總%,4770,487,0.10209643605870021
medicine,validation_2024,MISS_EMT_燒燙傷總%,4770,0,0.0
medicine,validation_2024,MISSREASON_EMT_燒燙傷總%__source_missing,4770,0,0.0
medicine,validation_2024,MISSREASON_EMT_燒燙傷總%__not_measured,4770,0,0.0
medicine,validation_2024,MISSREASON_EMT_燒燙傷總%__sentinel,4770,0,0.0
medicine,validation_2024,MISSREASON_EMT_燒燙傷總%__invalid_or_out_of_range,4770,0,0.0
medicine,validation_2024,EMT_城市__台北,4770,0,0.0
medicine,validation_2024,EMT_城市__新北,4770,0,0.0
medicine,validation_2024,EMT_城市__OTHER_RARE,4770,0,0.0
medicine,validation_2024,EMT_城市__MISSING,4770,0,0.0
medicine,validation_2024,EMT_性別__女,4770,0,0.0
medicine,validation_2024,EMT_性別__男,4770,0,0.0
medicine,validation_2024,EMT_性別__OTHER_RARE,4770,0,0.0
medicine,validation_2024,EMT_性別__MISSING,4770,0,0.0
medicine,validation_2024,EMT_送醫路由__家屬指定送醫,4770,0,0.0
medicine,validation_2024,EMT_送醫路由__就近適當,4770,0,0.0
medicine,validation_2024,EMT_送醫路由__指揮中心,4770,0,0.0
medicine,validation_2024,EMT_送醫路由__OTHER_RARE,4770,0,0.0
medicine,validation_2024,EMT_送醫路由__MISSING,4770,0,0.0
medicine,validation_2024,EMT_危急個案__0.0,4770,0,0.0
medicine,validation_2024,EMT_危急個案__1.0,4770,0,0.0
medicine,validation_2024,EMT_危急個案__OTHER_RARE,4770,0,0.0
medicine,validation_2024,EMT_危急個案__MISSING,4770,0,0.0
medicine,validation_2024,EMT_發生地區__三峽區,4770,0,0.0
medicine,validation_2024,EMT_發生地區__三重區,4770,0,0.0
medicine,validation_2024,EMT_發生地區__中和區,4770,0,0.0
medicine,validation_2024,EMT_發生地區__土城區,4770,0,0.0
medicine,validation_2024,EMT_發生地區__坪林區,4770,0,0.0
medicine,validation_2024,EMT_發生地區__市文山區,4770,0,0.0
medicine,validation_2024,EMT_發生地區__新店區,4770,0,0.0
medicine,validation_2024,EMT_發生地區__新莊區,4770,0,0.0
medicine,validation_2024,EMT_發生地區__板橋區,4770,0,0.0
medicine,validation_2024,EMT_發生地區__樹林區,4770,0,0.0
medicine,validation_2024,EMT_發生地區__永和區,4770,0,0.0
medicine,validation_2024,EMT_發生地區__深坑區,4770,0,0.0
medicine,validation_2024,EMT_發生地區__烏來區,4770,0,0.0
medicine,validation_2024,EMT_發生地區__石碇區,4770,0,0.0
medicine,validation_2024,EMT_發生地區__蘆洲區,4770,0,0.0
medicine,validation_2024,EMT_發生地區__OTHER_RARE,4770,0,0.0
medicine,validation_2024,EMT_發生地區__MISSING,4770,0,0.0
medicine,validation_2024,EMT_距離_定位信心__Google地標,4770,0,0.0
medicine,validation_2024,EMT_距離_定位信心__區內概略,4770,0,0.0
medicine,validation_2024,EMT_距離_定位信心__國道概略,4770,0,0.0
medicine,validation_2024,EMT_距離_定位信心__無,4770,0,0.0
medicine,validation_2024,EMT_距離_定位信心__號,4770,0,0.0
medicine,validation_2024,EMT_距離_定位信心__路名概略(OSM),4770,0,0.0
medicine,validation_2024,EMT_距離_定位信心__路段中心,4770,0,0.0
medicine,validation_2024,EMT_距離_定位信心__OTHER_RARE,4770,0,0.0
medicine,validation_2024,EMT_距離_定位信心__MISSING,4770,0,0.0
medicine,validation_2024,EMT_現場_意識__否,4770,0,0.0
medicine,validation_2024,EMT_現場_意識__清,4770,0,0.0
medicine,validation_2024,EMT_現場_意識__痛,4770,0,0.0
medicine,validation_2024,EMT_現場_意識__聲,4770,0,0.0
medicine,validation_2024,EMT_現場_意識__OTHER_RARE,4770,0,0.0
medicine,validation_2024,EMT_現場_意識__MISSING,4770,0,0.0
medicine,validation_2024,EMT_派遣分類__BLS,4770,0,0.0
medicine,validation_2024,EMT_派遣分類__OTHER_RARE,4770,0,0.0
medicine,validation_2024,EMT_派遣分類__MISSING,4770,0,0.0
medicine,validation_2024,EMT_派遣原因__救護,4770,0,0.0
medicine,validation_2024,EMT_派遣原因__救護-一般受傷,4770,0,0.0
medicine,validation_2024,EMT_派遣原因__救護-其它,4770,0,0.0
medicine,validation_2024,EMT_派遣原因__救護-割腕,4770,0,0.0
medicine,validation_2024,EMT_派遣原因__救護-吞食藥物,4770,0,0.0
medicine,validation_2024,EMT_派遣原因__救護-孕婦待產,4770,0,0.0
medicine,validation_2024,EMT_派遣原因__救護-急病,4770,0,0.0
medicine,validation_2024,EMT_派遣原因__救護-打架受傷,4770,0,0.0
medicine,validation_2024,EMT_派遣原因__救護-精神異常,4770,0,0.0
medicine,validation_2024,EMT_派遣原因__救護-路倒,4770,0,0.0
medicine,validation_2024,EMT_派遣原因__救護-車禍,4770,0,0.0
medicine,validation_2024,EMT_派遣原因__火警-集合住宅,4770,0,0.0
medicine,validation_2024,EMT_派遣原因__緊急救援-其他,4770,0,0.0
medicine,validation_2024,EMT_派遣原因__緊急救援-車禍救助,4770,0,0.0
medicine,validation_2024,EMT_派遣原因__OTHER_RARE,4770,0,0.0
medicine,validation_2024,EMT_派遣原因__MISSING,4770,0,0.0
medicine,validation_2024,EMT_問卷_創傷導致的主訴群__肢體麻痺,4770,0,0.0
medicine,validation_2024,EMT_問卷_創傷導致的主訴群__背部疼痛,4770,0,0.0
medicine,validation_2024,EMT_問卷_創傷導致的主訴群__胸痛/悶,4770,0,0.0
medicine,validation_2024,EMT_問卷_創傷導致的主訴群__OTHER_RARE,4770,0,0.0
medicine,validation_2024,EMT_問卷_創傷導致的主訴群__MISSING,4770,0,0.0
medicine,validation_2024,EMT_問卷_頸椎固定__GCS<15,4770,0,0.0
medicine,validation_2024,EMT_問卷_頸椎固定__檢查無明顯異常,4770,0,0.0
medicine,validation_2024,EMT_問卷_頸椎固定__肢體運動感覺異常,4770,0,0.0
medicine,validation_2024,EMT_問卷_頸椎固定__轉向困難,4770,0,0.0
medicine,validation_2024,EMT_問卷_頸椎固定__頸椎瘀青疼痛,4770,0,0.0
medicine,validation_2024,EMT_問卷_頸椎固定__OTHER_RARE,4770,0,0.0
medicine,validation_2024,EMT_問卷_頸椎固定__MISSING,4770,0,0.0
medicine,validation_2024,EMT_問卷_膚色__其他,4770,0,0.0
medicine,validation_2024,EMT_問卷_膚色__正常,4770,0,0.0
medicine,validation_2024,EMT_問卷_膚色__溼冷,4770,0,0.0
medicine,validation_2024,EMT_問卷_膚色__潮紅,4770,0,0.0
medicine,validation_2024,EMT_問卷_膚色__發紺,4770,0,0.0
medicine,validation_2024,EMT_問卷_膚色__蒼白,4770,0,0.0
medicine,validation_2024,EMT_問卷_膚色__蒼白、溼冷,4770,0,0.0
medicine,validation_2024,EMT_問卷_膚色__黃疸,4770,0,0.0
medicine,validation_2024,EMT_問卷_膚色__OTHER_RARE,4770,0,0.0
medicine,validation_2024,EMT_問卷_膚色__MISSING,4770,0,0.0
medicine,validation_2024,EMT_問卷_左瞳孔光反射__+,4770,0,0.0
medicine,validation_2024,EMT_問卷_左瞳孔光反射__-,4770,0,0.0
medicine,validation_2024,EMT_問卷_左瞳孔光反射__無法測量,4770,0,0.0
medicine,validation_2024,EMT_問卷_左瞳孔光反射__眼疾,4770,0,0.0
medicine,validation_2024,EMT_問卷_左瞳孔光反射__OTHER_RARE,4770,0,0.0
medicine,validation_2024,EMT_問卷_左瞳孔光反射__MISSING,4770,0,0.0
medicine,validation_2024,EMT_問卷_右瞳孔光反射__+,4770,0,0.0
medicine,validation_2024,EMT_問卷_右瞳孔光反射__-,4770,0,0.0
medicine,validation_2024,EMT_問卷_右瞳孔光反射__無法測量,4770,0,0.0
medicine,validation_2024,EMT_問卷_右瞳孔光反射__眼疾,4770,0,0.0
medicine,validation_2024,EMT_問卷_右瞳孔光反射__OTHER_RARE,4770,0,0.0
medicine,validation_2024,EMT_問卷_右瞳孔光反射__MISSING,4770,0,0.0
medicine,validation_2024,EMT_問卷_氣管位置__其他,4770,0,0.0
medicine,validation_2024,EMT_問卷_氣管位置__正常,4770,0,0.0
medicine,validation_2024,EMT_問卷_氣管位置__OTHER_RARE,4770,0,0.0
medicine,validation_2024,EMT_問卷_氣管位置__MISSING,4770,0,0.0
medicine,validation_2024,EMT_問卷_頸靜脈怒張__其他,4770,0,0.0
medicine,validation_2024,EMT_問卷_頸靜脈怒張__有,4770,0,0.0
medicine,validation_2024,EMT_問卷_頸靜脈怒張__無,4770,0,0.0
medicine,validation_2024,EMT_問卷_頸靜脈怒張__OTHER_RARE,4770,0,0.0
medicine,validation_2024,EMT_問卷_頸靜脈怒張__MISSING,4770,0,0.0
medicine,validation_2024,EMT_問卷_血糖狀態__High,4770,0,0.0
medicine,validation_2024,EMT_問卷_血糖狀態__Low,4770,0,0.0
medicine,validation_2024,EMT_問卷_血糖狀態__否,4770,0,0.0
medicine,validation_2024,EMT_問卷_血糖狀態__否、其他,4770,0,0.0
medicine,validation_2024,EMT_問卷_血糖狀態__否、創傷,4770,0,0.0
medicine,validation_2024,EMT_問卷_血糖狀態__否、拒絕,4770,0,0.0
medicine,validation_2024,EMT_問卷_血糖狀態__否、躁動,4770,0,0.0
medicine,validation_2024,EMT_問卷_血糖狀態__血糖值紀錄,4770,0,0.0
medicine,validation_2024,EMT_問卷_血糖狀態__OTHER_RARE,4770,0,0.0
medicine,validation_2024,EMT_問卷_血糖狀態__MISSING,4770,0,0.0
medicine,validation_2024,EMT_問卷_靜脈輸液種類__0.9%N.S.,4770,0,0.0
medicine,validation_2024,EMT_問卷_靜脈輸液種類__5%G.W.,4770,0,0.0
medicine,validation_2024,EMT_問卷_靜脈輸液種類__50%G.W.,4770,0,0.0
medicine,validation_2024,EMT_問卷_靜脈輸液種類__IV,4770,0,0.0
medicine,validation_2024,EMT_問卷_靜脈輸液種類__OTHER_RARE,4770,0,0.0
medicine,validation_2024,EMT_問卷_靜脈輸液種類__MISSING,4770,0,0.0
medicine,validation_2024,EMT_推定派遣類別__中毒/自傷,4770,0,0.0
medicine,validation_2024,EMT_推定派遣類別__交通事故傷,4770,0,0.0
medicine,validation_2024,EMT_推定派遣類別__內科急病,4770,0,0.0
medicine,validation_2024,EMT_推定派遣類別__其他外傷,4770,0,0.0
medicine,validation_2024,EMT_推定派遣類別__精神行為異常,4770,0,0.0
medicine,validation_2024,EMT_推定派遣類別__路倒/無意識,4770,0,0.0
medicine,validation_2024,EMT_推定派遣類別__OTHER_RARE,4770,0,0.0
medicine,validation_2024,EMT_推定派遣類別__MISSING,4770,0,0.0
medicine,validation_2024,EMT_有燒燙傷__False,4770,0,0.0
medicine,validation_2024,EMT_有燒燙傷__True,4770,0,0.0
medicine,validation_2024,EMT_有燒燙傷__OTHER_RARE,4770,0,0.0
medicine,validation_2024,EMT_有燒燙傷__MISSING,4770,0,0.0
medicine,validation_2024,EMT_心律臆斷__Atrial fibrillation,4770,0,0.0
medicine,validation_2024,EMT_心律臆斷__Normal Sinus Rhythm,4770,0,0.0
medicine,validation_2024,EMT_心律臆斷__ST段下降,4770,0,0.0
medicine,validation_2024,EMT_心律臆斷__Sinus Bradycardia,4770,0,0.0
medicine,validation_2024,EMT_心律臆斷__Sinus Tachycardia,4770,0,0.0
medicine,validation_2024,EMT_心律臆斷__其他波形,4770,0,0.0
medicine,validation_2024,EMT_心律臆斷__OTHER_RARE,4770,0,0.0
medicine,validation_2024,EMT_心律臆斷__MISSING,4770,0,0.0
medicine,validation_2024,"EMT_台北_創傷類型__創傷-一般外傷,肢體外傷,摔跌傷",4770,0,0.0
medicine,validation_2024,"EMT_台北_創傷類型__創傷-一般外傷,頭部外傷,摔跌傷",4770,0,0.0
medicine,validation_2024,EMT_台北_創傷類型__創傷-交通事故(機車),4770,0,0.0
medicine,validation_2024,"EMT_台北_創傷類型__非創傷-一般疾病,噁心嘔吐腹瀉",4770,0,0.0
medicine,validation_2024,"EMT_台北_創傷類型__非創傷-一般疾病,肢體無力",4770,0,0.0
medicine,validation_2024,"EMT_台北_創傷類型__非創傷-一般疾病,頭痛頭暈昏倒昏厥",4770,0,0.0
medicine,validation_2024,EMT_台北_創傷類型__非創傷-呼吸問題,4770,0,0.0
medicine,validation_2024,EMT_台北_創傷類型__非創傷-昏迷,4770,0,0.0
medicine,validation_2024,EMT_台北_創傷類型__非創傷-腹痛,4770,0,0.0
medicine,validation_2024,EMT_台北_創傷類型__OTHER_RARE,4770,0,0.0
medicine,validation_2024,EMT_台北_創傷類型__MISSING,4770,0,0.0
medicine,validation_2024,EMT_特殊表類型__OHCA,4770,0,0.0
medicine,validation_2024,EMT_特殊表類型__呼吸喘/慢/使用呼吸輔助肌肉,4770,0,0.0
medicine,validation_2024,EMT_特殊表類型__心臟不適,4770,0,0.0
medicine,validation_2024,EMT_特殊表類型__癲癇重積,4770,0,0.0
medicine,validation_2024,EMT_特殊表類型__腦中風評估,4770,0,0.0
medicine,validation_2024,EMT_特殊表類型__過敏性休克,4770,0,0.0
medicine,validation_2024,EMT_特殊表類型__OTHER_RARE,4770,0,0.0
medicine,validation_2024,EMT_特殊表類型__MISSING,4770,0,0.0
medicine,validation_2024,EMT_台北_心梗登錄__OTHER_RARE,4770,0,0.0
medicine,validation_2024,EMT_台北_心梗登錄__MISSING,4770,0,0.0
medicine,validation_2024,EMT_台北_中風登錄__OTHER_RARE,4770,0,0.0
medicine,validation_2024,EMT_台北_中風登錄__MISSING,4770,0,0.0
medicine,validation_2024,EMT_台北_CPR停止登錄__OTHER_RARE,4770,0,0.0
medicine,validation_2024,EMT_台北_CPR停止登錄__MISSING,4770,0,0.0
medicine,validation_2024,EMT_問卷_交通事故患者__乘客,4770,0,0.0
medicine,validation_2024,EMT_問卷_交通事故患者__行人,4770,0,0.0
medicine,validation_2024,EMT_問卷_交通事故患者__駕駛,4770,0,0.0
medicine,validation_2024,EMT_問卷_交通事故患者__OTHER_RARE,4770,0,0.0
medicine,validation_2024,EMT_問卷_交通事故患者__MISSING,4770,0,0.0
medicine,validation_2024,EMT_問卷_交通事故種類__人,4770,0,0.0
medicine,validation_2024,EMT_問卷_交通事故種類__人、其他,4770,0,0.0
medicine,validation_2024,EMT_問卷_交通事故種類__其他,4770,0,0.0
medicine,validation_2024,EMT_問卷_交通事故種類__機車,4770,0,0.0
medicine,validation_2024,EMT_問卷_交通事故種類__機車、人,4770,0,0.0
medicine,validation_2024,EMT_問卷_交通事故種類__機車、人、其他,4770,0,0.0
medicine,validation_2024,EMT_問卷_交通事故種類__機車、其他,4770,0,0.0
medicine,validation_2024,EMT_問卷_交通事故種類__機車、腳踏車,4770,0,0.0
medicine,validation_2024,EMT_問卷_交通事故種類__機車、腳踏車、其他,4770,0,0.0
medicine,validation_2024,EMT_問卷_交通事故種類__汽車,4770,0,0.0
medicine,validation_2024,EMT_問卷_交通事故種類__汽車、人,4770,0,0.0
medicine,validation_2024,EMT_問卷_交通事故種類__汽車、人、其他,4770,0,0.0
medicine,validation_2024,EMT_問卷_交通事故種類__汽車、其他,4770,0,0.0
medicine,validation_2024,EMT_問卷_交通事故種類__汽車、機車,4770,0,0.0
medicine,validation_2024,EMT_問卷_交通事故種類__汽車、機車、其他,4770,0,0.0
medicine,validation_2024,EMT_問卷_交通事故種類__汽車、腳踏車,4770,0,0.0
medicine,validation_2024,EMT_問卷_交通事故種類__腳踏車,4770,0,0.0
medicine,validation_2024,EMT_問卷_交通事故種類__腳踏車、其他,4770,0,0.0
medicine,validation_2024,EMT_問卷_交通事故種類__OTHER_RARE,4770,0,0.0
medicine,validation_2024,EMT_問卷_交通事故種類__MISSING,4770,0,0.0
medicine,validation_2024,EMT_問卷_保護裝置狀態__安全帶,4770,0,0.0
medicine,validation_2024,EMT_問卷_保護裝置狀態__安全帽,4770,0,0.0
medicine,validation_2024,EMT_問卷_保護裝置狀態__無,4770,0,0.0
medicine,validation_2024,EMT_問卷_保護裝置狀態__OTHER_RARE,4770,0,0.0
medicine,validation_2024,EMT_問卷_保護裝置狀態__MISSING,4770,0,0.0
medicine,validation_2024,EMT_問卷_非交通事故種類__其他,4770,0,0.0
medicine,validation_2024,EMT_問卷_非交通事故種類__切割,4770,0,0.0
medicine,validation_2024,EMT_問卷_非交通事故種類__墜落,4770,0,0.0
medicine,validation_2024,EMT_問卷_非交通事故種類__壓夾,4770,0,0.0
medicine,validation_2024,EMT_問卷_非交通事故種類__撞擊,4770,0,0.0
medicine,validation_2024,EMT_問卷_非交通事故種類__生物咬螫,4770,0,0.0
medicine,validation_2024,EMT_問卷_非交通事故種類__跌摔,4770,0,0.0
medicine,validation_2024,EMT_問卷_非交通事故種類__鈍毆,4770,0,0.0
medicine,validation_2024,EMT_問卷_非交通事故種類__OTHER_RARE,4770,0,0.0
medicine,validation_2024,EMT_問卷_非交通事故種類__MISSING,4770,0,0.0
medicine,validation_2024,EMT_問卷_危急個案__否,4770,0,0.0
medicine,validation_2024,EMT_問卷_危急個案__是,4770,0,0.0
medicine,validation_2024,EMT_問卷_危急個案__OTHER_RARE,4770,0,0.0
medicine,validation_2024,EMT_問卷_危急個案__MISSING,4770,0,0.0
medicine,validation_2024,EMT_現場_意識_AVPU,4770,0,0.0
medicine,validation_2024,EMT_過去病史__HIV(+),4770,0,0.0
medicine,validation_2024,EMT_過去病史__不詳,4770,0,0.0
medicine,validation_2024,EMT_過去病史__其他,4770,0,0.0
medicine,validation_2024,EMT_過去病史__心臟疾病,4770,0,0.0
medicine,validation_2024,EMT_過去病史__惡性腫瘤,4770,0,0.0
medicine,validation_2024,EMT_過去病史__氣喘,4770,0,0.0
medicine,validation_2024,EMT_過去病史__癲癇,4770,0,0.0
medicine,validation_2024,EMT_過去病史__精神疾病,4770,0,0.0
medicine,validation_2024,EMT_過去病史__糖尿病,4770,0,0.0
medicine,validation_2024,EMT_過去病史__肝臟疾病,4770,0,0.0
medicine,validation_2024,EMT_過去病史__肺臟疾病,4770,0,0.0
medicine,validation_2024,EMT_過去病史__腎臟疾病,4770,0,0.0
medicine,validation_2024,EMT_過去病史__腦血管疾病,4770,0,0.0
medicine,validation_2024,EMT_過去病史__高血壓,4770,0,0.0
medicine,validation_2024,EMT_過去病史__OTHER_RARE,4770,0,0.0
medicine,validation_2024,EMT_過去病史__source_available,4770,0,0.0
medicine,validation_2024,EMT_過去病史__explicit_none,4770,0,0.0
medicine,validation_2024,EMT_過去病史__source_missing,4770,0,0.0
medicine,validation_2024,EMT_過敏史__不清楚,4770,0,0.0
medicine,validation_2024,EMT_過敏史__不詳,4770,0,0.0
medicine,validation_2024,EMT_過敏史__其他,4770,0,0.0
medicine,validation_2024,EMT_過敏史__藥物,4770,0,0.0
medicine,validation_2024,EMT_過敏史__食物,4770,0,0.0
medicine,validation_2024,EMT_過敏史__OTHER_RARE,4770,0,0.0
medicine,validation_2024,EMT_過敏史__source_available,4770,0,0.0
medicine,validation_2024,EMT_過敏史__explicit_none,4770,0,0.0
medicine,validation_2024,EMT_過敏史__source_missing,4770,0,0.0
medicine,validation_2024,EMT_主訴_結構化__OHCA,4770,0,0.0
medicine,validation_2024,EMT_主訴_結構化__上腹痛,4770,0,0.0
medicine,validation_2024,EMT_主訴_結構化__下腹痛,4770,0,0.0
medicine,validation_2024,EMT_主訴_結構化__其他,4770,0,0.0
medicine,validation_2024,EMT_主訴_結構化__冒冷汗,4770,0,0.0
medicine,validation_2024,EMT_主訴_結構化__吐.咳血,4770,0,0.0
medicine,validation_2024,EMT_主訴_結構化__呼吸喘.慢.使用輔助肌,4770,0,0.0
medicine,validation_2024,EMT_主訴_結構化__呼吸道梗塞,4770,0,0.0
medicine,validation_2024,EMT_主訴_結構化__嘔吐.噁心,4770,0,0.0
medicine,validation_2024,EMT_主訴_結構化__心臟不適,4770,0,0.0
medicine,validation_2024,EMT_主訴_結構化__急產,4770,0,0.0
medicine,validation_2024,EMT_主訴_結構化__急產（接生）,4770,0,0.0
medicine,validation_2024,EMT_主訴_結構化__挫.擦傷,4770,0,0.0
medicine,validation_2024,EMT_主訴_結構化__撕裂.切割傷,4770,0,0.0
medicine,validation_2024,EMT_主訴_結構化__斷肢,4770,0,0.0
medicine,validation_2024,EMT_主訴_結構化__昏厥,4770,0,0.0
medicine,validation_2024,EMT_主訴_結構化__無意識.意識不清,4770,0,0.0
medicine,validation_2024,EMT_主訴_結構化__燒燙傷,4770,0,0.0
medicine,validation_2024,EMT_主訴_結構化__疑似一氧化碳中毒,4770,0,0.0
medicine,validation_2024,EMT_主訴_結構化__疑似毒物.氣中毒,4770,0,0.0
medicine,validation_2024,EMT_主訴_結構化__疑似藥物過量,4770,0,0.0
medicine,validation_2024,EMT_主訴_結構化__癲癇.抽搐,4770,0,0.0
medicine,validation_2024,EMT_主訴_結構化__發燒.發冷,4770,0,0.0
medicine,validation_2024,EMT_主訴_結構化__碎裂傷,4770,0,0.0
medicine,validation_2024,EMT_主訴_結構化__穿刺傷,4770,0,0.0
medicine,validation_2024,EMT_主訴_結構化__肢體無力,4770,0,0.0
medicine,validation_2024,EMT_主訴_結構化__肢體疼痛,4770,0,0.0
medicine,validation_2024,EMT_主訴_結構化__肢體麻痺,4770,0,0.0
medicine,validation_2024,EMT_主訴_結構化__背.肩痛,4770,0,0.0
medicine,validation_2024,EMT_主訴_結構化__胸痛.悶,4770,0,0.0
medicine,validation_2024,EMT_主訴_結構化__腹瀉,4770,0,0.0
medicine,validation_2024,EMT_主訴_結構化__虛弱,4770,0,0.0
medicine,validation_2024,EMT_主訴_結構化__血便.尿,4770,0,0.0
medicine,validation_2024,EMT_主訴_結構化__血腫,4770,0,0.0
medicine,validation_2024,EMT_主訴_結構化__行為神智異常,4770,0,0.0
medicine,validation_2024,EMT_主訴_結構化__過敏,4770,0,0.0
medicine,validation_2024,EMT_主訴_結構化__非外傷出血,4770,0,0.0
medicine,validation_2024,EMT_主訴_結構化__頭暈,4770,0,0.0
medicine,validation_2024,EMT_主訴_結構化__頭痛,4770,0,0.0
medicine,validation_2024,EMT_主訴_結構化__骨折.脫位,4770,0,0.0
medicine,validation_2024,EMT_主訴_結構化__OTHER_RARE,4770,0,0.0
medicine,validation_2024,EMT_主訴_結構化__source_available,4770,0,0.0
medicine,validation_2024,EMT_主訴_結構化__explicit_none,4770,0,0.0
medicine,validation_2024,EMT_主訴_結構化__source_missing,4770,0,0.0
medicine,validation_2024,EMT_紅旗__DNR.放棄急救,4770,0,0.0
medicine,validation_2024,EMT_紅旗__休克.低血壓,4770,0,0.0
medicine,validation_2024,EMT_紅旗__呼吸窘迫.低血氧,4770,0,0.0
medicine,validation_2024,EMT_紅旗__大出血,4770,0,0.0
medicine,validation_2024,EMT_紅旗__心跳呼吸停止.PEA,4770,0,0.0
medicine,validation_2024,EMT_紅旗__意識改變,4770,0,0.0
medicine,validation_2024,EMT_紅旗__抽搐,4770,0,0.0
medicine,validation_2024,EMT_紅旗__疑似中風,4770,0,0.0
medicine,validation_2024,EMT_紅旗__胸痛疑似ACS,4770,0,0.0
medicine,validation_2024,EMT_紅旗__OTHER_RARE,4770,0,0.0
medicine,validation_2024,EMT_紅旗__source_available,4770,0,0.0
medicine,validation_2024,EMT_紅旗__explicit_none,4770,0,0.0
medicine,validation_2024,EMT_紅旗__source_missing,4770,0,0.0
medicine,validation_2024,EMT_創傷機轉_合併__交通-機車,4770,0,0.0
medicine,validation_2024,EMT_創傷機轉_合併__交通-汽車,4770,0,0.0
medicine,validation_2024,EMT_創傷機轉_合併__交通-腳踏車,4770,0,0.0
medicine,validation_2024,EMT_創傷機轉_合併__交通-行人,4770,0,0.0
medicine,validation_2024,EMT_創傷機轉_合併__其他外傷,4770,0,0.0
medicine,validation_2024,EMT_創傷機轉_合併__燒燙,4770,0,0.0
medicine,validation_2024,EMT_創傷機轉_合併__生物咬螫,4770,0,0.0
medicine,validation_2024,EMT_創傷機轉_合併__穿刺切割,4770,0,0.0
medicine,validation_2024,EMT_創傷機轉_合併__跌落墜落,4770,0,0.0
medicine,validation_2024,EMT_創傷機轉_合併__鈍傷撞擊,4770,0,0.0
medicine,validation_2024,EMT_創傷機轉_合併__OTHER_RARE,4770,0,0.0
medicine,validation_2024,EMT_創傷機轉_合併__source_available,4770,0,0.0
medicine,validation_2024,EMT_創傷機轉_合併__explicit_none,4770,0,0.0
medicine,validation_2024,EMT_創傷機轉_合併__source_missing,4770,0,0.0
medicine,validation_2024,EMT_處置_合併__CPR,4770,0,0.0
medicine,validation_2024,EMT_處置_合併__保暖,4770,0,0.0
medicine,validation_2024,EMT_處置_合併__傷口處置,4770,0,0.0
medicine,validation_2024,EMT_處置_合併__固定,4770,0,0.0
medicine,validation_2024,EMT_處置_合併__心理支持,4770,0,0.0
medicine,validation_2024,EMT_處置_合併__生命徵象監測,4770,0,0.0
medicine,validation_2024,EMT_處置_合併__給氧,4770,0,0.0
medicine,validation_2024,EMT_處置_合併__給藥,4770,0,0.0
medicine,validation_2024,EMT_處置_合併__OTHER_RARE,4770,0,0.0
medicine,validation_2024,EMT_處置_合併__source_available,4770,0,0.0
medicine,validation_2024,EMT_處置_合併__explicit_none,4770,0,0.0
medicine,validation_2024,EMT_處置_合併__source_missing,4770,0,0.0
medicine,validation_2024,EMT_特殊表登錄_合併__ACS,4770,0,0.0
medicine,validation_2024,EMT_特殊表登錄_合併__CVA,4770,0,0.0
medicine,validation_2024,EMT_特殊表登錄_合併__OHCA,4770,0,0.0
medicine,validation_2024,EMT_特殊表登錄_合併__呼吸窘迫,4770,0,0.0
medicine,validation_2024,EMT_特殊表登錄_合併__癲癇重積,4770,0,0.0
medicine,validation_2024,EMT_特殊表登錄_合併__過敏性休克,4770,0,0.0
medicine,validation_2024,EMT_特殊表登錄_合併__OTHER_RARE,4770,0,0.0
medicine,validation_2024,EMT_特殊表登錄_合併__source_available,4770,0,0.0
medicine,validation_2024,EMT_特殊表登錄_合併__explicit_none,4770,0,0.0
medicine,validation_2024,EMT_特殊表登錄_合併__source_missing,4770,0,0.0
medicine,validation_2024,EMT_問卷_一般處置__下肢抬高,4770,0,0.0
medicine,validation_2024,EMT_問卷_一般處置__保暖,4770,0,0.0
medicine,validation_2024,EMT_問卷_一般處置__其他,4770,0,0.0
medicine,validation_2024,EMT_問卷_一般處置__半坐臥,4770,0,0.0
medicine,validation_2024,EMT_問卷_一般處置__心律監視,4770,0,0.0
medicine,validation_2024,EMT_問卷_一般處置__心理支持,4770,0,0.0
medicine,validation_2024,EMT_問卷_一般處置__生命徵象監測,4770,0,0.0
medicine,validation_2024,EMT_問卷_一般處置__生產/左側臥,4770,0,0.0
medicine,validation_2024,EMT_問卷_一般處置__OTHER_RARE,4770,0,0.0
medicine,validation_2024,EMT_問卷_一般處置__source_available,4770,0,0.0
medicine,validation_2024,EMT_問卷_一般處置__explicit_none,4770,0,0.0
medicine,validation_2024,EMT_問卷_一般處置__source_missing,4770,0,0.0
medicine,validation_2024,EMT_問卷_呼吸給氧裝置__NRM,4770,0,0.0
medicine,validation_2024,EMT_問卷_呼吸給氧裝置__口咽呼吸道,4770,0,0.0
medicine,validation_2024,EMT_問卷_呼吸給氧裝置__正壓給氧,4770,0,0.0
medicine,validation_2024,EMT_問卷_呼吸給氧裝置__氧氣面罩,4770,0,0.0
medicine,validation_2024,EMT_問卷_呼吸給氧裝置__氧氣鼻管,4770,0,0.0
medicine,validation_2024,EMT_問卷_呼吸給氧裝置__鼻咽呼吸道,4770,0,0.0
medicine,validation_2024,EMT_問卷_呼吸給氧裝置__OTHER_RARE,4770,0,0.0
medicine,validation_2024,EMT_問卷_呼吸給氧裝置__source_available,4770,0,0.0
medicine,validation_2024,EMT_問卷_呼吸給氧裝置__explicit_none,4770,0,0.0
medicine,validation_2024,EMT_問卷_呼吸給氧裝置__source_missing,4770,0,0.0
medicine,validation_2024,EMT_問卷_創傷處置__KED固定,4770,0,0.0
medicine,validation_2024,EMT_問卷_創傷處置__包紮止血,4770,0,0.0
medicine,validation_2024,EMT_問卷_創傷處置__夾板\三角巾,4770,0,0.0
medicine,validation_2024,EMT_問卷_創傷處置__抽吸式護木,4770,0,0.0
medicine,validation_2024,EMT_問卷_創傷處置__清洗傷口,4770,0,0.0
medicine,validation_2024,EMT_問卷_創傷處置__長背板\頭部固定,4770,0,0.0
medicine,validation_2024,EMT_問卷_創傷處置__頸圈,4770,0,0.0
medicine,validation_2024,EMT_問卷_創傷處置__OTHER_RARE,4770,0,0.0
medicine,validation_2024,EMT_問卷_創傷處置__source_available,4770,0,0.0
medicine,validation_2024,EMT_問卷_創傷處置__explicit_none,4770,0,0.0
medicine,validation_2024,EMT_問卷_創傷處置__source_missing,4770,0,0.0
medicine,validation_2024,EMT_問卷_加護處置__0.9%N.S.,4770,0,0.0
medicine,validation_2024,EMT_問卷_加護處置__5%G.W.,4770,0,0.0
medicine,validation_2024,EMT_問卷_加護處置__50%G.W.,4770,0,0.0
medicine,validation_2024,EMT_問卷_加護處置__Berotec支氣管擴張劑,4770,0,0.0
medicine,validation_2024,EMT_問卷_加護處置__IV,4770,0,0.0
medicine,validation_2024,EMT_問卷_加護處置__不建議AED電擊,4770,0,0.0
medicine,validation_2024,EMT_問卷_加護處置__糖粉（水）,4770,0,0.0
medicine,validation_2024,EMT_問卷_加護處置__OTHER_RARE,4770,0,0.0
medicine,validation_2024,EMT_問卷_加護處置__source_available,4770,0,0.0
medicine,validation_2024,EMT_問卷_加護處置__explicit_none,4770,0,0.0
medicine,validation_2024,EMT_問卷_加護處置__source_missing,4770,0,0.0
medicine,validation_2024,EMT_台北_呼吸處置__OTHER_RARE,4770,0,0.0
medicine,validation_2024,EMT_台北_呼吸處置__source_available,4770,0,0.0
medicine,validation_2024,EMT_台北_呼吸處置__explicit_none,4770,0,0.0
medicine,validation_2024,EMT_台北_呼吸處置__source_missing,4770,0,0.0
medicine,validation_2024,EMT_台北_CPR處置__OTHER_RARE,4770,0,0.0
medicine,validation_2024,EMT_台北_CPR處置__source_available,4770,0,0.0
medicine,validation_2024,EMT_台北_CPR處置__explicit_none,4770,0,0.0
medicine,validation_2024,EMT_台北_CPR處置__source_missing,4770,0,0.0
medicine,validation_2024,EMT_台北_藥物處置__OTHER_RARE,4770,0,0.0
medicine,validation_2024,EMT_台北_藥物處置__source_available,4770,0,0.0
medicine,validation_2024,EMT_台北_藥物處置__explicit_none,4770,0,0.0
medicine,validation_2024,EMT_台北_藥物處置__source_missing,4770,0,0.0
medicine,validation_2024,EMT_台北_創傷處置__包紮,4770,0,0.0
medicine,validation_2024,EMT_台北_創傷處置__止血,4770,0,0.0
medicine,validation_2024,EMT_台北_創傷處置__清洗傷口,4770,0,0.0
medicine,validation_2024,EMT_台北_創傷處置__OTHER_RARE,4770,0,0.0
medicine,validation_2024,EMT_台北_創傷處置__source_available,4770,0,0.0
medicine,validation_2024,EMT_台北_創傷處置__explicit_none,4770,0,0.0
medicine,validation_2024,EMT_台北_創傷處置__source_missing,4770,0,0.0
medicine,validation_2024,EMT_台北_後送姿勢__半坐臥,4770,0,0.0
medicine,validation_2024,EMT_台北_後送姿勢__平躺,4770,0,0.0
medicine,validation_2024,EMT_台北_後送姿勢__OTHER_RARE,4770,0,0.0
medicine,validation_2024,EMT_台北_後送姿勢__source_available,4770,0,0.0
medicine,validation_2024,EMT_台北_後送姿勢__explicit_none,4770,0,0.0
medicine,validation_2024,EMT_台北_後送姿勢__source_missing,4770,0,0.0
medicine,validation_2024,EMT_台北_其他處置__保暖,4770,0,0.0
medicine,validation_2024,EMT_台北_其他處置__心理支持,4770,0,0.0
medicine,validation_2024,EMT_台北_其他處置__OTHER_RARE,4770,0,0.0
medicine,validation_2024,EMT_台北_其他處置__source_available,4770,0,0.0
medicine,validation_2024,EMT_台北_其他處置__explicit_none,4770,0,0.0
medicine,validation_2024,EMT_台北_其他處置__source_missing,4770,0,0.0
medicine,validation_2024,EMT_台北_給藥__OTHER_RARE,4770,0,0.0
medicine,validation_2024,EMT_台北_給藥__source_available,4770,0,0.0
medicine,validation_2024,EMT_台北_給藥__explicit_none,4770,0,0.0
medicine,validation_2024,EMT_台北_給藥__source_missing,4770,0,0.0
medicine,validation_2024,EMT_補述_紅旗__DNR.放棄急救,4770,0,0.0
medicine,validation_2024,EMT_補述_紅旗__休克.低血壓,4770,0,0.0
medicine,validation_2024,EMT_補述_紅旗__呼吸窘迫.低血氧,4770,0,0.0
medicine,validation_2024,EMT_補述_紅旗__大出血,4770,0,0.0
medicine,validation_2024,EMT_補述_紅旗__心跳呼吸停止.PEA,4770,0,0.0
medicine,validation_2024,EMT_補述_紅旗__意識改變,4770,0,0.0
medicine,validation_2024,EMT_補述_紅旗__抽搐,4770,0,0.0
medicine,validation_2024,EMT_補述_紅旗__疑似中風,4770,0,0.0
medicine,validation_2024,EMT_補述_紅旗__胸痛疑似ACS,4770,0,0.0
medicine,validation_2024,EMT_補述_紅旗__OTHER_RARE,4770,0,0.0
medicine,validation_2024,EMT_補述_紅旗__source_available,4770,0,0.0
medicine,validation_2024,EMT_補述_紅旗__explicit_none,4770,0,0.0
medicine,validation_2024,EMT_補述_紅旗__source_missing,4770,0,0.0
medicine,validation_2024,EMT_問卷_過去病史__HIV(+),4770,0,0.0
medicine,validation_2024,EMT_問卷_過去病史__不詳,4770,0,0.0
medicine,validation_2024,EMT_問卷_過去病史__其他,4770,0,0.0
medicine,validation_2024,EMT_問卷_過去病史__心臟疾病,4770,0,0.0
medicine,validation_2024,EMT_問卷_過去病史__惡性腫瘤,4770,0,0.0
medicine,validation_2024,EMT_問卷_過去病史__氣喘,4770,0,0.0
medicine,validation_2024,EMT_問卷_過去病史__癲癇,4770,0,0.0
medicine,validation_2024,EMT_問卷_過去病史__精神疾病,4770,0,0.0
medicine,validation_2024,EMT_問卷_過去病史__糖尿病,4770,0,0.0
medicine,validation_2024,EMT_問卷_過去病史__肝臟疾病,4770,0,0.0
medicine,validation_2024,EMT_問卷_過去病史__肺臟疾病,4770,0,0.0
medicine,validation_2024,EMT_問卷_過去病史__腎臟疾病,4770,0,0.0
medicine,validation_2024,EMT_問卷_過去病史__腦血管疾病,4770,0,0.0
medicine,validation_2024,EMT_問卷_過去病史__高血壓,4770,0,0.0
medicine,validation_2024,EMT_問卷_過去病史__OTHER_RARE,4770,0,0.0
medicine,validation_2024,EMT_問卷_過去病史__source_available,4770,0,0.0
medicine,validation_2024,EMT_問卷_過去病史__explicit_none,4770,0,0.0
medicine,validation_2024,EMT_問卷_過去病史__source_missing,4770,0,0.0
medicine,validation_2024,EMT_問卷_過敏史__不詳,4770,0,0.0
medicine,validation_2024,EMT_問卷_過敏史__其他,4770,0,0.0
medicine,validation_2024,EMT_問卷_過敏史__藥物,4770,0,0.0
medicine,validation_2024,EMT_問卷_過敏史__食物,4770,0,0.0
medicine,validation_2024,EMT_問卷_過敏史__OTHER_RARE,4770,0,0.0
medicine,validation_2024,EMT_問卷_過敏史__source_available,4770,0,0.0
medicine,validation_2024,EMT_問卷_過敏史__explicit_none,4770,0,0.0
medicine,validation_2024,EMT_問卷_過敏史__source_missing,4770,0,0.0
medicine,validation_2024,has_oxygen,4770,3724,0.780712788259958
medicine,validation_2024,has_ventilatory_support,4770,3708,0.7773584905660378
medicine,validation_2024,has_airway_adjunct,4770,3708,0.7773584905660378
medicine,validation_2024,has_advanced_airway,4770,3708,0.7773584905660378
medicine,validation_2024,has_ALS_procedure,4770,3872,0.8117400419287212
medicine,validation_2024,EMT_現場_收縮壓_ord,4770,56,0.011740041928721174
medicine,validation_2024,EMT_現場_收縮壓_for_score,4770,145,0.03039832285115304
medicine,validation_2024,EMT_車上_收縮壓_for_score,4770,628,0.13165618448637317
medicine,validation_2024,EMT_現場_收縮壓_unmeasurable,4770,0,0.0
medicine,validation_2024,EMT_車上_收縮壓_unmeasurable,4770,0,0.0
medicine,validation_2024,MISS_EMT_現場_收縮壓_for_score,4770,0,0.0
medicine,validation_2024,MISS_EMT_車上_收縮壓_for_score,4770,0,0.0
medicine,validation_2024,prehosp_sbp,4770,113,0.02368972746331237
medicine,validation_2024,prehosp_dbp,4770,764,0.16016771488469603
medicine,validation_2024,prehosp_hr,4770,138,0.028930817610062894
medicine,validation_2024,prehosp_rr,4770,138,0.028930817610062894
medicine,validation_2024,prehosp_spo2,4770,146,0.030607966457023062
medicine,validation_2024,prehosp_bt,4770,142,0.029769392033542976
medicine,validation_2024,prehosp_gcs,4770,192,0.04025157232704402
medicine,validation_2024,prehosp_gcs_e,4770,186,0.0389937106918239
medicine,validation_2024,prehosp_gcs_v,4770,191,0.04004192872117401
medicine,validation_2024,prehosp_gcs_m,4770,185,0.03878406708595388
medicine,validation_2024,is_OHCA_hr0,4770,0,0.0
medicine,validation_2024,現場時間,4770,12,0.0025157232704402514
medicine,validation_2024,運送時間,4770,12,0.0025157232704402514
medicine,validation_2024,派遣時間,4770,490,0.10272536687631027
medicine,validation_2024,總到院前時間,4770,490,0.10272536687631027
medicine,validation_2024,MISS_現場時間,4770,0,0.0
medicine,validation_2024,MISS_運送時間,4770,0,0.0
medicine,validation_2024,MISS_派遣時間,4770,0,0.0
medicine,validation_2024,MISS_總到院前時間,4770,0,0.0
medicine,validation_2024,MAP,4770,764,0.16016771488469603
medicine,validation_2024,MISS_MAP,4770,0,0.0
medicine,validation_2024,SI,4770,144,0.03018867924528302
medicine,validation_2024,MISS_SI,4770,0,0.0
medicine,validation_2024,mSI,4770,764,0.16016771488469603
medicine,validation_2024,MISS_mSI,4770,0,0.0
medicine,validation_2024,aSI,4770,147,0.030817610062893082
medicine,validation_2024,MISS_aSI,4770,0,0.0
medicine,validation_2024,rSI,4770,144,0.03018867924528302
medicine,validation_2024,MISS_rSI,4770,0,0.0
medicine,validation_2024,rSIG,4770,198,0.04150943396226415
medicine,validation_2024,MISS_rSIG,4770,0,0.0
medicine,validation_2024,rSIG_Age,4770,201,0.04213836477987421
medicine,validation_2024,MISS_rSIG_Age,4770,0,0.0
medicine,validation_2024,SI_G,4770,198,0.04150943396226415
medicine,validation_2024,MISS_SI_G,4770,0,0.0
medicine,validation_2024,SIA_G,4770,201,0.04213836477987421
medicine,validation_2024,MISS_SIA_G,4770,0,0.0
medicine,validation_2024,SIAVPU,4770,144,0.03018867924528302
medicine,validation_2024,MISS_SIAVPU,4770,0,0.0
medicine,validation_2024,sMS,4770,185,0.03878406708595388
medicine,validation_2024,MISS_sMS,4770,0,0.0
medicine,validation_2024,rSI_sMS,4770,191,0.04004192872117401
medicine,validation_2024,MISS_rSI_sMS,4770,0,0.0
medicine,validation_2024,rSI_GCS,4770,198,0.04150943396226415
medicine,validation_2024,MISS_rSI_GCS,4770,0,0.0
medicine,validation_2024,rSI_GCSM,4770,191,0.04004192872117401
medicine,validation_2024,MISS_rSI_GCSM,4770,0,0.0
medicine,validation_2024,qSOFA,4770,144,0.03018867924528302
medicine,validation_2024,qSOFA_available,4770,0,0.0
medicine,validation_2024,qSOFA_observed_components,4770,0,0.0
medicine,validation_2024,qSOFA_required_components,4770,0,0.0
medicine,validation_2024,MISS_qSOFA,4770,0,0.0
medicine,validation_2024,NEWS2,4770,3784,0.7932914046121593
medicine,validation_2024,NEWS2_available,4770,0,0.0
medicine,validation_2024,NEWS2_observed_components,4770,0,0.0
medicine,validation_2024,NEWS2_required_components,4770,0,0.0
medicine,validation_2024,MISS_NEWS2,4770,0,0.0
medicine,validation_2024,MEWS,4770,144,0.03018867924528302
medicine,validation_2024,MEWS_available,4770,0,0.0
medicine,validation_2024,MEWS_observed_components,4770,0,0.0
medicine,validation_2024,MEWS_required_components,4770,0,0.0
medicine,validation_2024,MISS_MEWS,4770,0,0.0
medicine,validation_2024,REMS,4770,810,0.16981132075471697
medicine,validation_2024,REMS_available,4770,0,0.0
medicine,validation_2024,REMS_observed_components,4770,0,0.0
medicine,validation_2024,REMS_required_components,4770,0,0.0
medicine,validation_2024,MISS_REMS,4770,0,0.0
medicine,validation_2024,RTS,4770,198,0.04150943396226415
medicine,validation_2024,RTS_available,4770,0,0.0
medicine,validation_2024,RTS_observed_components,4770,0,0.0
medicine,validation_2024,RTS_required_components,4770,0,0.0
medicine,validation_2024,MISS_RTS,4770,0,0.0
medicine,validation_2024,kw_ohca,4770,0,0.0
medicine,validation_2024,kw_chest_pain,4770,0,0.0
medicine,validation_2024,kw_dyspnea,4770,0,0.0
medicine,validation_2024,kw_bleeding,4770,0,0.0
medicine,validation_2024,kw_stroke,4770,0,0.0
medicine,validation_2024,kw_trauma,4770,0,0.0
medicine,validation_2024,kw_seizure,4770,0,0.0
medicine,validation_2024,kw_unconscious,4770,0,0.0
medicine,validation_2024,is_text_missing,4770,0,0.0
medicine,validation_2024,text_source_count,4770,0,0.0
medicine,validation_2024,text_char_count,4770,0,0.0
medicine,overall_le2024,EMT_年齡,20765,11,0.000529737539128341
medicine,overall_le2024,MISS_EMT_年齡,20765,0,0.0
medicine,overall_le2024,MISSREASON_EMT_年齡__source_missing,20765,0,0.0
medicine,overall_le2024,MISSREASON_EMT_年齡__not_measured,20765,0,0.0
medicine,overall_le2024,MISSREASON_EMT_年齡__sentinel,20765,0,0.0
medicine,overall_le2024,MISSREASON_EMT_年齡__invalid_or_out_of_range,20765,0,0.0
medicine,overall_le2024,EMT_發生地點_到慈濟_開車km,20765,18,0.0008668432458463761
medicine,overall_le2024,MISS_EMT_發生地點_到慈濟_開車km,20765,0,0.0
medicine,overall_le2024,MISSREASON_EMT_發生地點_到慈濟_開車km__source_missing,20765,0,0.0
medicine,overall_le2024,MISSREASON_EMT_發生地點_到慈濟_開車km__not_measured,20765,0,0.0
medicine,overall_le2024,MISSREASON_EMT_發生地點_到慈濟_開車km__sentinel,20765,0,0.0
medicine,overall_le2024,MISSREASON_EMT_發生地點_到慈濟_開車km__invalid_or_out_of_range,20765,0,0.0
medicine,overall_le2024,EMT_發生地點_到慈濟_直線km,20765,18,0.0008668432458463761
medicine,overall_le2024,MISS_EMT_發生地點_到慈濟_直線km,20765,0,0.0
medicine,overall_le2024,MISSREASON_EMT_發生地點_到慈濟_直線km__source_missing,20765,0,0.0
medicine,overall_le2024,MISSREASON_EMT_發生地點_到慈濟_直線km__not_measured,20765,0,0.0
medicine,overall_le2024,MISSREASON_EMT_發生地點_到慈濟_直線km__sentinel,20765,0,0.0
medicine,overall_le2024,MISSREASON_EMT_發生地點_到慈濟_直線km__invalid_or_out_of_range,20765,0,0.0
medicine,overall_le2024,EMT_反應時間分,20765,40,0.001926318324103058
medicine,overall_le2024,MISS_EMT_反應時間分,20765,0,0.0
medicine,overall_le2024,MISSREASON_EMT_反應時間分__source_missing,20765,0,0.0
medicine,overall_le2024,MISSREASON_EMT_反應時間分__not_measured,20765,0,0.0
medicine,overall_le2024,MISSREASON_EMT_反應時間分__sentinel,20765,0,0.0
medicine,overall_le2024,MISSREASON_EMT_反應時間分__invalid_or_out_of_range,20765,0,0.0
medicine,overall_le2024,EMT_現場停留分,20765,12,0.0005778954972309174
medicine,overall_le2024,MISS_EMT_現場停留分,20765,0,0.0
medicine,overall_le2024,MISSREASON_EMT_現場停留分__source_missing,20765,0,0.0
medicine,overall_le2024,MISSREASON_EMT_現場停留分__not_measured,20765,0,0.0
medicine,overall_le2024,MISSREASON_EMT_現場停留分__sentinel,20765,0,0.0
medicine,overall_le2024,MISSREASON_EMT_現場停留分__invalid_or_out_of_range,20765,0,0.0
medicine,overall_le2024,EMT_送醫途中分,20765,12,0.0005778954972309174
medicine,overall_le2024,MISS_EMT_送醫途中分,20765,0,0.0
medicine,overall_le2024,MISSREASON_EMT_送醫途中分__source_missing,20765,0,0.0
medicine,overall_le2024,MISSREASON_EMT_送醫途中分__not_measured,20765,0,0.0
medicine,overall_le2024,MISSREASON_EMT_送醫途中分__sentinel,20765,0,0.0
medicine,overall_le2024,MISSREASON_EMT_送醫途中分__invalid_or_out_of_range,20765,0,0.0
medicine,overall_le2024,EMT_現場_舒張壓,20765,20765,1.0
medicine,overall_le2024,MISS_EMT_現場_舒張壓,20765,0,0.0
medicine,overall_le2024,MISSREASON_EMT_現場_舒張壓__source_missing,20765,0,0.0
medicine,overall_le2024,MISSREASON_EMT_現場_舒張壓__not_measured,20765,0,0.0
medicine,overall_le2024,MISSREASON_EMT_現場_舒張壓__sentinel,20765,0,0.0
medicine,overall_le2024,MISSREASON_EMT_現場_舒張壓__invalid_or_out_of_range,20765,0,0.0
medicine,overall_le2024,EMT_現場_脈搏,20765,1118,0.05384059715868047
medicine,overall_le2024,MISS_EMT_現場_脈搏,20765,0,0.0
medicine,overall_le2024,MISSREASON_EMT_現場_脈搏__source_missing,20765,0,0.0
medicine,overall_le2024,MISSREASON_EMT_現場_脈搏__not_measured,20765,0,0.0
medicine,overall_le2024,MISSREASON_EMT_現場_脈搏__sentinel,20765,0,0.0
medicine,overall_le2024,MISSREASON_EMT_現場_脈搏__invalid_or_out_of_range,20765,0,0.0
medicine,overall_le2024,EMT_現場_呼吸,20765,1118,0.05384059715868047
medicine,overall_le2024,MISS_EMT_現場_呼吸,20765,0,0.0
medicine,overall_le2024,MISSREASON_EMT_現場_呼吸__source_missing,20765,0,0.0
medicine,overall_le2024,MISSREASON_EMT_現場_呼吸__not_measured,20765,0,0.0
medicine,overall_le2024,MISSREASON_EMT_現場_呼吸__sentinel,20765,0,0.0
medicine,overall_le2024,MISSREASON_EMT_現場_呼吸__invalid_or_out_of_range,20765,0,0.0
medicine,overall_le2024,EMT_現場_SPO2,20765,1178,0.05673007464483506
medicine,overall_le2024,MISS_EMT_現場_SPO2,20765,0,0.0
medicine,overall_le2024,MISSREASON_EMT_現場_SPO2__source_missing,20765,0,0.0
medicine,overall_le2024,MISSREASON_EMT_現場_SPO2__not_measured,20765,0,0.0
medicine,overall_le2024,MISSREASON_EMT_現場_SPO2__sentinel,20765,0,0.0
medicine,overall_le2024,MISSREASON_EMT_現場_SPO2__invalid_or_out_of_range,20765,0,0.0
medicine,overall_le2024,EMT_現場_體溫,20765,1139,0.054851914278834575
medicine,overall_le2024,MISS_EMT_現場_體溫,20765,0,0.0
medicine,overall_le2024,MISSREASON_EMT_現場_體溫__source_missing,20765,0,0.0
medicine,overall_le2024,MISSREASON_EMT_現場_體溫__not_measured,20765,0,0.0
medicine,overall_le2024,MISSREASON_EMT_現場_體溫__sentinel,20765,0,0.0
medicine,overall_le2024,MISSREASON_EMT_現場_體溫__invalid_or_out_of_range,20765,0,0.0
medicine,overall_le2024,EMT_現場_GCS,20765,1318,0.06347218877919576
medicine,overall_le2024,MISS_EMT_現場_GCS,20765,0,0.0
medicine,overall_le2024,MISSREASON_EMT_現場_GCS__source_missing,20765,0,0.0
medicine,overall_le2024,MISSREASON_EMT_現場_GCS__not_measured,20765,0,0.0
medicine,overall_le2024,MISSREASON_EMT_現場_GCS__sentinel,20765,0,0.0
medicine,overall_le2024,MISSREASON_EMT_現場_GCS__invalid_or_out_of_range,20765,0,0.0
medicine,overall_le2024,EMT_現場_GCS_E,20765,1310,0.06308692511437515
medicine,overall_le2024,MISS_EMT_現場_GCS_E,20765,0,0.0
medicine,overall_le2024,MISSREASON_EMT_現場_GCS_E__source_missing,20765,0,0.0
medicine,overall_le2024,MISSREASON_EMT_現場_GCS_E__not_measured,20765,0,0.0
medicine,overall_le2024,MISSREASON_EMT_現場_GCS_E__sentinel,20765,0,0.0
medicine,overall_le2024,MISSREASON_EMT_現場_GCS_E__invalid_or_out_of_range,20765,0,0.0
medicine,overall_le2024,EMT_現場_GCS_V,20765,1317,0.06342403082109319
medicine,overall_le2024,MISS_EMT_現場_GCS_V,20765,0,0.0
medicine,overall_le2024,MISSREASON_EMT_現場_GCS_V__source_missing,20765,0,0.0
medicine,overall_le2024,MISSREASON_EMT_現場_GCS_V__not_measured,20765,0,0.0
medicine,overall_le2024,MISSREASON_EMT_現場_GCS_V__sentinel,20765,0,0.0
medicine,overall_le2024,MISSREASON_EMT_現場_GCS_V__invalid_or_out_of_range,20765,0,0.0
medicine,overall_le2024,EMT_現場_GCS_M,20765,1310,0.06308692511437515
medicine,overall_le2024,MISS_EMT_現場_GCS_M,20765,0,0.0
medicine,overall_le2024,MISSREASON_EMT_現場_GCS_M__source_missing,20765,0,0.0
medicine,overall_le2024,MISSREASON_EMT_現場_GCS_M__not_measured,20765,0,0.0
medicine,overall_le2024,MISSREASON_EMT_現場_GCS_M__sentinel,20765,0,0.0
medicine,overall_le2024,MISSREASON_EMT_現場_GCS_M__invalid_or_out_of_range,20765,0,0.0
medicine,overall_le2024,EMT_車上_舒張壓,20765,2506,0.12068384300505658
medicine,overall_le2024,MISS_EMT_車上_舒張壓,20765,0,0.0
medicine,overall_le2024,MISSREASON_EMT_車上_舒張壓__source_missing,20765,0,0.0
medicine,overall_le2024,MISSREASON_EMT_車上_舒張壓__not_measured,20765,0,0.0
medicine,overall_le2024,MISSREASON_EMT_車上_舒張壓__sentinel,20765,0,0.0
medicine,overall_le2024,MISSREASON_EMT_車上_舒張壓__invalid_or_out_of_range,20765,0,0.0
medicine,overall_le2024,EMT_車上_脈搏,20765,2074,0.09987960510474356
medicine,overall_le2024,MISS_EMT_車上_脈搏,20765,0,0.0
medicine,overall_le2024,MISSREASON_EMT_車上_脈搏__source_missing,20765,0,0.0
medicine,overall_le2024,MISSREASON_EMT_車上_脈搏__not_measured,20765,0,0.0
medicine,overall_le2024,MISSREASON_EMT_車上_脈搏__sentinel,20765,0,0.0
medicine,overall_le2024,MISSREASON_EMT_車上_脈搏__invalid_or_out_of_range,20765,0,0.0
medicine,overall_le2024,EMT_車上_呼吸,20765,2068,0.0995906573561281
medicine,overall_le2024,MISS_EMT_車上_呼吸,20765,0,0.0
medicine,overall_le2024,MISSREASON_EMT_車上_呼吸__source_missing,20765,0,0.0
medicine,overall_le2024,MISSREASON_EMT_車上_呼吸__not_measured,20765,0,0.0
medicine,overall_le2024,MISSREASON_EMT_車上_呼吸__sentinel,20765,0,0.0
medicine,overall_le2024,MISSREASON_EMT_車上_呼吸__invalid_or_out_of_range,20765,0,0.0
medicine,overall_le2024,EMT_車上_SPO2,20765,2074,0.09987960510474356
medicine,overall_le2024,MISS_EMT_車上_SPO2,20765,0,0.0
medicine,overall_le2024,MISSREASON_EMT_車上_SPO2__source_missing,20765,0,0.0
medicine,overall_le2024,MISSREASON_EMT_車上_SPO2__not_measured,20765,0,0.0
medicine,overall_le2024,MISSREASON_EMT_車上_SPO2__sentinel,20765,0,0.0
medicine,overall_le2024,MISSREASON_EMT_車上_SPO2__invalid_or_out_of_range,20765,0,0.0
medicine,overall_le2024,EMT_車上_體溫,20765,2076,0.09997592102094871
medicine,overall_le2024,MISS_EMT_車上_體溫,20765,0,0.0
medicine,overall_le2024,MISSREASON_EMT_車上_體溫__source_missing,20765,0,0.0
medicine,overall_le2024,MISSREASON_EMT_車上_體溫__not_measured,20765,0,0.0
medicine,overall_le2024,MISSREASON_EMT_車上_體溫__sentinel,20765,0,0.0
medicine,overall_le2024,MISSREASON_EMT_車上_體溫__invalid_or_out_of_range,20765,0,0.0
medicine,overall_le2024,EMT_車上_GCS,20765,1371,0.06602456055863232
medicine,overall_le2024,MISS_EMT_車上_GCS,20765,0,0.0
medicine,overall_le2024,MISSREASON_EMT_車上_GCS__source_missing,20765,0,0.0
medicine,overall_le2024,MISSREASON_EMT_車上_GCS__not_measured,20765,0,0.0
medicine,overall_le2024,MISSREASON_EMT_車上_GCS__sentinel,20765,0,0.0
medicine,overall_le2024,MISSREASON_EMT_車上_GCS__invalid_or_out_of_range,20765,0,0.0
medicine,overall_le2024,EMT_車上_GCS_E,20765,1360,0.06549482301950398
medicine,overall_le2024,MISS_EMT_車上_GCS_E,20765,0,0.0
medicine,overall_le2024,MISSREASON_EMT_車上_GCS_E__source_missing,20765,0,0.0
medicine,overall_le2024,MISSREASON_EMT_車上_GCS_E__not_measured,20765,0,0.0
medicine,overall_le2024,MISSREASON_EMT_車上_GCS_E__sentinel,20765,0,0.0
medicine,overall_le2024,MISSREASON_EMT_車上_GCS_E__invalid_or_out_of_range,20765,0,0.0
medicine,overall_le2024,EMT_車上_GCS_V,20765,1370,0.06597640260052974
medicine,overall_le2024,MISS_EMT_車上_GCS_V,20765,0,0.0
medicine,overall_le2024,MISSREASON_EMT_車上_GCS_V__source_missing,20765,0,0.0
medicine,overall_le2024,MISSREASON_EMT_車上_GCS_V__not_measured,20765,0,0.0
medicine,overall_le2024,MISSREASON_EMT_車上_GCS_V__sentinel,20765,0,0.0
medicine,overall_le2024,MISSREASON_EMT_車上_GCS_V__invalid_or_out_of_range,20765,0,0.0
medicine,overall_le2024,EMT_車上_GCS_M,20765,1360,0.06549482301950398
medicine,overall_le2024,MISS_EMT_車上_GCS_M,20765,0,0.0
medicine,overall_le2024,MISSREASON_EMT_車上_GCS_M__source_missing,20765,0,0.0
medicine,overall_le2024,MISSREASON_EMT_車上_GCS_M__not_measured,20765,0,0.0
medicine,overall_le2024,MISSREASON_EMT_車上_GCS_M__sentinel,20765,0,0.0
medicine,overall_le2024,MISSREASON_EMT_車上_GCS_M__invalid_or_out_of_range,20765,0,0.0
medicine,overall_le2024,EMT_生命徵象量測次數,20765,911,0.043871899831447146
medicine,overall_le2024,MISS_EMT_生命徵象量測次數,20765,0,0.0
medicine,overall_le2024,MISSREASON_EMT_生命徵象量測次數__source_missing,20765,0,0.0
medicine,overall_le2024,MISSREASON_EMT_生命徵象量測次數__not_measured,20765,0,0.0
medicine,overall_le2024,MISSREASON_EMT_生命徵象量測次數__sentinel,20765,0,0.0
medicine,overall_le2024,MISSREASON_EMT_生命徵象量測次數__invalid_or_out_of_range,20765,0,0.0
medicine,overall_le2024,EMT_問卷_疼痛指數,20765,10240,0.49313749097038284
medicine,overall_le2024,MISS_EMT_問卷_疼痛指數,20765,0,0.0
medicine,overall_le2024,MISSREASON_EMT_問卷_疼痛指數__source_missing,20765,0,0.0
medicine,overall_le2024,MISSREASON_EMT_問卷_疼痛指數__not_measured,20765,0,0.0
medicine,overall_le2024,MISSREASON_EMT_問卷_疼痛指數__sentinel,20765,0,0.0
medicine,overall_le2024,MISSREASON_EMT_問卷_疼痛指數__invalid_or_out_of_range,20765,0,0.0
medicine,overall_le2024,EMT_問卷_左瞳孔尺寸mm,20765,1966,0.09467854562966531
medicine,overall_le2024,MISS_EMT_問卷_左瞳孔尺寸mm,20765,0,0.0
medicine,overall_le2024,MISSREASON_EMT_問卷_左瞳孔尺寸mm__source_missing,20765,0,0.0
medicine,overall_le2024,MISSREASON_EMT_問卷_左瞳孔尺寸mm__not_measured,20765,0,0.0
medicine,overall_le2024,MISSREASON_EMT_問卷_左瞳孔尺寸mm__sentinel,20765,0,0.0
medicine,overall_le2024,MISSREASON_EMT_問卷_左瞳孔尺寸mm__invalid_or_out_of_range,20765,0,0.0
medicine,overall_le2024,EMT_問卷_右瞳孔尺寸mm,20765,1975,0.09511196725258848
medicine,overall_le2024,MISS_EMT_問卷_右瞳孔尺寸mm,20765,0,0.0
medicine,overall_le2024,MISSREASON_EMT_問卷_右瞳孔尺寸mm__source_missing,20765,0,0.0
medicine,overall_le2024,MISSREASON_EMT_問卷_右瞳孔尺寸mm__not_measured,20765,0,0.0
medicine,overall_le2024,MISSREASON_EMT_問卷_右瞳孔尺寸mm__sentinel,20765,0,0.0
medicine,overall_le2024,MISSREASON_EMT_問卷_右瞳孔尺寸mm__invalid_or_out_of_range,20765,0,0.0
medicine,overall_le2024,EMT_問卷_血糖值mgdl,20765,14945,0.719720683843005
medicine,overall_le2024,MISS_EMT_問卷_血糖值mgdl,20765,0,0.0
medicine,overall_le2024,MISSREASON_EMT_問卷_血糖值mgdl__source_missing,20765,0,0.0
medicine,overall_le2024,MISSREASON_EMT_問卷_血糖值mgdl__not_measured,20765,0,0.0
medicine,overall_le2024,MISSREASON_EMT_問卷_血糖值mgdl__sentinel,20765,0,0.0
medicine,overall_le2024,MISSREASON_EMT_問卷_血糖值mgdl__invalid_or_out_of_range,20765,0,0.0
medicine,overall_le2024,EMT_問卷_氧氣流量Lmin,20765,16923,0.8149771249699013
medicine,overall_le2024,MISS_EMT_問卷_氧氣流量Lmin,20765,0,0.0
medicine,overall_le2024,MISSREASON_EMT_問卷_氧氣流量Lmin__source_missing,20765,0,0.0
medicine,overall_le2024,MISSREASON_EMT_問卷_氧氣流量Lmin__not_measured,20765,0,0.0
medicine,overall_le2024,MISSREASON_EMT_問卷_氧氣流量Lmin__sentinel,20765,0,0.0
medicine,overall_le2024,MISSREASON_EMT_問卷_氧氣流量Lmin__invalid_or_out_of_range,20765,0,0.0
medicine,overall_le2024,EMT_問卷_靜脈輸液量ml,20765,19289,0.9289188538405971
medicine,overall_le2024,MISS_EMT_問卷_靜脈輸液量ml,20765,0,0.0
medicine,overall_le2024,MISSREASON_EMT_問卷_靜脈輸液量ml__source_missing,20765,0,0.0
medicine,overall_le2024,MISSREASON_EMT_問卷_靜脈輸液量ml__not_measured,20765,0,0.0
medicine,overall_le2024,MISSREASON_EMT_問卷_靜脈輸液量ml__sentinel,20765,0,0.0
medicine,overall_le2024,MISSREASON_EMT_問卷_靜脈輸液量ml__invalid_or_out_of_range,20765,0,0.0
medicine,overall_le2024,EMT_體重,20765,1202,0.057885865639296895
medicine,overall_le2024,MISS_EMT_體重,20765,0,0.0
medicine,overall_le2024,MISSREASON_EMT_體重__source_missing,20765,0,0.0
medicine,overall_le2024,MISSREASON_EMT_體重__not_measured,20765,0,0.0
medicine,overall_le2024,MISSREASON_EMT_體重__sentinel,20765,0,0.0
medicine,overall_le2024,MISSREASON_EMT_體重__invalid_or_out_of_range,20765,0,0.0
medicine,overall_le2024,EMT_燒燙傷一級%,20765,911,0.043871899831447146
medicine,overall_le2024,MISS_EMT_燒燙傷一級%,20765,0,0.0
medicine,overall_le2024,MISSREASON_EMT_燒燙傷一級%__source_missing,20765,0,0.0
medicine,overall_le2024,MISSREASON_EMT_燒燙傷一級%__not_measured,20765,0,0.0
medicine,overall_le2024,MISSREASON_EMT_燒燙傷一級%__sentinel,20765,0,0.0
medicine,overall_le2024,MISSREASON_EMT_燒燙傷一級%__invalid_or_out_of_range,20765,0,0.0
medicine,overall_le2024,EMT_燒燙傷二級%,20765,911,0.043871899831447146
medicine,overall_le2024,MISS_EMT_燒燙傷二級%,20765,0,0.0
medicine,overall_le2024,MISSREASON_EMT_燒燙傷二級%__source_missing,20765,0,0.0
medicine,overall_le2024,MISSREASON_EMT_燒燙傷二級%__not_measured,20765,0,0.0
medicine,overall_le2024,MISSREASON_EMT_燒燙傷二級%__sentinel,20765,0,0.0
medicine,overall_le2024,MISSREASON_EMT_燒燙傷二級%__invalid_or_out_of_range,20765,0,0.0
medicine,overall_le2024,EMT_燒燙傷三級%,20765,911,0.043871899831447146
medicine,overall_le2024,MISS_EMT_燒燙傷三級%,20765,0,0.0
medicine,overall_le2024,MISSREASON_EMT_燒燙傷三級%__source_missing,20765,0,0.0
medicine,overall_le2024,MISSREASON_EMT_燒燙傷三級%__not_measured,20765,0,0.0
medicine,overall_le2024,MISSREASON_EMT_燒燙傷三級%__sentinel,20765,0,0.0
medicine,overall_le2024,MISSREASON_EMT_燒燙傷三級%__invalid_or_out_of_range,20765,0,0.0
medicine,overall_le2024,EMT_燒燙傷總%,20765,911,0.043871899831447146
medicine,overall_le2024,MISS_EMT_燒燙傷總%,20765,0,0.0
medicine,overall_le2024,MISSREASON_EMT_燒燙傷總%__source_missing,20765,0,0.0
medicine,overall_le2024,MISSREASON_EMT_燒燙傷總%__not_measured,20765,0,0.0
medicine,overall_le2024,MISSREASON_EMT_燒燙傷總%__sentinel,20765,0,0.0
medicine,overall_le2024,MISSREASON_EMT_燒燙傷總%__invalid_or_out_of_range,20765,0,0.0
medicine,overall_le2024,EMT_城市__台北,20765,0,0.0
medicine,overall_le2024,EMT_城市__新北,20765,0,0.0
medicine,overall_le2024,EMT_城市__OTHER_RARE,20765,0,0.0
medicine,overall_le2024,EMT_城市__MISSING,20765,0,0.0
medicine,overall_le2024,EMT_性別__女,20765,0,0.0
medicine,overall_le2024,EMT_性別__男,20765,0,0.0
medicine,overall_le2024,EMT_性別__OTHER_RARE,20765,0,0.0
medicine,overall_le2024,EMT_性別__MISSING,20765,0,0.0
medicine,overall_le2024,EMT_送醫路由__家屬指定送醫,20765,0,0.0
medicine,overall_le2024,EMT_送醫路由__就近適當,20765,0,0.0
medicine,overall_le2024,EMT_送醫路由__指揮中心,20765,0,0.0
medicine,overall_le2024,EMT_送醫路由__OTHER_RARE,20765,0,0.0
medicine,overall_le2024,EMT_送醫路由__MISSING,20765,0,0.0
medicine,overall_le2024,EMT_危急個案__0.0,20765,0,0.0
medicine,overall_le2024,EMT_危急個案__1.0,20765,0,0.0
medicine,overall_le2024,EMT_危急個案__OTHER_RARE,20765,0,0.0
medicine,overall_le2024,EMT_危急個案__MISSING,20765,0,0.0
medicine,overall_le2024,EMT_發生地區__三峽區,20765,0,0.0
medicine,overall_le2024,EMT_發生地區__三重區,20765,0,0.0
medicine,overall_le2024,EMT_發生地區__中和區,20765,0,0.0
medicine,overall_le2024,EMT_發生地區__土城區,20765,0,0.0
medicine,overall_le2024,EMT_發生地區__坪林區,20765,0,0.0
medicine,overall_le2024,EMT_發生地區__市文山區,20765,0,0.0
medicine,overall_le2024,EMT_發生地區__新店區,20765,0,0.0
medicine,overall_le2024,EMT_發生地區__新莊區,20765,0,0.0
medicine,overall_le2024,EMT_發生地區__板橋區,20765,0,0.0
medicine,overall_le2024,EMT_發生地區__樹林區,20765,0,0.0
medicine,overall_le2024,EMT_發生地區__永和區,20765,0,0.0
medicine,overall_le2024,EMT_發生地區__深坑區,20765,0,0.0
medicine,overall_le2024,EMT_發生地區__烏來區,20765,0,0.0
medicine,overall_le2024,EMT_發生地區__石碇區,20765,0,0.0
medicine,overall_le2024,EMT_發生地區__蘆洲區,20765,0,0.0
medicine,overall_le2024,EMT_發生地區__OTHER_RARE,20765,0,0.0
medicine,overall_le2024,EMT_發生地區__MISSING,20765,0,0.0
medicine,overall_le2024,EMT_距離_定位信心__Google地標,20765,0,0.0
medicine,overall_le2024,EMT_距離_定位信心__區內概略,20765,0,0.0
medicine,overall_le2024,EMT_距離_定位信心__國道概略,20765,0,0.0
medicine,overall_le2024,EMT_距離_定位信心__無,20765,0,0.0
medicine,overall_le2024,EMT_距離_定位信心__號,20765,0,0.0
medicine,overall_le2024,EMT_距離_定位信心__路名概略(OSM),20765,0,0.0
medicine,overall_le2024,EMT_距離_定位信心__路段中心,20765,0,0.0
medicine,overall_le2024,EMT_距離_定位信心__OTHER_RARE,20765,0,0.0
medicine,overall_le2024,EMT_距離_定位信心__MISSING,20765,0,0.0
medicine,overall_le2024,EMT_現場_意識__否,20765,0,0.0
medicine,overall_le2024,EMT_現場_意識__清,20765,0,0.0
medicine,overall_le2024,EMT_現場_意識__痛,20765,0,0.0
medicine,overall_le2024,EMT_現場_意識__聲,20765,0,0.0
medicine,overall_le2024,EMT_現場_意識__OTHER_RARE,20765,0,0.0
medicine,overall_le2024,EMT_現場_意識__MISSING,20765,0,0.0
medicine,overall_le2024,EMT_派遣分類__BLS,20765,0,0.0
medicine,overall_le2024,EMT_派遣分類__OTHER_RARE,20765,0,0.0
medicine,overall_le2024,EMT_派遣分類__MISSING,20765,0,0.0
medicine,overall_le2024,EMT_派遣原因__救護,20765,0,0.0
medicine,overall_le2024,EMT_派遣原因__救護-一般受傷,20765,0,0.0
medicine,overall_le2024,EMT_派遣原因__救護-其它,20765,0,0.0
medicine,overall_le2024,EMT_派遣原因__救護-割腕,20765,0,0.0
medicine,overall_le2024,EMT_派遣原因__救護-吞食藥物,20765,0,0.0
medicine,overall_le2024,EMT_派遣原因__救護-孕婦待產,20765,0,0.0
medicine,overall_le2024,EMT_派遣原因__救護-急病,20765,0,0.0
medicine,overall_le2024,EMT_派遣原因__救護-打架受傷,20765,0,0.0
medicine,overall_le2024,EMT_派遣原因__救護-精神異常,20765,0,0.0
medicine,overall_le2024,EMT_派遣原因__救護-路倒,20765,0,0.0
medicine,overall_le2024,EMT_派遣原因__救護-車禍,20765,0,0.0
medicine,overall_le2024,EMT_派遣原因__火警-集合住宅,20765,0,0.0
medicine,overall_le2024,EMT_派遣原因__緊急救援-其他,20765,0,0.0
medicine,overall_le2024,EMT_派遣原因__緊急救援-車禍救助,20765,0,0.0
medicine,overall_le2024,EMT_派遣原因__OTHER_RARE,20765,0,0.0
medicine,overall_le2024,EMT_派遣原因__MISSING,20765,0,0.0
medicine,overall_le2024,EMT_問卷_創傷導致的主訴群__肢體麻痺,20765,0,0.0
medicine,overall_le2024,EMT_問卷_創傷導致的主訴群__背部疼痛,20765,0,0.0
medicine,overall_le2024,EMT_問卷_創傷導致的主訴群__胸痛/悶,20765,0,0.0
medicine,overall_le2024,EMT_問卷_創傷導致的主訴群__OTHER_RARE,20765,0,0.0
medicine,overall_le2024,EMT_問卷_創傷導致的主訴群__MISSING,20765,0,0.0
medicine,overall_le2024,EMT_問卷_頸椎固定__GCS<15,20765,0,0.0
medicine,overall_le2024,EMT_問卷_頸椎固定__檢查無明顯異常,20765,0,0.0
medicine,overall_le2024,EMT_問卷_頸椎固定__肢體運動感覺異常,20765,0,0.0
medicine,overall_le2024,EMT_問卷_頸椎固定__轉向困難,20765,0,0.0
medicine,overall_le2024,EMT_問卷_頸椎固定__頸椎瘀青疼痛,20765,0,0.0
medicine,overall_le2024,EMT_問卷_頸椎固定__OTHER_RARE,20765,0,0.0
medicine,overall_le2024,EMT_問卷_頸椎固定__MISSING,20765,0,0.0
medicine,overall_le2024,EMT_問卷_膚色__其他,20765,0,0.0
medicine,overall_le2024,EMT_問卷_膚色__正常,20765,0,0.0
medicine,overall_le2024,EMT_問卷_膚色__溼冷,20765,0,0.0
medicine,overall_le2024,EMT_問卷_膚色__潮紅,20765,0,0.0
medicine,overall_le2024,EMT_問卷_膚色__發紺,20765,0,0.0
medicine,overall_le2024,EMT_問卷_膚色__蒼白,20765,0,0.0
medicine,overall_le2024,EMT_問卷_膚色__蒼白、溼冷,20765,0,0.0
medicine,overall_le2024,EMT_問卷_膚色__黃疸,20765,0,0.0
medicine,overall_le2024,EMT_問卷_膚色__OTHER_RARE,20765,0,0.0
medicine,overall_le2024,EMT_問卷_膚色__MISSING,20765,0,0.0
medicine,overall_le2024,EMT_問卷_左瞳孔光反射__+,20765,0,0.0
medicine,overall_le2024,EMT_問卷_左瞳孔光反射__-,20765,0,0.0
medicine,overall_le2024,EMT_問卷_左瞳孔光反射__無法測量,20765,0,0.0
medicine,overall_le2024,EMT_問卷_左瞳孔光反射__眼疾,20765,0,0.0
medicine,overall_le2024,EMT_問卷_左瞳孔光反射__OTHER_RARE,20765,0,0.0
medicine,overall_le2024,EMT_問卷_左瞳孔光反射__MISSING,20765,0,0.0
medicine,overall_le2024,EMT_問卷_右瞳孔光反射__+,20765,0,0.0
medicine,overall_le2024,EMT_問卷_右瞳孔光反射__-,20765,0,0.0
medicine,overall_le2024,EMT_問卷_右瞳孔光反射__無法測量,20765,0,0.0
medicine,overall_le2024,EMT_問卷_右瞳孔光反射__眼疾,20765,0,0.0
medicine,overall_le2024,EMT_問卷_右瞳孔光反射__OTHER_RARE,20765,0,0.0
medicine,overall_le2024,EMT_問卷_右瞳孔光反射__MISSING,20765,0,0.0
medicine,overall_le2024,EMT_問卷_氣管位置__其他,20765,0,0.0
medicine,overall_le2024,EMT_問卷_氣管位置__正常,20765,0,0.0
medicine,overall_le2024,EMT_問卷_氣管位置__OTHER_RARE,20765,0,0.0
medicine,overall_le2024,EMT_問卷_氣管位置__MISSING,20765,0,0.0
medicine,overall_le2024,EMT_問卷_頸靜脈怒張__其他,20765,0,0.0
medicine,overall_le2024,EMT_問卷_頸靜脈怒張__有,20765,0,0.0
medicine,overall_le2024,EMT_問卷_頸靜脈怒張__無,20765,0,0.0
medicine,overall_le2024,EMT_問卷_頸靜脈怒張__OTHER_RARE,20765,0,0.0
medicine,overall_le2024,EMT_問卷_頸靜脈怒張__MISSING,20765,0,0.0
medicine,overall_le2024,EMT_問卷_血糖狀態__High,20765,0,0.0
medicine,overall_le2024,EMT_問卷_血糖狀態__Low,20765,0,0.0
medicine,overall_le2024,EMT_問卷_血糖狀態__否,20765,0,0.0
medicine,overall_le2024,EMT_問卷_血糖狀態__否、其他,20765,0,0.0
medicine,overall_le2024,EMT_問卷_血糖狀態__否、創傷,20765,0,0.0
medicine,overall_le2024,EMT_問卷_血糖狀態__否、拒絕,20765,0,0.0
medicine,overall_le2024,EMT_問卷_血糖狀態__否、躁動,20765,0,0.0
medicine,overall_le2024,EMT_問卷_血糖狀態__血糖值紀錄,20765,0,0.0
medicine,overall_le2024,EMT_問卷_血糖狀態__OTHER_RARE,20765,0,0.0
medicine,overall_le2024,EMT_問卷_血糖狀態__MISSING,20765,0,0.0
medicine,overall_le2024,EMT_問卷_靜脈輸液種類__0.9%N.S.,20765,0,0.0
medicine,overall_le2024,EMT_問卷_靜脈輸液種類__5%G.W.,20765,0,0.0
medicine,overall_le2024,EMT_問卷_靜脈輸液種類__50%G.W.,20765,0,0.0
medicine,overall_le2024,EMT_問卷_靜脈輸液種類__IV,20765,0,0.0
medicine,overall_le2024,EMT_問卷_靜脈輸液種類__OTHER_RARE,20765,0,0.0
medicine,overall_le2024,EMT_問卷_靜脈輸液種類__MISSING,20765,0,0.0
medicine,overall_le2024,EMT_推定派遣類別__中毒/自傷,20765,0,0.0
medicine,overall_le2024,EMT_推定派遣類別__交通事故傷,20765,0,0.0
medicine,overall_le2024,EMT_推定派遣類別__內科急病,20765,0,0.0
medicine,overall_le2024,EMT_推定派遣類別__其他外傷,20765,0,0.0
medicine,overall_le2024,EMT_推定派遣類別__精神行為異常,20765,0,0.0
medicine,overall_le2024,EMT_推定派遣類別__路倒/無意識,20765,0,0.0
medicine,overall_le2024,EMT_推定派遣類別__OTHER_RARE,20765,0,0.0
medicine,overall_le2024,EMT_推定派遣類別__MISSING,20765,0,0.0
medicine,overall_le2024,EMT_有燒燙傷__False,20765,0,0.0
medicine,overall_le2024,EMT_有燒燙傷__True,20765,0,0.0
medicine,overall_le2024,EMT_有燒燙傷__OTHER_RARE,20765,0,0.0
medicine,overall_le2024,EMT_有燒燙傷__MISSING,20765,0,0.0
medicine,overall_le2024,EMT_心律臆斷__Atrial fibrillation,20765,0,0.0
medicine,overall_le2024,EMT_心律臆斷__Normal Sinus Rhythm,20765,0,0.0
medicine,overall_le2024,EMT_心律臆斷__ST段下降,20765,0,0.0
medicine,overall_le2024,EMT_心律臆斷__Sinus Bradycardia,20765,0,0.0
medicine,overall_le2024,EMT_心律臆斷__Sinus Tachycardia,20765,0,0.0
medicine,overall_le2024,EMT_心律臆斷__其他波形,20765,0,0.0
medicine,overall_le2024,EMT_心律臆斷__OTHER_RARE,20765,0,0.0
medicine,overall_le2024,EMT_心律臆斷__MISSING,20765,0,0.0
medicine,overall_le2024,"EMT_台北_創傷類型__創傷-一般外傷,肢體外傷,摔跌傷",20765,0,0.0
medicine,overall_le2024,"EMT_台北_創傷類型__創傷-一般外傷,頭部外傷,摔跌傷",20765,0,0.0
medicine,overall_le2024,EMT_台北_創傷類型__創傷-交通事故(機車),20765,0,0.0
medicine,overall_le2024,"EMT_台北_創傷類型__非創傷-一般疾病,噁心嘔吐腹瀉",20765,0,0.0
medicine,overall_le2024,"EMT_台北_創傷類型__非創傷-一般疾病,肢體無力",20765,0,0.0
medicine,overall_le2024,"EMT_台北_創傷類型__非創傷-一般疾病,頭痛頭暈昏倒昏厥",20765,0,0.0
medicine,overall_le2024,EMT_台北_創傷類型__非創傷-呼吸問題,20765,0,0.0
medicine,overall_le2024,EMT_台北_創傷類型__非創傷-昏迷,20765,0,0.0
medicine,overall_le2024,EMT_台北_創傷類型__非創傷-腹痛,20765,0,0.0
medicine,overall_le2024,EMT_台北_創傷類型__OTHER_RARE,20765,0,0.0
medicine,overall_le2024,EMT_台北_創傷類型__MISSING,20765,0,0.0
medicine,overall_le2024,EMT_特殊表類型__OHCA,20765,0,0.0
medicine,overall_le2024,EMT_特殊表類型__呼吸喘/慢/使用呼吸輔助肌肉,20765,0,0.0
medicine,overall_le2024,EMT_特殊表類型__心臟不適,20765,0,0.0
medicine,overall_le2024,EMT_特殊表類型__癲癇重積,20765,0,0.0
medicine,overall_le2024,EMT_特殊表類型__腦中風評估,20765,0,0.0
medicine,overall_le2024,EMT_特殊表類型__過敏性休克,20765,0,0.0
medicine,overall_le2024,EMT_特殊表類型__OTHER_RARE,20765,0,0.0
medicine,overall_le2024,EMT_特殊表類型__MISSING,20765,0,0.0
medicine,overall_le2024,EMT_台北_心梗登錄__OTHER_RARE,20765,0,0.0
medicine,overall_le2024,EMT_台北_心梗登錄__MISSING,20765,0,0.0
medicine,overall_le2024,EMT_台北_中風登錄__OTHER_RARE,20765,0,0.0
medicine,overall_le2024,EMT_台北_中風登錄__MISSING,20765,0,0.0
medicine,overall_le2024,EMT_台北_CPR停止登錄__OTHER_RARE,20765,0,0.0
medicine,overall_le2024,EMT_台北_CPR停止登錄__MISSING,20765,0,0.0
medicine,overall_le2024,EMT_問卷_交通事故患者__乘客,20765,0,0.0
medicine,overall_le2024,EMT_問卷_交通事故患者__行人,20765,0,0.0
medicine,overall_le2024,EMT_問卷_交通事故患者__駕駛,20765,0,0.0
medicine,overall_le2024,EMT_問卷_交通事故患者__OTHER_RARE,20765,0,0.0
medicine,overall_le2024,EMT_問卷_交通事故患者__MISSING,20765,0,0.0
medicine,overall_le2024,EMT_問卷_交通事故種類__人,20765,0,0.0
medicine,overall_le2024,EMT_問卷_交通事故種類__人、其他,20765,0,0.0
medicine,overall_le2024,EMT_問卷_交通事故種類__其他,20765,0,0.0
medicine,overall_le2024,EMT_問卷_交通事故種類__機車,20765,0,0.0
medicine,overall_le2024,EMT_問卷_交通事故種類__機車、人,20765,0,0.0
medicine,overall_le2024,EMT_問卷_交通事故種類__機車、人、其他,20765,0,0.0
medicine,overall_le2024,EMT_問卷_交通事故種類__機車、其他,20765,0,0.0
medicine,overall_le2024,EMT_問卷_交通事故種類__機車、腳踏車,20765,0,0.0
medicine,overall_le2024,EMT_問卷_交通事故種類__機車、腳踏車、其他,20765,0,0.0
medicine,overall_le2024,EMT_問卷_交通事故種類__汽車,20765,0,0.0
medicine,overall_le2024,EMT_問卷_交通事故種類__汽車、人,20765,0,0.0
medicine,overall_le2024,EMT_問卷_交通事故種類__汽車、人、其他,20765,0,0.0
medicine,overall_le2024,EMT_問卷_交通事故種類__汽車、其他,20765,0,0.0
medicine,overall_le2024,EMT_問卷_交通事故種類__汽車、機車,20765,0,0.0
medicine,overall_le2024,EMT_問卷_交通事故種類__汽車、機車、其他,20765,0,0.0
medicine,overall_le2024,EMT_問卷_交通事故種類__汽車、腳踏車,20765,0,0.0
medicine,overall_le2024,EMT_問卷_交通事故種類__腳踏車,20765,0,0.0
medicine,overall_le2024,EMT_問卷_交通事故種類__腳踏車、其他,20765,0,0.0
medicine,overall_le2024,EMT_問卷_交通事故種類__OTHER_RARE,20765,0,0.0
medicine,overall_le2024,EMT_問卷_交通事故種類__MISSING,20765,0,0.0
medicine,overall_le2024,EMT_問卷_保護裝置狀態__安全帶,20765,0,0.0
medicine,overall_le2024,EMT_問卷_保護裝置狀態__安全帽,20765,0,0.0
medicine,overall_le2024,EMT_問卷_保護裝置狀態__無,20765,0,0.0
medicine,overall_le2024,EMT_問卷_保護裝置狀態__OTHER_RARE,20765,0,0.0
medicine,overall_le2024,EMT_問卷_保護裝置狀態__MISSING,20765,0,0.0
medicine,overall_le2024,EMT_問卷_非交通事故種類__其他,20765,0,0.0
medicine,overall_le2024,EMT_問卷_非交通事故種類__切割,20765,0,0.0
medicine,overall_le2024,EMT_問卷_非交通事故種類__墜落,20765,0,0.0
medicine,overall_le2024,EMT_問卷_非交通事故種類__壓夾,20765,0,0.0
medicine,overall_le2024,EMT_問卷_非交通事故種類__撞擊,20765,0,0.0
medicine,overall_le2024,EMT_問卷_非交通事故種類__生物咬螫,20765,0,0.0
medicine,overall_le2024,EMT_問卷_非交通事故種類__跌摔,20765,0,0.0
medicine,overall_le2024,EMT_問卷_非交通事故種類__鈍毆,20765,0,0.0
medicine,overall_le2024,EMT_問卷_非交通事故種類__OTHER_RARE,20765,0,0.0
medicine,overall_le2024,EMT_問卷_非交通事故種類__MISSING,20765,0,0.0
medicine,overall_le2024,EMT_問卷_危急個案__否,20765,0,0.0
medicine,overall_le2024,EMT_問卷_危急個案__是,20765,0,0.0
medicine,overall_le2024,EMT_問卷_危急個案__OTHER_RARE,20765,0,0.0
medicine,overall_le2024,EMT_問卷_危急個案__MISSING,20765,0,0.0
medicine,overall_le2024,EMT_現場_意識_AVPU,20765,10,0.0004815795810257645
medicine,overall_le2024,EMT_過去病史__HIV(+),20765,0,0.0
medicine,overall_le2024,EMT_過去病史__不詳,20765,0,0.0
medicine,overall_le2024,EMT_過去病史__其他,20765,0,0.0
medicine,overall_le2024,EMT_過去病史__心臟疾病,20765,0,0.0
medicine,overall_le2024,EMT_過去病史__惡性腫瘤,20765,0,0.0
medicine,overall_le2024,EMT_過去病史__氣喘,20765,0,0.0
medicine,overall_le2024,EMT_過去病史__癲癇,20765,0,0.0
medicine,overall_le2024,EMT_過去病史__精神疾病,20765,0,0.0
medicine,overall_le2024,EMT_過去病史__糖尿病,20765,0,0.0
medicine,overall_le2024,EMT_過去病史__肝臟疾病,20765,0,0.0
medicine,overall_le2024,EMT_過去病史__肺臟疾病,20765,0,0.0
medicine,overall_le2024,EMT_過去病史__腎臟疾病,20765,0,0.0
medicine,overall_le2024,EMT_過去病史__腦血管疾病,20765,0,0.0
medicine,overall_le2024,EMT_過去病史__高血壓,20765,0,0.0
medicine,overall_le2024,EMT_過去病史__OTHER_RARE,20765,0,0.0
medicine,overall_le2024,EMT_過去病史__source_available,20765,0,0.0
medicine,overall_le2024,EMT_過去病史__explicit_none,20765,0,0.0
medicine,overall_le2024,EMT_過去病史__source_missing,20765,0,0.0
medicine,overall_le2024,EMT_過敏史__不清楚,20765,0,0.0
medicine,overall_le2024,EMT_過敏史__不詳,20765,0,0.0
medicine,overall_le2024,EMT_過敏史__其他,20765,0,0.0
medicine,overall_le2024,EMT_過敏史__藥物,20765,0,0.0
medicine,overall_le2024,EMT_過敏史__食物,20765,0,0.0
medicine,overall_le2024,EMT_過敏史__OTHER_RARE,20765,0,0.0
medicine,overall_le2024,EMT_過敏史__source_available,20765,0,0.0
medicine,overall_le2024,EMT_過敏史__explicit_none,20765,0,0.0
medicine,overall_le2024,EMT_過敏史__source_missing,20765,0,0.0
medicine,overall_le2024,EMT_主訴_結構化__OHCA,20765,0,0.0
medicine,overall_le2024,EMT_主訴_結構化__上腹痛,20765,0,0.0
medicine,overall_le2024,EMT_主訴_結構化__下腹痛,20765,0,0.0
medicine,overall_le2024,EMT_主訴_結構化__其他,20765,0,0.0
medicine,overall_le2024,EMT_主訴_結構化__冒冷汗,20765,0,0.0
medicine,overall_le2024,EMT_主訴_結構化__吐.咳血,20765,0,0.0
medicine,overall_le2024,EMT_主訴_結構化__呼吸喘.慢.使用輔助肌,20765,0,0.0
medicine,overall_le2024,EMT_主訴_結構化__呼吸道梗塞,20765,0,0.0
medicine,overall_le2024,EMT_主訴_結構化__嘔吐.噁心,20765,0,0.0
medicine,overall_le2024,EMT_主訴_結構化__心臟不適,20765,0,0.0
medicine,overall_le2024,EMT_主訴_結構化__急產,20765,0,0.0
medicine,overall_le2024,EMT_主訴_結構化__急產（接生）,20765,0,0.0
medicine,overall_le2024,EMT_主訴_結構化__挫.擦傷,20765,0,0.0
medicine,overall_le2024,EMT_主訴_結構化__撕裂.切割傷,20765,0,0.0
medicine,overall_le2024,EMT_主訴_結構化__斷肢,20765,0,0.0
medicine,overall_le2024,EMT_主訴_結構化__昏厥,20765,0,0.0
medicine,overall_le2024,EMT_主訴_結構化__無意識.意識不清,20765,0,0.0
medicine,overall_le2024,EMT_主訴_結構化__燒燙傷,20765,0,0.0
medicine,overall_le2024,EMT_主訴_結構化__疑似一氧化碳中毒,20765,0,0.0
medicine,overall_le2024,EMT_主訴_結構化__疑似毒物.氣中毒,20765,0,0.0
medicine,overall_le2024,EMT_主訴_結構化__疑似藥物過量,20765,0,0.0
medicine,overall_le2024,EMT_主訴_結構化__癲癇.抽搐,20765,0,0.0
medicine,overall_le2024,EMT_主訴_結構化__發燒.發冷,20765,0,0.0
medicine,overall_le2024,EMT_主訴_結構化__碎裂傷,20765,0,0.0
medicine,overall_le2024,EMT_主訴_結構化__穿刺傷,20765,0,0.0
medicine,overall_le2024,EMT_主訴_結構化__肢體無力,20765,0,0.0
medicine,overall_le2024,EMT_主訴_結構化__肢體疼痛,20765,0,0.0
medicine,overall_le2024,EMT_主訴_結構化__肢體麻痺,20765,0,0.0
medicine,overall_le2024,EMT_主訴_結構化__背.肩痛,20765,0,0.0
medicine,overall_le2024,EMT_主訴_結構化__胸痛.悶,20765,0,0.0
medicine,overall_le2024,EMT_主訴_結構化__腹瀉,20765,0,0.0
medicine,overall_le2024,EMT_主訴_結構化__虛弱,20765,0,0.0
medicine,overall_le2024,EMT_主訴_結構化__血便.尿,20765,0,0.0
medicine,overall_le2024,EMT_主訴_結構化__血腫,20765,0,0.0
medicine,overall_le2024,EMT_主訴_結構化__行為神智異常,20765,0,0.0
medicine,overall_le2024,EMT_主訴_結構化__過敏,20765,0,0.0
medicine,overall_le2024,EMT_主訴_結構化__非外傷出血,20765,0,0.0
medicine,overall_le2024,EMT_主訴_結構化__頭暈,20765,0,0.0
medicine,overall_le2024,EMT_主訴_結構化__頭痛,20765,0,0.0
medicine,overall_le2024,EMT_主訴_結構化__骨折.脫位,20765,0,0.0
medicine,overall_le2024,EMT_主訴_結構化__OTHER_RARE,20765,0,0.0
medicine,overall_le2024,EMT_主訴_結構化__source_available,20765,0,0.0
medicine,overall_le2024,EMT_主訴_結構化__explicit_none,20765,0,0.0
medicine,overall_le2024,EMT_主訴_結構化__source_missing,20765,0,0.0
medicine,overall_le2024,EMT_紅旗__DNR.放棄急救,20765,0,0.0
medicine,overall_le2024,EMT_紅旗__休克.低血壓,20765,0,0.0
medicine,overall_le2024,EMT_紅旗__呼吸窘迫.低血氧,20765,0,0.0
medicine,overall_le2024,EMT_紅旗__大出血,20765,0,0.0
medicine,overall_le2024,EMT_紅旗__心跳呼吸停止.PEA,20765,0,0.0
medicine,overall_le2024,EMT_紅旗__意識改變,20765,0,0.0
medicine,overall_le2024,EMT_紅旗__抽搐,20765,0,0.0
medicine,overall_le2024,EMT_紅旗__疑似中風,20765,0,0.0
medicine,overall_le2024,EMT_紅旗__胸痛疑似ACS,20765,0,0.0
medicine,overall_le2024,EMT_紅旗__OTHER_RARE,20765,0,0.0
medicine,overall_le2024,EMT_紅旗__source_available,20765,0,0.0
medicine,overall_le2024,EMT_紅旗__explicit_none,20765,0,0.0
medicine,overall_le2024,EMT_紅旗__source_missing,20765,0,0.0
medicine,overall_le2024,EMT_創傷機轉_合併__交通-機車,20765,0,0.0
medicine,overall_le2024,EMT_創傷機轉_合併__交通-汽車,20765,0,0.0
medicine,overall_le2024,EMT_創傷機轉_合併__交通-腳踏車,20765,0,0.0
medicine,overall_le2024,EMT_創傷機轉_合併__交通-行人,20765,0,0.0
medicine,overall_le2024,EMT_創傷機轉_合併__其他外傷,20765,0,0.0
medicine,overall_le2024,EMT_創傷機轉_合併__燒燙,20765,0,0.0
medicine,overall_le2024,EMT_創傷機轉_合併__生物咬螫,20765,0,0.0
medicine,overall_le2024,EMT_創傷機轉_合併__穿刺切割,20765,0,0.0
medicine,overall_le2024,EMT_創傷機轉_合併__跌落墜落,20765,0,0.0
medicine,overall_le2024,EMT_創傷機轉_合併__鈍傷撞擊,20765,0,0.0
medicine,overall_le2024,EMT_創傷機轉_合併__OTHER_RARE,20765,0,0.0
medicine,overall_le2024,EMT_創傷機轉_合併__source_available,20765,0,0.0
medicine,overall_le2024,EMT_創傷機轉_合併__explicit_none,20765,0,0.0
medicine,overall_le2024,EMT_創傷機轉_合併__source_missing,20765,0,0.0
medicine,overall_le2024,EMT_處置_合併__CPR,20765,0,0.0
medicine,overall_le2024,EMT_處置_合併__保暖,20765,0,0.0
medicine,overall_le2024,EMT_處置_合併__傷口處置,20765,0,0.0
medicine,overall_le2024,EMT_處置_合併__固定,20765,0,0.0
medicine,overall_le2024,EMT_處置_合併__心理支持,20765,0,0.0
medicine,overall_le2024,EMT_處置_合併__生命徵象監測,20765,0,0.0
medicine,overall_le2024,EMT_處置_合併__給氧,20765,0,0.0
medicine,overall_le2024,EMT_處置_合併__給藥,20765,0,0.0
medicine,overall_le2024,EMT_處置_合併__OTHER_RARE,20765,0,0.0
medicine,overall_le2024,EMT_處置_合併__source_available,20765,0,0.0
medicine,overall_le2024,EMT_處置_合併__explicit_none,20765,0,0.0
medicine,overall_le2024,EMT_處置_合併__source_missing,20765,0,0.0
medicine,overall_le2024,EMT_特殊表登錄_合併__ACS,20765,0,0.0
medicine,overall_le2024,EMT_特殊表登錄_合併__CVA,20765,0,0.0
medicine,overall_le2024,EMT_特殊表登錄_合併__OHCA,20765,0,0.0
medicine,overall_le2024,EMT_特殊表登錄_合併__呼吸窘迫,20765,0,0.0
medicine,overall_le2024,EMT_特殊表登錄_合併__癲癇重積,20765,0,0.0
medicine,overall_le2024,EMT_特殊表登錄_合併__過敏性休克,20765,0,0.0
medicine,overall_le2024,EMT_特殊表登錄_合併__OTHER_RARE,20765,0,0.0
medicine,overall_le2024,EMT_特殊表登錄_合併__source_available,20765,0,0.0
medicine,overall_le2024,EMT_特殊表登錄_合併__explicit_none,20765,0,0.0
medicine,overall_le2024,EMT_特殊表登錄_合併__source_missing,20765,0,0.0
medicine,overall_le2024,EMT_問卷_一般處置__下肢抬高,20765,0,0.0
medicine,overall_le2024,EMT_問卷_一般處置__保暖,20765,0,0.0
medicine,overall_le2024,EMT_問卷_一般處置__其他,20765,0,0.0
medicine,overall_le2024,EMT_問卷_一般處置__半坐臥,20765,0,0.0
medicine,overall_le2024,EMT_問卷_一般處置__心律監視,20765,0,0.0
medicine,overall_le2024,EMT_問卷_一般處置__心理支持,20765,0,0.0
medicine,overall_le2024,EMT_問卷_一般處置__生命徵象監測,20765,0,0.0
medicine,overall_le2024,EMT_問卷_一般處置__生產/左側臥,20765,0,0.0
medicine,overall_le2024,EMT_問卷_一般處置__OTHER_RARE,20765,0,0.0
medicine,overall_le2024,EMT_問卷_一般處置__source_available,20765,0,0.0
medicine,overall_le2024,EMT_問卷_一般處置__explicit_none,20765,0,0.0
medicine,overall_le2024,EMT_問卷_一般處置__source_missing,20765,0,0.0
medicine,overall_le2024,EMT_問卷_呼吸給氧裝置__NRM,20765,0,0.0
medicine,overall_le2024,EMT_問卷_呼吸給氧裝置__口咽呼吸道,20765,0,0.0
medicine,overall_le2024,EMT_問卷_呼吸給氧裝置__正壓給氧,20765,0,0.0
medicine,overall_le2024,EMT_問卷_呼吸給氧裝置__氧氣面罩,20765,0,0.0
medicine,overall_le2024,EMT_問卷_呼吸給氧裝置__氧氣鼻管,20765,0,0.0
medicine,overall_le2024,EMT_問卷_呼吸給氧裝置__鼻咽呼吸道,20765,0,0.0
medicine,overall_le2024,EMT_問卷_呼吸給氧裝置__OTHER_RARE,20765,0,0.0
medicine,overall_le2024,EMT_問卷_呼吸給氧裝置__source_available,20765,0,0.0
medicine,overall_le2024,EMT_問卷_呼吸給氧裝置__explicit_none,20765,0,0.0
medicine,overall_le2024,EMT_問卷_呼吸給氧裝置__source_missing,20765,0,0.0
medicine,overall_le2024,EMT_問卷_創傷處置__KED固定,20765,0,0.0
medicine,overall_le2024,EMT_問卷_創傷處置__包紮止血,20765,0,0.0
medicine,overall_le2024,EMT_問卷_創傷處置__夾板\三角巾,20765,0,0.0
medicine,overall_le2024,EMT_問卷_創傷處置__抽吸式護木,20765,0,0.0
medicine,overall_le2024,EMT_問卷_創傷處置__清洗傷口,20765,0,0.0
medicine,overall_le2024,EMT_問卷_創傷處置__長背板\頭部固定,20765,0,0.0
medicine,overall_le2024,EMT_問卷_創傷處置__頸圈,20765,0,0.0
medicine,overall_le2024,EMT_問卷_創傷處置__OTHER_RARE,20765,0,0.0
medicine,overall_le2024,EMT_問卷_創傷處置__source_available,20765,0,0.0
medicine,overall_le2024,EMT_問卷_創傷處置__explicit_none,20765,0,0.0
medicine,overall_le2024,EMT_問卷_創傷處置__source_missing,20765,0,0.0
medicine,overall_le2024,EMT_問卷_加護處置__0.9%N.S.,20765,0,0.0
medicine,overall_le2024,EMT_問卷_加護處置__5%G.W.,20765,0,0.0
medicine,overall_le2024,EMT_問卷_加護處置__50%G.W.,20765,0,0.0
medicine,overall_le2024,EMT_問卷_加護處置__Berotec支氣管擴張劑,20765,0,0.0
medicine,overall_le2024,EMT_問卷_加護處置__IV,20765,0,0.0
medicine,overall_le2024,EMT_問卷_加護處置__不建議AED電擊,20765,0,0.0
medicine,overall_le2024,EMT_問卷_加護處置__糖粉（水）,20765,0,0.0
medicine,overall_le2024,EMT_問卷_加護處置__OTHER_RARE,20765,0,0.0
medicine,overall_le2024,EMT_問卷_加護處置__source_available,20765,0,0.0
medicine,overall_le2024,EMT_問卷_加護處置__explicit_none,20765,0,0.0
medicine,overall_le2024,EMT_問卷_加護處置__source_missing,20765,0,0.0
medicine,overall_le2024,EMT_台北_呼吸處置__OTHER_RARE,20765,0,0.0
medicine,overall_le2024,EMT_台北_呼吸處置__source_available,20765,0,0.0
medicine,overall_le2024,EMT_台北_呼吸處置__explicit_none,20765,0,0.0
medicine,overall_le2024,EMT_台北_呼吸處置__source_missing,20765,0,0.0
medicine,overall_le2024,EMT_台北_CPR處置__OTHER_RARE,20765,0,0.0
medicine,overall_le2024,EMT_台北_CPR處置__source_available,20765,0,0.0
medicine,overall_le2024,EMT_台北_CPR處置__explicit_none,20765,0,0.0
medicine,overall_le2024,EMT_台北_CPR處置__source_missing,20765,0,0.0
medicine,overall_le2024,EMT_台北_藥物處置__OTHER_RARE,20765,0,0.0
medicine,overall_le2024,EMT_台北_藥物處置__source_available,20765,0,0.0
medicine,overall_le2024,EMT_台北_藥物處置__explicit_none,20765,0,0.0
medicine,overall_le2024,EMT_台北_藥物處置__source_missing,20765,0,0.0
medicine,overall_le2024,EMT_台北_創傷處置__包紮,20765,0,0.0
medicine,overall_le2024,EMT_台北_創傷處置__止血,20765,0,0.0
medicine,overall_le2024,EMT_台北_創傷處置__清洗傷口,20765,0,0.0
medicine,overall_le2024,EMT_台北_創傷處置__OTHER_RARE,20765,0,0.0
medicine,overall_le2024,EMT_台北_創傷處置__source_available,20765,0,0.0
medicine,overall_le2024,EMT_台北_創傷處置__explicit_none,20765,0,0.0
medicine,overall_le2024,EMT_台北_創傷處置__source_missing,20765,0,0.0
medicine,overall_le2024,EMT_台北_後送姿勢__半坐臥,20765,0,0.0
medicine,overall_le2024,EMT_台北_後送姿勢__平躺,20765,0,0.0
medicine,overall_le2024,EMT_台北_後送姿勢__OTHER_RARE,20765,0,0.0
medicine,overall_le2024,EMT_台北_後送姿勢__source_available,20765,0,0.0
medicine,overall_le2024,EMT_台北_後送姿勢__explicit_none,20765,0,0.0
medicine,overall_le2024,EMT_台北_後送姿勢__source_missing,20765,0,0.0
medicine,overall_le2024,EMT_台北_其他處置__保暖,20765,0,0.0
medicine,overall_le2024,EMT_台北_其他處置__心理支持,20765,0,0.0
medicine,overall_le2024,EMT_台北_其他處置__OTHER_RARE,20765,0,0.0
medicine,overall_le2024,EMT_台北_其他處置__source_available,20765,0,0.0
medicine,overall_le2024,EMT_台北_其他處置__explicit_none,20765,0,0.0
medicine,overall_le2024,EMT_台北_其他處置__source_missing,20765,0,0.0
medicine,overall_le2024,EMT_台北_給藥__OTHER_RARE,20765,0,0.0
medicine,overall_le2024,EMT_台北_給藥__source_available,20765,0,0.0
medicine,overall_le2024,EMT_台北_給藥__explicit_none,20765,0,0.0
medicine,overall_le2024,EMT_台北_給藥__source_missing,20765,0,0.0
medicine,overall_le2024,EMT_補述_紅旗__DNR.放棄急救,20765,0,0.0
medicine,overall_le2024,EMT_補述_紅旗__休克.低血壓,20765,0,0.0
medicine,overall_le2024,EMT_補述_紅旗__呼吸窘迫.低血氧,20765,0,0.0
medicine,overall_le2024,EMT_補述_紅旗__大出血,20765,0,0.0
medicine,overall_le2024,EMT_補述_紅旗__心跳呼吸停止.PEA,20765,0,0.0
medicine,overall_le2024,EMT_補述_紅旗__意識改變,20765,0,0.0
medicine,overall_le2024,EMT_補述_紅旗__抽搐,20765,0,0.0
medicine,overall_le2024,EMT_補述_紅旗__疑似中風,20765,0,0.0
medicine,overall_le2024,EMT_補述_紅旗__胸痛疑似ACS,20765,0,0.0
medicine,overall_le2024,EMT_補述_紅旗__OTHER_RARE,20765,0,0.0
medicine,overall_le2024,EMT_補述_紅旗__source_available,20765,0,0.0
medicine,overall_le2024,EMT_補述_紅旗__explicit_none,20765,0,0.0
medicine,overall_le2024,EMT_補述_紅旗__source_missing,20765,0,0.0
medicine,overall_le2024,EMT_問卷_過去病史__HIV(+),20765,0,0.0
medicine,overall_le2024,EMT_問卷_過去病史__不詳,20765,0,0.0
medicine,overall_le2024,EMT_問卷_過去病史__其他,20765,0,0.0
medicine,overall_le2024,EMT_問卷_過去病史__心臟疾病,20765,0,0.0
medicine,overall_le2024,EMT_問卷_過去病史__惡性腫瘤,20765,0,0.0
medicine,overall_le2024,EMT_問卷_過去病史__氣喘,20765,0,0.0
medicine,overall_le2024,EMT_問卷_過去病史__癲癇,20765,0,0.0
medicine,overall_le2024,EMT_問卷_過去病史__精神疾病,20765,0,0.0
medicine,overall_le2024,EMT_問卷_過去病史__糖尿病,20765,0,0.0
medicine,overall_le2024,EMT_問卷_過去病史__肝臟疾病,20765,0,0.0
medicine,overall_le2024,EMT_問卷_過去病史__肺臟疾病,20765,0,0.0
medicine,overall_le2024,EMT_問卷_過去病史__腎臟疾病,20765,0,0.0
medicine,overall_le2024,EMT_問卷_過去病史__腦血管疾病,20765,0,0.0
medicine,overall_le2024,EMT_問卷_過去病史__高血壓,20765,0,0.0
medicine,overall_le2024,EMT_問卷_過去病史__OTHER_RARE,20765,0,0.0
medicine,overall_le2024,EMT_問卷_過去病史__source_available,20765,0,0.0
medicine,overall_le2024,EMT_問卷_過去病史__explicit_none,20765,0,0.0
medicine,overall_le2024,EMT_問卷_過去病史__source_missing,20765,0,0.0
medicine,overall_le2024,EMT_問卷_過敏史__不詳,20765,0,0.0
medicine,overall_le2024,EMT_問卷_過敏史__其他,20765,0,0.0
medicine,overall_le2024,EMT_問卷_過敏史__藥物,20765,0,0.0
medicine,overall_le2024,EMT_問卷_過敏史__食物,20765,0,0.0
medicine,overall_le2024,EMT_問卷_過敏史__OTHER_RARE,20765,0,0.0
medicine,overall_le2024,EMT_問卷_過敏史__source_available,20765,0,0.0
medicine,overall_le2024,EMT_問卷_過敏史__explicit_none,20765,0,0.0
medicine,overall_le2024,EMT_問卷_過敏史__source_missing,20765,0,0.0
medicine,overall_le2024,has_oxygen,20765,16735,0.8059234288466169
medicine,overall_le2024,has_ventilatory_support,20765,16701,0.8042860582711293
medicine,overall_le2024,has_airway_adjunct,20765,16701,0.8042860582711293
medicine,overall_le2024,has_advanced_airway,20765,16701,0.8042860582711293
medicine,overall_le2024,has_ALS_procedure,20765,17943,0.8640982422345292
medicine,overall_le2024,EMT_現場_收縮壓_ord,20765,313,0.015073440886106428
medicine,overall_le2024,EMT_現場_收縮壓_for_score,20765,1010,0.04863953768360221
medicine,overall_le2024,EMT_車上_收縮壓_for_score,20765,1944,0.09361907055140863
medicine,overall_le2024,EMT_現場_收縮壓_unmeasurable,20765,0,0.0
medicine,overall_le2024,EMT_車上_收縮壓_unmeasurable,20765,0,0.0
medicine,overall_le2024,MISS_EMT_現場_收縮壓_for_score,20765,0,0.0
medicine,overall_le2024,MISS_EMT_車上_收縮壓_for_score,20765,0,0.0
medicine,overall_le2024,prehosp_sbp,20765,899,0.04329400433421623
medicine,overall_le2024,prehosp_dbp,20765,2506,0.12068384300505658
medicine,overall_le2024,prehosp_hr,20765,1013,0.04878401155790994
medicine,overall_le2024,prehosp_rr,20765,1013,0.04878401155790994
medicine,overall_le2024,prehosp_spo2,20765,1024,0.049313749097038284
medicine,overall_le2024,prehosp_bt,20765,1021,0.049169275222730555
medicine,overall_le2024,prehosp_gcs,20765,1219,0.058704550927040695
medicine,overall_le2024,prehosp_gcs_e,20765,1211,0.05831928726222008
medicine,overall_le2024,prehosp_gcs_v,20765,1218,0.05865639296893812
medicine,overall_le2024,prehosp_gcs_m,20765,1211,0.05831928726222008
medicine,overall_le2024,is_OHCA_hr0,20765,0,0.0
medicine,overall_le2024,現場時間,20765,12,0.0005778954972309174
medicine,overall_le2024,運送時間,20765,12,0.0005778954972309174
medicine,overall_le2024,派遣時間,20765,932,0.04488321695160125
medicine,overall_le2024,總到院前時間,20765,932,0.04488321695160125
medicine,overall_le2024,MISS_現場時間,20765,0,0.0
medicine,overall_le2024,MISS_運送時間,20765,0,0.0
medicine,overall_le2024,MISS_派遣時間,20765,0,0.0
medicine,overall_le2024,MISS_總到院前時間,20765,0,0.0
medicine,overall_le2024,MAP,20765,2506,0.12068384300505658
medicine,overall_le2024,MISS_MAP,20765,0,0.0
medicine,overall_le2024,SI,20765,1023,0.04926559113893571
medicine,overall_le2024,MISS_SI,20765,0,0.0
medicine,overall_le2024,mSI,20765,2506,0.12068384300505658
medicine,overall_le2024,MISS_mSI,20765,0,0.0
medicine,overall_le2024,aSI,20765,1033,0.04974717071996147
medicine,overall_le2024,MISS_aSI,20765,0,0.0
medicine,overall_le2024,rSI,20765,1023,0.04926559113893571
medicine,overall_le2024,MISS_rSI,20765,0,0.0
medicine,overall_le2024,rSIG,20765,1229,0.05918613050806646
medicine,overall_le2024,MISS_rSIG,20765,0,0.0
medicine,overall_le2024,rSIG_Age,20765,1239,0.059667710089092225
medicine,overall_le2024,MISS_rSIG_Age,20765,0,0.0
medicine,overall_le2024,SI_G,20765,1229,0.05918613050806646
medicine,overall_le2024,MISS_SI_G,20765,0,0.0
medicine,overall_le2024,SIA_G,20765,1239,0.059667710089092225
medicine,overall_le2024,MISS_SIA_G,20765,0,0.0
medicine,overall_le2024,SIAVPU,20765,1023,0.04926559113893571
medicine,overall_le2024,MISS_SIAVPU,20765,0,0.0
medicine,overall_le2024,sMS,20765,1211,0.05831928726222008
medicine,overall_le2024,MISS_sMS,20765,0,0.0
medicine,overall_le2024,rSI_sMS,20765,1221,0.05880086684324585
medicine,overall_le2024,MISS_rSI_sMS,20765,0,0.0
medicine,overall_le2024,rSI_GCS,20765,1229,0.05918613050806646
medicine,overall_le2024,MISS_rSI_GCS,20765,0,0.0
medicine,overall_le2024,rSI_GCSM,20765,1221,0.05880086684324585
medicine,overall_le2024,MISS_rSI_GCSM,20765,0,0.0
medicine,overall_le2024,qSOFA,20765,1023,0.04926559113893571
medicine,overall_le2024,qSOFA_available,20765,0,0.0
medicine,overall_le2024,qSOFA_observed_components,20765,0,0.0
medicine,overall_le2024,qSOFA_required_components,20765,0,0.0
medicine,overall_le2024,MISS_qSOFA,20765,0,0.0
medicine,overall_le2024,NEWS2,20765,16869,0.8123765952323622
medicine,overall_le2024,NEWS2_available,20765,0,0.0
medicine,overall_le2024,NEWS2_observed_components,20765,0,0.0
medicine,overall_le2024,NEWS2_required_components,20765,0,0.0
medicine,overall_le2024,MISS_NEWS2,20765,0,0.0
medicine,overall_le2024,MEWS,20765,1026,0.04941006501324344
medicine,overall_le2024,MEWS_available,20765,0,0.0
medicine,overall_le2024,MEWS_observed_components,20765,0,0.0
medicine,overall_le2024,MEWS_required_components,20765,0,0.0
medicine,overall_le2024,MISS_MEWS,20765,0,0.0
medicine,overall_le2024,REMS,20765,2698,0.12993017096075127
medicine,overall_le2024,REMS_available,20765,0,0.0
medicine,overall_le2024,REMS_observed_components,20765,0,0.0
medicine,overall_le2024,REMS_required_components,20765,0,0.0
medicine,overall_le2024,MISS_REMS,20765,0,0.0
medicine,overall_le2024,RTS,20765,1229,0.05918613050806646
medicine,overall_le2024,RTS_available,20765,0,0.0
medicine,overall_le2024,RTS_observed_components,20765,0,0.0
medicine,overall_le2024,RTS_required_components,20765,0,0.0
medicine,overall_le2024,MISS_RTS,20765,0,0.0
medicine,overall_le2024,kw_ohca,20765,0,0.0
medicine,overall_le2024,kw_chest_pain,20765,0,0.0
medicine,overall_le2024,kw_dyspnea,20765,0,0.0
medicine,overall_le2024,kw_bleeding,20765,0,0.0
medicine,overall_le2024,kw_stroke,20765,0,0.0
medicine,overall_le2024,kw_trauma,20765,0,0.0
medicine,overall_le2024,kw_seizure,20765,0,0.0
medicine,overall_le2024,kw_unconscious,20765,0,0.0
medicine,overall_le2024,is_text_missing,20765,0,0.0
medicine,overall_le2024,text_source_count,20765,0,0.0
medicine,overall_le2024,text_char_count,20765,0,0.0
surgery,train_2020_2023,EMT_年齡,8731,4,0.0004581376703699462
surgery,train_2020_2023,MISS_EMT_年齡,8731,0,0.0
surgery,train_2020_2023,MISSREASON_EMT_年齡__source_missing,8731,0,0.0
surgery,train_2020_2023,MISSREASON_EMT_年齡__not_measured,8731,0,0.0
surgery,train_2020_2023,MISSREASON_EMT_年齡__sentinel,8731,0,0.0
surgery,train_2020_2023,MISSREASON_EMT_年齡__invalid_or_out_of_range,8731,0,0.0
surgery,train_2020_2023,EMT_發生地點_到慈濟_開車km,8731,7,0.0008017409231474057
surgery,train_2020_2023,MISS_EMT_發生地點_到慈濟_開車km,8731,0,0.0
surgery,train_2020_2023,MISSREASON_EMT_發生地點_到慈濟_開車km__source_missing,8731,0,0.0
surgery,train_2020_2023,MISSREASON_EMT_發生地點_到慈濟_開車km__not_measured,8731,0,0.0
surgery,train_2020_2023,MISSREASON_EMT_發生地點_到慈濟_開車km__sentinel,8731,0,0.0
surgery,train_2020_2023,MISSREASON_EMT_發生地點_到慈濟_開車km__invalid_or_out_of_range,8731,0,0.0
surgery,train_2020_2023,EMT_發生地點_到慈濟_直線km,8731,7,0.0008017409231474057
surgery,train_2020_2023,MISS_EMT_發生地點_到慈濟_直線km,8731,0,0.0
surgery,train_2020_2023,MISSREASON_EMT_發生地點_到慈濟_直線km__source_missing,8731,0,0.0
surgery,train_2020_2023,MISSREASON_EMT_發生地點_到慈濟_直線km__not_measured,8731,0,0.0
surgery,train_2020_2023,MISSREASON_EMT_發生地點_到慈濟_直線km__sentinel,8731,0,0.0
surgery,train_2020_2023,MISSREASON_EMT_發生地點_到慈濟_直線km__invalid_or_out_of_range,8731,0,0.0
surgery,train_2020_2023,EMT_反應時間分,8731,17,0.0019470850990722713
surgery,train_2020_2023,MISS_EMT_反應時間分,8731,0,0.0
surgery,train_2020_2023,MISSREASON_EMT_反應時間分__source_missing,8731,0,0.0
surgery,train_2020_2023,MISSREASON_EMT_反應時間分__not_measured,8731,0,0.0
surgery,train_2020_2023,MISSREASON_EMT_反應時間分__sentinel,8731,0,0.0
surgery,train_2020_2023,MISSREASON_EMT_反應時間分__invalid_or_out_of_range,8731,0,0.0
surgery,train_2020_2023,EMT_現場停留分,8731,4,0.0004581376703699462
surgery,train_2020_2023,MISS_EMT_現場停留分,8731,0,0.0
surgery,train_2020_2023,MISSREASON_EMT_現場停留分__source_missing,8731,0,0.0
surgery,train_2020_2023,MISSREASON_EMT_現場停留分__not_measured,8731,0,0.0
surgery,train_2020_2023,MISSREASON_EMT_現場停留分__sentinel,8731,0,0.0
surgery,train_2020_2023,MISSREASON_EMT_現場停留分__invalid_or_out_of_range,8731,0,0.0
surgery,train_2020_2023,EMT_送醫途中分,8731,5,0.0005726720879624327
surgery,train_2020_2023,MISS_EMT_送醫途中分,8731,0,0.0
surgery,train_2020_2023,MISSREASON_EMT_送醫途中分__source_missing,8731,0,0.0
surgery,train_2020_2023,MISSREASON_EMT_送醫途中分__not_measured,8731,0,0.0
surgery,train_2020_2023,MISSREASON_EMT_送醫途中分__sentinel,8731,0,0.0
surgery,train_2020_2023,MISSREASON_EMT_送醫途中分__invalid_or_out_of_range,8731,0,0.0
surgery,train_2020_2023,EMT_現場_舒張壓,8731,8731,1.0
surgery,train_2020_2023,MISS_EMT_現場_舒張壓,8731,0,0.0
surgery,train_2020_2023,MISSREASON_EMT_現場_舒張壓__source_missing,8731,0,0.0
surgery,train_2020_2023,MISSREASON_EMT_現場_舒張壓__not_measured,8731,0,0.0
surgery,train_2020_2023,MISSREASON_EMT_現場_舒張壓__sentinel,8731,0,0.0
surgery,train_2020_2023,MISSREASON_EMT_現場_舒張壓__invalid_or_out_of_range,8731,0,0.0
surgery,train_2020_2023,EMT_現場_脈搏,8731,69,0.007902874813881572
surgery,train_2020_2023,MISS_EMT_現場_脈搏,8731,0,0.0
surgery,train_2020_2023,MISSREASON_EMT_現場_脈搏__source_missing,8731,0,0.0
surgery,train_2020_2023,MISSREASON_EMT_現場_脈搏__not_measured,8731,0,0.0
surgery,train_2020_2023,MISSREASON_EMT_現場_脈搏__sentinel,8731,0,0.0
surgery,train_2020_2023,MISSREASON_EMT_現場_脈搏__invalid_or_out_of_range,8731,0,0.0
surgery,train_2020_2023,EMT_現場_呼吸,8731,67,0.007673805978696598
surgery,train_2020_2023,MISS_EMT_現場_呼吸,8731,0,0.0
surgery,train_2020_2023,MISSREASON_EMT_現場_呼吸__source_missing,8731,0,0.0
surgery,train_2020_2023,MISSREASON_EMT_現場_呼吸__not_measured,8731,0,0.0
surgery,train_2020_2023,MISSREASON_EMT_現場_呼吸__sentinel,8731,0,0.0
surgery,train_2020_2023,MISSREASON_EMT_現場_呼吸__invalid_or_out_of_range,8731,0,0.0
surgery,train_2020_2023,EMT_現場_SPO2,8731,76,0.008704615737028977
surgery,train_2020_2023,MISS_EMT_現場_SPO2,8731,0,0.0
surgery,train_2020_2023,MISSREASON_EMT_現場_SPO2__source_missing,8731,0,0.0
surgery,train_2020_2023,MISSREASON_EMT_現場_SPO2__not_measured,8731,0,0.0
surgery,train_2020_2023,MISSREASON_EMT_現場_SPO2__sentinel,8731,0,0.0
surgery,train_2020_2023,MISSREASON_EMT_現場_SPO2__invalid_or_out_of_range,8731,0,0.0
surgery,train_2020_2023,EMT_現場_體溫,8731,76,0.008704615737028977
surgery,train_2020_2023,MISS_EMT_現場_體溫,8731,0,0.0
surgery,train_2020_2023,MISSREASON_EMT_現場_體溫__source_missing,8731,0,0.0
surgery,train_2020_2023,MISSREASON_EMT_現場_體溫__not_measured,8731,0,0.0
surgery,train_2020_2023,MISSREASON_EMT_現場_體溫__sentinel,8731,0,0.0
surgery,train_2020_2023,MISSREASON_EMT_現場_體溫__invalid_or_out_of_range,8731,0,0.0
surgery,train_2020_2023,EMT_現場_GCS,8731,73,0.008361012484251518
surgery,train_2020_2023,MISS_EMT_現場_GCS,8731,0,0.0
surgery,train_2020_2023,MISSREASON_EMT_現場_GCS__source_missing,8731,0,0.0
surgery,train_2020_2023,MISSREASON_EMT_現場_GCS__not_measured,8731,0,0.0
surgery,train_2020_2023,MISSREASON_EMT_現場_GCS__sentinel,8731,0,0.0
surgery,train_2020_2023,MISSREASON_EMT_現場_GCS__invalid_or_out_of_range,8731,0,0.0
surgery,train_2020_2023,EMT_現場_GCS_E,8731,72,0.00824647806665903
surgery,train_2020_2023,MISS_EMT_現場_GCS_E,8731,0,0.0
surgery,train_2020_2023,MISSREASON_EMT_現場_GCS_E__source_missing,8731,0,0.0
surgery,train_2020_2023,MISSREASON_EMT_現場_GCS_E__not_measured,8731,0,0.0
surgery,train_2020_2023,MISSREASON_EMT_現場_GCS_E__sentinel,8731,0,0.0
surgery,train_2020_2023,MISSREASON_EMT_現場_GCS_E__invalid_or_out_of_range,8731,0,0.0
surgery,train_2020_2023,EMT_現場_GCS_V,8731,73,0.008361012484251518
surgery,train_2020_2023,MISS_EMT_現場_GCS_V,8731,0,0.0
surgery,train_2020_2023,MISSREASON_EMT_現場_GCS_V__source_missing,8731,0,0.0
surgery,train_2020_2023,MISSREASON_EMT_現場_GCS_V__not_measured,8731,0,0.0
surgery,train_2020_2023,MISSREASON_EMT_現場_GCS_V__sentinel,8731,0,0.0
surgery,train_2020_2023,MISSREASON_EMT_現場_GCS_V__invalid_or_out_of_range,8731,0,0.0
surgery,train_2020_2023,EMT_現場_GCS_M,8731,72,0.00824647806665903
surgery,train_2020_2023,MISS_EMT_現場_GCS_M,8731,0,0.0
surgery,train_2020_2023,MISSREASON_EMT_現場_GCS_M__source_missing,8731,0,0.0
surgery,train_2020_2023,MISSREASON_EMT_現場_GCS_M__not_measured,8731,0,0.0
surgery,train_2020_2023,MISSREASON_EMT_現場_GCS_M__sentinel,8731,0,0.0
surgery,train_2020_2023,MISSREASON_EMT_現場_GCS_M__invalid_or_out_of_range,8731,0,0.0
surgery,train_2020_2023,EMT_車上_舒張壓,8731,465,0.05325850418050624
surgery,train_2020_2023,MISS_EMT_車上_舒張壓,8731,0,0.0
surgery,train_2020_2023,MISSREASON_EMT_車上_舒張壓__source_missing,8731,0,0.0
surgery,train_2020_2023,MISSREASON_EMT_車上_舒張壓__not_measured,8731,0,0.0
surgery,train_2020_2023,MISSREASON_EMT_車上_舒張壓__sentinel,8731,0,0.0
surgery,train_2020_2023,MISSREASON_EMT_車上_舒張壓__invalid_or_out_of_range,8731,0,0.0
surgery,train_2020_2023,EMT_車上_脈搏,8731,306,0.03504753178330088
surgery,train_2020_2023,MISS_EMT_車上_脈搏,8731,0,0.0
surgery,train_2020_2023,MISSREASON_EMT_車上_脈搏__source_missing,8731,0,0.0
surgery,train_2020_2023,MISSREASON_EMT_車上_脈搏__not_measured,8731,0,0.0
surgery,train_2020_2023,MISSREASON_EMT_車上_脈搏__sentinel,8731,0,0.0
surgery,train_2020_2023,MISSREASON_EMT_車上_脈搏__invalid_or_out_of_range,8731,0,0.0
surgery,train_2020_2023,EMT_車上_呼吸,8731,307,0.03516206620089337
surgery,train_2020_2023,MISS_EMT_車上_呼吸,8731,0,0.0
surgery,train_2020_2023,MISSREASON_EMT_車上_呼吸__source_missing,8731,0,0.0
surgery,train_2020_2023,MISSREASON_EMT_車上_呼吸__not_measured,8731,0,0.0
surgery,train_2020_2023,MISSREASON_EMT_車上_呼吸__sentinel,8731,0,0.0
surgery,train_2020_2023,MISSREASON_EMT_車上_呼吸__invalid_or_out_of_range,8731,0,0.0
surgery,train_2020_2023,EMT_車上_SPO2,8731,307,0.03516206620089337
surgery,train_2020_2023,MISS_EMT_車上_SPO2,8731,0,0.0
surgery,train_2020_2023,MISSREASON_EMT_車上_SPO2__source_missing,8731,0,0.0
surgery,train_2020_2023,MISSREASON_EMT_車上_SPO2__not_measured,8731,0,0.0
surgery,train_2020_2023,MISSREASON_EMT_車上_SPO2__sentinel,8731,0,0.0
surgery,train_2020_2023,MISSREASON_EMT_車上_SPO2__invalid_or_out_of_range,8731,0,0.0
surgery,train_2020_2023,EMT_車上_體溫,8731,316,0.03619287595922575
surgery,train_2020_2023,MISS_EMT_車上_體溫,8731,0,0.0
surgery,train_2020_2023,MISSREASON_EMT_車上_體溫__source_missing,8731,0,0.0
surgery,train_2020_2023,MISSREASON_EMT_車上_體溫__not_measured,8731,0,0.0
surgery,train_2020_2023,MISSREASON_EMT_車上_體溫__sentinel,8731,0,0.0
surgery,train_2020_2023,MISSREASON_EMT_車上_體溫__invalid_or_out_of_range,8731,0,0.0
surgery,train_2020_2023,EMT_車上_GCS,8731,85,0.009735425495361357
surgery,train_2020_2023,MISS_EMT_車上_GCS,8731,0,0.0
surgery,train_2020_2023,MISSREASON_EMT_車上_GCS__source_missing,8731,0,0.0
surgery,train_2020_2023,MISSREASON_EMT_車上_GCS__not_measured,8731,0,0.0
surgery,train_2020_2023,MISSREASON_EMT_車上_GCS__sentinel,8731,0,0.0
surgery,train_2020_2023,MISSREASON_EMT_車上_GCS__invalid_or_out_of_range,8731,0,0.0
surgery,train_2020_2023,EMT_車上_GCS_E,8731,84,0.009620891077768869
surgery,train_2020_2023,MISS_EMT_車上_GCS_E,8731,0,0.0
surgery,train_2020_2023,MISSREASON_EMT_車上_GCS_E__source_missing,8731,0,0.0
surgery,train_2020_2023,MISSREASON_EMT_車上_GCS_E__not_measured,8731,0,0.0
surgery,train_2020_2023,MISSREASON_EMT_車上_GCS_E__sentinel,8731,0,0.0
surgery,train_2020_2023,MISSREASON_EMT_車上_GCS_E__invalid_or_out_of_range,8731,0,0.0
surgery,train_2020_2023,EMT_車上_GCS_V,8731,85,0.009735425495361357
surgery,train_2020_2023,MISS_EMT_車上_GCS_V,8731,0,0.0
surgery,train_2020_2023,MISSREASON_EMT_車上_GCS_V__source_missing,8731,0,0.0
surgery,train_2020_2023,MISSREASON_EMT_車上_GCS_V__not_measured,8731,0,0.0
surgery,train_2020_2023,MISSREASON_EMT_車上_GCS_V__sentinel,8731,0,0.0
surgery,train_2020_2023,MISSREASON_EMT_車上_GCS_V__invalid_or_out_of_range,8731,0,0.0
surgery,train_2020_2023,EMT_車上_GCS_M,8731,84,0.009620891077768869
surgery,train_2020_2023,MISS_EMT_車上_GCS_M,8731,0,0.0
surgery,train_2020_2023,MISSREASON_EMT_車上_GCS_M__source_missing,8731,0,0.0
surgery,train_2020_2023,MISSREASON_EMT_車上_GCS_M__not_measured,8731,0,0.0
surgery,train_2020_2023,MISSREASON_EMT_車上_GCS_M__sentinel,8731,0,0.0
surgery,train_2020_2023,MISSREASON_EMT_車上_GCS_M__invalid_or_out_of_range,8731,0,0.0
surgery,train_2020_2023,EMT_生命徵象量測次數,8731,227,0.025999312793494444
surgery,train_2020_2023,MISS_EMT_生命徵象量測次數,8731,0,0.0
surgery,train_2020_2023,MISSREASON_EMT_生命徵象量測次數__source_missing,8731,0,0.0
surgery,train_2020_2023,MISSREASON_EMT_生命徵象量測次數__not_measured,8731,0,0.0
surgery,train_2020_2023,MISSREASON_EMT_生命徵象量測次數__sentinel,8731,0,0.0
surgery,train_2020_2023,MISSREASON_EMT_生命徵象量測次數__invalid_or_out_of_range,8731,0,0.0
surgery,train_2020_2023,EMT_問卷_疼痛指數,8731,473,0.054174779521246136
surgery,train_2020_2023,MISS_EMT_問卷_疼痛指數,8731,0,0.0
surgery,train_2020_2023,MISSREASON_EMT_問卷_疼痛指數__source_missing,8731,0,0.0
surgery,train_2020_2023,MISSREASON_EMT_問卷_疼痛指數__not_measured,8731,0,0.0
surgery,train_2020_2023,MISSREASON_EMT_問卷_疼痛指數__sentinel,8731,0,0.0
surgery,train_2020_2023,MISSREASON_EMT_問卷_疼痛指數__invalid_or_out_of_range,8731,0,0.0
surgery,train_2020_2023,EMT_問卷_左瞳孔尺寸mm,8731,388,0.04443935402588478
surgery,train_2020_2023,MISS_EMT_問卷_左瞳孔尺寸mm,8731,0,0.0
surgery,train_2020_2023,MISSREASON_EMT_問卷_左瞳孔尺寸mm__source_missing,8731,0,0.0
surgery,train_2020_2023,MISSREASON_EMT_問卷_左瞳孔尺寸mm__not_measured,8731,0,0.0
surgery,train_2020_2023,MISSREASON_EMT_問卷_左瞳孔尺寸mm__sentinel,8731,0,0.0
surgery,train_2020_2023,MISSREASON_EMT_問卷_左瞳孔尺寸mm__invalid_or_out_of_range,8731,0,0.0
surgery,train_2020_2023,EMT_問卷_右瞳孔尺寸mm,8731,380,0.043523078685144885
surgery,train_2020_2023,MISS_EMT_問卷_右瞳孔尺寸mm,8731,0,0.0
surgery,train_2020_2023,MISSREASON_EMT_問卷_右瞳孔尺寸mm__source_missing,8731,0,0.0
surgery,train_2020_2023,MISSREASON_EMT_問卷_右瞳孔尺寸mm__not_measured,8731,0,0.0
surgery,train_2020_2023,MISSREASON_EMT_問卷_右瞳孔尺寸mm__sentinel,8731,0,0.0
surgery,train_2020_2023,MISSREASON_EMT_問卷_右瞳孔尺寸mm__invalid_or_out_of_range,8731,0,0.0
surgery,train_2020_2023,EMT_問卷_血糖值mgdl,8731,8314,0.9522391478639332
surgery,train_2020_2023,MISS_EMT_問卷_血糖值mgdl,8731,0,0.0
surgery,train_2020_2023,MISSREASON_EMT_問卷_血糖值mgdl__source_missing,8731,0,0.0
surgery,train_2020_2023,MISSREASON_EMT_問卷_血糖值mgdl__not_measured,8731,0,0.0
surgery,train_2020_2023,MISSREASON_EMT_問卷_血糖值mgdl__sentinel,8731,0,0.0
surgery,train_2020_2023,MISSREASON_EMT_問卷_血糖值mgdl__invalid_or_out_of_range,8731,0,0.0
surgery,train_2020_2023,EMT_問卷_氧氣流量Lmin,8731,8613,0.9864849387240866
surgery,train_2020_2023,MISS_EMT_問卷_氧氣流量Lmin,8731,0,0.0
surgery,train_2020_2023,MISSREASON_EMT_問卷_氧氣流量Lmin__source_missing,8731,0,0.0
surgery,train_2020_2023,MISSREASON_EMT_問卷_氧氣流量Lmin__not_measured,8731,0,0.0
surgery,train_2020_2023,MISSREASON_EMT_問卷_氧氣流量Lmin__sentinel,8731,0,0.0
surgery,train_2020_2023,MISSREASON_EMT_問卷_氧氣流量Lmin__invalid_or_out_of_range,8731,0,0.0
surgery,train_2020_2023,EMT_問卷_靜脈輸液量ml,8731,8629,0.9883174894055664
surgery,train_2020_2023,MISS_EMT_問卷_靜脈輸液量ml,8731,0,0.0
surgery,train_2020_2023,MISSREASON_EMT_問卷_靜脈輸液量ml__source_missing,8731,0,0.0
surgery,train_2020_2023,MISSREASON_EMT_問卷_靜脈輸液量ml__not_measured,8731,0,0.0
surgery,train_2020_2023,MISSREASON_EMT_問卷_靜脈輸液量ml__sentinel,8731,0,0.0
surgery,train_2020_2023,MISSREASON_EMT_問卷_靜脈輸液量ml__invalid_or_out_of_range,8731,0,0.0
surgery,train_2020_2023,EMT_體重,8731,328,0.03756728897033559
surgery,train_2020_2023,MISS_EMT_體重,8731,0,0.0
surgery,train_2020_2023,MISSREASON_EMT_體重__source_missing,8731,0,0.0
surgery,train_2020_2023,MISSREASON_EMT_體重__not_measured,8731,0,0.0
surgery,train_2020_2023,MISSREASON_EMT_體重__sentinel,8731,0,0.0
surgery,train_2020_2023,MISSREASON_EMT_體重__invalid_or_out_of_range,8731,0,0.0
surgery,train_2020_2023,EMT_燒燙傷一級%,8731,227,0.025999312793494444
surgery,train_2020_2023,MISS_EMT_燒燙傷一級%,8731,0,0.0
surgery,train_2020_2023,MISSREASON_EMT_燒燙傷一級%__source_missing,8731,0,0.0
surgery,train_2020_2023,MISSREASON_EMT_燒燙傷一級%__not_measured,8731,0,0.0
surgery,train_2020_2023,MISSREASON_EMT_燒燙傷一級%__sentinel,8731,0,0.0
surgery,train_2020_2023,MISSREASON_EMT_燒燙傷一級%__invalid_or_out_of_range,8731,0,0.0
surgery,train_2020_2023,EMT_燒燙傷二級%,8731,227,0.025999312793494444
surgery,train_2020_2023,MISS_EMT_燒燙傷二級%,8731,0,0.0
surgery,train_2020_2023,MISSREASON_EMT_燒燙傷二級%__source_missing,8731,0,0.0
surgery,train_2020_2023,MISSREASON_EMT_燒燙傷二級%__not_measured,8731,0,0.0
surgery,train_2020_2023,MISSREASON_EMT_燒燙傷二級%__sentinel,8731,0,0.0
surgery,train_2020_2023,MISSREASON_EMT_燒燙傷二級%__invalid_or_out_of_range,8731,0,0.0
surgery,train_2020_2023,EMT_燒燙傷三級%,8731,227,0.025999312793494444
surgery,train_2020_2023,MISS_EMT_燒燙傷三級%,8731,0,0.0
surgery,train_2020_2023,MISSREASON_EMT_燒燙傷三級%__source_missing,8731,0,0.0
surgery,train_2020_2023,MISSREASON_EMT_燒燙傷三級%__not_measured,8731,0,0.0
surgery,train_2020_2023,MISSREASON_EMT_燒燙傷三級%__sentinel,8731,0,0.0
surgery,train_2020_2023,MISSREASON_EMT_燒燙傷三級%__invalid_or_out_of_range,8731,0,0.0
surgery,train_2020_2023,EMT_燒燙傷總%,8731,227,0.025999312793494444
surgery,train_2020_2023,MISS_EMT_燒燙傷總%,8731,0,0.0
surgery,train_2020_2023,MISSREASON_EMT_燒燙傷總%__source_missing,8731,0,0.0
surgery,train_2020_2023,MISSREASON_EMT_燒燙傷總%__not_measured,8731,0,0.0
surgery,train_2020_2023,MISSREASON_EMT_燒燙傷總%__sentinel,8731,0,0.0
surgery,train_2020_2023,MISSREASON_EMT_燒燙傷總%__invalid_or_out_of_range,8731,0,0.0
surgery,train_2020_2023,EMT_城市__台北,8731,0,0.0
surgery,train_2020_2023,EMT_城市__新北,8731,0,0.0
surgery,train_2020_2023,EMT_城市__OTHER_RARE,8731,0,0.0
surgery,train_2020_2023,EMT_城市__MISSING,8731,0,0.0
surgery,train_2020_2023,EMT_性別__女,8731,0,0.0
surgery,train_2020_2023,EMT_性別__男,8731,0,0.0
surgery,train_2020_2023,EMT_性別__OTHER_RARE,8731,0,0.0
surgery,train_2020_2023,EMT_性別__MISSING,8731,0,0.0
surgery,train_2020_2023,EMT_送醫路由__家屬指定送醫,8731,0,0.0
surgery,train_2020_2023,EMT_送醫路由__就近適當,8731,0,0.0
surgery,train_2020_2023,EMT_送醫路由__指揮中心,8731,0,0.0
surgery,train_2020_2023,EMT_送醫路由__OTHER_RARE,8731,0,0.0
surgery,train_2020_2023,EMT_送醫路由__MISSING,8731,0,0.0
surgery,train_2020_2023,EMT_危急個案__0.0,8731,0,0.0
surgery,train_2020_2023,EMT_危急個案__1.0,8731,0,0.0
surgery,train_2020_2023,EMT_危急個案__OTHER_RARE,8731,0,0.0
surgery,train_2020_2023,EMT_危急個案__MISSING,8731,0,0.0
surgery,train_2020_2023,EMT_發生地區__三峽區,8731,0,0.0
surgery,train_2020_2023,EMT_發生地區__三重區,8731,0,0.0
surgery,train_2020_2023,EMT_發生地區__中和區,8731,0,0.0
surgery,train_2020_2023,EMT_發生地區__土城區,8731,0,0.0
surgery,train_2020_2023,EMT_發生地區__坪林區,8731,0,0.0
surgery,train_2020_2023,EMT_發生地區__市文山區,8731,0,0.0
surgery,train_2020_2023,EMT_發生地區__新店區,8731,0,0.0
surgery,train_2020_2023,EMT_發生地區__新莊區,8731,0,0.0
surgery,train_2020_2023,EMT_發生地區__板橋區,8731,0,0.0
surgery,train_2020_2023,EMT_發生地區__樹林區,8731,0,0.0
surgery,train_2020_2023,EMT_發生地區__永和區,8731,0,0.0
surgery,train_2020_2023,EMT_發生地區__深坑區,8731,0,0.0
surgery,train_2020_2023,EMT_發生地區__烏來區,8731,0,0.0
surgery,train_2020_2023,EMT_發生地區__石碇區,8731,0,0.0
surgery,train_2020_2023,EMT_發生地區__蘆洲區,8731,0,0.0
surgery,train_2020_2023,EMT_發生地區__OTHER_RARE,8731,0,0.0
surgery,train_2020_2023,EMT_發生地區__MISSING,8731,0,0.0
surgery,train_2020_2023,EMT_距離_定位信心__Google地標,8731,0,0.0
surgery,train_2020_2023,EMT_距離_定位信心__區內概略,8731,0,0.0
surgery,train_2020_2023,EMT_距離_定位信心__國道概略,8731,0,0.0
surgery,train_2020_2023,EMT_距離_定位信心__無,8731,0,0.0
surgery,train_2020_2023,EMT_距離_定位信心__號,8731,0,0.0
surgery,train_2020_2023,EMT_距離_定位信心__路名概略(OSM),8731,0,0.0
surgery,train_2020_2023,EMT_距離_定位信心__路段中心,8731,0,0.0
surgery,train_2020_2023,EMT_距離_定位信心__OTHER_RARE,8731,0,0.0
surgery,train_2020_2023,EMT_距離_定位信心__MISSING,8731,0,0.0
surgery,train_2020_2023,EMT_現場_意識__否,8731,0,0.0
surgery,train_2020_2023,EMT_現場_意識__清,8731,0,0.0
surgery,train_2020_2023,EMT_現場_意識__痛,8731,0,0.0
surgery,train_2020_2023,EMT_現場_意識__聲,8731,0,0.0
surgery,train_2020_2023,EMT_現場_意識__OTHER_RARE,8731,0,0.0
surgery,train_2020_2023,EMT_現場_意識__MISSING,8731,0,0.0
surgery,train_2020_2023,EMT_派遣分類__BLS,8731,0,0.0
surgery,train_2020_2023,EMT_派遣分類__OTHER_RARE,8731,0,0.0
surgery,train_2020_2023,EMT_派遣分類__MISSING,8731,0,0.0
surgery,train_2020_2023,EMT_派遣原因__救護,8731,0,0.0
surgery,train_2020_2023,EMT_派遣原因__救護-一般受傷,8731,0,0.0
surgery,train_2020_2023,EMT_派遣原因__救護-其它,8731,0,0.0
surgery,train_2020_2023,EMT_派遣原因__救護-割腕,8731,0,0.0
surgery,train_2020_2023,EMT_派遣原因__救護-吞食藥物,8731,0,0.0
surgery,train_2020_2023,EMT_派遣原因__救護-孕婦待產,8731,0,0.0
surgery,train_2020_2023,EMT_派遣原因__救護-急病,8731,0,0.0
surgery,train_2020_2023,EMT_派遣原因__救護-打架受傷,8731,0,0.0
surgery,train_2020_2023,EMT_派遣原因__救護-精神異常,8731,0,0.0
surgery,train_2020_2023,EMT_派遣原因__救護-路倒,8731,0,0.0
surgery,train_2020_2023,EMT_派遣原因__救護-車禍,8731,0,0.0
surgery,train_2020_2023,EMT_派遣原因__火警-集合住宅,8731,0,0.0
surgery,train_2020_2023,EMT_派遣原因__緊急救援-其他,8731,0,0.0
surgery,train_2020_2023,EMT_派遣原因__緊急救援-車禍救助,8731,0,0.0
surgery,train_2020_2023,EMT_派遣原因__OTHER_RARE,8731,0,0.0
surgery,train_2020_2023,EMT_派遣原因__MISSING,8731,0,0.0
surgery,train_2020_2023,EMT_問卷_創傷導致的主訴群__肢體麻痺,8731,0,0.0
surgery,train_2020_2023,EMT_問卷_創傷導致的主訴群__背部疼痛,8731,0,0.0
surgery,train_2020_2023,EMT_問卷_創傷導致的主訴群__胸痛/悶,8731,0,0.0
surgery,train_2020_2023,EMT_問卷_創傷導致的主訴群__OTHER_RARE,8731,0,0.0
surgery,train_2020_2023,EMT_問卷_創傷導致的主訴群__MISSING,8731,0,0.0
surgery,train_2020_2023,EMT_問卷_頸椎固定__GCS<15,8731,0,0.0
surgery,train_2020_2023,EMT_問卷_頸椎固定__檢查無明顯異常,8731,0,0.0
surgery,train_2020_2023,EMT_問卷_頸椎固定__肢體運動感覺異常,8731,0,0.0
surgery,train_2020_2023,EMT_問卷_頸椎固定__轉向困難,8731,0,0.0
surgery,train_2020_2023,EMT_問卷_頸椎固定__頸椎瘀青疼痛,8731,0,0.0
surgery,train_2020_2023,EMT_問卷_頸椎固定__OTHER_RARE,8731,0,0.0
surgery,train_2020_2023,EMT_問卷_頸椎固定__MISSING,8731,0,0.0
surgery,train_2020_2023,EMT_問卷_膚色__其他,8731,0,0.0
surgery,train_2020_2023,EMT_問卷_膚色__正常,8731,0,0.0
surgery,train_2020_2023,EMT_問卷_膚色__溼冷,8731,0,0.0
surgery,train_2020_2023,EMT_問卷_膚色__潮紅,8731,0,0.0
surgery,train_2020_2023,EMT_問卷_膚色__發紺,8731,0,0.0
surgery,train_2020_2023,EMT_問卷_膚色__蒼白,8731,0,0.0
surgery,train_2020_2023,EMT_問卷_膚色__蒼白、溼冷,8731,0,0.0
surgery,train_2020_2023,EMT_問卷_膚色__黃疸,8731,0,0.0
surgery,train_2020_2023,EMT_問卷_膚色__OTHER_RARE,8731,0,0.0
surgery,train_2020_2023,EMT_問卷_膚色__MISSING,8731,0,0.0
surgery,train_2020_2023,EMT_問卷_左瞳孔光反射__+,8731,0,0.0
surgery,train_2020_2023,EMT_問卷_左瞳孔光反射__-,8731,0,0.0
surgery,train_2020_2023,EMT_問卷_左瞳孔光反射__無法測量,8731,0,0.0
surgery,train_2020_2023,EMT_問卷_左瞳孔光反射__眼疾,8731,0,0.0
surgery,train_2020_2023,EMT_問卷_左瞳孔光反射__OTHER_RARE,8731,0,0.0
surgery,train_2020_2023,EMT_問卷_左瞳孔光反射__MISSING,8731,0,0.0
surgery,train_2020_2023,EMT_問卷_右瞳孔光反射__+,8731,0,0.0
surgery,train_2020_2023,EMT_問卷_右瞳孔光反射__-,8731,0,0.0
surgery,train_2020_2023,EMT_問卷_右瞳孔光反射__無法測量,8731,0,0.0
surgery,train_2020_2023,EMT_問卷_右瞳孔光反射__眼疾,8731,0,0.0
surgery,train_2020_2023,EMT_問卷_右瞳孔光反射__OTHER_RARE,8731,0,0.0
surgery,train_2020_2023,EMT_問卷_右瞳孔光反射__MISSING,8731,0,0.0
surgery,train_2020_2023,EMT_問卷_氣管位置__其他,8731,0,0.0
surgery,train_2020_2023,EMT_問卷_氣管位置__正常,8731,0,0.0
surgery,train_2020_2023,EMT_問卷_氣管位置__OTHER_RARE,8731,0,0.0
surgery,train_2020_2023,EMT_問卷_氣管位置__MISSING,8731,0,0.0
surgery,train_2020_2023,EMT_問卷_頸靜脈怒張__其他,8731,0,0.0
surgery,train_2020_2023,EMT_問卷_頸靜脈怒張__有,8731,0,0.0
surgery,train_2020_2023,EMT_問卷_頸靜脈怒張__無,8731,0,0.0
surgery,train_2020_2023,EMT_問卷_頸靜脈怒張__OTHER_RARE,8731,0,0.0
surgery,train_2020_2023,EMT_問卷_頸靜脈怒張__MISSING,8731,0,0.0
surgery,train_2020_2023,EMT_問卷_血糖狀態__High,8731,0,0.0
surgery,train_2020_2023,EMT_問卷_血糖狀態__Low,8731,0,0.0
surgery,train_2020_2023,EMT_問卷_血糖狀態__否,8731,0,0.0
surgery,train_2020_2023,EMT_問卷_血糖狀態__否、其他,8731,0,0.0
surgery,train_2020_2023,EMT_問卷_血糖狀態__否、創傷,8731,0,0.0
surgery,train_2020_2023,EMT_問卷_血糖狀態__否、拒絕,8731,0,0.0
surgery,train_2020_2023,EMT_問卷_血糖狀態__否、躁動,8731,0,0.0
surgery,train_2020_2023,EMT_問卷_血糖狀態__血糖值紀錄,8731,0,0.0
surgery,train_2020_2023,EMT_問卷_血糖狀態__OTHER_RARE,8731,0,0.0
surgery,train_2020_2023,EMT_問卷_血糖狀態__MISSING,8731,0,0.0
surgery,train_2020_2023,EMT_問卷_靜脈輸液種類__0.9%N.S.,8731,0,0.0
surgery,train_2020_2023,EMT_問卷_靜脈輸液種類__5%G.W.,8731,0,0.0
surgery,train_2020_2023,EMT_問卷_靜脈輸液種類__50%G.W.,8731,0,0.0
surgery,train_2020_2023,EMT_問卷_靜脈輸液種類__IV,8731,0,0.0
surgery,train_2020_2023,EMT_問卷_靜脈輸液種類__OTHER_RARE,8731,0,0.0
surgery,train_2020_2023,EMT_問卷_靜脈輸液種類__MISSING,8731,0,0.0
surgery,train_2020_2023,EMT_推定派遣類別__中毒/自傷,8731,0,0.0
surgery,train_2020_2023,EMT_推定派遣類別__交通事故傷,8731,0,0.0
surgery,train_2020_2023,EMT_推定派遣類別__內科急病,8731,0,0.0
surgery,train_2020_2023,EMT_推定派遣類別__其他外傷,8731,0,0.0
surgery,train_2020_2023,EMT_推定派遣類別__精神行為異常,8731,0,0.0
surgery,train_2020_2023,EMT_推定派遣類別__路倒/無意識,8731,0,0.0
surgery,train_2020_2023,EMT_推定派遣類別__OTHER_RARE,8731,0,0.0
surgery,train_2020_2023,EMT_推定派遣類別__MISSING,8731,0,0.0
surgery,train_2020_2023,EMT_有燒燙傷__False,8731,0,0.0
surgery,train_2020_2023,EMT_有燒燙傷__True,8731,0,0.0
surgery,train_2020_2023,EMT_有燒燙傷__OTHER_RARE,8731,0,0.0
surgery,train_2020_2023,EMT_有燒燙傷__MISSING,8731,0,0.0
surgery,train_2020_2023,EMT_心律臆斷__Atrial fibrillation,8731,0,0.0
surgery,train_2020_2023,EMT_心律臆斷__Normal Sinus Rhythm,8731,0,0.0
surgery,train_2020_2023,EMT_心律臆斷__ST段下降,8731,0,0.0
surgery,train_2020_2023,EMT_心律臆斷__Sinus Bradycardia,8731,0,0.0
surgery,train_2020_2023,EMT_心律臆斷__Sinus Tachycardia,8731,0,0.0
surgery,train_2020_2023,EMT_心律臆斷__其他波形,8731,0,0.0
surgery,train_2020_2023,EMT_心律臆斷__OTHER_RARE,8731,0,0.0
surgery,train_2020_2023,EMT_心律臆斷__MISSING,8731,0,0.0
surgery,train_2020_2023,"EMT_台北_創傷類型__創傷-一般外傷,肢體外傷,摔跌傷",8731,0,0.0
surgery,train_2020_2023,"EMT_台北_創傷類型__創傷-一般外傷,頭部外傷,摔跌傷",8731,0,0.0
surgery,train_2020_2023,EMT_台北_創傷類型__創傷-交通事故(機車),8731,0,0.0
surgery,train_2020_2023,"EMT_台北_創傷類型__非創傷-一般疾病,噁心嘔吐腹瀉",8731,0,0.0
surgery,train_2020_2023,"EMT_台北_創傷類型__非創傷-一般疾病,肢體無力",8731,0,0.0
surgery,train_2020_2023,"EMT_台北_創傷類型__非創傷-一般疾病,頭痛頭暈昏倒昏厥",8731,0,0.0
surgery,train_2020_2023,EMT_台北_創傷類型__非創傷-呼吸問題,8731,0,0.0
surgery,train_2020_2023,EMT_台北_創傷類型__非創傷-昏迷,8731,0,0.0
surgery,train_2020_2023,EMT_台北_創傷類型__非創傷-腹痛,8731,0,0.0
surgery,train_2020_2023,EMT_台北_創傷類型__OTHER_RARE,8731,0,0.0
surgery,train_2020_2023,EMT_台北_創傷類型__MISSING,8731,0,0.0
surgery,train_2020_2023,EMT_特殊表類型__OHCA,8731,0,0.0
surgery,train_2020_2023,EMT_特殊表類型__呼吸喘/慢/使用呼吸輔助肌肉,8731,0,0.0
surgery,train_2020_2023,EMT_特殊表類型__心臟不適,8731,0,0.0
surgery,train_2020_2023,EMT_特殊表類型__癲癇重積,8731,0,0.0
surgery,train_2020_2023,EMT_特殊表類型__腦中風評估,8731,0,0.0
surgery,train_2020_2023,EMT_特殊表類型__過敏性休克,8731,0,0.0
surgery,train_2020_2023,EMT_特殊表類型__OTHER_RARE,8731,0,0.0
surgery,train_2020_2023,EMT_特殊表類型__MISSING,8731,0,0.0
surgery,train_2020_2023,EMT_台北_心梗登錄__OTHER_RARE,8731,0,0.0
surgery,train_2020_2023,EMT_台北_心梗登錄__MISSING,8731,0,0.0
surgery,train_2020_2023,EMT_台北_中風登錄__OTHER_RARE,8731,0,0.0
surgery,train_2020_2023,EMT_台北_中風登錄__MISSING,8731,0,0.0
surgery,train_2020_2023,EMT_台北_CPR停止登錄__OTHER_RARE,8731,0,0.0
surgery,train_2020_2023,EMT_台北_CPR停止登錄__MISSING,8731,0,0.0
surgery,train_2020_2023,EMT_問卷_交通事故患者__乘客,8731,0,0.0
surgery,train_2020_2023,EMT_問卷_交通事故患者__行人,8731,0,0.0
surgery,train_2020_2023,EMT_問卷_交通事故患者__駕駛,8731,0,0.0
surgery,train_2020_2023,EMT_問卷_交通事故患者__OTHER_RARE,8731,0,0.0
surgery,train_2020_2023,EMT_問卷_交通事故患者__MISSING,8731,0,0.0
surgery,train_2020_2023,EMT_問卷_交通事故種類__人,8731,0,0.0
surgery,train_2020_2023,EMT_問卷_交通事故種類__人、其他,8731,0,0.0
surgery,train_2020_2023,EMT_問卷_交通事故種類__其他,8731,0,0.0
surgery,train_2020_2023,EMT_問卷_交通事故種類__機車,8731,0,0.0
surgery,train_2020_2023,EMT_問卷_交通事故種類__機車、人,8731,0,0.0
surgery,train_2020_2023,EMT_問卷_交通事故種類__機車、人、其他,8731,0,0.0
surgery,train_2020_2023,EMT_問卷_交通事故種類__機車、其他,8731,0,0.0
surgery,train_2020_2023,EMT_問卷_交通事故種類__機車、腳踏車,8731,0,0.0
surgery,train_2020_2023,EMT_問卷_交通事故種類__機車、腳踏車、其他,8731,0,0.0
surgery,train_2020_2023,EMT_問卷_交通事故種類__汽車,8731,0,0.0
surgery,train_2020_2023,EMT_問卷_交通事故種類__汽車、人,8731,0,0.0
surgery,train_2020_2023,EMT_問卷_交通事故種類__汽車、人、其他,8731,0,0.0
surgery,train_2020_2023,EMT_問卷_交通事故種類__汽車、其他,8731,0,0.0
surgery,train_2020_2023,EMT_問卷_交通事故種類__汽車、機車,8731,0,0.0
surgery,train_2020_2023,EMT_問卷_交通事故種類__汽車、機車、其他,8731,0,0.0
surgery,train_2020_2023,EMT_問卷_交通事故種類__汽車、腳踏車,8731,0,0.0
surgery,train_2020_2023,EMT_問卷_交通事故種類__腳踏車,8731,0,0.0
surgery,train_2020_2023,EMT_問卷_交通事故種類__腳踏車、其他,8731,0,0.0
surgery,train_2020_2023,EMT_問卷_交通事故種類__OTHER_RARE,8731,0,0.0
surgery,train_2020_2023,EMT_問卷_交通事故種類__MISSING,8731,0,0.0
surgery,train_2020_2023,EMT_問卷_保護裝置狀態__安全帶,8731,0,0.0
surgery,train_2020_2023,EMT_問卷_保護裝置狀態__安全帽,8731,0,0.0
surgery,train_2020_2023,EMT_問卷_保護裝置狀態__無,8731,0,0.0
surgery,train_2020_2023,EMT_問卷_保護裝置狀態__OTHER_RARE,8731,0,0.0
surgery,train_2020_2023,EMT_問卷_保護裝置狀態__MISSING,8731,0,0.0
surgery,train_2020_2023,EMT_問卷_非交通事故種類__其他,8731,0,0.0
surgery,train_2020_2023,EMT_問卷_非交通事故種類__切割,8731,0,0.0
surgery,train_2020_2023,EMT_問卷_非交通事故種類__墜落,8731,0,0.0
surgery,train_2020_2023,EMT_問卷_非交通事故種類__壓夾,8731,0,0.0
surgery,train_2020_2023,EMT_問卷_非交通事故種類__撞擊,8731,0,0.0
surgery,train_2020_2023,EMT_問卷_非交通事故種類__生物咬螫,8731,0,0.0
surgery,train_2020_2023,EMT_問卷_非交通事故種類__跌摔,8731,0,0.0
surgery,train_2020_2023,EMT_問卷_非交通事故種類__鈍毆,8731,0,0.0
surgery,train_2020_2023,EMT_問卷_非交通事故種類__OTHER_RARE,8731,0,0.0
surgery,train_2020_2023,EMT_問卷_非交通事故種類__MISSING,8731,0,0.0
surgery,train_2020_2023,EMT_問卷_危急個案__否,8731,0,0.0
surgery,train_2020_2023,EMT_問卷_危急個案__是,8731,0,0.0
surgery,train_2020_2023,EMT_問卷_危急個案__OTHER_RARE,8731,0,0.0
surgery,train_2020_2023,EMT_問卷_危急個案__MISSING,8731,0,0.0
surgery,train_2020_2023,EMT_現場_意識_AVPU,8731,0,0.0
surgery,train_2020_2023,EMT_過去病史__HIV(+),8731,0,0.0
surgery,train_2020_2023,EMT_過去病史__不詳,8731,0,0.0
surgery,train_2020_2023,EMT_過去病史__其他,8731,0,0.0
surgery,train_2020_2023,EMT_過去病史__心臟疾病,8731,0,0.0
surgery,train_2020_2023,EMT_過去病史__惡性腫瘤,8731,0,0.0
surgery,train_2020_2023,EMT_過去病史__氣喘,8731,0,0.0
surgery,train_2020_2023,EMT_過去病史__癲癇,8731,0,0.0
surgery,train_2020_2023,EMT_過去病史__精神疾病,8731,0,0.0
surgery,train_2020_2023,EMT_過去病史__糖尿病,8731,0,0.0
surgery,train_2020_2023,EMT_過去病史__肝臟疾病,8731,0,0.0
surgery,train_2020_2023,EMT_過去病史__肺臟疾病,8731,0,0.0
surgery,train_2020_2023,EMT_過去病史__腎臟疾病,8731,0,0.0
surgery,train_2020_2023,EMT_過去病史__腦血管疾病,8731,0,0.0
surgery,train_2020_2023,EMT_過去病史__高血壓,8731,0,0.0
surgery,train_2020_2023,EMT_過去病史__OTHER_RARE,8731,0,0.0
surgery,train_2020_2023,EMT_過去病史__source_available,8731,0,0.0
surgery,train_2020_2023,EMT_過去病史__explicit_none,8731,0,0.0
surgery,train_2020_2023,EMT_過去病史__source_missing,8731,0,0.0
surgery,train_2020_2023,EMT_過敏史__不清楚,8731,0,0.0
surgery,train_2020_2023,EMT_過敏史__不詳,8731,0,0.0
surgery,train_2020_2023,EMT_過敏史__其他,8731,0,0.0
surgery,train_2020_2023,EMT_過敏史__藥物,8731,0,0.0
surgery,train_2020_2023,EMT_過敏史__食物,8731,0,0.0
surgery,train_2020_2023,EMT_過敏史__OTHER_RARE,8731,0,0.0
surgery,train_2020_2023,EMT_過敏史__source_available,8731,0,0.0
surgery,train_2020_2023,EMT_過敏史__explicit_none,8731,0,0.0
surgery,train_2020_2023,EMT_過敏史__source_missing,8731,0,0.0
surgery,train_2020_2023,EMT_主訴_結構化__OHCA,8731,0,0.0
surgery,train_2020_2023,EMT_主訴_結構化__上腹痛,8731,0,0.0
surgery,train_2020_2023,EMT_主訴_結構化__下腹痛,8731,0,0.0
surgery,train_2020_2023,EMT_主訴_結構化__其他,8731,0,0.0
surgery,train_2020_2023,EMT_主訴_結構化__冒冷汗,8731,0,0.0
surgery,train_2020_2023,EMT_主訴_結構化__吐.咳血,8731,0,0.0
surgery,train_2020_2023,EMT_主訴_結構化__呼吸喘.慢.使用輔助肌,8731,0,0.0
surgery,train_2020_2023,EMT_主訴_結構化__呼吸道梗塞,8731,0,0.0
surgery,train_2020_2023,EMT_主訴_結構化__嘔吐.噁心,8731,0,0.0
surgery,train_2020_2023,EMT_主訴_結構化__心臟不適,8731,0,0.0
surgery,train_2020_2023,EMT_主訴_結構化__急產,8731,0,0.0
surgery,train_2020_2023,EMT_主訴_結構化__急產（接生）,8731,0,0.0
surgery,train_2020_2023,EMT_主訴_結構化__挫.擦傷,8731,0,0.0
surgery,train_2020_2023,EMT_主訴_結構化__撕裂.切割傷,8731,0,0.0
surgery,train_2020_2023,EMT_主訴_結構化__斷肢,8731,0,0.0
surgery,train_2020_2023,EMT_主訴_結構化__昏厥,8731,0,0.0
surgery,train_2020_2023,EMT_主訴_結構化__無意識.意識不清,8731,0,0.0
surgery,train_2020_2023,EMT_主訴_結構化__燒燙傷,8731,0,0.0
surgery,train_2020_2023,EMT_主訴_結構化__疑似一氧化碳中毒,8731,0,0.0
surgery,train_2020_2023,EMT_主訴_結構化__疑似毒物.氣中毒,8731,0,0.0
surgery,train_2020_2023,EMT_主訴_結構化__疑似藥物過量,8731,0,0.0
surgery,train_2020_2023,EMT_主訴_結構化__癲癇.抽搐,8731,0,0.0
surgery,train_2020_2023,EMT_主訴_結構化__發燒.發冷,8731,0,0.0
surgery,train_2020_2023,EMT_主訴_結構化__碎裂傷,8731,0,0.0
surgery,train_2020_2023,EMT_主訴_結構化__穿刺傷,8731,0,0.0
surgery,train_2020_2023,EMT_主訴_結構化__肢體無力,8731,0,0.0
surgery,train_2020_2023,EMT_主訴_結構化__肢體疼痛,8731,0,0.0
surgery,train_2020_2023,EMT_主訴_結構化__肢體麻痺,8731,0,0.0
surgery,train_2020_2023,EMT_主訴_結構化__背.肩痛,8731,0,0.0
surgery,train_2020_2023,EMT_主訴_結構化__胸痛.悶,8731,0,0.0
surgery,train_2020_2023,EMT_主訴_結構化__腹瀉,8731,0,0.0
surgery,train_2020_2023,EMT_主訴_結構化__虛弱,8731,0,0.0
surgery,train_2020_2023,EMT_主訴_結構化__血便.尿,8731,0,0.0
surgery,train_2020_2023,EMT_主訴_結構化__血腫,8731,0,0.0
surgery,train_2020_2023,EMT_主訴_結構化__行為神智異常,8731,0,0.0
surgery,train_2020_2023,EMT_主訴_結構化__過敏,8731,0,0.0
surgery,train_2020_2023,EMT_主訴_結構化__非外傷出血,8731,0,0.0
surgery,train_2020_2023,EMT_主訴_結構化__頭暈,8731,0,0.0
surgery,train_2020_2023,EMT_主訴_結構化__頭痛,8731,0,0.0
surgery,train_2020_2023,EMT_主訴_結構化__骨折.脫位,8731,0,0.0
surgery,train_2020_2023,EMT_主訴_結構化__OTHER_RARE,8731,0,0.0
surgery,train_2020_2023,EMT_主訴_結構化__source_available,8731,0,0.0
surgery,train_2020_2023,EMT_主訴_結構化__explicit_none,8731,0,0.0
surgery,train_2020_2023,EMT_主訴_結構化__source_missing,8731,0,0.0
surgery,train_2020_2023,EMT_紅旗__DNR.放棄急救,8731,0,0.0
surgery,train_2020_2023,EMT_紅旗__休克.低血壓,8731,0,0.0
surgery,train_2020_2023,EMT_紅旗__呼吸窘迫.低血氧,8731,0,0.0
surgery,train_2020_2023,EMT_紅旗__大出血,8731,0,0.0
surgery,train_2020_2023,EMT_紅旗__心跳呼吸停止.PEA,8731,0,0.0
surgery,train_2020_2023,EMT_紅旗__意識改變,8731,0,0.0
surgery,train_2020_2023,EMT_紅旗__抽搐,8731,0,0.0
surgery,train_2020_2023,EMT_紅旗__疑似中風,8731,0,0.0
surgery,train_2020_2023,EMT_紅旗__胸痛疑似ACS,8731,0,0.0
surgery,train_2020_2023,EMT_紅旗__OTHER_RARE,8731,0,0.0
surgery,train_2020_2023,EMT_紅旗__source_available,8731,0,0.0
surgery,train_2020_2023,EMT_紅旗__explicit_none,8731,0,0.0
surgery,train_2020_2023,EMT_紅旗__source_missing,8731,0,0.0
surgery,train_2020_2023,EMT_創傷機轉_合併__交通-機車,8731,0,0.0
surgery,train_2020_2023,EMT_創傷機轉_合併__交通-汽車,8731,0,0.0
surgery,train_2020_2023,EMT_創傷機轉_合併__交通-腳踏車,8731,0,0.0
surgery,train_2020_2023,EMT_創傷機轉_合併__交通-行人,8731,0,0.0
surgery,train_2020_2023,EMT_創傷機轉_合併__其他外傷,8731,0,0.0
surgery,train_2020_2023,EMT_創傷機轉_合併__燒燙,8731,0,0.0
surgery,train_2020_2023,EMT_創傷機轉_合併__生物咬螫,8731,0,0.0
surgery,train_2020_2023,EMT_創傷機轉_合併__穿刺切割,8731,0,0.0
surgery,train_2020_2023,EMT_創傷機轉_合併__跌落墜落,8731,0,0.0
surgery,train_2020_2023,EMT_創傷機轉_合併__鈍傷撞擊,8731,0,0.0
surgery,train_2020_2023,EMT_創傷機轉_合併__OTHER_RARE,8731,0,0.0
surgery,train_2020_2023,EMT_創傷機轉_合併__source_available,8731,0,0.0
surgery,train_2020_2023,EMT_創傷機轉_合併__explicit_none,8731,0,0.0
surgery,train_2020_2023,EMT_創傷機轉_合併__source_missing,8731,0,0.0
surgery,train_2020_2023,EMT_處置_合併__CPR,8731,0,0.0
surgery,train_2020_2023,EMT_處置_合併__保暖,8731,0,0.0
surgery,train_2020_2023,EMT_處置_合併__傷口處置,8731,0,0.0
surgery,train_2020_2023,EMT_處置_合併__固定,8731,0,0.0
surgery,train_2020_2023,EMT_處置_合併__心理支持,8731,0,0.0
surgery,train_2020_2023,EMT_處置_合併__生命徵象監測,8731,0,0.0
surgery,train_2020_2023,EMT_處置_合併__給氧,8731,0,0.0
surgery,train_2020_2023,EMT_處置_合併__給藥,8731,0,0.0
surgery,train_2020_2023,EMT_處置_合併__OTHER_RARE,8731,0,0.0
surgery,train_2020_2023,EMT_處置_合併__source_available,8731,0,0.0
surgery,train_2020_2023,EMT_處置_合併__explicit_none,8731,0,0.0
surgery,train_2020_2023,EMT_處置_合併__source_missing,8731,0,0.0
surgery,train_2020_2023,EMT_特殊表登錄_合併__ACS,8731,0,0.0
surgery,train_2020_2023,EMT_特殊表登錄_合併__CVA,8731,0,0.0
surgery,train_2020_2023,EMT_特殊表登錄_合併__OHCA,8731,0,0.0
surgery,train_2020_2023,EMT_特殊表登錄_合併__呼吸窘迫,8731,0,0.0
surgery,train_2020_2023,EMT_特殊表登錄_合併__癲癇重積,8731,0,0.0
surgery,train_2020_2023,EMT_特殊表登錄_合併__過敏性休克,8731,0,0.0
surgery,train_2020_2023,EMT_特殊表登錄_合併__OTHER_RARE,8731,0,0.0
surgery,train_2020_2023,EMT_特殊表登錄_合併__source_available,8731,0,0.0
surgery,train_2020_2023,EMT_特殊表登錄_合併__explicit_none,8731,0,0.0
surgery,train_2020_2023,EMT_特殊表登錄_合併__source_missing,8731,0,0.0
surgery,train_2020_2023,EMT_問卷_一般處置__下肢抬高,8731,0,0.0
surgery,train_2020_2023,EMT_問卷_一般處置__保暖,8731,0,0.0
surgery,train_2020_2023,EMT_問卷_一般處置__其他,8731,0,0.0
surgery,train_2020_2023,EMT_問卷_一般處置__半坐臥,8731,0,0.0
surgery,train_2020_2023,EMT_問卷_一般處置__心律監視,8731,0,0.0
surgery,train_2020_2023,EMT_問卷_一般處置__心理支持,8731,0,0.0
surgery,train_2020_2023,EMT_問卷_一般處置__生命徵象監測,8731,0,0.0
surgery,train_2020_2023,EMT_問卷_一般處置__生產/左側臥,8731,0,0.0
surgery,train_2020_2023,EMT_問卷_一般處置__OTHER_RARE,8731,0,0.0
surgery,train_2020_2023,EMT_問卷_一般處置__source_available,8731,0,0.0
surgery,train_2020_2023,EMT_問卷_一般處置__explicit_none,8731,0,0.0
surgery,train_2020_2023,EMT_問卷_一般處置__source_missing,8731,0,0.0
surgery,train_2020_2023,EMT_問卷_呼吸給氧裝置__NRM,8731,0,0.0
surgery,train_2020_2023,EMT_問卷_呼吸給氧裝置__口咽呼吸道,8731,0,0.0
surgery,train_2020_2023,EMT_問卷_呼吸給氧裝置__正壓給氧,8731,0,0.0
surgery,train_2020_2023,EMT_問卷_呼吸給氧裝置__氧氣面罩,8731,0,0.0
surgery,train_2020_2023,EMT_問卷_呼吸給氧裝置__氧氣鼻管,8731,0,0.0
surgery,train_2020_2023,EMT_問卷_呼吸給氧裝置__鼻咽呼吸道,8731,0,0.0
surgery,train_2020_2023,EMT_問卷_呼吸給氧裝置__OTHER_RARE,8731,0,0.0
surgery,train_2020_2023,EMT_問卷_呼吸給氧裝置__source_available,8731,0,0.0
surgery,train_2020_2023,EMT_問卷_呼吸給氧裝置__explicit_none,8731,0,0.0
surgery,train_2020_2023,EMT_問卷_呼吸給氧裝置__source_missing,8731,0,0.0
surgery,train_2020_2023,EMT_問卷_創傷處置__KED固定,8731,0,0.0
surgery,train_2020_2023,EMT_問卷_創傷處置__包紮止血,8731,0,0.0
surgery,train_2020_2023,EMT_問卷_創傷處置__夾板\三角巾,8731,0,0.0
surgery,train_2020_2023,EMT_問卷_創傷處置__抽吸式護木,8731,0,0.0
surgery,train_2020_2023,EMT_問卷_創傷處置__清洗傷口,8731,0,0.0
surgery,train_2020_2023,EMT_問卷_創傷處置__長背板\頭部固定,8731,0,0.0
surgery,train_2020_2023,EMT_問卷_創傷處置__頸圈,8731,0,0.0
surgery,train_2020_2023,EMT_問卷_創傷處置__OTHER_RARE,8731,0,0.0
surgery,train_2020_2023,EMT_問卷_創傷處置__source_available,8731,0,0.0
surgery,train_2020_2023,EMT_問卷_創傷處置__explicit_none,8731,0,0.0
surgery,train_2020_2023,EMT_問卷_創傷處置__source_missing,8731,0,0.0
surgery,train_2020_2023,EMT_問卷_加護處置__0.9%N.S.,8731,0,0.0
surgery,train_2020_2023,EMT_問卷_加護處置__5%G.W.,8731,0,0.0
surgery,train_2020_2023,EMT_問卷_加護處置__50%G.W.,8731,0,0.0
surgery,train_2020_2023,EMT_問卷_加護處置__Berotec支氣管擴張劑,8731,0,0.0
surgery,train_2020_2023,EMT_問卷_加護處置__IV,8731,0,0.0
surgery,train_2020_2023,EMT_問卷_加護處置__不建議AED電擊,8731,0,0.0
surgery,train_2020_2023,EMT_問卷_加護處置__糖粉（水）,8731,0,0.0
surgery,train_2020_2023,EMT_問卷_加護處置__OTHER_RARE,8731,0,0.0
surgery,train_2020_2023,EMT_問卷_加護處置__source_available,8731,0,0.0
surgery,train_2020_2023,EMT_問卷_加護處置__explicit_none,8731,0,0.0
surgery,train_2020_2023,EMT_問卷_加護處置__source_missing,8731,0,0.0
surgery,train_2020_2023,EMT_台北_呼吸處置__OTHER_RARE,8731,0,0.0
surgery,train_2020_2023,EMT_台北_呼吸處置__source_available,8731,0,0.0
surgery,train_2020_2023,EMT_台北_呼吸處置__explicit_none,8731,0,0.0
surgery,train_2020_2023,EMT_台北_呼吸處置__source_missing,8731,0,0.0
surgery,train_2020_2023,EMT_台北_CPR處置__OTHER_RARE,8731,0,0.0
surgery,train_2020_2023,EMT_台北_CPR處置__source_available,8731,0,0.0
surgery,train_2020_2023,EMT_台北_CPR處置__explicit_none,8731,0,0.0
surgery,train_2020_2023,EMT_台北_CPR處置__source_missing,8731,0,0.0
surgery,train_2020_2023,EMT_台北_藥物處置__OTHER_RARE,8731,0,0.0
surgery,train_2020_2023,EMT_台北_藥物處置__source_available,8731,0,0.0
surgery,train_2020_2023,EMT_台北_藥物處置__explicit_none,8731,0,0.0
surgery,train_2020_2023,EMT_台北_藥物處置__source_missing,8731,0,0.0
surgery,train_2020_2023,EMT_台北_創傷處置__包紮,8731,0,0.0
surgery,train_2020_2023,EMT_台北_創傷處置__止血,8731,0,0.0
surgery,train_2020_2023,EMT_台北_創傷處置__清洗傷口,8731,0,0.0
surgery,train_2020_2023,EMT_台北_創傷處置__OTHER_RARE,8731,0,0.0
surgery,train_2020_2023,EMT_台北_創傷處置__source_available,8731,0,0.0
surgery,train_2020_2023,EMT_台北_創傷處置__explicit_none,8731,0,0.0
surgery,train_2020_2023,EMT_台北_創傷處置__source_missing,8731,0,0.0
surgery,train_2020_2023,EMT_台北_後送姿勢__半坐臥,8731,0,0.0
surgery,train_2020_2023,EMT_台北_後送姿勢__平躺,8731,0,0.0
surgery,train_2020_2023,EMT_台北_後送姿勢__OTHER_RARE,8731,0,0.0
surgery,train_2020_2023,EMT_台北_後送姿勢__source_available,8731,0,0.0
surgery,train_2020_2023,EMT_台北_後送姿勢__explicit_none,8731,0,0.0
surgery,train_2020_2023,EMT_台北_後送姿勢__source_missing,8731,0,0.0
surgery,train_2020_2023,EMT_台北_其他處置__保暖,8731,0,0.0
surgery,train_2020_2023,EMT_台北_其他處置__心理支持,8731,0,0.0
surgery,train_2020_2023,EMT_台北_其他處置__OTHER_RARE,8731,0,0.0
surgery,train_2020_2023,EMT_台北_其他處置__source_available,8731,0,0.0
surgery,train_2020_2023,EMT_台北_其他處置__explicit_none,8731,0,0.0
surgery,train_2020_2023,EMT_台北_其他處置__source_missing,8731,0,0.0
surgery,train_2020_2023,EMT_台北_給藥__OTHER_RARE,8731,0,0.0
surgery,train_2020_2023,EMT_台北_給藥__source_available,8731,0,0.0
surgery,train_2020_2023,EMT_台北_給藥__explicit_none,8731,0,0.0
surgery,train_2020_2023,EMT_台北_給藥__source_missing,8731,0,0.0
surgery,train_2020_2023,EMT_補述_紅旗__DNR.放棄急救,8731,0,0.0
surgery,train_2020_2023,EMT_補述_紅旗__休克.低血壓,8731,0,0.0
surgery,train_2020_2023,EMT_補述_紅旗__呼吸窘迫.低血氧,8731,0,0.0
surgery,train_2020_2023,EMT_補述_紅旗__大出血,8731,0,0.0
surgery,train_2020_2023,EMT_補述_紅旗__心跳呼吸停止.PEA,8731,0,0.0
surgery,train_2020_2023,EMT_補述_紅旗__意識改變,8731,0,0.0
surgery,train_2020_2023,EMT_補述_紅旗__抽搐,8731,0,0.0
surgery,train_2020_2023,EMT_補述_紅旗__疑似中風,8731,0,0.0
surgery,train_2020_2023,EMT_補述_紅旗__胸痛疑似ACS,8731,0,0.0
surgery,train_2020_2023,EMT_補述_紅旗__OTHER_RARE,8731,0,0.0
surgery,train_2020_2023,EMT_補述_紅旗__source_available,8731,0,0.0
surgery,train_2020_2023,EMT_補述_紅旗__explicit_none,8731,0,0.0
surgery,train_2020_2023,EMT_補述_紅旗__source_missing,8731,0,0.0
surgery,train_2020_2023,EMT_問卷_過去病史__HIV(+),8731,0,0.0
surgery,train_2020_2023,EMT_問卷_過去病史__不詳,8731,0,0.0
surgery,train_2020_2023,EMT_問卷_過去病史__其他,8731,0,0.0
surgery,train_2020_2023,EMT_問卷_過去病史__心臟疾病,8731,0,0.0
surgery,train_2020_2023,EMT_問卷_過去病史__惡性腫瘤,8731,0,0.0
surgery,train_2020_2023,EMT_問卷_過去病史__氣喘,8731,0,0.0
surgery,train_2020_2023,EMT_問卷_過去病史__癲癇,8731,0,0.0
surgery,train_2020_2023,EMT_問卷_過去病史__精神疾病,8731,0,0.0
surgery,train_2020_2023,EMT_問卷_過去病史__糖尿病,8731,0,0.0
surgery,train_2020_2023,EMT_問卷_過去病史__肝臟疾病,8731,0,0.0
surgery,train_2020_2023,EMT_問卷_過去病史__肺臟疾病,8731,0,0.0
surgery,train_2020_2023,EMT_問卷_過去病史__腎臟疾病,8731,0,0.0
surgery,train_2020_2023,EMT_問卷_過去病史__腦血管疾病,8731,0,0.0
surgery,train_2020_2023,EMT_問卷_過去病史__高血壓,8731,0,0.0
surgery,train_2020_2023,EMT_問卷_過去病史__OTHER_RARE,8731,0,0.0
surgery,train_2020_2023,EMT_問卷_過去病史__source_available,8731,0,0.0
surgery,train_2020_2023,EMT_問卷_過去病史__explicit_none,8731,0,0.0
surgery,train_2020_2023,EMT_問卷_過去病史__source_missing,8731,0,0.0
surgery,train_2020_2023,EMT_問卷_過敏史__不詳,8731,0,0.0
surgery,train_2020_2023,EMT_問卷_過敏史__其他,8731,0,0.0
surgery,train_2020_2023,EMT_問卷_過敏史__藥物,8731,0,0.0
surgery,train_2020_2023,EMT_問卷_過敏史__食物,8731,0,0.0
surgery,train_2020_2023,EMT_問卷_過敏史__OTHER_RARE,8731,0,0.0
surgery,train_2020_2023,EMT_問卷_過敏史__source_available,8731,0,0.0
surgery,train_2020_2023,EMT_問卷_過敏史__explicit_none,8731,0,0.0
surgery,train_2020_2023,EMT_問卷_過敏史__source_missing,8731,0,0.0
surgery,train_2020_2023,has_oxygen,8731,8603,0.9853395945481617
surgery,train_2020_2023,has_ventilatory_support,8731,8599,0.9848814568777918
surgery,train_2020_2023,has_airway_adjunct,8731,8599,0.9848814568777918
surgery,train_2020_2023,has_advanced_airway,8731,8599,0.9848814568777918
surgery,train_2020_2023,has_ALS_procedure,8731,8232,0.9428473256213492
surgery,train_2020_2023,EMT_現場_收縮壓_ord,8731,37,0.004237773450922002
surgery,train_2020_2023,EMT_現場_收縮壓_for_score,8731,52,0.0059557897148093
surgery,train_2020_2023,EMT_車上_收縮壓_for_score,8731,291,0.033329515519413586
surgery,train_2020_2023,EMT_現場_收縮壓_unmeasurable,8731,0,0.0
surgery,train_2020_2023,EMT_車上_收縮壓_unmeasurable,8731,0,0.0
surgery,train_2020_2023,MISS_EMT_現場_收縮壓_for_score,8731,0,0.0
surgery,train_2020_2023,MISS_EMT_車上_收縮壓_for_score,8731,0,0.0
surgery,train_2020_2023,prehosp_sbp,8731,44,0.0050395143740694075
surgery,train_2020_2023,prehosp_dbp,8731,465,0.05325850418050624
surgery,train_2020_2023,prehosp_hr,8731,55,0.00629939296758676
surgery,train_2020_2023,prehosp_rr,8731,55,0.00629939296758676
surgery,train_2020_2023,prehosp_spo2,8731,57,0.006528461802771733
surgery,train_2020_2023,prehosp_bt,8731,56,0.006413927385179246
surgery,train_2020_2023,prehosp_gcs,8731,63,0.007215668308326652
surgery,train_2020_2023,prehosp_gcs_e,8731,62,0.007101133890734166
surgery,train_2020_2023,prehosp_gcs_v,8731,63,0.007215668308326652
surgery,train_2020_2023,prehosp_gcs_m,8731,62,0.007101133890734166
surgery,train_2020_2023,is_OHCA_hr0,8731,0,0.0
surgery,train_2020_2023,現場時間,8731,4,0.0004581376703699462
surgery,train_2020_2023,運送時間,8731,5,0.0005726720879624327
surgery,train_2020_2023,派遣時間,8731,240,0.02748826022219677
surgery,train_2020_2023,總到院前時間,8731,240,0.02748826022219677
surgery,train_2020_2023,MISS_現場時間,8731,0,0.0
surgery,train_2020_2023,MISS_運送時間,8731,0,0.0
surgery,train_2020_2023,MISS_派遣時間,8731,0,0.0
surgery,train_2020_2023,MISS_總到院前時間,8731,0,0.0
surgery,train_2020_2023,MAP,8731,465,0.05325850418050624
surgery,train_2020_2023,MISS_MAP,8731,0,0.0
surgery,train_2020_2023,SI,8731,58,0.006642996220364219
surgery,train_2020_2023,MISS_SI,8731,0,0.0
surgery,train_2020_2023,mSI,8731,465,0.05325850418050624
surgery,train_2020_2023,MISS_mSI,8731,0,0.0
surgery,train_2020_2023,aSI,8731,62,0.007101133890734166
surgery,train_2020_2023,MISS_aSI,8731,0,0.0
surgery,train_2020_2023,rSI,8731,58,0.006642996220364219
surgery,train_2020_2023,MISS_rSI,8731,0,0.0
surgery,train_2020_2023,rSIG,8731,66,0.007559271561104112
surgery,train_2020_2023,MISS_rSIG,8731,0,0.0
surgery,train_2020_2023,rSIG_Age,8731,70,0.008017409231474058
surgery,train_2020_2023,MISS_rSIG_Age,8731,0,0.0
surgery,train_2020_2023,SI_G,8731,66,0.007559271561104112
surgery,train_2020_2023,MISS_SI_G,8731,0,0.0
surgery,train_2020_2023,SIA_G,8731,70,0.008017409231474058
surgery,train_2020_2023,MISS_SIA_G,8731,0,0.0
surgery,train_2020_2023,SIAVPU,8731,58,0.006642996220364219
surgery,train_2020_2023,MISS_SIAVPU,8731,0,0.0
surgery,train_2020_2023,sMS,8731,62,0.007101133890734166
surgery,train_2020_2023,MISS_sMS,8731,0,0.0
surgery,train_2020_2023,rSI_sMS,8731,65,0.007444737143511625
surgery,train_2020_2023,MISS_rSI_sMS,8731,0,0.0
surgery,train_2020_2023,rSI_GCS,8731,66,0.007559271561104112
surgery,train_2020_2023,MISS_rSI_GCS,8731,0,0.0
surgery,train_2020_2023,rSI_GCSM,8731,65,0.007444737143511625
surgery,train_2020_2023,MISS_rSI_GCSM,8731,0,0.0
surgery,train_2020_2023,qSOFA,8731,58,0.006642996220364219
surgery,train_2020_2023,qSOFA_available,8731,0,0.0
surgery,train_2020_2023,qSOFA_observed_components,8731,0,0.0
surgery,train_2020_2023,qSOFA_required_components,8731,0,0.0
surgery,train_2020_2023,MISS_qSOFA,8731,0,0.0
surgery,train_2020_2023,NEWS2,8731,8607,0.9857977322185316
surgery,train_2020_2023,NEWS2_available,8731,0,0.0
surgery,train_2020_2023,NEWS2_observed_components,8731,0,0.0
surgery,train_2020_2023,NEWS2_required_components,8731,0,0.0
surgery,train_2020_2023,MISS_NEWS2,8731,0,0.0
surgery,train_2020_2023,MEWS,8731,58,0.006642996220364219
surgery,train_2020_2023,MEWS_available,8731,0,0.0
surgery,train_2020_2023,MEWS_observed_components,8731,0,0.0
surgery,train_2020_2023,MEWS_required_components,8731,0,0.0
surgery,train_2020_2023,MISS_MEWS,8731,0,0.0
surgery,train_2020_2023,REMS,8731,473,0.054174779521246136
surgery,train_2020_2023,REMS_available,8731,0,0.0
surgery,train_2020_2023,REMS_observed_components,8731,0,0.0
surgery,train_2020_2023,REMS_required_components,8731,0,0.0
surgery,train_2020_2023,MISS_REMS,8731,0,0.0
surgery,train_2020_2023,RTS,8731,66,0.007559271561104112
surgery,train_2020_2023,RTS_available,8731,0,0.0
surgery,train_2020_2023,RTS_observed_components,8731,0,0.0
surgery,train_2020_2023,RTS_required_components,8731,0,0.0
surgery,train_2020_2023,MISS_RTS,8731,0,0.0
surgery,train_2020_2023,kw_ohca,8731,0,0.0
surgery,train_2020_2023,kw_chest_pain,8731,0,0.0
surgery,train_2020_2023,kw_dyspnea,8731,0,0.0
surgery,train_2020_2023,kw_bleeding,8731,0,0.0
surgery,train_2020_2023,kw_stroke,8731,0,0.0
surgery,train_2020_2023,kw_trauma,8731,0,0.0
surgery,train_2020_2023,kw_seizure,8731,0,0.0
surgery,train_2020_2023,kw_unconscious,8731,0,0.0
surgery,train_2020_2023,is_text_missing,8731,0,0.0
surgery,train_2020_2023,text_source_count,8731,0,0.0
surgery,train_2020_2023,text_char_count,8731,0,0.0
surgery,validation_2024,EMT_年齡,2712,3,0.0011061946902654867
surgery,validation_2024,MISS_EMT_年齡,2712,0,0.0
surgery,validation_2024,MISSREASON_EMT_年齡__source_missing,2712,0,0.0
surgery,validation_2024,MISSREASON_EMT_年齡__not_measured,2712,0,0.0
surgery,validation_2024,MISSREASON_EMT_年齡__sentinel,2712,0,0.0
surgery,validation_2024,MISSREASON_EMT_年齡__invalid_or_out_of_range,2712,0,0.0
surgery,validation_2024,EMT_發生地點_到慈濟_開車km,2712,2,0.0007374631268436578
surgery,validation_2024,MISS_EMT_發生地點_到慈濟_開車km,2712,0,0.0
surgery,validation_2024,MISSREASON_EMT_發生地點_到慈濟_開車km__source_missing,2712,0,0.0
surgery,validation_2024,MISSREASON_EMT_發生地點_到慈濟_開車km__not_measured,2712,0,0.0
surgery,validation_2024,MISSREASON_EMT_發生地點_到慈濟_開車km__sentinel,2712,0,0.0
surgery,validation_2024,MISSREASON_EMT_發生地點_到慈濟_開車km__invalid_or_out_of_range,2712,0,0.0
surgery,validation_2024,EMT_發生地點_到慈濟_直線km,2712,2,0.0007374631268436578
surgery,validation_2024,MISS_EMT_發生地點_到慈濟_直線km,2712,0,0.0
surgery,validation_2024,MISSREASON_EMT_發生地點_到慈濟_直線km__source_missing,2712,0,0.0
surgery,validation_2024,MISSREASON_EMT_發生地點_到慈濟_直線km__not_measured,2712,0,0.0
surgery,validation_2024,MISSREASON_EMT_發生地點_到慈濟_直線km__sentinel,2712,0,0.0
surgery,validation_2024,MISSREASON_EMT_發生地點_到慈濟_直線km__invalid_or_out_of_range,2712,0,0.0
surgery,validation_2024,EMT_反應時間分,2712,8,0.0029498525073746312
surgery,validation_2024,MISS_EMT_反應時間分,2712,0,0.0
surgery,validation_2024,MISSREASON_EMT_反應時間分__source_missing,2712,0,0.0
surgery,validation_2024,MISSREASON_EMT_反應時間分__not_measured,2712,0,0.0
surgery,validation_2024,MISSREASON_EMT_反應時間分__sentinel,2712,0,0.0
surgery,validation_2024,MISSREASON_EMT_反應時間分__invalid_or_out_of_range,2712,0,0.0
surgery,validation_2024,EMT_現場停留分,2712,5,0.0018436578171091445
surgery,validation_2024,MISS_EMT_現場停留分,2712,0,0.0
surgery,validation_2024,MISSREASON_EMT_現場停留分__source_missing,2712,0,0.0
surgery,validation_2024,MISSREASON_EMT_現場停留分__not_measured,2712,0,0.0
surgery,validation_2024,MISSREASON_EMT_現場停留分__sentinel,2712,0,0.0
surgery,validation_2024,MISSREASON_EMT_現場停留分__invalid_or_out_of_range,2712,0,0.0
surgery,validation_2024,EMT_送醫途中分,2712,4,0.0014749262536873156
surgery,validation_2024,MISS_EMT_送醫途中分,2712,0,0.0
surgery,validation_2024,MISSREASON_EMT_送醫途中分__source_missing,2712,0,0.0
surgery,validation_2024,MISSREASON_EMT_送醫途中分__not_measured,2712,0,0.0
surgery,validation_2024,MISSREASON_EMT_送醫途中分__sentinel,2712,0,0.0
surgery,validation_2024,MISSREASON_EMT_送醫途中分__invalid_or_out_of_range,2712,0,0.0
surgery,validation_2024,EMT_現場_舒張壓,2712,2712,1.0
surgery,validation_2024,MISS_EMT_現場_舒張壓,2712,0,0.0
surgery,validation_2024,MISSREASON_EMT_現場_舒張壓__source_missing,2712,0,0.0
surgery,validation_2024,MISSREASON_EMT_現場_舒張壓__not_measured,2712,0,0.0
surgery,validation_2024,MISSREASON_EMT_現場_舒張壓__sentinel,2712,0,0.0
surgery,validation_2024,MISSREASON_EMT_現場_舒張壓__invalid_or_out_of_range,2712,0,0.0
surgery,validation_2024,EMT_現場_脈搏,2712,23,0.008480825958702065
surgery,validation_2024,MISS_EMT_現場_脈搏,2712,0,0.0
surgery,validation_2024,MISSREASON_EMT_現場_脈搏__source_missing,2712,0,0.0
surgery,validation_2024,MISSREASON_EMT_現場_脈搏__not_measured,2712,0,0.0
surgery,validation_2024,MISSREASON_EMT_現場_脈搏__sentinel,2712,0,0.0
surgery,validation_2024,MISSREASON_EMT_現場_脈搏__invalid_or_out_of_range,2712,0,0.0
surgery,validation_2024,EMT_現場_呼吸,2712,25,0.009218289085545723
surgery,validation_2024,MISS_EMT_現場_呼吸,2712,0,0.0
surgery,validation_2024,MISSREASON_EMT_現場_呼吸__source_missing,2712,0,0.0
surgery,validation_2024,MISSREASON_EMT_現場_呼吸__not_measured,2712,0,0.0
surgery,validation_2024,MISSREASON_EMT_現場_呼吸__sentinel,2712,0,0.0
surgery,validation_2024,MISSREASON_EMT_現場_呼吸__invalid_or_out_of_range,2712,0,0.0
surgery,validation_2024,EMT_現場_SPO2,2712,24,0.008849557522123894
surgery,validation_2024,MISS_EMT_現場_SPO2,2712,0,0.0
surgery,validation_2024,MISSREASON_EMT_現場_SPO2__source_missing,2712,0,0.0
surgery,validation_2024,MISSREASON_EMT_現場_SPO2__not_measured,2712,0,0.0
surgery,validation_2024,MISSREASON_EMT_現場_SPO2__sentinel,2712,0,0.0
surgery,validation_2024,MISSREASON_EMT_現場_SPO2__invalid_or_out_of_range,2712,0,0.0
surgery,validation_2024,EMT_現場_體溫,2712,28,0.01032448377581121
surgery,validation_2024,MISS_EMT_現場_體溫,2712,0,0.0
surgery,validation_2024,MISSREASON_EMT_現場_體溫__source_missing,2712,0,0.0
surgery,validation_2024,MISSREASON_EMT_現場_體溫__not_measured,2712,0,0.0
surgery,validation_2024,MISSREASON_EMT_現場_體溫__sentinel,2712,0,0.0
surgery,validation_2024,MISSREASON_EMT_現場_體溫__invalid_or_out_of_range,2712,0,0.0
surgery,validation_2024,EMT_現場_GCS,2712,23,0.008480825958702065
surgery,validation_2024,MISS_EMT_現場_GCS,2712,0,0.0
surgery,validation_2024,MISSREASON_EMT_現場_GCS__source_missing,2712,0,0.0
surgery,validation_2024,MISSREASON_EMT_現場_GCS__not_measured,2712,0,0.0
surgery,validation_2024,MISSREASON_EMT_現場_GCS__sentinel,2712,0,0.0
surgery,validation_2024,MISSREASON_EMT_現場_GCS__invalid_or_out_of_range,2712,0,0.0
surgery,validation_2024,EMT_現場_GCS_E,2712,23,0.008480825958702065
surgery,validation_2024,MISS_EMT_現場_GCS_E,2712,0,0.0
surgery,validation_2024,MISSREASON_EMT_現場_GCS_E__source_missing,2712,0,0.0
surgery,validation_2024,MISSREASON_EMT_現場_GCS_E__not_measured,2712,0,0.0
surgery,validation_2024,MISSREASON_EMT_現場_GCS_E__sentinel,2712,0,0.0
surgery,validation_2024,MISSREASON_EMT_現場_GCS_E__invalid_or_out_of_range,2712,0,0.0
surgery,validation_2024,EMT_現場_GCS_V,2712,23,0.008480825958702065
surgery,validation_2024,MISS_EMT_現場_GCS_V,2712,0,0.0
surgery,validation_2024,MISSREASON_EMT_現場_GCS_V__source_missing,2712,0,0.0
surgery,validation_2024,MISSREASON_EMT_現場_GCS_V__not_measured,2712,0,0.0
surgery,validation_2024,MISSREASON_EMT_現場_GCS_V__sentinel,2712,0,0.0
surgery,validation_2024,MISSREASON_EMT_現場_GCS_V__invalid_or_out_of_range,2712,0,0.0
surgery,validation_2024,EMT_現場_GCS_M,2712,23,0.008480825958702065
surgery,validation_2024,MISS_EMT_現場_GCS_M,2712,0,0.0
surgery,validation_2024,MISSREASON_EMT_現場_GCS_M__source_missing,2712,0,0.0
surgery,validation_2024,MISSREASON_EMT_現場_GCS_M__not_measured,2712,0,0.0
surgery,validation_2024,MISSREASON_EMT_現場_GCS_M__sentinel,2712,0,0.0
surgery,validation_2024,MISSREASON_EMT_現場_GCS_M__invalid_or_out_of_range,2712,0,0.0
surgery,validation_2024,EMT_車上_舒張壓,2712,382,0.14085545722713863
surgery,validation_2024,MISS_EMT_車上_舒張壓,2712,0,0.0
surgery,validation_2024,MISSREASON_EMT_車上_舒張壓__source_missing,2712,0,0.0
surgery,validation_2024,MISSREASON_EMT_車上_舒張壓__not_measured,2712,0,0.0
surgery,validation_2024,MISSREASON_EMT_車上_舒張壓__sentinel,2712,0,0.0
surgery,validation_2024,MISSREASON_EMT_車上_舒張壓__invalid_or_out_of_range,2712,0,0.0
surgery,validation_2024,EMT_車上_脈搏,2712,334,0.12315634218289086
surgery,validation_2024,MISS_EMT_車上_脈搏,2712,0,0.0
surgery,validation_2024,MISSREASON_EMT_車上_脈搏__source_missing,2712,0,0.0
surgery,validation_2024,MISSREASON_EMT_車上_脈搏__not_measured,2712,0,0.0
surgery,validation_2024,MISSREASON_EMT_車上_脈搏__sentinel,2712,0,0.0
surgery,validation_2024,MISSREASON_EMT_車上_脈搏__invalid_or_out_of_range,2712,0,0.0
surgery,validation_2024,EMT_車上_呼吸,2712,336,0.12389380530973451
surgery,validation_2024,MISS_EMT_車上_呼吸,2712,0,0.0
surgery,validation_2024,MISSREASON_EMT_車上_呼吸__source_missing,2712,0,0.0
surgery,validation_2024,MISSREASON_EMT_車上_呼吸__not_measured,2712,0,0.0
surgery,validation_2024,MISSREASON_EMT_車上_呼吸__sentinel,2712,0,0.0
surgery,validation_2024,MISSREASON_EMT_車上_呼吸__invalid_or_out_of_range,2712,0,0.0
surgery,validation_2024,EMT_車上_SPO2,2712,338,0.12463126843657817
surgery,validation_2024,MISS_EMT_車上_SPO2,2712,0,0.0
surgery,validation_2024,MISSREASON_EMT_車上_SPO2__source_missing,2712,0,0.0
surgery,validation_2024,MISSREASON_EMT_車上_SPO2__not_measured,2712,0,0.0
surgery,validation_2024,MISSREASON_EMT_車上_SPO2__sentinel,2712,0,0.0
surgery,validation_2024,MISSREASON_EMT_車上_SPO2__invalid_or_out_of_range,2712,0,0.0
surgery,validation_2024,EMT_車上_體溫,2712,341,0.12573746312684367
surgery,validation_2024,MISS_EMT_車上_體溫,2712,0,0.0
surgery,validation_2024,MISSREASON_EMT_車上_體溫__source_missing,2712,0,0.0
surgery,validation_2024,MISSREASON_EMT_車上_體溫__not_measured,2712,0,0.0
surgery,validation_2024,MISSREASON_EMT_車上_體溫__sentinel,2712,0,0.0
surgery,validation_2024,MISSREASON_EMT_車上_體溫__invalid_or_out_of_range,2712,0,0.0
surgery,validation_2024,EMT_車上_GCS,2712,27,0.00995575221238938
surgery,validation_2024,MISS_EMT_車上_GCS,2712,0,0.0
surgery,validation_2024,MISSREASON_EMT_車上_GCS__source_missing,2712,0,0.0
surgery,validation_2024,MISSREASON_EMT_車上_GCS__not_measured,2712,0,0.0
surgery,validation_2024,MISSREASON_EMT_車上_GCS__sentinel,2712,0,0.0
surgery,validation_2024,MISSREASON_EMT_車上_GCS__invalid_or_out_of_range,2712,0,0.0
surgery,validation_2024,EMT_車上_GCS_E,2712,25,0.009218289085545723
surgery,validation_2024,MISS_EMT_車上_GCS_E,2712,0,0.0
surgery,validation_2024,MISSREASON_EMT_車上_GCS_E__source_missing,2712,0,0.0
surgery,validation_2024,MISSREASON_EMT_車上_GCS_E__not_measured,2712,0,0.0
surgery,validation_2024,MISSREASON_EMT_車上_GCS_E__sentinel,2712,0,0.0
surgery,validation_2024,MISSREASON_EMT_車上_GCS_E__invalid_or_out_of_range,2712,0,0.0
surgery,validation_2024,EMT_車上_GCS_V,2712,27,0.00995575221238938
surgery,validation_2024,MISS_EMT_車上_GCS_V,2712,0,0.0
surgery,validation_2024,MISSREASON_EMT_車上_GCS_V__source_missing,2712,0,0.0
surgery,validation_2024,MISSREASON_EMT_車上_GCS_V__not_measured,2712,0,0.0
surgery,validation_2024,MISSREASON_EMT_車上_GCS_V__sentinel,2712,0,0.0
surgery,validation_2024,MISSREASON_EMT_車上_GCS_V__invalid_or_out_of_range,2712,0,0.0
surgery,validation_2024,EMT_車上_GCS_M,2712,25,0.009218289085545723
surgery,validation_2024,MISS_EMT_車上_GCS_M,2712,0,0.0
surgery,validation_2024,MISSREASON_EMT_車上_GCS_M__source_missing,2712,0,0.0
surgery,validation_2024,MISSREASON_EMT_車上_GCS_M__not_measured,2712,0,0.0
surgery,validation_2024,MISSREASON_EMT_車上_GCS_M__sentinel,2712,0,0.0
surgery,validation_2024,MISSREASON_EMT_車上_GCS_M__invalid_or_out_of_range,2712,0,0.0
surgery,validation_2024,EMT_生命徵象量測次數,2712,310,0.11430678466076696
surgery,validation_2024,MISS_EMT_生命徵象量測次數,2712,0,0.0
surgery,validation_2024,MISSREASON_EMT_生命徵象量測次數__source_missing,2712,0,0.0
surgery,validation_2024,MISSREASON_EMT_生命徵象量測次數__not_measured,2712,0,0.0
surgery,validation_2024,MISSREASON_EMT_生命徵象量測次數__sentinel,2712,0,0.0
surgery,validation_2024,MISSREASON_EMT_生命徵象量測次數__invalid_or_out_of_range,2712,0,0.0
surgery,validation_2024,EMT_問卷_疼痛指數,2712,425,0.1567109144542773
surgery,validation_2024,MISS_EMT_問卷_疼痛指數,2712,0,0.0
surgery,validation_2024,MISSREASON_EMT_問卷_疼痛指數__source_missing,2712,0,0.0
surgery,validation_2024,MISSREASON_EMT_問卷_疼痛指數__not_measured,2712,0,0.0
surgery,validation_2024,MISSREASON_EMT_問卷_疼痛指數__sentinel,2712,0,0.0
surgery,validation_2024,MISSREASON_EMT_問卷_疼痛指數__invalid_or_out_of_range,2712,0,0.0
surgery,validation_2024,EMT_問卷_左瞳孔尺寸mm,2712,365,0.13458702064896755
surgery,validation_2024,MISS_EMT_問卷_左瞳孔尺寸mm,2712,0,0.0
surgery,validation_2024,MISSREASON_EMT_問卷_左瞳孔尺寸mm__source_missing,2712,0,0.0
surgery,validation_2024,MISSREASON_EMT_問卷_左瞳孔尺寸mm__not_measured,2712,0,0.0
surgery,validation_2024,MISSREASON_EMT_問卷_左瞳孔尺寸mm__sentinel,2712,0,0.0
surgery,validation_2024,MISSREASON_EMT_問卷_左瞳孔尺寸mm__invalid_or_out_of_range,2712,0,0.0
surgery,validation_2024,EMT_問卷_右瞳孔尺寸mm,2712,364,0.13421828908554573
surgery,validation_2024,MISS_EMT_問卷_右瞳孔尺寸mm,2712,0,0.0
surgery,validation_2024,MISSREASON_EMT_問卷_右瞳孔尺寸mm__source_missing,2712,0,0.0
surgery,validation_2024,MISSREASON_EMT_問卷_右瞳孔尺寸mm__not_measured,2712,0,0.0
surgery,validation_2024,MISSREASON_EMT_問卷_右瞳孔尺寸mm__sentinel,2712,0,0.0
surgery,validation_2024,MISSREASON_EMT_問卷_右瞳孔尺寸mm__invalid_or_out_of_range,2712,0,0.0
surgery,validation_2024,EMT_問卷_血糖值mgdl,2712,2556,0.9424778761061947
surgery,validation_2024,MISS_EMT_問卷_血糖值mgdl,2712,0,0.0
surgery,validation_2024,MISSREASON_EMT_問卷_血糖值mgdl__source_missing,2712,0,0.0
surgery,validation_2024,MISSREASON_EMT_問卷_血糖值mgdl__not_measured,2712,0,0.0
surgery,validation_2024,MISSREASON_EMT_問卷_血糖值mgdl__sentinel,2712,0,0.0
surgery,validation_2024,MISSREASON_EMT_問卷_血糖值mgdl__invalid_or_out_of_range,2712,0,0.0
surgery,validation_2024,EMT_問卷_氧氣流量Lmin,2712,2644,0.9749262536873157
surgery,validation_2024,MISS_EMT_問卷_氧氣流量Lmin,2712,0,0.0
surgery,validation_2024,MISSREASON_EMT_問卷_氧氣流量Lmin__source_missing,2712,0,0.0
surgery,validation_2024,MISSREASON_EMT_問卷_氧氣流量Lmin__not_measured,2712,0,0.0
surgery,validation_2024,MISSREASON_EMT_問卷_氧氣流量Lmin__sentinel,2712,0,0.0
surgery,validation_2024,MISSREASON_EMT_問卷_氧氣流量Lmin__invalid_or_out_of_range,2712,0,0.0
surgery,validation_2024,EMT_問卷_靜脈輸液量ml,2712,2666,0.9830383480825958
surgery,validation_2024,MISS_EMT_問卷_靜脈輸液量ml,2712,0,0.0
surgery,validation_2024,MISSREASON_EMT_問卷_靜脈輸液量ml__source_missing,2712,0,0.0
surgery,validation_2024,MISSREASON_EMT_問卷_靜脈輸液量ml__not_measured,2712,0,0.0
surgery,validation_2024,MISSREASON_EMT_問卷_靜脈輸液量ml__sentinel,2712,0,0.0
surgery,validation_2024,MISSREASON_EMT_問卷_靜脈輸液量ml__invalid_or_out_of_range,2712,0,0.0
surgery,validation_2024,EMT_體重,2712,328,0.12094395280235988
surgery,validation_2024,MISS_EMT_體重,2712,0,0.0
surgery,validation_2024,MISSREASON_EMT_體重__source_missing,2712,0,0.0
surgery,validation_2024,MISSREASON_EMT_體重__not_measured,2712,0,0.0
surgery,validation_2024,MISSREASON_EMT_體重__sentinel,2712,0,0.0
surgery,validation_2024,MISSREASON_EMT_體重__invalid_or_out_of_range,2712,0,0.0
surgery,validation_2024,EMT_燒燙傷一級%,2712,310,0.11430678466076696
surgery,validation_2024,MISS_EMT_燒燙傷一級%,2712,0,0.0
surgery,validation_2024,MISSREASON_EMT_燒燙傷一級%__source_missing,2712,0,0.0
surgery,validation_2024,MISSREASON_EMT_燒燙傷一級%__not_measured,2712,0,0.0
surgery,validation_2024,MISSREASON_EMT_燒燙傷一級%__sentinel,2712,0,0.0
surgery,validation_2024,MISSREASON_EMT_燒燙傷一級%__invalid_or_out_of_range,2712,0,0.0
surgery,validation_2024,EMT_燒燙傷二級%,2712,310,0.11430678466076696
surgery,validation_2024,MISS_EMT_燒燙傷二級%,2712,0,0.0
surgery,validation_2024,MISSREASON_EMT_燒燙傷二級%__source_missing,2712,0,0.0
surgery,validation_2024,MISSREASON_EMT_燒燙傷二級%__not_measured,2712,0,0.0
surgery,validation_2024,MISSREASON_EMT_燒燙傷二級%__sentinel,2712,0,0.0
surgery,validation_2024,MISSREASON_EMT_燒燙傷二級%__invalid_or_out_of_range,2712,0,0.0
surgery,validation_2024,EMT_燒燙傷三級%,2712,310,0.11430678466076696
surgery,validation_2024,MISS_EMT_燒燙傷三級%,2712,0,0.0
surgery,validation_2024,MISSREASON_EMT_燒燙傷三級%__source_missing,2712,0,0.0
surgery,validation_2024,MISSREASON_EMT_燒燙傷三級%__not_measured,2712,0,0.0
surgery,validation_2024,MISSREASON_EMT_燒燙傷三級%__sentinel,2712,0,0.0
surgery,validation_2024,MISSREASON_EMT_燒燙傷三級%__invalid_or_out_of_range,2712,0,0.0
surgery,validation_2024,EMT_燒燙傷總%,2712,310,0.11430678466076696
surgery,validation_2024,MISS_EMT_燒燙傷總%,2712,0,0.0
surgery,validation_2024,MISSREASON_EMT_燒燙傷總%__source_missing,2712,0,0.0
surgery,validation_2024,MISSREASON_EMT_燒燙傷總%__not_measured,2712,0,0.0
surgery,validation_2024,MISSREASON_EMT_燒燙傷總%__sentinel,2712,0,0.0
surgery,validation_2024,MISSREASON_EMT_燒燙傷總%__invalid_or_out_of_range,2712,0,0.0
surgery,validation_2024,EMT_城市__台北,2712,0,0.0
surgery,validation_2024,EMT_城市__新北,2712,0,0.0
surgery,validation_2024,EMT_城市__OTHER_RARE,2712,0,0.0
surgery,validation_2024,EMT_城市__MISSING,2712,0,0.0
surgery,validation_2024,EMT_性別__女,2712,0,0.0
surgery,validation_2024,EMT_性別__男,2712,0,0.0
surgery,validation_2024,EMT_性別__OTHER_RARE,2712,0,0.0
surgery,validation_2024,EMT_性別__MISSING,2712,0,0.0
surgery,validation_2024,EMT_送醫路由__家屬指定送醫,2712,0,0.0
surgery,validation_2024,EMT_送醫路由__就近適當,2712,0,0.0
surgery,validation_2024,EMT_送醫路由__指揮中心,2712,0,0.0
surgery,validation_2024,EMT_送醫路由__OTHER_RARE,2712,0,0.0
surgery,validation_2024,EMT_送醫路由__MISSING,2712,0,0.0
surgery,validation_2024,EMT_危急個案__0.0,2712,0,0.0
surgery,validation_2024,EMT_危急個案__1.0,2712,0,0.0
surgery,validation_2024,EMT_危急個案__OTHER_RARE,2712,0,0.0
surgery,validation_2024,EMT_危急個案__MISSING,2712,0,0.0
surgery,validation_2024,EMT_發生地區__三峽區,2712,0,0.0
surgery,validation_2024,EMT_發生地區__三重區,2712,0,0.0
surgery,validation_2024,EMT_發生地區__中和區,2712,0,0.0
surgery,validation_2024,EMT_發生地區__土城區,2712,0,0.0
surgery,validation_2024,EMT_發生地區__坪林區,2712,0,0.0
surgery,validation_2024,EMT_發生地區__市文山區,2712,0,0.0
surgery,validation_2024,EMT_發生地區__新店區,2712,0,0.0
surgery,validation_2024,EMT_發生地區__新莊區,2712,0,0.0
surgery,validation_2024,EMT_發生地區__板橋區,2712,0,0.0
surgery,validation_2024,EMT_發生地區__樹林區,2712,0,0.0
surgery,validation_2024,EMT_發生地區__永和區,2712,0,0.0
surgery,validation_2024,EMT_發生地區__深坑區,2712,0,0.0
surgery,validation_2024,EMT_發生地區__烏來區,2712,0,0.0
surgery,validation_2024,EMT_發生地區__石碇區,2712,0,0.0
surgery,validation_2024,EMT_發生地區__蘆洲區,2712,0,0.0
surgery,validation_2024,EMT_發生地區__OTHER_RARE,2712,0,0.0
surgery,validation_2024,EMT_發生地區__MISSING,2712,0,0.0
surgery,validation_2024,EMT_距離_定位信心__Google地標,2712,0,0.0
surgery,validation_2024,EMT_距離_定位信心__區內概略,2712,0,0.0
surgery,validation_2024,EMT_距離_定位信心__國道概略,2712,0,0.0
surgery,validation_2024,EMT_距離_定位信心__無,2712,0,0.0
surgery,validation_2024,EMT_距離_定位信心__號,2712,0,0.0
surgery,validation_2024,EMT_距離_定位信心__路名概略(OSM),2712,0,0.0
surgery,validation_2024,EMT_距離_定位信心__路段中心,2712,0,0.0
surgery,validation_2024,EMT_距離_定位信心__OTHER_RARE,2712,0,0.0
surgery,validation_2024,EMT_距離_定位信心__MISSING,2712,0,0.0
surgery,validation_2024,EMT_現場_意識__否,2712,0,0.0
surgery,validation_2024,EMT_現場_意識__清,2712,0,0.0
surgery,validation_2024,EMT_現場_意識__痛,2712,0,0.0
surgery,validation_2024,EMT_現場_意識__聲,2712,0,0.0
surgery,validation_2024,EMT_現場_意識__OTHER_RARE,2712,0,0.0
surgery,validation_2024,EMT_現場_意識__MISSING,2712,0,0.0
surgery,validation_2024,EMT_派遣分類__BLS,2712,0,0.0
surgery,validation_2024,EMT_派遣分類__OTHER_RARE,2712,0,0.0
surgery,validation_2024,EMT_派遣分類__MISSING,2712,0,0.0
surgery,validation_2024,EMT_派遣原因__救護,2712,0,0.0
surgery,validation_2024,EMT_派遣原因__救護-一般受傷,2712,0,0.0
surgery,validation_2024,EMT_派遣原因__救護-其它,2712,0,0.0
surgery,validation_2024,EMT_派遣原因__救護-割腕,2712,0,0.0
surgery,validation_2024,EMT_派遣原因__救護-吞食藥物,2712,0,0.0
surgery,validation_2024,EMT_派遣原因__救護-孕婦待產,2712,0,0.0
surgery,validation_2024,EMT_派遣原因__救護-急病,2712,0,0.0
surgery,validation_2024,EMT_派遣原因__救護-打架受傷,2712,0,0.0
surgery,validation_2024,EMT_派遣原因__救護-精神異常,2712,0,0.0
surgery,validation_2024,EMT_派遣原因__救護-路倒,2712,0,0.0
surgery,validation_2024,EMT_派遣原因__救護-車禍,2712,0,0.0
surgery,validation_2024,EMT_派遣原因__火警-集合住宅,2712,0,0.0
surgery,validation_2024,EMT_派遣原因__緊急救援-其他,2712,0,0.0
surgery,validation_2024,EMT_派遣原因__緊急救援-車禍救助,2712,0,0.0
surgery,validation_2024,EMT_派遣原因__OTHER_RARE,2712,0,0.0
surgery,validation_2024,EMT_派遣原因__MISSING,2712,0,0.0
surgery,validation_2024,EMT_問卷_創傷導致的主訴群__肢體麻痺,2712,0,0.0
surgery,validation_2024,EMT_問卷_創傷導致的主訴群__背部疼痛,2712,0,0.0
surgery,validation_2024,EMT_問卷_創傷導致的主訴群__胸痛/悶,2712,0,0.0
surgery,validation_2024,EMT_問卷_創傷導致的主訴群__OTHER_RARE,2712,0,0.0
surgery,validation_2024,EMT_問卷_創傷導致的主訴群__MISSING,2712,0,0.0
surgery,validation_2024,EMT_問卷_頸椎固定__GCS<15,2712,0,0.0
surgery,validation_2024,EMT_問卷_頸椎固定__檢查無明顯異常,2712,0,0.0
surgery,validation_2024,EMT_問卷_頸椎固定__肢體運動感覺異常,2712,0,0.0
surgery,validation_2024,EMT_問卷_頸椎固定__轉向困難,2712,0,0.0
surgery,validation_2024,EMT_問卷_頸椎固定__頸椎瘀青疼痛,2712,0,0.0
surgery,validation_2024,EMT_問卷_頸椎固定__OTHER_RARE,2712,0,0.0
surgery,validation_2024,EMT_問卷_頸椎固定__MISSING,2712,0,0.0
surgery,validation_2024,EMT_問卷_膚色__其他,2712,0,0.0
surgery,validation_2024,EMT_問卷_膚色__正常,2712,0,0.0
surgery,validation_2024,EMT_問卷_膚色__溼冷,2712,0,0.0
surgery,validation_2024,EMT_問卷_膚色__潮紅,2712,0,0.0
surgery,validation_2024,EMT_問卷_膚色__發紺,2712,0,0.0
surgery,validation_2024,EMT_問卷_膚色__蒼白,2712,0,0.0
surgery,validation_2024,EMT_問卷_膚色__蒼白、溼冷,2712,0,0.0
surgery,validation_2024,EMT_問卷_膚色__黃疸,2712,0,0.0
surgery,validation_2024,EMT_問卷_膚色__OTHER_RARE,2712,0,0.0
surgery,validation_2024,EMT_問卷_膚色__MISSING,2712,0,0.0
surgery,validation_2024,EMT_問卷_左瞳孔光反射__+,2712,0,0.0
surgery,validation_2024,EMT_問卷_左瞳孔光反射__-,2712,0,0.0
surgery,validation_2024,EMT_問卷_左瞳孔光反射__無法測量,2712,0,0.0
surgery,validation_2024,EMT_問卷_左瞳孔光反射__眼疾,2712,0,0.0
surgery,validation_2024,EMT_問卷_左瞳孔光反射__OTHER_RARE,2712,0,0.0
surgery,validation_2024,EMT_問卷_左瞳孔光反射__MISSING,2712,0,0.0
surgery,validation_2024,EMT_問卷_右瞳孔光反射__+,2712,0,0.0
surgery,validation_2024,EMT_問卷_右瞳孔光反射__-,2712,0,0.0
surgery,validation_2024,EMT_問卷_右瞳孔光反射__無法測量,2712,0,0.0
surgery,validation_2024,EMT_問卷_右瞳孔光反射__眼疾,2712,0,0.0
surgery,validation_2024,EMT_問卷_右瞳孔光反射__OTHER_RARE,2712,0,0.0
surgery,validation_2024,EMT_問卷_右瞳孔光反射__MISSING,2712,0,0.0
surgery,validation_2024,EMT_問卷_氣管位置__其他,2712,0,0.0
surgery,validation_2024,EMT_問卷_氣管位置__正常,2712,0,0.0
surgery,validation_2024,EMT_問卷_氣管位置__OTHER_RARE,2712,0,0.0
surgery,validation_2024,EMT_問卷_氣管位置__MISSING,2712,0,0.0
surgery,validation_2024,EMT_問卷_頸靜脈怒張__其他,2712,0,0.0
surgery,validation_2024,EMT_問卷_頸靜脈怒張__有,2712,0,0.0
surgery,validation_2024,EMT_問卷_頸靜脈怒張__無,2712,0,0.0
surgery,validation_2024,EMT_問卷_頸靜脈怒張__OTHER_RARE,2712,0,0.0
surgery,validation_2024,EMT_問卷_頸靜脈怒張__MISSING,2712,0,0.0
surgery,validation_2024,EMT_問卷_血糖狀態__High,2712,0,0.0
surgery,validation_2024,EMT_問卷_血糖狀態__Low,2712,0,0.0
surgery,validation_2024,EMT_問卷_血糖狀態__否,2712,0,0.0
surgery,validation_2024,EMT_問卷_血糖狀態__否、其他,2712,0,0.0
surgery,validation_2024,EMT_問卷_血糖狀態__否、創傷,2712,0,0.0
surgery,validation_2024,EMT_問卷_血糖狀態__否、拒絕,2712,0,0.0
surgery,validation_2024,EMT_問卷_血糖狀態__否、躁動,2712,0,0.0
surgery,validation_2024,EMT_問卷_血糖狀態__血糖值紀錄,2712,0,0.0
surgery,validation_2024,EMT_問卷_血糖狀態__OTHER_RARE,2712,0,0.0
surgery,validation_2024,EMT_問卷_血糖狀態__MISSING,2712,0,0.0
surgery,validation_2024,EMT_問卷_靜脈輸液種類__0.9%N.S.,2712,0,0.0
surgery,validation_2024,EMT_問卷_靜脈輸液種類__5%G.W.,2712,0,0.0
surgery,validation_2024,EMT_問卷_靜脈輸液種類__50%G.W.,2712,0,0.0
surgery,validation_2024,EMT_問卷_靜脈輸液種類__IV,2712,0,0.0
surgery,validation_2024,EMT_問卷_靜脈輸液種類__OTHER_RARE,2712,0,0.0
surgery,validation_2024,EMT_問卷_靜脈輸液種類__MISSING,2712,0,0.0
surgery,validation_2024,EMT_推定派遣類別__中毒/自傷,2712,0,0.0
surgery,validation_2024,EMT_推定派遣類別__交通事故傷,2712,0,0.0
surgery,validation_2024,EMT_推定派遣類別__內科急病,2712,0,0.0
surgery,validation_2024,EMT_推定派遣類別__其他外傷,2712,0,0.0
surgery,validation_2024,EMT_推定派遣類別__精神行為異常,2712,0,0.0
surgery,validation_2024,EMT_推定派遣類別__路倒/無意識,2712,0,0.0
surgery,validation_2024,EMT_推定派遣類別__OTHER_RARE,2712,0,0.0
surgery,validation_2024,EMT_推定派遣類別__MISSING,2712,0,0.0
surgery,validation_2024,EMT_有燒燙傷__False,2712,0,0.0
surgery,validation_2024,EMT_有燒燙傷__True,2712,0,0.0
surgery,validation_2024,EMT_有燒燙傷__OTHER_RARE,2712,0,0.0
surgery,validation_2024,EMT_有燒燙傷__MISSING,2712,0,0.0
surgery,validation_2024,EMT_心律臆斷__Atrial fibrillation,2712,0,0.0
surgery,validation_2024,EMT_心律臆斷__Normal Sinus Rhythm,2712,0,0.0
surgery,validation_2024,EMT_心律臆斷__ST段下降,2712,0,0.0
surgery,validation_2024,EMT_心律臆斷__Sinus Bradycardia,2712,0,0.0
surgery,validation_2024,EMT_心律臆斷__Sinus Tachycardia,2712,0,0.0
surgery,validation_2024,EMT_心律臆斷__其他波形,2712,0,0.0
surgery,validation_2024,EMT_心律臆斷__OTHER_RARE,2712,0,0.0
surgery,validation_2024,EMT_心律臆斷__MISSING,2712,0,0.0
surgery,validation_2024,"EMT_台北_創傷類型__創傷-一般外傷,肢體外傷,摔跌傷",2712,0,0.0
surgery,validation_2024,"EMT_台北_創傷類型__創傷-一般外傷,頭部外傷,摔跌傷",2712,0,0.0
surgery,validation_2024,EMT_台北_創傷類型__創傷-交通事故(機車),2712,0,0.0
surgery,validation_2024,"EMT_台北_創傷類型__非創傷-一般疾病,噁心嘔吐腹瀉",2712,0,0.0
surgery,validation_2024,"EMT_台北_創傷類型__非創傷-一般疾病,肢體無力",2712,0,0.0
surgery,validation_2024,"EMT_台北_創傷類型__非創傷-一般疾病,頭痛頭暈昏倒昏厥",2712,0,0.0
surgery,validation_2024,EMT_台北_創傷類型__非創傷-呼吸問題,2712,0,0.0
surgery,validation_2024,EMT_台北_創傷類型__非創傷-昏迷,2712,0,0.0
surgery,validation_2024,EMT_台北_創傷類型__非創傷-腹痛,2712,0,0.0
surgery,validation_2024,EMT_台北_創傷類型__OTHER_RARE,2712,0,0.0
surgery,validation_2024,EMT_台北_創傷類型__MISSING,2712,0,0.0
surgery,validation_2024,EMT_特殊表類型__OHCA,2712,0,0.0
surgery,validation_2024,EMT_特殊表類型__呼吸喘/慢/使用呼吸輔助肌肉,2712,0,0.0
surgery,validation_2024,EMT_特殊表類型__心臟不適,2712,0,0.0
surgery,validation_2024,EMT_特殊表類型__癲癇重積,2712,0,0.0
surgery,validation_2024,EMT_特殊表類型__腦中風評估,2712,0,0.0
surgery,validation_2024,EMT_特殊表類型__過敏性休克,2712,0,0.0
surgery,validation_2024,EMT_特殊表類型__OTHER_RARE,2712,0,0.0
surgery,validation_2024,EMT_特殊表類型__MISSING,2712,0,0.0
surgery,validation_2024,EMT_台北_心梗登錄__OTHER_RARE,2712,0,0.0
surgery,validation_2024,EMT_台北_心梗登錄__MISSING,2712,0,0.0
surgery,validation_2024,EMT_台北_中風登錄__OTHER_RARE,2712,0,0.0
surgery,validation_2024,EMT_台北_中風登錄__MISSING,2712,0,0.0
surgery,validation_2024,EMT_台北_CPR停止登錄__OTHER_RARE,2712,0,0.0
surgery,validation_2024,EMT_台北_CPR停止登錄__MISSING,2712,0,0.0
surgery,validation_2024,EMT_問卷_交通事故患者__乘客,2712,0,0.0
surgery,validation_2024,EMT_問卷_交通事故患者__行人,2712,0,0.0
surgery,validation_2024,EMT_問卷_交通事故患者__駕駛,2712,0,0.0
surgery,validation_2024,EMT_問卷_交通事故患者__OTHER_RARE,2712,0,0.0
surgery,validation_2024,EMT_問卷_交通事故患者__MISSING,2712,0,0.0
surgery,validation_2024,EMT_問卷_交通事故種類__人,2712,0,0.0
surgery,validation_2024,EMT_問卷_交通事故種類__人、其他,2712,0,0.0
surgery,validation_2024,EMT_問卷_交通事故種類__其他,2712,0,0.0
surgery,validation_2024,EMT_問卷_交通事故種類__機車,2712,0,0.0
surgery,validation_2024,EMT_問卷_交通事故種類__機車、人,2712,0,0.0
surgery,validation_2024,EMT_問卷_交通事故種類__機車、人、其他,2712,0,0.0
surgery,validation_2024,EMT_問卷_交通事故種類__機車、其他,2712,0,0.0
surgery,validation_2024,EMT_問卷_交通事故種類__機車、腳踏車,2712,0,0.0
surgery,validation_2024,EMT_問卷_交通事故種類__機車、腳踏車、其他,2712,0,0.0
surgery,validation_2024,EMT_問卷_交通事故種類__汽車,2712,0,0.0
surgery,validation_2024,EMT_問卷_交通事故種類__汽車、人,2712,0,0.0
surgery,validation_2024,EMT_問卷_交通事故種類__汽車、人、其他,2712,0,0.0
surgery,validation_2024,EMT_問卷_交通事故種類__汽車、其他,2712,0,0.0
surgery,validation_2024,EMT_問卷_交通事故種類__汽車、機車,2712,0,0.0
surgery,validation_2024,EMT_問卷_交通事故種類__汽車、機車、其他,2712,0,0.0
surgery,validation_2024,EMT_問卷_交通事故種類__汽車、腳踏車,2712,0,0.0
surgery,validation_2024,EMT_問卷_交通事故種類__腳踏車,2712,0,0.0
surgery,validation_2024,EMT_問卷_交通事故種類__腳踏車、其他,2712,0,0.0
surgery,validation_2024,EMT_問卷_交通事故種類__OTHER_RARE,2712,0,0.0
surgery,validation_2024,EMT_問卷_交通事故種類__MISSING,2712,0,0.0
surgery,validation_2024,EMT_問卷_保護裝置狀態__安全帶,2712,0,0.0
surgery,validation_2024,EMT_問卷_保護裝置狀態__安全帽,2712,0,0.0
surgery,validation_2024,EMT_問卷_保護裝置狀態__無,2712,0,0.0
surgery,validation_2024,EMT_問卷_保護裝置狀態__OTHER_RARE,2712,0,0.0
surgery,validation_2024,EMT_問卷_保護裝置狀態__MISSING,2712,0,0.0
surgery,validation_2024,EMT_問卷_非交通事故種類__其他,2712,0,0.0
surgery,validation_2024,EMT_問卷_非交通事故種類__切割,2712,0,0.0
surgery,validation_2024,EMT_問卷_非交通事故種類__墜落,2712,0,0.0
surgery,validation_2024,EMT_問卷_非交通事故種類__壓夾,2712,0,0.0
surgery,validation_2024,EMT_問卷_非交通事故種類__撞擊,2712,0,0.0
surgery,validation_2024,EMT_問卷_非交通事故種類__生物咬螫,2712,0,0.0
surgery,validation_2024,EMT_問卷_非交通事故種類__跌摔,2712,0,0.0
surgery,validation_2024,EMT_問卷_非交通事故種類__鈍毆,2712,0,0.0
surgery,validation_2024,EMT_問卷_非交通事故種類__OTHER_RARE,2712,0,0.0
surgery,validation_2024,EMT_問卷_非交通事故種類__MISSING,2712,0,0.0
surgery,validation_2024,EMT_問卷_危急個案__否,2712,0,0.0
surgery,validation_2024,EMT_問卷_危急個案__是,2712,0,0.0
surgery,validation_2024,EMT_問卷_危急個案__OTHER_RARE,2712,0,0.0
surgery,validation_2024,EMT_問卷_危急個案__MISSING,2712,0,0.0
surgery,validation_2024,EMT_現場_意識_AVPU,2712,0,0.0
surgery,validation_2024,EMT_過去病史__HIV(+),2712,0,0.0
surgery,validation_2024,EMT_過去病史__不詳,2712,0,0.0
surgery,validation_2024,EMT_過去病史__其他,2712,0,0.0
surgery,validation_2024,EMT_過去病史__心臟疾病,2712,0,0.0
surgery,validation_2024,EMT_過去病史__惡性腫瘤,2712,0,0.0
surgery,validation_2024,EMT_過去病史__氣喘,2712,0,0.0
surgery,validation_2024,EMT_過去病史__癲癇,2712,0,0.0
surgery,validation_2024,EMT_過去病史__精神疾病,2712,0,0.0
surgery,validation_2024,EMT_過去病史__糖尿病,2712,0,0.0
surgery,validation_2024,EMT_過去病史__肝臟疾病,2712,0,0.0
surgery,validation_2024,EMT_過去病史__肺臟疾病,2712,0,0.0
surgery,validation_2024,EMT_過去病史__腎臟疾病,2712,0,0.0
surgery,validation_2024,EMT_過去病史__腦血管疾病,2712,0,0.0
surgery,validation_2024,EMT_過去病史__高血壓,2712,0,0.0
surgery,validation_2024,EMT_過去病史__OTHER_RARE,2712,0,0.0
surgery,validation_2024,EMT_過去病史__source_available,2712,0,0.0
surgery,validation_2024,EMT_過去病史__explicit_none,2712,0,0.0
surgery,validation_2024,EMT_過去病史__source_missing,2712,0,0.0
surgery,validation_2024,EMT_過敏史__不清楚,2712,0,0.0
surgery,validation_2024,EMT_過敏史__不詳,2712,0,0.0
surgery,validation_2024,EMT_過敏史__其他,2712,0,0.0
surgery,validation_2024,EMT_過敏史__藥物,2712,0,0.0
surgery,validation_2024,EMT_過敏史__食物,2712,0,0.0
surgery,validation_2024,EMT_過敏史__OTHER_RARE,2712,0,0.0
surgery,validation_2024,EMT_過敏史__source_available,2712,0,0.0
surgery,validation_2024,EMT_過敏史__explicit_none,2712,0,0.0
surgery,validation_2024,EMT_過敏史__source_missing,2712,0,0.0
surgery,validation_2024,EMT_主訴_結構化__OHCA,2712,0,0.0
surgery,validation_2024,EMT_主訴_結構化__上腹痛,2712,0,0.0
surgery,validation_2024,EMT_主訴_結構化__下腹痛,2712,0,0.0
surgery,validation_2024,EMT_主訴_結構化__其他,2712,0,0.0
surgery,validation_2024,EMT_主訴_結構化__冒冷汗,2712,0,0.0
surgery,validation_2024,EMT_主訴_結構化__吐.咳血,2712,0,0.0
surgery,validation_2024,EMT_主訴_結構化__呼吸喘.慢.使用輔助肌,2712,0,0.0
surgery,validation_2024,EMT_主訴_結構化__呼吸道梗塞,2712,0,0.0
surgery,validation_2024,EMT_主訴_結構化__嘔吐.噁心,2712,0,0.0
surgery,validation_2024,EMT_主訴_結構化__心臟不適,2712,0,0.0
surgery,validation_2024,EMT_主訴_結構化__急產,2712,0,0.0
surgery,validation_2024,EMT_主訴_結構化__急產（接生）,2712,0,0.0
surgery,validation_2024,EMT_主訴_結構化__挫.擦傷,2712,0,0.0
surgery,validation_2024,EMT_主訴_結構化__撕裂.切割傷,2712,0,0.0
surgery,validation_2024,EMT_主訴_結構化__斷肢,2712,0,0.0
surgery,validation_2024,EMT_主訴_結構化__昏厥,2712,0,0.0
surgery,validation_2024,EMT_主訴_結構化__無意識.意識不清,2712,0,0.0
surgery,validation_2024,EMT_主訴_結構化__燒燙傷,2712,0,0.0
surgery,validation_2024,EMT_主訴_結構化__疑似一氧化碳中毒,2712,0,0.0
surgery,validation_2024,EMT_主訴_結構化__疑似毒物.氣中毒,2712,0,0.0
surgery,validation_2024,EMT_主訴_結構化__疑似藥物過量,2712,0,0.0
surgery,validation_2024,EMT_主訴_結構化__癲癇.抽搐,2712,0,0.0
surgery,validation_2024,EMT_主訴_結構化__發燒.發冷,2712,0,0.0
surgery,validation_2024,EMT_主訴_結構化__碎裂傷,2712,0,0.0
surgery,validation_2024,EMT_主訴_結構化__穿刺傷,2712,0,0.0
surgery,validation_2024,EMT_主訴_結構化__肢體無力,2712,0,0.0
surgery,validation_2024,EMT_主訴_結構化__肢體疼痛,2712,0,0.0
surgery,validation_2024,EMT_主訴_結構化__肢體麻痺,2712,0,0.0
surgery,validation_2024,EMT_主訴_結構化__背.肩痛,2712,0,0.0
surgery,validation_2024,EMT_主訴_結構化__胸痛.悶,2712,0,0.0
surgery,validation_2024,EMT_主訴_結構化__腹瀉,2712,0,0.0
surgery,validation_2024,EMT_主訴_結構化__虛弱,2712,0,0.0
surgery,validation_2024,EMT_主訴_結構化__血便.尿,2712,0,0.0
surgery,validation_2024,EMT_主訴_結構化__血腫,2712,0,0.0
surgery,validation_2024,EMT_主訴_結構化__行為神智異常,2712,0,0.0
surgery,validation_2024,EMT_主訴_結構化__過敏,2712,0,0.0
surgery,validation_2024,EMT_主訴_結構化__非外傷出血,2712,0,0.0
surgery,validation_2024,EMT_主訴_結構化__頭暈,2712,0,0.0
surgery,validation_2024,EMT_主訴_結構化__頭痛,2712,0,0.0
surgery,validation_2024,EMT_主訴_結構化__骨折.脫位,2712,0,0.0
surgery,validation_2024,EMT_主訴_結構化__OTHER_RARE,2712,0,0.0
surgery,validation_2024,EMT_主訴_結構化__source_available,2712,0,0.0
surgery,validation_2024,EMT_主訴_結構化__explicit_none,2712,0,0.0
surgery,validation_2024,EMT_主訴_結構化__source_missing,2712,0,0.0
surgery,validation_2024,EMT_紅旗__DNR.放棄急救,2712,0,0.0
surgery,validation_2024,EMT_紅旗__休克.低血壓,2712,0,0.0
surgery,validation_2024,EMT_紅旗__呼吸窘迫.低血氧,2712,0,0.0
surgery,validation_2024,EMT_紅旗__大出血,2712,0,0.0
surgery,validation_2024,EMT_紅旗__心跳呼吸停止.PEA,2712,0,0.0
surgery,validation_2024,EMT_紅旗__意識改變,2712,0,0.0
surgery,validation_2024,EMT_紅旗__抽搐,2712,0,0.0
surgery,validation_2024,EMT_紅旗__疑似中風,2712,0,0.0
surgery,validation_2024,EMT_紅旗__胸痛疑似ACS,2712,0,0.0
surgery,validation_2024,EMT_紅旗__OTHER_RARE,2712,0,0.0
surgery,validation_2024,EMT_紅旗__source_available,2712,0,0.0
surgery,validation_2024,EMT_紅旗__explicit_none,2712,0,0.0
surgery,validation_2024,EMT_紅旗__source_missing,2712,0,0.0
surgery,validation_2024,EMT_創傷機轉_合併__交通-機車,2712,0,0.0
surgery,validation_2024,EMT_創傷機轉_合併__交通-汽車,2712,0,0.0
surgery,validation_2024,EMT_創傷機轉_合併__交通-腳踏車,2712,0,0.0
surgery,validation_2024,EMT_創傷機轉_合併__交通-行人,2712,0,0.0
surgery,validation_2024,EMT_創傷機轉_合併__其他外傷,2712,0,0.0
surgery,validation_2024,EMT_創傷機轉_合併__燒燙,2712,0,0.0
surgery,validation_2024,EMT_創傷機轉_合併__生物咬螫,2712,0,0.0
surgery,validation_2024,EMT_創傷機轉_合併__穿刺切割,2712,0,0.0
surgery,validation_2024,EMT_創傷機轉_合併__跌落墜落,2712,0,0.0
surgery,validation_2024,EMT_創傷機轉_合併__鈍傷撞擊,2712,0,0.0
surgery,validation_2024,EMT_創傷機轉_合併__OTHER_RARE,2712,0,0.0
surgery,validation_2024,EMT_創傷機轉_合併__source_available,2712,0,0.0
surgery,validation_2024,EMT_創傷機轉_合併__explicit_none,2712,0,0.0
surgery,validation_2024,EMT_創傷機轉_合併__source_missing,2712,0,0.0
surgery,validation_2024,EMT_處置_合併__CPR,2712,0,0.0
surgery,validation_2024,EMT_處置_合併__保暖,2712,0,0.0
surgery,validation_2024,EMT_處置_合併__傷口處置,2712,0,0.0
surgery,validation_2024,EMT_處置_合併__固定,2712,0,0.0
surgery,validation_2024,EMT_處置_合併__心理支持,2712,0,0.0
surgery,validation_2024,EMT_處置_合併__生命徵象監測,2712,0,0.0
surgery,validation_2024,EMT_處置_合併__給氧,2712,0,0.0
surgery,validation_2024,EMT_處置_合併__給藥,2712,0,0.0
surgery,validation_2024,EMT_處置_合併__OTHER_RARE,2712,0,0.0
surgery,validation_2024,EMT_處置_合併__source_available,2712,0,0.0
surgery,validation_2024,EMT_處置_合併__explicit_none,2712,0,0.0
surgery,validation_2024,EMT_處置_合併__source_missing,2712,0,0.0
surgery,validation_2024,EMT_特殊表登錄_合併__ACS,2712,0,0.0
surgery,validation_2024,EMT_特殊表登錄_合併__CVA,2712,0,0.0
surgery,validation_2024,EMT_特殊表登錄_合併__OHCA,2712,0,0.0
surgery,validation_2024,EMT_特殊表登錄_合併__呼吸窘迫,2712,0,0.0
surgery,validation_2024,EMT_特殊表登錄_合併__癲癇重積,2712,0,0.0
surgery,validation_2024,EMT_特殊表登錄_合併__過敏性休克,2712,0,0.0
surgery,validation_2024,EMT_特殊表登錄_合併__OTHER_RARE,2712,0,0.0
surgery,validation_2024,EMT_特殊表登錄_合併__source_available,2712,0,0.0
surgery,validation_2024,EMT_特殊表登錄_合併__explicit_none,2712,0,0.0
surgery,validation_2024,EMT_特殊表登錄_合併__source_missing,2712,0,0.0
surgery,validation_2024,EMT_問卷_一般處置__下肢抬高,2712,0,0.0
surgery,validation_2024,EMT_問卷_一般處置__保暖,2712,0,0.0
surgery,validation_2024,EMT_問卷_一般處置__其他,2712,0,0.0
surgery,validation_2024,EMT_問卷_一般處置__半坐臥,2712,0,0.0
surgery,validation_2024,EMT_問卷_一般處置__心律監視,2712,0,0.0
surgery,validation_2024,EMT_問卷_一般處置__心理支持,2712,0,0.0
surgery,validation_2024,EMT_問卷_一般處置__生命徵象監測,2712,0,0.0
surgery,validation_2024,EMT_問卷_一般處置__生產/左側臥,2712,0,0.0
surgery,validation_2024,EMT_問卷_一般處置__OTHER_RARE,2712,0,0.0
surgery,validation_2024,EMT_問卷_一般處置__source_available,2712,0,0.0
surgery,validation_2024,EMT_問卷_一般處置__explicit_none,2712,0,0.0
surgery,validation_2024,EMT_問卷_一般處置__source_missing,2712,0,0.0
surgery,validation_2024,EMT_問卷_呼吸給氧裝置__NRM,2712,0,0.0
surgery,validation_2024,EMT_問卷_呼吸給氧裝置__口咽呼吸道,2712,0,0.0
surgery,validation_2024,EMT_問卷_呼吸給氧裝置__正壓給氧,2712,0,0.0
surgery,validation_2024,EMT_問卷_呼吸給氧裝置__氧氣面罩,2712,0,0.0
surgery,validation_2024,EMT_問卷_呼吸給氧裝置__氧氣鼻管,2712,0,0.0
surgery,validation_2024,EMT_問卷_呼吸給氧裝置__鼻咽呼吸道,2712,0,0.0
surgery,validation_2024,EMT_問卷_呼吸給氧裝置__OTHER_RARE,2712,0,0.0
surgery,validation_2024,EMT_問卷_呼吸給氧裝置__source_available,2712,0,0.0
surgery,validation_2024,EMT_問卷_呼吸給氧裝置__explicit_none,2712,0,0.0
surgery,validation_2024,EMT_問卷_呼吸給氧裝置__source_missing,2712,0,0.0
surgery,validation_2024,EMT_問卷_創傷處置__KED固定,2712,0,0.0
surgery,validation_2024,EMT_問卷_創傷處置__包紮止血,2712,0,0.0
surgery,validation_2024,EMT_問卷_創傷處置__夾板\三角巾,2712,0,0.0
surgery,validation_2024,EMT_問卷_創傷處置__抽吸式護木,2712,0,0.0
surgery,validation_2024,EMT_問卷_創傷處置__清洗傷口,2712,0,0.0
surgery,validation_2024,EMT_問卷_創傷處置__長背板\頭部固定,2712,0,0.0
surgery,validation_2024,EMT_問卷_創傷處置__頸圈,2712,0,0.0
surgery,validation_2024,EMT_問卷_創傷處置__OTHER_RARE,2712,0,0.0
surgery,validation_2024,EMT_問卷_創傷處置__source_available,2712,0,0.0
surgery,validation_2024,EMT_問卷_創傷處置__explicit_none,2712,0,0.0
surgery,validation_2024,EMT_問卷_創傷處置__source_missing,2712,0,0.0
surgery,validation_2024,EMT_問卷_加護處置__0.9%N.S.,2712,0,0.0
surgery,validation_2024,EMT_問卷_加護處置__5%G.W.,2712,0,0.0
surgery,validation_2024,EMT_問卷_加護處置__50%G.W.,2712,0,0.0
surgery,validation_2024,EMT_問卷_加護處置__Berotec支氣管擴張劑,2712,0,0.0
surgery,validation_2024,EMT_問卷_加護處置__IV,2712,0,0.0
surgery,validation_2024,EMT_問卷_加護處置__不建議AED電擊,2712,0,0.0
surgery,validation_2024,EMT_問卷_加護處置__糖粉（水）,2712,0,0.0
surgery,validation_2024,EMT_問卷_加護處置__OTHER_RARE,2712,0,0.0
surgery,validation_2024,EMT_問卷_加護處置__source_available,2712,0,0.0
surgery,validation_2024,EMT_問卷_加護處置__explicit_none,2712,0,0.0
surgery,validation_2024,EMT_問卷_加護處置__source_missing,2712,0,0.0
surgery,validation_2024,EMT_台北_呼吸處置__OTHER_RARE,2712,0,0.0
surgery,validation_2024,EMT_台北_呼吸處置__source_available,2712,0,0.0
surgery,validation_2024,EMT_台北_呼吸處置__explicit_none,2712,0,0.0
surgery,validation_2024,EMT_台北_呼吸處置__source_missing,2712,0,0.0
surgery,validation_2024,EMT_台北_CPR處置__OTHER_RARE,2712,0,0.0
surgery,validation_2024,EMT_台北_CPR處置__source_available,2712,0,0.0
surgery,validation_2024,EMT_台北_CPR處置__explicit_none,2712,0,0.0
surgery,validation_2024,EMT_台北_CPR處置__source_missing,2712,0,0.0
surgery,validation_2024,EMT_台北_藥物處置__OTHER_RARE,2712,0,0.0
surgery,validation_2024,EMT_台北_藥物處置__source_available,2712,0,0.0
surgery,validation_2024,EMT_台北_藥物處置__explicit_none,2712,0,0.0
surgery,validation_2024,EMT_台北_藥物處置__source_missing,2712,0,0.0
surgery,validation_2024,EMT_台北_創傷處置__包紮,2712,0,0.0
surgery,validation_2024,EMT_台北_創傷處置__止血,2712,0,0.0
surgery,validation_2024,EMT_台北_創傷處置__清洗傷口,2712,0,0.0
surgery,validation_2024,EMT_台北_創傷處置__OTHER_RARE,2712,0,0.0
surgery,validation_2024,EMT_台北_創傷處置__source_available,2712,0,0.0
surgery,validation_2024,EMT_台北_創傷處置__explicit_none,2712,0,0.0
surgery,validation_2024,EMT_台北_創傷處置__source_missing,2712,0,0.0
surgery,validation_2024,EMT_台北_後送姿勢__半坐臥,2712,0,0.0
surgery,validation_2024,EMT_台北_後送姿勢__平躺,2712,0,0.0
surgery,validation_2024,EMT_台北_後送姿勢__OTHER_RARE,2712,0,0.0
surgery,validation_2024,EMT_台北_後送姿勢__source_available,2712,0,0.0
surgery,validation_2024,EMT_台北_後送姿勢__explicit_none,2712,0,0.0
surgery,validation_2024,EMT_台北_後送姿勢__source_missing,2712,0,0.0
surgery,validation_2024,EMT_台北_其他處置__保暖,2712,0,0.0
surgery,validation_2024,EMT_台北_其他處置__心理支持,2712,0,0.0
surgery,validation_2024,EMT_台北_其他處置__OTHER_RARE,2712,0,0.0
surgery,validation_2024,EMT_台北_其他處置__source_available,2712,0,0.0
surgery,validation_2024,EMT_台北_其他處置__explicit_none,2712,0,0.0
surgery,validation_2024,EMT_台北_其他處置__source_missing,2712,0,0.0
surgery,validation_2024,EMT_台北_給藥__OTHER_RARE,2712,0,0.0
surgery,validation_2024,EMT_台北_給藥__source_available,2712,0,0.0
surgery,validation_2024,EMT_台北_給藥__explicit_none,2712,0,0.0
surgery,validation_2024,EMT_台北_給藥__source_missing,2712,0,0.0
surgery,validation_2024,EMT_補述_紅旗__DNR.放棄急救,2712,0,0.0
surgery,validation_2024,EMT_補述_紅旗__休克.低血壓,2712,0,0.0
surgery,validation_2024,EMT_補述_紅旗__呼吸窘迫.低血氧,2712,0,0.0
surgery,validation_2024,EMT_補述_紅旗__大出血,2712,0,0.0
surgery,validation_2024,EMT_補述_紅旗__心跳呼吸停止.PEA,2712,0,0.0
surgery,validation_2024,EMT_補述_紅旗__意識改變,2712,0,0.0
surgery,validation_2024,EMT_補述_紅旗__抽搐,2712,0,0.0
surgery,validation_2024,EMT_補述_紅旗__疑似中風,2712,0,0.0
surgery,validation_2024,EMT_補述_紅旗__胸痛疑似ACS,2712,0,0.0
surgery,validation_2024,EMT_補述_紅旗__OTHER_RARE,2712,0,0.0
surgery,validation_2024,EMT_補述_紅旗__source_available,2712,0,0.0
surgery,validation_2024,EMT_補述_紅旗__explicit_none,2712,0,0.0
surgery,validation_2024,EMT_補述_紅旗__source_missing,2712,0,0.0
surgery,validation_2024,EMT_問卷_過去病史__HIV(+),2712,0,0.0
surgery,validation_2024,EMT_問卷_過去病史__不詳,2712,0,0.0
surgery,validation_2024,EMT_問卷_過去病史__其他,2712,0,0.0
surgery,validation_2024,EMT_問卷_過去病史__心臟疾病,2712,0,0.0
surgery,validation_2024,EMT_問卷_過去病史__惡性腫瘤,2712,0,0.0
surgery,validation_2024,EMT_問卷_過去病史__氣喘,2712,0,0.0
surgery,validation_2024,EMT_問卷_過去病史__癲癇,2712,0,0.0
surgery,validation_2024,EMT_問卷_過去病史__精神疾病,2712,0,0.0
surgery,validation_2024,EMT_問卷_過去病史__糖尿病,2712,0,0.0
surgery,validation_2024,EMT_問卷_過去病史__肝臟疾病,2712,0,0.0
surgery,validation_2024,EMT_問卷_過去病史__肺臟疾病,2712,0,0.0
surgery,validation_2024,EMT_問卷_過去病史__腎臟疾病,2712,0,0.0
surgery,validation_2024,EMT_問卷_過去病史__腦血管疾病,2712,0,0.0
surgery,validation_2024,EMT_問卷_過去病史__高血壓,2712,0,0.0
surgery,validation_2024,EMT_問卷_過去病史__OTHER_RARE,2712,0,0.0
surgery,validation_2024,EMT_問卷_過去病史__source_available,2712,0,0.0
surgery,validation_2024,EMT_問卷_過去病史__explicit_none,2712,0,0.0
surgery,validation_2024,EMT_問卷_過去病史__source_missing,2712,0,0.0
surgery,validation_2024,EMT_問卷_過敏史__不詳,2712,0,0.0
surgery,validation_2024,EMT_問卷_過敏史__其他,2712,0,0.0
surgery,validation_2024,EMT_問卷_過敏史__藥物,2712,0,0.0
surgery,validation_2024,EMT_問卷_過敏史__食物,2712,0,0.0
surgery,validation_2024,EMT_問卷_過敏史__OTHER_RARE,2712,0,0.0
surgery,validation_2024,EMT_問卷_過敏史__source_available,2712,0,0.0
surgery,validation_2024,EMT_問卷_過敏史__explicit_none,2712,0,0.0
surgery,validation_2024,EMT_問卷_過敏史__source_missing,2712,0,0.0
surgery,validation_2024,has_oxygen,2712,2626,0.9682890855457227
surgery,validation_2024,has_ventilatory_support,2712,2623,0.9671828908554573
surgery,validation_2024,has_airway_adjunct,2712,2623,0.9671828908554573
surgery,validation_2024,has_advanced_airway,2712,2623,0.9671828908554573
surgery,validation_2024,has_ALS_procedure,2712,2344,0.8643067846607669
surgery,validation_2024,EMT_現場_收縮壓_ord,2712,5,0.0018436578171091445
surgery,validation_2024,EMT_現場_收縮壓_for_score,2712,19,0.007005899705014749
surgery,validation_2024,EMT_車上_收縮壓_for_score,2712,331,0.12205014749262537
surgery,validation_2024,EMT_現場_收縮壓_unmeasurable,2712,0,0.0
surgery,validation_2024,EMT_車上_收縮壓_unmeasurable,2712,0,0.0
surgery,validation_2024,MISS_EMT_現場_收縮壓_for_score,2712,0,0.0
surgery,validation_2024,MISS_EMT_車上_收縮壓_for_score,2712,0,0.0
surgery,validation_2024,prehosp_sbp,2712,15,0.0055309734513274336
surgery,validation_2024,prehosp_dbp,2712,382,0.14085545722713863
surgery,validation_2024,prehosp_hr,2712,20,0.007374631268436578
surgery,validation_2024,prehosp_rr,2712,20,0.007374631268436578
surgery,validation_2024,prehosp_spo2,2712,22,0.008112094395280236
surgery,validation_2024,prehosp_bt,2712,23,0.008480825958702065
surgery,validation_2024,prehosp_gcs,2712,21,0.007743362831858407
surgery,validation_2024,prehosp_gcs_e,2712,21,0.007743362831858407
surgery,validation_2024,prehosp_gcs_v,2712,21,0.007743362831858407
surgery,validation_2024,prehosp_gcs_m,2712,21,0.007743362831858407
surgery,validation_2024,is_OHCA_hr0,2712,0,0.0
surgery,validation_2024,現場時間,2712,5,0.0018436578171091445
surgery,validation_2024,運送時間,2712,4,0.0014749262536873156
surgery,validation_2024,派遣時間,2712,312,0.11504424778761062
surgery,validation_2024,總到院前時間,2712,312,0.11504424778761062
surgery,validation_2024,MISS_現場時間,2712,0,0.0
surgery,validation_2024,MISS_運送時間,2712,0,0.0
surgery,validation_2024,MISS_派遣時間,2712,0,0.0
surgery,validation_2024,MISS_總到院前時間,2712,0,0.0
surgery,validation_2024,MAP,2712,382,0.14085545722713863
surgery,validation_2024,MISS_MAP,2712,0,0.0
surgery,validation_2024,SI,2712,23,0.008480825958702065
surgery,validation_2024,MISS_SI,2712,0,0.0
surgery,validation_2024,mSI,2712,382,0.14085545722713863
surgery,validation_2024,MISS_mSI,2712,0,0.0
surgery,validation_2024,aSI,2712,26,0.009587020648967551
surgery,validation_2024,MISS_aSI,2712,0,0.0
surgery,validation_2024,rSI,2712,23,0.008480825958702065
surgery,validation_2024,MISS_rSI,2712,0,0.0
surgery,validation_2024,rSIG,2712,24,0.008849557522123894
surgery,validation_2024,MISS_rSIG,2712,0,0.0
surgery,validation_2024,rSIG_Age,2712,27,0.00995575221238938
surgery,validation_2024,MISS_rSIG_Age,2712,0,0.0
surgery,validation_2024,SI_G,2712,24,0.008849557522123894
surgery,validation_2024,MISS_SI_G,2712,0,0.0
surgery,validation_2024,SIA_G,2712,27,0.00995575221238938
surgery,validation_2024,MISS_SIA_G,2712,0,0.0
surgery,validation_2024,SIAVPU,2712,23,0.008480825958702065
surgery,validation_2024,MISS_SIAVPU,2712,0,0.0
surgery,validation_2024,sMS,2712,21,0.007743362831858407
surgery,validation_2024,MISS_sMS,2712,0,0.0
surgery,validation_2024,rSI_sMS,2712,24,0.008849557522123894
surgery,validation_2024,MISS_rSI_sMS,2712,0,0.0
surgery,validation_2024,rSI_GCS,2712,24,0.008849557522123894
surgery,validation_2024,MISS_rSI_GCS,2712,0,0.0
surgery,validation_2024,rSI_GCSM,2712,24,0.008849557522123894
surgery,validation_2024,MISS_rSI_GCSM,2712,0,0.0
surgery,validation_2024,qSOFA,2712,23,0.008480825958702065
surgery,validation_2024,qSOFA_available,2712,0,0.0
surgery,validation_2024,qSOFA_observed_components,2712,0,0.0
surgery,validation_2024,qSOFA_required_components,2712,0,0.0
surgery,validation_2024,MISS_qSOFA,2712,0,0.0
surgery,validation_2024,NEWS2,2712,2634,0.9712389380530974
surgery,validation_2024,NEWS2_available,2712,0,0.0
surgery,validation_2024,NEWS2_observed_components,2712,0,0.0
surgery,validation_2024,NEWS2_required_components,2712,0,0.0
surgery,validation_2024,MISS_NEWS2,2712,0,0.0
surgery,validation_2024,MEWS,2712,24,0.008849557522123894
surgery,validation_2024,MEWS_available,2712,0,0.0
surgery,validation_2024,MEWS_observed_components,2712,0,0.0
surgery,validation_2024,MEWS_required_components,2712,0,0.0
surgery,validation_2024,MISS_MEWS,2712,0,0.0
surgery,validation_2024,REMS,2712,384,0.1415929203539823
surgery,validation_2024,REMS_available,2712,0,0.0
surgery,validation_2024,REMS_observed_components,2712,0,0.0
surgery,validation_2024,REMS_required_components,2712,0,0.0
surgery,validation_2024,MISS_REMS,2712,0,0.0
surgery,validation_2024,RTS,2712,24,0.008849557522123894
surgery,validation_2024,RTS_available,2712,0,0.0
surgery,validation_2024,RTS_observed_components,2712,0,0.0
surgery,validation_2024,RTS_required_components,2712,0,0.0
surgery,validation_2024,MISS_RTS,2712,0,0.0
surgery,validation_2024,kw_ohca,2712,0,0.0
surgery,validation_2024,kw_chest_pain,2712,0,0.0
surgery,validation_2024,kw_dyspnea,2712,0,0.0
surgery,validation_2024,kw_bleeding,2712,0,0.0
surgery,validation_2024,kw_stroke,2712,0,0.0
surgery,validation_2024,kw_trauma,2712,0,0.0
surgery,validation_2024,kw_seizure,2712,0,0.0
surgery,validation_2024,kw_unconscious,2712,0,0.0
surgery,validation_2024,is_text_missing,2712,0,0.0
surgery,validation_2024,text_source_count,2712,0,0.0
surgery,validation_2024,text_char_count,2712,0,0.0
surgery,overall_le2024,EMT_年齡,11443,7,0.0006117276937865944
surgery,overall_le2024,MISS_EMT_年齡,11443,0,0.0
surgery,overall_le2024,MISSREASON_EMT_年齡__source_missing,11443,0,0.0
surgery,overall_le2024,MISSREASON_EMT_年齡__not_measured,11443,0,0.0
surgery,overall_le2024,MISSREASON_EMT_年齡__sentinel,11443,0,0.0
surgery,overall_le2024,MISSREASON_EMT_年齡__invalid_or_out_of_range,11443,0,0.0
surgery,overall_le2024,EMT_發生地點_到慈濟_開車km,11443,9,0.0007865070348684785
surgery,overall_le2024,MISS_EMT_發生地點_到慈濟_開車km,11443,0,0.0
surgery,overall_le2024,MISSREASON_EMT_發生地點_到慈濟_開車km__source_missing,11443,0,0.0
surgery,overall_le2024,MISSREASON_EMT_發生地點_到慈濟_開車km__not_measured,11443,0,0.0
surgery,overall_le2024,MISSREASON_EMT_發生地點_到慈濟_開車km__sentinel,11443,0,0.0
surgery,overall_le2024,MISSREASON_EMT_發生地點_到慈濟_開車km__invalid_or_out_of_range,11443,0,0.0
surgery,overall_le2024,EMT_發生地點_到慈濟_直線km,11443,9,0.0007865070348684785
surgery,overall_le2024,MISS_EMT_發生地點_到慈濟_直線km,11443,0,0.0
surgery,overall_le2024,MISSREASON_EMT_發生地點_到慈濟_直線km__source_missing,11443,0,0.0
surgery,overall_le2024,MISSREASON_EMT_發生地點_到慈濟_直線km__not_measured,11443,0,0.0
surgery,overall_le2024,MISSREASON_EMT_發生地點_到慈濟_直線km__sentinel,11443,0,0.0
surgery,overall_le2024,MISSREASON_EMT_發生地點_到慈濟_直線km__invalid_or_out_of_range,11443,0,0.0
surgery,overall_le2024,EMT_反應時間分,11443,25,0.0021847417635235517
surgery,overall_le2024,MISS_EMT_反應時間分,11443,0,0.0
surgery,overall_le2024,MISSREASON_EMT_反應時間分__source_missing,11443,0,0.0
surgery,overall_le2024,MISSREASON_EMT_反應時間分__not_measured,11443,0,0.0
surgery,overall_le2024,MISSREASON_EMT_反應時間分__sentinel,11443,0,0.0
surgery,overall_le2024,MISSREASON_EMT_反應時間分__invalid_or_out_of_range,11443,0,0.0
surgery,overall_le2024,EMT_現場停留分,11443,9,0.0007865070348684785
surgery,overall_le2024,MISS_EMT_現場停留分,11443,0,0.0
surgery,overall_le2024,MISSREASON_EMT_現場停留分__source_missing,11443,0,0.0
surgery,overall_le2024,MISSREASON_EMT_現場停留分__not_measured,11443,0,0.0
surgery,overall_le2024,MISSREASON_EMT_現場停留分__sentinel,11443,0,0.0
surgery,overall_le2024,MISSREASON_EMT_現場停留分__invalid_or_out_of_range,11443,0,0.0
surgery,overall_le2024,EMT_送醫途中分,11443,9,0.0007865070348684785
surgery,overall_le2024,MISS_EMT_送醫途中分,11443,0,0.0
surgery,overall_le2024,MISSREASON_EMT_送醫途中分__source_missing,11443,0,0.0
surgery,overall_le2024,MISSREASON_EMT_送醫途中分__not_measured,11443,0,0.0
surgery,overall_le2024,MISSREASON_EMT_送醫途中分__sentinel,11443,0,0.0
surgery,overall_le2024,MISSREASON_EMT_送醫途中分__invalid_or_out_of_range,11443,0,0.0
surgery,overall_le2024,EMT_現場_舒張壓,11443,11443,1.0
surgery,overall_le2024,MISS_EMT_現場_舒張壓,11443,0,0.0
surgery,overall_le2024,MISSREASON_EMT_現場_舒張壓__source_missing,11443,0,0.0
surgery,overall_le2024,MISSREASON_EMT_現場_舒張壓__not_measured,11443,0,0.0
surgery,overall_le2024,MISSREASON_EMT_現場_舒張壓__sentinel,11443,0,0.0
surgery,overall_le2024,MISSREASON_EMT_現場_舒張壓__invalid_or_out_of_range,11443,0,0.0
surgery,overall_le2024,EMT_現場_脈搏,11443,92,0.008039849689766669
surgery,overall_le2024,MISS_EMT_現場_脈搏,11443,0,0.0
surgery,overall_le2024,MISSREASON_EMT_現場_脈搏__source_missing,11443,0,0.0
surgery,overall_le2024,MISSREASON_EMT_現場_脈搏__not_measured,11443,0,0.0
surgery,overall_le2024,MISSREASON_EMT_現場_脈搏__sentinel,11443,0,0.0
surgery,overall_le2024,MISSREASON_EMT_現場_脈搏__invalid_or_out_of_range,11443,0,0.0
surgery,overall_le2024,EMT_現場_呼吸,11443,92,0.008039849689766669
surgery,overall_le2024,MISS_EMT_現場_呼吸,11443,0,0.0
surgery,overall_le2024,MISSREASON_EMT_現場_呼吸__source_missing,11443,0,0.0
surgery,overall_le2024,MISSREASON_EMT_現場_呼吸__not_measured,11443,0,0.0
surgery,overall_le2024,MISSREASON_EMT_現場_呼吸__sentinel,11443,0,0.0
surgery,overall_le2024,MISSREASON_EMT_現場_呼吸__invalid_or_out_of_range,11443,0,0.0
surgery,overall_le2024,EMT_現場_SPO2,11443,100,0.008738967054094207
surgery,overall_le2024,MISS_EMT_現場_SPO2,11443,0,0.0
surgery,overall_le2024,MISSREASON_EMT_現場_SPO2__source_missing,11443,0,0.0
surgery,overall_le2024,MISSREASON_EMT_現場_SPO2__not_measured,11443,0,0.0
surgery,overall_le2024,MISSREASON_EMT_現場_SPO2__sentinel,11443,0,0.0
surgery,overall_le2024,MISSREASON_EMT_現場_SPO2__invalid_or_out_of_range,11443,0,0.0
surgery,overall_le2024,EMT_現場_體溫,11443,104,0.009088525736257975
surgery,overall_le2024,MISS_EMT_現場_體溫,11443,0,0.0
surgery,overall_le2024,MISSREASON_EMT_現場_體溫__source_missing,11443,0,0.0
surgery,overall_le2024,MISSREASON_EMT_現場_體溫__not_measured,11443,0,0.0
surgery,overall_le2024,MISSREASON_EMT_現場_體溫__sentinel,11443,0,0.0
surgery,overall_le2024,MISSREASON_EMT_現場_體溫__invalid_or_out_of_range,11443,0,0.0
surgery,overall_le2024,EMT_現場_GCS,11443,96,0.008389408371930437
surgery,overall_le2024,MISS_EMT_現場_GCS,11443,0,0.0
surgery,overall_le2024,MISSREASON_EMT_現場_GCS__source_missing,11443,0,0.0
surgery,overall_le2024,MISSREASON_EMT_現場_GCS__not_measured,11443,0,0.0
surgery,overall_le2024,MISSREASON_EMT_現場_GCS__sentinel,11443,0,0.0
surgery,overall_le2024,MISSREASON_EMT_現場_GCS__invalid_or_out_of_range,11443,0,0.0
surgery,overall_le2024,EMT_現場_GCS_E,11443,95,0.008302018701389496
surgery,overall_le2024,MISS_EMT_現場_GCS_E,11443,0,0.0
surgery,overall_le2024,MISSREASON_EMT_現場_GCS_E__source_missing,11443,0,0.0
surgery,overall_le2024,MISSREASON_EMT_現場_GCS_E__not_measured,11443,0,0.0
surgery,overall_le2024,MISSREASON_EMT_現場_GCS_E__sentinel,11443,0,0.0
surgery,overall_le2024,MISSREASON_EMT_現場_GCS_E__invalid_or_out_of_range,11443,0,0.0
surgery,overall_le2024,EMT_現場_GCS_V,11443,96,0.008389408371930437
surgery,overall_le2024,MISS_EMT_現場_GCS_V,11443,0,0.0
surgery,overall_le2024,MISSREASON_EMT_現場_GCS_V__source_missing,11443,0,0.0
surgery,overall_le2024,MISSREASON_EMT_現場_GCS_V__not_measured,11443,0,0.0
surgery,overall_le2024,MISSREASON_EMT_現場_GCS_V__sentinel,11443,0,0.0
surgery,overall_le2024,MISSREASON_EMT_現場_GCS_V__invalid_or_out_of_range,11443,0,0.0
surgery,overall_le2024,EMT_現場_GCS_M,11443,95,0.008302018701389496
surgery,overall_le2024,MISS_EMT_現場_GCS_M,11443,0,0.0
surgery,overall_le2024,MISSREASON_EMT_現場_GCS_M__source_missing,11443,0,0.0
surgery,overall_le2024,MISSREASON_EMT_現場_GCS_M__not_measured,11443,0,0.0
surgery,overall_le2024,MISSREASON_EMT_現場_GCS_M__sentinel,11443,0,0.0
surgery,overall_le2024,MISSREASON_EMT_現場_GCS_M__invalid_or_out_of_range,11443,0,0.0
surgery,overall_le2024,EMT_車上_舒張壓,11443,847,0.07401905094817793
surgery,overall_le2024,MISS_EMT_車上_舒張壓,11443,0,0.0
surgery,overall_le2024,MISSREASON_EMT_車上_舒張壓__source_missing,11443,0,0.0
surgery,overall_le2024,MISSREASON_EMT_車上_舒張壓__not_measured,11443,0,0.0
surgery,overall_le2024,MISSREASON_EMT_車上_舒張壓__sentinel,11443,0,0.0
surgery,overall_le2024,MISSREASON_EMT_車上_舒張壓__invalid_or_out_of_range,11443,0,0.0
surgery,overall_le2024,EMT_車上_脈搏,11443,640,0.05592938914620292
surgery,overall_le2024,MISS_EMT_車上_脈搏,11443,0,0.0
surgery,overall_le2024,MISSREASON_EMT_車上_脈搏__source_missing,11443,0,0.0
surgery,overall_le2024,MISSREASON_EMT_車上_脈搏__not_measured,11443,0,0.0
surgery,overall_le2024,MISSREASON_EMT_車上_脈搏__sentinel,11443,0,0.0
surgery,overall_le2024,MISSREASON_EMT_車上_脈搏__invalid_or_out_of_range,11443,0,0.0
surgery,overall_le2024,EMT_車上_呼吸,11443,643,0.05619155815782575
surgery,overall_le2024,MISS_EMT_車上_呼吸,11443,0,0.0
surgery,overall_le2024,MISSREASON_EMT_車上_呼吸__source_missing,11443,0,0.0
surgery,overall_le2024,MISSREASON_EMT_車上_呼吸__not_measured,11443,0,0.0
surgery,overall_le2024,MISSREASON_EMT_車上_呼吸__sentinel,11443,0,0.0
surgery,overall_le2024,MISSREASON_EMT_車上_呼吸__invalid_or_out_of_range,11443,0,0.0
surgery,overall_le2024,EMT_車上_SPO2,11443,645,0.056366337498907626
surgery,overall_le2024,MISS_EMT_車上_SPO2,11443,0,0.0
surgery,overall_le2024,MISSREASON_EMT_車上_SPO2__source_missing,11443,0,0.0
surgery,overall_le2024,MISSREASON_EMT_車上_SPO2__not_measured,11443,0,0.0
surgery,overall_le2024,MISSREASON_EMT_車上_SPO2__sentinel,11443,0,0.0
surgery,overall_le2024,MISSREASON_EMT_車上_SPO2__invalid_or_out_of_range,11443,0,0.0
surgery,overall_le2024,EMT_車上_體溫,11443,657,0.057415013545398935
surgery,overall_le2024,MISS_EMT_車上_體溫,11443,0,0.0
surgery,overall_le2024,MISSREASON_EMT_車上_體溫__source_missing,11443,0,0.0
surgery,overall_le2024,MISSREASON_EMT_車上_體溫__not_measured,11443,0,0.0
surgery,overall_le2024,MISSREASON_EMT_車上_體溫__sentinel,11443,0,0.0
surgery,overall_le2024,MISSREASON_EMT_車上_體溫__invalid_or_out_of_range,11443,0,0.0
surgery,overall_le2024,EMT_車上_GCS,11443,112,0.00978764310058551
surgery,overall_le2024,MISS_EMT_車上_GCS,11443,0,0.0
surgery,overall_le2024,MISSREASON_EMT_車上_GCS__source_missing,11443,0,0.0
surgery,overall_le2024,MISSREASON_EMT_車上_GCS__not_measured,11443,0,0.0
surgery,overall_le2024,MISSREASON_EMT_車上_GCS__sentinel,11443,0,0.0
surgery,overall_le2024,MISSREASON_EMT_車上_GCS__invalid_or_out_of_range,11443,0,0.0
surgery,overall_le2024,EMT_車上_GCS_E,11443,109,0.009525474088962685
surgery,overall_le2024,MISS_EMT_車上_GCS_E,11443,0,0.0
surgery,overall_le2024,MISSREASON_EMT_車上_GCS_E__source_missing,11443,0,0.0
surgery,overall_le2024,MISSREASON_EMT_車上_GCS_E__not_measured,11443,0,0.0
surgery,overall_le2024,MISSREASON_EMT_車上_GCS_E__sentinel,11443,0,0.0
surgery,overall_le2024,MISSREASON_EMT_車上_GCS_E__invalid_or_out_of_range,11443,0,0.0
surgery,overall_le2024,EMT_車上_GCS_V,11443,112,0.00978764310058551
surgery,overall_le2024,MISS_EMT_車上_GCS_V,11443,0,0.0
surgery,overall_le2024,MISSREASON_EMT_車上_GCS_V__source_missing,11443,0,0.0
surgery,overall_le2024,MISSREASON_EMT_車上_GCS_V__not_measured,11443,0,0.0
surgery,overall_le2024,MISSREASON_EMT_車上_GCS_V__sentinel,11443,0,0.0
surgery,overall_le2024,MISSREASON_EMT_車上_GCS_V__invalid_or_out_of_range,11443,0,0.0
surgery,overall_le2024,EMT_車上_GCS_M,11443,109,0.009525474088962685
surgery,overall_le2024,MISS_EMT_車上_GCS_M,11443,0,0.0
surgery,overall_le2024,MISSREASON_EMT_車上_GCS_M__source_missing,11443,0,0.0
surgery,overall_le2024,MISSREASON_EMT_車上_GCS_M__not_measured,11443,0,0.0
surgery,overall_le2024,MISSREASON_EMT_車上_GCS_M__sentinel,11443,0,0.0
surgery,overall_le2024,MISSREASON_EMT_車上_GCS_M__invalid_or_out_of_range,11443,0,0.0
surgery,overall_le2024,EMT_生命徵象量測次數,11443,537,0.046928253080485885
surgery,overall_le2024,MISS_EMT_生命徵象量測次數,11443,0,0.0
surgery,overall_le2024,MISSREASON_EMT_生命徵象量測次數__source_missing,11443,0,0.0
surgery,overall_le2024,MISSREASON_EMT_生命徵象量測次數__not_measured,11443,0,0.0
surgery,overall_le2024,MISSREASON_EMT_生命徵象量測次數__sentinel,11443,0,0.0
surgery,overall_le2024,MISSREASON_EMT_生命徵象量測次數__invalid_or_out_of_range,11443,0,0.0
surgery,overall_le2024,EMT_問卷_疼痛指數,11443,898,0.07847592414576597
surgery,overall_le2024,MISS_EMT_問卷_疼痛指數,11443,0,0.0
surgery,overall_le2024,MISSREASON_EMT_問卷_疼痛指數__source_missing,11443,0,0.0
surgery,overall_le2024,MISSREASON_EMT_問卷_疼痛指數__not_measured,11443,0,0.0
surgery,overall_le2024,MISSREASON_EMT_問卷_疼痛指數__sentinel,11443,0,0.0
surgery,overall_le2024,MISSREASON_EMT_問卷_疼痛指數__invalid_or_out_of_range,11443,0,0.0
surgery,overall_le2024,EMT_問卷_左瞳孔尺寸mm,11443,753,0.06580442191732937
surgery,overall_le2024,MISS_EMT_問卷_左瞳孔尺寸mm,11443,0,0.0
surgery,overall_le2024,MISSREASON_EMT_問卷_左瞳孔尺寸mm__source_missing,11443,0,0.0
surgery,overall_le2024,MISSREASON_EMT_問卷_左瞳孔尺寸mm__not_measured,11443,0,0.0
surgery,overall_le2024,MISSREASON_EMT_問卷_左瞳孔尺寸mm__sentinel,11443,0,0.0
surgery,overall_le2024,MISSREASON_EMT_問卷_左瞳孔尺寸mm__invalid_or_out_of_range,11443,0,0.0
surgery,overall_le2024,EMT_問卷_右瞳孔尺寸mm,11443,744,0.06501791488246089
surgery,overall_le2024,MISS_EMT_問卷_右瞳孔尺寸mm,11443,0,0.0
surgery,overall_le2024,MISSREASON_EMT_問卷_右瞳孔尺寸mm__source_missing,11443,0,0.0
surgery,overall_le2024,MISSREASON_EMT_問卷_右瞳孔尺寸mm__not_measured,11443,0,0.0
surgery,overall_le2024,MISSREASON_EMT_問卷_右瞳孔尺寸mm__sentinel,11443,0,0.0
surgery,overall_le2024,MISSREASON_EMT_問卷_右瞳孔尺寸mm__invalid_or_out_of_range,11443,0,0.0
surgery,overall_le2024,EMT_問卷_血糖值mgdl,11443,10870,0.9499257187800402
surgery,overall_le2024,MISS_EMT_問卷_血糖值mgdl,11443,0,0.0
surgery,overall_le2024,MISSREASON_EMT_問卷_血糖值mgdl__source_missing,11443,0,0.0
surgery,overall_le2024,MISSREASON_EMT_問卷_血糖值mgdl__not_measured,11443,0,0.0
surgery,overall_le2024,MISSREASON_EMT_問卷_血糖值mgdl__sentinel,11443,0,0.0
surgery,overall_le2024,MISSREASON_EMT_問卷_血糖值mgdl__invalid_or_out_of_range,11443,0,0.0
surgery,overall_le2024,EMT_問卷_氧氣流量Lmin,11443,11257,0.9837455212793847
surgery,overall_le2024,MISS_EMT_問卷_氧氣流量Lmin,11443,0,0.0
surgery,overall_le2024,MISSREASON_EMT_問卷_氧氣流量Lmin__source_missing,11443,0,0.0
surgery,overall_le2024,MISSREASON_EMT_問卷_氧氣流量Lmin__not_measured,11443,0,0.0
surgery,overall_le2024,MISSREASON_EMT_問卷_氧氣流量Lmin__sentinel,11443,0,0.0
surgery,overall_le2024,MISSREASON_EMT_問卷_氧氣流量Lmin__invalid_or_out_of_range,11443,0,0.0
surgery,overall_le2024,EMT_問卷_靜脈輸液量ml,11443,11295,0.9870663287599406
surgery,overall_le2024,MISS_EMT_問卷_靜脈輸液量ml,11443,0,0.0
surgery,overall_le2024,MISSREASON_EMT_問卷_靜脈輸液量ml__source_missing,11443,0,0.0
surgery,overall_le2024,MISSREASON_EMT_問卷_靜脈輸液量ml__not_measured,11443,0,0.0
surgery,overall_le2024,MISSREASON_EMT_問卷_靜脈輸液量ml__sentinel,11443,0,0.0
surgery,overall_le2024,MISSREASON_EMT_問卷_靜脈輸液量ml__invalid_or_out_of_range,11443,0,0.0
surgery,overall_le2024,EMT_體重,11443,656,0.05732762387485799
surgery,overall_le2024,MISS_EMT_體重,11443,0,0.0
surgery,overall_le2024,MISSREASON_EMT_體重__source_missing,11443,0,0.0
surgery,overall_le2024,MISSREASON_EMT_體重__not_measured,11443,0,0.0
surgery,overall_le2024,MISSREASON_EMT_體重__sentinel,11443,0,0.0
surgery,overall_le2024,MISSREASON_EMT_體重__invalid_or_out_of_range,11443,0,0.0
surgery,overall_le2024,EMT_燒燙傷一級%,11443,537,0.046928253080485885
surgery,overall_le2024,MISS_EMT_燒燙傷一級%,11443,0,0.0
surgery,overall_le2024,MISSREASON_EMT_燒燙傷一級%__source_missing,11443,0,0.0
surgery,overall_le2024,MISSREASON_EMT_燒燙傷一級%__not_measured,11443,0,0.0
surgery,overall_le2024,MISSREASON_EMT_燒燙傷一級%__sentinel,11443,0,0.0
surgery,overall_le2024,MISSREASON_EMT_燒燙傷一級%__invalid_or_out_of_range,11443,0,0.0
surgery,overall_le2024,EMT_燒燙傷二級%,11443,537,0.046928253080485885
surgery,overall_le2024,MISS_EMT_燒燙傷二級%,11443,0,0.0
surgery,overall_le2024,MISSREASON_EMT_燒燙傷二級%__source_missing,11443,0,0.0
surgery,overall_le2024,MISSREASON_EMT_燒燙傷二級%__not_measured,11443,0,0.0
surgery,overall_le2024,MISSREASON_EMT_燒燙傷二級%__sentinel,11443,0,0.0
surgery,overall_le2024,MISSREASON_EMT_燒燙傷二級%__invalid_or_out_of_range,11443,0,0.0
surgery,overall_le2024,EMT_燒燙傷三級%,11443,537,0.046928253080485885
surgery,overall_le2024,MISS_EMT_燒燙傷三級%,11443,0,0.0
surgery,overall_le2024,MISSREASON_EMT_燒燙傷三級%__source_missing,11443,0,0.0
surgery,overall_le2024,MISSREASON_EMT_燒燙傷三級%__not_measured,11443,0,0.0
surgery,overall_le2024,MISSREASON_EMT_燒燙傷三級%__sentinel,11443,0,0.0
surgery,overall_le2024,MISSREASON_EMT_燒燙傷三級%__invalid_or_out_of_range,11443,0,0.0
surgery,overall_le2024,EMT_燒燙傷總%,11443,537,0.046928253080485885
surgery,overall_le2024,MISS_EMT_燒燙傷總%,11443,0,0.0
surgery,overall_le2024,MISSREASON_EMT_燒燙傷總%__source_missing,11443,0,0.0
surgery,overall_le2024,MISSREASON_EMT_燒燙傷總%__not_measured,11443,0,0.0
surgery,overall_le2024,MISSREASON_EMT_燒燙傷總%__sentinel,11443,0,0.0
surgery,overall_le2024,MISSREASON_EMT_燒燙傷總%__invalid_or_out_of_range,11443,0,0.0
surgery,overall_le2024,EMT_城市__台北,11443,0,0.0
surgery,overall_le2024,EMT_城市__新北,11443,0,0.0
surgery,overall_le2024,EMT_城市__OTHER_RARE,11443,0,0.0
surgery,overall_le2024,EMT_城市__MISSING,11443,0,0.0
surgery,overall_le2024,EMT_性別__女,11443,0,0.0
surgery,overall_le2024,EMT_性別__男,11443,0,0.0
surgery,overall_le2024,EMT_性別__OTHER_RARE,11443,0,0.0
surgery,overall_le2024,EMT_性別__MISSING,11443,0,0.0
surgery,overall_le2024,EMT_送醫路由__家屬指定送醫,11443,0,0.0
surgery,overall_le2024,EMT_送醫路由__就近適當,11443,0,0.0
surgery,overall_le2024,EMT_送醫路由__指揮中心,11443,0,0.0
surgery,overall_le2024,EMT_送醫路由__OTHER_RARE,11443,0,0.0
surgery,overall_le2024,EMT_送醫路由__MISSING,11443,0,0.0
surgery,overall_le2024,EMT_危急個案__0.0,11443,0,0.0
surgery,overall_le2024,EMT_危急個案__1.0,11443,0,0.0
surgery,overall_le2024,EMT_危急個案__OTHER_RARE,11443,0,0.0
surgery,overall_le2024,EMT_危急個案__MISSING,11443,0,0.0
surgery,overall_le2024,EMT_發生地區__三峽區,11443,0,0.0
surgery,overall_le2024,EMT_發生地區__三重區,11443,0,0.0
surgery,overall_le2024,EMT_發生地區__中和區,11443,0,0.0
surgery,overall_le2024,EMT_發生地區__土城區,11443,0,0.0
surgery,overall_le2024,EMT_發生地區__坪林區,11443,0,0.0
surgery,overall_le2024,EMT_發生地區__市文山區,11443,0,0.0
surgery,overall_le2024,EMT_發生地區__新店區,11443,0,0.0
surgery,overall_le2024,EMT_發生地區__新莊區,11443,0,0.0
surgery,overall_le2024,EMT_發生地區__板橋區,11443,0,0.0
surgery,overall_le2024,EMT_發生地區__樹林區,11443,0,0.0
surgery,overall_le2024,EMT_發生地區__永和區,11443,0,0.0
surgery,overall_le2024,EMT_發生地區__深坑區,11443,0,0.0
surgery,overall_le2024,EMT_發生地區__烏來區,11443,0,0.0
surgery,overall_le2024,EMT_發生地區__石碇區,11443,0,0.0
surgery,overall_le2024,EMT_發生地區__蘆洲區,11443,0,0.0
surgery,overall_le2024,EMT_發生地區__OTHER_RARE,11443,0,0.0
surgery,overall_le2024,EMT_發生地區__MISSING,11443,0,0.0
surgery,overall_le2024,EMT_距離_定位信心__Google地標,11443,0,0.0
surgery,overall_le2024,EMT_距離_定位信心__區內概略,11443,0,0.0
surgery,overall_le2024,EMT_距離_定位信心__國道概略,11443,0,0.0
surgery,overall_le2024,EMT_距離_定位信心__無,11443,0,0.0
surgery,overall_le2024,EMT_距離_定位信心__號,11443,0,0.0
surgery,overall_le2024,EMT_距離_定位信心__路名概略(OSM),11443,0,0.0
surgery,overall_le2024,EMT_距離_定位信心__路段中心,11443,0,0.0
surgery,overall_le2024,EMT_距離_定位信心__OTHER_RARE,11443,0,0.0
surgery,overall_le2024,EMT_距離_定位信心__MISSING,11443,0,0.0
surgery,overall_le2024,EMT_現場_意識__否,11443,0,0.0
surgery,overall_le2024,EMT_現場_意識__清,11443,0,0.0
surgery,overall_le2024,EMT_現場_意識__痛,11443,0,0.0
surgery,overall_le2024,EMT_現場_意識__聲,11443,0,0.0
surgery,overall_le2024,EMT_現場_意識__OTHER_RARE,11443,0,0.0
surgery,overall_le2024,EMT_現場_意識__MISSING,11443,0,0.0
surgery,overall_le2024,EMT_派遣分類__BLS,11443,0,0.0
surgery,overall_le2024,EMT_派遣分類__OTHER_RARE,11443,0,0.0
surgery,overall_le2024,EMT_派遣分類__MISSING,11443,0,0.0
surgery,overall_le2024,EMT_派遣原因__救護,11443,0,0.0
surgery,overall_le2024,EMT_派遣原因__救護-一般受傷,11443,0,0.0
surgery,overall_le2024,EMT_派遣原因__救護-其它,11443,0,0.0
surgery,overall_le2024,EMT_派遣原因__救護-割腕,11443,0,0.0
surgery,overall_le2024,EMT_派遣原因__救護-吞食藥物,11443,0,0.0
surgery,overall_le2024,EMT_派遣原因__救護-孕婦待產,11443,0,0.0
surgery,overall_le2024,EMT_派遣原因__救護-急病,11443,0,0.0
surgery,overall_le2024,EMT_派遣原因__救護-打架受傷,11443,0,0.0
surgery,overall_le2024,EMT_派遣原因__救護-精神異常,11443,0,0.0
surgery,overall_le2024,EMT_派遣原因__救護-路倒,11443,0,0.0
surgery,overall_le2024,EMT_派遣原因__救護-車禍,11443,0,0.0
surgery,overall_le2024,EMT_派遣原因__火警-集合住宅,11443,0,0.0
surgery,overall_le2024,EMT_派遣原因__緊急救援-其他,11443,0,0.0
surgery,overall_le2024,EMT_派遣原因__緊急救援-車禍救助,11443,0,0.0
surgery,overall_le2024,EMT_派遣原因__OTHER_RARE,11443,0,0.0
surgery,overall_le2024,EMT_派遣原因__MISSING,11443,0,0.0
surgery,overall_le2024,EMT_問卷_創傷導致的主訴群__肢體麻痺,11443,0,0.0
surgery,overall_le2024,EMT_問卷_創傷導致的主訴群__背部疼痛,11443,0,0.0
surgery,overall_le2024,EMT_問卷_創傷導致的主訴群__胸痛/悶,11443,0,0.0
surgery,overall_le2024,EMT_問卷_創傷導致的主訴群__OTHER_RARE,11443,0,0.0
surgery,overall_le2024,EMT_問卷_創傷導致的主訴群__MISSING,11443,0,0.0
surgery,overall_le2024,EMT_問卷_頸椎固定__GCS<15,11443,0,0.0
surgery,overall_le2024,EMT_問卷_頸椎固定__檢查無明顯異常,11443,0,0.0
surgery,overall_le2024,EMT_問卷_頸椎固定__肢體運動感覺異常,11443,0,0.0
surgery,overall_le2024,EMT_問卷_頸椎固定__轉向困難,11443,0,0.0
surgery,overall_le2024,EMT_問卷_頸椎固定__頸椎瘀青疼痛,11443,0,0.0
surgery,overall_le2024,EMT_問卷_頸椎固定__OTHER_RARE,11443,0,0.0
surgery,overall_le2024,EMT_問卷_頸椎固定__MISSING,11443,0,0.0
surgery,overall_le2024,EMT_問卷_膚色__其他,11443,0,0.0
surgery,overall_le2024,EMT_問卷_膚色__正常,11443,0,0.0
surgery,overall_le2024,EMT_問卷_膚色__溼冷,11443,0,0.0
surgery,overall_le2024,EMT_問卷_膚色__潮紅,11443,0,0.0
surgery,overall_le2024,EMT_問卷_膚色__發紺,11443,0,0.0
surgery,overall_le2024,EMT_問卷_膚色__蒼白,11443,0,0.0
surgery,overall_le2024,EMT_問卷_膚色__蒼白、溼冷,11443,0,0.0
surgery,overall_le2024,EMT_問卷_膚色__黃疸,11443,0,0.0
surgery,overall_le2024,EMT_問卷_膚色__OTHER_RARE,11443,0,0.0
surgery,overall_le2024,EMT_問卷_膚色__MISSING,11443,0,0.0
surgery,overall_le2024,EMT_問卷_左瞳孔光反射__+,11443,0,0.0
surgery,overall_le2024,EMT_問卷_左瞳孔光反射__-,11443,0,0.0
surgery,overall_le2024,EMT_問卷_左瞳孔光反射__無法測量,11443,0,0.0
surgery,overall_le2024,EMT_問卷_左瞳孔光反射__眼疾,11443,0,0.0
surgery,overall_le2024,EMT_問卷_左瞳孔光反射__OTHER_RARE,11443,0,0.0
surgery,overall_le2024,EMT_問卷_左瞳孔光反射__MISSING,11443,0,0.0
surgery,overall_le2024,EMT_問卷_右瞳孔光反射__+,11443,0,0.0
surgery,overall_le2024,EMT_問卷_右瞳孔光反射__-,11443,0,0.0
surgery,overall_le2024,EMT_問卷_右瞳孔光反射__無法測量,11443,0,0.0
surgery,overall_le2024,EMT_問卷_右瞳孔光反射__眼疾,11443,0,0.0
surgery,overall_le2024,EMT_問卷_右瞳孔光反射__OTHER_RARE,11443,0,0.0
surgery,overall_le2024,EMT_問卷_右瞳孔光反射__MISSING,11443,0,0.0
surgery,overall_le2024,EMT_問卷_氣管位置__其他,11443,0,0.0
surgery,overall_le2024,EMT_問卷_氣管位置__正常,11443,0,0.0
surgery,overall_le2024,EMT_問卷_氣管位置__OTHER_RARE,11443,0,0.0
surgery,overall_le2024,EMT_問卷_氣管位置__MISSING,11443,0,0.0
surgery,overall_le2024,EMT_問卷_頸靜脈怒張__其他,11443,0,0.0
surgery,overall_le2024,EMT_問卷_頸靜脈怒張__有,11443,0,0.0
surgery,overall_le2024,EMT_問卷_頸靜脈怒張__無,11443,0,0.0
surgery,overall_le2024,EMT_問卷_頸靜脈怒張__OTHER_RARE,11443,0,0.0
surgery,overall_le2024,EMT_問卷_頸靜脈怒張__MISSING,11443,0,0.0
surgery,overall_le2024,EMT_問卷_血糖狀態__High,11443,0,0.0
surgery,overall_le2024,EMT_問卷_血糖狀態__Low,11443,0,0.0
surgery,overall_le2024,EMT_問卷_血糖狀態__否,11443,0,0.0
surgery,overall_le2024,EMT_問卷_血糖狀態__否、其他,11443,0,0.0
surgery,overall_le2024,EMT_問卷_血糖狀態__否、創傷,11443,0,0.0
surgery,overall_le2024,EMT_問卷_血糖狀態__否、拒絕,11443,0,0.0
surgery,overall_le2024,EMT_問卷_血糖狀態__否、躁動,11443,0,0.0
surgery,overall_le2024,EMT_問卷_血糖狀態__血糖值紀錄,11443,0,0.0
surgery,overall_le2024,EMT_問卷_血糖狀態__OTHER_RARE,11443,0,0.0
surgery,overall_le2024,EMT_問卷_血糖狀態__MISSING,11443,0,0.0
surgery,overall_le2024,EMT_問卷_靜脈輸液種類__0.9%N.S.,11443,0,0.0
surgery,overall_le2024,EMT_問卷_靜脈輸液種類__5%G.W.,11443,0,0.0
surgery,overall_le2024,EMT_問卷_靜脈輸液種類__50%G.W.,11443,0,0.0
surgery,overall_le2024,EMT_問卷_靜脈輸液種類__IV,11443,0,0.0
surgery,overall_le2024,EMT_問卷_靜脈輸液種類__OTHER_RARE,11443,0,0.0
surgery,overall_le2024,EMT_問卷_靜脈輸液種類__MISSING,11443,0,0.0
surgery,overall_le2024,EMT_推定派遣類別__中毒/自傷,11443,0,0.0
surgery,overall_le2024,EMT_推定派遣類別__交通事故傷,11443,0,0.0
surgery,overall_le2024,EMT_推定派遣類別__內科急病,11443,0,0.0
surgery,overall_le2024,EMT_推定派遣類別__其他外傷,11443,0,0.0
surgery,overall_le2024,EMT_推定派遣類別__精神行為異常,11443,0,0.0
surgery,overall_le2024,EMT_推定派遣類別__路倒/無意識,11443,0,0.0
surgery,overall_le2024,EMT_推定派遣類別__OTHER_RARE,11443,0,0.0
surgery,overall_le2024,EMT_推定派遣類別__MISSING,11443,0,0.0
surgery,overall_le2024,EMT_有燒燙傷__False,11443,0,0.0
surgery,overall_le2024,EMT_有燒燙傷__True,11443,0,0.0
surgery,overall_le2024,EMT_有燒燙傷__OTHER_RARE,11443,0,0.0
surgery,overall_le2024,EMT_有燒燙傷__MISSING,11443,0,0.0
surgery,overall_le2024,EMT_心律臆斷__Atrial fibrillation,11443,0,0.0
surgery,overall_le2024,EMT_心律臆斷__Normal Sinus Rhythm,11443,0,0.0
surgery,overall_le2024,EMT_心律臆斷__ST段下降,11443,0,0.0
surgery,overall_le2024,EMT_心律臆斷__Sinus Bradycardia,11443,0,0.0
surgery,overall_le2024,EMT_心律臆斷__Sinus Tachycardia,11443,0,0.0
surgery,overall_le2024,EMT_心律臆斷__其他波形,11443,0,0.0
surgery,overall_le2024,EMT_心律臆斷__OTHER_RARE,11443,0,0.0
surgery,overall_le2024,EMT_心律臆斷__MISSING,11443,0,0.0
surgery,overall_le2024,"EMT_台北_創傷類型__創傷-一般外傷,肢體外傷,摔跌傷",11443,0,0.0
surgery,overall_le2024,"EMT_台北_創傷類型__創傷-一般外傷,頭部外傷,摔跌傷",11443,0,0.0
surgery,overall_le2024,EMT_台北_創傷類型__創傷-交通事故(機車),11443,0,0.0
surgery,overall_le2024,"EMT_台北_創傷類型__非創傷-一般疾病,噁心嘔吐腹瀉",11443,0,0.0
surgery,overall_le2024,"EMT_台北_創傷類型__非創傷-一般疾病,肢體無力",11443,0,0.0
surgery,overall_le2024,"EMT_台北_創傷類型__非創傷-一般疾病,頭痛頭暈昏倒昏厥",11443,0,0.0
surgery,overall_le2024,EMT_台北_創傷類型__非創傷-呼吸問題,11443,0,0.0
surgery,overall_le2024,EMT_台北_創傷類型__非創傷-昏迷,11443,0,0.0
surgery,overall_le2024,EMT_台北_創傷類型__非創傷-腹痛,11443,0,0.0
surgery,overall_le2024,EMT_台北_創傷類型__OTHER_RARE,11443,0,0.0
surgery,overall_le2024,EMT_台北_創傷類型__MISSING,11443,0,0.0
surgery,overall_le2024,EMT_特殊表類型__OHCA,11443,0,0.0
surgery,overall_le2024,EMT_特殊表類型__呼吸喘/慢/使用呼吸輔助肌肉,11443,0,0.0
surgery,overall_le2024,EMT_特殊表類型__心臟不適,11443,0,0.0
surgery,overall_le2024,EMT_特殊表類型__癲癇重積,11443,0,0.0
surgery,overall_le2024,EMT_特殊表類型__腦中風評估,11443,0,0.0
surgery,overall_le2024,EMT_特殊表類型__過敏性休克,11443,0,0.0
surgery,overall_le2024,EMT_特殊表類型__OTHER_RARE,11443,0,0.0
surgery,overall_le2024,EMT_特殊表類型__MISSING,11443,0,0.0
surgery,overall_le2024,EMT_台北_心梗登錄__OTHER_RARE,11443,0,0.0
surgery,overall_le2024,EMT_台北_心梗登錄__MISSING,11443,0,0.0
surgery,overall_le2024,EMT_台北_中風登錄__OTHER_RARE,11443,0,0.0
surgery,overall_le2024,EMT_台北_中風登錄__MISSING,11443,0,0.0
surgery,overall_le2024,EMT_台北_CPR停止登錄__OTHER_RARE,11443,0,0.0
surgery,overall_le2024,EMT_台北_CPR停止登錄__MISSING,11443,0,0.0
surgery,overall_le2024,EMT_問卷_交通事故患者__乘客,11443,0,0.0
surgery,overall_le2024,EMT_問卷_交通事故患者__行人,11443,0,0.0
surgery,overall_le2024,EMT_問卷_交通事故患者__駕駛,11443,0,0.0
surgery,overall_le2024,EMT_問卷_交通事故患者__OTHER_RARE,11443,0,0.0
surgery,overall_le2024,EMT_問卷_交通事故患者__MISSING,11443,0,0.0
surgery,overall_le2024,EMT_問卷_交通事故種類__人,11443,0,0.0
surgery,overall_le2024,EMT_問卷_交通事故種類__人、其他,11443,0,0.0
surgery,overall_le2024,EMT_問卷_交通事故種類__其他,11443,0,0.0
surgery,overall_le2024,EMT_問卷_交通事故種類__機車,11443,0,0.0
surgery,overall_le2024,EMT_問卷_交通事故種類__機車、人,11443,0,0.0
surgery,overall_le2024,EMT_問卷_交通事故種類__機車、人、其他,11443,0,0.0
surgery,overall_le2024,EMT_問卷_交通事故種類__機車、其他,11443,0,0.0
surgery,overall_le2024,EMT_問卷_交通事故種類__機車、腳踏車,11443,0,0.0
surgery,overall_le2024,EMT_問卷_交通事故種類__機車、腳踏車、其他,11443,0,0.0
surgery,overall_le2024,EMT_問卷_交通事故種類__汽車,11443,0,0.0
surgery,overall_le2024,EMT_問卷_交通事故種類__汽車、人,11443,0,0.0
surgery,overall_le2024,EMT_問卷_交通事故種類__汽車、人、其他,11443,0,0.0
surgery,overall_le2024,EMT_問卷_交通事故種類__汽車、其他,11443,0,0.0
surgery,overall_le2024,EMT_問卷_交通事故種類__汽車、機車,11443,0,0.0
surgery,overall_le2024,EMT_問卷_交通事故種類__汽車、機車、其他,11443,0,0.0
surgery,overall_le2024,EMT_問卷_交通事故種類__汽車、腳踏車,11443,0,0.0
surgery,overall_le2024,EMT_問卷_交通事故種類__腳踏車,11443,0,0.0
surgery,overall_le2024,EMT_問卷_交通事故種類__腳踏車、其他,11443,0,0.0
surgery,overall_le2024,EMT_問卷_交通事故種類__OTHER_RARE,11443,0,0.0
surgery,overall_le2024,EMT_問卷_交通事故種類__MISSING,11443,0,0.0
surgery,overall_le2024,EMT_問卷_保護裝置狀態__安全帶,11443,0,0.0
surgery,overall_le2024,EMT_問卷_保護裝置狀態__安全帽,11443,0,0.0
surgery,overall_le2024,EMT_問卷_保護裝置狀態__無,11443,0,0.0
surgery,overall_le2024,EMT_問卷_保護裝置狀態__OTHER_RARE,11443,0,0.0
surgery,overall_le2024,EMT_問卷_保護裝置狀態__MISSING,11443,0,0.0
surgery,overall_le2024,EMT_問卷_非交通事故種類__其他,11443,0,0.0
surgery,overall_le2024,EMT_問卷_非交通事故種類__切割,11443,0,0.0
surgery,overall_le2024,EMT_問卷_非交通事故種類__墜落,11443,0,0.0
surgery,overall_le2024,EMT_問卷_非交通事故種類__壓夾,11443,0,0.0
surgery,overall_le2024,EMT_問卷_非交通事故種類__撞擊,11443,0,0.0
surgery,overall_le2024,EMT_問卷_非交通事故種類__生物咬螫,11443,0,0.0
surgery,overall_le2024,EMT_問卷_非交通事故種類__跌摔,11443,0,0.0
surgery,overall_le2024,EMT_問卷_非交通事故種類__鈍毆,11443,0,0.0
surgery,overall_le2024,EMT_問卷_非交通事故種類__OTHER_RARE,11443,0,0.0
surgery,overall_le2024,EMT_問卷_非交通事故種類__MISSING,11443,0,0.0
surgery,overall_le2024,EMT_問卷_危急個案__否,11443,0,0.0
surgery,overall_le2024,EMT_問卷_危急個案__是,11443,0,0.0
surgery,overall_le2024,EMT_問卷_危急個案__OTHER_RARE,11443,0,0.0
surgery,overall_le2024,EMT_問卷_危急個案__MISSING,11443,0,0.0
surgery,overall_le2024,EMT_現場_意識_AVPU,11443,0,0.0
surgery,overall_le2024,EMT_過去病史__HIV(+),11443,0,0.0
surgery,overall_le2024,EMT_過去病史__不詳,11443,0,0.0
surgery,overall_le2024,EMT_過去病史__其他,11443,0,0.0
surgery,overall_le2024,EMT_過去病史__心臟疾病,11443,0,0.0
surgery,overall_le2024,EMT_過去病史__惡性腫瘤,11443,0,0.0
surgery,overall_le2024,EMT_過去病史__氣喘,11443,0,0.0
surgery,overall_le2024,EMT_過去病史__癲癇,11443,0,0.0
surgery,overall_le2024,EMT_過去病史__精神疾病,11443,0,0.0
surgery,overall_le2024,EMT_過去病史__糖尿病,11443,0,0.0
surgery,overall_le2024,EMT_過去病史__肝臟疾病,11443,0,0.0
surgery,overall_le2024,EMT_過去病史__肺臟疾病,11443,0,0.0
surgery,overall_le2024,EMT_過去病史__腎臟疾病,11443,0,0.0
surgery,overall_le2024,EMT_過去病史__腦血管疾病,11443,0,0.0
surgery,overall_le2024,EMT_過去病史__高血壓,11443,0,0.0
surgery,overall_le2024,EMT_過去病史__OTHER_RARE,11443,0,0.0
surgery,overall_le2024,EMT_過去病史__source_available,11443,0,0.0
surgery,overall_le2024,EMT_過去病史__explicit_none,11443,0,0.0
surgery,overall_le2024,EMT_過去病史__source_missing,11443,0,0.0
surgery,overall_le2024,EMT_過敏史__不清楚,11443,0,0.0
surgery,overall_le2024,EMT_過敏史__不詳,11443,0,0.0
surgery,overall_le2024,EMT_過敏史__其他,11443,0,0.0
surgery,overall_le2024,EMT_過敏史__藥物,11443,0,0.0
surgery,overall_le2024,EMT_過敏史__食物,11443,0,0.0
surgery,overall_le2024,EMT_過敏史__OTHER_RARE,11443,0,0.0
surgery,overall_le2024,EMT_過敏史__source_available,11443,0,0.0
surgery,overall_le2024,EMT_過敏史__explicit_none,11443,0,0.0
surgery,overall_le2024,EMT_過敏史__source_missing,11443,0,0.0
surgery,overall_le2024,EMT_主訴_結構化__OHCA,11443,0,0.0
surgery,overall_le2024,EMT_主訴_結構化__上腹痛,11443,0,0.0
surgery,overall_le2024,EMT_主訴_結構化__下腹痛,11443,0,0.0
surgery,overall_le2024,EMT_主訴_結構化__其他,11443,0,0.0
surgery,overall_le2024,EMT_主訴_結構化__冒冷汗,11443,0,0.0
surgery,overall_le2024,EMT_主訴_結構化__吐.咳血,11443,0,0.0
surgery,overall_le2024,EMT_主訴_結構化__呼吸喘.慢.使用輔助肌,11443,0,0.0
surgery,overall_le2024,EMT_主訴_結構化__呼吸道梗塞,11443,0,0.0
surgery,overall_le2024,EMT_主訴_結構化__嘔吐.噁心,11443,0,0.0
surgery,overall_le2024,EMT_主訴_結構化__心臟不適,11443,0,0.0
surgery,overall_le2024,EMT_主訴_結構化__急產,11443,0,0.0
surgery,overall_le2024,EMT_主訴_結構化__急產（接生）,11443,0,0.0
surgery,overall_le2024,EMT_主訴_結構化__挫.擦傷,11443,0,0.0
surgery,overall_le2024,EMT_主訴_結構化__撕裂.切割傷,11443,0,0.0
surgery,overall_le2024,EMT_主訴_結構化__斷肢,11443,0,0.0
surgery,overall_le2024,EMT_主訴_結構化__昏厥,11443,0,0.0
surgery,overall_le2024,EMT_主訴_結構化__無意識.意識不清,11443,0,0.0
surgery,overall_le2024,EMT_主訴_結構化__燒燙傷,11443,0,0.0
surgery,overall_le2024,EMT_主訴_結構化__疑似一氧化碳中毒,11443,0,0.0
surgery,overall_le2024,EMT_主訴_結構化__疑似毒物.氣中毒,11443,0,0.0
surgery,overall_le2024,EMT_主訴_結構化__疑似藥物過量,11443,0,0.0
surgery,overall_le2024,EMT_主訴_結構化__癲癇.抽搐,11443,0,0.0
surgery,overall_le2024,EMT_主訴_結構化__發燒.發冷,11443,0,0.0
surgery,overall_le2024,EMT_主訴_結構化__碎裂傷,11443,0,0.0
surgery,overall_le2024,EMT_主訴_結構化__穿刺傷,11443,0,0.0
surgery,overall_le2024,EMT_主訴_結構化__肢體無力,11443,0,0.0
surgery,overall_le2024,EMT_主訴_結構化__肢體疼痛,11443,0,0.0
surgery,overall_le2024,EMT_主訴_結構化__肢體麻痺,11443,0,0.0
surgery,overall_le2024,EMT_主訴_結構化__背.肩痛,11443,0,0.0
surgery,overall_le2024,EMT_主訴_結構化__胸痛.悶,11443,0,0.0
surgery,overall_le2024,EMT_主訴_結構化__腹瀉,11443,0,0.0
surgery,overall_le2024,EMT_主訴_結構化__虛弱,11443,0,0.0
surgery,overall_le2024,EMT_主訴_結構化__血便.尿,11443,0,0.0
surgery,overall_le2024,EMT_主訴_結構化__血腫,11443,0,0.0
surgery,overall_le2024,EMT_主訴_結構化__行為神智異常,11443,0,0.0
surgery,overall_le2024,EMT_主訴_結構化__過敏,11443,0,0.0
surgery,overall_le2024,EMT_主訴_結構化__非外傷出血,11443,0,0.0
surgery,overall_le2024,EMT_主訴_結構化__頭暈,11443,0,0.0
surgery,overall_le2024,EMT_主訴_結構化__頭痛,11443,0,0.0
surgery,overall_le2024,EMT_主訴_結構化__骨折.脫位,11443,0,0.0
surgery,overall_le2024,EMT_主訴_結構化__OTHER_RARE,11443,0,0.0
surgery,overall_le2024,EMT_主訴_結構化__source_available,11443,0,0.0
surgery,overall_le2024,EMT_主訴_結構化__explicit_none,11443,0,0.0
surgery,overall_le2024,EMT_主訴_結構化__source_missing,11443,0,0.0
surgery,overall_le2024,EMT_紅旗__DNR.放棄急救,11443,0,0.0
surgery,overall_le2024,EMT_紅旗__休克.低血壓,11443,0,0.0
surgery,overall_le2024,EMT_紅旗__呼吸窘迫.低血氧,11443,0,0.0
surgery,overall_le2024,EMT_紅旗__大出血,11443,0,0.0
surgery,overall_le2024,EMT_紅旗__心跳呼吸停止.PEA,11443,0,0.0
surgery,overall_le2024,EMT_紅旗__意識改變,11443,0,0.0
surgery,overall_le2024,EMT_紅旗__抽搐,11443,0,0.0
surgery,overall_le2024,EMT_紅旗__疑似中風,11443,0,0.0
surgery,overall_le2024,EMT_紅旗__胸痛疑似ACS,11443,0,0.0
surgery,overall_le2024,EMT_紅旗__OTHER_RARE,11443,0,0.0
surgery,overall_le2024,EMT_紅旗__source_available,11443,0,0.0
surgery,overall_le2024,EMT_紅旗__explicit_none,11443,0,0.0
surgery,overall_le2024,EMT_紅旗__source_missing,11443,0,0.0
surgery,overall_le2024,EMT_創傷機轉_合併__交通-機車,11443,0,0.0
surgery,overall_le2024,EMT_創傷機轉_合併__交通-汽車,11443,0,0.0
surgery,overall_le2024,EMT_創傷機轉_合併__交通-腳踏車,11443,0,0.0
surgery,overall_le2024,EMT_創傷機轉_合併__交通-行人,11443,0,0.0
surgery,overall_le2024,EMT_創傷機轉_合併__其他外傷,11443,0,0.0
surgery,overall_le2024,EMT_創傷機轉_合併__燒燙,11443,0,0.0
surgery,overall_le2024,EMT_創傷機轉_合併__生物咬螫,11443,0,0.0
surgery,overall_le2024,EMT_創傷機轉_合併__穿刺切割,11443,0,0.0
surgery,overall_le2024,EMT_創傷機轉_合併__跌落墜落,11443,0,0.0
surgery,overall_le2024,EMT_創傷機轉_合併__鈍傷撞擊,11443,0,0.0
surgery,overall_le2024,EMT_創傷機轉_合併__OTHER_RARE,11443,0,0.0
surgery,overall_le2024,EMT_創傷機轉_合併__source_available,11443,0,0.0
surgery,overall_le2024,EMT_創傷機轉_合併__explicit_none,11443,0,0.0
surgery,overall_le2024,EMT_創傷機轉_合併__source_missing,11443,0,0.0
surgery,overall_le2024,EMT_處置_合併__CPR,11443,0,0.0
surgery,overall_le2024,EMT_處置_合併__保暖,11443,0,0.0
surgery,overall_le2024,EMT_處置_合併__傷口處置,11443,0,0.0
surgery,overall_le2024,EMT_處置_合併__固定,11443,0,0.0
surgery,overall_le2024,EMT_處置_合併__心理支持,11443,0,0.0
surgery,overall_le2024,EMT_處置_合併__生命徵象監測,11443,0,0.0
surgery,overall_le2024,EMT_處置_合併__給氧,11443,0,0.0
surgery,overall_le2024,EMT_處置_合併__給藥,11443,0,0.0
surgery,overall_le2024,EMT_處置_合併__OTHER_RARE,11443,0,0.0
surgery,overall_le2024,EMT_處置_合併__source_available,11443,0,0.0
surgery,overall_le2024,EMT_處置_合併__explicit_none,11443,0,0.0
surgery,overall_le2024,EMT_處置_合併__source_missing,11443,0,0.0
surgery,overall_le2024,EMT_特殊表登錄_合併__ACS,11443,0,0.0
surgery,overall_le2024,EMT_特殊表登錄_合併__CVA,11443,0,0.0
surgery,overall_le2024,EMT_特殊表登錄_合併__OHCA,11443,0,0.0
surgery,overall_le2024,EMT_特殊表登錄_合併__呼吸窘迫,11443,0,0.0
surgery,overall_le2024,EMT_特殊表登錄_合併__癲癇重積,11443,0,0.0
surgery,overall_le2024,EMT_特殊表登錄_合併__過敏性休克,11443,0,0.0
surgery,overall_le2024,EMT_特殊表登錄_合併__OTHER_RARE,11443,0,0.0
surgery,overall_le2024,EMT_特殊表登錄_合併__source_available,11443,0,0.0
surgery,overall_le2024,EMT_特殊表登錄_合併__explicit_none,11443,0,0.0
surgery,overall_le2024,EMT_特殊表登錄_合併__source_missing,11443,0,0.0
surgery,overall_le2024,EMT_問卷_一般處置__下肢抬高,11443,0,0.0
surgery,overall_le2024,EMT_問卷_一般處置__保暖,11443,0,0.0
surgery,overall_le2024,EMT_問卷_一般處置__其他,11443,0,0.0
surgery,overall_le2024,EMT_問卷_一般處置__半坐臥,11443,0,0.0
surgery,overall_le2024,EMT_問卷_一般處置__心律監視,11443,0,0.0
surgery,overall_le2024,EMT_問卷_一般處置__心理支持,11443,0,0.0
surgery,overall_le2024,EMT_問卷_一般處置__生命徵象監測,11443,0,0.0
surgery,overall_le2024,EMT_問卷_一般處置__生產/左側臥,11443,0,0.0
surgery,overall_le2024,EMT_問卷_一般處置__OTHER_RARE,11443,0,0.0
surgery,overall_le2024,EMT_問卷_一般處置__source_available,11443,0,0.0
surgery,overall_le2024,EMT_問卷_一般處置__explicit_none,11443,0,0.0
surgery,overall_le2024,EMT_問卷_一般處置__source_missing,11443,0,0.0
surgery,overall_le2024,EMT_問卷_呼吸給氧裝置__NRM,11443,0,0.0
surgery,overall_le2024,EMT_問卷_呼吸給氧裝置__口咽呼吸道,11443,0,0.0
surgery,overall_le2024,EMT_問卷_呼吸給氧裝置__正壓給氧,11443,0,0.0
surgery,overall_le2024,EMT_問卷_呼吸給氧裝置__氧氣面罩,11443,0,0.0
surgery,overall_le2024,EMT_問卷_呼吸給氧裝置__氧氣鼻管,11443,0,0.0
surgery,overall_le2024,EMT_問卷_呼吸給氧裝置__鼻咽呼吸道,11443,0,0.0
surgery,overall_le2024,EMT_問卷_呼吸給氧裝置__OTHER_RARE,11443,0,0.0
surgery,overall_le2024,EMT_問卷_呼吸給氧裝置__source_available,11443,0,0.0
surgery,overall_le2024,EMT_問卷_呼吸給氧裝置__explicit_none,11443,0,0.0
surgery,overall_le2024,EMT_問卷_呼吸給氧裝置__source_missing,11443,0,0.0
surgery,overall_le2024,EMT_問卷_創傷處置__KED固定,11443,0,0.0
surgery,overall_le2024,EMT_問卷_創傷處置__包紮止血,11443,0,0.0
surgery,overall_le2024,EMT_問卷_創傷處置__夾板\三角巾,11443,0,0.0
surgery,overall_le2024,EMT_問卷_創傷處置__抽吸式護木,11443,0,0.0
surgery,overall_le2024,EMT_問卷_創傷處置__清洗傷口,11443,0,0.0
surgery,overall_le2024,EMT_問卷_創傷處置__長背板\頭部固定,11443,0,0.0
surgery,overall_le2024,EMT_問卷_創傷處置__頸圈,11443,0,0.0
surgery,overall_le2024,EMT_問卷_創傷處置__OTHER_RARE,11443,0,0.0
surgery,overall_le2024,EMT_問卷_創傷處置__source_available,11443,0,0.0
surgery,overall_le2024,EMT_問卷_創傷處置__explicit_none,11443,0,0.0
surgery,overall_le2024,EMT_問卷_創傷處置__source_missing,11443,0,0.0
surgery,overall_le2024,EMT_問卷_加護處置__0.9%N.S.,11443,0,0.0
surgery,overall_le2024,EMT_問卷_加護處置__5%G.W.,11443,0,0.0
surgery,overall_le2024,EMT_問卷_加護處置__50%G.W.,11443,0,0.0
surgery,overall_le2024,EMT_問卷_加護處置__Berotec支氣管擴張劑,11443,0,0.0
surgery,overall_le2024,EMT_問卷_加護處置__IV,11443,0,0.0
surgery,overall_le2024,EMT_問卷_加護處置__不建議AED電擊,11443,0,0.0
surgery,overall_le2024,EMT_問卷_加護處置__糖粉（水）,11443,0,0.0
surgery,overall_le2024,EMT_問卷_加護處置__OTHER_RARE,11443,0,0.0
surgery,overall_le2024,EMT_問卷_加護處置__source_available,11443,0,0.0
surgery,overall_le2024,EMT_問卷_加護處置__explicit_none,11443,0,0.0
surgery,overall_le2024,EMT_問卷_加護處置__source_missing,11443,0,0.0
surgery,overall_le2024,EMT_台北_呼吸處置__OTHER_RARE,11443,0,0.0
surgery,overall_le2024,EMT_台北_呼吸處置__source_available,11443,0,0.0
surgery,overall_le2024,EMT_台北_呼吸處置__explicit_none,11443,0,0.0
surgery,overall_le2024,EMT_台北_呼吸處置__source_missing,11443,0,0.0
surgery,overall_le2024,EMT_台北_CPR處置__OTHER_RARE,11443,0,0.0
surgery,overall_le2024,EMT_台北_CPR處置__source_available,11443,0,0.0
surgery,overall_le2024,EMT_台北_CPR處置__explicit_none,11443,0,0.0
surgery,overall_le2024,EMT_台北_CPR處置__source_missing,11443,0,0.0
surgery,overall_le2024,EMT_台北_藥物處置__OTHER_RARE,11443,0,0.0
surgery,overall_le2024,EMT_台北_藥物處置__source_available,11443,0,0.0
surgery,overall_le2024,EMT_台北_藥物處置__explicit_none,11443,0,0.0
surgery,overall_le2024,EMT_台北_藥物處置__source_missing,11443,0,0.0
surgery,overall_le2024,EMT_台北_創傷處置__包紮,11443,0,0.0
surgery,overall_le2024,EMT_台北_創傷處置__止血,11443,0,0.0
surgery,overall_le2024,EMT_台北_創傷處置__清洗傷口,11443,0,0.0
surgery,overall_le2024,EMT_台北_創傷處置__OTHER_RARE,11443,0,0.0
surgery,overall_le2024,EMT_台北_創傷處置__source_available,11443,0,0.0
surgery,overall_le2024,EMT_台北_創傷處置__explicit_none,11443,0,0.0
surgery,overall_le2024,EMT_台北_創傷處置__source_missing,11443,0,0.0
surgery,overall_le2024,EMT_台北_後送姿勢__半坐臥,11443,0,0.0
surgery,overall_le2024,EMT_台北_後送姿勢__平躺,11443,0,0.0
surgery,overall_le2024,EMT_台北_後送姿勢__OTHER_RARE,11443,0,0.0
surgery,overall_le2024,EMT_台北_後送姿勢__source_available,11443,0,0.0
surgery,overall_le2024,EMT_台北_後送姿勢__explicit_none,11443,0,0.0
surgery,overall_le2024,EMT_台北_後送姿勢__source_missing,11443,0,0.0
surgery,overall_le2024,EMT_台北_其他處置__保暖,11443,0,0.0
surgery,overall_le2024,EMT_台北_其他處置__心理支持,11443,0,0.0
surgery,overall_le2024,EMT_台北_其他處置__OTHER_RARE,11443,0,0.0
surgery,overall_le2024,EMT_台北_其他處置__source_available,11443,0,0.0
surgery,overall_le2024,EMT_台北_其他處置__explicit_none,11443,0,0.0
surgery,overall_le2024,EMT_台北_其他處置__source_missing,11443,0,0.0
surgery,overall_le2024,EMT_台北_給藥__OTHER_RARE,11443,0,0.0
surgery,overall_le2024,EMT_台北_給藥__source_available,11443,0,0.0
surgery,overall_le2024,EMT_台北_給藥__explicit_none,11443,0,0.0
surgery,overall_le2024,EMT_台北_給藥__source_missing,11443,0,0.0
surgery,overall_le2024,EMT_補述_紅旗__DNR.放棄急救,11443,0,0.0
surgery,overall_le2024,EMT_補述_紅旗__休克.低血壓,11443,0,0.0
surgery,overall_le2024,EMT_補述_紅旗__呼吸窘迫.低血氧,11443,0,0.0
surgery,overall_le2024,EMT_補述_紅旗__大出血,11443,0,0.0
surgery,overall_le2024,EMT_補述_紅旗__心跳呼吸停止.PEA,11443,0,0.0
surgery,overall_le2024,EMT_補述_紅旗__意識改變,11443,0,0.0
surgery,overall_le2024,EMT_補述_紅旗__抽搐,11443,0,0.0
surgery,overall_le2024,EMT_補述_紅旗__疑似中風,11443,0,0.0
surgery,overall_le2024,EMT_補述_紅旗__胸痛疑似ACS,11443,0,0.0
surgery,overall_le2024,EMT_補述_紅旗__OTHER_RARE,11443,0,0.0
surgery,overall_le2024,EMT_補述_紅旗__source_available,11443,0,0.0
surgery,overall_le2024,EMT_補述_紅旗__explicit_none,11443,0,0.0
surgery,overall_le2024,EMT_補述_紅旗__source_missing,11443,0,0.0
surgery,overall_le2024,EMT_問卷_過去病史__HIV(+),11443,0,0.0
surgery,overall_le2024,EMT_問卷_過去病史__不詳,11443,0,0.0
surgery,overall_le2024,EMT_問卷_過去病史__其他,11443,0,0.0
surgery,overall_le2024,EMT_問卷_過去病史__心臟疾病,11443,0,0.0
surgery,overall_le2024,EMT_問卷_過去病史__惡性腫瘤,11443,0,0.0
surgery,overall_le2024,EMT_問卷_過去病史__氣喘,11443,0,0.0
surgery,overall_le2024,EMT_問卷_過去病史__癲癇,11443,0,0.0
surgery,overall_le2024,EMT_問卷_過去病史__精神疾病,11443,0,0.0
surgery,overall_le2024,EMT_問卷_過去病史__糖尿病,11443,0,0.0
surgery,overall_le2024,EMT_問卷_過去病史__肝臟疾病,11443,0,0.0
surgery,overall_le2024,EMT_問卷_過去病史__肺臟疾病,11443,0,0.0
surgery,overall_le2024,EMT_問卷_過去病史__腎臟疾病,11443,0,0.0
surgery,overall_le2024,EMT_問卷_過去病史__腦血管疾病,11443,0,0.0
surgery,overall_le2024,EMT_問卷_過去病史__高血壓,11443,0,0.0
surgery,overall_le2024,EMT_問卷_過去病史__OTHER_RARE,11443,0,0.0
surgery,overall_le2024,EMT_問卷_過去病史__source_available,11443,0,0.0
surgery,overall_le2024,EMT_問卷_過去病史__explicit_none,11443,0,0.0
surgery,overall_le2024,EMT_問卷_過去病史__source_missing,11443,0,0.0
surgery,overall_le2024,EMT_問卷_過敏史__不詳,11443,0,0.0
surgery,overall_le2024,EMT_問卷_過敏史__其他,11443,0,0.0
surgery,overall_le2024,EMT_問卷_過敏史__藥物,11443,0,0.0
surgery,overall_le2024,EMT_問卷_過敏史__食物,11443,0,0.0
surgery,overall_le2024,EMT_問卷_過敏史__OTHER_RARE,11443,0,0.0
surgery,overall_le2024,EMT_問卷_過敏史__source_available,11443,0,0.0
surgery,overall_le2024,EMT_問卷_過敏史__explicit_none,11443,0,0.0
surgery,overall_le2024,EMT_問卷_過敏史__source_missing,11443,0,0.0
surgery,overall_le2024,has_oxygen,11443,11229,0.9812986105042384
surgery,overall_le2024,has_ventilatory_support,11443,11222,0.9806868828104518
surgery,overall_le2024,has_airway_adjunct,11443,11222,0.9806868828104518
surgery,overall_le2024,has_advanced_airway,11443,11222,0.9806868828104518
surgery,overall_le2024,has_ALS_procedure,11443,10576,0.9242331556410033
surgery,overall_le2024,EMT_現場_收縮壓_ord,11443,42,0.0036703661627195665
surgery,overall_le2024,EMT_現場_收縮壓_for_score,11443,71,0.006204666608406887
surgery,overall_le2024,EMT_車上_收縮壓_for_score,11443,622,0.054356375076465964
surgery,overall_le2024,EMT_現場_收縮壓_unmeasurable,11443,0,0.0
surgery,overall_le2024,EMT_車上_收縮壓_unmeasurable,11443,0,0.0
surgery,overall_le2024,MISS_EMT_現場_收縮壓_for_score,11443,0,0.0
surgery,overall_le2024,MISS_EMT_車上_收縮壓_for_score,11443,0,0.0
surgery,overall_le2024,prehosp_sbp,11443,59,0.005155990561915582
surgery,overall_le2024,prehosp_dbp,11443,847,0.07401905094817793
surgery,overall_le2024,prehosp_hr,11443,75,0.006554225290570655
surgery,overall_le2024,prehosp_rr,11443,75,0.006554225290570655
surgery,overall_le2024,prehosp_spo2,11443,79,0.006903783972734423
surgery,overall_le2024,prehosp_bt,11443,79,0.006903783972734423
surgery,overall_le2024,prehosp_gcs,11443,84,0.007340732325439133
surgery,overall_le2024,prehosp_gcs_e,11443,83,0.007253342654898191
surgery,overall_le2024,prehosp_gcs_v,11443,84,0.007340732325439133
surgery,overall_le2024,prehosp_gcs_m,11443,83,0.007253342654898191
surgery,overall_le2024,is_OHCA_hr0,11443,0,0.0
surgery,overall_le2024,現場時間,11443,9,0.0007865070348684785
surgery,overall_le2024,運送時間,11443,9,0.0007865070348684785
surgery,overall_le2024,派遣時間,11443,552,0.048239098138600014
surgery,overall_le2024,總到院前時間,11443,552,0.048239098138600014
surgery,overall_le2024,MISS_現場時間,11443,0,0.0
surgery,overall_le2024,MISS_運送時間,11443,0,0.0
surgery,overall_le2024,MISS_派遣時間,11443,0,0.0
surgery,overall_le2024,MISS_總到院前時間,11443,0,0.0
surgery,overall_le2024,MAP,11443,847,0.07401905094817793
surgery,overall_le2024,MISS_MAP,11443,0,0.0
surgery,overall_le2024,SI,11443,81,0.007078563313816307
surgery,overall_le2024,MISS_SI,11443,0,0.0
surgery,overall_le2024,mSI,11443,847,0.07401905094817793
surgery,overall_le2024,MISS_mSI,11443,0,0.0
surgery,overall_le2024,aSI,11443,88,0.007690291007602901
surgery,overall_le2024,MISS_aSI,11443,0,0.0
surgery,overall_le2024,rSI,11443,81,0.007078563313816307
surgery,overall_le2024,MISS_rSI,11443,0,0.0
surgery,overall_le2024,rSIG,11443,90,0.007865070348684786
surgery,overall_le2024,MISS_rSIG,11443,0,0.0
surgery,overall_le2024,rSIG_Age,11443,97,0.00847679804247138
surgery,overall_le2024,MISS_rSIG_Age,11443,0,0.0
surgery,overall_le2024,SI_G,11443,90,0.007865070348684786
surgery,overall_le2024,MISS_SI_G,11443,0,0.0
surgery,overall_le2024,SIA_G,11443,97,0.00847679804247138
surgery,overall_le2024,MISS_SIA_G,11443,0,0.0
surgery,overall_le2024,SIAVPU,11443,81,0.007078563313816307
surgery,overall_le2024,MISS_SIAVPU,11443,0,0.0
surgery,overall_le2024,sMS,11443,83,0.007253342654898191
surgery,overall_le2024,MISS_sMS,11443,0,0.0
surgery,overall_le2024,rSI_sMS,11443,89,0.0077776806781438435
surgery,overall_le2024,MISS_rSI_sMS,11443,0,0.0
surgery,overall_le2024,rSI_GCS,11443,90,0.007865070348684786
surgery,overall_le2024,MISS_rSI_GCS,11443,0,0.0
surgery,overall_le2024,rSI_GCSM,11443,89,0.0077776806781438435
surgery,overall_le2024,MISS_rSI_GCSM,11443,0,0.0
surgery,overall_le2024,qSOFA,11443,81,0.007078563313816307
surgery,overall_le2024,qSOFA_available,11443,0,0.0
surgery,overall_le2024,qSOFA_observed_components,11443,0,0.0
surgery,overall_le2024,qSOFA_required_components,11443,0,0.0
surgery,overall_le2024,MISS_qSOFA,11443,0,0.0
surgery,overall_le2024,NEWS2,11443,11241,0.9823472865507297
surgery,overall_le2024,NEWS2_available,11443,0,0.0
surgery,overall_le2024,NEWS2_observed_components,11443,0,0.0
surgery,overall_le2024,NEWS2_required_components,11443,0,0.0
surgery,overall_le2024,MISS_NEWS2,11443,0,0.0
surgery,overall_le2024,MEWS,11443,82,0.007165952984357249
surgery,overall_le2024,MEWS_available,11443,0,0.0
surgery,overall_le2024,MEWS_observed_components,11443,0,0.0
surgery,overall_le2024,MEWS_required_components,11443,0,0.0
surgery,overall_le2024,MISS_MEWS,11443,0,0.0
surgery,overall_le2024,REMS,11443,857,0.07489294765358735
surgery,overall_le2024,REMS_available,11443,0,0.0
surgery,overall_le2024,REMS_observed_components,11443,0,0.0
surgery,overall_le2024,REMS_required_components,11443,0,0.0
surgery,overall_le2024,MISS_REMS,11443,0,0.0
surgery,overall_le2024,RTS,11443,90,0.007865070348684786
surgery,overall_le2024,RTS_available,11443,0,0.0
surgery,overall_le2024,RTS_observed_components,11443,0,0.0
surgery,overall_le2024,RTS_required_components,11443,0,0.0
surgery,overall_le2024,MISS_RTS,11443,0,0.0
surgery,overall_le2024,kw_ohca,11443,0,0.0
surgery,overall_le2024,kw_chest_pain,11443,0,0.0
surgery,overall_le2024,kw_dyspnea,11443,0,0.0
surgery,overall_le2024,kw_bleeding,11443,0,0.0
surgery,overall_le2024,kw_stroke,11443,0,0.0
surgery,overall_le2024,kw_trauma,11443,0,0.0
surgery,overall_le2024,kw_seizure,11443,0,0.0
surgery,overall_le2024,kw_unconscious,11443,0,0.0
surgery,overall_le2024,is_text_missing,11443,0,0.0
surgery,overall_le2024,text_source_count,11443,0,0.0
surgery,overall_le2024,text_char_count,11443,0,0.0
