task_id,group,outcome,kind,analysis,Experiment,arm,split,probability_layer,presentation,completion_status,Features included,feature_set_id,feature_count,AUROC[CI],AUPRC[CI],N,events,AUROC,AUROC_lower_ci,AUROC_upper_ci,AUPRC,AUPRC_lower_ci,AUPRC_upper_ci,Brier,Brier_lower_ci,Brier_upper_ci,F1,net benefit,threshold_mean,threshold_min,threshold_max,sensitivity,specificity,PPV,NPV,TP,FP,TN,FN,AUROC_status,AUPRC_status,Brier_status,cohort_identity_sha256,Interpretation,source_result_root,source_result_receipt_sha256,source_validation_path,source_validation_sha256
medicine__P1__dnr_dnr_blind,medicine,P1,dnr,dnr_blind,dnr_blind / all_comer_reference,all_comer_reference,oof_2020_2023,RAW_LOCKED_BASE_PREDICTIONS,raw,VALIDATED_COMPUTED,Full locked input feature order,d5d5e2d8a0734a0ce9af97a6606994868307c154f09eee30ee788ada6108d568,764,"0.89465 [0.867537, 0.919668]","0.196083 [0.133819, 0.27299]",15995,129,0.8946501562993168,0.8675373184082982,0.9196676134289921,0.1960832756094135,0.1338185263814605,0.27298951321460646,0.007160918010070117,0.006743094431497487,0.007552017379769969,0.12162162162162163,-6.251953735542357e-05,0.5,0.5,0.5,0.06976744186046512,0.9993697214168663,0.47368421052631576,0.9924887330996495,9,10,15856,120,ESTIMATED,ESTIMATED,ESTIMATED,aafed358290fb1154988f8565e7fefcd0d493e5645a9235d8bffd54e199f8913,"Descriptive arm estimate. CI is an individual-arm CI, not a paired-difference CI; no significance claim for a delta. Raw layer; operating point is the recorded P104 comparator rule, not a final clinical threshold.",D:\Codex_分拆Prompt嚴格無到院\outputs\v2\.p104rv\sweep_20260906T191424Z_account-02_v2\t0\r,8a972d3db8911f62d8dae569c10c78263ff3f865ca792d45e99790b85c8870fe,D:\Codex_分拆Prompt嚴格無到院\outputs\v2\.p104k10\cloud_validation_index_20260906T211456Z\task_medicine__P1__dnr_dnr_blind_validation.json,bed04ff947ff488ea9c99e81a836d3a145973c8ec8c603565520e73cff13c531
medicine__P1__dnr_dnr_blind,medicine,P1,dnr,dnr_blind,dnr_blind / all_comer_reference,all_comer_reference,validation_2024,RAW_LOCKED_BASE_PREDICTIONS,raw,VALIDATED_COMPUTED,Full locked input feature order,d5d5e2d8a0734a0ce9af97a6606994868307c154f09eee30ee788ada6108d568,764,"0.940944 [0.920022, 0.960339]","0.467949 [0.371741, 0.574062]",4770,98,0.9409443143695834,0.9200218766074194,0.9603393163085924,0.4679488387265004,0.3717407645458378,0.5740617628195529,0.01465681669691664,0.013253972707242656,0.0159862104472889,0.23931623931623933,0.0018867924528301887,0.5,0.5,0.5,0.14285714285714285,0.998929794520548,0.7368421052631579,0.9823195116817512,14,5,4667,84,ESTIMATED,ESTIMATED,ESTIMATED,c0ef85bd79b7e079a58a21aab89269df84d4b7d6cddbdcd8467aa3d5cf4abe78,"Descriptive arm estimate. CI is an individual-arm CI, not a paired-difference CI; no significance claim for a delta. Raw layer; operating point is the recorded P104 comparator rule, not a final clinical threshold.",D:\Codex_分拆Prompt嚴格無到院\outputs\v2\.p104rv\sweep_20260906T191424Z_account-02_v2\t0\r,8a972d3db8911f62d8dae569c10c78263ff3f865ca792d45e99790b85c8870fe,D:\Codex_分拆Prompt嚴格無到院\outputs\v2\.p104k10\cloud_validation_index_20260906T211456Z\task_medicine__P1__dnr_dnr_blind_validation.json,bed04ff947ff488ea9c99e81a836d3a145973c8ec8c603565520e73cff13c531
medicine__P1__dnr_dnr_blind,medicine,P1,dnr,dnr_blind,dnr_blind / dnr_blind,dnr_blind,oof_2020_2023,RAW_LOCKED_BASE_PREDICTIONS,raw,VALIDATED_COMPUTED,Source-defined DNR-blind predictor exclusions; cohort rule shown by analysis,256f07d8ea37e6334079986b99af35bea86c951b1f4087c6f87db74e142bf8c0,756,"0.890348 [0.859987, 0.916362]","0.180911 [0.120889, 0.253461]",15995,129,0.8903476499403432,0.8599867659421693,0.9163619485919644,0.18091093283358572,0.12088908682603376,0.25346080363567236,0.007265829699330519,0.006869040757694921,0.007678956922897226,0.13513513513513514,6.251953735542357e-05,0.5,0.5,0.5,0.07751937984496124,0.9994327492751797,0.5263157894736842,0.9925513269904858,10,9,15857,119,ESTIMATED,ESTIMATED,ESTIMATED,aafed358290fb1154988f8565e7fefcd0d493e5645a9235d8bffd54e199f8913,"Descriptive arm estimate. CI is an individual-arm CI, not a paired-difference CI; no significance claim for a delta. Raw layer; operating point is the recorded P104 comparator rule, not a final clinical threshold.",D:\Codex_分拆Prompt嚴格無到院\outputs\v2\.p104rv\sweep_20260906T191424Z_account-02_v2\t0\r,8a972d3db8911f62d8dae569c10c78263ff3f865ca792d45e99790b85c8870fe,D:\Codex_分拆Prompt嚴格無到院\outputs\v2\.p104k10\cloud_validation_index_20260906T211456Z\task_medicine__P1__dnr_dnr_blind_validation.json,bed04ff947ff488ea9c99e81a836d3a145973c8ec8c603565520e73cff13c531
medicine__P1__dnr_dnr_blind,medicine,P1,dnr,dnr_blind,dnr_blind / dnr_blind,dnr_blind,validation_2024,RAW_LOCKED_BASE_PREDICTIONS,raw,VALIDATED_COMPUTED,Source-defined DNR-blind predictor exclusions; cohort rule shown by analysis,256f07d8ea37e6334079986b99af35bea86c951b1f4087c6f87db74e142bf8c0,756,"0.939282 [0.915654, 0.95854]","0.43115 [0.336525, 0.537121]",4770,98,0.9392822197372099,0.91565387774998,0.9585402460572381,0.4311504671162685,0.3365250752657849,0.5371209882744188,0.015251259615813653,0.014017932307054552,0.016545484515452295,0.19298245614035087,0.0012578616352201257,0.5,0.5,0.5,0.11224489795918367,0.998929794520548,0.6875,0.9816996213714767,11,5,4667,87,ESTIMATED,ESTIMATED,ESTIMATED,c0ef85bd79b7e079a58a21aab89269df84d4b7d6cddbdcd8467aa3d5cf4abe78,"Descriptive arm estimate. CI is an individual-arm CI, not a paired-difference CI; no significance claim for a delta. Raw layer; operating point is the recorded P104 comparator rule, not a final clinical threshold.",D:\Codex_分拆Prompt嚴格無到院\outputs\v2\.p104rv\sweep_20260906T191424Z_account-02_v2\t0\r,8a972d3db8911f62d8dae569c10c78263ff3f865ca792d45e99790b85c8870fe,D:\Codex_分拆Prompt嚴格無到院\outputs\v2\.p104k10\cloud_validation_index_20260906T211456Z\task_medicine__P1__dnr_dnr_blind_validation.json,bed04ff947ff488ea9c99e81a836d3a145973c8ec8c603565520e73cff13c531
medicine__P1__dnr_temporally_clean_exclusion,medicine,P1,dnr,temporally_clean_exclusion,temporally_clean_exclusion / all_comer_reference,all_comer_reference,oof_2020_2023,RAW_LOCKED_BASE_PREDICTIONS,raw,VALIDATED_COMPUTED,Full locked input feature order,d5d5e2d8a0734a0ce9af97a6606994868307c154f09eee30ee788ada6108d568,764,"0.89465 [0.867537, 0.919668]","0.196083 [0.133819, 0.27299]",15995,129,0.8946501562993168,0.8675373184082982,0.9196676134289921,0.1960832756094135,0.1338185263814605,0.27298951321460646,0.007160918010070117,0.006743094431497487,0.007552017379769969,0.12162162162162163,-6.251953735542357e-05,0.5,0.5,0.5,0.06976744186046512,0.9993697214168663,0.47368421052631576,0.9924887330996495,9,10,15856,120,ESTIMATED,ESTIMATED,ESTIMATED,aafed358290fb1154988f8565e7fefcd0d493e5645a9235d8bffd54e199f8913,"Descriptive arm estimate. CI is an individual-arm CI, not a paired-difference CI; no significance claim for a delta. Raw layer; operating point is the recorded P104 comparator rule, not a final clinical threshold.",D:\Codex_分拆Prompt嚴格無到院\outputs\v2\.p104rv\sweep_20260906T171453Z_account-03_v2\t0\r,4555b33c719c47366b05736b8962e59837d309102bb42d3b1a808aefe5ddf10e,D:\Codex_分拆Prompt嚴格無到院\outputs\v2\.p104k10\cloud_validation_index_20260906T211456Z\task_medicine__P1__dnr_temporally_clean_exclusion_validation.json,1a7865f415039ff70c7dfe276e6f156062d9d5221afecea5b38a689c49d8178e
medicine__P1__dnr_temporally_clean_exclusion,medicine,P1,dnr,temporally_clean_exclusion,temporally_clean_exclusion / all_comer_reference,all_comer_reference,validation_2024,RAW_LOCKED_BASE_PREDICTIONS,raw,VALIDATED_COMPUTED,Full locked input feature order,d5d5e2d8a0734a0ce9af97a6606994868307c154f09eee30ee788ada6108d568,764,"0.940944 [0.920022, 0.960339]","0.467949 [0.371741, 0.574062]",4770,98,0.9409443143695834,0.9200218766074194,0.9603393163085924,0.4679488387265004,0.3717407645458378,0.5740617628195529,0.01465681669691664,0.013253972707242656,0.0159862104472889,0.23931623931623933,0.0018867924528301887,0.5,0.5,0.5,0.14285714285714285,0.998929794520548,0.7368421052631579,0.9823195116817512,14,5,4667,84,ESTIMATED,ESTIMATED,ESTIMATED,c0ef85bd79b7e079a58a21aab89269df84d4b7d6cddbdcd8467aa3d5cf4abe78,"Descriptive arm estimate. CI is an individual-arm CI, not a paired-difference CI; no significance claim for a delta. Raw layer; operating point is the recorded P104 comparator rule, not a final clinical threshold.",D:\Codex_分拆Prompt嚴格無到院\outputs\v2\.p104rv\sweep_20260906T171453Z_account-03_v2\t0\r,4555b33c719c47366b05736b8962e59837d309102bb42d3b1a808aefe5ddf10e,D:\Codex_分拆Prompt嚴格無到院\outputs\v2\.p104k10\cloud_validation_index_20260906T211456Z\task_medicine__P1__dnr_temporally_clean_exclusion_validation.json,1a7865f415039ff70c7dfe276e6f156062d9d5221afecea5b38a689c49d8178e
medicine__P1__dnr_temporally_clean_exclusion,medicine,P1,dnr,temporally_clean_exclusion,temporally_clean_exclusion / temporally_clean_exclusion,temporally_clean_exclusion,oof_2020_2023,RAW_LOCKED_BASE_PREDICTIONS,raw,VALIDATED_COMPUTED,Source-defined DNR-blind predictor exclusions; cohort rule shown by analysis,256f07d8ea37e6334079986b99af35bea86c951b1f4087c6f87db74e142bf8c0,756,"0.893799 [0.863759, 0.919418]","0.167379 [0.116829, 0.243489]",15993,129,0.89379884053212,0.8637592861863502,0.9194183776669883,0.16737900869160452,0.11682905992617874,0.24348927986324315,0.007286429664239326,0.006908884390548108,0.007672085407072363,0.11188811188811189,0.00012505471143625337,0.5,0.5,0.5,0.06201550387596899,0.9996217851739788,0.5714285714285714,0.992427561174041,8,6,15858,121,ESTIMATED,ESTIMATED,ESTIMATED,419e30c4c7d7da5e9d353a69610e1a72d04a76adb712a1596e165b9a3be348bb,"Descriptive arm estimate. CI is an individual-arm CI, not a paired-difference CI; no significance claim for a delta. Raw layer; operating point is the recorded P104 comparator rule, not a final clinical threshold.",D:\Codex_分拆Prompt嚴格無到院\outputs\v2\.p104rv\sweep_20260906T171453Z_account-03_v2\t0\r,4555b33c719c47366b05736b8962e59837d309102bb42d3b1a808aefe5ddf10e,D:\Codex_分拆Prompt嚴格無到院\outputs\v2\.p104k10\cloud_validation_index_20260906T211456Z\task_medicine__P1__dnr_temporally_clean_exclusion_validation.json,1a7865f415039ff70c7dfe276e6f156062d9d5221afecea5b38a689c49d8178e
medicine__P1__dnr_temporally_clean_exclusion,medicine,P1,dnr,temporally_clean_exclusion,temporally_clean_exclusion / temporally_clean_exclusion,temporally_clean_exclusion,validation_2024,RAW_LOCKED_BASE_PREDICTIONS,raw,VALIDATED_COMPUTED,Source-defined DNR-blind predictor exclusions; cohort rule shown by analysis,256f07d8ea37e6334079986b99af35bea86c951b1f4087c6f87db74e142bf8c0,756,"0.941778 [0.920396, 0.961347]","0.405318 [0.317745, 0.519426]",4768,98,0.9417777389328322,0.9203955039414901,0.9613466627672511,0.4053183457115151,0.31774535616568905,0.519426330723135,0.015549810045772836,0.014318623788376091,0.016838826782349846,0.17699115044247787,0.0010486577181208054,0.5,0.5,0.5,0.10204081632653061,0.9989293361884368,0.6666666666666666,0.9814853776562171,10,5,4665,88,ESTIMATED,ESTIMATED,ESTIMATED,66a18a70b06d948ad812f93f599c8aa03c14cba14000da5ae66dcbf549086d9c,"Descriptive arm estimate. CI is an individual-arm CI, not a paired-difference CI; no significance claim for a delta. Raw layer; operating point is the recorded P104 comparator rule, not a final clinical threshold.",D:\Codex_分拆Prompt嚴格無到院\outputs\v2\.p104rv\sweep_20260906T171453Z_account-03_v2\t0\r,4555b33c719c47366b05736b8962e59837d309102bb42d3b1a808aefe5ddf10e,D:\Codex_分拆Prompt嚴格無到院\outputs\v2\.p104k10\cloud_validation_index_20260906T211456Z\task_medicine__P1__dnr_temporally_clean_exclusion_validation.json,1a7865f415039ff70c7dfe276e6f156062d9d5221afecea5b38a689c49d8178e
medicine__P1__dnr_broad_exclusion,medicine,P1,dnr,broad_exclusion,broad_exclusion / all_comer_reference,all_comer_reference,oof_2020_2023,RAW_LOCKED_BASE_PREDICTIONS,raw,VALIDATED_COMPUTED,Full locked input feature order,d5d5e2d8a0734a0ce9af97a6606994868307c154f09eee30ee788ada6108d568,764,"0.89465 [0.867537, 0.919668]","0.196083 [0.133819, 0.27299]",15995,129,0.8946501562993168,0.8675373184082982,0.9196676134289921,0.1960832756094135,0.1338185263814605,0.27298951321460646,0.007160918010070117,0.006743094431497487,0.007552017379769969,0.12162162162162163,-6.251953735542357e-05,0.5,0.5,0.5,0.06976744186046512,0.9993697214168663,0.47368421052631576,0.9924887330996495,9,10,15856,120,ESTIMATED,ESTIMATED,ESTIMATED,aafed358290fb1154988f8565e7fefcd0d493e5645a9235d8bffd54e199f8913,"Descriptive arm estimate. CI is an individual-arm CI, not a paired-difference CI; no significance claim for a delta. Raw layer; operating point is the recorded P104 comparator rule, not a final clinical threshold. Broad DNR may include post-index records; sensitivity only.",D:\Codex_分拆Prompt嚴格無到院\outputs\v2\.p104rv\sweep_20260906T211456Z_account-01_v2\t0\r,17bd577910616c216a1bdd691ed2dd6f5d3473d64334097ccc470812752ca091,D:\Codex_分拆Prompt嚴格無到院\outputs\v2\.p104k10\cloud_validation_index_20260906T211456Z\task_medicine__P1__dnr_broad_exclusion_validation.json,a6b1d5f0dc1897fed5b69eb55ab70958c1d758006dfd85a293645d7389bcd624
medicine__P1__dnr_broad_exclusion,medicine,P1,dnr,broad_exclusion,broad_exclusion / all_comer_reference,all_comer_reference,validation_2024,RAW_LOCKED_BASE_PREDICTIONS,raw,VALIDATED_COMPUTED,Full locked input feature order,d5d5e2d8a0734a0ce9af97a6606994868307c154f09eee30ee788ada6108d568,764,"0.940944 [0.920022, 0.960339]","0.467949 [0.371741, 0.574062]",4770,98,0.9409443143695834,0.9200218766074194,0.9603393163085924,0.4679488387265004,0.3717407645458378,0.5740617628195529,0.01465681669691664,0.013253972707242656,0.0159862104472889,0.23931623931623933,0.0018867924528301887,0.5,0.5,0.5,0.14285714285714285,0.998929794520548,0.7368421052631579,0.9823195116817512,14,5,4667,84,ESTIMATED,ESTIMATED,ESTIMATED,c0ef85bd79b7e079a58a21aab89269df84d4b7d6cddbdcd8467aa3d5cf4abe78,"Descriptive arm estimate. CI is an individual-arm CI, not a paired-difference CI; no significance claim for a delta. Raw layer; operating point is the recorded P104 comparator rule, not a final clinical threshold. Broad DNR may include post-index records; sensitivity only.",D:\Codex_分拆Prompt嚴格無到院\outputs\v2\.p104rv\sweep_20260906T211456Z_account-01_v2\t0\r,17bd577910616c216a1bdd691ed2dd6f5d3473d64334097ccc470812752ca091,D:\Codex_分拆Prompt嚴格無到院\outputs\v2\.p104k10\cloud_validation_index_20260906T211456Z\task_medicine__P1__dnr_broad_exclusion_validation.json,a6b1d5f0dc1897fed5b69eb55ab70958c1d758006dfd85a293645d7389bcd624
medicine__P1__dnr_broad_exclusion,medicine,P1,dnr,broad_exclusion,broad_exclusion / broad_exclusion,broad_exclusion,oof_2020_2023,RAW_LOCKED_BASE_PREDICTIONS,raw,VALIDATED_COMPUTED,Source-defined DNR-blind predictor exclusions; cohort rule shown by analysis,256f07d8ea37e6334079986b99af35bea86c951b1f4087c6f87db74e142bf8c0,756,"0.869188 [0.788206, 0.931286]","0.184302 [0.0893635, 0.332936]",14828,38,0.8691879292551866,0.788206195612333,0.9312861858299007,0.18430164976594868,0.08936354149292366,0.3329359147625221,0.002316683893550179,0.0020408722008549954,0.002581624199332347,0.1702127659574468,-6.74399784192069e-05,0.5,0.5,0.5,0.10526315789473684,0.9996619337390128,0.4444444444444444,0.9977056481543963,4,5,14785,34,ESTIMATED,ESTIMATED,ESTIMATED,0469e94efdca10ef5f777981039a253aee8c70b20c967d218067db9b67004a40,"Descriptive arm estimate. CI is an individual-arm CI, not a paired-difference CI; no significance claim for a delta. Raw layer; operating point is the recorded P104 comparator rule, not a final clinical threshold. Broad DNR may include post-index records; sensitivity only.",D:\Codex_分拆Prompt嚴格無到院\outputs\v2\.p104rv\sweep_20260906T211456Z_account-01_v2\t0\r,17bd577910616c216a1bdd691ed2dd6f5d3473d64334097ccc470812752ca091,D:\Codex_分拆Prompt嚴格無到院\outputs\v2\.p104k10\cloud_validation_index_20260906T211456Z\task_medicine__P1__dnr_broad_exclusion_validation.json,a6b1d5f0dc1897fed5b69eb55ab70958c1d758006dfd85a293645d7389bcd624
medicine__P1__dnr_broad_exclusion,medicine,P1,dnr,broad_exclusion,broad_exclusion / broad_exclusion,broad_exclusion,validation_2024,RAW_LOCKED_BASE_PREDICTIONS,raw,VALIDATED_COMPUTED,Source-defined DNR-blind predictor exclusions; cohort rule shown by analysis,256f07d8ea37e6334079986b99af35bea86c951b1f4087c6f87db74e142bf8c0,756,"0.97051 [0.937397, 0.993844]","0.596303 [0.462841, 0.748016]",4405,42,0.9705095882038353,0.9373969474973334,0.993844293480785,0.5963029109934942,0.4628407329119886,0.7480160718414677,0.005987322383967759,0.0051550914991011915,0.006800769032410126,0.20408163265306123,0.000681044267877412,0.5,0.5,0.5,0.11904761904761904,0.9995415998166399,0.7142857142857143,0.9915870850386539,5,2,4361,37,ESTIMATED,ESTIMATED,ESTIMATED,fd78b30a7ffd9b06430935933a85af762a99f396aaa0d1b3987e8938133cb346,"Descriptive arm estimate. CI is an individual-arm CI, not a paired-difference CI; no significance claim for a delta. Raw layer; operating point is the recorded P104 comparator rule, not a final clinical threshold. Broad DNR may include post-index records; sensitivity only.",D:\Codex_分拆Prompt嚴格無到院\outputs\v2\.p104rv\sweep_20260906T211456Z_account-01_v2\t0\r,17bd577910616c216a1bdd691ed2dd6f5d3473d64334097ccc470812752ca091,D:\Codex_分拆Prompt嚴格無到院\outputs\v2\.p104k10\cloud_validation_index_20260906T211456Z\task_medicine__P1__dnr_broad_exclusion_validation.json,a6b1d5f0dc1897fed5b69eb55ab70958c1d758006dfd85a293645d7389bcd624
medicine__P2__dnr_dnr_blind,medicine,P2,dnr,dnr_blind,dnr_blind / all_comer_reference,all_comer_reference,oof_2020_2023,RAW_LOCKED_BASE_PREDICTIONS,raw,VALIDATED_COMPUTED,Full locked input feature order,d5d5e2d8a0734a0ce9af97a6606994868307c154f09eee30ee788ada6108d568,764,"0.877541 [0.869603, 0.885859]","0.46543 [0.441384, 0.489914]",15995,1581,0.8775413986700504,0.8696030237423733,0.8858586857288715,0.46543012781367255,0.44138420688525004,0.4899138700713256,0.07891128138649631,0.07643902479234099,0.08136934313168427,0.4826979472140763,-0.011441075336042513,0.5,0.5,0.5,0.5205566097406704,0.930206743443874,0.4499726626571897,0.9464915996046873,823,1006,13408,758,ESTIMATED,ESTIMATED,ESTIMATED,b8399b00cd226c8c54e6b684c712261685238606cb03b3ce2021ac7212cac994,"Descriptive arm estimate. CI is an individual-arm CI, not a paired-difference CI; no significance claim for a delta. Raw layer; operating point is the recorded P104 comparator rule, not a final clinical threshold.",D:\Codex_分拆Prompt嚴格無到院\outputs\v2\.p104rv\sweep_20260906T171453Z_account-09_v2\t1\r,68696579c8e979344dd2ecd654ac89d8c2e3ab17cc15600ea28d21352b48e037,D:\Codex_分拆Prompt嚴格無到院\outputs\v2\.p104k10\cloud_validation_index_20260906T211456Z\task_medicine__P2__dnr_dnr_blind_validation.json,cc23d3197cc66f0880c9bee3c665477baed71acc4438d5cf6f64bfac97d5a871
medicine__P2__dnr_dnr_blind,medicine,P2,dnr,dnr_blind,dnr_blind / all_comer_reference,all_comer_reference,validation_2024,RAW_LOCKED_BASE_PREDICTIONS,raw,VALIDATED_COMPUTED,Full locked input feature order,d5d5e2d8a0734a0ce9af97a6606994868307c154f09eee30ee788ada6108d568,764,"0.884963 [0.871586, 0.897906]","0.576214 [0.538778, 0.612851]",4770,568,0.8849633977113514,0.8715856039691644,0.8979057279386456,0.5762144434517572,0.538778442344166,0.6128510325226588,0.08616831282273728,0.08160246040534255,0.09062316348202619,0.5384006334125099,-0.0031446540880503146,0.5,0.5,0.5,0.5985915492957746,0.9155164207520229,0.4892086330935252,0.9440490797546012,340,355,3847,228,ESTIMATED,ESTIMATED,ESTIMATED,0780a684c7649fee5c15d381b9b48819feda53386948f4bdbde630fecbceb886,"Descriptive arm estimate. CI is an individual-arm CI, not a paired-difference CI; no significance claim for a delta. Raw layer; operating point is the recorded P104 comparator rule, not a final clinical threshold.",D:\Codex_分拆Prompt嚴格無到院\outputs\v2\.p104rv\sweep_20260906T171453Z_account-09_v2\t1\r,68696579c8e979344dd2ecd654ac89d8c2e3ab17cc15600ea28d21352b48e037,D:\Codex_分拆Prompt嚴格無到院\outputs\v2\.p104k10\cloud_validation_index_20260906T211456Z\task_medicine__P2__dnr_dnr_blind_validation.json,cc23d3197cc66f0880c9bee3c665477baed71acc4438d5cf6f64bfac97d5a871
medicine__P2__dnr_dnr_blind,medicine,P2,dnr,dnr_blind,dnr_blind / dnr_blind,dnr_blind,oof_2020_2023,RAW_LOCKED_BASE_PREDICTIONS,raw,VALIDATED_COMPUTED,Source-defined DNR-blind predictor exclusions; cohort rule shown by analysis,256f07d8ea37e6334079986b99af35bea86c951b1f4087c6f87db74e142bf8c0,756,"0.876124 [0.868281, 0.884393]","0.459986 [0.435892, 0.485712]",15995,1581,0.8761240630924306,0.8682812953188591,0.8843933682763354,0.45998593717749103,0.4358917894854141,0.4857116712946262,0.0792795264321861,0.07683738528636987,0.08162435353296217,0.4769503546099291,-0.011816192560175055,0.5,0.5,0.5,0.5104364326375711,0.93090051338976,0.4475873544093178,0.9454622322435174,807,996,13418,774,ESTIMATED,ESTIMATED,ESTIMATED,b8399b00cd226c8c54e6b684c712261685238606cb03b3ce2021ac7212cac994,"Descriptive arm estimate. CI is an individual-arm CI, not a paired-difference CI; no significance claim for a delta. Raw layer; operating point is the recorded P104 comparator rule, not a final clinical threshold.",D:\Codex_分拆Prompt嚴格無到院\outputs\v2\.p104rv\sweep_20260906T171453Z_account-09_v2\t1\r,68696579c8e979344dd2ecd654ac89d8c2e3ab17cc15600ea28d21352b48e037,D:\Codex_分拆Prompt嚴格無到院\outputs\v2\.p104k10\cloud_validation_index_20260906T211456Z\task_medicine__P2__dnr_dnr_blind_validation.json,cc23d3197cc66f0880c9bee3c665477baed71acc4438d5cf6f64bfac97d5a871
medicine__P2__dnr_dnr_blind,medicine,P2,dnr,dnr_blind,dnr_blind / dnr_blind,dnr_blind,validation_2024,RAW_LOCKED_BASE_PREDICTIONS,raw,VALIDATED_COMPUTED,Source-defined DNR-blind predictor exclusions; cohort rule shown by analysis,256f07d8ea37e6334079986b99af35bea86c951b1f4087c6f87db74e142bf8c0,756,"0.881743 [0.867824, 0.895638]","0.567314 [0.529454, 0.605694]",4770,568,0.8817426812181993,0.867823743227339,0.8956378569548946,0.5673140950009972,0.5294536510800889,0.6056939380798043,0.08654904724433518,0.08197359876146096,0.09097876838439317,0.5302547770700637,-0.004612159329140462,0.5,0.5,0.5,0.5862676056338029,0.9155164207520229,0.48401162790697677,0.9424301812836845,333,355,3847,235,ESTIMATED,ESTIMATED,ESTIMATED,0780a684c7649fee5c15d381b9b48819feda53386948f4bdbde630fecbceb886,"Descriptive arm estimate. CI is an individual-arm CI, not a paired-difference CI; no significance claim for a delta. Raw layer; operating point is the recorded P104 comparator rule, not a final clinical threshold.",D:\Codex_分拆Prompt嚴格無到院\outputs\v2\.p104rv\sweep_20260906T171453Z_account-09_v2\t1\r,68696579c8e979344dd2ecd654ac89d8c2e3ab17cc15600ea28d21352b48e037,D:\Codex_分拆Prompt嚴格無到院\outputs\v2\.p104k10\cloud_validation_index_20260906T211456Z\task_medicine__P2__dnr_dnr_blind_validation.json,cc23d3197cc66f0880c9bee3c665477baed71acc4438d5cf6f64bfac97d5a871
medicine__P2__dnr_temporally_clean_exclusion,medicine,P2,dnr,temporally_clean_exclusion,temporally_clean_exclusion / all_comer_reference,all_comer_reference,oof_2020_2023,RAW_LOCKED_BASE_PREDICTIONS,raw,VALIDATED_COMPUTED,Full locked input feature order,d5d5e2d8a0734a0ce9af97a6606994868307c154f09eee30ee788ada6108d568,764,"0.877541 [0.869603, 0.885859]","0.46543 [0.441384, 0.489914]",15995,1581,0.8775413986700504,0.8696030237423733,0.8858586857288715,0.46543012781367255,0.44138420688525004,0.4899138700713256,0.07891128138649631,0.07643902479234099,0.08136934313168427,0.4826979472140763,-0.011441075336042513,0.5,0.5,0.5,0.5205566097406704,0.930206743443874,0.4499726626571897,0.9464915996046873,823,1006,13408,758,ESTIMATED,ESTIMATED,ESTIMATED,b8399b00cd226c8c54e6b684c712261685238606cb03b3ce2021ac7212cac994,"Descriptive arm estimate. CI is an individual-arm CI, not a paired-difference CI; no significance claim for a delta. Raw layer; operating point is the recorded P104 comparator rule, not a final clinical threshold.",D:\Codex_分拆Prompt嚴格無到院\outputs\v2\.p104rv\sweep_20260906T151250Z_account-10_v2\t1\r,6481f747afd324066340b7f768a5ff2175001b6b0ef0b69264adff92294e81d4,D:\Codex_分拆Prompt嚴格無到院\outputs\v2\.p104k10\cloud_validation_index_20260906T211456Z\task_medicine__P2__dnr_temporally_clean_exclusion_validation.json,8d2e99b04953c82bb1475757d7822f67e1fd631e61ce456979a2c39ffbb2e8b2
medicine__P2__dnr_temporally_clean_exclusion,medicine,P2,dnr,temporally_clean_exclusion,temporally_clean_exclusion / all_comer_reference,all_comer_reference,validation_2024,RAW_LOCKED_BASE_PREDICTIONS,raw,VALIDATED_COMPUTED,Full locked input feature order,d5d5e2d8a0734a0ce9af97a6606994868307c154f09eee30ee788ada6108d568,764,"0.884963 [0.871586, 0.897906]","0.576214 [0.538778, 0.612851]",4770,568,0.8849633977113514,0.8715856039691644,0.8979057279386456,0.5762144434517572,0.538778442344166,0.6128510325226588,0.08616831282273728,0.08160246040534255,0.09062316348202619,0.5384006334125099,-0.0031446540880503146,0.5,0.5,0.5,0.5985915492957746,0.9155164207520229,0.4892086330935252,0.9440490797546012,340,355,3847,228,ESTIMATED,ESTIMATED,ESTIMATED,0780a684c7649fee5c15d381b9b48819feda53386948f4bdbde630fecbceb886,"Descriptive arm estimate. CI is an individual-arm CI, not a paired-difference CI; no significance claim for a delta. Raw layer; operating point is the recorded P104 comparator rule, not a final clinical threshold.",D:\Codex_分拆Prompt嚴格無到院\outputs\v2\.p104rv\sweep_20260906T151250Z_account-10_v2\t1\r,6481f747afd324066340b7f768a5ff2175001b6b0ef0b69264adff92294e81d4,D:\Codex_分拆Prompt嚴格無到院\outputs\v2\.p104k10\cloud_validation_index_20260906T211456Z\task_medicine__P2__dnr_temporally_clean_exclusion_validation.json,8d2e99b04953c82bb1475757d7822f67e1fd631e61ce456979a2c39ffbb2e8b2
medicine__P2__dnr_temporally_clean_exclusion,medicine,P2,dnr,temporally_clean_exclusion,temporally_clean_exclusion / temporally_clean_exclusion,temporally_clean_exclusion,oof_2020_2023,RAW_LOCKED_BASE_PREDICTIONS,raw,VALIDATED_COMPUTED,Source-defined DNR-blind predictor exclusions; cohort rule shown by analysis,256f07d8ea37e6334079986b99af35bea86c951b1f4087c6f87db74e142bf8c0,756,"0.876046 [0.86813, 0.884393]","0.460297 [0.436018, 0.485746]",15993,1579,0.8760461141281879,0.8681302165374817,0.8843929542969005,0.4602968475320715,0.4360183547822274,0.48574551315485476,0.07916573851741454,0.07682299576428647,0.0813841820811223,0.4806662700773349,-0.010442068404927155,0.5,0.5,0.5,0.5117162761241292,0.9323574302761204,0.45316881660123387,0.9457424349049964,808,975,13439,771,ESTIMATED,ESTIMATED,ESTIMATED,590ef404bd733dc5756d4e6b17d0f8fa97c356a7bbf5fe099a8700a8d311ad34,"Descriptive arm estimate. CI is an individual-arm CI, not a paired-difference CI; no significance claim for a delta. Raw layer; operating point is the recorded P104 comparator rule, not a final clinical threshold.",D:\Codex_分拆Prompt嚴格無到院\outputs\v2\.p104rv\sweep_20260906T151250Z_account-10_v2\t1\r,6481f747afd324066340b7f768a5ff2175001b6b0ef0b69264adff92294e81d4,D:\Codex_分拆Prompt嚴格無到院\outputs\v2\.p104k10\cloud_validation_index_20260906T211456Z\task_medicine__P2__dnr_temporally_clean_exclusion_validation.json,8d2e99b04953c82bb1475757d7822f67e1fd631e61ce456979a2c39ffbb2e8b2
medicine__P2__dnr_temporally_clean_exclusion,medicine,P2,dnr,temporally_clean_exclusion,temporally_clean_exclusion / temporally_clean_exclusion,temporally_clean_exclusion,validation_2024,RAW_LOCKED_BASE_PREDICTIONS,raw,VALIDATED_COMPUTED,Source-defined DNR-blind predictor exclusions; cohort rule shown by analysis,256f07d8ea37e6334079986b99af35bea86c951b1f4087c6f87db74e142bf8c0,756,"0.882391 [0.868086, 0.895428]","0.567807 [0.529411, 0.605234]",4768,567,0.8823913177638482,0.8680857710567774,0.8954283608564682,0.5678066004000808,0.5294111237009026,0.605233729407194,0.08626016054186492,0.08191958220706481,0.09080681267815581,0.5312,-0.003984899328859061,0.5,0.5,0.5,0.5855379188712522,0.9164484646512735,0.486090775988287,0.9424724602203183,332,351,3850,235,ESTIMATED,ESTIMATED,ESTIMATED,580718bfa521d2ed88834243f906fb9809efa8688ea3e5acf21c27c703489039,"Descriptive arm estimate. CI is an individual-arm CI, not a paired-difference CI; no significance claim for a delta. Raw layer; operating point is the recorded P104 comparator rule, not a final clinical threshold.",D:\Codex_分拆Prompt嚴格無到院\outputs\v2\.p104rv\sweep_20260906T151250Z_account-10_v2\t1\r,6481f747afd324066340b7f768a5ff2175001b6b0ef0b69264adff92294e81d4,D:\Codex_分拆Prompt嚴格無到院\outputs\v2\.p104k10\cloud_validation_index_20260906T211456Z\task_medicine__P2__dnr_temporally_clean_exclusion_validation.json,8d2e99b04953c82bb1475757d7822f67e1fd631e61ce456979a2c39ffbb2e8b2
medicine__P2__dnr_broad_exclusion,medicine,P2,dnr,broad_exclusion,broad_exclusion / all_comer_reference,all_comer_reference,oof_2020_2023,RAW_LOCKED_BASE_PREDICTIONS,raw,VALIDATED_COMPUTED,Full locked input feature order,d5d5e2d8a0734a0ce9af97a6606994868307c154f09eee30ee788ada6108d568,764,"0.877541 [0.869603, 0.885859]","0.46543 [0.441384, 0.489914]",15995,1581,0.8775413986700504,0.8696030237423733,0.8858586857288715,0.46543012781367255,0.44138420688525004,0.4899138700713256,0.07891128138649631,0.07643902479234099,0.08136934313168427,0.4826979472140763,-0.011441075336042513,0.5,0.5,0.5,0.5205566097406704,0.930206743443874,0.4499726626571897,0.9464915996046873,823,1006,13408,758,ESTIMATED,ESTIMATED,ESTIMATED,b8399b00cd226c8c54e6b684c712261685238606cb03b3ce2021ac7212cac994,"Descriptive arm estimate. CI is an individual-arm CI, not a paired-difference CI; no significance claim for a delta. Raw layer; operating point is the recorded P104 comparator rule, not a final clinical threshold. Broad DNR may include post-index records; sensitivity only.",D:\Codex_分拆Prompt嚴格無到院\outputs\v2\.p104rv\sweep_20260906T171453Z_account-08_v2\t1\r,26b1c654fc852447ec7e579a1ea929ece19cf8eb95863eaa8616da7e0eb7323d,D:\Codex_分拆Prompt嚴格無到院\outputs\v2\.p104k10\cloud_validation_index_20260906T211456Z\task_medicine__P2__dnr_broad_exclusion_validation.json,b4a6ae134d64972bc2813465d05ece4912ab55990c45a2d306f781506caff7c5
medicine__P2__dnr_broad_exclusion,medicine,P2,dnr,broad_exclusion,broad_exclusion / all_comer_reference,all_comer_reference,validation_2024,RAW_LOCKED_BASE_PREDICTIONS,raw,VALIDATED_COMPUTED,Full locked input feature order,d5d5e2d8a0734a0ce9af97a6606994868307c154f09eee30ee788ada6108d568,764,"0.884963 [0.871586, 0.897906]","0.576214 [0.538778, 0.612851]",4770,568,0.8849633977113514,0.8715856039691644,0.8979057279386456,0.5762144434517572,0.538778442344166,0.6128510325226588,0.08616831282273728,0.08160246040534255,0.09062316348202619,0.5384006334125099,-0.0031446540880503146,0.5,0.5,0.5,0.5985915492957746,0.9155164207520229,0.4892086330935252,0.9440490797546012,340,355,3847,228,ESTIMATED,ESTIMATED,ESTIMATED,0780a684c7649fee5c15d381b9b48819feda53386948f4bdbde630fecbceb886,"Descriptive arm estimate. CI is an individual-arm CI, not a paired-difference CI; no significance claim for a delta. Raw layer; operating point is the recorded P104 comparator rule, not a final clinical threshold. Broad DNR may include post-index records; sensitivity only.",D:\Codex_分拆Prompt嚴格無到院\outputs\v2\.p104rv\sweep_20260906T171453Z_account-08_v2\t1\r,26b1c654fc852447ec7e579a1ea929ece19cf8eb95863eaa8616da7e0eb7323d,D:\Codex_分拆Prompt嚴格無到院\outputs\v2\.p104k10\cloud_validation_index_20260906T211456Z\task_medicine__P2__dnr_broad_exclusion_validation.json,b4a6ae134d64972bc2813465d05ece4912ab55990c45a2d306f781506caff7c5
medicine__P2__dnr_broad_exclusion,medicine,P2,dnr,broad_exclusion,broad_exclusion / broad_exclusion,broad_exclusion,oof_2020_2023,RAW_LOCKED_BASE_PREDICTIONS,raw,VALIDATED_COMPUTED,Source-defined DNR-blind predictor exclusions; cohort rule shown by analysis,256f07d8ea37e6334079986b99af35bea86c951b1f4087c6f87db74e142bf8c0,756,"0.852177 [0.839897, 0.863952]","0.310411 [0.284519, 0.340124]",14828,949,0.8521768489680985,0.8398973621548749,0.8639523090129151,0.3104112975865721,0.2845194330758863,0.34012399816524597,0.05811511228406282,0.05639550457227623,0.059824449027853825,0.30660679923027584,-0.008902077151335312,0.5,0.5,0.5,0.2518440463645943,0.9732689675048635,0.3918032786885246,0.9500633000422001,239,371,13508,710,ESTIMATED,ESTIMATED,ESTIMATED,9aebed0873bd745203eee6ee847b233481ff7c8ad1643ec2531c46f0d13e95c7,"Descriptive arm estimate. CI is an individual-arm CI, not a paired-difference CI; no significance claim for a delta. Raw layer; operating point is the recorded P104 comparator rule, not a final clinical threshold. Broad DNR may include post-index records; sensitivity only.",D:\Codex_分拆Prompt嚴格無到院\outputs\v2\.p104rv\sweep_20260906T171453Z_account-08_v2\t1\r,26b1c654fc852447ec7e579a1ea929ece19cf8eb95863eaa8616da7e0eb7323d,D:\Codex_分拆Prompt嚴格無到院\outputs\v2\.p104k10\cloud_validation_index_20260906T211456Z\task_medicine__P2__dnr_broad_exclusion_validation.json,b4a6ae134d64972bc2813465d05ece4912ab55990c45a2d306f781506caff7c5
medicine__P2__dnr_broad_exclusion,medicine,P2,dnr,broad_exclusion,broad_exclusion / broad_exclusion,broad_exclusion,validation_2024,RAW_LOCKED_BASE_PREDICTIONS,raw,VALIDATED_COMPUTED,Source-defined DNR-blind predictor exclusions; cohort rule shown by analysis,256f07d8ea37e6334079986b99af35bea86c951b1f4087c6f87db74e142bf8c0,756,"0.863755 [0.84479, 0.882871]","0.462829 [0.416028, 0.51449]",4405,343,0.8637553776522213,0.8447901795569538,0.8828709476273489,0.4628287812830234,0.4160279325394614,0.5144896147245358,0.06376245831765935,0.060281993881774625,0.06704627252126139,0.42996742671009774,-0.0015891032917139615,0.5,0.5,0.5,0.3848396501457726,0.965780403741999,0.4870848708487085,0.9489598451862603,132,139,3923,211,ESTIMATED,ESTIMATED,ESTIMATED,7d7bcf72c9627a0986addb9264c9a331c8ca5dacfef369df0bba9e01b8266593,"Descriptive arm estimate. CI is an individual-arm CI, not a paired-difference CI; no significance claim for a delta. Raw layer; operating point is the recorded P104 comparator rule, not a final clinical threshold. Broad DNR may include post-index records; sensitivity only.",D:\Codex_分拆Prompt嚴格無到院\outputs\v2\.p104rv\sweep_20260906T171453Z_account-08_v2\t1\r,26b1c654fc852447ec7e579a1ea929ece19cf8eb95863eaa8616da7e0eb7323d,D:\Codex_分拆Prompt嚴格無到院\outputs\v2\.p104k10\cloud_validation_index_20260906T211456Z\task_medicine__P2__dnr_broad_exclusion_validation.json,b4a6ae134d64972bc2813465d05ece4912ab55990c45a2d306f781506caff7c5
medicine__P3__dnr_dnr_blind,medicine,P3,dnr,dnr_blind,dnr_blind / all_comer_reference,all_comer_reference,oof_2020_2023,RAW_LOCKED_BASE_PREDICTIONS,raw,VALIDATED_COMPUTED,Full locked input feature order,d5d5e2d8a0734a0ce9af97a6606994868307c154f09eee30ee788ada6108d568,764,"0.891111 [0.876755, 0.90362]","0.379639 [0.342148, 0.419585]",15995,703,0.8911106096252784,0.8767546759756061,0.9036204039769671,0.3796386194516305,0.34214815016184524,0.41958531674923444,0.033022405112088385,0.03150373014727996,0.03490520097956085,0.24749163879598662,0.00175054704595186,0.5,0.5,0.5,0.15789473684210525,0.9945723253989014,0.5721649484536082,0.9625340168343776,111,83,15209,592,ESTIMATED,ESTIMATED,ESTIMATED,029fc2188114f7200302cb9e3781c2fe0079adb6347423e1e92097c1eb33ea9a,"Descriptive arm estimate. CI is an individual-arm CI, not a paired-difference CI; no significance claim for a delta. Raw layer; operating point is the recorded P104 comparator rule, not a final clinical threshold.",D:\Codex_分拆Prompt嚴格無到院\outputs\v2\.p104rv\sweep_20260906T151250Z_account-06_v2\t3\r,0c62f2a7e6d0db6c47946a51e9f9781f5cd241138cca676588ad715d7706602c,D:\Codex_分拆Prompt嚴格無到院\outputs\v2\.p104k10\cloud_validation_index_20260906T211456Z\task_medicine__P3__dnr_dnr_blind_validation.json,07d561ac61b8da7414e5e2c5315e7123639a823fb24c8875118b5b10b82a905a
medicine__P3__dnr_dnr_blind,medicine,P3,dnr,dnr_blind,dnr_blind / all_comer_reference,all_comer_reference,validation_2024,RAW_LOCKED_BASE_PREDICTIONS,raw,VALIDATED_COMPUTED,Full locked input feature order,d5d5e2d8a0734a0ce9af97a6606994868307c154f09eee30ee788ada6108d568,764,"0.89689 [0.878232, 0.915449]","0.369064 [0.319562, 0.434817]",4770,253,0.8968901847303248,0.8782322131054249,0.9154486876209674,0.36906420943915547,0.31956221360082465,0.43481677193260265,0.03965262977751102,0.03717152920650928,0.04218004596825922,0.25958702064896755,0.0004192872117400419,0.5,0.5,0.5,0.17391304347826086,0.9907017932255922,0.5116279069767442,0.9553800170794193,44,42,4475,209,ESTIMATED,ESTIMATED,ESTIMATED,140bd3741e53d90e3e0f0e2579abb5e63f66a3d0188a50176737c65b27e22bdc,"Descriptive arm estimate. CI is an individual-arm CI, not a paired-difference CI; no significance claim for a delta. Raw layer; operating point is the recorded P104 comparator rule, not a final clinical threshold.",D:\Codex_分拆Prompt嚴格無到院\outputs\v2\.p104rv\sweep_20260906T151250Z_account-06_v2\t3\r,0c62f2a7e6d0db6c47946a51e9f9781f5cd241138cca676588ad715d7706602c,D:\Codex_分拆Prompt嚴格無到院\outputs\v2\.p104k10\cloud_validation_index_20260906T211456Z\task_medicine__P3__dnr_dnr_blind_validation.json,07d561ac61b8da7414e5e2c5315e7123639a823fb24c8875118b5b10b82a905a
medicine__P3__dnr_dnr_blind,medicine,P3,dnr,dnr_blind,dnr_blind / dnr_blind,dnr_blind,oof_2020_2023,RAW_LOCKED_BASE_PREDICTIONS,raw,VALIDATED_COMPUTED,Source-defined DNR-blind predictor exclusions; cohort rule shown by analysis,256f07d8ea37e6334079986b99af35bea86c951b1f4087c6f87db74e142bf8c0,756,"0.889162 [0.874585, 0.902594]","0.373673 [0.337688, 0.416106]",15995,703,0.8891624735960267,0.8745849750068347,0.9025943624017867,0.3736732014985942,0.3376879785489396,0.41610623751393977,0.03320292728091772,0.03171572918801753,0.03490758609835507,0.25418060200668896,0.0021256642700844012,0.5,0.5,0.5,0.16216216216216217,0.9947685064085796,0.5876288659793815,0.9627238782355547,114,80,15212,589,ESTIMATED,ESTIMATED,ESTIMATED,029fc2188114f7200302cb9e3781c2fe0079adb6347423e1e92097c1eb33ea9a,"Descriptive arm estimate. CI is an individual-arm CI, not a paired-difference CI; no significance claim for a delta. Raw layer; operating point is the recorded P104 comparator rule, not a final clinical threshold.",D:\Codex_分拆Prompt嚴格無到院\outputs\v2\.p104rv\sweep_20260906T151250Z_account-06_v2\t3\r,0c62f2a7e6d0db6c47946a51e9f9781f5cd241138cca676588ad715d7706602c,D:\Codex_分拆Prompt嚴格無到院\outputs\v2\.p104k10\cloud_validation_index_20260906T211456Z\task_medicine__P3__dnr_dnr_blind_validation.json,07d561ac61b8da7414e5e2c5315e7123639a823fb24c8875118b5b10b82a905a
medicine__P3__dnr_dnr_blind,medicine,P3,dnr,dnr_blind,dnr_blind / dnr_blind,dnr_blind,validation_2024,RAW_LOCKED_BASE_PREDICTIONS,raw,VALIDATED_COMPUTED,Source-defined DNR-blind predictor exclusions; cohort rule shown by analysis,256f07d8ea37e6334079986b99af35bea86c951b1f4087c6f87db74e142bf8c0,756,"0.896805 [0.877859, 0.914715]","0.368608 [0.31673, 0.430856]",4770,253,0.8968053055606356,0.8778587491802567,0.9147151755799728,0.3686079365814421,0.3167297288624309,0.4308564966674404,0.03975424269717771,0.03751121605629288,0.0422345838768096,0.24705882352941178,-0.0006289308176100629,0.5,0.5,0.5,0.16600790513833993,0.9900376355988488,0.4827586206896552,0.9549434123425155,42,45,4472,211,ESTIMATED,ESTIMATED,ESTIMATED,140bd3741e53d90e3e0f0e2579abb5e63f66a3d0188a50176737c65b27e22bdc,"Descriptive arm estimate. CI is an individual-arm CI, not a paired-difference CI; no significance claim for a delta. Raw layer; operating point is the recorded P104 comparator rule, not a final clinical threshold.",D:\Codex_分拆Prompt嚴格無到院\outputs\v2\.p104rv\sweep_20260906T151250Z_account-06_v2\t3\r,0c62f2a7e6d0db6c47946a51e9f9781f5cd241138cca676588ad715d7706602c,D:\Codex_分拆Prompt嚴格無到院\outputs\v2\.p104k10\cloud_validation_index_20260906T211456Z\task_medicine__P3__dnr_dnr_blind_validation.json,07d561ac61b8da7414e5e2c5315e7123639a823fb24c8875118b5b10b82a905a
medicine__P3__dnr_temporally_clean_exclusion,medicine,P3,dnr,temporally_clean_exclusion,temporally_clean_exclusion / all_comer_reference,all_comer_reference,oof_2020_2023,RAW_LOCKED_BASE_PREDICTIONS,raw,VALIDATED_COMPUTED,Full locked input feature order,d5d5e2d8a0734a0ce9af97a6606994868307c154f09eee30ee788ada6108d568,764,"0.891111 [0.876755, 0.90362]","0.379639 [0.342148, 0.419585]",15995,703,0.8911106096252784,0.8767546759756061,0.9036204039769671,0.3796386194516305,0.34214815016184524,0.41958531674923444,0.033022405112088385,0.03150373014727996,0.03490520097956085,0.24749163879598662,0.00175054704595186,0.5,0.5,0.5,0.15789473684210525,0.9945723253989014,0.5721649484536082,0.9625340168343776,111,83,15209,592,ESTIMATED,ESTIMATED,ESTIMATED,029fc2188114f7200302cb9e3781c2fe0079adb6347423e1e92097c1eb33ea9a,"Descriptive arm estimate. CI is an individual-arm CI, not a paired-difference CI; no significance claim for a delta. Raw layer; operating point is the recorded P104 comparator rule, not a final clinical threshold.",D:\Codex_分拆Prompt嚴格無到院\outputs\v2\.p104rv\sweep_20260906T171453Z_account-07_v2\t3\r,7f523ae29ca32667db0111b32eda96a6143b7a10e6fd90217b302c500e8540c3,D:\Codex_分拆Prompt嚴格無到院\outputs\v2\.p104k10\cloud_validation_index_20260906T211456Z\task_medicine__P3__dnr_temporally_clean_exclusion_validation.json,0f5755221fff9862be74326c8959a5c7522d7404e93c593cf5ed308f5a6ce11c
medicine__P3__dnr_temporally_clean_exclusion,medicine,P3,dnr,temporally_clean_exclusion,temporally_clean_exclusion / all_comer_reference,all_comer_reference,validation_2024,RAW_LOCKED_BASE_PREDICTIONS,raw,VALIDATED_COMPUTED,Full locked input feature order,d5d5e2d8a0734a0ce9af97a6606994868307c154f09eee30ee788ada6108d568,764,"0.89689 [0.878232, 0.915449]","0.369064 [0.319562, 0.434817]",4770,253,0.8968901847303248,0.8782322131054249,0.9154486876209674,0.36906420943915547,0.31956221360082465,0.43481677193260265,0.03965262977751102,0.03717152920650928,0.04218004596825922,0.25958702064896755,0.0004192872117400419,0.5,0.5,0.5,0.17391304347826086,0.9907017932255922,0.5116279069767442,0.9553800170794193,44,42,4475,209,ESTIMATED,ESTIMATED,ESTIMATED,140bd3741e53d90e3e0f0e2579abb5e63f66a3d0188a50176737c65b27e22bdc,"Descriptive arm estimate. CI is an individual-arm CI, not a paired-difference CI; no significance claim for a delta. Raw layer; operating point is the recorded P104 comparator rule, not a final clinical threshold.",D:\Codex_分拆Prompt嚴格無到院\outputs\v2\.p104rv\sweep_20260906T171453Z_account-07_v2\t3\r,7f523ae29ca32667db0111b32eda96a6143b7a10e6fd90217b302c500e8540c3,D:\Codex_分拆Prompt嚴格無到院\outputs\v2\.p104k10\cloud_validation_index_20260906T211456Z\task_medicine__P3__dnr_temporally_clean_exclusion_validation.json,0f5755221fff9862be74326c8959a5c7522d7404e93c593cf5ed308f5a6ce11c
medicine__P3__dnr_temporally_clean_exclusion,medicine,P3,dnr,temporally_clean_exclusion,temporally_clean_exclusion / temporally_clean_exclusion,temporally_clean_exclusion,oof_2020_2023,RAW_LOCKED_BASE_PREDICTIONS,raw,VALIDATED_COMPUTED,Source-defined DNR-blind predictor exclusions; cohort rule shown by analysis,256f07d8ea37e6334079986b99af35bea86c951b1f4087c6f87db74e142bf8c0,756,"0.8887 [0.874604, 0.902387]","0.371851 [0.335097, 0.414029]",15993,703,0.8887000680071487,0.8746037006498026,0.9023869828775535,0.3718508271419127,0.3350971298339412,0.4140294201915828,0.03327567317131238,0.03168530816802637,0.03518411548976967,0.25361512791991103,0.002000875382980054,0.5,0.5,0.5,0.16216216216216217,0.9946370176586004,0.5816326530612245,0.9627144394505286,114,82,15208,589,ESTIMATED,ESTIMATED,ESTIMATED,4ab297def9de3c83cd81de01b6a2a7dbe5627851c9bebb1f2ef74b6bee6ef1fc,"Descriptive arm estimate. CI is an individual-arm CI, not a paired-difference CI; no significance claim for a delta. Raw layer; operating point is the recorded P104 comparator rule, not a final clinical threshold.",D:\Codex_分拆Prompt嚴格無到院\outputs\v2\.p104rv\sweep_20260906T171453Z_account-07_v2\t3\r,7f523ae29ca32667db0111b32eda96a6143b7a10e6fd90217b302c500e8540c3,D:\Codex_分拆Prompt嚴格無到院\outputs\v2\.p104k10\cloud_validation_index_20260906T211456Z\task_medicine__P3__dnr_temporally_clean_exclusion_validation.json,0f5755221fff9862be74326c8959a5c7522d7404e93c593cf5ed308f5a6ce11c
medicine__P3__dnr_temporally_clean_exclusion,medicine,P3,dnr,temporally_clean_exclusion,temporally_clean_exclusion / temporally_clean_exclusion,temporally_clean_exclusion,validation_2024,RAW_LOCKED_BASE_PREDICTIONS,raw,VALIDATED_COMPUTED,Source-defined DNR-blind predictor exclusions; cohort rule shown by analysis,256f07d8ea37e6334079986b99af35bea86c951b1f4087c6f87db74e142bf8c0,756,"0.896416 [0.876162, 0.914752]","0.371405 [0.323135, 0.435483]",4768,253,0.8964164248289627,0.876162371660069,0.914751972255697,0.37140472556895515,0.32313510117480426,0.4354828677689928,0.039659482242948574,0.037402289614489326,0.04209833831149317,0.2551928783382789,0.00041946308724832214,0.5,0.5,0.5,0.16996047430830039,0.9909191583610188,0.5119047619047619,0.9551665243381725,43,41,4474,210,ESTIMATED,ESTIMATED,ESTIMATED,00a8bcf6597500b86bc6e3f480d31100fedf2117e77ce5721c0ca23e660b9f44,"Descriptive arm estimate. CI is an individual-arm CI, not a paired-difference CI; no significance claim for a delta. Raw layer; operating point is the recorded P104 comparator rule, not a final clinical threshold.",D:\Codex_分拆Prompt嚴格無到院\outputs\v2\.p104rv\sweep_20260906T171453Z_account-07_v2\t3\r,7f523ae29ca32667db0111b32eda96a6143b7a10e6fd90217b302c500e8540c3,D:\Codex_分拆Prompt嚴格無到院\outputs\v2\.p104k10\cloud_validation_index_20260906T211456Z\task_medicine__P3__dnr_temporally_clean_exclusion_validation.json,0f5755221fff9862be74326c8959a5c7522d7404e93c593cf5ed308f5a6ce11c
medicine__P3__dnr_broad_exclusion,medicine,P3,dnr,broad_exclusion,broad_exclusion / all_comer_reference,all_comer_reference,oof_2020_2023,RAW_LOCKED_BASE_PREDICTIONS,raw,VALIDATED_COMPUTED,Full locked input feature order,d5d5e2d8a0734a0ce9af97a6606994868307c154f09eee30ee788ada6108d568,764,"0.891111 [0.876755, 0.90362]","0.379639 [0.342148, 0.419585]",15995,703,0.8911106096252784,0.8767546759756061,0.9036204039769671,0.3796386194516305,0.34214815016184524,0.41958531674923444,0.033022405112088385,0.03150373014727996,0.03490520097956085,0.24749163879598662,0.00175054704595186,0.5,0.5,0.5,0.15789473684210525,0.9945723253989014,0.5721649484536082,0.9625340168343776,111,83,15209,592,ESTIMATED,ESTIMATED,ESTIMATED,029fc2188114f7200302cb9e3781c2fe0079adb6347423e1e92097c1eb33ea9a,"Descriptive arm estimate. CI is an individual-arm CI, not a paired-difference CI; no significance claim for a delta. Raw layer; operating point is the recorded P104 comparator rule, not a final clinical threshold. Broad DNR may include post-index records; sensitivity only.",D:\Codex_分拆Prompt嚴格無到院\outputs\v2\.p104rv\sweep_20260906T151250Z_account-05_v2\t3\r,b73043f67b9658ad6298049af70862d404801e76d2188417bb326afc0e015745,D:\Codex_分拆Prompt嚴格無到院\outputs\v2\.p104k10\cloud_validation_index_20260906T211456Z\task_medicine__P3__dnr_broad_exclusion_validation.json,abeb58abf1a146e57b46862f8d8304b78660b082b414421ee8952d653aafba1f
medicine__P3__dnr_broad_exclusion,medicine,P3,dnr,broad_exclusion,broad_exclusion / all_comer_reference,all_comer_reference,validation_2024,RAW_LOCKED_BASE_PREDICTIONS,raw,VALIDATED_COMPUTED,Full locked input feature order,d5d5e2d8a0734a0ce9af97a6606994868307c154f09eee30ee788ada6108d568,764,"0.89689 [0.878232, 0.915449]","0.369064 [0.319562, 0.434817]",4770,253,0.8968901847303248,0.8782322131054249,0.9154486876209674,0.36906420943915547,0.31956221360082465,0.43481677193260265,0.03965262977751102,0.03717152920650928,0.04218004596825922,0.25958702064896755,0.0004192872117400419,0.5,0.5,0.5,0.17391304347826086,0.9907017932255922,0.5116279069767442,0.9553800170794193,44,42,4475,209,ESTIMATED,ESTIMATED,ESTIMATED,140bd3741e53d90e3e0f0e2579abb5e63f66a3d0188a50176737c65b27e22bdc,"Descriptive arm estimate. CI is an individual-arm CI, not a paired-difference CI; no significance claim for a delta. Raw layer; operating point is the recorded P104 comparator rule, not a final clinical threshold. Broad DNR may include post-index records; sensitivity only.",D:\Codex_分拆Prompt嚴格無到院\outputs\v2\.p104rv\sweep_20260906T151250Z_account-05_v2\t3\r,b73043f67b9658ad6298049af70862d404801e76d2188417bb326afc0e015745,D:\Codex_分拆Prompt嚴格無到院\outputs\v2\.p104k10\cloud_validation_index_20260906T211456Z\task_medicine__P3__dnr_broad_exclusion_validation.json,abeb58abf1a146e57b46862f8d8304b78660b082b414421ee8952d653aafba1f
medicine__P3__dnr_broad_exclusion,medicine,P3,dnr,broad_exclusion,broad_exclusion / broad_exclusion,broad_exclusion,oof_2020_2023,RAW_LOCKED_BASE_PREDICTIONS,raw,VALIDATED_COMPUTED,Source-defined DNR-blind predictor exclusions; cohort rule shown by analysis,256f07d8ea37e6334079986b99af35bea86c951b1f4087c6f87db74e142bf8c0,756,"0.905002 [0.890566, 0.918461]","0.467844 [0.430081, 0.511461]",14828,629,0.9050024907148233,0.8905656912403521,0.9184609828417459,0.467844223243638,0.4300806840138277,0.5114605389078009,0.029298077192596503,0.0275055384840084,0.031195432688158782,0.378076062639821,0.004923118424602104,0.5,0.5,0.5,0.2686804451510334,0.9932389604901753,0.6377358490566037,0.9684131016960791,169,96,14103,460,ESTIMATED,ESTIMATED,ESTIMATED,3b8bc99b78b05fae4e59b9ccd72197a3ee0e1e64243549625cced0a9442c6f66,"Descriptive arm estimate. CI is an individual-arm CI, not a paired-difference CI; no significance claim for a delta. Raw layer; operating point is the recorded P104 comparator rule, not a final clinical threshold. Broad DNR may include post-index records; sensitivity only.",D:\Codex_分拆Prompt嚴格無到院\outputs\v2\.p104rv\sweep_20260906T151250Z_account-05_v2\t3\r,b73043f67b9658ad6298049af70862d404801e76d2188417bb326afc0e015745,D:\Codex_分拆Prompt嚴格無到院\outputs\v2\.p104k10\cloud_validation_index_20260906T211456Z\task_medicine__P3__dnr_broad_exclusion_validation.json,abeb58abf1a146e57b46862f8d8304b78660b082b414421ee8952d653aafba1f
medicine__P3__dnr_broad_exclusion,medicine,P3,dnr,broad_exclusion,broad_exclusion / broad_exclusion,broad_exclusion,validation_2024,RAW_LOCKED_BASE_PREDICTIONS,raw,VALIDATED_COMPUTED,Source-defined DNR-blind predictor exclusions; cohort rule shown by analysis,256f07d8ea37e6334079986b99af35bea86c951b1f4087c6f87db74e142bf8c0,756,"0.913067 [0.894015, 0.930881]","0.419123 [0.366533, 0.488143]",4405,231,0.9130672872886576,0.894014927093648,0.9308814191979585,0.4191229348727911,0.3665328060042321,0.48814299021862456,0.037492218631778235,0.03456132184823876,0.040417489346760586,0.38202247191011235,0.002497162315550511,0.5,0.5,0.5,0.2943722943722944,0.9863440344992813,0.544,0.9619158878504673,68,57,4117,163,ESTIMATED,ESTIMATED,ESTIMATED,d6665f17611673925ce15368e9aba9733680ba92e8638c6cb085230e9fe73706,"Descriptive arm estimate. CI is an individual-arm CI, not a paired-difference CI; no significance claim for a delta. Raw layer; operating point is the recorded P104 comparator rule, not a final clinical threshold. Broad DNR may include post-index records; sensitivity only.",D:\Codex_分拆Prompt嚴格無到院\outputs\v2\.p104rv\sweep_20260906T151250Z_account-05_v2\t3\r,b73043f67b9658ad6298049af70862d404801e76d2188417bb326afc0e015745,D:\Codex_分拆Prompt嚴格無到院\outputs\v2\.p104k10\cloud_validation_index_20260906T211456Z\task_medicine__P3__dnr_broad_exclusion_validation.json,abeb58abf1a146e57b46862f8d8304b78660b082b414421ee8952d653aafba1f
medicine__S1__dnr_dnr_blind,medicine,S1,dnr,dnr_blind,dnr_blind / all_comer_reference,all_comer_reference,oof_2020_2023,RAW_LOCKED_BASE_PREDICTIONS,raw,VALIDATED_COMPUTED,Full locked input feature order,d5d5e2d8a0734a0ce9af97a6606994868307c154f09eee30ee788ada6108d568,764,"0.894653 [0.879965, 0.908777]","0.282767 [0.244091, 0.326033]",15995,427,0.8946529962380048,0.879965311557809,0.9087774327750373,0.282766979848825,0.24409107175811337,0.3260332537548152,0.022200258029911806,0.02137959987632047,0.023001316479131426,0.16096579476861167,0.0006251953735542357,0.5,0.5,0.5,0.0936768149882904,0.9980729701952723,0.5714285714285714,0.9756985871271585,40,30,15538,387,ESTIMATED,ESTIMATED,ESTIMATED,3914fbf321684017bfa91913f7327cb395de752d4ebd95362ab66e90b58d5b02,"Descriptive arm estimate. CI is an individual-arm CI, not a paired-difference CI; no significance claim for a delta. Raw layer; operating point is the recorded P104 comparator rule, not a final clinical threshold.",D:\Codex_分拆Prompt嚴格無到院\outputs\v2\.p104rv\sweep_20260906T191424Z_account-02_v2\t5\r,2ba6bfe223a937a33c548885ef2ac8ce37fd34464a2f89cbd3c3d5910172ca75,D:\Codex_分拆Prompt嚴格無到院\outputs\v2\.p104k10\cloud_validation_index_20260906T211456Z\task_medicine__S1__dnr_dnr_blind_validation.json,ee2336a5061fd7be00a5dba1db269f8020cbc8434b50603fde332365b07b22fa
medicine__S1__dnr_dnr_blind,medicine,S1,dnr,dnr_blind,dnr_blind / all_comer_reference,all_comer_reference,validation_2024,RAW_LOCKED_BASE_PREDICTIONS,raw,VALIDATED_COMPUTED,Full locked input feature order,d5d5e2d8a0734a0ce9af97a6606994868307c154f09eee30ee788ada6108d568,764,"0.915409 [0.893704, 0.934587]","0.461195 [0.388548, 0.536682]",4770,174,0.9154087012194511,0.893703706328402,0.9345865964056491,0.4611947095017396,0.38854788971520837,0.5366822615463923,0.025534736553849764,0.023370690502424643,0.027829079196191858,0.39357429718875503,0.004821802935010482,0.5,0.5,0.5,0.28160919540229884,0.9943429068755439,0.6533333333333333,0.9733759318423855,49,26,4570,125,ESTIMATED,ESTIMATED,ESTIMATED,b3b087837c0ecf9cc0f6ebc9b220b9e26b2b0eb45bd966690253e5ad3dcd8b6a,"Descriptive arm estimate. CI is an individual-arm CI, not a paired-difference CI; no significance claim for a delta. Raw layer; operating point is the recorded P104 comparator rule, not a final clinical threshold.",D:\Codex_分拆Prompt嚴格無到院\outputs\v2\.p104rv\sweep_20260906T191424Z_account-02_v2\t5\r,2ba6bfe223a937a33c548885ef2ac8ce37fd34464a2f89cbd3c3d5910172ca75,D:\Codex_分拆Prompt嚴格無到院\outputs\v2\.p104k10\cloud_validation_index_20260906T211456Z\task_medicine__S1__dnr_dnr_blind_validation.json,ee2336a5061fd7be00a5dba1db269f8020cbc8434b50603fde332365b07b22fa
medicine__S1__dnr_dnr_blind,medicine,S1,dnr,dnr_blind,dnr_blind / dnr_blind,dnr_blind,oof_2020_2023,RAW_LOCKED_BASE_PREDICTIONS,raw,VALIDATED_COMPUTED,Source-defined DNR-blind predictor exclusions; cohort rule shown by analysis,256f07d8ea37e6334079986b99af35bea86c951b1f4087c6f87db74e142bf8c0,756,"0.893416 [0.87861, 0.907185]","0.277787 [0.239993, 0.317308]",15995,427,0.8934156956803243,0.878609637546774,0.9071845975298235,0.27778715317855435,0.2399934452105752,0.3173082019755504,0.02224436352420204,0.021462684292181178,0.023022148339354988,0.15163934426229508,0.0008127539856205064,0.5,0.5,0.5,0.08665105386416862,0.9984583761562179,0.6065573770491803,0.9755240366511861,37,24,15544,390,ESTIMATED,ESTIMATED,ESTIMATED,3914fbf321684017bfa91913f7327cb395de752d4ebd95362ab66e90b58d5b02,"Descriptive arm estimate. CI is an individual-arm CI, not a paired-difference CI; no significance claim for a delta. Raw layer; operating point is the recorded P104 comparator rule, not a final clinical threshold.",D:\Codex_分拆Prompt嚴格無到院\outputs\v2\.p104rv\sweep_20260906T191424Z_account-02_v2\t5\r,2ba6bfe223a937a33c548885ef2ac8ce37fd34464a2f89cbd3c3d5910172ca75,D:\Codex_分拆Prompt嚴格無到院\outputs\v2\.p104k10\cloud_validation_index_20260906T211456Z\task_medicine__S1__dnr_dnr_blind_validation.json,ee2336a5061fd7be00a5dba1db269f8020cbc8434b50603fde332365b07b22fa
medicine__S1__dnr_dnr_blind,medicine,S1,dnr,dnr_blind,dnr_blind / dnr_blind,dnr_blind,validation_2024,RAW_LOCKED_BASE_PREDICTIONS,raw,VALIDATED_COMPUTED,Source-defined DNR-blind predictor exclusions; cohort rule shown by analysis,256f07d8ea37e6334079986b99af35bea86c951b1f4087c6f87db74e142bf8c0,756,"0.91505 [0.893195, 0.934292]","0.439146 [0.368145, 0.51609]",4770,174,0.9150498184328201,0.8931953149161116,0.9342920200557603,0.4391455313423497,0.3681447800744461,0.5160902692095998,0.02604416888786249,0.02397666853004394,0.028208137800241343,0.37751004016064255,0.003983228511530398,0.5,0.5,0.5,0.27011494252873564,0.9939077458659704,0.6266666666666667,0.9729499467518636,47,28,4568,127,ESTIMATED,ESTIMATED,ESTIMATED,b3b087837c0ecf9cc0f6ebc9b220b9e26b2b0eb45bd966690253e5ad3dcd8b6a,"Descriptive arm estimate. CI is an individual-arm CI, not a paired-difference CI; no significance claim for a delta. Raw layer; operating point is the recorded P104 comparator rule, not a final clinical threshold.",D:\Codex_分拆Prompt嚴格無到院\outputs\v2\.p104rv\sweep_20260906T191424Z_account-02_v2\t5\r,2ba6bfe223a937a33c548885ef2ac8ce37fd34464a2f89cbd3c3d5910172ca75,D:\Codex_分拆Prompt嚴格無到院\outputs\v2\.p104k10\cloud_validation_index_20260906T211456Z\task_medicine__S1__dnr_dnr_blind_validation.json,ee2336a5061fd7be00a5dba1db269f8020cbc8434b50603fde332365b07b22fa
medicine__S1__dnr_temporally_clean_exclusion,medicine,S1,dnr,temporally_clean_exclusion,temporally_clean_exclusion / all_comer_reference,all_comer_reference,oof_2020_2023,RAW_LOCKED_BASE_PREDICTIONS,raw,VALIDATED_COMPUTED,Full locked input feature order,d5d5e2d8a0734a0ce9af97a6606994868307c154f09eee30ee788ada6108d568,764,"0.894653 [0.879965, 0.908777]","0.282767 [0.244091, 0.326033]",15995,427,0.8946529962380048,0.879965311557809,0.9087774327750373,0.282766979848825,0.24409107175811337,0.3260332537548152,0.022200258029911806,0.02137959987632047,0.023001316479131426,0.16096579476861167,0.0006251953735542357,0.5,0.5,0.5,0.0936768149882904,0.9980729701952723,0.5714285714285714,0.9756985871271585,40,30,15538,387,ESTIMATED,ESTIMATED,ESTIMATED,3914fbf321684017bfa91913f7327cb395de752d4ebd95362ab66e90b58d5b02,"Descriptive arm estimate. CI is an individual-arm CI, not a paired-difference CI; no significance claim for a delta. Raw layer; operating point is the recorded P104 comparator rule, not a final clinical threshold.",D:\Codex_分拆Prompt嚴格無到院\outputs\v2\.p104rv\sweep_20260906T171453Z_account-03_v2\t5\r,0580e7f3d22a0a17eb7842c939a337a1a4e2c9ebfa2b04394eb9dde47966a995,D:\Codex_分拆Prompt嚴格無到院\outputs\v2\.p104k10\cloud_validation_index_20260906T211456Z\task_medicine__S1__dnr_temporally_clean_exclusion_validation.json,3720c941db2aed51dce486602d04c07a2ecfff7db024eb99f5c025532ac82117
medicine__S1__dnr_temporally_clean_exclusion,medicine,S1,dnr,temporally_clean_exclusion,temporally_clean_exclusion / all_comer_reference,all_comer_reference,validation_2024,RAW_LOCKED_BASE_PREDICTIONS,raw,VALIDATED_COMPUTED,Full locked input feature order,d5d5e2d8a0734a0ce9af97a6606994868307c154f09eee30ee788ada6108d568,764,"0.915409 [0.893704, 0.934587]","0.461195 [0.388548, 0.536682]",4770,174,0.9154087012194511,0.893703706328402,0.9345865964056491,0.4611947095017396,0.38854788971520837,0.5366822615463923,0.025534736553849764,0.023370690502424643,0.027829079196191858,0.39357429718875503,0.004821802935010482,0.5,0.5,0.5,0.28160919540229884,0.9943429068755439,0.6533333333333333,0.9733759318423855,49,26,4570,125,ESTIMATED,ESTIMATED,ESTIMATED,b3b087837c0ecf9cc0f6ebc9b220b9e26b2b0eb45bd966690253e5ad3dcd8b6a,"Descriptive arm estimate. CI is an individual-arm CI, not a paired-difference CI; no significance claim for a delta. Raw layer; operating point is the recorded P104 comparator rule, not a final clinical threshold.",D:\Codex_分拆Prompt嚴格無到院\outputs\v2\.p104rv\sweep_20260906T171453Z_account-03_v2\t5\r,0580e7f3d22a0a17eb7842c939a337a1a4e2c9ebfa2b04394eb9dde47966a995,D:\Codex_分拆Prompt嚴格無到院\outputs\v2\.p104k10\cloud_validation_index_20260906T211456Z\task_medicine__S1__dnr_temporally_clean_exclusion_validation.json,3720c941db2aed51dce486602d04c07a2ecfff7db024eb99f5c025532ac82117
medicine__S1__dnr_temporally_clean_exclusion,medicine,S1,dnr,temporally_clean_exclusion,temporally_clean_exclusion / temporally_clean_exclusion,temporally_clean_exclusion,oof_2020_2023,RAW_LOCKED_BASE_PREDICTIONS,raw,VALIDATED_COMPUTED,Source-defined DNR-blind predictor exclusions; cohort rule shown by analysis,256f07d8ea37e6334079986b99af35bea86c951b1f4087c6f87db74e142bf8c0,756,"0.896572 [0.882031, 0.910366]","0.277055 [0.240527, 0.321753]",15993,427,0.8965723047980932,0.8820313524344419,0.9103657439002109,0.2770547304830215,0.24052747067227903,0.3217529915038877,0.022248023117117533,0.021410981147830296,0.02301942353507212,0.16260162601626016,0.0009379103357719002,0.5,0.5,0.5,0.0936768149882904,0.9983939355004497,0.6153846153846154,0.9757031642390759,40,25,15541,387,ESTIMATED,ESTIMATED,ESTIMATED,c6aed26952fb4cbd22b4cb5b0bf474fdac8e739b3bbb59137e84dc6f2f44a1e1,"Descriptive arm estimate. CI is an individual-arm CI, not a paired-difference CI; no significance claim for a delta. Raw layer; operating point is the recorded P104 comparator rule, not a final clinical threshold.",D:\Codex_分拆Prompt嚴格無到院\outputs\v2\.p104rv\sweep_20260906T171453Z_account-03_v2\t5\r,0580e7f3d22a0a17eb7842c939a337a1a4e2c9ebfa2b04394eb9dde47966a995,D:\Codex_分拆Prompt嚴格無到院\outputs\v2\.p104k10\cloud_validation_index_20260906T211456Z\task_medicine__S1__dnr_temporally_clean_exclusion_validation.json,3720c941db2aed51dce486602d04c07a2ecfff7db024eb99f5c025532ac82117
medicine__S1__dnr_temporally_clean_exclusion,medicine,S1,dnr,temporally_clean_exclusion,temporally_clean_exclusion / temporally_clean_exclusion,temporally_clean_exclusion,validation_2024,RAW_LOCKED_BASE_PREDICTIONS,raw,VALIDATED_COMPUTED,Source-defined DNR-blind predictor exclusions; cohort rule shown by analysis,256f07d8ea37e6334079986b99af35bea86c951b1f4087c6f87db74e142bf8c0,756,"0.913418 [0.891826, 0.933212]","0.44341 [0.372639, 0.523043]",4768,173,0.9134180782076523,0.8918259269261434,0.9332116422726259,0.4434095157741582,0.37263924416358074,0.5230425248950318,0.025834160110449006,0.0236347442567286,0.028127137402114904,0.35918367346938773,0.003355704697986577,0.5,0.5,0.5,0.2543352601156069,0.9939064200217628,0.6111111111111112,0.9725298126064736,44,28,4567,129,ESTIMATED,ESTIMATED,ESTIMATED,771195513fe9c7c0aef7ddc578629e93f954c713b3ed2aaf14a60620bc048718,"Descriptive arm estimate. CI is an individual-arm CI, not a paired-difference CI; no significance claim for a delta. Raw layer; operating point is the recorded P104 comparator rule, not a final clinical threshold.",D:\Codex_分拆Prompt嚴格無到院\outputs\v2\.p104rv\sweep_20260906T171453Z_account-03_v2\t5\r,0580e7f3d22a0a17eb7842c939a337a1a4e2c9ebfa2b04394eb9dde47966a995,D:\Codex_分拆Prompt嚴格無到院\outputs\v2\.p104k10\cloud_validation_index_20260906T211456Z\task_medicine__S1__dnr_temporally_clean_exclusion_validation.json,3720c941db2aed51dce486602d04c07a2ecfff7db024eb99f5c025532ac82117
medicine__S1__dnr_broad_exclusion,medicine,S1,dnr,broad_exclusion,broad_exclusion / all_comer_reference,all_comer_reference,oof_2020_2023,RAW_LOCKED_BASE_PREDICTIONS,raw,VALIDATED_COMPUTED,Full locked input feature order,d5d5e2d8a0734a0ce9af97a6606994868307c154f09eee30ee788ada6108d568,764,"0.894653 [0.879965, 0.908777]","0.282767 [0.244091, 0.326033]",15995,427,0.8946529962380048,0.879965311557809,0.9087774327750373,0.282766979848825,0.24409107175811337,0.3260332537548152,0.022200258029911806,0.02137959987632047,0.023001316479131426,0.16096579476861167,0.0006251953735542357,0.5,0.5,0.5,0.0936768149882904,0.9980729701952723,0.5714285714285714,0.9756985871271585,40,30,15538,387,ESTIMATED,ESTIMATED,ESTIMATED,3914fbf321684017bfa91913f7327cb395de752d4ebd95362ab66e90b58d5b02,"Descriptive arm estimate. CI is an individual-arm CI, not a paired-difference CI; no significance claim for a delta. Raw layer; operating point is the recorded P104 comparator rule, not a final clinical threshold. Broad DNR may include post-index records; sensitivity only.",D:\Codex_分拆Prompt嚴格無到院\outputs\v2\.p104rv\sweep_20260906T211456Z_account-01_v2\t5\r,a41553255b319c67ed777420025057df972951dccda69966bde5daffc8df5f35,D:\Codex_分拆Prompt嚴格無到院\outputs\v2\.p104k10\cloud_validation_index_20260906T211456Z\task_medicine__S1__dnr_broad_exclusion_validation.json,355baef7bddf4ace423045bc66b03d8a049dee0c893fbfad0fe39d2e602f761a
medicine__S1__dnr_broad_exclusion,medicine,S1,dnr,broad_exclusion,broad_exclusion / all_comer_reference,all_comer_reference,validation_2024,RAW_LOCKED_BASE_PREDICTIONS,raw,VALIDATED_COMPUTED,Full locked input feature order,d5d5e2d8a0734a0ce9af97a6606994868307c154f09eee30ee788ada6108d568,764,"0.915409 [0.893704, 0.934587]","0.461195 [0.388548, 0.536682]",4770,174,0.9154087012194511,0.893703706328402,0.9345865964056491,0.4611947095017396,0.38854788971520837,0.5366822615463923,0.025534736553849764,0.023370690502424643,0.027829079196191858,0.39357429718875503,0.004821802935010482,0.5,0.5,0.5,0.28160919540229884,0.9943429068755439,0.6533333333333333,0.9733759318423855,49,26,4570,125,ESTIMATED,ESTIMATED,ESTIMATED,b3b087837c0ecf9cc0f6ebc9b220b9e26b2b0eb45bd966690253e5ad3dcd8b6a,"Descriptive arm estimate. CI is an individual-arm CI, not a paired-difference CI; no significance claim for a delta. Raw layer; operating point is the recorded P104 comparator rule, not a final clinical threshold. Broad DNR may include post-index records; sensitivity only.",D:\Codex_分拆Prompt嚴格無到院\outputs\v2\.p104rv\sweep_20260906T211456Z_account-01_v2\t5\r,a41553255b319c67ed777420025057df972951dccda69966bde5daffc8df5f35,D:\Codex_分拆Prompt嚴格無到院\outputs\v2\.p104k10\cloud_validation_index_20260906T211456Z\task_medicine__S1__dnr_broad_exclusion_validation.json,355baef7bddf4ace423045bc66b03d8a049dee0c893fbfad0fe39d2e602f761a
medicine__S1__dnr_broad_exclusion,medicine,S1,dnr,broad_exclusion,broad_exclusion / broad_exclusion,broad_exclusion,oof_2020_2023,RAW_LOCKED_BASE_PREDICTIONS,raw,VALIDATED_COMPUTED,Source-defined DNR-blind predictor exclusions; cohort rule shown by analysis,256f07d8ea37e6334079986b99af35bea86c951b1f4087c6f87db74e142bf8c0,756,"0.863451 [0.833078, 0.892568]","0.159846 [0.111451, 0.219864]",14828,161,0.8634514376508384,0.8330784129149038,0.8925678329083315,0.15984564910596077,0.11145117786226798,0.21986447386807587,0.009888950279583617,0.00940228297869378,0.010353878096551377,0.14444444444444443,0.0004720798489344483,0.5,0.5,0.5,0.08074534161490683,0.9995909183882185,0.6842105263157895,0.9900060773853737,13,6,14661,148,ESTIMATED,ESTIMATED,ESTIMATED,2362ac6c083ee19adbbb9e7ce4ef80a4b623220456e7003c522927b05059aee5,"Descriptive arm estimate. CI is an individual-arm CI, not a paired-difference CI; no significance claim for a delta. Raw layer; operating point is the recorded P104 comparator rule, not a final clinical threshold. Broad DNR may include post-index records; sensitivity only.",D:\Codex_分拆Prompt嚴格無到院\outputs\v2\.p104rv\sweep_20260906T211456Z_account-01_v2\t5\r,a41553255b319c67ed777420025057df972951dccda69966bde5daffc8df5f35,D:\Codex_分拆Prompt嚴格無到院\outputs\v2\.p104k10\cloud_validation_index_20260906T211456Z\task_medicine__S1__dnr_broad_exclusion_validation.json,355baef7bddf4ace423045bc66b03d8a049dee0c893fbfad0fe39d2e602f761a
medicine__S1__dnr_broad_exclusion,medicine,S1,dnr,broad_exclusion,broad_exclusion / broad_exclusion,broad_exclusion,validation_2024,RAW_LOCKED_BASE_PREDICTIONS,raw,VALIDATED_COMPUTED,Source-defined DNR-blind predictor exclusions; cohort rule shown by analysis,256f07d8ea37e6334079986b99af35bea86c951b1f4087c6f87db74e142bf8c0,756,"0.917369 [0.882814, 0.947955]","0.487225 [0.387463, 0.597876]",4405,83,0.9173686880794814,0.8828137435858162,0.9479554124892694,0.48722453778311425,0.3874629735362785,0.5978763860793503,0.012446010544228845,0.010792736371181666,0.014130233740081885,0.464,0.0036322360953461976,0.5,0.5,0.5,0.3493975903614458,0.9969921332716335,0.6904761904761905,0.987623195049278,29,13,4309,54,ESTIMATED,ESTIMATED,ESTIMATED,476d7f0b8586cb221058ba7e55b19fc688281c822556d6390fd01f46fb51b1ef,"Descriptive arm estimate. CI is an individual-arm CI, not a paired-difference CI; no significance claim for a delta. Raw layer; operating point is the recorded P104 comparator rule, not a final clinical threshold. Broad DNR may include post-index records; sensitivity only.",D:\Codex_分拆Prompt嚴格無到院\outputs\v2\.p104rv\sweep_20260906T211456Z_account-01_v2\t5\r,a41553255b319c67ed777420025057df972951dccda69966bde5daffc8df5f35,D:\Codex_分拆Prompt嚴格無到院\outputs\v2\.p104k10\cloud_validation_index_20260906T211456Z\task_medicine__S1__dnr_broad_exclusion_validation.json,355baef7bddf4ace423045bc66b03d8a049dee0c893fbfad0fe39d2e602f761a
medicine__S2__dnr_dnr_blind,medicine,S2,dnr,dnr_blind,dnr_blind / all_comer_reference,all_comer_reference,oof_2020_2023,RAW_LOCKED_BASE_PREDICTIONS,raw,VALIDATED_COMPUTED,Full locked input feature order,d5d5e2d8a0734a0ce9af97a6606994868307c154f09eee30ee788ada6108d568,764,"0.880577 [0.867813, 0.893346]","0.317517 [0.285827, 0.353653]",15995,696,0.8805768613830217,0.8678125084045875,0.8933457663664586,0.3175169054779476,0.28582731287304,0.35365322776370156,0.03469153071191855,0.03372788503628452,0.0355991475580455,0.09115281501340483,0.0011253516723976243,0.5,0.5,0.5,0.04885057471264368,0.9989541800117655,0.68,0.9584822828472875,34,16,15283,662,ESTIMATED,ESTIMATED,ESTIMATED,198559ae1ca6787ca0d67978151e82e137b412a0f894c1e1ab6031cc7a83b8e7,"Descriptive arm estimate. CI is an individual-arm CI, not a paired-difference CI; no significance claim for a delta. Raw layer; operating point is the recorded P104 comparator rule, not a final clinical threshold.",D:\Codex_分拆Prompt嚴格無到院\outputs\v2\.p104rv\sweep_20260906T151250Z_account-05_v2\t6\r,c02d5a00648722427978acf8b91567f6b77921f4e6c95367b1b80fb9f087f8cb,D:\Codex_分拆Prompt嚴格無到院\outputs\v2\.p104k10\cloud_validation_index_20260906T211456Z\task_medicine__S2__dnr_dnr_blind_validation.json,745ccd884eba17e67dafc3edb96784a952d2e4a504d19360216f8e47ff2161db
medicine__S2__dnr_dnr_blind,medicine,S2,dnr,dnr_blind,dnr_blind / all_comer_reference,all_comer_reference,validation_2024,RAW_LOCKED_BASE_PREDICTIONS,raw,VALIDATED_COMPUTED,Full locked input feature order,d5d5e2d8a0734a0ce9af97a6606994868307c154f09eee30ee788ada6108d568,764,"0.901423 [0.882442, 0.919153]","0.47988 [0.421301, 0.540576]",4770,267,0.9014231877042438,0.8824416734124488,0.9191534776347596,0.47987968675110093,0.42130082356241894,0.5405756172925822,0.03884562570307503,0.03674336607968883,0.041041139473602745,0.2839506172839506,0.007337526205450734,0.5,0.5,0.5,0.17228464419475656,0.9975571840994892,0.8070175438596491,0.9531084235094419,46,11,4492,221,ESTIMATED,ESTIMATED,ESTIMATED,e4932a9c277c16881d0d976d9d296aa54d009419887bf1c10a73607b4ded509f,"Descriptive arm estimate. CI is an individual-arm CI, not a paired-difference CI; no significance claim for a delta. Raw layer; operating point is the recorded P104 comparator rule, not a final clinical threshold.",D:\Codex_分拆Prompt嚴格無到院\outputs\v2\.p104rv\sweep_20260906T151250Z_account-05_v2\t6\r,c02d5a00648722427978acf8b91567f6b77921f4e6c95367b1b80fb9f087f8cb,D:\Codex_分拆Prompt嚴格無到院\outputs\v2\.p104k10\cloud_validation_index_20260906T211456Z\task_medicine__S2__dnr_dnr_blind_validation.json,745ccd884eba17e67dafc3edb96784a952d2e4a504d19360216f8e47ff2161db
medicine__S2__dnr_dnr_blind,medicine,S2,dnr,dnr_blind,dnr_blind / dnr_blind,dnr_blind,oof_2020_2023,RAW_LOCKED_BASE_PREDICTIONS,raw,VALIDATED_COMPUTED,Source-defined DNR-blind predictor exclusions; cohort rule shown by analysis,256f07d8ea37e6334079986b99af35bea86c951b1f4087c6f87db74e142bf8c0,756,"0.880437 [0.867311, 0.893096]","0.312019 [0.279883, 0.346228]",15995,696,0.8804371181949386,0.8673110864980653,0.8930960720590276,0.3120193747853788,0.2798830964293977,0.34622842116128044,0.03480804251546743,0.0339148171158092,0.035702943815898,0.0889487870619946,0.0012503907471084713,0.5,0.5,0.5,0.04741379310344827,0.9991502712595595,0.717391304347826,0.95842999561101,33,13,15286,663,ESTIMATED,ESTIMATED,ESTIMATED,198559ae1ca6787ca0d67978151e82e137b412a0f894c1e1ab6031cc7a83b8e7,"Descriptive arm estimate. CI is an individual-arm CI, not a paired-difference CI; no significance claim for a delta. Raw layer; operating point is the recorded P104 comparator rule, not a final clinical threshold.",D:\Codex_分拆Prompt嚴格無到院\outputs\v2\.p104rv\sweep_20260906T151250Z_account-05_v2\t6\r,c02d5a00648722427978acf8b91567f6b77921f4e6c95367b1b80fb9f087f8cb,D:\Codex_分拆Prompt嚴格無到院\outputs\v2\.p104k10\cloud_validation_index_20260906T211456Z\task_medicine__S2__dnr_dnr_blind_validation.json,745ccd884eba17e67dafc3edb96784a952d2e4a504d19360216f8e47ff2161db
medicine__S2__dnr_dnr_blind,medicine,S2,dnr,dnr_blind,dnr_blind / dnr_blind,dnr_blind,validation_2024,RAW_LOCKED_BASE_PREDICTIONS,raw,VALIDATED_COMPUTED,Source-defined DNR-blind predictor exclusions; cohort rule shown by analysis,256f07d8ea37e6334079986b99af35bea86c951b1f4087c6f87db74e142bf8c0,756,"0.90124 [0.882127, 0.919777]","0.480667 [0.420356, 0.542017]",4770,267,0.9012402052397861,0.8821268981990643,0.9197768550430795,0.48066715296312257,0.420356251790806,0.5420165304095677,0.038648381195444656,0.03647068875667098,0.040885445657865914,0.2865853658536585,0.006918238993710692,0.5,0.5,0.5,0.1760299625468165,0.9968909615811681,0.7704918032786885,0.9532809513697176,47,14,4489,220,ESTIMATED,ESTIMATED,ESTIMATED,e4932a9c277c16881d0d976d9d296aa54d009419887bf1c10a73607b4ded509f,"Descriptive arm estimate. CI is an individual-arm CI, not a paired-difference CI; no significance claim for a delta. Raw layer; operating point is the recorded P104 comparator rule, not a final clinical threshold.",D:\Codex_分拆Prompt嚴格無到院\outputs\v2\.p104rv\sweep_20260906T151250Z_account-05_v2\t6\r,c02d5a00648722427978acf8b91567f6b77921f4e6c95367b1b80fb9f087f8cb,D:\Codex_分拆Prompt嚴格無到院\outputs\v2\.p104k10\cloud_validation_index_20260906T211456Z\task_medicine__S2__dnr_dnr_blind_validation.json,745ccd884eba17e67dafc3edb96784a952d2e4a504d19360216f8e47ff2161db
medicine__S2__dnr_temporally_clean_exclusion,medicine,S2,dnr,temporally_clean_exclusion,temporally_clean_exclusion / all_comer_reference,all_comer_reference,oof_2020_2023,RAW_LOCKED_BASE_PREDICTIONS,raw,VALIDATED_COMPUTED,Full locked input feature order,d5d5e2d8a0734a0ce9af97a6606994868307c154f09eee30ee788ada6108d568,764,"0.880577 [0.867813, 0.893346]","0.317517 [0.285827, 0.353653]",15995,696,0.8805768613830217,0.8678125084045875,0.8933457663664586,0.3175169054779476,0.28582731287304,0.35365322776370156,0.03469153071191855,0.03372788503628452,0.0355991475580455,0.09115281501340483,0.0011253516723976243,0.5,0.5,0.5,0.04885057471264368,0.9989541800117655,0.68,0.9584822828472875,34,16,15283,662,ESTIMATED,ESTIMATED,ESTIMATED,198559ae1ca6787ca0d67978151e82e137b412a0f894c1e1ab6031cc7a83b8e7,"Descriptive arm estimate. CI is an individual-arm CI, not a paired-difference CI; no significance claim for a delta. Raw layer; operating point is the recorded P104 comparator rule, not a final clinical threshold.",D:\Codex_分拆Prompt嚴格無到院\outputs\v2\.p104rv\sweep_20260906T151250Z_account-06_v2\t6\r,ec1266c1bcd1fa8edf3ed93deb14e6154a27bd1f624058418a90fd995fcc26ce,D:\Codex_分拆Prompt嚴格無到院\outputs\v2\.p104k10\cloud_validation_index_20260906T211456Z\task_medicine__S2__dnr_temporally_clean_exclusion_validation.json,e8702dd275412164080f14aa3b899f293b895255b0074e75f0501433abe6d64b
medicine__S2__dnr_temporally_clean_exclusion,medicine,S2,dnr,temporally_clean_exclusion,temporally_clean_exclusion / all_comer_reference,all_comer_reference,validation_2024,RAW_LOCKED_BASE_PREDICTIONS,raw,VALIDATED_COMPUTED,Full locked input feature order,d5d5e2d8a0734a0ce9af97a6606994868307c154f09eee30ee788ada6108d568,764,"0.901423 [0.882442, 0.919153]","0.47988 [0.421301, 0.540576]",4770,267,0.9014231877042438,0.8824416734124488,0.9191534776347596,0.47987968675110093,0.42130082356241894,0.5405756172925822,0.03884562570307503,0.03674336607968883,0.041041139473602745,0.2839506172839506,0.007337526205450734,0.5,0.5,0.5,0.17228464419475656,0.9975571840994892,0.8070175438596491,0.9531084235094419,46,11,4492,221,ESTIMATED,ESTIMATED,ESTIMATED,e4932a9c277c16881d0d976d9d296aa54d009419887bf1c10a73607b4ded509f,"Descriptive arm estimate. CI is an individual-arm CI, not a paired-difference CI; no significance claim for a delta. Raw layer; operating point is the recorded P104 comparator rule, not a final clinical threshold.",D:\Codex_分拆Prompt嚴格無到院\outputs\v2\.p104rv\sweep_20260906T151250Z_account-06_v2\t6\r,ec1266c1bcd1fa8edf3ed93deb14e6154a27bd1f624058418a90fd995fcc26ce,D:\Codex_分拆Prompt嚴格無到院\outputs\v2\.p104k10\cloud_validation_index_20260906T211456Z\task_medicine__S2__dnr_temporally_clean_exclusion_validation.json,e8702dd275412164080f14aa3b899f293b895255b0074e75f0501433abe6d64b
medicine__S2__dnr_temporally_clean_exclusion,medicine,S2,dnr,temporally_clean_exclusion,temporally_clean_exclusion / temporally_clean_exclusion,temporally_clean_exclusion,oof_2020_2023,RAW_LOCKED_BASE_PREDICTIONS,raw,VALIDATED_COMPUTED,Source-defined DNR-blind predictor exclusions; cohort rule shown by analysis,256f07d8ea37e6334079986b99af35bea86c951b1f4087c6f87db74e142bf8c0,756,"0.879552 [0.865908, 0.891878]","0.307131 [0.275805, 0.344129]",15993,695,0.8795519421826898,0.8659077635643668,0.891878498862574,0.30713147662164314,0.2758052745491718,0.34412866151155086,0.03488707974566766,0.033965615661488376,0.03576713178194395,0.08108108108108109,0.0009379103357719002,0.5,0.5,0.5,0.04316546762589928,0.9990194796705452,0.6666666666666666,0.9583019814396789,30,15,15283,665,ESTIMATED,ESTIMATED,ESTIMATED,6d0a3dca9d8a9b99648a7743bebe3fabd42ff14695ae53caf8e79a7012e78345,"Descriptive arm estimate. CI is an individual-arm CI, not a paired-difference CI; no significance claim for a delta. Raw layer; operating point is the recorded P104 comparator rule, not a final clinical threshold.",D:\Codex_分拆Prompt嚴格無到院\outputs\v2\.p104rv\sweep_20260906T151250Z_account-06_v2\t6\r,ec1266c1bcd1fa8edf3ed93deb14e6154a27bd1f624058418a90fd995fcc26ce,D:\Codex_分拆Prompt嚴格無到院\outputs\v2\.p104k10\cloud_validation_index_20260906T211456Z\task_medicine__S2__dnr_temporally_clean_exclusion_validation.json,e8702dd275412164080f14aa3b899f293b895255b0074e75f0501433abe6d64b
medicine__S2__dnr_temporally_clean_exclusion,medicine,S2,dnr,temporally_clean_exclusion,temporally_clean_exclusion / temporally_clean_exclusion,temporally_clean_exclusion,validation_2024,RAW_LOCKED_BASE_PREDICTIONS,raw,VALIDATED_COMPUTED,Source-defined DNR-blind predictor exclusions; cohort rule shown by analysis,256f07d8ea37e6334079986b99af35bea86c951b1f4087c6f87db74e142bf8c0,756,"0.899879 [0.881499, 0.917539]","0.469836 [0.414341, 0.53049]",4768,266,0.899879084650765,0.8814985446470662,0.917539135617998,0.4698361470087848,0.41434136604573935,0.5304896927307995,0.03890780595337559,0.03684656764173527,0.04105921849128617,0.2865853658536585,0.006711409395973154,0.5,0.5,0.5,0.17669172932330826,0.9966681474900044,0.7580645161290323,0.9534636634084148,47,15,4487,219,ESTIMATED,ESTIMATED,ESTIMATED,5eae80b5a70a41a8ba263ce9356565cbb9b74864787af44b48ba6402ffbcebe5,"Descriptive arm estimate. CI is an individual-arm CI, not a paired-difference CI; no significance claim for a delta. Raw layer; operating point is the recorded P104 comparator rule, not a final clinical threshold.",D:\Codex_分拆Prompt嚴格無到院\outputs\v2\.p104rv\sweep_20260906T151250Z_account-06_v2\t6\r,ec1266c1bcd1fa8edf3ed93deb14e6154a27bd1f624058418a90fd995fcc26ce,D:\Codex_分拆Prompt嚴格無到院\outputs\v2\.p104k10\cloud_validation_index_20260906T211456Z\task_medicine__S2__dnr_temporally_clean_exclusion_validation.json,e8702dd275412164080f14aa3b899f293b895255b0074e75f0501433abe6d64b
medicine__S2__dnr_broad_exclusion,medicine,S2,dnr,broad_exclusion,broad_exclusion / all_comer_reference,all_comer_reference,oof_2020_2023,RAW_LOCKED_BASE_PREDICTIONS,raw,VALIDATED_COMPUTED,Full locked input feature order,d5d5e2d8a0734a0ce9af97a6606994868307c154f09eee30ee788ada6108d568,764,"0.880577 [0.867813, 0.893346]","0.317517 [0.285827, 0.353653]",15995,696,0.8805768613830217,0.8678125084045875,0.8933457663664586,0.3175169054779476,0.28582731287304,0.35365322776370156,0.03469153071191855,0.03372788503628452,0.0355991475580455,0.09115281501340483,0.0011253516723976243,0.5,0.5,0.5,0.04885057471264368,0.9989541800117655,0.68,0.9584822828472875,34,16,15283,662,ESTIMATED,ESTIMATED,ESTIMATED,198559ae1ca6787ca0d67978151e82e137b412a0f894c1e1ab6031cc7a83b8e7,"Descriptive arm estimate. CI is an individual-arm CI, not a paired-difference CI; no significance claim for a delta. Raw layer; operating point is the recorded P104 comparator rule, not a final clinical threshold. Broad DNR may include post-index records; sensitivity only.",D:\Codex_分拆Prompt嚴格無到院\outputs\v2\.p104rv\sweep_20260906T161352Z_account-04_v3\t6\r,bbdd9c2833dbb8ae2579429fbb667d52be231722407e817e0f5f66968df1544a,D:\Codex_分拆Prompt嚴格無到院\outputs\v2\.p104k10\cloud_validation_index_20260906T211456Z\task_medicine__S2__dnr_broad_exclusion_validation.json,53d4cdf379799b71f3711a3bd714079fd10bb8bbe635f398e9b5ddc8ec3783de
medicine__S2__dnr_broad_exclusion,medicine,S2,dnr,broad_exclusion,broad_exclusion / all_comer_reference,all_comer_reference,validation_2024,RAW_LOCKED_BASE_PREDICTIONS,raw,VALIDATED_COMPUTED,Full locked input feature order,d5d5e2d8a0734a0ce9af97a6606994868307c154f09eee30ee788ada6108d568,764,"0.901423 [0.882442, 0.919153]","0.47988 [0.421301, 0.540576]",4770,267,0.9014231877042438,0.8824416734124488,0.9191534776347596,0.47987968675110093,0.42130082356241894,0.5405756172925822,0.03884562570307503,0.03674336607968883,0.041041139473602745,0.2839506172839506,0.007337526205450734,0.5,0.5,0.5,0.17228464419475656,0.9975571840994892,0.8070175438596491,0.9531084235094419,46,11,4492,221,ESTIMATED,ESTIMATED,ESTIMATED,e4932a9c277c16881d0d976d9d296aa54d009419887bf1c10a73607b4ded509f,"Descriptive arm estimate. CI is an individual-arm CI, not a paired-difference CI; no significance claim for a delta. Raw layer; operating point is the recorded P104 comparator rule, not a final clinical threshold. Broad DNR may include post-index records; sensitivity only.",D:\Codex_分拆Prompt嚴格無到院\outputs\v2\.p104rv\sweep_20260906T161352Z_account-04_v3\t6\r,bbdd9c2833dbb8ae2579429fbb667d52be231722407e817e0f5f66968df1544a,D:\Codex_分拆Prompt嚴格無到院\outputs\v2\.p104k10\cloud_validation_index_20260906T211456Z\task_medicine__S2__dnr_broad_exclusion_validation.json,53d4cdf379799b71f3711a3bd714079fd10bb8bbe635f398e9b5ddc8ec3783de
medicine__S2__dnr_broad_exclusion,medicine,S2,dnr,broad_exclusion,broad_exclusion / broad_exclusion,broad_exclusion,oof_2020_2023,RAW_LOCKED_BASE_PREDICTIONS,raw,VALIDATED_COMPUTED,Source-defined DNR-blind predictor exclusions; cohort rule shown by analysis,256f07d8ea37e6334079986b99af35bea86c951b1f4087c6f87db74e142bf8c0,756,"0.842865 [0.820442, 0.864417]","0.161405 [0.130824, 0.204607]",14828,321,0.8428652018243636,0.820442451450427,0.8644166252840718,0.16140458375406871,0.13082409257611086,0.20460676646517315,0.01953633535821835,0.01900136582569523,0.020035180782289566,0.05389221556886228,0.0003371998920960345,0.5,0.5,0.5,0.028037383177570093,0.9997242710415661,0.6923076923076923,0.9789402632467095,9,4,14503,312,ESTIMATED,ESTIMATED,ESTIMATED,16b8e2be170f28393905bdeb4577dc0382a99aa3c54fdb536e9f257cae780511,"Descriptive arm estimate. CI is an individual-arm CI, not a paired-difference CI; no significance claim for a delta. Raw layer; operating point is the recorded P104 comparator rule, not a final clinical threshold. Broad DNR may include post-index records; sensitivity only.",D:\Codex_分拆Prompt嚴格無到院\outputs\v2\.p104rv\sweep_20260906T161352Z_account-04_v3\t6\r,bbdd9c2833dbb8ae2579429fbb667d52be231722407e817e0f5f66968df1544a,D:\Codex_分拆Prompt嚴格無到院\outputs\v2\.p104k10\cloud_validation_index_20260906T211456Z\task_medicine__S2__dnr_broad_exclusion_validation.json,53d4cdf379799b71f3711a3bd714079fd10bb8bbe635f398e9b5ddc8ec3783de
medicine__S2__dnr_broad_exclusion,medicine,S2,dnr,broad_exclusion,broad_exclusion / broad_exclusion,broad_exclusion,validation_2024,RAW_LOCKED_BASE_PREDICTIONS,raw,VALIDATED_COMPUTED,Source-defined DNR-blind predictor exclusions; cohort rule shown by analysis,256f07d8ea37e6334079986b99af35bea86c951b1f4087c6f87db74e142bf8c0,756,"0.888749 [0.857593, 0.916902]","0.465412 [0.377673, 0.554832]",4405,130,0.888748538011696,0.8575931272722288,0.916902498746099,0.4654116127089152,0.37767269431879225,0.5548321640514131,0.02055493304704157,0.01870988083847449,0.022446436866533723,0.39285714285714285,0.006356413166855846,0.5,0.5,0.5,0.25384615384615383,0.9988304093567252,0.868421052631579,0.9777879551179299,33,5,4270,97,ESTIMATED,ESTIMATED,ESTIMATED,dc629949a1621fa0db3f089f32462635e45fd33efe634e6944a3d38ddd25a472,"Descriptive arm estimate. CI is an individual-arm CI, not a paired-difference CI; no significance claim for a delta. Raw layer; operating point is the recorded P104 comparator rule, not a final clinical threshold. Broad DNR may include post-index records; sensitivity only.",D:\Codex_分拆Prompt嚴格無到院\outputs\v2\.p104rv\sweep_20260906T161352Z_account-04_v3\t6\r,bbdd9c2833dbb8ae2579429fbb667d52be231722407e817e0f5f66968df1544a,D:\Codex_分拆Prompt嚴格無到院\outputs\v2\.p104k10\cloud_validation_index_20260906T211456Z\task_medicine__S2__dnr_broad_exclusion_validation.json,53d4cdf379799b71f3711a3bd714079fd10bb8bbe635f398e9b5ddc8ec3783de
medicine__S3__dnr_dnr_blind,medicine,S3,dnr,dnr_blind,dnr_blind / all_comer_reference,all_comer_reference,oof_2020_2023,RAW_LOCKED_BASE_PREDICTIONS,raw,VALIDATED_COMPUTED,Full locked input feature order,d5d5e2d8a0734a0ce9af97a6606994868307c154f09eee30ee788ada6108d568,764,"0.774818 [0.767033, 0.782517]","0.663999 [0.650458, 0.677487]",15995,6010,0.774818217342653,0.7670331061719657,0.7825173484906635,0.6639986772636639,0.650457805280781,0.6774871833570066,0.18406305178281976,0.18120880622246283,0.18710894505798267,0.5830767795503312,0.09634260706470772,0.5,0.5,0.5,0.5199667221297837,0.8413620430645969,0.6636228498619664,0.7443735601630338,3125,1584,8401,2885,ESTIMATED,ESTIMATED,ESTIMATED,80acb9c3d6458dd9615b0fe54dc01c9bc901010a513b84799b88a9d7d39c8252,"Descriptive arm estimate. CI is an individual-arm CI, not a paired-difference CI; no significance claim for a delta. Raw layer; operating point is the recorded P104 comparator rule, not a final clinical threshold.",D:\Codex_分拆Prompt嚴格無到院\outputs\v2\.p104rv\sweep_20260906T171453Z_account-08_v2\t7\r,5f0b14d0daeff4d4f93c121550b0b789047cc6f49eee5a643c7ad58c90fe83dd,D:\Codex_分拆Prompt嚴格無到院\outputs\v2\.p104k10\cloud_validation_index_20260906T211456Z\task_medicine__S3__dnr_dnr_blind_validation.json,d15a80edb49da8e61139b7c288accca72e491f94ea1e93335e04d49052f3fc14
medicine__S3__dnr_dnr_blind,medicine,S3,dnr,dnr_blind,dnr_blind / all_comer_reference,all_comer_reference,validation_2024,RAW_LOCKED_BASE_PREDICTIONS,raw,VALIDATED_COMPUTED,Full locked input feature order,d5d5e2d8a0734a0ce9af97a6606994868307c154f09eee30ee788ada6108d568,764,"0.763924 [0.749704, 0.77792]","0.620653 [0.596788, 0.645868]",4770,1606,0.7639241592448042,0.7497044791652856,0.7779198012062986,0.6206534917959078,0.596787711113241,0.645868423854787,0.18009710227909376,0.17524394615551625,0.1850891861408669,0.5524278676988037,0.070020964360587,0.5,0.5,0.5,0.4887920298879203,0.8574589127686473,0.6351132686084142,0.7676853423882286,785,451,2713,821,ESTIMATED,ESTIMATED,ESTIMATED,d04fb169978e23e0cb6c71343bb4ed4d739dd40d4c09f702318987efebfa6b53,"Descriptive arm estimate. CI is an individual-arm CI, not a paired-difference CI; no significance claim for a delta. Raw layer; operating point is the recorded P104 comparator rule, not a final clinical threshold.",D:\Codex_分拆Prompt嚴格無到院\outputs\v2\.p104rv\sweep_20260906T171453Z_account-08_v2\t7\r,5f0b14d0daeff4d4f93c121550b0b789047cc6f49eee5a643c7ad58c90fe83dd,D:\Codex_分拆Prompt嚴格無到院\outputs\v2\.p104k10\cloud_validation_index_20260906T211456Z\task_medicine__S3__dnr_dnr_blind_validation.json,d15a80edb49da8e61139b7c288accca72e491f94ea1e93335e04d49052f3fc14
medicine__S3__dnr_dnr_blind,medicine,S3,dnr,dnr_blind,dnr_blind / dnr_blind,dnr_blind,oof_2020_2023,RAW_LOCKED_BASE_PREDICTIONS,raw,VALIDATED_COMPUTED,Source-defined DNR-blind predictor exclusions; cohort rule shown by analysis,256f07d8ea37e6334079986b99af35bea86c951b1f4087c6f87db74e142bf8c0,756,"0.774594 [0.766413, 0.78251]","0.663838 [0.650064, 0.677361]",15995,6010,0.7745943207656744,0.7664130623125173,0.7825104478641324,0.6638376531746671,0.6500641955771518,0.6773605229694316,0.1841524828349133,0.18116313796619601,0.1870366796365744,0.5814714405908199,0.09584245076586433,0.5,0.5,0.5,0.5174708818635607,0.8420630946419629,0.663537443994026,0.7435443933498408,3110,1577,8408,2900,ESTIMATED,ESTIMATED,ESTIMATED,80acb9c3d6458dd9615b0fe54dc01c9bc901010a513b84799b88a9d7d39c8252,"Descriptive arm estimate. CI is an individual-arm CI, not a paired-difference CI; no significance claim for a delta. Raw layer; operating point is the recorded P104 comparator rule, not a final clinical threshold.",D:\Codex_分拆Prompt嚴格無到院\outputs\v2\.p104rv\sweep_20260906T171453Z_account-08_v2\t7\r,5f0b14d0daeff4d4f93c121550b0b789047cc6f49eee5a643c7ad58c90fe83dd,D:\Codex_分拆Prompt嚴格無到院\outputs\v2\.p104k10\cloud_validation_index_20260906T211456Z\task_medicine__S3__dnr_dnr_blind_validation.json,d15a80edb49da8e61139b7c288accca72e491f94ea1e93335e04d49052f3fc14
medicine__S3__dnr_dnr_blind,medicine,S3,dnr,dnr_blind,dnr_blind / dnr_blind,dnr_blind,validation_2024,RAW_LOCKED_BASE_PREDICTIONS,raw,VALIDATED_COMPUTED,Source-defined DNR-blind predictor exclusions; cohort rule shown by analysis,256f07d8ea37e6334079986b99af35bea86c951b1f4087c6f87db74e142bf8c0,756,"0.76377 [0.749149, 0.777607]","0.622009 [0.597686, 0.647038]",4770,1606,0.7637697721723059,0.749148564310831,0.7776069732179087,0.6220086308097215,0.5976859945108081,0.6470377991886211,0.1801016467842198,0.1752184527655216,0.18517962493268542,0.545968882602546,0.06750524109014674,0.5,0.5,0.5,0.4806973848069738,0.8577749683944375,0.6317512274959084,0.7649379932356257,772,450,2714,834,ESTIMATED,ESTIMATED,ESTIMATED,d04fb169978e23e0cb6c71343bb4ed4d739dd40d4c09f702318987efebfa6b53,"Descriptive arm estimate. CI is an individual-arm CI, not a paired-difference CI; no significance claim for a delta. Raw layer; operating point is the recorded P104 comparator rule, not a final clinical threshold.",D:\Codex_分拆Prompt嚴格無到院\outputs\v2\.p104rv\sweep_20260906T171453Z_account-08_v2\t7\r,5f0b14d0daeff4d4f93c121550b0b789047cc6f49eee5a643c7ad58c90fe83dd,D:\Codex_分拆Prompt嚴格無到院\outputs\v2\.p104k10\cloud_validation_index_20260906T211456Z\task_medicine__S3__dnr_dnr_blind_validation.json,d15a80edb49da8e61139b7c288accca72e491f94ea1e93335e04d49052f3fc14
medicine__S3__dnr_temporally_clean_exclusion,medicine,S3,dnr,temporally_clean_exclusion,temporally_clean_exclusion / all_comer_reference,all_comer_reference,oof_2020_2023,RAW_LOCKED_BASE_PREDICTIONS,raw,VALIDATED_COMPUTED,Full locked input feature order,d5d5e2d8a0734a0ce9af97a6606994868307c154f09eee30ee788ada6108d568,764,"0.774818 [0.767033, 0.782517]","0.663999 [0.650458, 0.677487]",15995,6010,0.774818217342653,0.7670331061719657,0.7825173484906635,0.6639986772636639,0.650457805280781,0.6774871833570066,0.18406305178281976,0.18120880622246283,0.18710894505798267,0.5830767795503312,0.09634260706470772,0.5,0.5,0.5,0.5199667221297837,0.8413620430645969,0.6636228498619664,0.7443735601630338,3125,1584,8401,2885,ESTIMATED,ESTIMATED,ESTIMATED,80acb9c3d6458dd9615b0fe54dc01c9bc901010a513b84799b88a9d7d39c8252,"Descriptive arm estimate. CI is an individual-arm CI, not a paired-difference CI; no significance claim for a delta. Raw layer; operating point is the recorded P104 comparator rule, not a final clinical threshold.",D:\Codex_分拆Prompt嚴格無到院\outputs\v2\.p104rv\sweep_20260906T171453Z_account-09_v2\t7\r,7738cdc51166a43813e676f2bb496e2990b621315df4c4f63011e8843d7c8412,D:\Codex_分拆Prompt嚴格無到院\outputs\v2\.p104k10\cloud_validation_index_20260906T211456Z\task_medicine__S3__dnr_temporally_clean_exclusion_validation.json,055a3750b8bab6e2c83a59c7feb391410f03f33d92678f940af87adfcdd6d130
medicine__S3__dnr_temporally_clean_exclusion,medicine,S3,dnr,temporally_clean_exclusion,temporally_clean_exclusion / all_comer_reference,all_comer_reference,validation_2024,RAW_LOCKED_BASE_PREDICTIONS,raw,VALIDATED_COMPUTED,Full locked input feature order,d5d5e2d8a0734a0ce9af97a6606994868307c154f09eee30ee788ada6108d568,764,"0.763924 [0.749704, 0.77792]","0.620653 [0.596788, 0.645868]",4770,1606,0.7639241592448042,0.7497044791652856,0.7779198012062986,0.6206534917959078,0.596787711113241,0.645868423854787,0.18009710227909376,0.17524394615551625,0.1850891861408669,0.5524278676988037,0.070020964360587,0.5,0.5,0.5,0.4887920298879203,0.8574589127686473,0.6351132686084142,0.7676853423882286,785,451,2713,821,ESTIMATED,ESTIMATED,ESTIMATED,d04fb169978e23e0cb6c71343bb4ed4d739dd40d4c09f702318987efebfa6b53,"Descriptive arm estimate. CI is an individual-arm CI, not a paired-difference CI; no significance claim for a delta. Raw layer; operating point is the recorded P104 comparator rule, not a final clinical threshold.",D:\Codex_分拆Prompt嚴格無到院\outputs\v2\.p104rv\sweep_20260906T171453Z_account-09_v2\t7\r,7738cdc51166a43813e676f2bb496e2990b621315df4c4f63011e8843d7c8412,D:\Codex_分拆Prompt嚴格無到院\outputs\v2\.p104k10\cloud_validation_index_20260906T211456Z\task_medicine__S3__dnr_temporally_clean_exclusion_validation.json,055a3750b8bab6e2c83a59c7feb391410f03f33d92678f940af87adfcdd6d130
medicine__S3__dnr_temporally_clean_exclusion,medicine,S3,dnr,temporally_clean_exclusion,temporally_clean_exclusion / temporally_clean_exclusion,temporally_clean_exclusion,oof_2020_2023,RAW_LOCKED_BASE_PREDICTIONS,raw,VALIDATED_COMPUTED,Source-defined DNR-blind predictor exclusions; cohort rule shown by analysis,256f07d8ea37e6334079986b99af35bea86c951b1f4087c6f87db74e142bf8c0,756,"0.774367 [0.766506, 0.781885]","0.662557 [0.648659, 0.675138]",15993,6008,0.77436650148325,0.7665057384193354,0.7818847752182856,0.6625567858710365,0.6486585382230413,0.6751375289622512,0.18430801579502834,0.18150411050466803,0.1872942762483285,0.5784506120923278,0.09360345151003564,0.5,0.5,0.5,0.5151464713715047,0.8399599399098648,0.6594928617089282,0.742212389380531,3095,1598,8387,2913,ESTIMATED,ESTIMATED,ESTIMATED,28962c05a4dc3e577606b70a70c8cf15e190af6b60326551c3452d7c30d3ca4e,"Descriptive arm estimate. CI is an individual-arm CI, not a paired-difference CI; no significance claim for a delta. Raw layer; operating point is the recorded P104 comparator rule, not a final clinical threshold.",D:\Codex_分拆Prompt嚴格無到院\outputs\v2\.p104rv\sweep_20260906T171453Z_account-09_v2\t7\r,7738cdc51166a43813e676f2bb496e2990b621315df4c4f63011e8843d7c8412,D:\Codex_分拆Prompt嚴格無到院\outputs\v2\.p104k10\cloud_validation_index_20260906T211456Z\task_medicine__S3__dnr_temporally_clean_exclusion_validation.json,055a3750b8bab6e2c83a59c7feb391410f03f33d92678f940af87adfcdd6d130
medicine__S3__dnr_temporally_clean_exclusion,medicine,S3,dnr,temporally_clean_exclusion,temporally_clean_exclusion / temporally_clean_exclusion,temporally_clean_exclusion,validation_2024,RAW_LOCKED_BASE_PREDICTIONS,raw,VALIDATED_COMPUTED,Source-defined DNR-blind predictor exclusions; cohort rule shown by analysis,256f07d8ea37e6334079986b99af35bea86c951b1f4087c6f87db74e142bf8c0,756,"0.764341 [0.749782, 0.778428]","0.623067 [0.599091, 0.647258]",4768,1605,0.7643413967771832,0.7497816561909679,0.7784276889126795,0.6230669765605634,0.5990913739334893,0.6472578799854932,0.17996528307092358,0.17492581381006844,0.18494041285811388,0.5510204081632653,0.069001677852349,0.5,0.5,0.5,0.48785046728971965,0.856465380967436,0.6329830234438156,0.7672047578589635,783,454,2709,822,ESTIMATED,ESTIMATED,ESTIMATED,395076b5eb3d6965509059fa7f1e69084233b20ad2522a5e135a391241609f98,"Descriptive arm estimate. CI is an individual-arm CI, not a paired-difference CI; no significance claim for a delta. Raw layer; operating point is the recorded P104 comparator rule, not a final clinical threshold.",D:\Codex_分拆Prompt嚴格無到院\outputs\v2\.p104rv\sweep_20260906T171453Z_account-09_v2\t7\r,7738cdc51166a43813e676f2bb496e2990b621315df4c4f63011e8843d7c8412,D:\Codex_分拆Prompt嚴格無到院\outputs\v2\.p104k10\cloud_validation_index_20260906T211456Z\task_medicine__S3__dnr_temporally_clean_exclusion_validation.json,055a3750b8bab6e2c83a59c7feb391410f03f33d92678f940af87adfcdd6d130
medicine__S3__dnr_broad_exclusion,medicine,S3,dnr,broad_exclusion,broad_exclusion / all_comer_reference,all_comer_reference,oof_2020_2023,RAW_LOCKED_BASE_PREDICTIONS,raw,VALIDATED_COMPUTED,Full locked input feature order,d5d5e2d8a0734a0ce9af97a6606994868307c154f09eee30ee788ada6108d568,764,"0.774818 [0.767033, 0.782517]","0.663999 [0.650458, 0.677487]",15995,6010,0.774818217342653,0.7670331061719657,0.7825173484906635,0.6639986772636639,0.650457805280781,0.6774871833570066,0.18406305178281976,0.18120880622246283,0.18710894505798267,0.5830767795503312,0.09634260706470772,0.5,0.5,0.5,0.5199667221297837,0.8413620430645969,0.6636228498619664,0.7443735601630338,3125,1584,8401,2885,ESTIMATED,ESTIMATED,ESTIMATED,80acb9c3d6458dd9615b0fe54dc01c9bc901010a513b84799b88a9d7d39c8252,"Descriptive arm estimate. CI is an individual-arm CI, not a paired-difference CI; no significance claim for a delta. Raw layer; operating point is the recorded P104 comparator rule, not a final clinical threshold. Broad DNR may include post-index records; sensitivity only.",D:\Codex_分拆Prompt嚴格無到院\outputs\v2\.p104rv\sweep_20260906T171453Z_account-07_v2\t7\r,495fd8b721a4364841e152da79ef4513b21d49d4f952e334a3a0734328caee6d,D:\Codex_分拆Prompt嚴格無到院\outputs\v2\.p104k10\cloud_validation_index_20260906T211456Z\task_medicine__S3__dnr_broad_exclusion_validation.json,f146233a4e36e4f203155ff866f2922d424da5f379fa9cee9e66f4d78c2b30f4
medicine__S3__dnr_broad_exclusion,medicine,S3,dnr,broad_exclusion,broad_exclusion / all_comer_reference,all_comer_reference,validation_2024,RAW_LOCKED_BASE_PREDICTIONS,raw,VALIDATED_COMPUTED,Full locked input feature order,d5d5e2d8a0734a0ce9af97a6606994868307c154f09eee30ee788ada6108d568,764,"0.763924 [0.749704, 0.77792]","0.620653 [0.596788, 0.645868]",4770,1606,0.7639241592448042,0.7497044791652856,0.7779198012062986,0.6206534917959078,0.596787711113241,0.645868423854787,0.18009710227909376,0.17524394615551625,0.1850891861408669,0.5524278676988037,0.070020964360587,0.5,0.5,0.5,0.4887920298879203,0.8574589127686473,0.6351132686084142,0.7676853423882286,785,451,2713,821,ESTIMATED,ESTIMATED,ESTIMATED,d04fb169978e23e0cb6c71343bb4ed4d739dd40d4c09f702318987efebfa6b53,"Descriptive arm estimate. CI is an individual-arm CI, not a paired-difference CI; no significance claim for a delta. Raw layer; operating point is the recorded P104 comparator rule, not a final clinical threshold. Broad DNR may include post-index records; sensitivity only.",D:\Codex_分拆Prompt嚴格無到院\outputs\v2\.p104rv\sweep_20260906T171453Z_account-07_v2\t7\r,495fd8b721a4364841e152da79ef4513b21d49d4f952e334a3a0734328caee6d,D:\Codex_分拆Prompt嚴格無到院\outputs\v2\.p104k10\cloud_validation_index_20260906T211456Z\task_medicine__S3__dnr_broad_exclusion_validation.json,f146233a4e36e4f203155ff866f2922d424da5f379fa9cee9e66f4d78c2b30f4
medicine__S3__dnr_broad_exclusion,medicine,S3,dnr,broad_exclusion,broad_exclusion / broad_exclusion,broad_exclusion,oof_2020_2023,RAW_LOCKED_BASE_PREDICTIONS,raw,VALIDATED_COMPUTED,Source-defined DNR-blind predictor exclusions; cohort rule shown by analysis,256f07d8ea37e6334079986b99af35bea86c951b1f4087c6f87db74e142bf8c0,756,"0.767818 [0.759643, 0.776142]","0.634454 [0.620912, 0.64909]",14828,5189,0.7678184283427653,0.7596431907824776,0.7761423790951472,0.6344535829438428,0.6209118836977576,0.6490895943018569,0.18194041514849668,0.1789670313612682,0.1848823851730262,0.5338328792007266,0.07303749662800108,0.5,0.5,0.5,0.4530738099826556,0.8684510841373586,0.649626968775905,0.746810598626104,2351,1268,8371,2838,ESTIMATED,ESTIMATED,ESTIMATED,ea79b31094f9304bc0b27f63856482712c7186bb03802b2d9caa2c61e9226167,"Descriptive arm estimate. CI is an individual-arm CI, not a paired-difference CI; no significance claim for a delta. Raw layer; operating point is the recorded P104 comparator rule, not a final clinical threshold. Broad DNR may include post-index records; sensitivity only.",D:\Codex_分拆Prompt嚴格無到院\outputs\v2\.p104rv\sweep_20260906T171453Z_account-07_v2\t7\r,495fd8b721a4364841e152da79ef4513b21d49d4f952e334a3a0734328caee6d,D:\Codex_分拆Prompt嚴格無到院\outputs\v2\.p104k10\cloud_validation_index_20260906T211456Z\task_medicine__S3__dnr_broad_exclusion_validation.json,f146233a4e36e4f203155ff866f2922d424da5f379fa9cee9e66f4d78c2b30f4
medicine__S3__dnr_broad_exclusion,medicine,S3,dnr,broad_exclusion,broad_exclusion / broad_exclusion,broad_exclusion,validation_2024,RAW_LOCKED_BASE_PREDICTIONS,raw,VALIDATED_COMPUTED,Source-defined DNR-blind predictor exclusions; cohort rule shown by analysis,256f07d8ea37e6334079986b99af35bea86c951b1f4087c6f87db74e142bf8c0,756,"0.755688 [0.739749, 0.771288]","0.586802 [0.560309, 0.614998]",4405,1355,0.7556883431129393,0.7397494400085975,0.771287673986941,0.58680160633696,0.5603092828269928,0.6149976100904581,0.17510050360808002,0.17016355559656887,0.1802742521378351,0.5079365079365079,0.05425652667423383,0.5,0.5,0.5,0.42509225092250924,0.8895081967213114,0.6308871851040526,0.7769186712485682,576,337,2713,779,ESTIMATED,ESTIMATED,ESTIMATED,9864f6d279c310e0e2b0f7008ddec5ea4b01a036a34d9989666e8559dd098af3,"Descriptive arm estimate. CI is an individual-arm CI, not a paired-difference CI; no significance claim for a delta. Raw layer; operating point is the recorded P104 comparator rule, not a final clinical threshold. Broad DNR may include post-index records; sensitivity only.",D:\Codex_分拆Prompt嚴格無到院\outputs\v2\.p104rv\sweep_20260906T171453Z_account-07_v2\t7\r,495fd8b721a4364841e152da79ef4513b21d49d4f952e334a3a0734328caee6d,D:\Codex_分拆Prompt嚴格無到院\outputs\v2\.p104k10\cloud_validation_index_20260906T211456Z\task_medicine__S3__dnr_broad_exclusion_validation.json,f146233a4e36e4f203155ff866f2922d424da5f379fa9cee9e66f4d78c2b30f4
medicine__S4__dnr_dnr_blind,medicine,S4,dnr,dnr_blind,dnr_blind / all_comer_reference,all_comer_reference,oof_2020_2023,RAW_LOCKED_BASE_PREDICTIONS,raw,VALIDATED_COMPUTED,Full locked input feature order,d5d5e2d8a0734a0ce9af97a6606994868307c154f09eee30ee788ada6108d568,764,"0.812961 [0.802426, 0.823396]","0.441771 [0.419123, 0.466588]",15995,2086,0.8129606240039782,0.8024258816826974,0.8233959111069412,0.44177067491704225,0.4191226111032063,0.466587601831771,0.10884568627703178,0.10646434394794568,0.11139391185840596,0.4609375,-0.01625507971241013,0.5,0.5,0.5,0.48082454458293383,0.9091954849378101,0.44263018534863197,0.9211158860805594,1003,1263,12646,1083,ESTIMATED,ESTIMATED,ESTIMATED,4ab36328c0862c491b74fa467d505c4c6f6a8d36c7275f4e1802d7e1561bc023,"Descriptive arm estimate. CI is an individual-arm CI, not a paired-difference CI; no significance claim for a delta. Raw layer; operating point is the recorded P104 comparator rule, not a final clinical threshold.",D:\Codex_分拆Prompt嚴格無到院\outputs\v2\.p104rv\sweep_20260906T211456Z_account-01_v2\t9\r,ae1d882e8098607ff9e5e049b298f9d497891d8edd9d4853701420c1374bab49,D:\Codex_分拆Prompt嚴格無到院\outputs\v2\.p104k10\cloud_validation_index_20260906T211456Z\task_medicine__S4__dnr_dnr_blind_validation.json,581f0c09df258fceea004e8110b3b4e1d6d64ea733efcefcbfb8276fcf8b42b0
medicine__S4__dnr_dnr_blind,medicine,S4,dnr,dnr_blind,dnr_blind / all_comer_reference,all_comer_reference,validation_2024,RAW_LOCKED_BASE_PREDICTIONS,raw,VALIDATED_COMPUTED,Full locked input feature order,d5d5e2d8a0734a0ce9af97a6606994868307c154f09eee30ee788ada6108d568,764,"0.815018 [0.797565, 0.832423]","0.429948 [0.394211, 0.469237]",4770,615,0.8150184418811697,0.797564646264495,0.8324230168610345,0.4299475676729327,0.3942105457147111,0.4692373776713878,0.11355498916467456,0.10895315223186887,0.1178680442311269,0.4314868804664723,-0.03459119496855346,0.5,0.5,0.5,0.4813008130081301,0.8890493381468111,0.3910171730515192,0.9205083478694244,296,461,3694,319,ESTIMATED,ESTIMATED,ESTIMATED,08ac8a7142544934c006bfdb617c8e34eb9d62b48e7a7f7b7c392189cbe21423,"Descriptive arm estimate. CI is an individual-arm CI, not a paired-difference CI; no significance claim for a delta. Raw layer; operating point is the recorded P104 comparator rule, not a final clinical threshold.",D:\Codex_分拆Prompt嚴格無到院\outputs\v2\.p104rv\sweep_20260906T211456Z_account-01_v2\t9\r,ae1d882e8098607ff9e5e049b298f9d497891d8edd9d4853701420c1374bab49,D:\Codex_分拆Prompt嚴格無到院\outputs\v2\.p104k10\cloud_validation_index_20260906T211456Z\task_medicine__S4__dnr_dnr_blind_validation.json,581f0c09df258fceea004e8110b3b4e1d6d64ea733efcefcbfb8276fcf8b42b0
medicine__S4__dnr_dnr_blind,medicine,S4,dnr,dnr_blind,dnr_blind / dnr_blind,dnr_blind,oof_2020_2023,RAW_LOCKED_BASE_PREDICTIONS,raw,VALIDATED_COMPUTED,Source-defined DNR-blind predictor exclusions; cohort rule shown by analysis,256f07d8ea37e6334079986b99af35bea86c951b1f4087c6f87db74e142bf8c0,756,"0.811833 [0.801826, 0.821957]","0.436114 [0.414934, 0.461695]",15995,2086,0.8118331750543716,0.8018264149754892,0.8219574098960915,0.4361135715336651,0.4149337424626151,0.4616954297155,0.11028771527469876,0.10769042310058476,0.11273385765789114,0.4540295119182747,-0.01994373241638012,0.5,0.5,0.5,0.4793863854266539,0.905169314832123,0.43122035360068994,0.9205908160280784,1000,1319,12590,1086,ESTIMATED,ESTIMATED,ESTIMATED,4ab36328c0862c491b74fa467d505c4c6f6a8d36c7275f4e1802d7e1561bc023,"Descriptive arm estimate. CI is an individual-arm CI, not a paired-difference CI; no significance claim for a delta. Raw layer; operating point is the recorded P104 comparator rule, not a final clinical threshold.",D:\Codex_分拆Prompt嚴格無到院\outputs\v2\.p104rv\sweep_20260906T211456Z_account-01_v2\t9\r,ae1d882e8098607ff9e5e049b298f9d497891d8edd9d4853701420c1374bab49,D:\Codex_分拆Prompt嚴格無到院\outputs\v2\.p104k10\cloud_validation_index_20260906T211456Z\task_medicine__S4__dnr_dnr_blind_validation.json,581f0c09df258fceea004e8110b3b4e1d6d64ea733efcefcbfb8276fcf8b42b0
medicine__S4__dnr_dnr_blind,medicine,S4,dnr,dnr_blind,dnr_blind / dnr_blind,dnr_blind,validation_2024,RAW_LOCKED_BASE_PREDICTIONS,raw,VALIDATED_COMPUTED,Source-defined DNR-blind predictor exclusions; cohort rule shown by analysis,256f07d8ea37e6334079986b99af35bea86c951b1f4087c6f87db74e142bf8c0,756,"0.813981 [0.796335, 0.83094]","0.424944 [0.388693, 0.462423]",4770,615,0.8139806091201707,0.7963354096010916,0.8309397645777556,0.4249440574948307,0.3886934243675347,0.462423343324769,0.11507759510928207,0.11044186470174834,0.11975715572427574,0.4373642288196959,-0.033962264150943396,0.5,0.5,0.5,0.49105691056910566,0.8883273164861613,0.39425587467362927,0.9218281718281718,302,464,3691,313,ESTIMATED,ESTIMATED,ESTIMATED,08ac8a7142544934c006bfdb617c8e34eb9d62b48e7a7f7b7c392189cbe21423,"Descriptive arm estimate. CI is an individual-arm CI, not a paired-difference CI; no significance claim for a delta. Raw layer; operating point is the recorded P104 comparator rule, not a final clinical threshold.",D:\Codex_分拆Prompt嚴格無到院\outputs\v2\.p104rv\sweep_20260906T211456Z_account-01_v2\t9\r,ae1d882e8098607ff9e5e049b298f9d497891d8edd9d4853701420c1374bab49,D:\Codex_分拆Prompt嚴格無到院\outputs\v2\.p104k10\cloud_validation_index_20260906T211456Z\task_medicine__S4__dnr_dnr_blind_validation.json,581f0c09df258fceea004e8110b3b4e1d6d64ea733efcefcbfb8276fcf8b42b0
medicine__S4__dnr_temporally_clean_exclusion,medicine,S4,dnr,temporally_clean_exclusion,temporally_clean_exclusion / all_comer_reference,all_comer_reference,oof_2020_2023,RAW_LOCKED_BASE_PREDICTIONS,raw,VALIDATED_COMPUTED,Full locked input feature order,d5d5e2d8a0734a0ce9af97a6606994868307c154f09eee30ee788ada6108d568,764,"0.812961 [0.802426, 0.823396]","0.441771 [0.419123, 0.466588]",15995,2086,0.8129606240039782,0.8024258816826974,0.8233959111069412,0.44177067491704225,0.4191226111032063,0.466587601831771,0.10884568627703178,0.10646434394794568,0.11139391185840596,0.4609375,-0.01625507971241013,0.5,0.5,0.5,0.48082454458293383,0.9091954849378101,0.44263018534863197,0.9211158860805594,1003,1263,12646,1083,ESTIMATED,ESTIMATED,ESTIMATED,4ab36328c0862c491b74fa467d505c4c6f6a8d36c7275f4e1802d7e1561bc023,"Descriptive arm estimate. CI is an individual-arm CI, not a paired-difference CI; no significance claim for a delta. Raw layer; operating point is the recorded P104 comparator rule, not a final clinical threshold.",D:\Codex_分拆Prompt嚴格無到院\outputs\v2\.p104rv\sweep_20260906T191424Z_account-02_v2\t9\r,8a5d2c3f1ae9f7c21a58c516286de8d8d8cbef4d1957bbfc45971df7c6bdb88b,D:\Codex_分拆Prompt嚴格無到院\outputs\v2\.p104k10\cloud_validation_index_20260906T211456Z\task_medicine__S4__dnr_temporally_clean_exclusion_validation.json,dbf7544d158db7d515bd8fd82c31735df95f357d55e2d2c2e73e71f28a9033b9
medicine__S4__dnr_temporally_clean_exclusion,medicine,S4,dnr,temporally_clean_exclusion,temporally_clean_exclusion / all_comer_reference,all_comer_reference,validation_2024,RAW_LOCKED_BASE_PREDICTIONS,raw,VALIDATED_COMPUTED,Full locked input feature order,d5d5e2d8a0734a0ce9af97a6606994868307c154f09eee30ee788ada6108d568,764,"0.815018 [0.797565, 0.832423]","0.429948 [0.394211, 0.469237]",4770,615,0.8150184418811697,0.797564646264495,0.8324230168610345,0.4299475676729327,0.3942105457147111,0.4692373776713878,0.11355498916467456,0.10895315223186887,0.1178680442311269,0.4314868804664723,-0.03459119496855346,0.5,0.5,0.5,0.4813008130081301,0.8890493381468111,0.3910171730515192,0.9205083478694244,296,461,3694,319,ESTIMATED,ESTIMATED,ESTIMATED,08ac8a7142544934c006bfdb617c8e34eb9d62b48e7a7f7b7c392189cbe21423,"Descriptive arm estimate. CI is an individual-arm CI, not a paired-difference CI; no significance claim for a delta. Raw layer; operating point is the recorded P104 comparator rule, not a final clinical threshold.",D:\Codex_分拆Prompt嚴格無到院\outputs\v2\.p104rv\sweep_20260906T191424Z_account-02_v2\t9\r,8a5d2c3f1ae9f7c21a58c516286de8d8d8cbef4d1957bbfc45971df7c6bdb88b,D:\Codex_分拆Prompt嚴格無到院\outputs\v2\.p104k10\cloud_validation_index_20260906T211456Z\task_medicine__S4__dnr_temporally_clean_exclusion_validation.json,dbf7544d158db7d515bd8fd82c31735df95f357d55e2d2c2e73e71f28a9033b9
medicine__S4__dnr_temporally_clean_exclusion,medicine,S4,dnr,temporally_clean_exclusion,temporally_clean_exclusion / temporally_clean_exclusion,temporally_clean_exclusion,oof_2020_2023,RAW_LOCKED_BASE_PREDICTIONS,raw,VALIDATED_COMPUTED,Source-defined DNR-blind predictor exclusions; cohort rule shown by analysis,256f07d8ea37e6334079986b99af35bea86c951b1f4087c6f87db74e142bf8c0,756,"0.812199 [0.802565, 0.821634]","0.438329 [0.41651, 0.46243]",15993,2086,0.8121985306998599,0.8025649139060551,0.8216339351337033,0.4383285371951264,0.41651044935054743,0.4624298046271302,0.11012515001875206,0.10771924469274084,0.11271675242426883,0.4577767715644102,-0.019320952916901144,0.5,0.5,0.5,0.48465963566634707,0.9050837707629251,0.4337194337194337,0.9213145952276387,1011,1320,12587,1075,ESTIMATED,ESTIMATED,ESTIMATED,8e98ce0eee5ad282b79fbf8009fc74f8ad1f039d1a3f998335883916082877e2,"Descriptive arm estimate. CI is an individual-arm CI, not a paired-difference CI; no significance claim for a delta. Raw layer; operating point is the recorded P104 comparator rule, not a final clinical threshold.",D:\Codex_分拆Prompt嚴格無到院\outputs\v2\.p104rv\sweep_20260906T191424Z_account-02_v2\t9\r,8a5d2c3f1ae9f7c21a58c516286de8d8d8cbef4d1957bbfc45971df7c6bdb88b,D:\Codex_分拆Prompt嚴格無到院\outputs\v2\.p104k10\cloud_validation_index_20260906T211456Z\task_medicine__S4__dnr_temporally_clean_exclusion_validation.json,dbf7544d158db7d515bd8fd82c31735df95f357d55e2d2c2e73e71f28a9033b9
medicine__S4__dnr_temporally_clean_exclusion,medicine,S4,dnr,temporally_clean_exclusion,temporally_clean_exclusion / temporally_clean_exclusion,temporally_clean_exclusion,validation_2024,RAW_LOCKED_BASE_PREDICTIONS,raw,VALIDATED_COMPUTED,Source-defined DNR-blind predictor exclusions; cohort rule shown by analysis,256f07d8ea37e6334079986b99af35bea86c951b1f4087c6f87db74e142bf8c0,756,"0.815083 [0.797278, 0.831436]","0.426656 [0.39067, 0.463444]",4768,614,0.8150826721703033,0.7972782404249839,0.831436451642765,0.42665586813396683,0.390670110225718,0.46344433871582624,0.11475663637382486,0.1105674104709525,0.11924759591004169,0.4395924308588064,-0.03271812080536913,0.5,0.5,0.5,0.49185667752442996,0.889744824265768,0.3973684210526316,0.9221556886227545,302,458,3696,312,ESTIMATED,ESTIMATED,ESTIMATED,bd1c444af87bc128227371df075500129a691681f727a2809c7fc325c8a6894b,"Descriptive arm estimate. CI is an individual-arm CI, not a paired-difference CI; no significance claim for a delta. Raw layer; operating point is the recorded P104 comparator rule, not a final clinical threshold.",D:\Codex_分拆Prompt嚴格無到院\outputs\v2\.p104rv\sweep_20260906T191424Z_account-02_v2\t9\r,8a5d2c3f1ae9f7c21a58c516286de8d8d8cbef4d1957bbfc45971df7c6bdb88b,D:\Codex_分拆Prompt嚴格無到院\outputs\v2\.p104k10\cloud_validation_index_20260906T211456Z\task_medicine__S4__dnr_temporally_clean_exclusion_validation.json,dbf7544d158db7d515bd8fd82c31735df95f357d55e2d2c2e73e71f28a9033b9
medicine__S4__dnr_broad_exclusion,medicine,S4,dnr,broad_exclusion,broad_exclusion / all_comer_reference,all_comer_reference,oof_2020_2023,RAW_LOCKED_BASE_PREDICTIONS,raw,VALIDATED_COMPUTED,Full locked input feature order,d5d5e2d8a0734a0ce9af97a6606994868307c154f09eee30ee788ada6108d568,764,"0.812961 [0.802426, 0.823396]","0.441771 [0.419123, 0.466588]",15995,2086,0.8129606240039782,0.8024258816826974,0.8233959111069412,0.44177067491704225,0.4191226111032063,0.466587601831771,0.10884568627703178,0.10646434394794568,0.11139391185840596,0.4609375,-0.01625507971241013,0.5,0.5,0.5,0.48082454458293383,0.9091954849378101,0.44263018534863197,0.9211158860805594,1003,1263,12646,1083,ESTIMATED,ESTIMATED,ESTIMATED,4ab36328c0862c491b74fa467d505c4c6f6a8d36c7275f4e1802d7e1561bc023,"Descriptive arm estimate. CI is an individual-arm CI, not a paired-difference CI; no significance claim for a delta. Raw layer; operating point is the recorded P104 comparator rule, not a final clinical threshold. Broad DNR may include post-index records; sensitivity only.",D:\Codex_分拆Prompt嚴格無到院\outputs\v2\.p104rv\sweep_20260906T151250Z_account-10_v2\t8\r,344e346ae3eaecfec9247d9494b283c3f8a533edd3c22b103883f44b6197f854,D:\Codex_分拆Prompt嚴格無到院\outputs\v2\.p104k10\cloud_validation_index_20260906T211456Z\task_medicine__S4__dnr_broad_exclusion_validation.json,7d560a1917475984c07efda4e96ab284e18e6fc386e361a450439a3972007fef
medicine__S4__dnr_broad_exclusion,medicine,S4,dnr,broad_exclusion,broad_exclusion / all_comer_reference,all_comer_reference,validation_2024,RAW_LOCKED_BASE_PREDICTIONS,raw,VALIDATED_COMPUTED,Full locked input feature order,d5d5e2d8a0734a0ce9af97a6606994868307c154f09eee30ee788ada6108d568,764,"0.815018 [0.797565, 0.832423]","0.429948 [0.394211, 0.469237]",4770,615,0.8150184418811697,0.797564646264495,0.8324230168610345,0.4299475676729327,0.3942105457147111,0.4692373776713878,0.11355498916467456,0.10895315223186887,0.1178680442311269,0.4314868804664723,-0.03459119496855346,0.5,0.5,0.5,0.4813008130081301,0.8890493381468111,0.3910171730515192,0.9205083478694244,296,461,3694,319,ESTIMATED,ESTIMATED,ESTIMATED,08ac8a7142544934c006bfdb617c8e34eb9d62b48e7a7f7b7c392189cbe21423,"Descriptive arm estimate. CI is an individual-arm CI, not a paired-difference CI; no significance claim for a delta. Raw layer; operating point is the recorded P104 comparator rule, not a final clinical threshold. Broad DNR may include post-index records; sensitivity only.",D:\Codex_分拆Prompt嚴格無到院\outputs\v2\.p104rv\sweep_20260906T151250Z_account-10_v2\t8\r,344e346ae3eaecfec9247d9494b283c3f8a533edd3c22b103883f44b6197f854,D:\Codex_分拆Prompt嚴格無到院\outputs\v2\.p104k10\cloud_validation_index_20260906T211456Z\task_medicine__S4__dnr_broad_exclusion_validation.json,7d560a1917475984c07efda4e96ab284e18e6fc386e361a450439a3972007fef
medicine__S4__dnr_broad_exclusion,medicine,S4,dnr,broad_exclusion,broad_exclusion / broad_exclusion,broad_exclusion,oof_2020_2023,RAW_LOCKED_BASE_PREDICTIONS,raw,VALIDATED_COMPUTED,Source-defined DNR-blind predictor exclusions; cohort rule shown by analysis,256f07d8ea37e6334079986b99af35bea86c951b1f4087c6f87db74e142bf8c0,756,"0.826075 [0.815593, 0.836856]","0.490078 [0.465505, 0.514858]",14828,1859,0.8260754708200393,0.8155927777310954,0.8368557663431525,0.49007761529693783,0.46550481680972344,0.5148575481081719,0.09997161713359047,0.09740756071777888,0.10258565969131837,0.4901016586409845,-0.0031696789857027247,0.5,0.5,0.5,0.49273803119956966,0.9257460097154754,0.4874933475252794,0.9271758436944938,916,963,12006,943,ESTIMATED,ESTIMATED,ESTIMATED,7d5bc28bd17b156b6c7b063eacbd996be318009974a390d3f451b9edfe8e3994,"Descriptive arm estimate. CI is an individual-arm CI, not a paired-difference CI; no significance claim for a delta. Raw layer; operating point is the recorded P104 comparator rule, not a final clinical threshold. Broad DNR may include post-index records; sensitivity only.",D:\Codex_分拆Prompt嚴格無到院\outputs\v2\.p104rv\sweep_20260906T151250Z_account-10_v2\t8\r,344e346ae3eaecfec9247d9494b283c3f8a533edd3c22b103883f44b6197f854,D:\Codex_分拆Prompt嚴格無到院\outputs\v2\.p104k10\cloud_validation_index_20260906T211456Z\task_medicine__S4__dnr_broad_exclusion_validation.json,7d560a1917475984c07efda4e96ab284e18e6fc386e361a450439a3972007fef
medicine__S4__dnr_broad_exclusion,medicine,S4,dnr,broad_exclusion,broad_exclusion / broad_exclusion,broad_exclusion,validation_2024,RAW_LOCKED_BASE_PREDICTIONS,raw,VALIDATED_COMPUTED,Source-defined DNR-blind predictor exclusions; cohort rule shown by analysis,256f07d8ea37e6334079986b99af35bea86c951b1f4087c6f87db74e142bf8c0,756,"0.838985 [0.82259, 0.85506]","0.478753 [0.440701, 0.520343]",4405,569,0.8389849378105123,0.8225900398843774,0.8550597381381014,0.4787530857022805,0.44070121194997686,0.5203426144655091,0.10675397971442771,0.10165595412698888,0.11156652846800257,0.47549019607843135,-0.016572077185017027,0.5,0.5,0.5,0.5114235500878734,0.9051094890510949,0.4442748091603053,0.9258666666666666,291,364,3472,278,ESTIMATED,ESTIMATED,ESTIMATED,de1654e74b2a3b3d864f40cf8c390374de973dfa92a6b33eda4c1145827dffaa,"Descriptive arm estimate. CI is an individual-arm CI, not a paired-difference CI; no significance claim for a delta. Raw layer; operating point is the recorded P104 comparator rule, not a final clinical threshold. Broad DNR may include post-index records; sensitivity only.",D:\Codex_分拆Prompt嚴格無到院\outputs\v2\.p104rv\sweep_20260906T151250Z_account-10_v2\t8\r,344e346ae3eaecfec9247d9494b283c3f8a533edd3c22b103883f44b6197f854,D:\Codex_分拆Prompt嚴格無到院\outputs\v2\.p104k10\cloud_validation_index_20260906T211456Z\task_medicine__S4__dnr_broad_exclusion_validation.json,7d560a1917475984c07efda4e96ab284e18e6fc386e361a450439a3972007fef
medicine__S5__dnr_dnr_blind,medicine,S5,dnr,dnr_blind,dnr_blind / all_comer_reference,all_comer_reference,oof_2020_2023,RAW_LOCKED_BASE_PREDICTIONS,raw,VALIDATED_COMPUTED,Full locked input feature order,d5d5e2d8a0734a0ce9af97a6606994868307c154f09eee30ee788ada6108d568,764,"0.801611 [0.777758, 0.82517]","0.102797 [0.0833784, 0.130517]",15995,351,0.8016111326006492,0.77775797477387,0.82516963691988,0.10279740470581007,0.08337844308038378,0.13051674370487187,0.020597502192482416,0.019960856488707362,0.021290493682384674,0.005681818181818182,6.251953735542357e-05,0.5,0.5,0.5,0.002849002849002849,1.0,1.0,0.9781167937976741,1,0,15644,350,ESTIMATED,ESTIMATED,ESTIMATED,10abade4f9eec1c78184d89a0be1e2394ec1bb72fff8daba846466c260d8c809,"Descriptive arm estimate. CI is an individual-arm CI, not a paired-difference CI; no significance claim for a delta. Raw layer; operating point is the recorded P104 comparator rule, not a final clinical threshold.",D:\Codex_分拆Prompt嚴格無到院\outputs\v2\.p104rv\sweep_20260906T161352Z_account-04_v3\t10\r,60ad2367dc4f6d15c63a4af5c58301b2f31248a8cee65fcd7c57e0a0962d5b64,D:\Codex_分拆Prompt嚴格無到院\outputs\v2\.p104k10\cloud_validation_index_20260906T211456Z\task_medicine__S5__dnr_dnr_blind_validation.json,d1e7f66768f434f39bcb8b83887a02a793fa2d54a9a3d40ea5765b7d4731ac3d
medicine__S5__dnr_dnr_blind,medicine,S5,dnr,dnr_blind,dnr_blind / all_comer_reference,all_comer_reference,validation_2024,RAW_LOCKED_BASE_PREDICTIONS,raw,VALIDATED_COMPUTED,Full locked input feature order,d5d5e2d8a0734a0ce9af97a6606994868307c154f09eee30ee788ada6108d568,764,"0.795413 [0.748967, 0.836561]","0.0797858 [0.0569424, 0.132616]",4770,90,0.7954131054131054,0.7489666534710383,0.8365606818919221,0.0797858181880815,0.05694243824455249,0.13261572739085378,0.01802372754491968,0.017433866931216405,0.01862931187624444,0.0,0.0,0.5,0.5,0.5,0.0,1.0,,0.9811320754716981,0,0,4680,90,ESTIMATED,ESTIMATED,ESTIMATED,f9e75726c5e1b8df1a827a087784cb536b154bd808562b8e2bd2c8e099431005,"Descriptive arm estimate. CI is an individual-arm CI, not a paired-difference CI; no significance claim for a delta. Raw layer; operating point is the recorded P104 comparator rule, not a final clinical threshold.",D:\Codex_分拆Prompt嚴格無到院\outputs\v2\.p104rv\sweep_20260906T161352Z_account-04_v3\t10\r,60ad2367dc4f6d15c63a4af5c58301b2f31248a8cee65fcd7c57e0a0962d5b64,D:\Codex_分拆Prompt嚴格無到院\outputs\v2\.p104k10\cloud_validation_index_20260906T211456Z\task_medicine__S5__dnr_dnr_blind_validation.json,d1e7f66768f434f39bcb8b83887a02a793fa2d54a9a3d40ea5765b7d4731ac3d
medicine__S5__dnr_dnr_blind,medicine,S5,dnr,dnr_blind,dnr_blind / dnr_blind,dnr_blind,oof_2020_2023,RAW_LOCKED_BASE_PREDICTIONS,raw,VALIDATED_COMPUTED,Source-defined DNR-blind predictor exclusions; cohort rule shown by analysis,256f07d8ea37e6334079986b99af35bea86c951b1f4087c6f87db74e142bf8c0,756,"0.799902 [0.774736, 0.823309]","0.104657 [0.0854948, 0.136706]",15995,351,0.7999021679666016,0.7747362210646462,0.8233092922306938,0.10465650340747379,0.08549478386767966,0.1367060537785971,0.020567947621798286,0.019939757420946967,0.021259881805786765,0.0,0.0,0.5,0.5,0.5,0.0,1.0,,0.9780556423882464,0,0,15644,351,ESTIMATED,ESTIMATED,ESTIMATED,10abade4f9eec1c78184d89a0be1e2394ec1bb72fff8daba846466c260d8c809,"Descriptive arm estimate. CI is an individual-arm CI, not a paired-difference CI; no significance claim for a delta. Raw layer; operating point is the recorded P104 comparator rule, not a final clinical threshold.",D:\Codex_分拆Prompt嚴格無到院\outputs\v2\.p104rv\sweep_20260906T161352Z_account-04_v3\t10\r,60ad2367dc4f6d15c63a4af5c58301b2f31248a8cee65fcd7c57e0a0962d5b64,D:\Codex_分拆Prompt嚴格無到院\outputs\v2\.p104k10\cloud_validation_index_20260906T211456Z\task_medicine__S5__dnr_dnr_blind_validation.json,d1e7f66768f434f39bcb8b83887a02a793fa2d54a9a3d40ea5765b7d4731ac3d
medicine__S5__dnr_dnr_blind,medicine,S5,dnr,dnr_blind,dnr_blind / dnr_blind,dnr_blind,validation_2024,RAW_LOCKED_BASE_PREDICTIONS,raw,VALIDATED_COMPUTED,Source-defined DNR-blind predictor exclusions; cohort rule shown by analysis,256f07d8ea37e6334079986b99af35bea86c951b1f4087c6f87db74e142bf8c0,756,"0.785292 [0.739148, 0.829807]","0.0713462 [0.0521661, 0.114502]",4770,90,0.7852920227920227,0.7391484681061723,0.8298071116442498,0.0713461930931798,0.052166062207129854,0.11450150488524687,0.01812893738202606,0.017552794975146113,0.018693238878522197,0.0,0.0,0.5,0.5,0.5,0.0,1.0,,0.9811320754716981,0,0,4680,90,ESTIMATED,ESTIMATED,ESTIMATED,f9e75726c5e1b8df1a827a087784cb536b154bd808562b8e2bd2c8e099431005,"Descriptive arm estimate. CI is an individual-arm CI, not a paired-difference CI; no significance claim for a delta. Raw layer; operating point is the recorded P104 comparator rule, not a final clinical threshold.",D:\Codex_分拆Prompt嚴格無到院\outputs\v2\.p104rv\sweep_20260906T161352Z_account-04_v3\t10\r,60ad2367dc4f6d15c63a4af5c58301b2f31248a8cee65fcd7c57e0a0962d5b64,D:\Codex_分拆Prompt嚴格無到院\outputs\v2\.p104k10\cloud_validation_index_20260906T211456Z\task_medicine__S5__dnr_dnr_blind_validation.json,d1e7f66768f434f39bcb8b83887a02a793fa2d54a9a3d40ea5765b7d4731ac3d
medicine__S5__dnr_temporally_clean_exclusion,medicine,S5,dnr,temporally_clean_exclusion,temporally_clean_exclusion / all_comer_reference,all_comer_reference,oof_2020_2023,RAW_LOCKED_BASE_PREDICTIONS,raw,VALIDATED_COMPUTED,Full locked input feature order,d5d5e2d8a0734a0ce9af97a6606994868307c154f09eee30ee788ada6108d568,764,"0.801611 [0.777758, 0.82517]","0.102797 [0.0833784, 0.130517]",15995,351,0.8016111326006492,0.77775797477387,0.82516963691988,0.10279740470581007,0.08337844308038378,0.13051674370487187,0.020597502192482416,0.019960856488707362,0.021290493682384674,0.005681818181818182,6.251953735542357e-05,0.5,0.5,0.5,0.002849002849002849,1.0,1.0,0.9781167937976741,1,0,15644,350,ESTIMATED,ESTIMATED,ESTIMATED,10abade4f9eec1c78184d89a0be1e2394ec1bb72fff8daba846466c260d8c809,"Descriptive arm estimate. CI is an individual-arm CI, not a paired-difference CI; no significance claim for a delta. Raw layer; operating point is the recorded P104 comparator rule, not a final clinical threshold.",D:\Codex_分拆Prompt嚴格無到院\outputs\v2\.p104rv\sweep_20260906T151250Z_account-05_v2\t10\r,708f1d61f2aff969a8eebb49a9c4a8bd70fd2fd3fc8b12c92a5354e8d9d741ec,D:\Codex_分拆Prompt嚴格無到院\outputs\v2\.p104k10\cloud_validation_index_20260906T211456Z\task_medicine__S5__dnr_temporally_clean_exclusion_validation.json,a40c09f9dfdf14408fa5d814e1498f0d9572dd456731521125d5b67a947f1b7d
medicine__S5__dnr_temporally_clean_exclusion,medicine,S5,dnr,temporally_clean_exclusion,temporally_clean_exclusion / all_comer_reference,all_comer_reference,validation_2024,RAW_LOCKED_BASE_PREDICTIONS,raw,VALIDATED_COMPUTED,Full locked input feature order,d5d5e2d8a0734a0ce9af97a6606994868307c154f09eee30ee788ada6108d568,764,"0.795413 [0.748967, 0.836561]","0.0797858 [0.0569424, 0.132616]",4770,90,0.7954131054131054,0.7489666534710383,0.8365606818919221,0.0797858181880815,0.05694243824455249,0.13261572739085378,0.01802372754491968,0.017433866931216405,0.01862931187624444,0.0,0.0,0.5,0.5,0.5,0.0,1.0,,0.9811320754716981,0,0,4680,90,ESTIMATED,ESTIMATED,ESTIMATED,f9e75726c5e1b8df1a827a087784cb536b154bd808562b8e2bd2c8e099431005,"Descriptive arm estimate. CI is an individual-arm CI, not a paired-difference CI; no significance claim for a delta. Raw layer; operating point is the recorded P104 comparator rule, not a final clinical threshold.",D:\Codex_分拆Prompt嚴格無到院\outputs\v2\.p104rv\sweep_20260906T151250Z_account-05_v2\t10\r,708f1d61f2aff969a8eebb49a9c4a8bd70fd2fd3fc8b12c92a5354e8d9d741ec,D:\Codex_分拆Prompt嚴格無到院\outputs\v2\.p104k10\cloud_validation_index_20260906T211456Z\task_medicine__S5__dnr_temporally_clean_exclusion_validation.json,a40c09f9dfdf14408fa5d814e1498f0d9572dd456731521125d5b67a947f1b7d
medicine__S5__dnr_temporally_clean_exclusion,medicine,S5,dnr,temporally_clean_exclusion,temporally_clean_exclusion / temporally_clean_exclusion,temporally_clean_exclusion,oof_2020_2023,RAW_LOCKED_BASE_PREDICTIONS,raw,VALIDATED_COMPUTED,Source-defined DNR-blind predictor exclusions; cohort rule shown by analysis,256f07d8ea37e6334079986b99af35bea86c951b1f4087c6f87db74e142bf8c0,756,"0.800546 [0.776723, 0.823516]","0.108281 [0.0868961, 0.135756]",15993,351,0.8005463047657141,0.7767229479970899,0.8235162157159605,0.1082812772148597,0.0868960708603324,0.13575587028954114,0.020570557183422346,0.01993936750188045,0.021299717482295203,0.0,0.0,0.5,0.5,0.5,0.0,1.0,,0.9780528981429375,0,0,15642,351,ESTIMATED,ESTIMATED,ESTIMATED,3b2f842c8b91a01711756b8dfe0be38272a780b2066669695acfc477e7495431,"Descriptive arm estimate. CI is an individual-arm CI, not a paired-difference CI; no significance claim for a delta. Raw layer; operating point is the recorded P104 comparator rule, not a final clinical threshold.",D:\Codex_分拆Prompt嚴格無到院\outputs\v2\.p104rv\sweep_20260906T151250Z_account-05_v2\t10\r,708f1d61f2aff969a8eebb49a9c4a8bd70fd2fd3fc8b12c92a5354e8d9d741ec,D:\Codex_分拆Prompt嚴格無到院\outputs\v2\.p104k10\cloud_validation_index_20260906T211456Z\task_medicine__S5__dnr_temporally_clean_exclusion_validation.json,a40c09f9dfdf14408fa5d814e1498f0d9572dd456731521125d5b67a947f1b7d
medicine__S5__dnr_temporally_clean_exclusion,medicine,S5,dnr,temporally_clean_exclusion,temporally_clean_exclusion / temporally_clean_exclusion,temporally_clean_exclusion,validation_2024,RAW_LOCKED_BASE_PREDICTIONS,raw,VALIDATED_COMPUTED,Source-defined DNR-blind predictor exclusions; cohort rule shown by analysis,256f07d8ea37e6334079986b99af35bea86c951b1f4087c6f87db74e142bf8c0,756,"0.786877 [0.739011, 0.830699]","0.0694849 [0.0516018, 0.108847]",4768,90,0.7868771079758681,0.739011233246557,0.8306988417151435,0.0694849196980274,0.051601786300525664,0.10884717029817684,0.018154412550200175,0.017616055170935275,0.018724270014878155,0.0,0.0,0.5,0.5,0.5,0.0,1.0,,0.9811241610738255,0,0,4678,90,ESTIMATED,ESTIMATED,ESTIMATED,1f54d82776cd38d5e8818e7e8c75f5e203dcffab540d7d1f287f45e33f245f82,"Descriptive arm estimate. CI is an individual-arm CI, not a paired-difference CI; no significance claim for a delta. Raw layer; operating point is the recorded P104 comparator rule, not a final clinical threshold.",D:\Codex_分拆Prompt嚴格無到院\outputs\v2\.p104rv\sweep_20260906T151250Z_account-05_v2\t10\r,708f1d61f2aff969a8eebb49a9c4a8bd70fd2fd3fc8b12c92a5354e8d9d741ec,D:\Codex_分拆Prompt嚴格無到院\outputs\v2\.p104k10\cloud_validation_index_20260906T211456Z\task_medicine__S5__dnr_temporally_clean_exclusion_validation.json,a40c09f9dfdf14408fa5d814e1498f0d9572dd456731521125d5b67a947f1b7d
medicine__S5__dnr_broad_exclusion,medicine,S5,dnr,broad_exclusion,broad_exclusion / all_comer_reference,all_comer_reference,oof_2020_2023,RAW_LOCKED_BASE_PREDICTIONS,raw,VALIDATED_COMPUTED,Full locked input feature order,d5d5e2d8a0734a0ce9af97a6606994868307c154f09eee30ee788ada6108d568,764,"0.801611 [0.777758, 0.82517]","0.102797 [0.0833784, 0.130517]",15995,351,0.8016111326006492,0.77775797477387,0.82516963691988,0.10279740470581007,0.08337844308038378,0.13051674370487187,0.020597502192482416,0.019960856488707362,0.021290493682384674,0.005681818181818182,6.251953735542357e-05,0.5,0.5,0.5,0.002849002849002849,1.0,1.0,0.9781167937976741,1,0,15644,350,ESTIMATED,ESTIMATED,ESTIMATED,10abade4f9eec1c78184d89a0be1e2394ec1bb72fff8daba846466c260d8c809,"Descriptive arm estimate. CI is an individual-arm CI, not a paired-difference CI; no significance claim for a delta. Raw layer; operating point is the recorded P104 comparator rule, not a final clinical threshold. Broad DNR may include post-index records; sensitivity only.",D:\Codex_分拆Prompt嚴格無到院\outputs\v2\.p104rv\sweep_20260906T171453Z_account-03_v2\t10\r,0ed5a93b77753cda86ff9b093560f86c6020bfec94435348b51de85b41d7a730,D:\Codex_分拆Prompt嚴格無到院\outputs\v2\.p104k10\cloud_validation_index_20260906T211456Z\task_medicine__S5__dnr_broad_exclusion_validation.json,8f7b04f54f4acd45729d89e4eca60c72aa582ec79f59c11d745714c896bdc48a
medicine__S5__dnr_broad_exclusion,medicine,S5,dnr,broad_exclusion,broad_exclusion / all_comer_reference,all_comer_reference,validation_2024,RAW_LOCKED_BASE_PREDICTIONS,raw,VALIDATED_COMPUTED,Full locked input feature order,d5d5e2d8a0734a0ce9af97a6606994868307c154f09eee30ee788ada6108d568,764,"0.795413 [0.748967, 0.836561]","0.0797858 [0.0569424, 0.132616]",4770,90,0.7954131054131054,0.7489666534710383,0.8365606818919221,0.0797858181880815,0.05694243824455249,0.13261572739085378,0.01802372754491968,0.017433866931216405,0.01862931187624444,0.0,0.0,0.5,0.5,0.5,0.0,1.0,,0.9811320754716981,0,0,4680,90,ESTIMATED,ESTIMATED,ESTIMATED,f9e75726c5e1b8df1a827a087784cb536b154bd808562b8e2bd2c8e099431005,"Descriptive arm estimate. CI is an individual-arm CI, not a paired-difference CI; no significance claim for a delta. Raw layer; operating point is the recorded P104 comparator rule, not a final clinical threshold. Broad DNR may include post-index records; sensitivity only.",D:\Codex_分拆Prompt嚴格無到院\outputs\v2\.p104rv\sweep_20260906T171453Z_account-03_v2\t10\r,0ed5a93b77753cda86ff9b093560f86c6020bfec94435348b51de85b41d7a730,D:\Codex_分拆Prompt嚴格無到院\outputs\v2\.p104k10\cloud_validation_index_20260906T211456Z\task_medicine__S5__dnr_broad_exclusion_validation.json,8f7b04f54f4acd45729d89e4eca60c72aa582ec79f59c11d745714c896bdc48a
medicine__S5__dnr_broad_exclusion,medicine,S5,dnr,broad_exclusion,broad_exclusion / broad_exclusion,broad_exclusion,oof_2020_2023,RAW_LOCKED_BASE_PREDICTIONS,raw,VALIDATED_COMPUTED,Source-defined DNR-blind predictor exclusions; cohort rule shown by analysis,256f07d8ea37e6334079986b99af35bea86c951b1f4087c6f87db74e142bf8c0,756,"0.815018 [0.790178, 0.839347]","0.121217 [0.0978074, 0.153627]",14828,315,0.8150183907367121,0.7901782139266865,0.839346887181325,0.12121730975610412,0.09780742644132713,0.15362673024986045,0.01979428751706776,0.01914389952679962,0.020465416104699735,0.012618296529968454,0.0001348799568384138,0.5,0.5,0.5,0.006349206349206349,1.0,1.0,0.9788884392283825,2,0,14513,313,ESTIMATED,ESTIMATED,ESTIMATED,b5fe44cd4d19ea81e8d3cf30e29015732de688a8715cf2612488e2319f405732,"Descriptive arm estimate. CI is an individual-arm CI, not a paired-difference CI; no significance claim for a delta. Raw layer; operating point is the recorded P104 comparator rule, not a final clinical threshold. Broad DNR may include post-index records; sensitivity only.",D:\Codex_分拆Prompt嚴格無到院\outputs\v2\.p104rv\sweep_20260906T171453Z_account-03_v2\t10\r,0ed5a93b77753cda86ff9b093560f86c6020bfec94435348b51de85b41d7a730,D:\Codex_分拆Prompt嚴格無到院\outputs\v2\.p104k10\cloud_validation_index_20260906T211456Z\task_medicine__S5__dnr_broad_exclusion_validation.json,8f7b04f54f4acd45729d89e4eca60c72aa582ec79f59c11d745714c896bdc48a
medicine__S5__dnr_broad_exclusion,medicine,S5,dnr,broad_exclusion,broad_exclusion / broad_exclusion,broad_exclusion,validation_2024,RAW_LOCKED_BASE_PREDICTIONS,raw,VALIDATED_COMPUTED,Source-defined DNR-blind predictor exclusions; cohort rule shown by analysis,256f07d8ea37e6334079986b99af35bea86c951b1f4087c6f87db74e142bf8c0,756,"0.809752 [0.761974, 0.85456]","0.093124 [0.0679144, 0.146772]",4405,84,0.8097524823398463,0.7619741821271246,0.8545602002484703,0.09312403168039088,0.06791440177155593,0.14677160256402988,0.018083772607916524,0.01746863415493964,0.01868425698855517,0.0,0.0,0.5,0.5,0.5,0.0,1.0,,0.9809307604994325,0,0,4321,84,ESTIMATED,ESTIMATED,ESTIMATED,fd9924264af49a281b9f99c0713e72f7d4e8785aa576740265ecb524798fa0f1,"Descriptive arm estimate. CI is an individual-arm CI, not a paired-difference CI; no significance claim for a delta. Raw layer; operating point is the recorded P104 comparator rule, not a final clinical threshold. Broad DNR may include post-index records; sensitivity only.",D:\Codex_分拆Prompt嚴格無到院\outputs\v2\.p104rv\sweep_20260906T171453Z_account-03_v2\t10\r,0ed5a93b77753cda86ff9b093560f86c6020bfec94435348b51de85b41d7a730,D:\Codex_分拆Prompt嚴格無到院\outputs\v2\.p104k10\cloud_validation_index_20260906T211456Z\task_medicine__S5__dnr_broad_exclusion_validation.json,8f7b04f54f4acd45729d89e4eca60c72aa582ec79f59c11d745714c896bdc48a
medicine__S6__dnr_dnr_blind,medicine,S6,dnr,dnr_blind,dnr_blind / all_comer_reference,all_comer_reference,oof_2020_2023,RAW_LOCKED_BASE_PREDICTIONS,raw,VALIDATED_COMPUTED,Full locked input feature order,d5d5e2d8a0734a0ce9af97a6606994868307c154f09eee30ee788ada6108d568,764,"0.777754 [0.762172, 0.791806]","0.212385 [0.188756, 0.238808]",15995,1018,0.7777536558020267,0.7621716619599004,0.7918063322324274,0.2123850949524815,0.18875633849224221,0.23880842692351176,0.12211617079999554,0.11972100098425237,0.12456584401600117,0.27529923830250275,-0.1029071584870272,0.5,0.5,0.5,0.49705304518664045,0.8563130132870401,0.19036869826937547,0.9616105570967984,506,2152,12825,512,ESTIMATED,ESTIMATED,ESTIMATED,9bed4583cc77ad824a528e41f5282a2300a376e06778a158c14dcce8acb56118,"Descriptive arm estimate. CI is an individual-arm CI, not a paired-difference CI; no significance claim for a delta. Raw layer; operating point is the recorded P104 comparator rule, not a final clinical threshold.",D:\Codex_分拆Prompt嚴格無到院\outputs\v2\.p104rv\sweep_20260906T171453Z_account-07_v2\t11\r,d1505b64c08f7acf0adb7d5afc9b3a03be0812ae12df4ea3fcde3cbf13b57779,D:\Codex_分拆Prompt嚴格無到院\outputs\v2\.p104k10\cloud_validation_index_20260906T211456Z\task_medicine__S6__dnr_dnr_blind_validation.json,4d1cf4e7037ba0f4f2ee17e3ad7a0d074a5ce4ce99564a7df08a32e03e2631fe
medicine__S6__dnr_dnr_blind,medicine,S6,dnr,dnr_blind,dnr_blind / all_comer_reference,all_comer_reference,validation_2024,RAW_LOCKED_BASE_PREDICTIONS,raw,VALIDATED_COMPUTED,Full locked input feature order,d5d5e2d8a0734a0ce9af97a6606994868307c154f09eee30ee788ada6108d568,764,"0.759241 [0.733611, 0.786648]","0.167808 [0.14334, 0.205703]",4770,288,0.7592406663691804,0.7336106572943398,0.7866475867853393,0.16780777413461395,0.14333962974743772,0.205703451578417,0.12889525565031743,0.12503672442995362,0.13277149317762107,0.2334267040149393,-0.11174004192872117,0.5,0.5,0.5,0.4340277777777778,0.8531905399375279,0.15964240102171137,0.9591171306746927,125,658,3824,163,ESTIMATED,ESTIMATED,ESTIMATED,efada2806e5f43ebbea0c1ae9edabfc01363a61a190de98a6843f8f4212121c1,"Descriptive arm estimate. CI is an individual-arm CI, not a paired-difference CI; no significance claim for a delta. Raw layer; operating point is the recorded P104 comparator rule, not a final clinical threshold.",D:\Codex_分拆Prompt嚴格無到院\outputs\v2\.p104rv\sweep_20260906T171453Z_account-07_v2\t11\r,d1505b64c08f7acf0adb7d5afc9b3a03be0812ae12df4ea3fcde3cbf13b57779,D:\Codex_分拆Prompt嚴格無到院\outputs\v2\.p104k10\cloud_validation_index_20260906T211456Z\task_medicine__S6__dnr_dnr_blind_validation.json,4d1cf4e7037ba0f4f2ee17e3ad7a0d074a5ce4ce99564a7df08a32e03e2631fe
medicine__S6__dnr_dnr_blind,medicine,S6,dnr,dnr_blind,dnr_blind / dnr_blind,dnr_blind,oof_2020_2023,RAW_LOCKED_BASE_PREDICTIONS,raw,VALIDATED_COMPUTED,Source-defined DNR-blind predictor exclusions; cohort rule shown by analysis,256f07d8ea37e6334079986b99af35bea86c951b1f4087c6f87db74e142bf8c0,756,"0.778161 [0.762962, 0.792249]","0.211561 [0.189243, 0.237933]",15995,1018,0.7781612224533413,0.7629622948954933,0.7922488546481367,0.21156105772105438,0.18924287473197968,0.2379334811904414,0.12451822965836713,0.1222546567001507,0.12683580720594476,0.2737932915189528,-0.10284463894967177,0.5,0.5,0.5,0.4931237721021611,0.8566468585163918,0.1895054737636844,0.961336730106399,502,2147,12830,516,ESTIMATED,ESTIMATED,ESTIMATED,9bed4583cc77ad824a528e41f5282a2300a376e06778a158c14dcce8acb56118,"Descriptive arm estimate. CI is an individual-arm CI, not a paired-difference CI; no significance claim for a delta. Raw layer; operating point is the recorded P104 comparator rule, not a final clinical threshold.",D:\Codex_分拆Prompt嚴格無到院\outputs\v2\.p104rv\sweep_20260906T171453Z_account-07_v2\t11\r,d1505b64c08f7acf0adb7d5afc9b3a03be0812ae12df4ea3fcde3cbf13b57779,D:\Codex_分拆Prompt嚴格無到院\outputs\v2\.p104k10\cloud_validation_index_20260906T211456Z\task_medicine__S6__dnr_dnr_blind_validation.json,4d1cf4e7037ba0f4f2ee17e3ad7a0d074a5ce4ce99564a7df08a32e03e2631fe
medicine__S6__dnr_dnr_blind,medicine,S6,dnr,dnr_blind,dnr_blind / dnr_blind,dnr_blind,validation_2024,RAW_LOCKED_BASE_PREDICTIONS,raw,VALIDATED_COMPUTED,Source-defined DNR-blind predictor exclusions; cohort rule shown by analysis,256f07d8ea37e6334079986b99af35bea86c951b1f4087c6f87db74e142bf8c0,756,"0.763333 [0.736994, 0.789408]","0.173498 [0.146526, 0.210861]",4770,288,0.7633334262977838,0.7369936906425788,0.7894077294106557,0.17349807882515914,0.14652600826713713,0.2108606722737717,0.13215966894849232,0.12814466648158718,0.13613419056028053,0.23634735899731424,-0.11844863731656184,0.5,0.5,0.5,0.4583333333333333,0.8444890673806337,0.15922798552472858,0.9604161380360314,132,697,3785,156,ESTIMATED,ESTIMATED,ESTIMATED,efada2806e5f43ebbea0c1ae9edabfc01363a61a190de98a6843f8f4212121c1,"Descriptive arm estimate. CI is an individual-arm CI, not a paired-difference CI; no significance claim for a delta. Raw layer; operating point is the recorded P104 comparator rule, not a final clinical threshold.",D:\Codex_分拆Prompt嚴格無到院\outputs\v2\.p104rv\sweep_20260906T171453Z_account-07_v2\t11\r,d1505b64c08f7acf0adb7d5afc9b3a03be0812ae12df4ea3fcde3cbf13b57779,D:\Codex_分拆Prompt嚴格無到院\outputs\v2\.p104k10\cloud_validation_index_20260906T211456Z\task_medicine__S6__dnr_dnr_blind_validation.json,4d1cf4e7037ba0f4f2ee17e3ad7a0d074a5ce4ce99564a7df08a32e03e2631fe
medicine__S6__dnr_temporally_clean_exclusion,medicine,S6,dnr,temporally_clean_exclusion,temporally_clean_exclusion / all_comer_reference,all_comer_reference,oof_2020_2023,RAW_LOCKED_BASE_PREDICTIONS,raw,VALIDATED_COMPUTED,Full locked input feature order,d5d5e2d8a0734a0ce9af97a6606994868307c154f09eee30ee788ada6108d568,764,"0.777754 [0.762172, 0.791806]","0.212385 [0.188756, 0.238808]",15995,1018,0.7777536558020267,0.7621716619599004,0.7918063322324274,0.2123850949524815,0.18875633849224221,0.23880842692351176,0.12211617079999554,0.11972100098425237,0.12456584401600117,0.27529923830250275,-0.1029071584870272,0.5,0.5,0.5,0.49705304518664045,0.8563130132870401,0.19036869826937547,0.9616105570967984,506,2152,12825,512,ESTIMATED,ESTIMATED,ESTIMATED,9bed4583cc77ad824a528e41f5282a2300a376e06778a158c14dcce8acb56118,"Descriptive arm estimate. CI is an individual-arm CI, not a paired-difference CI; no significance claim for a delta. Raw layer; operating point is the recorded P104 comparator rule, not a final clinical threshold.",D:\Codex_分拆Prompt嚴格無到院\outputs\v2\.p104rv\sweep_20260906T171453Z_account-08_v2\t11\r,4d8b79b6f3a188b55bd393746aa12694f34b5122af22a0ef260ebaf79c72c00f,D:\Codex_分拆Prompt嚴格無到院\outputs\v2\.p104k10\cloud_validation_index_20260906T211456Z\task_medicine__S6__dnr_temporally_clean_exclusion_validation.json,19a0bbf9d355d7cf46bbc3162d0e37598063051f2d1864820e84e3f6502a1186
medicine__S6__dnr_temporally_clean_exclusion,medicine,S6,dnr,temporally_clean_exclusion,temporally_clean_exclusion / all_comer_reference,all_comer_reference,validation_2024,RAW_LOCKED_BASE_PREDICTIONS,raw,VALIDATED_COMPUTED,Full locked input feature order,d5d5e2d8a0734a0ce9af97a6606994868307c154f09eee30ee788ada6108d568,764,"0.759241 [0.733611, 0.786648]","0.167808 [0.14334, 0.205703]",4770,288,0.7592406663691804,0.7336106572943398,0.7866475867853393,0.16780777413461395,0.14333962974743772,0.205703451578417,0.12889525565031743,0.12503672442995362,0.13277149317762107,0.2334267040149393,-0.11174004192872117,0.5,0.5,0.5,0.4340277777777778,0.8531905399375279,0.15964240102171137,0.9591171306746927,125,658,3824,163,ESTIMATED,ESTIMATED,ESTIMATED,efada2806e5f43ebbea0c1ae9edabfc01363a61a190de98a6843f8f4212121c1,"Descriptive arm estimate. CI is an individual-arm CI, not a paired-difference CI; no significance claim for a delta. Raw layer; operating point is the recorded P104 comparator rule, not a final clinical threshold.",D:\Codex_分拆Prompt嚴格無到院\outputs\v2\.p104rv\sweep_20260906T171453Z_account-08_v2\t11\r,4d8b79b6f3a188b55bd393746aa12694f34b5122af22a0ef260ebaf79c72c00f,D:\Codex_分拆Prompt嚴格無到院\outputs\v2\.p104k10\cloud_validation_index_20260906T211456Z\task_medicine__S6__dnr_temporally_clean_exclusion_validation.json,19a0bbf9d355d7cf46bbc3162d0e37598063051f2d1864820e84e3f6502a1186
medicine__S6__dnr_temporally_clean_exclusion,medicine,S6,dnr,temporally_clean_exclusion,temporally_clean_exclusion / temporally_clean_exclusion,temporally_clean_exclusion,oof_2020_2023,RAW_LOCKED_BASE_PREDICTIONS,raw,VALIDATED_COMPUTED,Source-defined DNR-blind predictor exclusions; cohort rule shown by analysis,256f07d8ea37e6334079986b99af35bea86c951b1f4087c6f87db74e142bf8c0,756,"0.77814 [0.761866, 0.793586]","0.212422 [0.190161, 0.239224]",15993,1018,0.7781402534020355,0.7618657491040833,0.7935857599223786,0.21242236154107957,0.1901608736698082,0.23922419883024715,0.1244412809528579,0.12216431411743667,0.12688551992917171,0.27168576104746317,-0.10329519164634528,0.5,0.5,0.5,0.48919449901768175,0.8564273789649416,0.18806646525679757,0.9610340951667291,498,2150,12825,520,ESTIMATED,ESTIMATED,ESTIMATED,32c2100a5c50974c8cefc4f49c902249703b5e1ad19fb3c3985d69d1154e5073,"Descriptive arm estimate. CI is an individual-arm CI, not a paired-difference CI; no significance claim for a delta. Raw layer; operating point is the recorded P104 comparator rule, not a final clinical threshold.",D:\Codex_分拆Prompt嚴格無到院\outputs\v2\.p104rv\sweep_20260906T171453Z_account-08_v2\t11\r,4d8b79b6f3a188b55bd393746aa12694f34b5122af22a0ef260ebaf79c72c00f,D:\Codex_分拆Prompt嚴格無到院\outputs\v2\.p104k10\cloud_validation_index_20260906T211456Z\task_medicine__S6__dnr_temporally_clean_exclusion_validation.json,19a0bbf9d355d7cf46bbc3162d0e37598063051f2d1864820e84e3f6502a1186
medicine__S6__dnr_temporally_clean_exclusion,medicine,S6,dnr,temporally_clean_exclusion,temporally_clean_exclusion / temporally_clean_exclusion,temporally_clean_exclusion,validation_2024,RAW_LOCKED_BASE_PREDICTIONS,raw,VALIDATED_COMPUTED,Source-defined DNR-blind predictor exclusions; cohort rule shown by analysis,256f07d8ea37e6334079986b99af35bea86c951b1f4087c6f87db74e142bf8c0,756,"0.762068 [0.73732, 0.787095]","0.170078 [0.143902, 0.206663]",4768,288,0.7620675223214286,0.7373202028272986,0.7870948291457694,0.1700776394902106,0.1439021772209663,0.20666332866552609,0.1313616432256838,0.12741274522202195,0.13532827671580108,0.2381818181818182,-0.11535234899328858,0.5,0.5,0.5,0.4548611111111111,0.8479910714285714,0.16133004926108374,0.9603134479271992,131,681,3799,157,ESTIMATED,ESTIMATED,ESTIMATED,1d45fa2ed803e3ef492f8b8f017e53b06023b0086af34a1c3edb622799973d8c,"Descriptive arm estimate. CI is an individual-arm CI, not a paired-difference CI; no significance claim for a delta. Raw layer; operating point is the recorded P104 comparator rule, not a final clinical threshold.",D:\Codex_分拆Prompt嚴格無到院\outputs\v2\.p104rv\sweep_20260906T171453Z_account-08_v2\t11\r,4d8b79b6f3a188b55bd393746aa12694f34b5122af22a0ef260ebaf79c72c00f,D:\Codex_分拆Prompt嚴格無到院\outputs\v2\.p104k10\cloud_validation_index_20260906T211456Z\task_medicine__S6__dnr_temporally_clean_exclusion_validation.json,19a0bbf9d355d7cf46bbc3162d0e37598063051f2d1864820e84e3f6502a1186
medicine__S6__dnr_broad_exclusion,medicine,S6,dnr,broad_exclusion,broad_exclusion / all_comer_reference,all_comer_reference,oof_2020_2023,RAW_LOCKED_BASE_PREDICTIONS,raw,VALIDATED_COMPUTED,Full locked input feature order,d5d5e2d8a0734a0ce9af97a6606994868307c154f09eee30ee788ada6108d568,764,"0.777754 [0.762172, 0.791806]","0.212385 [0.188756, 0.238808]",15995,1018,0.7777536558020267,0.7621716619599004,0.7918063322324274,0.2123850949524815,0.18875633849224221,0.23880842692351176,0.12211617079999554,0.11972100098425237,0.12456584401600117,0.27529923830250275,-0.1029071584870272,0.5,0.5,0.5,0.49705304518664045,0.8563130132870401,0.19036869826937547,0.9616105570967984,506,2152,12825,512,ESTIMATED,ESTIMATED,ESTIMATED,9bed4583cc77ad824a528e41f5282a2300a376e06778a158c14dcce8acb56118,"Descriptive arm estimate. CI is an individual-arm CI, not a paired-difference CI; no significance claim for a delta. Raw layer; operating point is the recorded P104 comparator rule, not a final clinical threshold. Broad DNR may include post-index records; sensitivity only.",D:\Codex_分拆Prompt嚴格無到院\outputs\v2\.p104rv\sweep_20260906T151250Z_account-06_v2\t11\r,dd576e4ce185537c1f91dce59f5ccabeb98111a281a27ad603e54234f2bea9f6,D:\Codex_分拆Prompt嚴格無到院\outputs\v2\.p104k10\cloud_validation_index_20260906T211456Z\task_medicine__S6__dnr_broad_exclusion_validation.json,23661bfe57e09361fce34e9a2d87bf52e0d7e15b8798aad5a83d576a8084fef0
medicine__S6__dnr_broad_exclusion,medicine,S6,dnr,broad_exclusion,broad_exclusion / all_comer_reference,all_comer_reference,validation_2024,RAW_LOCKED_BASE_PREDICTIONS,raw,VALIDATED_COMPUTED,Full locked input feature order,d5d5e2d8a0734a0ce9af97a6606994868307c154f09eee30ee788ada6108d568,764,"0.759241 [0.733611, 0.786648]","0.167808 [0.14334, 0.205703]",4770,288,0.7592406663691804,0.7336106572943398,0.7866475867853393,0.16780777413461395,0.14333962974743772,0.205703451578417,0.12889525565031743,0.12503672442995362,0.13277149317762107,0.2334267040149393,-0.11174004192872117,0.5,0.5,0.5,0.4340277777777778,0.8531905399375279,0.15964240102171137,0.9591171306746927,125,658,3824,163,ESTIMATED,ESTIMATED,ESTIMATED,efada2806e5f43ebbea0c1ae9edabfc01363a61a190de98a6843f8f4212121c1,"Descriptive arm estimate. CI is an individual-arm CI, not a paired-difference CI; no significance claim for a delta. Raw layer; operating point is the recorded P104 comparator rule, not a final clinical threshold. Broad DNR may include post-index records; sensitivity only.",D:\Codex_分拆Prompt嚴格無到院\outputs\v2\.p104rv\sweep_20260906T151250Z_account-06_v2\t11\r,dd576e4ce185537c1f91dce59f5ccabeb98111a281a27ad603e54234f2bea9f6,D:\Codex_分拆Prompt嚴格無到院\outputs\v2\.p104k10\cloud_validation_index_20260906T211456Z\task_medicine__S6__dnr_broad_exclusion_validation.json,23661bfe57e09361fce34e9a2d87bf52e0d7e15b8798aad5a83d576a8084fef0
medicine__S6__dnr_broad_exclusion,medicine,S6,dnr,broad_exclusion,broad_exclusion / broad_exclusion,broad_exclusion,oof_2020_2023,RAW_LOCKED_BASE_PREDICTIONS,raw,VALIDATED_COMPUTED,Source-defined DNR-blind predictor exclusions; cohort rule shown by analysis,256f07d8ea37e6334079986b99af35bea86c951b1f4087c6f87db74e142bf8c0,756,"0.792681 [0.777032, 0.808364]","0.233633 [0.209688, 0.262302]",14828,912,0.7926807398274358,0.7770323281332964,0.8083643511013283,0.23363277019972667,0.20968791022656946,0.2623022968474726,0.11432331422254093,0.11186425087414704,0.11666933658430222,0.2993421052631579,-0.08214189371459402,0.5,0.5,0.5,0.49890350877192985,0.8797786720321932,0.2138157894736842,0.964015748031496,455,1673,12243,457,ESTIMATED,ESTIMATED,ESTIMATED,2af7e95f38d3af7f9ab2d6bc498afefe6c4fe5cecd2a28e0382f6fd2ba340850,"Descriptive arm estimate. CI is an individual-arm CI, not a paired-difference CI; no significance claim for a delta. Raw layer; operating point is the recorded P104 comparator rule, not a final clinical threshold. Broad DNR may include post-index records; sensitivity only.",D:\Codex_分拆Prompt嚴格無到院\outputs\v2\.p104rv\sweep_20260906T151250Z_account-06_v2\t11\r,dd576e4ce185537c1f91dce59f5ccabeb98111a281a27ad603e54234f2bea9f6,D:\Codex_分拆Prompt嚴格無到院\outputs\v2\.p104k10\cloud_validation_index_20260906T211456Z\task_medicine__S6__dnr_broad_exclusion_validation.json,23661bfe57e09361fce34e9a2d87bf52e0d7e15b8798aad5a83d576a8084fef0
medicine__S6__dnr_broad_exclusion,medicine,S6,dnr,broad_exclusion,broad_exclusion / broad_exclusion,broad_exclusion,validation_2024,RAW_LOCKED_BASE_PREDICTIONS,raw,VALIDATED_COMPUTED,Source-defined DNR-blind predictor exclusions; cohort rule shown by analysis,256f07d8ea37e6334079986b99af35bea86c951b1f4087c6f87db74e142bf8c0,756,"0.77709 [0.750393, 0.802821]","0.199391 [0.165622, 0.247832]",4405,264,0.7770895992038227,0.7503934168410227,0.8028213216507104,0.19939060240674542,0.16562245464977862,0.2478318385986247,0.12337748419950137,0.11952158344030925,0.12762380255586436,0.2537634408602151,-0.09761634506242906,0.5,0.5,0.5,0.44696969696969696,0.867664815262014,0.17717717717717718,0.9609521262369618,118,548,3593,146,ESTIMATED,ESTIMATED,ESTIMATED,0027312a81ea5bae9bbfeea9df9ce4d94bd87c2ca486ee7575ac35cccc6aef13,"Descriptive arm estimate. CI is an individual-arm CI, not a paired-difference CI; no significance claim for a delta. Raw layer; operating point is the recorded P104 comparator rule, not a final clinical threshold. Broad DNR may include post-index records; sensitivity only.",D:\Codex_分拆Prompt嚴格無到院\outputs\v2\.p104rv\sweep_20260906T151250Z_account-06_v2\t11\r,dd576e4ce185537c1f91dce59f5ccabeb98111a281a27ad603e54234f2bea9f6,D:\Codex_分拆Prompt嚴格無到院\outputs\v2\.p104k10\cloud_validation_index_20260906T211456Z\task_medicine__S6__dnr_broad_exclusion_validation.json,23661bfe57e09361fce34e9a2d87bf52e0d7e15b8798aad5a83d576a8084fef0
