task_id,group,outcome,kind,analysis,Experiment,arm,split,probability_layer,presentation,completion_status,Features included,feature_set_id,feature_count,AUROC[CI],AUPRC[CI],N,events,AUROC,AUROC_lower_ci,AUROC_upper_ci,AUPRC,AUPRC_lower_ci,AUPRC_upper_ci,Brier,Brier_lower_ci,Brier_upper_ci,F1,net benefit,threshold_mean,threshold_min,threshold_max,sensitivity,specificity,PPV,NPV,TP,FP,TN,FN,AUROC_status,AUPRC_status,Brier_status,cohort_identity_sha256,Interpretation,source_result_root,source_result_receipt_sha256,source_validation_path,source_validation_sha256
medicine__P1__missingness_median_indicator,medicine,P1,missingness,median_indicator,median_indicator / median_indicator,median_indicator,oof_2020_2023,RAW_LOCKED_BASE_PREDICTIONS,raw,VALIDATED_COMPUTED,Locked inputs; missingness strategy=median_indicator,d5d5e2d8a0734a0ce9af97a6606994868307c154f09eee30ee788ada6108d568,764,"0.895012 [0.867097, 0.920767]","0.190928 [0.130883, 0.264618]",15995,129,0.8950117114555332,0.8670966398300415,0.9207665909840036,0.19092761819954715,0.13088334914338257,0.26461768645951106,0.007198199822661151,0.006799897851280041,0.007607745478073323,0.12244897959183673,0.0,0.5,0.5,0.5,0.06976744186046512,0.9994327492751797,0.5,0.9924892032296426,9,9,15857,120,ESTIMATED,ESTIMATED,ESTIMATED,aafed358290fb1154988f8565e7fefcd0d493e5645a9235d8bffd54e199f8913,"Descriptive arm estimate. CI is an individual-arm CI, not a paired-difference CI; no significance claim for a delta. Raw layer; operating point is the recorded P104 comparator rule, not a final clinical threshold.",D:\Codex_分拆Prompt嚴格無到院\outputs\v2\.p104rv\sweep_20260906T171453Z_account-09_v2\t0\r,8af47f1e3d7deb55686fb4f8ac1eb74e0c6139ecb4a69f8d89f355d4e6bc0699,D:\Codex_分拆Prompt嚴格無到院\outputs\v2\.p104k10\cloud_validation_index_20260906T211456Z\task_medicine__P1__missingness_median_indicator_validation.json,970e052eea84ced527068f94d0e0c3894497a9c5960f170cad01a135d4eb23f8
medicine__P1__missingness_median_indicator,medicine,P1,missingness,median_indicator,median_indicator / median_indicator,median_indicator,validation_2024,RAW_LOCKED_BASE_PREDICTIONS,raw,VALIDATED_COMPUTED,Locked inputs; missingness strategy=median_indicator,d5d5e2d8a0734a0ce9af97a6606994868307c154f09eee30ee788ada6108d568,764,"0.93985 [0.918366, 0.959385]","0.467749 [0.380256, 0.565638]",4770,98,0.939850083869164,0.918365855973686,0.9593849418241631,0.46774897786170655,0.3802559607605806,0.5656379563723656,0.014906286907424498,0.013664425538720777,0.016134581699604075,0.1651376146788991,0.0014675052410901468,0.5,0.5,0.5,0.09183673469387756,0.9995719178082192,0.8181818181818182,0.9812985921412062,9,2,4670,89,ESTIMATED,ESTIMATED,ESTIMATED,c0ef85bd79b7e079a58a21aab89269df84d4b7d6cddbdcd8467aa3d5cf4abe78,"Descriptive arm estimate. CI is an individual-arm CI, not a paired-difference CI; no significance claim for a delta. Raw layer; operating point is the recorded P104 comparator rule, not a final clinical threshold.",D:\Codex_分拆Prompt嚴格無到院\outputs\v2\.p104rv\sweep_20260906T171453Z_account-09_v2\t0\r,8af47f1e3d7deb55686fb4f8ac1eb74e0c6139ecb4a69f8d89f355d4e6bc0699,D:\Codex_分拆Prompt嚴格無到院\outputs\v2\.p104k10\cloud_validation_index_20260906T211456Z\task_medicine__P1__missingness_median_indicator_validation.json,970e052eea84ced527068f94d0e0c3894497a9c5960f170cad01a135d4eb23f8
medicine__P1__missingness_mean_indicator,medicine,P1,missingness,mean_indicator,mean_indicator / mean_indicator,mean_indicator,oof_2020_2023,RAW_LOCKED_BASE_PREDICTIONS,raw,VALIDATED_COMPUTED,Locked inputs; missingness strategy=mean_indicator,d5d5e2d8a0734a0ce9af97a6606994868307c154f09eee30ee788ada6108d568,764,"0.901619 [0.873305, 0.928404]","0.18738 [0.127461, 0.26452]",15995,129,0.9016193762294095,0.873304747776314,0.9284043774499648,0.18738015363574625,0.12746101365168463,0.2645201214201689,0.007200329135633691,0.0067992983087504745,0.007596457500092301,0.1360544217687075,0.00012503907471084715,0.5,0.5,0.5,0.07751937984496124,0.999495777133493,0.5555555555555556,0.9925517932027289,10,8,15858,119,ESTIMATED,ESTIMATED,ESTIMATED,aafed358290fb1154988f8565e7fefcd0d493e5645a9235d8bffd54e199f8913,"Descriptive arm estimate. CI is an individual-arm CI, not a paired-difference CI; no significance claim for a delta. Raw layer; operating point is the recorded P104 comparator rule, not a final clinical threshold.",D:\Codex_分拆Prompt嚴格無到院\outputs\v2\.p104rv\sweep_20260906T171453Z_account-08_v2\t0\r,bd56790e2da9951d991518213ffe18d7205e4f1455e567e9b99f448597fbecce,D:\Codex_分拆Prompt嚴格無到院\outputs\v2\.p104k10\cloud_validation_index_20260906T211456Z\task_medicine__P1__missingness_mean_indicator_validation.json,622aaf90483c0f37869a40870f84273490750f4c9ad897a4dce8df9887eedffe
medicine__P1__missingness_mean_indicator,medicine,P1,missingness,mean_indicator,mean_indicator / mean_indicator,mean_indicator,validation_2024,RAW_LOCKED_BASE_PREDICTIONS,raw,VALIDATED_COMPUTED,Locked inputs; missingness strategy=mean_indicator,d5d5e2d8a0734a0ce9af97a6606994868307c154f09eee30ee788ada6108d568,764,"0.938402 [0.916312, 0.957897]","0.456748 [0.363472, 0.567658]",4770,98,0.9384020303326811,0.9163118760662723,0.9578966623258728,0.45674791712332624,0.36347159038253823,0.5676580222185925,0.015096012338396315,0.013855893266645311,0.016317823385381174,0.14814814814814814,0.0012578616352201257,0.5,0.5,0.5,0.08163265306122448,0.9995719178082192,0.8,0.9810924369747899,8,2,4670,90,ESTIMATED,ESTIMATED,ESTIMATED,c0ef85bd79b7e079a58a21aab89269df84d4b7d6cddbdcd8467aa3d5cf4abe78,"Descriptive arm estimate. CI is an individual-arm CI, not a paired-difference CI; no significance claim for a delta. Raw layer; operating point is the recorded P104 comparator rule, not a final clinical threshold.",D:\Codex_分拆Prompt嚴格無到院\outputs\v2\.p104rv\sweep_20260906T171453Z_account-08_v2\t0\r,bd56790e2da9951d991518213ffe18d7205e4f1455e567e9b99f448597fbecce,D:\Codex_分拆Prompt嚴格無到院\outputs\v2\.p104k10\cloud_validation_index_20260906T211456Z\task_medicine__P1__missingness_mean_indicator_validation.json,622aaf90483c0f37869a40870f84273490750f4c9ad897a4dce8df9887eedffe
medicine__P1__missingness_tree_native,medicine,P1,missingness,tree_native,tree_native / tree_native,tree_native,oof_2020_2023,RAW_LOCKED_BASE_PREDICTIONS,raw,VALIDATED_COMPUTED,Locked inputs; missingness strategy=tree_native,d5d5e2d8a0734a0ce9af97a6606994868307c154f09eee30ee788ada6108d568,764,"0.900835 [0.873619, 0.927022]","0.209326 [0.148699, 0.288305]",15995,129,0.9008347038228106,0.8736191686508226,0.9270219919381167,0.2093259236311848,0.1486988601338328,0.28830546880314545,0.007094233646229786,0.006706224945154472,0.007455665111003583,0.1267605633802817,0.00031259768677711783,0.5,0.5,0.5,0.06976744186046512,0.9997478885667465,0.6923076923076923,0.9924915529971218,9,4,15862,120,ESTIMATED,ESTIMATED,ESTIMATED,aafed358290fb1154988f8565e7fefcd0d493e5645a9235d8bffd54e199f8913,"Descriptive arm estimate. CI is an individual-arm CI, not a paired-difference CI; no significance claim for a delta. Raw layer; operating point is the recorded P104 comparator rule, not a final clinical threshold.",D:\Codex_分拆Prompt嚴格無到院\outputs\v2\.p104rv\sweep_20260906T171453Z_account-03_v2\t1\r,7c577a1a7443f0db1f83438bc0a9e37819d8b4500dd544479ff32ed689cda209,D:\Codex_分拆Prompt嚴格無到院\outputs\v2\.p104k10\cloud_validation_index_20260906T211456Z\task_medicine__P1__missingness_tree_native_validation.json,23f99a4fa97a5334cac6254a2f953709e16d7664b762005ffbc0f3b90a7fad6f
medicine__P1__missingness_tree_native,medicine,P1,missingness,tree_native,tree_native / tree_native,tree_native,validation_2024,RAW_LOCKED_BASE_PREDICTIONS,raw,VALIDATED_COMPUTED,Locked inputs; missingness strategy=tree_native,d5d5e2d8a0734a0ce9af97a6606994868307c154f09eee30ee788ada6108d568,764,"0.938391 [0.91648, 0.957113]","0.437287 [0.344725, 0.547416]",4770,98,0.938391109868605,0.9164797363204359,0.9571133642604606,0.4372869590169351,0.3447253109139263,0.5474159534195545,0.014941021361482735,0.013614287138195002,0.016273055487855577,0.22033898305084745,0.0012578616352201257,0.5,0.5,0.5,0.1326530612244898,0.9985017123287672,0.65,0.9821052631578947,13,7,4665,85,ESTIMATED,ESTIMATED,ESTIMATED,c0ef85bd79b7e079a58a21aab89269df84d4b7d6cddbdcd8467aa3d5cf4abe78,"Descriptive arm estimate. CI is an individual-arm CI, not a paired-difference CI; no significance claim for a delta. Raw layer; operating point is the recorded P104 comparator rule, not a final clinical threshold.",D:\Codex_分拆Prompt嚴格無到院\outputs\v2\.p104rv\sweep_20260906T171453Z_account-03_v2\t1\r,7c577a1a7443f0db1f83438bc0a9e37819d8b4500dd544479ff32ed689cda209,D:\Codex_分拆Prompt嚴格無到院\outputs\v2\.p104k10\cloud_validation_index_20260906T211456Z\task_medicine__P1__missingness_tree_native_validation.json,23f99a4fa97a5334cac6254a2f953709e16d7664b762005ffbc0f3b90a7fad6f
medicine__P1__missingness_median_no_indicator,medicine,P1,missingness,median_no_indicator,median_no_indicator / median_no_indicator,median_no_indicator,oof_2020_2023,RAW_LOCKED_BASE_PREDICTIONS,raw,VALIDATED_COMPUTED,Remove specified baseline missingness indicators; retain undefined-score safeguards,0be3019014561edcf1c1cb3d305a4c74d405f0e1a6a4b35b5b24545e22ab35a6,512,"0.898169 [0.869186, 0.923508]","0.188542 [0.128203, 0.263217]",15995,129,0.8981689674277891,0.8691857541079044,0.923507536317427,0.18854178249256787,0.1282034798991786,0.26321676669999144,0.0072092477273778795,0.006803777746240059,0.007607911995835925,0.12162162162162163,-6.251953735542357e-05,0.5,0.5,0.5,0.06976744186046512,0.9993697214168663,0.47368421052631576,0.9924887330996495,9,10,15856,120,ESTIMATED,ESTIMATED,ESTIMATED,aafed358290fb1154988f8565e7fefcd0d493e5645a9235d8bffd54e199f8913,"Descriptive arm estimate. CI is an individual-arm CI, not a paired-difference CI; no significance claim for a delta. Raw layer; operating point is the recorded P104 comparator rule, not a final clinical threshold. Specified MISS/indicator inputs removed; UNDEFINED_SCORE safeguards remain, so missingness information is not completely absent.",D:\Codex_分拆Prompt嚴格無到院\outputs\v2\.p104rv\sweep_20260906T151250Z_account-10_v2\t0\r,73bfd425b1bd442fbda12f991ba16f28e53d3e7c09cf4208bd23f8c6b74df46d,D:\Codex_分拆Prompt嚴格無到院\outputs\v2\.p104k10\cloud_validation_index_20260906T211456Z\task_medicine__P1__missingness_median_no_indicator_validation.json,5248ecef0069896b9eb5d367162d0674e341a3b10e3e9d282c1d465be4f48f1c
medicine__P1__missingness_median_no_indicator,medicine,P1,missingness,median_no_indicator,median_no_indicator / median_no_indicator,median_no_indicator,validation_2024,RAW_LOCKED_BASE_PREDICTIONS,raw,VALIDATED_COMPUTED,Remove specified baseline missingness indicators; retain undefined-score safeguards,0be3019014561edcf1c1cb3d305a4c74d405f0e1a6a4b35b5b24545e22ab35a6,512,"0.939457 [0.918235, 0.958853]","0.461664 [0.362249, 0.567308]",4770,98,0.9394569471624267,0.9182350082710266,0.9588529611674963,0.4616642590563633,0.36224860048672036,0.5673076973531821,0.01473922117014248,0.013433838388894958,0.016094052745559626,0.22608695652173913,0.0018867924528301887,0.5,0.5,0.5,0.1326530612244898,0.9991438356164384,0.7647058823529411,0.9821165579633916,13,4,4668,85,ESTIMATED,ESTIMATED,ESTIMATED,c0ef85bd79b7e079a58a21aab89269df84d4b7d6cddbdcd8467aa3d5cf4abe78,"Descriptive arm estimate. CI is an individual-arm CI, not a paired-difference CI; no significance claim for a delta. Raw layer; operating point is the recorded P104 comparator rule, not a final clinical threshold. Specified MISS/indicator inputs removed; UNDEFINED_SCORE safeguards remain, so missingness information is not completely absent.",D:\Codex_分拆Prompt嚴格無到院\outputs\v2\.p104rv\sweep_20260906T151250Z_account-10_v2\t0\r,73bfd425b1bd442fbda12f991ba16f28e53d3e7c09cf4208bd23f8c6b74df46d,D:\Codex_分拆Prompt嚴格無到院\outputs\v2\.p104k10\cloud_validation_index_20260906T211456Z\task_medicine__P1__missingness_median_no_indicator_validation.json,5248ecef0069896b9eb5d367162d0674e341a3b10e3e9d282c1d465be4f48f1c
medicine__P1__missingness_full_complete_case,medicine,P1,missingness,full_complete_case,full_complete_case / full_complete_case,full_complete_case,oof_2020_2023,RAW_LOCKED_BASE_PREDICTIONS,raw,VALIDATED_COMPUTED,Locked inputs; missingness strategy=full_complete_case,d5d5e2d8a0734a0ce9af97a6606994868307c154f09eee30ee788ada6108d568,764,"0.829787 [0.659574, 0.961702]","0.433333 [0.184335, 0.8]",52,5,0.8297872340425532,0.6595744680851063,0.9617021276595744,0.43333333333333335,0.18433531746031748,0.8,0.07989452078251258,0.058080001604836784,0.09728000900537828,0.0,0.0,0.5,0.5,0.5,0.0,1.0,,0.9038461538461539,0,0,47,5,ESTIMATED,ESTIMATED,ESTIMATED,6059e78d11c4648e01acd8b365efbaa48e94bceecf2ae735a45827deef5ae6ad,"Descriptive arm estimate. CI is an individual-arm CI, not a paired-difference CI; no significance claim for a delta. Raw layer; operating point is the recorded P104 comparator rule, not a final clinical threshold.",D:\Codex_分拆Prompt嚴格無到院\outputs\v2\.p104rv\sweep_20260906T151250Z_account-06_v2\t0\r,7a359a60a7b170d783800dc472a0bd0c6c36e094f7eb389746d99313a7a9ca16,D:\Codex_分拆Prompt嚴格無到院\outputs\v2\.p104k10\cloud_validation_index_20260906T211456Z\task_medicine__P1__missingness_full_complete_case_validation.json,2612dba419c7d71d558098b195926594bbf5c0e0bd4a86acb41d68b97500c53c
medicine__P1__missingness_full_complete_case,medicine,P1,missingness,full_complete_case,full_complete_case / full_complete_case,full_complete_case,validation_2024,RAW_LOCKED_BASE_PREDICTIONS,raw,VALIDATED_COMPUTED,Locked inputs; missingness strategy=full_complete_case,d5d5e2d8a0734a0ce9af97a6606994868307c154f09eee30ee788ada6108d568,764,"0.466667 [0.2, 0.733333]","0.153409 [0.11859, 0.325]",17,2,0.4666666666666667,0.2,0.7333333333333333,0.1534090909090909,0.11858974358974358,0.325,0.12507740350890337,0.11364339111753913,0.1472814581260305,0.0,0.0,0.5,0.5,0.5,0.0,1.0,,0.8823529411764706,0,0,15,2,ESTIMATED,ESTIMATED,ESTIMATED,f9e09719c0ebe7f62d212d7f4d3c30fabdde03d6cea288db7c94de3c351e69d8,"Descriptive arm estimate. CI is an individual-arm CI, not a paired-difference CI; no significance claim for a delta. Raw layer; operating point is the recorded P104 comparator rule, not a final clinical threshold.",D:\Codex_分拆Prompt嚴格無到院\outputs\v2\.p104rv\sweep_20260906T151250Z_account-06_v2\t0\r,7a359a60a7b170d783800dc472a0bd0c6c36e094f7eb389746d99313a7a9ca16,D:\Codex_分拆Prompt嚴格無到院\outputs\v2\.p104k10\cloud_validation_index_20260906T211456Z\task_medicine__P1__missingness_full_complete_case_validation.json,2612dba419c7d71d558098b195926594bbf5c0e0bd4a86acb41d68b97500c53c
medicine__P1__missingness_core_vitals_complete_case,medicine,P1,missingness,core_vitals_complete_case,core_vitals_complete_case / core_vitals_complete_case,core_vitals_complete_case,oof_2020_2023,RAW_LOCKED_BASE_PREDICTIONS,raw,VALIDATED_COMPUTED,Locked inputs; missingness strategy=core_vitals_complete_case,d5d5e2d8a0734a0ce9af97a6606994868307c154f09eee30ee788ada6108d568,764,"0.874587 [0.83664, 0.905292]","0.0719545 [0.0469687, 0.125358]",14109,90,0.8745868701999667,0.8366395271412667,0.9052922668992303,0.07195452843608496,0.04696867870097081,0.12535787571204124,0.006149324730212162,0.005962487920349413,0.0063196060652892915,0.0,0.0,0.5,0.5,0.5,0.0,1.0,,0.9936210929194131,0,0,14019,90,ESTIMATED,ESTIMATED,ESTIMATED,6154f02105ceb9635107a22f192b9c5a0d068b9d56e925e09cbf32e9250c7037,"Descriptive arm estimate. CI is an individual-arm CI, not a paired-difference CI; no significance claim for a delta. Raw layer; operating point is the recorded P104 comparator rule, not a final clinical threshold.",D:\Codex_分拆Prompt嚴格無到院\outputs\v2\.p104rv\sweep_20260906T151250Z_account-05_v2\t0\r,b0938417fa1ad65fbd9caa2969e4dcc1113e7920f2e4e7f7a93d08c7aefc539f,D:\Codex_分拆Prompt嚴格無到院\outputs\v2\.p104k10\cloud_validation_index_20260906T211456Z\task_medicine__P1__missingness_core_vitals_complete_case_validation.json,a3fc951dfcb1f7cd050bb990ed4b06801984c3235d038e8c95f24166f79a8973
medicine__P1__missingness_core_vitals_complete_case,medicine,P1,missingness,core_vitals_complete_case,core_vitals_complete_case / core_vitals_complete_case,core_vitals_complete_case,validation_2024,RAW_LOCKED_BASE_PREDICTIONS,raw,VALIDATED_COMPUTED,Locked inputs; missingness strategy=core_vitals_complete_case,d5d5e2d8a0734a0ce9af97a6606994868307c154f09eee30ee788ada6108d568,764,"0.922863 [0.893939, 0.948554]","0.214054 [0.121313, 0.346478]",3961,45,0.9228634661218932,0.8939388446414274,0.9485544225289708,0.21405353662433801,0.12131296122724754,0.34647779523145633,0.010203232439560327,0.00958505077348475,0.0107480312758698,0.0,0.0,0.5,0.5,0.5,0.0,1.0,,0.9886392325170411,0,0,3916,45,ESTIMATED,ESTIMATED,ESTIMATED,41cafa6a05f8c4b225744494b5d7cc7acd340d4bd1bea55877502c4e05db0ab4,"Descriptive arm estimate. CI is an individual-arm CI, not a paired-difference CI; no significance claim for a delta. Raw layer; operating point is the recorded P104 comparator rule, not a final clinical threshold.",D:\Codex_分拆Prompt嚴格無到院\outputs\v2\.p104rv\sweep_20260906T151250Z_account-05_v2\t0\r,b0938417fa1ad65fbd9caa2969e4dcc1113e7920f2e4e7f7a93d08c7aefc539f,D:\Codex_分拆Prompt嚴格無到院\outputs\v2\.p104k10\cloud_validation_index_20260906T211456Z\task_medicine__P1__missingness_core_vitals_complete_case_validation.json,a3fc951dfcb1f7cd050bb990ed4b06801984c3235d038e8c95f24166f79a8973
medicine__P1__missingness_knn_k5_continuous_ordinal_block,medicine,P1,missingness,knn_k5_continuous_ordinal_block,knn_k5_continuous_ordinal_block / knn_k5_continuous_ordinal_block,knn_k5_continuous_ordinal_block,oof_2020_2023,RAW_LOCKED_BASE_PREDICTIONS,raw,VALIDATED_COMPUTED,Locked inputs; missingness strategy=knn_k5_continuous_ordinal_block,d5d5e2d8a0734a0ce9af97a6606994868307c154f09eee30ee788ada6108d568,764,"0.898389 [0.87098, 0.921664]","0.183185 [0.125543, 0.258428]",15995,129,0.8983893206378615,0.8709795513454188,0.9216641291375265,0.18318535803506597,0.12554282565375544,0.25842819547311174,0.007229068163207588,0.006833382873393272,0.0076332268684692825,0.1360544217687075,0.00012503907471084715,0.5,0.5,0.5,0.07751937984496124,0.999495777133493,0.5555555555555556,0.9925517932027289,10,8,15858,119,ESTIMATED,ESTIMATED,ESTIMATED,aafed358290fb1154988f8565e7fefcd0d493e5645a9235d8bffd54e199f8913,"Descriptive arm estimate. CI is an individual-arm CI, not a paired-difference CI; no significance claim for a delta. Raw layer; operating point is the recorded P104 comparator rule, not a final clinical threshold.",D:\Codex_分拆Prompt嚴格無到院\outputs\v2\.p104rv\sweep_20260906T171453Z_account-07_v2\t0\r,f315227b75d32dbfa2c29b89bc627e0d863b373418a01e18b7bb9f23e136385a,D:\Codex_分拆Prompt嚴格無到院\outputs\v2\.p104k10\cloud_validation_index_20260906T211456Z\task_medicine__P1__missingness_knn_k5_continuous_ordinal_block_validation.json,d1869044d677b29d9038b632ef521c2e35933dfcbe089569fb0900fa7dc67092
medicine__P1__missingness_knn_k5_continuous_ordinal_block,medicine,P1,missingness,knn_k5_continuous_ordinal_block,knn_k5_continuous_ordinal_block / knn_k5_continuous_ordinal_block,knn_k5_continuous_ordinal_block,validation_2024,RAW_LOCKED_BASE_PREDICTIONS,raw,VALIDATED_COMPUTED,Locked inputs; missingness strategy=knn_k5_continuous_ordinal_block,d5d5e2d8a0734a0ce9af97a6606994868307c154f09eee30ee788ada6108d568,764,"0.939638 [0.91785, 0.958702]","0.449048 [0.355017, 0.570863]",4770,98,0.939638226866089,0.917849580011964,0.9587019267784669,0.4490475439183625,0.35501689279712645,0.5708628159264414,0.01482305480813563,0.013450015805503198,0.016189870389427423,0.19298245614035087,0.0012578616352201257,0.5,0.5,0.5,0.11224489795918367,0.998929794520548,0.6875,0.9816996213714767,11,5,4667,87,ESTIMATED,ESTIMATED,ESTIMATED,c0ef85bd79b7e079a58a21aab89269df84d4b7d6cddbdcd8467aa3d5cf4abe78,"Descriptive arm estimate. CI is an individual-arm CI, not a paired-difference CI; no significance claim for a delta. Raw layer; operating point is the recorded P104 comparator rule, not a final clinical threshold.",D:\Codex_分拆Prompt嚴格無到院\outputs\v2\.p104rv\sweep_20260906T171453Z_account-07_v2\t0\r,f315227b75d32dbfa2c29b89bc627e0d863b373418a01e18b7bb9f23e136385a,D:\Codex_分拆Prompt嚴格無到院\outputs\v2\.p104k10\cloud_validation_index_20260906T211456Z\task_medicine__P1__missingness_knn_k5_continuous_ordinal_block_validation.json,d1869044d677b29d9038b632ef521c2e35933dfcbe089569fb0900fa7dc67092
medicine__P1__missingness_bayesian_iterative_m10,medicine,P1,missingness,bayesian_iterative_m10,bayesian_iterative_m10 / bayesian_iterative_m10,bayesian_iterative_m10,oof_2020_2023,RAW_LOCKED_BASE_PREDICTIONS,raw,VALIDATED_COMPUTED,Locked inputs; missingness strategy=bayesian_iterative_m10,d5d5e2d8a0734a0ce9af97a6606994868307c154f09eee30ee788ada6108d568,764,"0.901082 [0.873361, 0.924922]","0.194169 [0.134557, 0.27272]",15995,129,0.9010819293755746,0.8733611573992667,0.924921912437879,0.19416870906314812,0.1345573863923246,0.27272031283427156,0.007157514969267236,0.006766227513130475,0.007547602146563585,0.12413793103448276,0.00012503907471084715,0.5,0.5,0.5,0.06976744186046512,0.9995588049918064,0.5625,0.9924901433130985,9,7,15859,120,ESTIMATED,ESTIMATED,ESTIMATED,aafed358290fb1154988f8565e7fefcd0d493e5645a9235d8bffd54e199f8913,"Descriptive arm estimate. CI is an individual-arm CI, not a paired-difference CI; no significance claim for a delta. Raw layer; operating point is the recorded P104 comparator rule, not a final clinical threshold.",D:\Codex_分拆Prompt嚴格無到院\outputs\v2\.p104rv\sweep_20260906T161352Z_account-04_v3\t0\r,4938db7de16d572c96004f9c7bdf8fe7337eb796a13d6a85f6d623930ffd9cdc,D:\Codex_分拆Prompt嚴格無到院\outputs\v2\.p104k10\cloud_validation_index_20260906T211456Z\task_medicine__P1__missingness_bayesian_iterative_m10_validation.json,047292e0a4ded47cccabaf73c0d825e03195f3f5444a406346566ad3e35690b3
medicine__P1__missingness_bayesian_iterative_m10,medicine,P1,missingness,bayesian_iterative_m10,bayesian_iterative_m10 / bayesian_iterative_m10,bayesian_iterative_m10,validation_2024,RAW_LOCKED_BASE_PREDICTIONS,raw,VALIDATED_COMPUTED,Locked inputs; missingness strategy=bayesian_iterative_m10,d5d5e2d8a0734a0ce9af97a6606994868307c154f09eee30ee788ada6108d568,764,"0.942198 [0.921174, 0.96019]","0.468876 [0.377283, 0.576759]",4770,98,0.942197983645513,0.9211744482755841,0.9601897159554839,0.46887581851573473,0.37728250639746974,0.5767593864472508,0.014680805833944485,0.013381668089661998,0.015944128091682483,0.1981981981981982,0.0018867924528301887,0.5,0.5,0.5,0.11224489795918367,0.9995719178082192,0.8461538461538461,0.9817111624973723,11,2,4670,87,ESTIMATED,ESTIMATED,ESTIMATED,c0ef85bd79b7e079a58a21aab89269df84d4b7d6cddbdcd8467aa3d5cf4abe78,"Descriptive arm estimate. CI is an individual-arm CI, not a paired-difference CI; no significance claim for a delta. Raw layer; operating point is the recorded P104 comparator rule, not a final clinical threshold.",D:\Codex_分拆Prompt嚴格無到院\outputs\v2\.p104rv\sweep_20260906T161352Z_account-04_v3\t0\r,4938db7de16d572c96004f9c7bdf8fe7337eb796a13d6a85f6d623930ffd9cdc,D:\Codex_分拆Prompt嚴格無到院\outputs\v2\.p104k10\cloud_validation_index_20260906T211456Z\task_medicine__P1__missingness_bayesian_iterative_m10_validation.json,047292e0a4ded47cccabaf73c0d825e03195f3f5444a406346566ad3e35690b3
medicine__P1__missingness_mnar_minus_0_5sd,medicine,P1,missingness,mnar_minus_0_5sd,mnar_minus_0_5sd / mnar_minus_0_5sd,mnar_minus_0_5sd,oof_2020_2023,RAW_LOCKED_BASE_PREDICTIONS,raw,VALIDATED_COMPUTED,Locked inputs; missingness strategy=mnar_minus_0_5sd,d5d5e2d8a0734a0ce9af97a6606994868307c154f09eee30ee788ada6108d568,764,"0.901517 [0.872714, 0.925623]","0.198288 [0.139307, 0.274769]",15995,129,0.9015167727391321,0.8727136648181052,0.9256234430415158,0.19828808858106997,0.13930660361781944,0.27476896812350365,0.007154593527755965,0.006739412968242419,0.0075455719188525045,0.12244897959183673,0.0,0.5,0.5,0.5,0.06976744186046512,0.9994327492751797,0.5,0.9924892032296426,9,9,15857,120,ESTIMATED,ESTIMATED,ESTIMATED,aafed358290fb1154988f8565e7fefcd0d493e5645a9235d8bffd54e199f8913,"Descriptive arm estimate. CI is an individual-arm CI, not a paired-difference CI; no significance claim for a delta. Raw layer; operating point is the recorded P104 comparator rule, not a final clinical threshold.",D:\Codex_分拆Prompt嚴格無到院\outputs\v2\.p104rv\sweep_20260906T211456Z_account-01_v2\t1\r,f6fa7bce4f91fcbf208cd90d5dffba591de3172c9b12c87ccdd0a067f71e05ae,D:\Codex_分拆Prompt嚴格無到院\outputs\v2\.p104k10\cloud_validation_index_20260906T211456Z\task_medicine__P1__missingness_mnar_minus_0_5sd_validation.json,e09d4832812ab80934d73e53189bfae3dd2300c4f124b88c7d016b12e0a20299
medicine__P1__missingness_mnar_minus_0_5sd,medicine,P1,missingness,mnar_minus_0_5sd,mnar_minus_0_5sd / mnar_minus_0_5sd,mnar_minus_0_5sd,validation_2024,RAW_LOCKED_BASE_PREDICTIONS,raw,VALIDATED_COMPUTED,Locked inputs; missingness strategy=mnar_minus_0_5sd,d5d5e2d8a0734a0ce9af97a6606994868307c154f09eee30ee788ada6108d568,764,"0.941903 [0.918609, 0.961626]","0.461052 [0.37155, 0.573427]",4770,98,0.9419031311154598,0.9186085309713116,0.9616264931313194,0.46105184891356715,0.37155040455631755,0.5734272164323055,0.014636630662027571,0.013295085835705404,0.015932116486880532,0.23931623931623933,0.0018867924528301887,0.5,0.5,0.5,0.14285714285714285,0.998929794520548,0.7368421052631579,0.9823195116817512,14,5,4667,84,ESTIMATED,ESTIMATED,ESTIMATED,c0ef85bd79b7e079a58a21aab89269df84d4b7d6cddbdcd8467aa3d5cf4abe78,"Descriptive arm estimate. CI is an individual-arm CI, not a paired-difference CI; no significance claim for a delta. Raw layer; operating point is the recorded P104 comparator rule, not a final clinical threshold.",D:\Codex_分拆Prompt嚴格無到院\outputs\v2\.p104rv\sweep_20260906T211456Z_account-01_v2\t1\r,f6fa7bce4f91fcbf208cd90d5dffba591de3172c9b12c87ccdd0a067f71e05ae,D:\Codex_分拆Prompt嚴格無到院\outputs\v2\.p104k10\cloud_validation_index_20260906T211456Z\task_medicine__P1__missingness_mnar_minus_0_5sd_validation.json,e09d4832812ab80934d73e53189bfae3dd2300c4f124b88c7d016b12e0a20299
medicine__P1__missingness_mnar_plus_0_5sd,medicine,P1,missingness,mnar_plus_0_5sd,mnar_plus_0_5sd / mnar_plus_0_5sd,mnar_plus_0_5sd,oof_2020_2023,RAW_LOCKED_BASE_PREDICTIONS,raw,VALIDATED_COMPUTED,Locked inputs; missingness strategy=mnar_plus_0_5sd,d5d5e2d8a0734a0ce9af97a6606994868307c154f09eee30ee788ada6108d568,764,"0.903741 [0.877067, 0.927751]","0.189569 [0.130726, 0.264108]",15995,129,0.903740825537911,0.8770672685096431,0.9277510417971991,0.18956941328443333,0.13072577320258644,0.2641080404368249,0.007202266490230446,0.006780571850301669,0.0075973802287949005,0.1342281879194631,0.0,0.5,0.5,0.5,0.07751937984496124,0.9993697214168663,0.5,0.9925508607198748,10,10,15856,119,ESTIMATED,ESTIMATED,ESTIMATED,aafed358290fb1154988f8565e7fefcd0d493e5645a9235d8bffd54e199f8913,"Descriptive arm estimate. CI is an individual-arm CI, not a paired-difference CI; no significance claim for a delta. Raw layer; operating point is the recorded P104 comparator rule, not a final clinical threshold.",D:\Codex_分拆Prompt嚴格無到院\outputs\v2\.p104rv\sweep_20260906T191424Z_account-02_v2\t1\r,a21e46801f9c7942445172ae5e5ea76446029543549a773d94f8033e59d7f577,D:\Codex_分拆Prompt嚴格無到院\outputs\v2\.p104k10\cloud_validation_index_20260906T211456Z\task_medicine__P1__missingness_mnar_plus_0_5sd_validation.json,b0542cfea7e6d399d4e77759a5bf60e1f9d1d419965d599fced4475a30f6598a
medicine__P1__missingness_mnar_plus_0_5sd,medicine,P1,missingness,mnar_plus_0_5sd,mnar_plus_0_5sd / mnar_plus_0_5sd,mnar_plus_0_5sd,validation_2024,RAW_LOCKED_BASE_PREDICTIONS,raw,VALIDATED_COMPUTED,Locked inputs; missingness strategy=mnar_plus_0_5sd,d5d5e2d8a0734a0ce9af97a6606994868307c154f09eee30ee788ada6108d568,764,"0.943912 [0.923837, 0.961876]","0.448663 [0.36215, 0.557088]",4770,98,0.9439124965054515,0.9238366801079028,0.9618759699994684,0.4486626399918769,0.3621495375730566,0.5570877331725883,0.014738190849539387,0.01344885428113718,0.015974803845937052,0.22413793103448276,0.0016771488469601676,0.5,0.5,0.5,0.1326530612244898,0.998929794520548,0.7222222222222222,0.9821127946127947,13,5,4667,85,ESTIMATED,ESTIMATED,ESTIMATED,c0ef85bd79b7e079a58a21aab89269df84d4b7d6cddbdcd8467aa3d5cf4abe78,"Descriptive arm estimate. CI is an individual-arm CI, not a paired-difference CI; no significance claim for a delta. Raw layer; operating point is the recorded P104 comparator rule, not a final clinical threshold.",D:\Codex_分拆Prompt嚴格無到院\outputs\v2\.p104rv\sweep_20260906T191424Z_account-02_v2\t1\r,a21e46801f9c7942445172ae5e5ea76446029543549a773d94f8033e59d7f577,D:\Codex_分拆Prompt嚴格無到院\outputs\v2\.p104k10\cloud_validation_index_20260906T211456Z\task_medicine__P1__missingness_mnar_plus_0_5sd_validation.json,b0542cfea7e6d399d4e77759a5bf60e1f9d1d419965d599fced4475a30f6598a
medicine__P2__missingness_median_indicator,medicine,P2,missingness,median_indicator,median_indicator / median_indicator,median_indicator,oof_2020_2023,RAW_LOCKED_BASE_PREDICTIONS,raw,VALIDATED_COMPUTED,Locked inputs; missingness strategy=median_indicator,d5d5e2d8a0734a0ce9af97a6606994868307c154f09eee30ee788ada6108d568,764,"0.876219 [0.867983, 0.884531]","0.463183 [0.439718, 0.487867]",15995,1581,0.8762194619452046,0.8679830823950867,0.8845305020986929,0.463183198514309,0.43971790735527005,0.48786713361765666,0.07913862830733318,0.07695626631460077,0.08141601778931286,0.4846517119244392,-0.01031572366364489,0.5,0.5,0.5,0.519291587602783,0.9315942833356459,0.454344216934145,0.9464336058641105,821,986,13428,760,ESTIMATED,ESTIMATED,ESTIMATED,b8399b00cd226c8c54e6b684c712261685238606cb03b3ce2021ac7212cac994,"Descriptive arm estimate. CI is an individual-arm CI, not a paired-difference CI; no significance claim for a delta. Raw layer; operating point is the recorded P104 comparator rule, not a final clinical threshold.",D:\Codex_分拆Prompt嚴格無到院\outputs\v2\.p104rv\sweep_20260906T151250Z_account-06_v2\t2\r,f851bf100553799b6cc2a0850483af5bcc3533f49de2de20b2f8897d23364ee4,D:\Codex_分拆Prompt嚴格無到院\outputs\v2\.p104k10\cloud_validation_index_20260906T211456Z\task_medicine__P2__missingness_median_indicator_validation.json,496a4118f5a66fa90587210832d6887b47fb3221be7a39ed2b604e79eef1a837
medicine__P2__missingness_median_indicator,medicine,P2,missingness,median_indicator,median_indicator / median_indicator,median_indicator,validation_2024,RAW_LOCKED_BASE_PREDICTIONS,raw,VALIDATED_COMPUTED,Locked inputs; missingness strategy=median_indicator,d5d5e2d8a0734a0ce9af97a6606994868307c154f09eee30ee788ada6108d568,764,"0.882766 [0.868891, 0.896148]","0.572245 [0.533495, 0.609964]",4770,568,0.8827662548350551,0.8688911754526618,0.896147662995919,0.5722446182140243,0.5334949783723213,0.6099638841086139,0.0858189795952724,0.0815832424608707,0.09034300587228686,0.5391444713478611,-0.0006289308176100629,0.5,0.5,0.5,0.5880281690140845,0.9198000951927654,0.4977645305514158,0.9429129055867285,334,337,3865,234,ESTIMATED,ESTIMATED,ESTIMATED,0780a684c7649fee5c15d381b9b48819feda53386948f4bdbde630fecbceb886,"Descriptive arm estimate. CI is an individual-arm CI, not a paired-difference CI; no significance claim for a delta. Raw layer; operating point is the recorded P104 comparator rule, not a final clinical threshold.",D:\Codex_分拆Prompt嚴格無到院\outputs\v2\.p104rv\sweep_20260906T151250Z_account-06_v2\t2\r,f851bf100553799b6cc2a0850483af5bcc3533f49de2de20b2f8897d23364ee4,D:\Codex_分拆Prompt嚴格無到院\outputs\v2\.p104k10\cloud_validation_index_20260906T211456Z\task_medicine__P2__missingness_median_indicator_validation.json,496a4118f5a66fa90587210832d6887b47fb3221be7a39ed2b604e79eef1a837
medicine__P2__missingness_mean_indicator,medicine,P2,missingness,mean_indicator,mean_indicator / mean_indicator,mean_indicator,oof_2020_2023,RAW_LOCKED_BASE_PREDICTIONS,raw,VALIDATED_COMPUTED,Locked inputs; missingness strategy=mean_indicator,d5d5e2d8a0734a0ce9af97a6606994868307c154f09eee30ee788ada6108d568,764,"0.876083 [0.867932, 0.88385]","0.466211 [0.442315, 0.490848]",15995,1581,0.8760826826332927,0.8679323539733201,0.8838495352983319,0.46621114762815485,0.4423154297336132,0.4908481007572958,0.07910726015892129,0.07688822220695156,0.08147815859344912,0.49162011173184356,-0.009252891528602689,0.5,0.5,0.5,0.5287792536369387,0.931733037324823,0.4593406593406593,0.9474426807760141,836,984,13430,745,ESTIMATED,ESTIMATED,ESTIMATED,b8399b00cd226c8c54e6b684c712261685238606cb03b3ce2021ac7212cac994,"Descriptive arm estimate. CI is an individual-arm CI, not a paired-difference CI; no significance claim for a delta. Raw layer; operating point is the recorded P104 comparator rule, not a final clinical threshold.",D:\Codex_分拆Prompt嚴格無到院\outputs\v2\.p104rv\sweep_20260906T151250Z_account-05_v2\t2\r,c5debad88ecce93f5a5a3db6f340d3822ec91587f7dd57045d858a72d3616696,D:\Codex_分拆Prompt嚴格無到院\outputs\v2\.p104k10\cloud_validation_index_20260906T211456Z\task_medicine__P2__missingness_mean_indicator_validation.json,92b0c753b39f11accf3ef45a6c65805c311b2b547c2f6be9a42ab6a611b139ee
medicine__P2__missingness_mean_indicator,medicine,P2,missingness,mean_indicator,mean_indicator / mean_indicator,mean_indicator,validation_2024,RAW_LOCKED_BASE_PREDICTIONS,raw,VALIDATED_COMPUTED,Locked inputs; missingness strategy=mean_indicator,d5d5e2d8a0734a0ce9af97a6606994868307c154f09eee30ee788ada6108d568,764,"0.881062 [0.867455, 0.894663]","0.571894 [0.534549, 0.608674]",4770,568,0.8810622540574241,0.8674550130295307,0.8946634046884829,0.5718944760891981,0.5345492218396352,0.608673909131696,0.08617272834974236,0.0817534365591705,0.09072938129139528,0.5411954765751211,0.0,0.5,0.5,0.5,0.5897887323943662,0.9202760590195145,0.5,0.943170731707317,335,335,3867,233,ESTIMATED,ESTIMATED,ESTIMATED,0780a684c7649fee5c15d381b9b48819feda53386948f4bdbde630fecbceb886,"Descriptive arm estimate. CI is an individual-arm CI, not a paired-difference CI; no significance claim for a delta. Raw layer; operating point is the recorded P104 comparator rule, not a final clinical threshold.",D:\Codex_分拆Prompt嚴格無到院\outputs\v2\.p104rv\sweep_20260906T151250Z_account-05_v2\t2\r,c5debad88ecce93f5a5a3db6f340d3822ec91587f7dd57045d858a72d3616696,D:\Codex_分拆Prompt嚴格無到院\outputs\v2\.p104k10\cloud_validation_index_20260906T211456Z\task_medicine__P2__missingness_mean_indicator_validation.json,92b0c753b39f11accf3ef45a6c65805c311b2b547c2f6be9a42ab6a611b139ee
medicine__P2__missingness_tree_native,medicine,P2,missingness,tree_native,tree_native / tree_native,tree_native,oof_2020_2023,RAW_LOCKED_BASE_PREDICTIONS,raw,VALIDATED_COMPUTED,Locked inputs; missingness strategy=tree_native,d5d5e2d8a0734a0ce9af97a6606994868307c154f09eee30ee788ada6108d568,764,"0.875183 [0.866825, 0.884087]","0.465072 [0.441595, 0.492376]",15995,1581,0.8751834584883784,0.8668247395690816,0.8840868121172311,0.46507209643430836,0.44159499095702287,0.49237554868325384,0.0792237993687973,0.0768518127336388,0.0815419452361911,0.48438420742486743,-0.010565801813066582,0.5,0.5,0.5,0.5199240986717267,0.931247398362703,0.453392167677882,0.9464814553659568,822,991,13423,759,ESTIMATED,ESTIMATED,ESTIMATED,b8399b00cd226c8c54e6b684c712261685238606cb03b3ce2021ac7212cac994,"Descriptive arm estimate. CI is an individual-arm CI, not a paired-difference CI; no significance claim for a delta. Raw layer; operating point is the recorded P104 comparator rule, not a final clinical threshold.",D:\Codex_分拆Prompt嚴格無到院\outputs\v2\.p104rv\sweep_20260906T151250Z_account-10_v2\t2\r,788cec593a0b0341e542b8ece0e24ea683c505ed2ecc4d4f88d770742fe5a7ee,D:\Codex_分拆Prompt嚴格無到院\outputs\v2\.p104k10\cloud_validation_index_20260906T211456Z\task_medicine__P2__missingness_tree_native_validation.json,5ba7daa12922e4c53ece6ee2153099611c15f05d9ee3ec86c533787e29869ce4
medicine__P2__missingness_tree_native,medicine,P2,missingness,tree_native,tree_native / tree_native,tree_native,validation_2024,RAW_LOCKED_BASE_PREDICTIONS,raw,VALIDATED_COMPUTED,Locked inputs; missingness strategy=tree_native,d5d5e2d8a0734a0ce9af97a6606994868307c154f09eee30ee788ada6108d568,764,"0.882987 [0.86988, 0.896311]","0.575394 [0.538764, 0.613027]",4770,568,0.8829874774587554,0.8698804573786952,0.8963107604417259,0.5753938832826014,0.5387636495554526,0.6130271673971093,0.08562572476160081,0.0813665014311464,0.09016809949268428,0.5352798053527981,-0.0010482180293501049,0.5,0.5,0.5,0.5809859154929577,0.9202760590195145,0.49624060150375937,0.9420219244823386,330,335,3867,238,ESTIMATED,ESTIMATED,ESTIMATED,0780a684c7649fee5c15d381b9b48819feda53386948f4bdbde630fecbceb886,"Descriptive arm estimate. CI is an individual-arm CI, not a paired-difference CI; no significance claim for a delta. Raw layer; operating point is the recorded P104 comparator rule, not a final clinical threshold.",D:\Codex_分拆Prompt嚴格無到院\outputs\v2\.p104rv\sweep_20260906T151250Z_account-10_v2\t2\r,788cec593a0b0341e542b8ece0e24ea683c505ed2ecc4d4f88d770742fe5a7ee,D:\Codex_分拆Prompt嚴格無到院\outputs\v2\.p104k10\cloud_validation_index_20260906T211456Z\task_medicine__P2__missingness_tree_native_validation.json,5ba7daa12922e4c53ece6ee2153099611c15f05d9ee3ec86c533787e29869ce4
medicine__P2__missingness_median_no_indicator,medicine,P2,missingness,median_no_indicator,median_no_indicator / median_no_indicator,median_no_indicator,oof_2020_2023,RAW_LOCKED_BASE_PREDICTIONS,raw,VALIDATED_COMPUTED,Remove specified baseline missingness indicators; retain undefined-score safeguards,0be3019014561edcf1c1cb3d305a4c74d405f0e1a6a4b35b5b24545e22ab35a6,512,"0.876346 [0.868174, 0.884329]","0.464607 [0.439997, 0.490171]",15995,1581,0.8763459729353367,0.8681742000766424,0.8843292242188768,0.4646067069132169,0.4399966965393036,0.49017126951989476,0.07917755791583052,0.07687335647552075,0.08155689632399268,0.48265638897124225,-0.010253204126289465,0.5,0.5,0.5,0.5148640101201771,0.9321492992923547,0.45424107142857145,0.9459973245089066,814,978,13436,767,ESTIMATED,ESTIMATED,ESTIMATED,b8399b00cd226c8c54e6b684c712261685238606cb03b3ce2021ac7212cac994,"Descriptive arm estimate. CI is an individual-arm CI, not a paired-difference CI; no significance claim for a delta. Raw layer; operating point is the recorded P104 comparator rule, not a final clinical threshold. Specified MISS/indicator inputs removed; UNDEFINED_SCORE safeguards remain, so missingness information is not completely absent.",D:\Codex_分拆Prompt嚴格無到院\outputs\v2\.p104rv\sweep_20260906T171453Z_account-07_v2\t2\r,be1386ea89637a7c92198aff5440ce7746659d976136985956ca40c386c745c4,D:\Codex_分拆Prompt嚴格無到院\outputs\v2\.p104k10\cloud_validation_index_20260906T211456Z\task_medicine__P2__missingness_median_no_indicator_validation.json,9763aadc08b8fb6e8abfd542173588a33732e07d715cdcc0a2da3b904a2c586a
medicine__P2__missingness_median_no_indicator,medicine,P2,missingness,median_no_indicator,median_no_indicator / median_no_indicator,median_no_indicator,validation_2024,RAW_LOCKED_BASE_PREDICTIONS,raw,VALIDATED_COMPUTED,Remove specified baseline missingness indicators; retain undefined-score safeguards,0be3019014561edcf1c1cb3d305a4c74d405f0e1a6a4b35b5b24545e22ab35a6,512,"0.883328 [0.869831, 0.896243]","0.570853 [0.53534, 0.608136]",4770,568,0.883327691039143,0.8698305968313522,0.896243124964039,0.5708531418030555,0.5353402181195591,0.6081362746223269,0.08586198066540675,0.08150373753550831,0.09036215638837344,0.5376518218623482,-0.0006289308176100629,0.5,0.5,0.5,0.5845070422535211,0.9202760590195145,0.49775112443778113,0.9424811113819157,332,335,3867,236,ESTIMATED,ESTIMATED,ESTIMATED,0780a684c7649fee5c15d381b9b48819feda53386948f4bdbde630fecbceb886,"Descriptive arm estimate. CI is an individual-arm CI, not a paired-difference CI; no significance claim for a delta. Raw layer; operating point is the recorded P104 comparator rule, not a final clinical threshold. Specified MISS/indicator inputs removed; UNDEFINED_SCORE safeguards remain, so missingness information is not completely absent.",D:\Codex_分拆Prompt嚴格無到院\outputs\v2\.p104rv\sweep_20260906T171453Z_account-07_v2\t2\r,be1386ea89637a7c92198aff5440ce7746659d976136985956ca40c386c745c4,D:\Codex_分拆Prompt嚴格無到院\outputs\v2\.p104k10\cloud_validation_index_20260906T211456Z\task_medicine__P2__missingness_median_no_indicator_validation.json,9763aadc08b8fb6e8abfd542173588a33732e07d715cdcc0a2da3b904a2c586a
medicine__P2__missingness_full_complete_case,medicine,P2,missingness,full_complete_case,full_complete_case / full_complete_case,full_complete_case,oof_2020_2023,RAW_LOCKED_BASE_PREDICTIONS,raw,VALIDATED_COMPUTED,Locked inputs; missingness strategy=full_complete_case,d5d5e2d8a0734a0ce9af97a6606994868307c154f09eee30ee788ada6108d568,764,"0.769585 [0.628264, 0.892473]","0.72209 [0.572731, 0.870433]",52,21,0.7695852534562212,0.6282642089093702,0.8924731182795699,0.722090154629621,0.5727313008656705,0.8704329626773595,0.20289903593405859,0.13957917687747948,0.27134327542764297,0.6530612244897959,0.07692307692307693,0.5,0.5,0.5,0.7619047619047619,0.6129032258064516,0.5714285714285714,0.7916666666666666,16,12,19,5,ESTIMATED,ESTIMATED,ESTIMATED,98d63fc77a5d4640fd3f59f595db774c6bbd4d56649596bf2140ebb0cfb250c5,"Descriptive arm estimate. CI is an individual-arm CI, not a paired-difference CI; no significance claim for a delta. Raw layer; operating point is the recorded P104 comparator rule, not a final clinical threshold.",D:\Codex_分拆Prompt嚴格無到院\outputs\v2\.p104rv\sweep_20260906T171453Z_account-03_v2\t2\r,4ca7eaa9b74d0570fe0534f7b88a0188e3d11bf880e4bb85eafe8be916fbb1a6,D:\Codex_分拆Prompt嚴格無到院\outputs\v2\.p104k10\cloud_validation_index_20260906T211456Z\task_medicine__P2__missingness_full_complete_case_validation.json,c8c3b397c97ae9bb8f27581713614c6d953b8352074ff115caf7bc7d81e39161
medicine__P2__missingness_full_complete_case,medicine,P2,missingness,full_complete_case,full_complete_case / full_complete_case,full_complete_case,validation_2024,RAW_LOCKED_BASE_PREDICTIONS,raw,VALIDATED_COMPUTED,Locked inputs; missingness strategy=full_complete_case,d5d5e2d8a0734a0ce9af97a6606994868307c154f09eee30ee788ada6108d568,764,"0.95 [0.8, 1]","0.925 [0.775, 1]",17,5,0.95,0.8,1.0,0.925,0.775,1.0,0.17095880308671094,0.08282366206887393,0.27217005537856137,0.6666666666666666,0.058823529411764705,0.5,0.5,0.5,0.8,0.75,0.5714285714285714,0.9,4,3,9,1,ESTIMATED,ESTIMATED,ESTIMATED,a3d3f09c7c651c3bd5f0f1e8a1f9dc6cd4395325edd6564df21c16f913dd2fc6,"Descriptive arm estimate. CI is an individual-arm CI, not a paired-difference CI; no significance claim for a delta. Raw layer; operating point is the recorded P104 comparator rule, not a final clinical threshold.",D:\Codex_分拆Prompt嚴格無到院\outputs\v2\.p104rv\sweep_20260906T171453Z_account-03_v2\t2\r,4ca7eaa9b74d0570fe0534f7b88a0188e3d11bf880e4bb85eafe8be916fbb1a6,D:\Codex_分拆Prompt嚴格無到院\outputs\v2\.p104k10\cloud_validation_index_20260906T211456Z\task_medicine__P2__missingness_full_complete_case_validation.json,c8c3b397c97ae9bb8f27581713614c6d953b8352074ff115caf7bc7d81e39161
medicine__P2__missingness_core_vitals_complete_case,medicine,P2,missingness,core_vitals_complete_case,core_vitals_complete_case / core_vitals_complete_case,core_vitals_complete_case,oof_2020_2023,RAW_LOCKED_BASE_PREDICTIONS,raw,VALIDATED_COMPUTED,Locked inputs; missingness strategy=core_vitals_complete_case,d5d5e2d8a0734a0ce9af97a6606994868307c154f09eee30ee788ada6108d568,764,"0.875087 [0.865943, 0.884179]","0.445583 [0.419926, 0.472689]",14109,1351,0.8750865192029408,0.8659428229309664,0.8841787745790775,0.4455827932264152,0.41992561365452297,0.4726886087073091,0.07720123073632389,0.07478626909435558,0.07967878143486434,0.47194950911640954,-0.01098589552767737,0.5,0.5,0.5,0.4981495188749075,0.9350995453832889,0.44836775483011326,0.9462246192893401,673,828,11930,678,ESTIMATED,ESTIMATED,ESTIMATED,948b69f381c59db7d971561d0f6cb9ec3de69d2b42c3bb17d673f6f4751503a9,"Descriptive arm estimate. CI is an individual-arm CI, not a paired-difference CI; no significance claim for a delta. Raw layer; operating point is the recorded P104 comparator rule, not a final clinical threshold.",D:\Codex_分拆Prompt嚴格無到院\outputs\v2\.p104rv\sweep_20260906T191424Z_account-02_v2\t2\r,e11bc1087748be29e268ba5bd565e767790f2d4681c46c80acab288759be3f2d,D:\Codex_分拆Prompt嚴格無到院\outputs\v2\.p104k10\cloud_validation_index_20260906T211456Z\task_medicine__P2__missingness_core_vitals_complete_case_validation.json,10d8e2c3c87aa314bff448f0a0c1b17223468980de1440082afa7c3d800705cc
medicine__P2__missingness_core_vitals_complete_case,medicine,P2,missingness,core_vitals_complete_case,core_vitals_complete_case / core_vitals_complete_case,core_vitals_complete_case,validation_2024,RAW_LOCKED_BASE_PREDICTIONS,raw,VALIDATED_COMPUTED,Locked inputs; missingness strategy=core_vitals_complete_case,d5d5e2d8a0734a0ce9af97a6606994868307c154f09eee30ee788ada6108d568,764,"0.873443 [0.856913, 0.889576]","0.469514 [0.424228, 0.520679]",3961,411,0.8734429937287962,0.85691284716556,0.8895760308224523,0.4695138323742535,0.4242277338402156,0.5206792243560242,0.08289559326227008,0.07820457713931182,0.08756718563112147,0.4826038159371493,-0.012623074981065387,0.5,0.5,0.5,0.5231143552311436,0.9253521126760563,0.4479166666666667,0.9436943407066934,215,265,3285,196,ESTIMATED,ESTIMATED,ESTIMATED,e3df15eacbe4dc1e0c038ca6adaab07f0206c8992394c34b843a68379efda9cb,"Descriptive arm estimate. CI is an individual-arm CI, not a paired-difference CI; no significance claim for a delta. Raw layer; operating point is the recorded P104 comparator rule, not a final clinical threshold.",D:\Codex_分拆Prompt嚴格無到院\outputs\v2\.p104rv\sweep_20260906T191424Z_account-02_v2\t2\r,e11bc1087748be29e268ba5bd565e767790f2d4681c46c80acab288759be3f2d,D:\Codex_分拆Prompt嚴格無到院\outputs\v2\.p104k10\cloud_validation_index_20260906T211456Z\task_medicine__P2__missingness_core_vitals_complete_case_validation.json,10d8e2c3c87aa314bff448f0a0c1b17223468980de1440082afa7c3d800705cc
medicine__P2__missingness_knn_k5_continuous_ordinal_block,medicine,P2,missingness,knn_k5_continuous_ordinal_block,knn_k5_continuous_ordinal_block / knn_k5_continuous_ordinal_block,knn_k5_continuous_ordinal_block,oof_2020_2023,RAW_LOCKED_BASE_PREDICTIONS,raw,VALIDATED_COMPUTED,Locked inputs; missingness strategy=knn_k5_continuous_ordinal_block,d5d5e2d8a0734a0ce9af97a6606994868307c154f09eee30ee788ada6108d568,764,"0.876207 [0.868015, 0.884756]","0.463032 [0.440189, 0.488556]",15995,1581,0.8762069117741405,0.8680151589911625,0.8847560909355126,0.46303212586475095,0.44018860172489005,0.4885555554799593,0.07928946820969383,0.0769540375754215,0.08152622027663603,0.48527679623085984,-0.010440762738355737,0.5,0.5,0.5,0.5211891208096142,0.931247398362703,0.4539944903581267,0.9466149506346968,824,991,13423,757,ESTIMATED,ESTIMATED,ESTIMATED,b8399b00cd226c8c54e6b684c712261685238606cb03b3ce2021ac7212cac994,"Descriptive arm estimate. CI is an individual-arm CI, not a paired-difference CI; no significance claim for a delta. Raw layer; operating point is the recorded P104 comparator rule, not a final clinical threshold.",D:\Codex_分拆Prompt嚴格無到院\outputs\v2\.p104rv\sweep_20260906T161352Z_account-04_v3\t2\r,a12dd40dfa3568dd3283326c0f8a6a5e5d022fe429d9283b52606e3991cb6d58,D:\Codex_分拆Prompt嚴格無到院\outputs\v2\.p104k10\cloud_validation_index_20260906T211456Z\task_medicine__P2__missingness_knn_k5_continuous_ordinal_block_validation.json,7b25f45f1c1bed9eb63ab0b1b2298a30e9cc818b8a66eb0c6eb7b94c0dd350d9
medicine__P2__missingness_knn_k5_continuous_ordinal_block,medicine,P2,missingness,knn_k5_continuous_ordinal_block,knn_k5_continuous_ordinal_block / knn_k5_continuous_ordinal_block,knn_k5_continuous_ordinal_block,validation_2024,RAW_LOCKED_BASE_PREDICTIONS,raw,VALIDATED_COMPUTED,Locked inputs; missingness strategy=knn_k5_continuous_ordinal_block,d5d5e2d8a0734a0ce9af97a6606994868307c154f09eee30ee788ada6108d568,764,"0.883462 [0.869527, 0.897109]","0.57476 [0.536107, 0.613338]",4770,568,0.8834621843387791,0.8695274017961695,0.8971091229743604,0.5747597978585732,0.5361072141320412,0.6133384496533008,0.08566456053140406,0.08128149625284807,0.09008991451918483,0.5350523771152297,-0.0018867924528301887,0.5,0.5,0.5,0.5845070422535211,0.918848167539267,0.4933135215453195,0.9423968757627532,332,341,3861,236,ESTIMATED,ESTIMATED,ESTIMATED,0780a684c7649fee5c15d381b9b48819feda53386948f4bdbde630fecbceb886,"Descriptive arm estimate. CI is an individual-arm CI, not a paired-difference CI; no significance claim for a delta. Raw layer; operating point is the recorded P104 comparator rule, not a final clinical threshold.",D:\Codex_分拆Prompt嚴格無到院\outputs\v2\.p104rv\sweep_20260906T161352Z_account-04_v3\t2\r,a12dd40dfa3568dd3283326c0f8a6a5e5d022fe429d9283b52606e3991cb6d58,D:\Codex_分拆Prompt嚴格無到院\outputs\v2\.p104k10\cloud_validation_index_20260906T211456Z\task_medicine__P2__missingness_knn_k5_continuous_ordinal_block_validation.json,7b25f45f1c1bed9eb63ab0b1b2298a30e9cc818b8a66eb0c6eb7b94c0dd350d9
medicine__P2__missingness_bayesian_iterative_m10,medicine,P2,missingness,bayesian_iterative_m10,bayesian_iterative_m10 / bayesian_iterative_m10,bayesian_iterative_m10,oof_2020_2023,RAW_LOCKED_BASE_PREDICTIONS,raw,VALIDATED_COMPUTED,Locked inputs; missingness strategy=bayesian_iterative_m10,d5d5e2d8a0734a0ce9af97a6606994868307c154f09eee30ee788ada6108d568,764,"0.87562 [0.867143, 0.88399]","0.465025 [0.440094, 0.489617]",15995,1581,0.8756202570994694,0.8671434451015128,0.8839899609766695,0.4650251513155472,0.4400939987673321,0.4896174425530223,0.07922947495581457,0.07684306369348033,0.08171668443790671,0.4880777156314395,-0.009878086902156923,0.5,0.5,0.5,0.5243516761543326,0.9315249063410573,0.4564977973568282,0.9469638197334086,829,987,13427,752,ESTIMATED,ESTIMATED,ESTIMATED,b8399b00cd226c8c54e6b684c712261685238606cb03b3ce2021ac7212cac994,"Descriptive arm estimate. CI is an individual-arm CI, not a paired-difference CI; no significance claim for a delta. Raw layer; operating point is the recorded P104 comparator rule, not a final clinical threshold.",D:\Codex_分拆Prompt嚴格無到院\outputs\v2\.p104rv\sweep_20260906T211456Z_account-01_v2\t2\r,9198acacb268b60b192d8cfc9d5bfe2988f7e2b0503d90714f99c12324602e0e,D:\Codex_分拆Prompt嚴格無到院\outputs\v2\.p104k10\cloud_validation_index_20260906T211456Z\task_medicine__P2__missingness_bayesian_iterative_m10_validation.json,d93e9bd9eff67b2c77d5ef85ca230f89f46b079755143f2c45a7970b7c408379
medicine__P2__missingness_bayesian_iterative_m10,medicine,P2,missingness,bayesian_iterative_m10,bayesian_iterative_m10 / bayesian_iterative_m10,bayesian_iterative_m10,validation_2024,RAW_LOCKED_BASE_PREDICTIONS,raw,VALIDATED_COMPUTED,Locked inputs; missingness strategy=bayesian_iterative_m10,d5d5e2d8a0734a0ce9af97a6606994868307c154f09eee30ee788ada6108d568,764,"0.882331 [0.868581, 0.895316]","0.570691 [0.533387, 0.607207]",4770,568,0.882331351268008,0.8685814800049226,0.8953157289598996,0.5706913188754004,0.5333869339299306,0.6072073319473349,0.08612578630192386,0.08192635142571268,0.09058107352751449,0.5390749601275917,-0.0020964360587002098,0.5,0.5,0.5,0.5950704225352113,0.9171822941456449,0.49271137026239065,0.9436826640548482,338,348,3854,230,ESTIMATED,ESTIMATED,ESTIMATED,0780a684c7649fee5c15d381b9b48819feda53386948f4bdbde630fecbceb886,"Descriptive arm estimate. CI is an individual-arm CI, not a paired-difference CI; no significance claim for a delta. Raw layer; operating point is the recorded P104 comparator rule, not a final clinical threshold.",D:\Codex_分拆Prompt嚴格無到院\outputs\v2\.p104rv\sweep_20260906T211456Z_account-01_v2\t2\r,9198acacb268b60b192d8cfc9d5bfe2988f7e2b0503d90714f99c12324602e0e,D:\Codex_分拆Prompt嚴格無到院\outputs\v2\.p104k10\cloud_validation_index_20260906T211456Z\task_medicine__P2__missingness_bayesian_iterative_m10_validation.json,d93e9bd9eff67b2c77d5ef85ca230f89f46b079755143f2c45a7970b7c408379
medicine__P2__missingness_mnar_minus_0_5sd,medicine,P2,missingness,mnar_minus_0_5sd,mnar_minus_0_5sd / mnar_minus_0_5sd,mnar_minus_0_5sd,oof_2020_2023,RAW_LOCKED_BASE_PREDICTIONS,raw,VALIDATED_COMPUTED,Locked inputs; missingness strategy=mnar_minus_0_5sd,d5d5e2d8a0734a0ce9af97a6606994868307c154f09eee30ee788ada6108d568,764,"0.875559 [0.867465, 0.883869]","0.464063 [0.440361, 0.489165]",15995,1581,0.8755592615128293,0.8674649174036319,0.883869075269405,0.4640629332332312,0.4403610416054959,0.48916489583028583,0.07922819095658201,0.0768492909944652,0.08156373834310064,0.4850988492180584,-0.010253204126289465,0.5,0.5,0.5,0.5199240986717267,0.9315942833356459,0.45464601769911506,0.9465003171917953,822,986,13428,759,ESTIMATED,ESTIMATED,ESTIMATED,b8399b00cd226c8c54e6b684c712261685238606cb03b3ce2021ac7212cac994,"Descriptive arm estimate. CI is an individual-arm CI, not a paired-difference CI; no significance claim for a delta. Raw layer; operating point is the recorded P104 comparator rule, not a final clinical threshold.",D:\Codex_分拆Prompt嚴格無到院\outputs\v2\.p104rv\sweep_20260906T171453Z_account-08_v2\t2\r,fed110c458b67b881f869096dc7564901d5dd0d78e64f2725961a73d84fe3425,D:\Codex_分拆Prompt嚴格無到院\outputs\v2\.p104k10\cloud_validation_index_20260906T211456Z\task_medicine__P2__missingness_mnar_minus_0_5sd_validation.json,96611be29b1c9ba921ff98f27aa53ae29a2eca23dedf8879a9cae2193f487b9f
medicine__P2__missingness_mnar_minus_0_5sd,medicine,P2,missingness,mnar_minus_0_5sd,mnar_minus_0_5sd / mnar_minus_0_5sd,mnar_minus_0_5sd,validation_2024,RAW_LOCKED_BASE_PREDICTIONS,raw,VALIDATED_COMPUTED,Locked inputs; missingness strategy=mnar_minus_0_5sd,d5d5e2d8a0734a0ce9af97a6606994868307c154f09eee30ee788ada6108d568,764,"0.881971 [0.867567, 0.895658]","0.572222 [0.534894, 0.611006]",4770,568,0.8819706075577692,0.8675670178407897,0.8956579453783001,0.5722217839150442,0.5348943896866836,0.6110055246445143,0.08615665441704948,0.08133037080944559,0.0906405654249434,0.534621578099839,-0.0020964360587002098,0.5,0.5,0.5,0.5845070422535211,0.9186101856258925,0.49258160237388726,0.9423828125,332,342,3860,236,ESTIMATED,ESTIMATED,ESTIMATED,0780a684c7649fee5c15d381b9b48819feda53386948f4bdbde630fecbceb886,"Descriptive arm estimate. CI is an individual-arm CI, not a paired-difference CI; no significance claim for a delta. Raw layer; operating point is the recorded P104 comparator rule, not a final clinical threshold.",D:\Codex_分拆Prompt嚴格無到院\outputs\v2\.p104rv\sweep_20260906T171453Z_account-08_v2\t2\r,fed110c458b67b881f869096dc7564901d5dd0d78e64f2725961a73d84fe3425,D:\Codex_分拆Prompt嚴格無到院\outputs\v2\.p104k10\cloud_validation_index_20260906T211456Z\task_medicine__P2__missingness_mnar_minus_0_5sd_validation.json,96611be29b1c9ba921ff98f27aa53ae29a2eca23dedf8879a9cae2193f487b9f
medicine__P2__missingness_mnar_plus_0_5sd,medicine,P2,missingness,mnar_plus_0_5sd,mnar_plus_0_5sd / mnar_plus_0_5sd,mnar_plus_0_5sd,oof_2020_2023,RAW_LOCKED_BASE_PREDICTIONS,raw,VALIDATED_COMPUTED,Locked inputs; missingness strategy=mnar_plus_0_5sd,d5d5e2d8a0734a0ce9af97a6606994868307c154f09eee30ee788ada6108d568,764,"0.875994 [0.86771, 0.884731]","0.463148 [0.439123, 0.490023]",15995,1581,0.875993997683221,0.8677095037608624,0.8847307249220472,0.46314759935148725,0.43912298374123576,0.4900231102616174,0.07923860673466795,0.0766938353527239,0.08162324913742633,0.4865821291654379,-0.01000312597686777,0.5,0.5,0.5,0.5218216318785579,0.9316636603302345,0.4558011049723757,0.9467042650687346,825,985,13429,756,ESTIMATED,ESTIMATED,ESTIMATED,b8399b00cd226c8c54e6b684c712261685238606cb03b3ce2021ac7212cac994,"Descriptive arm estimate. CI is an individual-arm CI, not a paired-difference CI; no significance claim for a delta. Raw layer; operating point is the recorded P104 comparator rule, not a final clinical threshold.",D:\Codex_分拆Prompt嚴格無到院\outputs\v2\.p104rv\sweep_20260906T171453Z_account-09_v2\t2\r,d46f331945633db28af2143e20cc2849c38063b645d655d56edfaa2d3c39ccc1,D:\Codex_分拆Prompt嚴格無到院\outputs\v2\.p104k10\cloud_validation_index_20260906T211456Z\task_medicine__P2__missingness_mnar_plus_0_5sd_validation.json,e86d9f695fe63370f7fd6adbc811e4aee60e7ec6deedbb5fb9385a19e2942bb5
medicine__P2__missingness_mnar_plus_0_5sd,medicine,P2,missingness,mnar_plus_0_5sd,mnar_plus_0_5sd / mnar_plus_0_5sd,mnar_plus_0_5sd,validation_2024,RAW_LOCKED_BASE_PREDICTIONS,raw,VALIDATED_COMPUTED,Locked inputs; missingness strategy=mnar_plus_0_5sd,d5d5e2d8a0734a0ce9af97a6606994868307c154f09eee30ee788ada6108d568,764,"0.881919 [0.867066, 0.89471]","0.572365 [0.535431, 0.610615]",4770,568,0.8819186537597792,0.8670662653438951,0.8947101164429375,0.572365039848776,0.5354309497085897,0.6106148073576838,0.08599807730843254,0.0816949113379223,0.09050044676429658,0.5412329863891113,-0.0010482180293501049,0.5,0.5,0.5,0.5950704225352113,0.9183722037125178,0.49632892804698975,0.9437515284910736,338,343,3859,230,ESTIMATED,ESTIMATED,ESTIMATED,0780a684c7649fee5c15d381b9b48819feda53386948f4bdbde630fecbceb886,"Descriptive arm estimate. CI is an individual-arm CI, not a paired-difference CI; no significance claim for a delta. Raw layer; operating point is the recorded P104 comparator rule, not a final clinical threshold.",D:\Codex_分拆Prompt嚴格無到院\outputs\v2\.p104rv\sweep_20260906T171453Z_account-09_v2\t2\r,d46f331945633db28af2143e20cc2849c38063b645d655d56edfaa2d3c39ccc1,D:\Codex_分拆Prompt嚴格無到院\outputs\v2\.p104k10\cloud_validation_index_20260906T211456Z\task_medicine__P2__missingness_mnar_plus_0_5sd_validation.json,e86d9f695fe63370f7fd6adbc811e4aee60e7ec6deedbb5fb9385a19e2942bb5
medicine__P3__missingness_median_indicator,medicine,P3,missingness,median_indicator,median_indicator / median_indicator,median_indicator,oof_2020_2023,RAW_LOCKED_BASE_PREDICTIONS,raw,VALIDATED_COMPUTED,Locked inputs; missingness strategy=median_indicator,d5d5e2d8a0734a0ce9af97a6606994868307c154f09eee30ee788ada6108d568,764,"0.891111 [0.878202, 0.904097]","0.379639 [0.344113, 0.41973]",15995,703,0.8911106096252784,0.8782019904342382,0.9040965621797875,0.3796386194516305,0.34411314609874577,0.4197295838290701,0.033022405112088385,0.031471098336346634,0.03467475528553813,0.24749163879598662,0.00175054704595186,0.5,0.5,0.5,0.15789473684210525,0.9945723253989014,0.5721649484536082,0.9625340168343776,111,83,15209,592,ESTIMATED,ESTIMATED,ESTIMATED,029fc2188114f7200302cb9e3781c2fe0079adb6347423e1e92097c1eb33ea9a,"Descriptive arm estimate. CI is an individual-arm CI, not a paired-difference CI; no significance claim for a delta. Raw layer; operating point is the recorded P104 comparator rule, not a final clinical threshold.",D:\Codex_分拆Prompt嚴格無到院\outputs\v2\.p104rv\sweep_20260906T171453Z_account-03_v2\t4\r,701ecc25412ad6831848b5ec7a394bd088532e0cc5e8cf144615e2a20b710011,D:\Codex_分拆Prompt嚴格無到院\outputs\v2\.p104k10\cloud_validation_index_20260906T211456Z\task_medicine__P3__missingness_median_indicator_validation.json,f2c2fce4fef10cd547bb43ecec07ba9e677c9ea752ef6114bc5be7b827531683
medicine__P3__missingness_median_indicator,medicine,P3,missingness,median_indicator,median_indicator / median_indicator,median_indicator,validation_2024,RAW_LOCKED_BASE_PREDICTIONS,raw,VALIDATED_COMPUTED,Locked inputs; missingness strategy=median_indicator,d5d5e2d8a0734a0ce9af97a6606994868307c154f09eee30ee788ada6108d568,764,"0.896247 [0.875785, 0.914338]","0.368859 [0.317293, 0.433329]",4770,253,0.8962470281352571,0.875785442109177,0.9143375432519132,0.3688594623901287,0.3172925012920959,0.43332883837384484,0.039753533246634054,0.03736985358578783,0.04227896530064797,0.29737609329446063,0.0025157232704402514,0.5,0.5,0.5,0.2015810276679842,0.9913659508523356,0.5666666666666667,0.9568376068376069,51,39,4478,202,ESTIMATED,ESTIMATED,ESTIMATED,140bd3741e53d90e3e0f0e2579abb5e63f66a3d0188a50176737c65b27e22bdc,"Descriptive arm estimate. CI is an individual-arm CI, not a paired-difference CI; no significance claim for a delta. Raw layer; operating point is the recorded P104 comparator rule, not a final clinical threshold.",D:\Codex_分拆Prompt嚴格無到院\outputs\v2\.p104rv\sweep_20260906T171453Z_account-03_v2\t4\r,701ecc25412ad6831848b5ec7a394bd088532e0cc5e8cf144615e2a20b710011,D:\Codex_分拆Prompt嚴格無到院\outputs\v2\.p104k10\cloud_validation_index_20260906T211456Z\task_medicine__P3__missingness_median_indicator_validation.json,f2c2fce4fef10cd547bb43ecec07ba9e677c9ea752ef6114bc5be7b827531683
medicine__P3__missingness_mean_indicator,medicine,P3,missingness,mean_indicator,mean_indicator / mean_indicator,mean_indicator,oof_2020_2023,RAW_LOCKED_BASE_PREDICTIONS,raw,VALIDATED_COMPUTED,Locked inputs; missingness strategy=mean_indicator,d5d5e2d8a0734a0ce9af97a6606994868307c154f09eee30ee788ada6108d568,764,"0.890639 [0.877167, 0.903883]","0.382495 [0.345821, 0.423084]",15995,703,0.890638621743293,0.8771670089593947,0.9038831752381622,0.38249488144651056,0.34582147514335143,0.4230836919590843,0.032942359726739374,0.031329152310610245,0.034576010322231565,0.2547486033519553,0.0022507033447952485,0.5,0.5,0.5,0.16216216216216217,0.9948992937483652,0.59375,0.9627285958362336,114,78,15214,589,ESTIMATED,ESTIMATED,ESTIMATED,029fc2188114f7200302cb9e3781c2fe0079adb6347423e1e92097c1eb33ea9a,"Descriptive arm estimate. CI is an individual-arm CI, not a paired-difference CI; no significance claim for a delta. Raw layer; operating point is the recorded P104 comparator rule, not a final clinical threshold.",D:\Codex_分拆Prompt嚴格無到院\outputs\v2\.p104rv\sweep_20260906T191424Z_account-02_v2\t4\r,635529b4325de7ccdab4340863a8ba96df4e584ad1989fe93fb7370d37583af4,D:\Codex_分拆Prompt嚴格無到院\outputs\v2\.p104k10\cloud_validation_index_20260906T211456Z\task_medicine__P3__missingness_mean_indicator_validation.json,57e4170cc8a7e4b27b1c9f617ba16ce35c1b99b913587d9d24a68af2177693d6
medicine__P3__missingness_mean_indicator,medicine,P3,missingness,mean_indicator,mean_indicator / mean_indicator,mean_indicator,validation_2024,RAW_LOCKED_BASE_PREDICTIONS,raw,VALIDATED_COMPUTED,Locked inputs; missingness strategy=mean_indicator,d5d5e2d8a0734a0ce9af97a6606994868307c154f09eee30ee788ada6108d568,764,"0.896817 [0.877733, 0.91465]","0.367586 [0.320453, 0.431424]",4770,253,0.8968166811194601,0.8777334508115628,0.9146498227039214,0.36758633255183815,0.32045303350625615,0.43142351163739856,0.039779133789838765,0.037433896266371204,0.04222903347922935,0.28405797101449276,0.0012578616352201257,0.5,0.5,0.5,0.19367588932806323,0.9904804073500111,0.532608695652174,0.9563916203505771,49,43,4474,204,ESTIMATED,ESTIMATED,ESTIMATED,140bd3741e53d90e3e0f0e2579abb5e63f66a3d0188a50176737c65b27e22bdc,"Descriptive arm estimate. CI is an individual-arm CI, not a paired-difference CI; no significance claim for a delta. Raw layer; operating point is the recorded P104 comparator rule, not a final clinical threshold.",D:\Codex_分拆Prompt嚴格無到院\outputs\v2\.p104rv\sweep_20260906T191424Z_account-02_v2\t4\r,635529b4325de7ccdab4340863a8ba96df4e584ad1989fe93fb7370d37583af4,D:\Codex_分拆Prompt嚴格無到院\outputs\v2\.p104k10\cloud_validation_index_20260906T211456Z\task_medicine__P3__missingness_mean_indicator_validation.json,57e4170cc8a7e4b27b1c9f617ba16ce35c1b99b913587d9d24a68af2177693d6
medicine__P3__missingness_tree_native,medicine,P3,missingness,tree_native,tree_native / tree_native,tree_native,oof_2020_2023,RAW_LOCKED_BASE_PREDICTIONS,raw,VALIDATED_COMPUTED,Locked inputs; missingness strategy=tree_native,d5d5e2d8a0734a0ce9af97a6606994868307c154f09eee30ee788ada6108d568,764,"0.890174 [0.875934, 0.902836]","0.380683 [0.343267, 0.421497]",15995,703,0.890174075530712,0.875933983293973,0.9028361973511451,0.3806834670940378,0.3432672476952458,0.42149710909915417,0.03296209858218477,0.03138936089199816,0.034823634175864086,0.252212389380531,0.0016880275085964364,0.5,0.5,0.5,0.16216216216216217,0.9943107507193304,0.5671641791044776,0.9627073572242624,114,87,15205,589,ESTIMATED,ESTIMATED,ESTIMATED,029fc2188114f7200302cb9e3781c2fe0079adb6347423e1e92097c1eb33ea9a,"Descriptive arm estimate. CI is an individual-arm CI, not a paired-difference CI; no significance claim for a delta. Raw layer; operating point is the recorded P104 comparator rule, not a final clinical threshold.",D:\Codex_分拆Prompt嚴格無到院\outputs\v2\.p104rv\sweep_20260906T171453Z_account-07_v2\t4\r,83fd026cd92ec7ddcf51857260413dc42d8ca95782f58c36dfbd1bfbc2366686,D:\Codex_分拆Prompt嚴格無到院\outputs\v2\.p104k10\cloud_validation_index_20260906T211456Z\task_medicine__P3__missingness_tree_native_validation.json,8a748ba814c9f7ceec6a7aea28f189aabab708e2679c8e765871d484f06a7908
medicine__P3__missingness_tree_native,medicine,P3,missingness,tree_native,tree_native / tree_native,tree_native,validation_2024,RAW_LOCKED_BASE_PREDICTIONS,raw,VALIDATED_COMPUTED,Locked inputs; missingness strategy=tree_native,d5d5e2d8a0734a0ce9af97a6606994868307c154f09eee30ee788ada6108d568,764,"0.895417 [0.875941, 0.913873]","0.374258 [0.323647, 0.436096]",4770,253,0.8954174873840679,0.8759405139729988,0.9138727167375578,0.37425804072580493,0.3236470361980471,0.4360961234332184,0.03956671303217539,0.037275512417716865,0.04203258817117972,0.28152492668621704,0.0016771488469601676,0.5,0.5,0.5,0.18972332015810275,0.9911445649767545,0.5454545454545454,0.9562152926099957,48,40,4477,205,ESTIMATED,ESTIMATED,ESTIMATED,140bd3741e53d90e3e0f0e2579abb5e63f66a3d0188a50176737c65b27e22bdc,"Descriptive arm estimate. CI is an individual-arm CI, not a paired-difference CI; no significance claim for a delta. Raw layer; operating point is the recorded P104 comparator rule, not a final clinical threshold.",D:\Codex_分拆Prompt嚴格無到院\outputs\v2\.p104rv\sweep_20260906T171453Z_account-07_v2\t4\r,83fd026cd92ec7ddcf51857260413dc42d8ca95782f58c36dfbd1bfbc2366686,D:\Codex_分拆Prompt嚴格無到院\outputs\v2\.p104k10\cloud_validation_index_20260906T211456Z\task_medicine__P3__missingness_tree_native_validation.json,8a748ba814c9f7ceec6a7aea28f189aabab708e2679c8e765871d484f06a7908
medicine__P3__missingness_median_no_indicator,medicine,P3,missingness,median_no_indicator,median_no_indicator / median_no_indicator,median_no_indicator,oof_2020_2023,RAW_LOCKED_BASE_PREDICTIONS,raw,VALIDATED_COMPUTED,Remove specified baseline missingness indicators; retain undefined-score safeguards,0be3019014561edcf1c1cb3d305a4c74d405f0e1a6a4b35b5b24545e22ab35a6,512,"0.889166 [0.874993, 0.902231]","0.377909 [0.341408, 0.417055]",15995,703,0.8891663804724642,0.874993274971985,0.902230617016148,0.3779086493028806,0.34140831957936657,0.4170549099898489,0.033086018156217346,0.03155494693912597,0.03491666752464845,0.23793490460157127,0.0015004688965301657,0.5,0.5,0.5,0.1507823613086771,0.9946377190687942,0.5638297872340425,0.9622319225659518,106,82,15210,597,ESTIMATED,ESTIMATED,ESTIMATED,029fc2188114f7200302cb9e3781c2fe0079adb6347423e1e92097c1eb33ea9a,"Descriptive arm estimate. CI is an individual-arm CI, not a paired-difference CI; no significance claim for a delta. Raw layer; operating point is the recorded P104 comparator rule, not a final clinical threshold. Specified MISS/indicator inputs removed; UNDEFINED_SCORE safeguards remain, so missingness information is not completely absent.",D:\Codex_分拆Prompt嚴格無到院\outputs\v2\.p104rv\sweep_20260906T161352Z_account-04_v3\t4\r,5bb2b64b15bb0097ddcb3649823f930df15836bba6f900d553e7d19fea490270,D:\Codex_分拆Prompt嚴格無到院\outputs\v2\.p104k10\cloud_validation_index_20260906T211456Z\task_medicine__P3__missingness_median_no_indicator_validation.json,11c8e7560ef3136dbbbcfaf11799cc5196d2911fd66e49b16f4f50e658f08468
medicine__P3__missingness_median_no_indicator,medicine,P3,missingness,median_no_indicator,median_no_indicator / median_no_indicator,median_no_indicator,validation_2024,RAW_LOCKED_BASE_PREDICTIONS,raw,VALIDATED_COMPUTED,Remove specified baseline missingness indicators; retain undefined-score safeguards,0be3019014561edcf1c1cb3d305a4c74d405f0e1a6a4b35b5b24545e22ab35a6,512,"0.89578 [0.875467, 0.914281]","0.366393 [0.318841, 0.430044]",4770,253,0.8957797551804733,0.8754665841284104,0.9142806909490406,0.36639338070232697,0.3188413744541076,0.43004440504522823,0.0398346759823957,0.03749636125897207,0.042214294608009274,0.24705882352941178,-0.0006289308176100629,0.5,0.5,0.5,0.16600790513833993,0.9900376355988488,0.4827586206896552,0.9549434123425155,42,45,4472,211,ESTIMATED,ESTIMATED,ESTIMATED,140bd3741e53d90e3e0f0e2579abb5e63f66a3d0188a50176737c65b27e22bdc,"Descriptive arm estimate. CI is an individual-arm CI, not a paired-difference CI; no significance claim for a delta. Raw layer; operating point is the recorded P104 comparator rule, not a final clinical threshold. Specified MISS/indicator inputs removed; UNDEFINED_SCORE safeguards remain, so missingness information is not completely absent.",D:\Codex_分拆Prompt嚴格無到院\outputs\v2\.p104rv\sweep_20260906T161352Z_account-04_v3\t4\r,5bb2b64b15bb0097ddcb3649823f930df15836bba6f900d553e7d19fea490270,D:\Codex_分拆Prompt嚴格無到院\outputs\v2\.p104k10\cloud_validation_index_20260906T211456Z\task_medicine__P3__missingness_median_no_indicator_validation.json,11c8e7560ef3136dbbbcfaf11799cc5196d2911fd66e49b16f4f50e658f08468
medicine__P3__missingness_full_complete_case,medicine,P3,missingness,full_complete_case,full_complete_case / full_complete_case,full_complete_case,oof_2020_2023,RAW_LOCKED_BASE_PREDICTIONS,raw,VALIDATED_COMPUTED,Locked inputs; missingness strategy=full_complete_case,d5d5e2d8a0734a0ce9af97a6606994868307c154f09eee30ee788ada6108d568,764,"0.444444 [0.222222, 0.669921]","0.135576 [0.108143, 0.251338]",52,7,0.4444444444444444,0.2222222222222222,0.6699206349206345,0.13557566983523178,0.10814310585894436,0.25133821965138553,0.12433732908553638,0.11445028873588751,0.13484053503170698,0.0,0.0,0.5,0.5,0.5,0.0,1.0,,0.8653846153846154,0,0,45,7,ESTIMATED,ESTIMATED,ESTIMATED,3e9720504ec77e55746fe22d07ba4e4ddb0b49159b8e7cf258427f24bb739813,"Descriptive arm estimate. CI is an individual-arm CI, not a paired-difference CI; no significance claim for a delta. Raw layer; operating point is the recorded P104 comparator rule, not a final clinical threshold.",D:\Codex_分拆Prompt嚴格無到院\outputs\v2\.p104rv\sweep_20260906T151250Z_account-10_v2\t3\r,3aebd2f765ed572fa7f7ee61c2740da2c15bcc45169bea4e73ff5842c8fe58fe,D:\Codex_分拆Prompt嚴格無到院\outputs\v2\.p104k10\cloud_validation_index_20260906T211456Z\task_medicine__P3__missingness_full_complete_case_validation.json,70b3d790fd05d2c33c178661fcddbdafaa03a0bf8097abe8e0ea25bc61c9889a
medicine__P3__missingness_full_complete_case,medicine,P3,missingness,full_complete_case,full_complete_case / full_complete_case,full_complete_case,validation_2024,RAW_LOCKED_BASE_PREDICTIONS,raw,VALIDATED_COMPUTED,Locked inputs; missingness strategy=full_complete_case,d5d5e2d8a0734a0ce9af97a6606994868307c154f09eee30ee788ada6108d568,764,"0.928571 [0.761905, 1]","0.833333 [0.555, 1]",17,3,0.9285714285714286,0.7619047619047619,1.0,0.8333333333333333,0.555,1.0,0.09066439441623132,0.04756308372824289,0.13128134578803882,0.5,0.058823529411764705,0.5,0.5,0.5,0.3333333333333333,1.0,1.0,0.875,1,0,14,2,ESTIMATED,ESTIMATED,ESTIMATED,2d986211d766df24652985aa5743d80b0366463324093b92bb59f837cef37e46,"Descriptive arm estimate. CI is an individual-arm CI, not a paired-difference CI; no significance claim for a delta. Raw layer; operating point is the recorded P104 comparator rule, not a final clinical threshold.",D:\Codex_分拆Prompt嚴格無到院\outputs\v2\.p104rv\sweep_20260906T151250Z_account-10_v2\t3\r,3aebd2f765ed572fa7f7ee61c2740da2c15bcc45169bea4e73ff5842c8fe58fe,D:\Codex_分拆Prompt嚴格無到院\outputs\v2\.p104k10\cloud_validation_index_20260906T211456Z\task_medicine__P3__missingness_full_complete_case_validation.json,70b3d790fd05d2c33c178661fcddbdafaa03a0bf8097abe8e0ea25bc61c9889a
medicine__P3__missingness_core_vitals_complete_case,medicine,P3,missingness,core_vitals_complete_case,core_vitals_complete_case / core_vitals_complete_case,core_vitals_complete_case,oof_2020_2023,RAW_LOCKED_BASE_PREDICTIONS,raw,VALIDATED_COMPUTED,Locked inputs; missingness strategy=core_vitals_complete_case,d5d5e2d8a0734a0ce9af97a6606994868307c154f09eee30ee788ada6108d568,764,"0.885272 [0.868946, 0.89972]","0.374034 [0.332097, 0.418987]",14109,568,0.8852721416751005,0.8689461808882547,0.8997204279410861,0.37403394756423763,0.3320971331783518,0.41898662031146117,0.030503239238694458,0.029119481076843496,0.031872871572548006,0.25770308123249297,0.002693316322914452,0.5,0.5,0.5,0.1619718309859155,0.9960121113654826,0.6301369863013698,0.9659099047482632,92,54,13487,476,ESTIMATED,ESTIMATED,ESTIMATED,879d621327d124c217e9f2fd6aa57662f207f4529bcf7ac567221afa488ae093,"Descriptive arm estimate. CI is an individual-arm CI, not a paired-difference CI; no significance claim for a delta. Raw layer; operating point is the recorded P104 comparator rule, not a final clinical threshold.",D:\Codex_分拆Prompt嚴格無到院\outputs\v2\.p104rv\sweep_20260906T171453Z_account-09_v2\t3\r,f7946a9467ea1fb4351945702b6b7d709168c8f59669ce4c5a3c0b00ea47dab1,D:\Codex_分拆Prompt嚴格無到院\outputs\v2\.p104k10\cloud_validation_index_20260906T211456Z\task_medicine__P3__missingness_core_vitals_complete_case_validation.json,89897b3172a319e726cd8c228e08dfaf41d755e85463aa17ba8997fba7af8fde
medicine__P3__missingness_core_vitals_complete_case,medicine,P3,missingness,core_vitals_complete_case,core_vitals_complete_case / core_vitals_complete_case,core_vitals_complete_case,validation_2024,RAW_LOCKED_BASE_PREDICTIONS,raw,VALIDATED_COMPUTED,Locked inputs; missingness strategy=core_vitals_complete_case,d5d5e2d8a0734a0ce9af97a6606994868307c154f09eee30ee788ada6108d568,764,"0.893722 [0.870557, 0.914565]","0.3338 [0.277563, 0.412501]",3961,172,0.8937223419077255,0.8705565909695029,0.9145645621233869,0.3337996822591314,0.2775630311777413,0.4125013490979322,0.033972987577143524,0.031697415366632675,0.03618771435935159,0.2374429223744292,0.0012623074981065387,0.5,0.5,0.5,0.1511627906976744,0.9944576405384006,0.5531914893617021,0.9626980071538068,26,21,3768,146,ESTIMATED,ESTIMATED,ESTIMATED,e59bd355660884e430ae02cb3fb1c74267789de8fee28578efd4996c9908115d,"Descriptive arm estimate. CI is an individual-arm CI, not a paired-difference CI; no significance claim for a delta. Raw layer; operating point is the recorded P104 comparator rule, not a final clinical threshold.",D:\Codex_分拆Prompt嚴格無到院\outputs\v2\.p104rv\sweep_20260906T171453Z_account-09_v2\t3\r,f7946a9467ea1fb4351945702b6b7d709168c8f59669ce4c5a3c0b00ea47dab1,D:\Codex_分拆Prompt嚴格無到院\outputs\v2\.p104k10\cloud_validation_index_20260906T211456Z\task_medicine__P3__missingness_core_vitals_complete_case_validation.json,89897b3172a319e726cd8c228e08dfaf41d755e85463aa17ba8997fba7af8fde
medicine__P3__missingness_knn_k5_continuous_ordinal_block,medicine,P3,missingness,knn_k5_continuous_ordinal_block,knn_k5_continuous_ordinal_block / knn_k5_continuous_ordinal_block,knn_k5_continuous_ordinal_block,oof_2020_2023,RAW_LOCKED_BASE_PREDICTIONS,raw,VALIDATED_COMPUTED,Locked inputs; missingness strategy=knn_k5_continuous_ordinal_block,d5d5e2d8a0734a0ce9af97a6606994868307c154f09eee30ee788ada6108d568,764,"0.890796 [0.877088, 0.903309]","0.374131 [0.337348, 0.416735]",15995,703,0.8907961060720674,0.8770878301798063,0.9033094901600164,0.37413142864377563,0.3373483834200538,0.41673456061765685,0.03320456070045276,0.031614208203464646,0.034915596572971726,0.24126268320180383,0.001875586120662707,0.5,0.5,0.5,0.15220483641536273,0.9949646874182579,0.5815217391304348,0.9623047245588514,107,77,15215,596,ESTIMATED,ESTIMATED,ESTIMATED,029fc2188114f7200302cb9e3781c2fe0079adb6347423e1e92097c1eb33ea9a,"Descriptive arm estimate. CI is an individual-arm CI, not a paired-difference CI; no significance claim for a delta. Raw layer; operating point is the recorded P104 comparator rule, not a final clinical threshold.",D:\Codex_分拆Prompt嚴格無到院\outputs\v2\.p104rv\sweep_20260906T211456Z_account-01_v2\t4\r,0fa4002c190a2f1329642dcaf9a7681b06c61955506ce415b119451727cc1282,D:\Codex_分拆Prompt嚴格無到院\outputs\v2\.p104k10\cloud_validation_index_20260906T211456Z\task_medicine__P3__missingness_knn_k5_continuous_ordinal_block_validation.json,fed88e3c3c0960f1d4c2aa4d5e85fed5f1d80a51974def9d10dee9d1a0ee3ffc
medicine__P3__missingness_knn_k5_continuous_ordinal_block,medicine,P3,missingness,knn_k5_continuous_ordinal_block,knn_k5_continuous_ordinal_block / knn_k5_continuous_ordinal_block,knn_k5_continuous_ordinal_block,validation_2024,RAW_LOCKED_BASE_PREDICTIONS,raw,VALIDATED_COMPUTED,Locked inputs; missingness strategy=knn_k5_continuous_ordinal_block,d5d5e2d8a0734a0ce9af97a6606994868307c154f09eee30ee788ada6108d568,764,"0.897945 [0.877849, 0.914771]","0.368449 [0.318039, 0.429653]",4770,253,0.8979446115290415,0.8778487117974542,0.9147708594199773,0.3684492471916939,0.3180390650420805,0.42965299527765405,0.03962138087211065,0.03731858481876495,0.04213085478666926,0.26900584795321636,0.0006289308176100629,0.5,0.5,0.5,0.18181818181818182,0.9904804073500111,0.5168539325842697,0.9557786797692801,46,43,4474,207,ESTIMATED,ESTIMATED,ESTIMATED,140bd3741e53d90e3e0f0e2579abb5e63f66a3d0188a50176737c65b27e22bdc,"Descriptive arm estimate. CI is an individual-arm CI, not a paired-difference CI; no significance claim for a delta. Raw layer; operating point is the recorded P104 comparator rule, not a final clinical threshold.",D:\Codex_分拆Prompt嚴格無到院\outputs\v2\.p104rv\sweep_20260906T211456Z_account-01_v2\t4\r,0fa4002c190a2f1329642dcaf9a7681b06c61955506ce415b119451727cc1282,D:\Codex_分拆Prompt嚴格無到院\outputs\v2\.p104k10\cloud_validation_index_20260906T211456Z\task_medicine__P3__missingness_knn_k5_continuous_ordinal_block_validation.json,fed88e3c3c0960f1d4c2aa4d5e85fed5f1d80a51974def9d10dee9d1a0ee3ffc
medicine__P3__missingness_bayesian_iterative_m10,medicine,P3,missingness,bayesian_iterative_m10,bayesian_iterative_m10 / bayesian_iterative_m10,bayesian_iterative_m10,oof_2020_2023,RAW_LOCKED_BASE_PREDICTIONS,raw,VALIDATED_COMPUTED,Locked inputs; missingness strategy=bayesian_iterative_m10,d5d5e2d8a0734a0ce9af97a6606994868307c154f09eee30ee788ada6108d568,764,"0.890813 [0.877332, 0.903996]","0.382511 [0.346214, 0.423459]",15995,703,0.8908134079534329,0.8773322614386749,0.9039961040109108,0.3825109301852713,0.34621416927787213,0.4234589701380268,0.03293162852711093,0.031397384155533954,0.03457334922207879,0.23782559456398641,0.001875586120662707,0.5,0.5,0.5,0.14935988620199148,0.9950954747580434,0.5833333333333334,0.9621877963958267,105,75,15217,598,ESTIMATED,ESTIMATED,ESTIMATED,029fc2188114f7200302cb9e3781c2fe0079adb6347423e1e92097c1eb33ea9a,"Descriptive arm estimate. CI is an individual-arm CI, not a paired-difference CI; no significance claim for a delta. Raw layer; operating point is the recorded P104 comparator rule, not a final clinical threshold.",D:\Codex_分拆Prompt嚴格無到院\outputs\v2\.p104rv\sweep_20260906T171453Z_account-08_v2\t3\r,bda2eb830ecd62d46557101696e557a493dbda55afa3f655d3f4cbf024474d33,D:\Codex_分拆Prompt嚴格無到院\outputs\v2\.p104k10\cloud_validation_index_20260906T211456Z\task_medicine__P3__missingness_bayesian_iterative_m10_validation.json,abbe090c02a40b9b9b543e337974489a6e739b9e8b79c411e35e4da9df8c949d
medicine__P3__missingness_bayesian_iterative_m10,medicine,P3,missingness,bayesian_iterative_m10,bayesian_iterative_m10 / bayesian_iterative_m10,bayesian_iterative_m10,validation_2024,RAW_LOCKED_BASE_PREDICTIONS,raw,VALIDATED_COMPUTED,Locked inputs; missingness strategy=bayesian_iterative_m10,d5d5e2d8a0734a0ce9af97a6606994868307c154f09eee30ee788ada6108d568,764,"0.897511 [0.876953, 0.915663]","0.373442 [0.321873, 0.435651]",4770,253,0.897510590207744,0.8769529378419767,0.9156627337964129,0.373442033384647,0.3218729751392404,0.43565125252348613,0.03955763396153473,0.03727538154638117,0.041948841351017466,0.2360248447204969,0.0014675052410901468,0.5,0.5,0.5,0.15019762845849802,0.9931370378569847,0.5507246376811594,0.954265049989364,38,31,4486,215,ESTIMATED,ESTIMATED,ESTIMATED,140bd3741e53d90e3e0f0e2579abb5e63f66a3d0188a50176737c65b27e22bdc,"Descriptive arm estimate. CI is an individual-arm CI, not a paired-difference CI; no significance claim for a delta. Raw layer; operating point is the recorded P104 comparator rule, not a final clinical threshold.",D:\Codex_分拆Prompt嚴格無到院\outputs\v2\.p104rv\sweep_20260906T171453Z_account-08_v2\t3\r,bda2eb830ecd62d46557101696e557a493dbda55afa3f655d3f4cbf024474d33,D:\Codex_分拆Prompt嚴格無到院\outputs\v2\.p104k10\cloud_validation_index_20260906T211456Z\task_medicine__P3__missingness_bayesian_iterative_m10_validation.json,abbe090c02a40b9b9b543e337974489a6e739b9e8b79c411e35e4da9df8c949d
medicine__P3__missingness_mnar_minus_0_5sd,medicine,P3,missingness,mnar_minus_0_5sd,mnar_minus_0_5sd / mnar_minus_0_5sd,mnar_minus_0_5sd,oof_2020_2023,RAW_LOCKED_BASE_PREDICTIONS,raw,VALIDATED_COMPUTED,Locked inputs; missingness strategy=mnar_minus_0_5sd,d5d5e2d8a0734a0ce9af97a6606994868307c154f09eee30ee788ada6108d568,764,"0.890901 [0.878203, 0.903549]","0.377799 [0.341294, 0.419341]",15995,703,0.890901033610672,0.8782034507913474,0.9035491028021787,0.37779894479714865,0.34129433707091916,0.4193405254747232,0.03309098678464715,0.03138431515489225,0.03481943188932169,0.25223214285714285,0.002063144732728978,0.5,0.5,0.5,0.16073968705547653,0.9947685064085796,0.5854922279792746,0.9626629540564485,113,80,15212,590,ESTIMATED,ESTIMATED,ESTIMATED,029fc2188114f7200302cb9e3781c2fe0079adb6347423e1e92097c1eb33ea9a,"Descriptive arm estimate. CI is an individual-arm CI, not a paired-difference CI; no significance claim for a delta. Raw layer; operating point is the recorded P104 comparator rule, not a final clinical threshold.",D:\Codex_分拆Prompt嚴格無到院\outputs\v2\.p104rv\sweep_20260906T151250Z_account-05_v2\t4\r,8e091f55b9205b8ae7548e37c241816042b5ad353a8618698979c20f8cbe48ae,D:\Codex_分拆Prompt嚴格無到院\outputs\v2\.p104k10\cloud_validation_index_20260906T211456Z\task_medicine__P3__missingness_mnar_minus_0_5sd_validation.json,a03e0b4450ca1500887170168d676007d97348ec43a2b77e92a95e4a0acd3381
medicine__P3__missingness_mnar_minus_0_5sd,medicine,P3,missingness,mnar_minus_0_5sd,mnar_minus_0_5sd / mnar_minus_0_5sd,mnar_minus_0_5sd,validation_2024,RAW_LOCKED_BASE_PREDICTIONS,raw,VALIDATED_COMPUTED,Locked inputs; missingness strategy=mnar_minus_0_5sd,d5d5e2d8a0734a0ce9af97a6606994868307c154f09eee30ee788ada6108d568,764,"0.89648 [0.876871, 0.914136]","0.366887 [0.318455, 0.434141]",4770,253,0.8964797895696628,0.8768709630792554,0.9141359712856205,0.3668872470339675,0.3184548371153126,0.43414136192570874,0.039788620000064216,0.0374273280256932,0.04215265002469912,0.28152492668621704,0.0016771488469601676,0.5,0.5,0.5,0.18972332015810275,0.9911445649767545,0.5454545454545454,0.9562152926099957,48,40,4477,205,ESTIMATED,ESTIMATED,ESTIMATED,140bd3741e53d90e3e0f0e2579abb5e63f66a3d0188a50176737c65b27e22bdc,"Descriptive arm estimate. CI is an individual-arm CI, not a paired-difference CI; no significance claim for a delta. Raw layer; operating point is the recorded P104 comparator rule, not a final clinical threshold.",D:\Codex_分拆Prompt嚴格無到院\outputs\v2\.p104rv\sweep_20260906T151250Z_account-05_v2\t4\r,8e091f55b9205b8ae7548e37c241816042b5ad353a8618698979c20f8cbe48ae,D:\Codex_分拆Prompt嚴格無到院\outputs\v2\.p104k10\cloud_validation_index_20260906T211456Z\task_medicine__P3__missingness_mnar_minus_0_5sd_validation.json,a03e0b4450ca1500887170168d676007d97348ec43a2b77e92a95e4a0acd3381
medicine__P3__missingness_mnar_plus_0_5sd,medicine,P3,missingness,mnar_plus_0_5sd,mnar_plus_0_5sd / mnar_plus_0_5sd,mnar_plus_0_5sd,oof_2020_2023,RAW_LOCKED_BASE_PREDICTIONS,raw,VALIDATED_COMPUTED,Locked inputs; missingness strategy=mnar_plus_0_5sd,d5d5e2d8a0734a0ce9af97a6606994868307c154f09eee30ee788ada6108d568,764,"0.890474 [0.876599, 0.903128]","0.378638 [0.342379, 0.419881]",15995,703,0.8904744399120543,0.8765994208444539,0.9031279277353492,0.3786382263875107,0.34237876174217596,0.41988144851248993,0.03306914275631461,0.031499805499614085,0.034769332709373185,0.2447163515016685,0.0015004688965301657,0.5,0.5,0.5,0.15647226173541964,0.9943761443892232,0.5612244897959183,0.9624659788594215,110,86,15206,593,ESTIMATED,ESTIMATED,ESTIMATED,029fc2188114f7200302cb9e3781c2fe0079adb6347423e1e92097c1eb33ea9a,"Descriptive arm estimate. CI is an individual-arm CI, not a paired-difference CI; no significance claim for a delta. Raw layer; operating point is the recorded P104 comparator rule, not a final clinical threshold.",D:\Codex_分拆Prompt嚴格無到院\outputs\v2\.p104rv\sweep_20260906T151250Z_account-06_v2\t4\r,63895133526c71b5e8a016f92b2ce3e291a569e94bab448eecb269ccb05f88ba,D:\Codex_分拆Prompt嚴格無到院\outputs\v2\.p104k10\cloud_validation_index_20260906T211456Z\task_medicine__P3__missingness_mnar_plus_0_5sd_validation.json,55b605f74ce0b27cf37b132f25028c8bee992523cd83050ba3d30774659042db
medicine__P3__missingness_mnar_plus_0_5sd,medicine,P3,missingness,mnar_plus_0_5sd,mnar_plus_0_5sd / mnar_plus_0_5sd,mnar_plus_0_5sd,validation_2024,RAW_LOCKED_BASE_PREDICTIONS,raw,VALIDATED_COMPUTED,Locked inputs; missingness strategy=mnar_plus_0_5sd,d5d5e2d8a0734a0ce9af97a6606994868307c154f09eee30ee788ada6108d568,764,"0.895677 [0.875826, 0.914201]","0.366348 [0.319315, 0.431175]",4770,253,0.8956773751510543,0.8758260661370136,0.9142010730842123,0.3663481984497692,0.3193152814627909,0.4311749335681249,0.039856934871989436,0.03753047475514512,0.04210376348512266,0.27218934911242604,0.0014675052410901468,0.5,0.5,0.5,0.18181818181818182,0.9913659508523356,0.5411764705882353,0.9558164354322305,46,39,4478,207,ESTIMATED,ESTIMATED,ESTIMATED,140bd3741e53d90e3e0f0e2579abb5e63f66a3d0188a50176737c65b27e22bdc,"Descriptive arm estimate. CI is an individual-arm CI, not a paired-difference CI; no significance claim for a delta. Raw layer; operating point is the recorded P104 comparator rule, not a final clinical threshold.",D:\Codex_分拆Prompt嚴格無到院\outputs\v2\.p104rv\sweep_20260906T151250Z_account-06_v2\t4\r,63895133526c71b5e8a016f92b2ce3e291a569e94bab448eecb269ccb05f88ba,D:\Codex_分拆Prompt嚴格無到院\outputs\v2\.p104k10\cloud_validation_index_20260906T211456Z\task_medicine__P3__missingness_mnar_plus_0_5sd_validation.json,55b605f74ce0b27cf37b132f25028c8bee992523cd83050ba3d30774659042db
medicine__S1__missingness_median_indicator,medicine,S1,missingness,median_indicator,median_indicator / median_indicator,median_indicator,oof_2020_2023,RAW_LOCKED_BASE_PREDICTIONS,raw,VALIDATED_COMPUTED,Locked inputs; missingness strategy=median_indicator,d5d5e2d8a0734a0ce9af97a6606994868307c154f09eee30ee788ada6108d568,764,"0.893216 [0.877578, 0.907495]","0.285831 [0.246459, 0.32777]",15995,427,0.8932159224109504,0.8775778073927775,0.9074951522003307,0.2858307648083808,0.24645901691000133,0.3277704664566412,0.022130148469136756,0.021348507696388862,0.023001980106743657,0.1710794297352342,0.0012503907471084713,0.5,0.5,0.5,0.09836065573770492,0.9985868448098664,0.65625,0.9758332810244178,42,22,15546,385,ESTIMATED,ESTIMATED,ESTIMATED,3914fbf321684017bfa91913f7327cb395de752d4ebd95362ab66e90b58d5b02,"Descriptive arm estimate. CI is an individual-arm CI, not a paired-difference CI; no significance claim for a delta. Raw layer; operating point is the recorded P104 comparator rule, not a final clinical threshold.",D:\Codex_分拆Prompt嚴格無到院\outputs\v2\.p104rv\sweep_20260906T171453Z_account-09_v2\t5\r,b39e21dd62aca428dc9cf40a41941bc0943394b0bc481dbab1e780e911f15b23,D:\Codex_分拆Prompt嚴格無到院\outputs\v2\.p104k10\cloud_validation_index_20260906T211456Z\task_medicine__S1__missingness_median_indicator_validation.json,c00e0260f3edeec3b7b98f1aef288194a11b01c9d49e0ca7448661805b9be3f1
medicine__S1__missingness_median_indicator,medicine,S1,missingness,median_indicator,median_indicator / median_indicator,median_indicator,validation_2024,RAW_LOCKED_BASE_PREDICTIONS,raw,VALIDATED_COMPUTED,Locked inputs; missingness strategy=median_indicator,d5d5e2d8a0734a0ce9af97a6606994868307c154f09eee30ee788ada6108d568,764,"0.91443 [0.89212, 0.934316]","0.452477 [0.383264, 0.530502]",4770,174,0.9144295889479108,0.8921196406063063,0.9343162781109061,0.45247653965948276,0.38326374050929823,0.5305019680412006,0.025751849829163575,0.023536645295946002,0.02796817496504609,0.3902439024390244,0.005031446540880503,0.5,0.5,0.5,0.27586206896551724,0.9947780678851175,0.6666666666666666,0.9731800766283525,48,24,4572,126,ESTIMATED,ESTIMATED,ESTIMATED,b3b087837c0ecf9cc0f6ebc9b220b9e26b2b0eb45bd966690253e5ad3dcd8b6a,"Descriptive arm estimate. CI is an individual-arm CI, not a paired-difference CI; no significance claim for a delta. Raw layer; operating point is the recorded P104 comparator rule, not a final clinical threshold.",D:\Codex_分拆Prompt嚴格無到院\outputs\v2\.p104rv\sweep_20260906T171453Z_account-09_v2\t5\r,b39e21dd62aca428dc9cf40a41941bc0943394b0bc481dbab1e780e911f15b23,D:\Codex_分拆Prompt嚴格無到院\outputs\v2\.p104k10\cloud_validation_index_20260906T211456Z\task_medicine__S1__missingness_median_indicator_validation.json,c00e0260f3edeec3b7b98f1aef288194a11b01c9d49e0ca7448661805b9be3f1
medicine__S1__missingness_mean_indicator,medicine,S1,missingness,mean_indicator,mean_indicator / mean_indicator,mean_indicator,oof_2020_2023,RAW_LOCKED_BASE_PREDICTIONS,raw,VALIDATED_COMPUTED,Locked inputs; missingness strategy=mean_indicator,d5d5e2d8a0734a0ce9af97a6606994868307c154f09eee30ee788ada6108d568,764,"0.893821 [0.878654, 0.908023]","0.285703 [0.247464, 0.327651]",15995,427,0.8938214099179004,0.8786536567426951,0.9080226844273113,0.2857033100367461,0.24746373420269618,0.32765051218160723,0.022106280236092596,0.021299090114627335,0.0229258162488573,0.1670061099796334,0.0011253516723976243,0.5,0.5,0.5,0.09601873536299765,0.9985226104830421,0.640625,0.9757705103257799,41,23,15545,386,ESTIMATED,ESTIMATED,ESTIMATED,3914fbf321684017bfa91913f7327cb395de752d4ebd95362ab66e90b58d5b02,"Descriptive arm estimate. CI is an individual-arm CI, not a paired-difference CI; no significance claim for a delta. Raw layer; operating point is the recorded P104 comparator rule, not a final clinical threshold.",D:\Codex_分拆Prompt嚴格無到院\outputs\v2\.p104rv\sweep_20260906T171453Z_account-08_v2\t5\r,3bdea609313024ce4b59c809036d27b65961279d1b8cbba761082c14dec421f2,D:\Codex_分拆Prompt嚴格無到院\outputs\v2\.p104k10\cloud_validation_index_20260906T211456Z\task_medicine__S1__missingness_mean_indicator_validation.json,c9daacfeb13a678c6c2f48399326bad9184d39d8a5a06ae91ce08ede1340f1a7
medicine__S1__missingness_mean_indicator,medicine,S1,missingness,mean_indicator,mean_indicator / mean_indicator,mean_indicator,validation_2024,RAW_LOCKED_BASE_PREDICTIONS,raw,VALIDATED_COMPUTED,Locked inputs; missingness strategy=mean_indicator,d5d5e2d8a0734a0ce9af97a6606994868307c154f09eee30ee788ada6108d568,764,"0.915294 [0.894303, 0.933715]","0.450472 [0.379766, 0.52994]",4770,174,0.9152936586537019,0.8943030718613131,0.9337150870522464,0.4504718161120085,0.379766393088534,0.5299399711489243,0.025747924599189644,0.023545285280402607,0.027991532092307297,0.39357429718875503,0.004821802935010482,0.5,0.5,0.5,0.28160919540229884,0.9943429068755439,0.6533333333333333,0.9733759318423855,49,26,4570,125,ESTIMATED,ESTIMATED,ESTIMATED,b3b087837c0ecf9cc0f6ebc9b220b9e26b2b0eb45bd966690253e5ad3dcd8b6a,"Descriptive arm estimate. CI is an individual-arm CI, not a paired-difference CI; no significance claim for a delta. Raw layer; operating point is the recorded P104 comparator rule, not a final clinical threshold.",D:\Codex_分拆Prompt嚴格無到院\outputs\v2\.p104rv\sweep_20260906T171453Z_account-08_v2\t5\r,3bdea609313024ce4b59c809036d27b65961279d1b8cbba761082c14dec421f2,D:\Codex_分拆Prompt嚴格無到院\outputs\v2\.p104k10\cloud_validation_index_20260906T211456Z\task_medicine__S1__missingness_mean_indicator_validation.json,c9daacfeb13a678c6c2f48399326bad9184d39d8a5a06ae91ce08ede1340f1a7
medicine__S1__missingness_tree_native,medicine,S1,missingness,tree_native,tree_native / tree_native,tree_native,oof_2020_2023,RAW_LOCKED_BASE_PREDICTIONS,raw,VALIDATED_COMPUTED,Locked inputs; missingness strategy=tree_native,d5d5e2d8a0734a0ce9af97a6606994868307c154f09eee30ee788ada6108d568,764,"0.893955 [0.878914, 0.909066]","0.289243 [0.250108, 0.333153]",15995,427,0.8939549932486262,0.8789139333487871,0.9090661604798284,0.2892431652179195,0.2501082494821382,0.3331533756538247,0.022024013542762615,0.0212462097382623,0.022870196739501015,0.17038539553752535,0.0011253516723976243,0.5,0.5,0.5,0.09836065573770492,0.9984583761562179,0.6363636363636364,0.9758302467198192,42,24,15544,385,ESTIMATED,ESTIMATED,ESTIMATED,3914fbf321684017bfa91913f7327cb395de752d4ebd95362ab66e90b58d5b02,"Descriptive arm estimate. CI is an individual-arm CI, not a paired-difference CI; no significance claim for a delta. Raw layer; operating point is the recorded P104 comparator rule, not a final clinical threshold.",D:\Codex_分拆Prompt嚴格無到院\outputs\v2\.p104rv\sweep_20260906T211456Z_account-01_v2\t6\r,7b0c0a840a80b55e2d1b330139ffd809d4d08d373f3ed70f0d3d9a88288ab95f,D:\Codex_分拆Prompt嚴格無到院\outputs\v2\.p104k10\cloud_validation_index_20260906T211456Z\task_medicine__S1__missingness_tree_native_validation.json,dba934b858e85efbe2f49d968c7f8898fc5d2bf0050c2ce91dc2e364522cf743
medicine__S1__missingness_tree_native,medicine,S1,missingness,tree_native,tree_native / tree_native,tree_native,validation_2024,RAW_LOCKED_BASE_PREDICTIONS,raw,VALIDATED_COMPUTED,Locked inputs; missingness strategy=tree_native,d5d5e2d8a0734a0ce9af97a6606994868307c154f09eee30ee788ada6108d568,764,"0.917271 [0.89624, 0.936054]","0.450039 [0.380391, 0.525078]",4770,174,0.9172706401368504,0.8962403339789138,0.9360536094003381,0.4500394527716638,0.3803910874678963,0.525078497108,0.025679588776556756,0.02362702666713737,0.027865980241858476,0.38016528925619836,0.005031446540880503,0.5,0.5,0.5,0.26436781609195403,0.995213228894691,0.6764705882352942,0.9727775414717141,46,22,4574,128,ESTIMATED,ESTIMATED,ESTIMATED,b3b087837c0ecf9cc0f6ebc9b220b9e26b2b0eb45bd966690253e5ad3dcd8b6a,"Descriptive arm estimate. CI is an individual-arm CI, not a paired-difference CI; no significance claim for a delta. Raw layer; operating point is the recorded P104 comparator rule, not a final clinical threshold.",D:\Codex_分拆Prompt嚴格無到院\outputs\v2\.p104rv\sweep_20260906T211456Z_account-01_v2\t6\r,7b0c0a840a80b55e2d1b330139ffd809d4d08d373f3ed70f0d3d9a88288ab95f,D:\Codex_分拆Prompt嚴格無到院\outputs\v2\.p104k10\cloud_validation_index_20260906T211456Z\task_medicine__S1__missingness_tree_native_validation.json,dba934b858e85efbe2f49d968c7f8898fc5d2bf0050c2ce91dc2e364522cf743
medicine__S1__missingness_median_no_indicator,medicine,S1,missingness,median_no_indicator,median_no_indicator / median_no_indicator,median_no_indicator,oof_2020_2023,RAW_LOCKED_BASE_PREDICTIONS,raw,VALIDATED_COMPUTED,Remove specified baseline missingness indicators; retain undefined-score safeguards,0be3019014561edcf1c1cb3d305a4c74d405f0e1a6a4b35b5b24545e22ab35a6,512,"0.893132 [0.877922, 0.906564]","0.286612 [0.247489, 0.329497]",15995,427,0.8931321319658891,0.8779218984963952,0.9065635202094824,0.2866115268959289,0.24748877143857015,0.32949694619321807,0.022122002213581047,0.021309863503993123,0.022926726244492702,0.16768916155419222,0.0012503907471084713,0.5,0.5,0.5,0.09601873536299765,0.9986510791366906,0.6612903225806451,0.9757735517479446,41,21,15547,386,ESTIMATED,ESTIMATED,ESTIMATED,3914fbf321684017bfa91913f7327cb395de752d4ebd95362ab66e90b58d5b02,"Descriptive arm estimate. CI is an individual-arm CI, not a paired-difference CI; no significance claim for a delta. Raw layer; operating point is the recorded P104 comparator rule, not a final clinical threshold. Specified MISS/indicator inputs removed; UNDEFINED_SCORE safeguards remain, so missingness information is not completely absent.",D:\Codex_分拆Prompt嚴格無到院\outputs\v2\.p104rv\sweep_20260906T151250Z_account-10_v2\t5\r,82d57c06e45100ed12a198782c0ab5a64f36f60136884555a4c52b063a648e52,D:\Codex_分拆Prompt嚴格無到院\outputs\v2\.p104k10\cloud_validation_index_20260906T211456Z\task_medicine__S1__missingness_median_no_indicator_validation.json,dda610c1fc4bd545f2d7955b668cb0519ee59183abcad6838111ae4117c0095e
medicine__S1__missingness_median_no_indicator,medicine,S1,missingness,median_no_indicator,median_no_indicator / median_no_indicator,median_no_indicator,validation_2024,RAW_LOCKED_BASE_PREDICTIONS,raw,VALIDATED_COMPUTED,Remove specified baseline missingness indicators; retain undefined-score safeguards,0be3019014561edcf1c1cb3d305a4c74d405f0e1a6a4b35b5b24545e22ab35a6,512,"0.914049 [0.892199, 0.934807]","0.451629 [0.382917, 0.534788]",4770,174,0.9140494482958695,0.8921992008692227,0.9348072077635161,0.4516292849941595,0.3829171233938709,0.5347876842665831,0.02574874357082575,0.02348350323207107,0.027883522218490855,0.3951612903225806,0.005031446540880503,0.5,0.5,0.5,0.28160919540229884,0.9945604873803308,0.6621621621621622,0.973381601362862,49,25,4571,125,ESTIMATED,ESTIMATED,ESTIMATED,b3b087837c0ecf9cc0f6ebc9b220b9e26b2b0eb45bd966690253e5ad3dcd8b6a,"Descriptive arm estimate. CI is an individual-arm CI, not a paired-difference CI; no significance claim for a delta. Raw layer; operating point is the recorded P104 comparator rule, not a final clinical threshold. Specified MISS/indicator inputs removed; UNDEFINED_SCORE safeguards remain, so missingness information is not completely absent.",D:\Codex_分拆Prompt嚴格無到院\outputs\v2\.p104rv\sweep_20260906T151250Z_account-10_v2\t5\r,82d57c06e45100ed12a198782c0ab5a64f36f60136884555a4c52b063a648e52,D:\Codex_分拆Prompt嚴格無到院\outputs\v2\.p104k10\cloud_validation_index_20260906T211456Z\task_medicine__S1__missingness_median_no_indicator_validation.json,dda610c1fc4bd545f2d7955b668cb0519ee59183abcad6838111ae4117c0095e
medicine__S1__missingness_full_complete_case,medicine,S1,missingness,full_complete_case,full_complete_case / full_complete_case,full_complete_case,oof_2020_2023,RAW_LOCKED_BASE_PREDICTIONS,raw,VALIDATED_COMPUTED,Locked inputs; missingness strategy=full_complete_case,d5d5e2d8a0734a0ce9af97a6606994868307c154f09eee30ee788ada6108d568,764,"0.8125 [0.670781, 0.927083]","0.592154 [0.39946, 0.838349]",52,12,0.8125,0.67078125,0.9270833333333334,0.5921537399798269,0.399460019229756,0.8383493366391847,0.14411465476919313,0.11158497965527783,0.17798757346955527,0.26666666666666666,0.019230769230769232,0.5,0.5,0.5,0.16666666666666666,0.975,0.6666666666666666,0.7959183673469388,2,1,39,10,ESTIMATED,ESTIMATED,ESTIMATED,ea8788c29200d86ada41e4eb305290ced47037be610ec0553cac04ece7d8c550,"Descriptive arm estimate. CI is an individual-arm CI, not a paired-difference CI; no significance claim for a delta. Raw layer; operating point is the recorded P104 comparator rule, not a final clinical threshold.",D:\Codex_分拆Prompt嚴格無到院\outputs\v2\.p104rv\sweep_20260906T151250Z_account-06_v2\t5\r,a751735991d05055847e004b8cafa878fcb66493a6a4a0d3779abbe74a9598d7,D:\Codex_分拆Prompt嚴格無到院\outputs\v2\.p104k10\cloud_validation_index_20260906T211456Z\task_medicine__S1__missingness_full_complete_case_validation.json,762937d0f823d3edd9f232361505eb6d5955a9d8f13edcfec066e25bdb3193d7
medicine__S1__missingness_full_complete_case,medicine,S1,missingness,full_complete_case,full_complete_case / full_complete_case,full_complete_case,validation_2024,RAW_LOCKED_BASE_PREDICTIONS,raw,VALIDATED_COMPUTED,Locked inputs; missingness strategy=full_complete_case,d5d5e2d8a0734a0ce9af97a6606994868307c154f09eee30ee788ada6108d568,764,"0.9 [0.733333, 1]","0.5 [0.291667, 1]",17,2,0.9,0.7333333333333333,1.0,0.5,0.29166666666666663,1.0,0.09625533115149687,0.06739427377829611,0.13119811324420233,0.0,-0.058823529411764705,0.5,0.5,0.5,0.0,0.9333333333333333,0.0,0.875,0,1,14,2,ESTIMATED,ESTIMATED,ESTIMATED,f9e09719c0ebe7f62d212d7f4d3c30fabdde03d6cea288db7c94de3c351e69d8,"Descriptive arm estimate. CI is an individual-arm CI, not a paired-difference CI; no significance claim for a delta. Raw layer; operating point is the recorded P104 comparator rule, not a final clinical threshold.",D:\Codex_分拆Prompt嚴格無到院\outputs\v2\.p104rv\sweep_20260906T151250Z_account-06_v2\t5\r,a751735991d05055847e004b8cafa878fcb66493a6a4a0d3779abbe74a9598d7,D:\Codex_分拆Prompt嚴格無到院\outputs\v2\.p104k10\cloud_validation_index_20260906T211456Z\task_medicine__S1__missingness_full_complete_case_validation.json,762937d0f823d3edd9f232361505eb6d5955a9d8f13edcfec066e25bdb3193d7
medicine__S1__missingness_core_vitals_complete_case,medicine,S1,missingness,core_vitals_complete_case,core_vitals_complete_case / core_vitals_complete_case,core_vitals_complete_case,oof_2020_2023,RAW_LOCKED_BASE_PREDICTIONS,raw,VALIDATED_COMPUTED,Locked inputs; missingness strategy=core_vitals_complete_case,d5d5e2d8a0734a0ce9af97a6606994868307c154f09eee30ee788ada6108d568,764,"0.883212 [0.865836, 0.899844]","0.221461 [0.185492, 0.264813]",14109,341,0.8832116974888432,0.8658355516834966,0.8998438261123909,0.2214605608311314,0.18549217314282823,0.2648126595966573,0.020985227485398363,0.020269653128235074,0.021692096316186682,0.09115281501340483,0.000141753490679708,0.5,0.5,0.5,0.04985337243401759,0.9989105171411969,0.53125,0.9769837323293316,17,15,13753,324,ESTIMATED,ESTIMATED,ESTIMATED,e7a95a965e043a43ca7a8a4da4ec9f867f88f802512e2ca323b8e72f98913c7c,"Descriptive arm estimate. CI is an individual-arm CI, not a paired-difference CI; no significance claim for a delta. Raw layer; operating point is the recorded P104 comparator rule, not a final clinical threshold.",D:\Codex_分拆Prompt嚴格無到院\outputs\v2\.p104rv\sweep_20260906T151250Z_account-05_v2\t5\r,617081afb8bb8d396f83de5d53ff95376b73c29adf99a065691c7af5316bda7e,D:\Codex_分拆Prompt嚴格無到院\outputs\v2\.p104k10\cloud_validation_index_20260906T211456Z\task_medicine__S1__missingness_core_vitals_complete_case_validation.json,6ea4d7342da5519014bb56e24b22d11a64fd880a07c180f75c2b79a97735fca1
medicine__S1__missingness_core_vitals_complete_case,medicine,S1,missingness,core_vitals_complete_case,core_vitals_complete_case / core_vitals_complete_case,core_vitals_complete_case,validation_2024,RAW_LOCKED_BASE_PREDICTIONS,raw,VALIDATED_COMPUTED,Locked inputs; missingness strategy=core_vitals_complete_case,d5d5e2d8a0734a0ce9af97a6606994868307c154f09eee30ee788ada6108d568,764,"0.896314 [0.864148, 0.922993]","0.25214 [0.187651, 0.336371]",3961,103,0.8963143034018332,0.8641476454132296,0.9229931029537316,0.2521404669011045,0.18765118749631393,0.33637092775351074,0.02196834947207047,0.020546633303178453,0.023519964503342133,0.11965811965811966,0.0,0.5,0.5,0.5,0.06796116504854369,0.9981855883877657,0.5,0.9756777299214593,7,7,3851,96,ESTIMATED,ESTIMATED,ESTIMATED,c00b212352ccd16a32a4af5fd95194adc26b73dfac3bbc3c60bc998f87d87380,"Descriptive arm estimate. CI is an individual-arm CI, not a paired-difference CI; no significance claim for a delta. Raw layer; operating point is the recorded P104 comparator rule, not a final clinical threshold.",D:\Codex_分拆Prompt嚴格無到院\outputs\v2\.p104rv\sweep_20260906T151250Z_account-05_v2\t5\r,617081afb8bb8d396f83de5d53ff95376b73c29adf99a065691c7af5316bda7e,D:\Codex_分拆Prompt嚴格無到院\outputs\v2\.p104k10\cloud_validation_index_20260906T211456Z\task_medicine__S1__missingness_core_vitals_complete_case_validation.json,6ea4d7342da5519014bb56e24b22d11a64fd880a07c180f75c2b79a97735fca1
medicine__S1__missingness_knn_k5_continuous_ordinal_block,medicine,S1,missingness,knn_k5_continuous_ordinal_block,knn_k5_continuous_ordinal_block / knn_k5_continuous_ordinal_block,knn_k5_continuous_ordinal_block,oof_2020_2023,RAW_LOCKED_BASE_PREDICTIONS,raw,VALIDATED_COMPUTED,Locked inputs; missingness strategy=knn_k5_continuous_ordinal_block,d5d5e2d8a0734a0ce9af97a6606994868307c154f09eee30ee788ada6108d568,764,"0.89184 [0.875981, 0.905749]","0.285668 [0.247791, 0.326862]",15995,427,0.8918402247088245,0.8759811416259379,0.905749090065512,0.28566815527047884,0.24779080910498322,0.32686182268478225,0.022134217520220156,0.021369566134078435,0.022887783382181566,0.16768916155419222,0.0012503907471084713,0.5,0.5,0.5,0.09601873536299765,0.9986510791366906,0.6612903225806451,0.9757735517479446,41,21,15547,386,ESTIMATED,ESTIMATED,ESTIMATED,3914fbf321684017bfa91913f7327cb395de752d4ebd95362ab66e90b58d5b02,"Descriptive arm estimate. CI is an individual-arm CI, not a paired-difference CI; no significance claim for a delta. Raw layer; operating point is the recorded P104 comparator rule, not a final clinical threshold.",D:\Codex_分拆Prompt嚴格無到院\outputs\v2\.p104rv\sweep_20260906T171453Z_account-07_v2\t5\r,400f1667bc14fceda00bc641bf6684cae53e8ae3d9b1255c2314e51407540c97,D:\Codex_分拆Prompt嚴格無到院\outputs\v2\.p104k10\cloud_validation_index_20260906T211456Z\task_medicine__S1__missingness_knn_k5_continuous_ordinal_block_validation.json,8149e4c046139b70e553643d07ff8141d9c60f8081cf1f55b9413ac0e5e23468
medicine__S1__missingness_knn_k5_continuous_ordinal_block,medicine,S1,missingness,knn_k5_continuous_ordinal_block,knn_k5_continuous_ordinal_block / knn_k5_continuous_ordinal_block,knn_k5_continuous_ordinal_block,validation_2024,RAW_LOCKED_BASE_PREDICTIONS,raw,VALIDATED_COMPUTED,Locked inputs; missingness strategy=knn_k5_continuous_ordinal_block,d5d5e2d8a0734a0ce9af97a6606994868307c154f09eee30ee788ada6108d568,764,"0.915814 [0.895007, 0.935285]","0.453663 [0.384684, 0.531114]",4770,174,0.9158138511249161,0.8950067393131546,0.9352853183738586,0.4536634209358953,0.3846842338654783,0.5311141305581535,0.0256352814389821,0.023403834836640953,0.027804335087435038,0.42063492063492064,0.005870020964360587,0.5,0.5,0.5,0.3045977011494253,0.9945604873803308,0.6794871794871795,0.9742114236999148,53,25,4571,121,ESTIMATED,ESTIMATED,ESTIMATED,b3b087837c0ecf9cc0f6ebc9b220b9e26b2b0eb45bd966690253e5ad3dcd8b6a,"Descriptive arm estimate. CI is an individual-arm CI, not a paired-difference CI; no significance claim for a delta. Raw layer; operating point is the recorded P104 comparator rule, not a final clinical threshold.",D:\Codex_分拆Prompt嚴格無到院\outputs\v2\.p104rv\sweep_20260906T171453Z_account-07_v2\t5\r,400f1667bc14fceda00bc641bf6684cae53e8ae3d9b1255c2314e51407540c97,D:\Codex_分拆Prompt嚴格無到院\outputs\v2\.p104k10\cloud_validation_index_20260906T211456Z\task_medicine__S1__missingness_knn_k5_continuous_ordinal_block_validation.json,8149e4c046139b70e553643d07ff8141d9c60f8081cf1f55b9413ac0e5e23468
medicine__S1__missingness_bayesian_iterative_m10,medicine,S1,missingness,bayesian_iterative_m10,bayesian_iterative_m10 / bayesian_iterative_m10,bayesian_iterative_m10,oof_2020_2023,RAW_LOCKED_BASE_PREDICTIONS,raw,VALIDATED_COMPUTED,Locked inputs; missingness strategy=bayesian_iterative_m10,d5d5e2d8a0734a0ce9af97a6606994868307c154f09eee30ee788ada6108d568,764,"0.892483 [0.876872, 0.907103]","0.283852 [0.246166, 0.326575]",15995,427,0.8924828688404244,0.8768715861841596,0.907103059758743,0.28385159157684153,0.24616613446684324,0.3265747762061449,0.022169132400485972,0.0213693061117077,0.022942810206390364,0.17849898580121704,0.0013754298218193186,0.5,0.5,0.5,0.10304449648711944,0.9985868448098664,0.6666666666666666,0.9759558038797163,44,22,15546,383,ESTIMATED,ESTIMATED,ESTIMATED,3914fbf321684017bfa91913f7327cb395de752d4ebd95362ab66e90b58d5b02,"Descriptive arm estimate. CI is an individual-arm CI, not a paired-difference CI; no significance claim for a delta. Raw layer; operating point is the recorded P104 comparator rule, not a final clinical threshold.",D:\Codex_分拆Prompt嚴格無到院\outputs\v2\.p104rv\sweep_20260906T161352Z_account-04_v3\t5\r,202379cffb789dd56705ae553539fd98b0b3633dcbadd6fb656caa3d7647749b,D:\Codex_分拆Prompt嚴格無到院\outputs\v2\.p104k10\cloud_validation_index_20260906T211456Z\task_medicine__S1__missingness_bayesian_iterative_m10_validation.json,c1368d80153b010b92e815443da0f791839ef6eafb125feaa81d6daeb733b2f8
medicine__S1__missingness_bayesian_iterative_m10,medicine,S1,missingness,bayesian_iterative_m10,bayesian_iterative_m10 / bayesian_iterative_m10,bayesian_iterative_m10,validation_2024,RAW_LOCKED_BASE_PREDICTIONS,raw,VALIDATED_COMPUTED,Locked inputs; missingness strategy=bayesian_iterative_m10,d5d5e2d8a0734a0ce9af97a6606994868307c154f09eee30ee788ada6108d568,764,"0.916284 [0.895114, 0.935978]","0.447339 [0.377492, 0.524514]",4770,174,0.916284025089283,0.8951139225330541,0.9359776009379726,0.4473385157048977,0.37749202031670437,0.5245135322664969,0.025799841637334363,0.023699367569773342,0.02794983419186365,0.38866396761133604,0.004821802935010482,0.5,0.5,0.5,0.27586206896551724,0.9945604873803308,0.6575342465753424,0.9731743666169895,48,25,4571,126,ESTIMATED,ESTIMATED,ESTIMATED,b3b087837c0ecf9cc0f6ebc9b220b9e26b2b0eb45bd966690253e5ad3dcd8b6a,"Descriptive arm estimate. CI is an individual-arm CI, not a paired-difference CI; no significance claim for a delta. Raw layer; operating point is the recorded P104 comparator rule, not a final clinical threshold.",D:\Codex_分拆Prompt嚴格無到院\outputs\v2\.p104rv\sweep_20260906T161352Z_account-04_v3\t5\r,202379cffb789dd56705ae553539fd98b0b3633dcbadd6fb656caa3d7647749b,D:\Codex_分拆Prompt嚴格無到院\outputs\v2\.p104k10\cloud_validation_index_20260906T211456Z\task_medicine__S1__missingness_bayesian_iterative_m10_validation.json,c1368d80153b010b92e815443da0f791839ef6eafb125feaa81d6daeb733b2f8
medicine__S2__missingness_median_indicator,medicine,S2,missingness,median_indicator,median_indicator / median_indicator,median_indicator,oof_2020_2023,RAW_LOCKED_BASE_PREDICTIONS,raw,VALIDATED_COMPUTED,Locked inputs; missingness strategy=median_indicator,d5d5e2d8a0734a0ce9af97a6606994868307c154f09eee30ee788ada6108d568,764,"0.879478 [0.866425, 0.891994]","0.317254 [0.285647, 0.354392]",15995,696,0.8794779803052262,0.8664246947075968,0.8919940157320688,0.3172536332684072,0.2856466202245273,0.3543917505356427,0.03472912537291658,0.03380983993522232,0.035659889000586927,0.1041388518024032,0.0015629884338855893,0.5,0.5,0.5,0.05603448275862069,0.9990849075102948,0.7358490566037735,0.9587881068874671,39,14,15285,657,ESTIMATED,ESTIMATED,ESTIMATED,198559ae1ca6787ca0d67978151e82e137b412a0f894c1e1ab6031cc7a83b8e7,"Descriptive arm estimate. CI is an individual-arm CI, not a paired-difference CI; no significance claim for a delta. Raw layer; operating point is the recorded P104 comparator rule, not a final clinical threshold.",D:\Codex_分拆Prompt嚴格無到院\outputs\v2\.p104rv\sweep_20260906T191424Z_account-02_v2\t7\r,d286842849fd373879181d9ecbe0b002e4b8074565d5ec2b8f8e94d0d5be9fa6,D:\Codex_分拆Prompt嚴格無到院\outputs\v2\.p104k10\cloud_validation_index_20260906T211456Z\task_medicine__S2__missingness_median_indicator_validation.json,ce95d3dac21446b9d9382549482303683575df199e9404e87f864d02fa09ec28
medicine__S2__missingness_median_indicator,medicine,S2,missingness,median_indicator,median_indicator / median_indicator,median_indicator,validation_2024,RAW_LOCKED_BASE_PREDICTIONS,raw,VALIDATED_COMPUTED,Locked inputs; missingness strategy=median_indicator,d5d5e2d8a0734a0ce9af97a6606994868307c154f09eee30ee788ada6108d568,764,"0.901215 [0.88327, 0.91876]","0.481377 [0.427435, 0.542399]",4770,267,0.9012152530855418,0.8832696276171458,0.918760285521997,0.4813765757651771,0.427435325130229,0.5423985560779299,0.03868295578466231,0.03650463165762572,0.040709859454912414,0.29357798165137616,0.007547169811320755,0.5,0.5,0.5,0.1797752808988764,0.9973351099267155,0.8,0.9535031847133758,48,12,4491,219,ESTIMATED,ESTIMATED,ESTIMATED,e4932a9c277c16881d0d976d9d296aa54d009419887bf1c10a73607b4ded509f,"Descriptive arm estimate. CI is an individual-arm CI, not a paired-difference CI; no significance claim for a delta. Raw layer; operating point is the recorded P104 comparator rule, not a final clinical threshold.",D:\Codex_分拆Prompt嚴格無到院\outputs\v2\.p104rv\sweep_20260906T191424Z_account-02_v2\t7\r,d286842849fd373879181d9ecbe0b002e4b8074565d5ec2b8f8e94d0d5be9fa6,D:\Codex_分拆Prompt嚴格無到院\outputs\v2\.p104k10\cloud_validation_index_20260906T211456Z\task_medicine__S2__missingness_median_indicator_validation.json,ce95d3dac21446b9d9382549482303683575df199e9404e87f864d02fa09ec28
medicine__S2__missingness_mean_indicator,medicine,S2,missingness,mean_indicator,mean_indicator / mean_indicator,mean_indicator,oof_2020_2023,RAW_LOCKED_BASE_PREDICTIONS,raw,VALIDATED_COMPUTED,Locked inputs; missingness strategy=mean_indicator,d5d5e2d8a0734a0ce9af97a6606994868307c154f09eee30ee788ada6108d568,764,"0.879621 [0.86672, 0.891701]","0.317007 [0.284834, 0.352622]",15995,696,0.8796212922037576,0.8667198500442367,0.8917012283616822,0.31700737692927544,0.28483380243026374,0.35262238630001974,0.03476667007556199,0.03391239532485954,0.03571465922973476,0.09395973154362416,0.001312910284463895,0.5,0.5,0.5,0.05028735632183908,0.9990849075102948,0.7142857142857143,0.9585475981437351,35,14,15285,661,ESTIMATED,ESTIMATED,ESTIMATED,198559ae1ca6787ca0d67978151e82e137b412a0f894c1e1ab6031cc7a83b8e7,"Descriptive arm estimate. CI is an individual-arm CI, not a paired-difference CI; no significance claim for a delta. Raw layer; operating point is the recorded P104 comparator rule, not a final clinical threshold.",D:\Codex_分拆Prompt嚴格無到院\outputs\v2\.p104rv\sweep_20260906T211456Z_account-01_v2\t7\r,17815d0783ab9786879879a4b8a7d017824081817b0c58a41f63659bef6e0ff1,D:\Codex_分拆Prompt嚴格無到院\outputs\v2\.p104k10\cloud_validation_index_20260906T211456Z\task_medicine__S2__missingness_mean_indicator_validation.json,5f1cb931afea6a53bcc9c753c826bf7757c2b3b4cbd5ecbe8f3b33dc6e2d54c8
medicine__S2__missingness_mean_indicator,medicine,S2,missingness,mean_indicator,mean_indicator / mean_indicator,mean_indicator,validation_2024,RAW_LOCKED_BASE_PREDICTIONS,raw,VALIDATED_COMPUTED,Locked inputs; missingness strategy=mean_indicator,d5d5e2d8a0734a0ce9af97a6606994868307c154f09eee30ee788ada6108d568,764,"0.899183 [0.880434, 0.91651]","0.47887 [0.425, 0.538315]",4770,267,0.8991833159915862,0.8804339385016774,0.9165103784899715,0.4788695210102388,0.424999536913117,0.5383149894402055,0.038852351986435676,0.036715515419727854,0.040905429807987434,0.2865853658536585,0.006918238993710692,0.5,0.5,0.5,0.1760299625468165,0.9968909615811681,0.7704918032786885,0.9532809513697176,47,14,4489,220,ESTIMATED,ESTIMATED,ESTIMATED,e4932a9c277c16881d0d976d9d296aa54d009419887bf1c10a73607b4ded509f,"Descriptive arm estimate. CI is an individual-arm CI, not a paired-difference CI; no significance claim for a delta. Raw layer; operating point is the recorded P104 comparator rule, not a final clinical threshold.",D:\Codex_分拆Prompt嚴格無到院\outputs\v2\.p104rv\sweep_20260906T211456Z_account-01_v2\t7\r,17815d0783ab9786879879a4b8a7d017824081817b0c58a41f63659bef6e0ff1,D:\Codex_分拆Prompt嚴格無到院\outputs\v2\.p104k10\cloud_validation_index_20260906T211456Z\task_medicine__S2__missingness_mean_indicator_validation.json,5f1cb931afea6a53bcc9c753c826bf7757c2b3b4cbd5ecbe8f3b33dc6e2d54c8
medicine__S2__missingness_tree_native,medicine,S2,missingness,tree_native,tree_native / tree_native,tree_native,oof_2020_2023,RAW_LOCKED_BASE_PREDICTIONS,raw,VALIDATED_COMPUTED,Locked inputs; missingness strategy=tree_native,d5d5e2d8a0734a0ce9af97a6606994868307c154f09eee30ee788ada6108d568,764,"0.880555 [0.867623, 0.892509]","0.314266 [0.282688, 0.350286]",15995,696,0.8805546978128689,0.8676225115978607,0.8925087915747113,0.31426584686771625,0.2826877899865604,0.35028593045731077,0.03474939766073123,0.03383881948309648,0.03566101887369314,0.10344827586206896,0.0012503907471084713,0.5,0.5,0.5,0.05603448275862069,0.9987580887639715,0.6724137931034483,0.958775177260463,39,19,15280,657,ESTIMATED,ESTIMATED,ESTIMATED,198559ae1ca6787ca0d67978151e82e137b412a0f894c1e1ab6031cc7a83b8e7,"Descriptive arm estimate. CI is an individual-arm CI, not a paired-difference CI; no significance claim for a delta. Raw layer; operating point is the recorded P104 comparator rule, not a final clinical threshold.",D:\Codex_分拆Prompt嚴格無到院\outputs\v2\.p104rv\sweep_20260906T161352Z_account-04_v3\t7\r,003f5dea7eea2e6cdfe0b2170f1296a8044a86a076b0a6f6ec6fb570d8a49416,D:\Codex_分拆Prompt嚴格無到院\outputs\v2\.p104k10\cloud_validation_index_20260906T211456Z\task_medicine__S2__missingness_tree_native_validation.json,56c1e97e2c98e5524db12f0e4395bb9dc98116e85a26964112f71932594797e4
medicine__S2__missingness_tree_native,medicine,S2,missingness,tree_native,tree_native / tree_native,tree_native,validation_2024,RAW_LOCKED_BASE_PREDICTIONS,raw,VALIDATED_COMPUTED,Locked inputs; missingness strategy=tree_native,d5d5e2d8a0734a0ce9af97a6606994868307c154f09eee30ee788ada6108d568,764,"0.901072 [0.881848, 0.919207]","0.478944 [0.424232, 0.539546]",4770,267,0.9010721940678749,0.8818480679142254,0.9192071810355278,0.4789437756923415,0.4242320066588699,0.5395460719917918,0.038575509866144435,0.03628802389766337,0.04081790108886807,0.30120481927710846,0.007337526205450734,0.5,0.5,0.5,0.18726591760299627,0.9966688874083944,0.7692307692307693,0.9538788522848034,50,15,4488,217,ESTIMATED,ESTIMATED,ESTIMATED,e4932a9c277c16881d0d976d9d296aa54d009419887bf1c10a73607b4ded509f,"Descriptive arm estimate. CI is an individual-arm CI, not a paired-difference CI; no significance claim for a delta. Raw layer; operating point is the recorded P104 comparator rule, not a final clinical threshold.",D:\Codex_分拆Prompt嚴格無到院\outputs\v2\.p104rv\sweep_20260906T161352Z_account-04_v3\t7\r,003f5dea7eea2e6cdfe0b2170f1296a8044a86a076b0a6f6ec6fb570d8a49416,D:\Codex_分拆Prompt嚴格無到院\outputs\v2\.p104k10\cloud_validation_index_20260906T211456Z\task_medicine__S2__missingness_tree_native_validation.json,56c1e97e2c98e5524db12f0e4395bb9dc98116e85a26964112f71932594797e4
medicine__S2__missingness_median_no_indicator,medicine,S2,missingness,median_no_indicator,median_no_indicator / median_no_indicator,median_no_indicator,oof_2020_2023,RAW_LOCKED_BASE_PREDICTIONS,raw,VALIDATED_COMPUTED,Remove specified baseline missingness indicators; retain undefined-score safeguards,0be3019014561edcf1c1cb3d305a4c74d405f0e1a6a4b35b5b24545e22ab35a6,512,"0.879948 [0.866637, 0.892034]","0.315308 [0.284136, 0.349281]",15995,696,0.8799484866038124,0.8666370583946139,0.8920340897015023,0.3153077868209554,0.28413564895363036,0.34928077319502426,0.034763504354813866,0.03387085001160804,0.035696619399196744,0.08613728129205922,0.0010628321350422006,0.5,0.5,0.5,0.04597701149425287,0.9990195437610301,0.6808510638297872,0.9583646852269877,32,15,15284,664,ESTIMATED,ESTIMATED,ESTIMATED,198559ae1ca6787ca0d67978151e82e137b412a0f894c1e1ab6031cc7a83b8e7,"Descriptive arm estimate. CI is an individual-arm CI, not a paired-difference CI; no significance claim for a delta. Raw layer; operating point is the recorded P104 comparator rule, not a final clinical threshold. Specified MISS/indicator inputs removed; UNDEFINED_SCORE safeguards remain, so missingness information is not completely absent.",D:\Codex_分拆Prompt嚴格無到院\outputs\v2\.p104rv\sweep_20260906T171453Z_account-03_v2\t7\r,13af3eefc2b68c766d6f2bd51c4512c8fe6aff7eeb0622f90d6ab13e7cc259b4,D:\Codex_分拆Prompt嚴格無到院\outputs\v2\.p104k10\cloud_validation_index_20260906T211456Z\task_medicine__S2__missingness_median_no_indicator_validation.json,0e24df64a574bc7604faa6086d057a477d9d56f72278767ab8f4ebcefef7643e
medicine__S2__missingness_median_no_indicator,medicine,S2,missingness,median_no_indicator,median_no_indicator / median_no_indicator,median_no_indicator,validation_2024,RAW_LOCKED_BASE_PREDICTIONS,raw,VALIDATED_COMPUTED,Remove specified baseline missingness indicators; retain undefined-score safeguards,0be3019014561edcf1c1cb3d305a4c74d405f0e1a6a4b35b5b24545e22ab35a6,512,"0.90198 [0.884001, 0.919351]","0.487707 [0.430625, 0.545508]",4770,267,0.9019804524823649,0.8840008657526052,0.9193514173286269,0.487707477359208,0.43062494102180093,0.5455080543505803,0.03843874002971778,0.036229767999959826,0.04061846545012126,0.3090909090909091,0.008176100628930818,0.5,0.5,0.5,0.19101123595505617,0.9973351099267155,0.8095238095238095,0.9541108986615678,51,12,4491,216,ESTIMATED,ESTIMATED,ESTIMATED,e4932a9c277c16881d0d976d9d296aa54d009419887bf1c10a73607b4ded509f,"Descriptive arm estimate. CI is an individual-arm CI, not a paired-difference CI; no significance claim for a delta. Raw layer; operating point is the recorded P104 comparator rule, not a final clinical threshold. Specified MISS/indicator inputs removed; UNDEFINED_SCORE safeguards remain, so missingness information is not completely absent.",D:\Codex_分拆Prompt嚴格無到院\outputs\v2\.p104rv\sweep_20260906T171453Z_account-03_v2\t7\r,13af3eefc2b68c766d6f2bd51c4512c8fe6aff7eeb0622f90d6ab13e7cc259b4,D:\Codex_分拆Prompt嚴格無到院\outputs\v2\.p104k10\cloud_validation_index_20260906T211456Z\task_medicine__S2__missingness_median_no_indicator_validation.json,0e24df64a574bc7604faa6086d057a477d9d56f72278767ab8f4ebcefef7643e
medicine__S2__missingness_full_complete_case,medicine,S2,missingness,full_complete_case,full_complete_case / full_complete_case,full_complete_case,oof_2020_2023,RAW_LOCKED_BASE_PREDICTIONS,raw,VALIDATED_COMPUTED,Locked inputs; missingness strategy=full_complete_case,d5d5e2d8a0734a0ce9af97a6606994868307c154f09eee30ee788ada6108d568,764,"0.707563 [0.544538, 0.852101]","0.541927 [0.392327, 0.763858]",52,17,0.707563025210084,0.5445378151260504,0.8521008403361344,0.5419268952692885,0.3923269332436532,0.7638580520272393,0.19808794052158626,0.15763019681248383,0.2440735425158702,0.38461538461538464,0.019230769230769232,0.5,0.5,0.5,0.29411764705882354,0.8857142857142857,0.5555555555555556,0.7209302325581395,5,4,31,12,ESTIMATED,ESTIMATED,ESTIMATED,1b1998daaebe38b638df3faac1190d825da5286aa7685522721475f7af2bf95f,"Descriptive arm estimate. CI is an individual-arm CI, not a paired-difference CI; no significance claim for a delta. Raw layer; operating point is the recorded P104 comparator rule, not a final clinical threshold.",D:\Codex_分拆Prompt嚴格無到院\outputs\v2\.p104rv\sweep_20260906T171453Z_account-09_v2\t6\r,077157704d9c9825de233b6f8dda2e6b3c4f39c463de678aa2ac1e94681fcd84,D:\Codex_分拆Prompt嚴格無到院\outputs\v2\.p104k10\cloud_validation_index_20260906T211456Z\task_medicine__S2__missingness_full_complete_case_validation.json,a5fd5656cd807e529a73b9cb050305ee3a08b2d6314e3faefab49f7b5ef13cc8
medicine__S2__missingness_full_complete_case,medicine,S2,missingness,full_complete_case,full_complete_case / full_complete_case,full_complete_case,validation_2024,RAW_LOCKED_BASE_PREDICTIONS,raw,VALIDATED_COMPUTED,Locked inputs; missingness strategy=full_complete_case,d5d5e2d8a0734a0ce9af97a6606994868307c154f09eee30ee788ada6108d568,764,"0.8 [0.6, 1]","0.325 [0.196429, 1]",17,2,0.8,0.6,1.0,0.325,0.19642857142857142,1.0,0.13949640143880557,0.09787961996528528,0.19261821466767964,0.0,-0.058823529411764705,0.5,0.5,0.5,0.0,0.9333333333333333,0.0,0.875,0,1,14,2,ESTIMATED,ESTIMATED,ESTIMATED,f9e09719c0ebe7f62d212d7f4d3c30fabdde03d6cea288db7c94de3c351e69d8,"Descriptive arm estimate. CI is an individual-arm CI, not a paired-difference CI; no significance claim for a delta. Raw layer; operating point is the recorded P104 comparator rule, not a final clinical threshold.",D:\Codex_分拆Prompt嚴格無到院\outputs\v2\.p104rv\sweep_20260906T171453Z_account-09_v2\t6\r,077157704d9c9825de233b6f8dda2e6b3c4f39c463de678aa2ac1e94681fcd84,D:\Codex_分拆Prompt嚴格無到院\outputs\v2\.p104k10\cloud_validation_index_20260906T211456Z\task_medicine__S2__missingness_full_complete_case_validation.json,a5fd5656cd807e529a73b9cb050305ee3a08b2d6314e3faefab49f7b5ef13cc8
medicine__S2__missingness_core_vitals_complete_case,medicine,S2,missingness,core_vitals_complete_case,core_vitals_complete_case / core_vitals_complete_case,core_vitals_complete_case,oof_2020_2023,RAW_LOCKED_BASE_PREDICTIONS,raw,VALIDATED_COMPUTED,Locked inputs; missingness strategy=core_vitals_complete_case,d5d5e2d8a0734a0ce9af97a6606994868307c154f09eee30ee788ada6108d568,764,"0.87196 [0.857033, 0.88635]","0.282657 [0.250225, 0.31958]",14109,587,0.87196018753715,0.8570334774687451,0.886350118308397,0.2826565530669714,0.2502245989353242,0.3195801573662442,0.03416751729740455,0.03330314502387793,0.035054725948236026,0.029950083194675542,0.000283506981359416,0.5,0.5,0.5,0.015332197614991482,0.9996302322141695,0.6428571428571429,0.9589925505498403,9,5,13517,578,ESTIMATED,ESTIMATED,ESTIMATED,5f1eb376bb8777532dc18e57cb8345eeaa0b3ebc62435704da381bb7f34a7afb,"Descriptive arm estimate. CI is an individual-arm CI, not a paired-difference CI; no significance claim for a delta. Raw layer; operating point is the recorded P104 comparator rule, not a final clinical threshold.",D:\Codex_分拆Prompt嚴格無到院\outputs\v2\.p104rv\sweep_20260906T171453Z_account-08_v2\t6\r,e517c5dec275837ad85f696333250dfa7e7a4130e014140b1c07187993d6a2b3,D:\Codex_分拆Prompt嚴格無到院\outputs\v2\.p104k10\cloud_validation_index_20260906T211456Z\task_medicine__S2__missingness_core_vitals_complete_case_validation.json,fe6c197b3c2f4252449b2d8699dd797a1ba0103a2ba98682a18ed879b09d1c8c
medicine__S2__missingness_core_vitals_complete_case,medicine,S2,missingness,core_vitals_complete_case,core_vitals_complete_case / core_vitals_complete_case,core_vitals_complete_case,validation_2024,RAW_LOCKED_BASE_PREDICTIONS,raw,VALIDATED_COMPUTED,Locked inputs; missingness strategy=core_vitals_complete_case,d5d5e2d8a0734a0ce9af97a6606994868307c154f09eee30ee788ada6108d568,764,"0.884855 [0.860361, 0.908103]","0.323577 [0.265938, 0.400443]",3961,176,0.884854989792242,0.8603609725566026,0.9081028626001303,0.32357713691583506,0.2659382630130049,0.400443433962334,0.03536061697132089,0.03359194150049724,0.037131539343282075,0.04371584699453552,0.00025246149962130775,0.5,0.5,0.5,0.022727272727272728,0.9992073976221929,0.5714285714285714,0.9564997470915528,4,3,3782,172,ESTIMATED,ESTIMATED,ESTIMATED,84492fd7c3bc26667cfe55242695d7c92a5efe53cb2b743c6260bb957fd63626,"Descriptive arm estimate. CI is an individual-arm CI, not a paired-difference CI; no significance claim for a delta. Raw layer; operating point is the recorded P104 comparator rule, not a final clinical threshold.",D:\Codex_分拆Prompt嚴格無到院\outputs\v2\.p104rv\sweep_20260906T171453Z_account-08_v2\t6\r,e517c5dec275837ad85f696333250dfa7e7a4130e014140b1c07187993d6a2b3,D:\Codex_分拆Prompt嚴格無到院\outputs\v2\.p104k10\cloud_validation_index_20260906T211456Z\task_medicine__S2__missingness_core_vitals_complete_case_validation.json,fe6c197b3c2f4252449b2d8699dd797a1ba0103a2ba98682a18ed879b09d1c8c
medicine__S2__missingness_knn_k5_continuous_ordinal_block,medicine,S2,missingness,knn_k5_continuous_ordinal_block,knn_k5_continuous_ordinal_block / knn_k5_continuous_ordinal_block,knn_k5_continuous_ordinal_block,oof_2020_2023,RAW_LOCKED_BASE_PREDICTIONS,raw,VALIDATED_COMPUTED,Locked inputs; missingness strategy=knn_k5_continuous_ordinal_block,d5d5e2d8a0734a0ce9af97a6606994868307c154f09eee30ee788ada6108d568,764,"0.881402 [0.868185, 0.893213]","0.31657 [0.285413, 0.353104]",15995,696,0.8814022665443539,0.8681850146300045,0.8932127374511587,0.31657045081442,0.2854131838592313,0.35310377129984627,0.03469884907466211,0.033763552546158135,0.035582511259961785,0.10372340425531915,0.0013754298218193186,0.5,0.5,0.5,0.05603448275862069,0.9988888162625008,0.6964285714285714,0.9587803500846979,39,17,15282,657,ESTIMATED,ESTIMATED,ESTIMATED,198559ae1ca6787ca0d67978151e82e137b412a0f894c1e1ab6031cc7a83b8e7,"Descriptive arm estimate. CI is an individual-arm CI, not a paired-difference CI; no significance claim for a delta. Raw layer; operating point is the recorded P104 comparator rule, not a final clinical threshold.",D:\Codex_分拆Prompt嚴格無到院\outputs\v2\.p104rv\sweep_20260906T151250Z_account-10_v2\t6\r,17f119cbae007332cb09efe39b3e837c4039463329f1f6a7e556094b5d99d01d,D:\Codex_分拆Prompt嚴格無到院\outputs\v2\.p104k10\cloud_validation_index_20260906T211456Z\task_medicine__S2__missingness_knn_k5_continuous_ordinal_block_validation.json,ba0b8e817381b00c9636b4abfce4bebb4df0a8c57e1e6c0a65553c121c773522
medicine__S2__missingness_knn_k5_continuous_ordinal_block,medicine,S2,missingness,knn_k5_continuous_ordinal_block,knn_k5_continuous_ordinal_block / knn_k5_continuous_ordinal_block,knn_k5_continuous_ordinal_block,validation_2024,RAW_LOCKED_BASE_PREDICTIONS,raw,VALIDATED_COMPUTED,Locked inputs; missingness strategy=knn_k5_continuous_ordinal_block,d5d5e2d8a0734a0ce9af97a6606994868307c154f09eee30ee788ada6108d568,764,"0.899496 [0.880338, 0.917431]","0.482792 [0.425033, 0.540176]",4770,267,0.8994960496581138,0.8803384509176394,0.9174313202779348,0.48279191185158177,0.42503253815318515,0.5401762829246027,0.038427549503585616,0.036315162635423275,0.04068313504218388,0.3132530120481928,0.008176100628930818,0.5,0.5,0.5,0.1947565543071161,0.9971130357539418,0.8,0.9543039319872476,52,13,4490,215,ESTIMATED,ESTIMATED,ESTIMATED,e4932a9c277c16881d0d976d9d296aa54d009419887bf1c10a73607b4ded509f,"Descriptive arm estimate. CI is an individual-arm CI, not a paired-difference CI; no significance claim for a delta. Raw layer; operating point is the recorded P104 comparator rule, not a final clinical threshold.",D:\Codex_分拆Prompt嚴格無到院\outputs\v2\.p104rv\sweep_20260906T151250Z_account-10_v2\t6\r,17f119cbae007332cb09efe39b3e837c4039463329f1f6a7e556094b5d99d01d,D:\Codex_分拆Prompt嚴格無到院\outputs\v2\.p104k10\cloud_validation_index_20260906T211456Z\task_medicine__S2__missingness_knn_k5_continuous_ordinal_block_validation.json,ba0b8e817381b00c9636b4abfce4bebb4df0a8c57e1e6c0a65553c121c773522
medicine__S2__missingness_bayesian_iterative_m10,medicine,S2,missingness,bayesian_iterative_m10,bayesian_iterative_m10 / bayesian_iterative_m10,bayesian_iterative_m10,oof_2020_2023,RAW_LOCKED_BASE_PREDICTIONS,raw,VALIDATED_COMPUTED,Locked inputs; missingness strategy=bayesian_iterative_m10,d5d5e2d8a0734a0ce9af97a6606994868307c154f09eee30ee788ada6108d568,764,"0.88098 [0.868564, 0.893475]","0.320385 [0.289413, 0.357702]",15995,696,0.8809804074039849,0.8685641626238371,0.8934746625242213,0.3203854010177207,0.28941276220441225,0.35770173042980347,0.034697573961688585,0.0338052446791133,0.03560576783131204,0.08097165991902834,0.0009377930603313535,0.5,0.5,0.5,0.04310344827586207,0.9990195437610301,0.6666666666666666,0.9582445141065831,30,15,15284,666,ESTIMATED,ESTIMATED,ESTIMATED,198559ae1ca6787ca0d67978151e82e137b412a0f894c1e1ab6031cc7a83b8e7,"Descriptive arm estimate. CI is an individual-arm CI, not a paired-difference CI; no significance claim for a delta. Raw layer; operating point is the recorded P104 comparator rule, not a final clinical threshold.",D:\Codex_分拆Prompt嚴格無到院\outputs\v2\.p104rv\sweep_20260906T171453Z_account-07_v2\t6\r,96f0e043eb60455904e29ba0ffa8e7b1b3c91bc8b740ced2d5c94fa362d264f3,D:\Codex_分拆Prompt嚴格無到院\outputs\v2\.p104k10\cloud_validation_index_20260906T211456Z\task_medicine__S2__missingness_bayesian_iterative_m10_validation.json,45d22fabc0f62cbded95da97368f817fa57cc15a7270d35bd38d43aa8ee3fa5f
medicine__S2__missingness_bayesian_iterative_m10,medicine,S2,missingness,bayesian_iterative_m10,bayesian_iterative_m10 / bayesian_iterative_m10,bayesian_iterative_m10,validation_2024,RAW_LOCKED_BASE_PREDICTIONS,raw,VALIDATED_COMPUTED,Locked inputs; missingness strategy=bayesian_iterative_m10,d5d5e2d8a0734a0ce9af97a6606994868307c154f09eee30ee788ada6108d568,764,"0.901343 [0.882852, 0.919528]","0.487518 [0.429691, 0.546663]",4770,267,0.9013433408106623,0.8828518487791015,0.9195278324884253,0.4875179548545,0.42969123459624914,0.5466632967968665,0.03860242825174868,0.03648555345738955,0.040699296368423,0.2786377708978328,0.007127882599580713,0.5,0.5,0.5,0.16853932584269662,0.9975571840994892,0.8035714285714286,0.9529062367416207,45,11,4492,222,ESTIMATED,ESTIMATED,ESTIMATED,e4932a9c277c16881d0d976d9d296aa54d009419887bf1c10a73607b4ded509f,"Descriptive arm estimate. CI is an individual-arm CI, not a paired-difference CI; no significance claim for a delta. Raw layer; operating point is the recorded P104 comparator rule, not a final clinical threshold.",D:\Codex_分拆Prompt嚴格無到院\outputs\v2\.p104rv\sweep_20260906T171453Z_account-07_v2\t6\r,96f0e043eb60455904e29ba0ffa8e7b1b3c91bc8b740ced2d5c94fa362d264f3,D:\Codex_分拆Prompt嚴格無到院\outputs\v2\.p104k10\cloud_validation_index_20260906T211456Z\task_medicine__S2__missingness_bayesian_iterative_m10_validation.json,45d22fabc0f62cbded95da97368f817fa57cc15a7270d35bd38d43aa8ee3fa5f
medicine__S3__missingness_median_indicator,medicine,S3,missingness,median_indicator,median_indicator / median_indicator,median_indicator,oof_2020_2023,RAW_LOCKED_BASE_PREDICTIONS,raw,VALIDATED_COMPUTED,Locked inputs; missingness strategy=median_indicator,d5d5e2d8a0734a0ce9af97a6606994868307c154f09eee30ee788ada6108d568,764,"0.774818 [0.767161, 0.782965]","0.663999 [0.650959, 0.677965]",15995,6010,0.774818217342653,0.7671608624568226,0.7829654355316984,0.6639986772636639,0.6509586461523154,0.6779650936587142,0.18406305178281976,0.1810418087415807,0.1869920470098858,0.5830767795503312,0.09634260706470772,0.5,0.5,0.5,0.5199667221297837,0.8413620430645969,0.6636228498619664,0.7443735601630338,3125,1584,8401,2885,ESTIMATED,ESTIMATED,ESTIMATED,80acb9c3d6458dd9615b0fe54dc01c9bc901010a513b84799b88a9d7d39c8252,"Descriptive arm estimate. CI is an individual-arm CI, not a paired-difference CI; no significance claim for a delta. Raw layer; operating point is the recorded P104 comparator rule, not a final clinical threshold.",D:\Codex_分拆Prompt嚴格無到院\outputs\v2\.p104rv\sweep_20260906T151250Z_account-05_v2\t8\r,c9e31e5d4476bf59fcb451b346bee1714116c724eb45aa836dbf52701edef10a,D:\Codex_分拆Prompt嚴格無到院\outputs\v2\.p104k10\cloud_validation_index_20260906T211456Z\task_medicine__S3__missingness_median_indicator_validation.json,3abeac45e9bfbb7da7848ceb560ec99a952c9b76a0e934566e064d04464a55a4
medicine__S3__missingness_median_indicator,medicine,S3,missingness,median_indicator,median_indicator / median_indicator,median_indicator,validation_2024,RAW_LOCKED_BASE_PREDICTIONS,raw,VALIDATED_COMPUTED,Locked inputs; missingness strategy=median_indicator,d5d5e2d8a0734a0ce9af97a6606994868307c154f09eee30ee788ada6108d568,764,"0.763949 [0.749703, 0.777704]","0.621958 [0.596957, 0.647115]",4770,1606,0.7639491524356357,0.7497027917268738,0.7777039712039928,0.6219580776233916,0.596957358108059,0.6471154222354539,0.18007473074542843,0.17515691441142728,0.18509103497766186,0.5503875968992248,0.06918238993710692,0.5,0.5,0.5,0.4863013698630137,0.8574589127686473,0.6339285714285714,0.7668174109666478,781,451,2713,825,ESTIMATED,ESTIMATED,ESTIMATED,d04fb169978e23e0cb6c71343bb4ed4d739dd40d4c09f702318987efebfa6b53,"Descriptive arm estimate. CI is an individual-arm CI, not a paired-difference CI; no significance claim for a delta. Raw layer; operating point is the recorded P104 comparator rule, not a final clinical threshold.",D:\Codex_分拆Prompt嚴格無到院\outputs\v2\.p104rv\sweep_20260906T151250Z_account-05_v2\t8\r,c9e31e5d4476bf59fcb451b346bee1714116c724eb45aa836dbf52701edef10a,D:\Codex_分拆Prompt嚴格無到院\outputs\v2\.p104k10\cloud_validation_index_20260906T211456Z\task_medicine__S3__missingness_median_indicator_validation.json,3abeac45e9bfbb7da7848ceb560ec99a952c9b76a0e934566e064d04464a55a4
medicine__S3__missingness_mean_indicator,medicine,S3,missingness,mean_indicator,mean_indicator / mean_indicator,mean_indicator,oof_2020_2023,RAW_LOCKED_BASE_PREDICTIONS,raw,VALIDATED_COMPUTED,Locked inputs; missingness strategy=mean_indicator,d5d5e2d8a0734a0ce9af97a6606994868307c154f09eee30ee788ada6108d568,764,"0.77488 [0.766896, 0.782749]","0.663106 [0.649721, 0.676144]",15995,6010,0.7748800988504387,0.7668962693112578,0.7827491388089122,0.6631062652339282,0.6497214490513405,0.6761435756945278,0.18402444441238125,0.18121865029961193,0.1871466535376188,0.5823847732785967,0.09590497030321976,0.5,0.5,0.5,0.5193011647254576,0.8410615923885829,0.6629141886151232,0.7440418180207318,3121,1587,8398,2889,ESTIMATED,ESTIMATED,ESTIMATED,80acb9c3d6458dd9615b0fe54dc01c9bc901010a513b84799b88a9d7d39c8252,"Descriptive arm estimate. CI is an individual-arm CI, not a paired-difference CI; no significance claim for a delta. Raw layer; operating point is the recorded P104 comparator rule, not a final clinical threshold.",D:\Codex_分拆Prompt嚴格無到院\outputs\v2\.p104rv\sweep_20260906T161352Z_account-04_v3\t8\r,1cab974f22485db666687d426ade7e7fb55ed228cd909e961371bf1ed058b585,D:\Codex_分拆Prompt嚴格無到院\outputs\v2\.p104k10\cloud_validation_index_20260906T211456Z\task_medicine__S3__missingness_mean_indicator_validation.json,e59ddd19621a3840895abfd4b059dd3eea5a9d78db6bf2fc92bcda4a14f378d7
medicine__S3__missingness_mean_indicator,medicine,S3,missingness,mean_indicator,mean_indicator / mean_indicator,mean_indicator,validation_2024,RAW_LOCKED_BASE_PREDICTIONS,raw,VALIDATED_COMPUTED,Locked inputs; missingness strategy=mean_indicator,d5d5e2d8a0734a0ce9af97a6606994868307c154f09eee30ee788ada6108d568,764,"0.763816 [0.748978, 0.778647]","0.622817 [0.59795, 0.647863]",4770,1606,0.7638161178135721,0.7489784594329083,0.7786474509582508,0.6228166257117942,0.5979496037588417,0.6478631719501863,0.18008137818853787,0.17513976873254838,0.18534135246076816,0.5519915403595347,0.07023060796645703,0.5,0.5,0.5,0.487546699875467,0.8584070796460177,0.636068237205524,0.7674484317603842,783,448,2716,823,ESTIMATED,ESTIMATED,ESTIMATED,d04fb169978e23e0cb6c71343bb4ed4d739dd40d4c09f702318987efebfa6b53,"Descriptive arm estimate. CI is an individual-arm CI, not a paired-difference CI; no significance claim for a delta. Raw layer; operating point is the recorded P104 comparator rule, not a final clinical threshold.",D:\Codex_分拆Prompt嚴格無到院\outputs\v2\.p104rv\sweep_20260906T161352Z_account-04_v3\t8\r,1cab974f22485db666687d426ade7e7fb55ed228cd909e961371bf1ed058b585,D:\Codex_分拆Prompt嚴格無到院\outputs\v2\.p104k10\cloud_validation_index_20260906T211456Z\task_medicine__S3__missingness_mean_indicator_validation.json,e59ddd19621a3840895abfd4b059dd3eea5a9d78db6bf2fc92bcda4a14f378d7
medicine__S3__missingness_tree_native,medicine,S3,missingness,tree_native,tree_native / tree_native,tree_native,oof_2020_2023,RAW_LOCKED_BASE_PREDICTIONS,raw,VALIDATED_COMPUTED,Locked inputs; missingness strategy=tree_native,d5d5e2d8a0734a0ce9af97a6606994868307c154f09eee30ee788ada6108d568,764,"0.774482 [0.766712, 0.78235]","0.66334 [0.649815, 0.677008]",15995,6010,0.7744818142354963,0.7667117350284423,0.7823495986755268,0.6633395229991135,0.6498153665288818,0.6770076723886042,0.18419976066205557,0.18115810411602498,0.1870813804838718,0.5835667600373483,0.09690528290090654,0.5,0.5,0.5,0.5199667221297837,0.8422633950926389,0.6648936170212766,0.7445772465692785,3125,1575,8410,2885,ESTIMATED,ESTIMATED,ESTIMATED,80acb9c3d6458dd9615b0fe54dc01c9bc901010a513b84799b88a9d7d39c8252,"Descriptive arm estimate. CI is an individual-arm CI, not a paired-difference CI; no significance claim for a delta. Raw layer; operating point is the recorded P104 comparator rule, not a final clinical threshold.",D:\Codex_分拆Prompt嚴格無到院\outputs\v2\.p104rv\sweep_20260906T171453Z_account-07_v2\t8\r,acd52dc56bc0fa95ba8b195aabad9d625e63856bac56a53e1356e87f89674999,D:\Codex_分拆Prompt嚴格無到院\outputs\v2\.p104k10\cloud_validation_index_20260906T211456Z\task_medicine__S3__missingness_tree_native_validation.json,a8f40bf3eff0b40964fa02d59b8ae3e49ae078e8314208c9db1df023603e0609
medicine__S3__missingness_tree_native,medicine,S3,missingness,tree_native,tree_native / tree_native,tree_native,validation_2024,RAW_LOCKED_BASE_PREDICTIONS,raw,VALIDATED_COMPUTED,Locked inputs; missingness strategy=tree_native,d5d5e2d8a0734a0ce9af97a6606994868307c154f09eee30ee788ada6108d568,764,"0.76243 [0.747401, 0.776483]","0.620445 [0.595734, 0.645504]",4770,1606,0.7624300781047054,0.7474008670109977,0.776482841292626,0.6204449270720103,0.5957339620735,0.64550417309259,0.180642319788644,0.17552601802235568,0.18562354884150817,0.5458422174840085,0.06876310272536687,0.5,0.5,0.5,0.47820672478206727,0.8609355246523388,0.6357615894039735,0.7647389107243122,768,440,2724,838,ESTIMATED,ESTIMATED,ESTIMATED,d04fb169978e23e0cb6c71343bb4ed4d739dd40d4c09f702318987efebfa6b53,"Descriptive arm estimate. CI is an individual-arm CI, not a paired-difference CI; no significance claim for a delta. Raw layer; operating point is the recorded P104 comparator rule, not a final clinical threshold.",D:\Codex_分拆Prompt嚴格無到院\outputs\v2\.p104rv\sweep_20260906T171453Z_account-07_v2\t8\r,acd52dc56bc0fa95ba8b195aabad9d625e63856bac56a53e1356e87f89674999,D:\Codex_分拆Prompt嚴格無到院\outputs\v2\.p104k10\cloud_validation_index_20260906T211456Z\task_medicine__S3__missingness_tree_native_validation.json,a8f40bf3eff0b40964fa02d59b8ae3e49ae078e8314208c9db1df023603e0609
medicine__S3__missingness_median_no_indicator,medicine,S3,missingness,median_no_indicator,median_no_indicator / median_no_indicator,median_no_indicator,oof_2020_2023,RAW_LOCKED_BASE_PREDICTIONS,raw,VALIDATED_COMPUTED,Remove specified baseline missingness indicators; retain undefined-score safeguards,0be3019014561edcf1c1cb3d305a4c74d405f0e1a6a4b35b5b24545e22ab35a6,512,"0.774482 [0.766979, 0.782242]","0.663386 [0.650106, 0.676848]",15995,6010,0.7744818808912204,0.7669786747202914,0.782241648085195,0.6633864176519996,0.6501060043329838,0.6768479616740102,0.18420261624006576,0.18126873755863326,0.18705188624621302,0.5821034933682048,0.0960300093779306,0.5,0.5,0.5,0.51846921797005,0.8417626439659489,0.6635434412265758,0.743871139038853,3116,1580,8405,2894,ESTIMATED,ESTIMATED,ESTIMATED,80acb9c3d6458dd9615b0fe54dc01c9bc901010a513b84799b88a9d7d39c8252,"Descriptive arm estimate. CI is an individual-arm CI, not a paired-difference CI; no significance claim for a delta. Raw layer; operating point is the recorded P104 comparator rule, not a final clinical threshold. Specified MISS/indicator inputs removed; UNDEFINED_SCORE safeguards remain, so missingness information is not completely absent.",D:\Codex_分拆Prompt嚴格無到院\outputs\v2\.p104rv\sweep_20260906T151250Z_account-06_v2\t8\r,68b30251525ec127a5ec85b9d9c6fd3562d292f108fd38ab1d7e69e349fd7197,D:\Codex_分拆Prompt嚴格無到院\outputs\v2\.p104k10\cloud_validation_index_20260906T211456Z\task_medicine__S3__missingness_median_no_indicator_validation.json,91c0a6b6a737101e47309fb1064c38e27ee7a3090da4fd3182dc5c4e2e8a0967
medicine__S3__missingness_median_no_indicator,medicine,S3,missingness,median_no_indicator,median_no_indicator / median_no_indicator,median_no_indicator,validation_2024,RAW_LOCKED_BASE_PREDICTIONS,raw,VALIDATED_COMPUTED,Remove specified baseline missingness indicators; retain undefined-score safeguards,0be3019014561edcf1c1cb3d305a4c74d405f0e1a6a4b35b5b24545e22ab35a6,512,"0.764344 [0.749641, 0.778346]","0.621416 [0.595483, 0.647188]",4770,1606,0.764343926772706,0.7496408152808264,0.7783459179384943,0.6214162897803653,0.5954826477733354,0.6471878484034328,0.17989451368296736,0.17493682283978387,0.18499147166211358,0.5537160972173301,0.0710691823899371,0.5,0.5,0.5,0.48941469489414696,0.8587231352718079,0.6374695863746959,0.7681651116765621,786,447,2717,820,ESTIMATED,ESTIMATED,ESTIMATED,d04fb169978e23e0cb6c71343bb4ed4d739dd40d4c09f702318987efebfa6b53,"Descriptive arm estimate. CI is an individual-arm CI, not a paired-difference CI; no significance claim for a delta. Raw layer; operating point is the recorded P104 comparator rule, not a final clinical threshold. Specified MISS/indicator inputs removed; UNDEFINED_SCORE safeguards remain, so missingness information is not completely absent.",D:\Codex_分拆Prompt嚴格無到院\outputs\v2\.p104rv\sweep_20260906T151250Z_account-06_v2\t8\r,68b30251525ec127a5ec85b9d9c6fd3562d292f108fd38ab1d7e69e349fd7197,D:\Codex_分拆Prompt嚴格無到院\outputs\v2\.p104k10\cloud_validation_index_20260906T211456Z\task_medicine__S3__missingness_median_no_indicator_validation.json,91c0a6b6a737101e47309fb1064c38e27ee7a3090da4fd3182dc5c4e2e8a0967
medicine__S3__missingness_full_complete_case,medicine,S3,missingness,full_complete_case,full_complete_case / full_complete_case,full_complete_case,oof_2020_2023,RAW_LOCKED_BASE_PREDICTIONS,raw,VALIDATED_COMPUTED,Locked inputs; missingness strategy=full_complete_case,d5d5e2d8a0734a0ce9af97a6606994868307c154f09eee30ee788ada6108d568,764,"0.448276 [0.293816, 0.607196]","0.40966 [0.350565, 0.558832]",52,23,0.44827586206896547,0.2938155922038981,0.6071964017991005,0.409660297910476,0.35056499593559265,0.5588320840922237,0.3540867767393857,0.28060054757883635,0.4323943035815899,0.2702702702702703,-0.07692307692307693,0.5,0.5,0.5,0.21739130434782608,0.6896551724137931,0.35714285714285715,0.5263157894736842,5,9,20,18,ESTIMATED,ESTIMATED,ESTIMATED,086f26545516d03a780880408e385628a38437a209cf33d44fceba97676d262b,"Descriptive arm estimate. CI is an individual-arm CI, not a paired-difference CI; no significance claim for a delta. Raw layer; operating point is the recorded P104 comparator rule, not a final clinical threshold.",D:\Codex_分拆Prompt嚴格無到院\outputs\v2\.p104rv\sweep_20260906T191424Z_account-02_v2\t8\r,fca7906f84b9c44a6d097149c58e1c50d0053d73020c468d9dfb8a24e609e109,D:\Codex_分拆Prompt嚴格無到院\outputs\v2\.p104k10\cloud_validation_index_20260906T211456Z\task_medicine__S3__missingness_full_complete_case_validation.json,eae661ad0db13d9738c4cc85c99c9368ecf9e59b584f1ac572cb947627817712
medicine__S3__missingness_full_complete_case,medicine,S3,missingness,full_complete_case,full_complete_case / full_complete_case,full_complete_case,validation_2024,RAW_LOCKED_BASE_PREDICTIONS,raw,VALIDATED_COMPUTED,Locked inputs; missingness strategy=full_complete_case,d5d5e2d8a0734a0ce9af97a6606994868307c154f09eee30ee788ada6108d568,764,"0.583333 [0.291667, 0.861111]","0.53497 [0.414153, 0.861116]",17,8,0.5833333333333334,0.2916666666666667,0.8611111111111112,0.5349702380952381,0.41415299773755654,0.8611160714285715,0.2696108591692493,0.1884587506332519,0.36326466923942125,0.3076923076923077,-0.058823529411764705,0.5,0.5,0.5,0.25,0.6666666666666666,0.4,0.5,2,3,6,6,ESTIMATED,ESTIMATED,ESTIMATED,d3b2e2eed796462aad1613caece5ec0253fb7a5086156e4e6ff8e7165b428c14,"Descriptive arm estimate. CI is an individual-arm CI, not a paired-difference CI; no significance claim for a delta. Raw layer; operating point is the recorded P104 comparator rule, not a final clinical threshold.",D:\Codex_分拆Prompt嚴格無到院\outputs\v2\.p104rv\sweep_20260906T191424Z_account-02_v2\t8\r,fca7906f84b9c44a6d097149c58e1c50d0053d73020c468d9dfb8a24e609e109,D:\Codex_分拆Prompt嚴格無到院\outputs\v2\.p104k10\cloud_validation_index_20260906T211456Z\task_medicine__S3__missingness_full_complete_case_validation.json,eae661ad0db13d9738c4cc85c99c9368ecf9e59b584f1ac572cb947627817712
medicine__S3__missingness_core_vitals_complete_case,medicine,S3,missingness,core_vitals_complete_case,core_vitals_complete_case / core_vitals_complete_case,core_vitals_complete_case,oof_2020_2023,RAW_LOCKED_BASE_PREDICTIONS,raw,VALIDATED_COMPUTED,Locked inputs; missingness strategy=core_vitals_complete_case,d5d5e2d8a0734a0ce9af97a6606994868307c154f09eee30ee788ada6108d568,764,"0.773772 [0.765135, 0.782193]","0.650625 [0.635648, 0.666404]",14109,5139,0.7737722637326688,0.7651349079251136,0.7821928103626554,0.6506246106808157,0.6356479267963259,0.6664043444860719,0.18278379934863176,0.17963206367066378,0.18592964669781747,0.5721524564882132,0.08895031540151677,0.5,0.5,0.5,0.5053512356489589,0.8503901895206243,0.6593043919776593,0.7500491642084562,2597,1342,7628,2542,ESTIMATED,ESTIMATED,ESTIMATED,e04335a3efb05d1e394a3c9406bbe63b409a15121c390347945d882ff7b8de4e,"Descriptive arm estimate. CI is an individual-arm CI, not a paired-difference CI; no significance claim for a delta. Raw layer; operating point is the recorded P104 comparator rule, not a final clinical threshold.",D:\Codex_分拆Prompt嚴格無到院\outputs\v2\.p104rv\sweep_20260906T211456Z_account-01_v2\t8\r,858154130df7c2ba9f9940fdb4d65fb4136560155369f068aa34ab57ca540f89,D:\Codex_分拆Prompt嚴格無到院\outputs\v2\.p104k10\cloud_validation_index_20260906T211456Z\task_medicine__S3__missingness_core_vitals_complete_case_validation.json,04f7267612da6866c83d5084a9d09a89d407940a5f1df3cb88d01e1d74d0c557
medicine__S3__missingness_core_vitals_complete_case,medicine,S3,missingness,core_vitals_complete_case,core_vitals_complete_case / core_vitals_complete_case,core_vitals_complete_case,validation_2024,RAW_LOCKED_BASE_PREDICTIONS,raw,VALIDATED_COMPUTED,Locked inputs; missingness strategy=core_vitals_complete_case,d5d5e2d8a0734a0ce9af97a6606994868307c154f09eee30ee788ada6108d568,764,"0.762766 [0.746198, 0.77816]","0.621103 [0.593379, 0.648001]",3961,1316,0.7627656701581812,0.746198073722048,0.7781603695025454,0.6211031754886143,0.5933785555482768,0.6480009967632262,0.1789074127087091,0.1733783060248404,0.184787570718817,0.5424321959755031,0.0681646048977531,0.5,0.5,0.5,0.47112462006079026,0.8676748582230623,0.6391752577319587,0.7673019057171514,620,350,2295,696,ESTIMATED,ESTIMATED,ESTIMATED,bbe09b44cd6d0eda2a5198b0e510d52e0333d008d036fd82d17ed7db2ece16bb,"Descriptive arm estimate. CI is an individual-arm CI, not a paired-difference CI; no significance claim for a delta. Raw layer; operating point is the recorded P104 comparator rule, not a final clinical threshold.",D:\Codex_分拆Prompt嚴格無到院\outputs\v2\.p104rv\sweep_20260906T211456Z_account-01_v2\t8\r,858154130df7c2ba9f9940fdb4d65fb4136560155369f068aa34ab57ca540f89,D:\Codex_分拆Prompt嚴格無到院\outputs\v2\.p104k10\cloud_validation_index_20260906T211456Z\task_medicine__S3__missingness_core_vitals_complete_case_validation.json,04f7267612da6866c83d5084a9d09a89d407940a5f1df3cb88d01e1d74d0c557
medicine__S3__missingness_knn_k5_continuous_ordinal_block,medicine,S3,missingness,knn_k5_continuous_ordinal_block,knn_k5_continuous_ordinal_block / knn_k5_continuous_ordinal_block,knn_k5_continuous_ordinal_block,oof_2020_2023,RAW_LOCKED_BASE_PREDICTIONS,raw,VALIDATED_COMPUTED,Locked inputs; missingness strategy=knn_k5_continuous_ordinal_block,d5d5e2d8a0734a0ce9af97a6606994868307c154f09eee30ee788ada6108d568,764,"0.774634 [0.766637, 0.783061]","0.664302 [0.651405, 0.678092]",15995,6010,0.774634055909155,0.7666365419177782,0.7830614406113136,0.6643023395162768,0.6514049333516135,0.6780924238905714,0.18409899705133595,0.18096868328125645,0.1870853661676998,0.5808864783991023,0.09552985307908722,0.5,0.5,0.5,0.5168053244592347,0.8419629444166249,0.6631084543125534,0.7432587746441517,3106,1578,8407,2904,ESTIMATED,ESTIMATED,ESTIMATED,80acb9c3d6458dd9615b0fe54dc01c9bc901010a513b84799b88a9d7d39c8252,"Descriptive arm estimate. CI is an individual-arm CI, not a paired-difference CI; no significance claim for a delta. Raw layer; operating point is the recorded P104 comparator rule, not a final clinical threshold.",D:\Codex_分拆Prompt嚴格無到院\outputs\v2\.p104rv\sweep_20260906T171453Z_account-03_v2\t8\r,74fecdb7b8833ee7d65a0f08b3c1ddadd0915a2c8fc7d83b65f943d034d8aedd,D:\Codex_分拆Prompt嚴格無到院\outputs\v2\.p104k10\cloud_validation_index_20260906T211456Z\task_medicine__S3__missingness_knn_k5_continuous_ordinal_block_validation.json,880478e82d0133d3f2261a48362c21e5dc00aef2d8529c2f5e07c97cc8a11778
medicine__S3__missingness_knn_k5_continuous_ordinal_block,medicine,S3,missingness,knn_k5_continuous_ordinal_block,knn_k5_continuous_ordinal_block / knn_k5_continuous_ordinal_block,knn_k5_continuous_ordinal_block,validation_2024,RAW_LOCKED_BASE_PREDICTIONS,raw,VALIDATED_COMPUTED,Locked inputs; missingness strategy=knn_k5_continuous_ordinal_block,d5d5e2d8a0734a0ce9af97a6606994868307c154f09eee30ee788ada6108d568,764,"0.764755 [0.750632, 0.778888]","0.623587 [0.599137, 0.647888]",4770,1606,0.7647548384455888,0.7506315370804229,0.7788878831845496,0.6235865699689142,0.5991371992778249,0.6478877122541754,0.17967631566190645,0.1747716641809312,0.1846968096275151,0.5537806176783813,0.07316561844863732,0.5,0.5,0.5,0.48567870485678705,0.8637800252844501,0.6440957886044592,0.7679123349255409,780,431,2733,826,ESTIMATED,ESTIMATED,ESTIMATED,d04fb169978e23e0cb6c71343bb4ed4d739dd40d4c09f702318987efebfa6b53,"Descriptive arm estimate. CI is an individual-arm CI, not a paired-difference CI; no significance claim for a delta. Raw layer; operating point is the recorded P104 comparator rule, not a final clinical threshold.",D:\Codex_分拆Prompt嚴格無到院\outputs\v2\.p104rv\sweep_20260906T171453Z_account-03_v2\t8\r,74fecdb7b8833ee7d65a0f08b3c1ddadd0915a2c8fc7d83b65f943d034d8aedd,D:\Codex_分拆Prompt嚴格無到院\outputs\v2\.p104k10\cloud_validation_index_20260906T211456Z\task_medicine__S3__missingness_knn_k5_continuous_ordinal_block_validation.json,880478e82d0133d3f2261a48362c21e5dc00aef2d8529c2f5e07c97cc8a11778
medicine__S3__missingness_bayesian_iterative_m10,medicine,S3,missingness,bayesian_iterative_m10,bayesian_iterative_m10 / bayesian_iterative_m10,bayesian_iterative_m10,oof_2020_2023,RAW_LOCKED_BASE_PREDICTIONS,raw,VALIDATED_COMPUTED,Locked inputs; missingness strategy=bayesian_iterative_m10,d5d5e2d8a0734a0ce9af97a6606994868307c154f09eee30ee788ada6108d568,764,"0.775114 [0.767333, 0.782271]","0.663892 [0.650977, 0.677294]",15995,6010,0.7751136188475726,0.7673332067645119,0.7822713860378483,0.6638919549961875,0.6509771041898147,0.6772935642742592,0.1839258999487689,0.1810523788410702,0.18680864902352529,0.5803671787186212,0.09565489215379806,0.5,0.5,0.5,0.5154742096505823,0.842964446670005,0.6639519931418774,0.7429605437373114,3098,1568,8417,2912,ESTIMATED,ESTIMATED,ESTIMATED,80acb9c3d6458dd9615b0fe54dc01c9bc901010a513b84799b88a9d7d39c8252,"Descriptive arm estimate. CI is an individual-arm CI, not a paired-difference CI; no significance claim for a delta. Raw layer; operating point is the recorded P104 comparator rule, not a final clinical threshold.",D:\Codex_分拆Prompt嚴格無到院\outputs\v2\.p104rv\sweep_20260906T151250Z_account-10_v2\t7\r,466af57eb96b1d6a88b0966ad1ad1d3bf0bdc41c5f0ed971308cadc2c364b716,D:\Codex_分拆Prompt嚴格無到院\outputs\v2\.p104k10\cloud_validation_index_20260906T211456Z\task_medicine__S3__missingness_bayesian_iterative_m10_validation.json,c2d270838ebfee60a10f0e960e48eaa1bcecdbd39c6352392226b8a1cc275954
medicine__S3__missingness_bayesian_iterative_m10,medicine,S3,missingness,bayesian_iterative_m10,bayesian_iterative_m10 / bayesian_iterative_m10,bayesian_iterative_m10,validation_2024,RAW_LOCKED_BASE_PREDICTIONS,raw,VALIDATED_COMPUTED,Locked inputs; missingness strategy=bayesian_iterative_m10,d5d5e2d8a0734a0ce9af97a6606994868307c154f09eee30ee788ada6108d568,764,"0.7652 [0.751347, 0.779161]","0.623501 [0.598264, 0.649291]",4770,1606,0.7652001895546567,0.7513465068054085,0.7791606439758088,0.623500614718247,0.5982643194564149,0.649290646740827,0.17955650055521133,0.17460886239149767,0.18450162464357986,0.546819156540386,0.07085953878406709,0.5,0.5,0.5,0.4763387297633873,0.8650442477876106,0.6417785234899329,0.7649524874231414,765,427,2737,841,ESTIMATED,ESTIMATED,ESTIMATED,d04fb169978e23e0cb6c71343bb4ed4d739dd40d4c09f702318987efebfa6b53,"Descriptive arm estimate. CI is an individual-arm CI, not a paired-difference CI; no significance claim for a delta. Raw layer; operating point is the recorded P104 comparator rule, not a final clinical threshold.",D:\Codex_分拆Prompt嚴格無到院\outputs\v2\.p104rv\sweep_20260906T151250Z_account-10_v2\t7\r,466af57eb96b1d6a88b0966ad1ad1d3bf0bdc41c5f0ed971308cadc2c364b716,D:\Codex_分拆Prompt嚴格無到院\outputs\v2\.p104k10\cloud_validation_index_20260906T211456Z\task_medicine__S3__missingness_bayesian_iterative_m10_validation.json,c2d270838ebfee60a10f0e960e48eaa1bcecdbd39c6352392226b8a1cc275954
medicine__S4__missingness_median_indicator,medicine,S4,missingness,median_indicator,median_indicator / median_indicator,median_indicator,oof_2020_2023,RAW_LOCKED_BASE_PREDICTIONS,raw,VALIDATED_COMPUTED,Locked inputs; missingness strategy=median_indicator,d5d5e2d8a0734a0ce9af97a6606994868307c154f09eee30ee788ada6108d568,764,"0.813197 [0.803393, 0.823232]","0.441331 [0.419483, 0.465842]",15995,2086,0.813197439292947,0.8033928498754673,0.8232316686747266,0.4413309656230271,0.4194831922098544,0.46584190999161623,0.10962046413714462,0.1070610854509869,0.11219735040169455,0.45958219800181654,-0.018380743982494528,0.5,0.5,0.5,0.4851390220517737,0.9061039614638005,0.4365832614322692,0.9214740074577759,1012,1306,12603,1074,ESTIMATED,ESTIMATED,ESTIMATED,4ab36328c0862c491b74fa467d505c4c6f6a8d36c7275f4e1802d7e1561bc023,"Descriptive arm estimate. CI is an individual-arm CI, not a paired-difference CI; no significance claim for a delta. Raw layer; operating point is the recorded P104 comparator rule, not a final clinical threshold.",D:\Codex_分拆Prompt嚴格無到院\outputs\v2\.p104rv\sweep_20260906T171453Z_account-08_v2\t9\r,bef178a9d14c6367d3536dc0f7146ba941c4b82a65529cbeaf08f4bc6e468d0e,D:\Codex_分拆Prompt嚴格無到院\outputs\v2\.p104k10\cloud_validation_index_20260906T211456Z\task_medicine__S4__missingness_median_indicator_validation.json,90b3c862575cab33f0ae51214dcd23e4be23d39abcf902c74dc04d1154764a37
medicine__S4__missingness_median_indicator,medicine,S4,missingness,median_indicator,median_indicator / median_indicator,median_indicator,validation_2024,RAW_LOCKED_BASE_PREDICTIONS,raw,VALIDATED_COMPUTED,Locked inputs; missingness strategy=median_indicator,d5d5e2d8a0734a0ce9af97a6606994868307c154f09eee30ee788ada6108d568,764,"0.815616 [0.798906, 0.832931]","0.431256 [0.39574, 0.469527]",4770,615,0.8156160175320165,0.7989057571350181,0.8329309254613356,0.4312555136005425,0.39574025122216794,0.4695269225672343,0.11459369210688297,0.11012320979732214,0.11912252104140325,0.43831640058055155,-0.03333333333333333,0.5,0.5,0.5,0.49105691056910566,0.8890493381468111,0.39580602883355176,0.9218866982780135,302,461,3694,313,ESTIMATED,ESTIMATED,ESTIMATED,08ac8a7142544934c006bfdb617c8e34eb9d62b48e7a7f7b7c392189cbe21423,"Descriptive arm estimate. CI is an individual-arm CI, not a paired-difference CI; no significance claim for a delta. Raw layer; operating point is the recorded P104 comparator rule, not a final clinical threshold.",D:\Codex_分拆Prompt嚴格無到院\outputs\v2\.p104rv\sweep_20260906T171453Z_account-08_v2\t9\r,bef178a9d14c6367d3536dc0f7146ba941c4b82a65529cbeaf08f4bc6e468d0e,D:\Codex_分拆Prompt嚴格無到院\outputs\v2\.p104k10\cloud_validation_index_20260906T211456Z\task_medicine__S4__missingness_median_indicator_validation.json,90b3c862575cab33f0ae51214dcd23e4be23d39abcf902c74dc04d1154764a37
medicine__S4__missingness_mean_indicator,medicine,S4,missingness,mean_indicator,mean_indicator / mean_indicator,mean_indicator,oof_2020_2023,RAW_LOCKED_BASE_PREDICTIONS,raw,VALIDATED_COMPUTED,Locked inputs; missingness strategy=mean_indicator,d5d5e2d8a0734a0ce9af97a6606994868307c154f09eee30ee788ada6108d568,764,"0.81314 [0.80314, 0.823074]","0.44241 [0.421461, 0.466953]",15995,2086,0.8131399501498819,0.80313958512691,0.8230738794015927,0.4424100381668948,0.4214614997954542,0.466953122224528,0.10960845778621954,0.10714958860299004,0.11218789426959927,0.45891190530389253,-0.018193185370428258,0.5,0.5,0.5,0.48322147651006714,0.9066072327270113,0.43693107932379716,0.9212448860315605,1008,1299,12610,1078,ESTIMATED,ESTIMATED,ESTIMATED,4ab36328c0862c491b74fa467d505c4c6f6a8d36c7275f4e1802d7e1561bc023,"Descriptive arm estimate. CI is an individual-arm CI, not a paired-difference CI; no significance claim for a delta. Raw layer; operating point is the recorded P104 comparator rule, not a final clinical threshold.",D:\Codex_分拆Prompt嚴格無到院\outputs\v2\.p104rv\sweep_20260906T171453Z_account-07_v2\t9\r,ffb414e3fb237aea26675f884f526001c672df99430c5c2f44befbcf49c08989,D:\Codex_分拆Prompt嚴格無到院\outputs\v2\.p104k10\cloud_validation_index_20260906T211456Z\task_medicine__S4__missingness_mean_indicator_validation.json,aa8daf40f6e020ad4a5ea8589835c867093c47625fa3dcfad985765a1b18bfa0
medicine__S4__missingness_mean_indicator,medicine,S4,missingness,mean_indicator,mean_indicator / mean_indicator,mean_indicator,validation_2024,RAW_LOCKED_BASE_PREDICTIONS,raw,VALIDATED_COMPUTED,Locked inputs; missingness strategy=mean_indicator,d5d5e2d8a0734a0ce9af97a6606994868307c154f09eee30ee788ada6108d568,764,"0.814089 [0.795847, 0.831373]","0.432237 [0.3958, 0.469547]",4770,615,0.814088618864528,0.7958467343661205,0.8313732357217646,0.43223729166068303,0.39580004013557696,0.46954734409792503,0.11473489054080172,0.11030886987320339,0.11935249069796898,0.4359160028964518,-0.034381551362683435,0.5,0.5,0.5,0.4894308943089431,0.8880866425992779,0.39295039164490864,0.9215784215784216,301,465,3690,314,ESTIMATED,ESTIMATED,ESTIMATED,08ac8a7142544934c006bfdb617c8e34eb9d62b48e7a7f7b7c392189cbe21423,"Descriptive arm estimate. CI is an individual-arm CI, not a paired-difference CI; no significance claim for a delta. Raw layer; operating point is the recorded P104 comparator rule, not a final clinical threshold.",D:\Codex_分拆Prompt嚴格無到院\outputs\v2\.p104rv\sweep_20260906T171453Z_account-07_v2\t9\r,ffb414e3fb237aea26675f884f526001c672df99430c5c2f44befbcf49c08989,D:\Codex_分拆Prompt嚴格無到院\outputs\v2\.p104k10\cloud_validation_index_20260906T211456Z\task_medicine__S4__missingness_mean_indicator_validation.json,aa8daf40f6e020ad4a5ea8589835c867093c47625fa3dcfad985765a1b18bfa0
medicine__S4__missingness_tree_native,medicine,S4,missingness,tree_native,tree_native / tree_native,tree_native,oof_2020_2023,RAW_LOCKED_BASE_PREDICTIONS,raw,VALIDATED_COMPUTED,Locked inputs; missingness strategy=tree_native,d5d5e2d8a0734a0ce9af97a6606994868307c154f09eee30ee788ada6108d568,764,"0.812268 [0.802052, 0.822088]","0.43773 [0.414895, 0.462381]",15995,2086,0.8122681693437146,0.8020524037681876,0.8220878182169746,0.4377297533296322,0.4148950002651103,0.4623805498119902,0.10994788015596692,0.10736825079042574,0.11240001131511038,0.4522840343735866,-0.02100656455142232,0.5,0.5,0.5,0.4793863854266539,0.9039470846214681,0.4280821917808219,0.9204919833077092,1000,1336,12573,1086,ESTIMATED,ESTIMATED,ESTIMATED,4ab36328c0862c491b74fa467d505c4c6f6a8d36c7275f4e1802d7e1561bc023,"Descriptive arm estimate. CI is an individual-arm CI, not a paired-difference CI; no significance claim for a delta. Raw layer; operating point is the recorded P104 comparator rule, not a final clinical threshold.",D:\Codex_分拆Prompt嚴格無到院\outputs\v2\.p104rv\sweep_20260906T151250Z_account-10_v2\t9\r,e6f39855d8011a2cedc17122e29693b487200304c2ff24337d986dcc45b9608f,D:\Codex_分拆Prompt嚴格無到院\outputs\v2\.p104k10\cloud_validation_index_20260906T211456Z\task_medicine__S4__missingness_tree_native_validation.json,95bafc2f7013b80f1ae74e65ae3c414ebac68c1b677ebd47b23fd033d29f02e9
medicine__S4__missingness_tree_native,medicine,S4,missingness,tree_native,tree_native / tree_native,tree_native,validation_2024,RAW_LOCKED_BASE_PREDICTIONS,raw,VALIDATED_COMPUTED,Locked inputs; missingness strategy=tree_native,d5d5e2d8a0734a0ce9af97a6606994868307c154f09eee30ee788ada6108d568,764,"0.815909 [0.797845, 0.833491]","0.435605 [0.400876, 0.474497]",4770,615,0.8159087395928112,0.7978448591403522,0.8334911184824487,0.43560525169279624,0.4008762066836449,0.47449730121688055,0.11381478989622469,0.10944506222585536,0.11836446188640107,0.44556596971881757,-0.03228511530398323,0.5,0.5,0.5,0.5024390243902439,0.8885679903730446,0.40025906735751293,0.9234617308654327,309,463,3692,306,ESTIMATED,ESTIMATED,ESTIMATED,08ac8a7142544934c006bfdb617c8e34eb9d62b48e7a7f7b7c392189cbe21423,"Descriptive arm estimate. CI is an individual-arm CI, not a paired-difference CI; no significance claim for a delta. Raw layer; operating point is the recorded P104 comparator rule, not a final clinical threshold.",D:\Codex_分拆Prompt嚴格無到院\outputs\v2\.p104rv\sweep_20260906T151250Z_account-10_v2\t9\r,e6f39855d8011a2cedc17122e29693b487200304c2ff24337d986dcc45b9608f,D:\Codex_分拆Prompt嚴格無到院\outputs\v2\.p104k10\cloud_validation_index_20260906T211456Z\task_medicine__S4__missingness_tree_native_validation.json,95bafc2f7013b80f1ae74e65ae3c414ebac68c1b677ebd47b23fd033d29f02e9
medicine__S4__missingness_median_no_indicator,medicine,S4,missingness,median_no_indicator,median_no_indicator / median_no_indicator,median_no_indicator,oof_2020_2023,RAW_LOCKED_BASE_PREDICTIONS,raw,VALIDATED_COMPUTED,Remove specified baseline missingness indicators; retain undefined-score safeguards,0be3019014561edcf1c1cb3d305a4c74d405f0e1a6a4b35b5b24545e22ab35a6,512,"0.812852 [0.802652, 0.822718]","0.44138 [0.419334, 0.465797]",15995,2086,0.8128522287072517,0.8026519576188521,0.8227181366821427,0.4413796852935104,0.41933384069039936,0.4657969698433758,0.10989128413248712,0.10738843116073964,0.11237693305961148,0.4568320870156356,-0.01944357611753673,0.5,0.5,0.5,0.48322147651006714,0.905169314832123,0.4331757627847013,0.921129645888206,1008,1319,12590,1078,ESTIMATED,ESTIMATED,ESTIMATED,4ab36328c0862c491b74fa467d505c4c6f6a8d36c7275f4e1802d7e1561bc023,"Descriptive arm estimate. CI is an individual-arm CI, not a paired-difference CI; no significance claim for a delta. Raw layer; operating point is the recorded P104 comparator rule, not a final clinical threshold. Specified MISS/indicator inputs removed; UNDEFINED_SCORE safeguards remain, so missingness information is not completely absent.",D:\Codex_分拆Prompt嚴格無到院\outputs\v2\.p104rv\sweep_20260906T171453Z_account-09_v2\t9\r,455ca4f9309cca2140dc7378d823f9bda17eb450fb084b587447f46c1afeb4de,D:\Codex_分拆Prompt嚴格無到院\outputs\v2\.p104k10\cloud_validation_index_20260906T211456Z\task_medicine__S4__missingness_median_no_indicator_validation.json,55d18c91e8d6c62bf1f46b31b82b5eaf099a259be8e5a17c44b674462115b62b
medicine__S4__missingness_median_no_indicator,medicine,S4,missingness,median_no_indicator,median_no_indicator / median_no_indicator,median_no_indicator,validation_2024,RAW_LOCKED_BASE_PREDICTIONS,raw,VALIDATED_COMPUTED,Remove specified baseline missingness indicators; retain undefined-score safeguards,0be3019014561edcf1c1cb3d305a4c74d405f0e1a6a4b35b5b24545e22ab35a6,512,"0.815425 [0.798114, 0.832294]","0.432231 [0.396421, 0.470787]",4770,615,0.8154246524414702,0.7981143075220005,0.8322935338099116,0.43223051637216975,0.3964212898857249,0.4707869616281744,0.11491821202952979,0.11030754762729969,0.11944926816085308,0.43691420331651043,-0.03480083857442348,0.5,0.5,0.5,0.4926829268292683,0.8871239470517449,0.39248704663212436,0.9219609804902451,303,469,3686,312,ESTIMATED,ESTIMATED,ESTIMATED,08ac8a7142544934c006bfdb617c8e34eb9d62b48e7a7f7b7c392189cbe21423,"Descriptive arm estimate. CI is an individual-arm CI, not a paired-difference CI; no significance claim for a delta. Raw layer; operating point is the recorded P104 comparator rule, not a final clinical threshold. Specified MISS/indicator inputs removed; UNDEFINED_SCORE safeguards remain, so missingness information is not completely absent.",D:\Codex_分拆Prompt嚴格無到院\outputs\v2\.p104rv\sweep_20260906T171453Z_account-09_v2\t9\r,455ca4f9309cca2140dc7378d823f9bda17eb450fb084b587447f46c1afeb4de,D:\Codex_分拆Prompt嚴格無到院\outputs\v2\.p104k10\cloud_validation_index_20260906T211456Z\task_medicine__S4__missingness_median_no_indicator_validation.json,55d18c91e8d6c62bf1f46b31b82b5eaf099a259be8e5a17c44b674462115b62b
medicine__S4__missingness_full_complete_case,medicine,S4,missingness,full_complete_case,full_complete_case / full_complete_case,full_complete_case,oof_2020_2023,RAW_LOCKED_BASE_PREDICTIONS,raw,VALIDATED_COMPUTED,Locked inputs; missingness strategy=full_complete_case,d5d5e2d8a0734a0ce9af97a6606994868307c154f09eee30ee788ada6108d568,764,"0.550752 [0.385338, 0.721852]","0.305108 [0.245277, 0.492132]",52,14,0.5507518796992481,0.38533834586466165,0.7218515037593982,0.3051077215815956,0.24527718461404663,0.49213233938680356,0.2269790710380804,0.17967456830906336,0.2731470384421721,0.24,-0.09615384615384616,0.5,0.5,0.5,0.21428571428571427,0.7894736842105263,0.2727272727272727,0.7317073170731707,3,8,30,11,ESTIMATED,ESTIMATED,ESTIMATED,1c472a845947e9c76c23e825f16625865c4dba2bae4e703fbeabc910b3ac601a,"Descriptive arm estimate. CI is an individual-arm CI, not a paired-difference CI; no significance claim for a delta. Raw layer; operating point is the recorded P104 comparator rule, not a final clinical threshold.",D:\Codex_分拆Prompt嚴格無到院\outputs\v2\.p104rv\sweep_20260906T151250Z_account-05_v2\t9\r,34d87893693abaef585675aaf520d06bc096d7cd88f1b02b119d5109d2b35cd4,D:\Codex_分拆Prompt嚴格無到院\outputs\v2\.p104k10\cloud_validation_index_20260906T211456Z\task_medicine__S4__missingness_full_complete_case_validation.json,ad789c944667cdd92d7599d4e04c93e0ac12173c59d83bed51dd88c332b0b094
medicine__S4__missingness_full_complete_case,medicine,S4,missingness,full_complete_case,full_complete_case / full_complete_case,full_complete_case,validation_2024,RAW_LOCKED_BASE_PREDICTIONS,raw,VALIDATED_COMPUTED,Locked inputs; missingness strategy=full_complete_case,d5d5e2d8a0734a0ce9af97a6606994868307c154f09eee30ee788ada6108d568,764,"0.3 [0.0666667, 0.6]","0.121429 [0.100962, 0.25]",17,2,0.3,0.06666666666666667,0.6,0.12142857142857143,0.10096153846153846,0.25,0.2051514871393192,0.1535910022598255,0.25705686724471827,0.0,-0.29411764705882354,0.5,0.5,0.5,0.0,0.6666666666666666,0.0,0.8333333333333334,0,5,10,2,ESTIMATED,ESTIMATED,ESTIMATED,fcee6168e6437022c7268123ae00f89a0e75b18c4ab840992319e6d0113a0a61,"Descriptive arm estimate. CI is an individual-arm CI, not a paired-difference CI; no significance claim for a delta. Raw layer; operating point is the recorded P104 comparator rule, not a final clinical threshold.",D:\Codex_分拆Prompt嚴格無到院\outputs\v2\.p104rv\sweep_20260906T151250Z_account-05_v2\t9\r,34d87893693abaef585675aaf520d06bc096d7cd88f1b02b119d5109d2b35cd4,D:\Codex_分拆Prompt嚴格無到院\outputs\v2\.p104k10\cloud_validation_index_20260906T211456Z\task_medicine__S4__missingness_full_complete_case_validation.json,ad789c944667cdd92d7599d4e04c93e0ac12173c59d83bed51dd88c332b0b094
medicine__S4__missingness_core_vitals_complete_case,medicine,S4,missingness,core_vitals_complete_case,core_vitals_complete_case / core_vitals_complete_case,core_vitals_complete_case,oof_2020_2023,RAW_LOCKED_BASE_PREDICTIONS,raw,VALIDATED_COMPUTED,Locked inputs; missingness strategy=core_vitals_complete_case,d5d5e2d8a0734a0ce9af97a6606994868307c154f09eee30ee788ada6108d568,764,"0.809693 [0.798851, 0.820677]","0.437232 [0.41441, 0.462558]",14109,1824,0.8096927236181621,0.7988513342967254,0.8206767778748822,0.43723248189019276,0.41441036604179265,0.4625579350730344,0.10882476209006588,0.1061797869261363,0.11142934782265583,0.45342429808449225,-0.018357077043022186,0.5,0.5,0.5,0.47368421052631576,0.9085877085877085,0.4348263714141922,0.9208051476654018,864,1123,11162,960,ESTIMATED,ESTIMATED,ESTIMATED,88868ccf087d6ecc3c4ff7c1e9f4dfa5c38aa44087a0ae3e971781a66ddd5235,"Descriptive arm estimate. CI is an individual-arm CI, not a paired-difference CI; no significance claim for a delta. Raw layer; operating point is the recorded P104 comparator rule, not a final clinical threshold.",D:\Codex_分拆Prompt嚴格無到院\outputs\v2\.p104rv\sweep_20260906T161352Z_account-04_v3\t9\r,1ca73634fc8fe02b4e6dbac9a466722c82e179a917380866571714869b27e4d1,D:\Codex_分拆Prompt嚴格無到院\outputs\v2\.p104k10\cloud_validation_index_20260906T211456Z\task_medicine__S4__missingness_core_vitals_complete_case_validation.json,1b50436af3e0157c2e6af8fb1601778ef70e5e9917bf1baad7d5046f9f37964f
medicine__S4__missingness_core_vitals_complete_case,medicine,S4,missingness,core_vitals_complete_case,core_vitals_complete_case / core_vitals_complete_case,core_vitals_complete_case,validation_2024,RAW_LOCKED_BASE_PREDICTIONS,raw,VALIDATED_COMPUTED,Locked inputs; missingness strategy=core_vitals_complete_case,d5d5e2d8a0734a0ce9af97a6606994868307c154f09eee30ee788ada6108d568,764,"0.823336 [0.804713, 0.841405]","0.436247 [0.396868, 0.479566]",3961,481,0.8233356035080175,0.8047125982379437,0.8414052645421647,0.43624664523507967,0.3968684094704004,0.4795655881370537,0.10943024588099891,0.10488254719006779,0.11426879381451714,0.43002780352177944,-0.03382984094925524,0.5,0.5,0.5,0.48232848232848236,0.8948275862068965,0.3879598662207358,0.9259589652096343,232,366,3114,249,ESTIMATED,ESTIMATED,ESTIMATED,b3ea3d233333651958536c1658da6dff323b4925d91e03e236b0faf217045d4d,"Descriptive arm estimate. CI is an individual-arm CI, not a paired-difference CI; no significance claim for a delta. Raw layer; operating point is the recorded P104 comparator rule, not a final clinical threshold.",D:\Codex_分拆Prompt嚴格無到院\outputs\v2\.p104rv\sweep_20260906T161352Z_account-04_v3\t9\r,1ca73634fc8fe02b4e6dbac9a466722c82e179a917380866571714869b27e4d1,D:\Codex_分拆Prompt嚴格無到院\outputs\v2\.p104k10\cloud_validation_index_20260906T211456Z\task_medicine__S4__missingness_core_vitals_complete_case_validation.json,1b50436af3e0157c2e6af8fb1601778ef70e5e9917bf1baad7d5046f9f37964f
medicine__S4__missingness_knn_k5_continuous_ordinal_block,medicine,S4,missingness,knn_k5_continuous_ordinal_block,knn_k5_continuous_ordinal_block / knn_k5_continuous_ordinal_block,knn_k5_continuous_ordinal_block,oof_2020_2023,RAW_LOCKED_BASE_PREDICTIONS,raw,VALIDATED_COMPUTED,Locked inputs; missingness strategy=knn_k5_continuous_ordinal_block,d5d5e2d8a0734a0ce9af97a6606994868307c154f09eee30ee788ada6108d568,764,"0.811774 [0.801523, 0.822171]","0.438442 [0.416725, 0.461912]",15995,2086,0.8117738592179118,0.8015227291884908,0.822171410817762,0.4384416240954697,0.41672534979587006,0.46191225356604704,0.10998741086713584,0.10744837366847726,0.11247918300264331,0.4555757026291931,-0.019756173804313847,0.5,0.5,0.5,0.48178331735378715,0.9050255230426343,0.43207222699914016,0.920915941180774,1005,1321,12588,1081,ESTIMATED,ESTIMATED,ESTIMATED,4ab36328c0862c491b74fa467d505c4c6f6a8d36c7275f4e1802d7e1561bc023,"Descriptive arm estimate. CI is an individual-arm CI, not a paired-difference CI; no significance claim for a delta. Raw layer; operating point is the recorded P104 comparator rule, not a final clinical threshold.",D:\Codex_分拆Prompt嚴格無到院\outputs\v2\.p104rv\sweep_20260906T151250Z_account-06_v2\t9\r,06d3f4fbdd9c9012ba39d3f41bf0e52b02e1c2c1b6e1faa04ecb4d2e65686555,D:\Codex_分拆Prompt嚴格無到院\outputs\v2\.p104k10\cloud_validation_index_20260906T211456Z\task_medicine__S4__missingness_knn_k5_continuous_ordinal_block_validation.json,c5bdb33cf29a88973a68ff30d534257f404d64e3429546fc20472dce1ce0f951
medicine__S4__missingness_knn_k5_continuous_ordinal_block,medicine,S4,missingness,knn_k5_continuous_ordinal_block,knn_k5_continuous_ordinal_block / knn_k5_continuous_ordinal_block,knn_k5_continuous_ordinal_block,validation_2024,RAW_LOCKED_BASE_PREDICTIONS,raw,VALIDATED_COMPUTED,Locked inputs; missingness strategy=knn_k5_continuous_ordinal_block,d5d5e2d8a0734a0ce9af97a6606994868307c154f09eee30ee788ada6108d568,764,"0.81485 [0.796942, 0.83182]","0.432587 [0.396351, 0.47046]",4770,615,0.8148501658301782,0.7969420654433957,0.8318197401127969,0.43258728577276445,0.3963513540736856,0.4704600750754588,0.1148571743358566,0.11043334157522525,0.11939579586497276,0.43490701001430615,-0.03668763102725367,0.5,0.5,0.5,0.4943089430894309,0.8847172081829121,0.388250319284802,0.9219964885879107,304,479,3676,311,ESTIMATED,ESTIMATED,ESTIMATED,08ac8a7142544934c006bfdb617c8e34eb9d62b48e7a7f7b7c392189cbe21423,"Descriptive arm estimate. CI is an individual-arm CI, not a paired-difference CI; no significance claim for a delta. Raw layer; operating point is the recorded P104 comparator rule, not a final clinical threshold.",D:\Codex_分拆Prompt嚴格無到院\outputs\v2\.p104rv\sweep_20260906T151250Z_account-06_v2\t9\r,06d3f4fbdd9c9012ba39d3f41bf0e52b02e1c2c1b6e1faa04ecb4d2e65686555,D:\Codex_分拆Prompt嚴格無到院\outputs\v2\.p104k10\cloud_validation_index_20260906T211456Z\task_medicine__S4__missingness_knn_k5_continuous_ordinal_block_validation.json,c5bdb33cf29a88973a68ff30d534257f404d64e3429546fc20472dce1ce0f951
medicine__S4__missingness_bayesian_iterative_m10,medicine,S4,missingness,bayesian_iterative_m10,bayesian_iterative_m10 / bayesian_iterative_m10,bayesian_iterative_m10,oof_2020_2023,RAW_LOCKED_BASE_PREDICTIONS,raw,VALIDATED_COMPUTED,Locked inputs; missingness strategy=bayesian_iterative_m10,d5d5e2d8a0734a0ce9af97a6606994868307c154f09eee30ee788ada6108d568,764,"0.812425 [0.802244, 0.822383]","0.440049 [0.417444, 0.464523]",15995,2086,0.8124249203165321,0.8022436398319884,0.822383448246976,0.44004904212613255,0.41744367509202973,0.46452333450422834,0.11001340020839841,0.10752168696808473,0.11263541031964877,0.4547721605078214,-0.01994373241638012,0.5,0.5,0.5,0.48082454458293383,0.9049536271478898,0.4313978494623656,0.9207754206291149,1003,1322,12587,1083,ESTIMATED,ESTIMATED,ESTIMATED,4ab36328c0862c491b74fa467d505c4c6f6a8d36c7275f4e1802d7e1561bc023,"Descriptive arm estimate. CI is an individual-arm CI, not a paired-difference CI; no significance claim for a delta. Raw layer; operating point is the recorded P104 comparator rule, not a final clinical threshold.",D:\Codex_分拆Prompt嚴格無到院\outputs\v2\.p104rv\sweep_20260906T171453Z_account-03_v2\t9\r,c7bbacc2838075422099a3e4e1594715f5d648f891f76e02ec8068ff2ecb9300,D:\Codex_分拆Prompt嚴格無到院\outputs\v2\.p104k10\cloud_validation_index_20260906T211456Z\task_medicine__S4__missingness_bayesian_iterative_m10_validation.json,c49401ad374ff90b39454038e06bac67a3c4cb5735b4922b65f1d18d4a41edac
medicine__S4__missingness_bayesian_iterative_m10,medicine,S4,missingness,bayesian_iterative_m10,bayesian_iterative_m10 / bayesian_iterative_m10,bayesian_iterative_m10,validation_2024,RAW_LOCKED_BASE_PREDICTIONS,raw,VALIDATED_COMPUTED,Locked inputs; missingness strategy=bayesian_iterative_m10,d5d5e2d8a0734a0ce9af97a6606994868307c154f09eee30ee788ada6108d568,764,"0.813671 [0.796397, 0.830205]","0.431706 [0.394955, 0.468889]",4770,615,0.8136710594542768,0.7963972773397824,0.830205287561673,0.43170633501698,0.3949545865782663,0.46888933181899045,0.11517381217723688,0.11075297181588321,0.11962850332746493,0.44014336917562724,-0.03480083857442348,0.5,0.5,0.5,0.4991869918699187,0.8861612515042118,0.3935897435897436,0.9228070175438596,307,473,3682,308,ESTIMATED,ESTIMATED,ESTIMATED,08ac8a7142544934c006bfdb617c8e34eb9d62b48e7a7f7b7c392189cbe21423,"Descriptive arm estimate. CI is an individual-arm CI, not a paired-difference CI; no significance claim for a delta. Raw layer; operating point is the recorded P104 comparator rule, not a final clinical threshold.",D:\Codex_分拆Prompt嚴格無到院\outputs\v2\.p104rv\sweep_20260906T171453Z_account-03_v2\t9\r,c7bbacc2838075422099a3e4e1594715f5d648f891f76e02ec8068ff2ecb9300,D:\Codex_分拆Prompt嚴格無到院\outputs\v2\.p104k10\cloud_validation_index_20260906T211456Z\task_medicine__S4__missingness_bayesian_iterative_m10_validation.json,c49401ad374ff90b39454038e06bac67a3c4cb5735b4922b65f1d18d4a41edac
medicine__S5__missingness_median_indicator,medicine,S5,missingness,median_indicator,median_indicator / median_indicator,median_indicator,oof_2020_2023,RAW_LOCKED_BASE_PREDICTIONS,raw,VALIDATED_COMPUTED,Locked inputs; missingness strategy=median_indicator,d5d5e2d8a0734a0ce9af97a6606994868307c154f09eee30ee788ada6108d568,764,"0.800315 [0.774585, 0.824028]","0.109326 [0.0884177, 0.14015]",15995,351,0.8003146578319168,0.774585342528394,0.8240282350181876,0.1093255958322452,0.08841773022063693,0.14014969274787387,0.020543414105217442,0.01990235117848786,0.02122781516101603,0.0,0.0,0.5,0.5,0.5,0.0,1.0,,0.9780556423882464,0,0,15644,351,ESTIMATED,ESTIMATED,ESTIMATED,10abade4f9eec1c78184d89a0be1e2394ec1bb72fff8daba846466c260d8c809,"Descriptive arm estimate. CI is an individual-arm CI, not a paired-difference CI; no significance claim for a delta. Raw layer; operating point is the recorded P104 comparator rule, not a final clinical threshold.",D:\Codex_分拆Prompt嚴格無到院\outputs\v2\.p104rv\sweep_20260906T211456Z_account-01_v2\t11\r,a66e59ca6c5ced818b2b6bb001de8564dbf571b4652ea48202344aa926c6b66a,D:\Codex_分拆Prompt嚴格無到院\outputs\v2\.p104k10\cloud_validation_index_20260906T211456Z\task_medicine__S5__missingness_median_indicator_validation.json,3677de20d1142fbce627f402cc6f09b9b3ba44b533c406a76cf14947d613b9d3
medicine__S5__missingness_median_indicator,medicine,S5,missingness,median_indicator,median_indicator / median_indicator,median_indicator,validation_2024,RAW_LOCKED_BASE_PREDICTIONS,raw,VALIDATED_COMPUTED,Locked inputs; missingness strategy=median_indicator,d5d5e2d8a0734a0ce9af97a6606994868307c154f09eee30ee788ada6108d568,764,"0.7825 [0.735461, 0.825002]","0.0730507 [0.0522958, 0.11848]",4770,90,0.7825,0.7354609424508539,0.8250024647276948,0.07305074963350364,0.05229581969079516,0.11848008608450382,0.018113147929510395,0.017557010502520582,0.018699335963499354,0.0,0.0,0.5,0.5,0.5,0.0,1.0,,0.9811320754716981,0,0,4680,90,ESTIMATED,ESTIMATED,ESTIMATED,f9e75726c5e1b8df1a827a087784cb536b154bd808562b8e2bd2c8e099431005,"Descriptive arm estimate. CI is an individual-arm CI, not a paired-difference CI; no significance claim for a delta. Raw layer; operating point is the recorded P104 comparator rule, not a final clinical threshold.",D:\Codex_分拆Prompt嚴格無到院\outputs\v2\.p104rv\sweep_20260906T211456Z_account-01_v2\t11\r,a66e59ca6c5ced818b2b6bb001de8564dbf571b4652ea48202344aa926c6b66a,D:\Codex_分拆Prompt嚴格無到院\outputs\v2\.p104k10\cloud_validation_index_20260906T211456Z\task_medicine__S5__missingness_median_indicator_validation.json,3677de20d1142fbce627f402cc6f09b9b3ba44b533c406a76cf14947d613b9d3
medicine__S5__missingness_mean_indicator,medicine,S5,missingness,mean_indicator,mean_indicator / mean_indicator,mean_indicator,oof_2020_2023,RAW_LOCKED_BASE_PREDICTIONS,raw,VALIDATED_COMPUTED,Locked inputs; missingness strategy=mean_indicator,d5d5e2d8a0734a0ce9af97a6606994868307c154f09eee30ee788ada6108d568,764,"0.799411 [0.772908, 0.822791]","0.107511 [0.0865051, 0.13636]",15995,351,0.7994110045375706,0.7729084047500123,0.822790531898279,0.10751145212818258,0.08650506552699763,0.13635985663257458,0.020548245350928203,0.019920498404238048,0.021286654216732284,0.0,0.0,0.5,0.5,0.5,0.0,1.0,,0.9780556423882464,0,0,15644,351,ESTIMATED,ESTIMATED,ESTIMATED,10abade4f9eec1c78184d89a0be1e2394ec1bb72fff8daba846466c260d8c809,"Descriptive arm estimate. CI is an individual-arm CI, not a paired-difference CI; no significance claim for a delta. Raw layer; operating point is the recorded P104 comparator rule, not a final clinical threshold.",D:\Codex_分拆Prompt嚴格無到院\outputs\v2\.p104rv\sweep_20260906T151250Z_account-10_v2\t10\r,13eaa408869561b86031c6b7f43e22163b852ead331356c1a1e444996f724a87,D:\Codex_分拆Prompt嚴格無到院\outputs\v2\.p104k10\cloud_validation_index_20260906T211456Z\task_medicine__S5__missingness_mean_indicator_validation.json,bb3d41c5526a7fb3457eb2965fda052561f44949950654ef8c3a7bc42c835ae1
medicine__S5__missingness_mean_indicator,medicine,S5,missingness,mean_indicator,mean_indicator / mean_indicator,mean_indicator,validation_2024,RAW_LOCKED_BASE_PREDICTIONS,raw,VALIDATED_COMPUTED,Locked inputs; missingness strategy=mean_indicator,d5d5e2d8a0734a0ce9af97a6606994868307c154f09eee30ee788ada6108d568,764,"0.786814 [0.740788, 0.830839]","0.0705928 [0.0518361, 0.110983]",4770,90,0.7868138651471984,0.7407879073800967,0.8308386288183,0.07059280793116808,0.05183614117989489,0.11098297349074528,0.018128460035777547,0.017590896366213853,0.018683570029987794,0.0,0.0,0.5,0.5,0.5,0.0,1.0,,0.9811320754716981,0,0,4680,90,ESTIMATED,ESTIMATED,ESTIMATED,f9e75726c5e1b8df1a827a087784cb536b154bd808562b8e2bd2c8e099431005,"Descriptive arm estimate. CI is an individual-arm CI, not a paired-difference CI; no significance claim for a delta. Raw layer; operating point is the recorded P104 comparator rule, not a final clinical threshold.",D:\Codex_分拆Prompt嚴格無到院\outputs\v2\.p104rv\sweep_20260906T151250Z_account-10_v2\t10\r,13eaa408869561b86031c6b7f43e22163b852ead331356c1a1e444996f724a87,D:\Codex_分拆Prompt嚴格無到院\outputs\v2\.p104k10\cloud_validation_index_20260906T211456Z\task_medicine__S5__missingness_mean_indicator_validation.json,bb3d41c5526a7fb3457eb2965fda052561f44949950654ef8c3a7bc42c835ae1
medicine__S5__missingness_tree_native,medicine,S5,missingness,tree_native,tree_native / tree_native,tree_native,oof_2020_2023,RAW_LOCKED_BASE_PREDICTIONS,raw,VALIDATED_COMPUTED,Locked inputs; missingness strategy=tree_native,d5d5e2d8a0734a0ce9af97a6606994868307c154f09eee30ee788ada6108d568,764,"0.797658 [0.773272, 0.821053]","0.0982509 [0.0817243, 0.12566]",15995,351,0.7976583323681252,0.7732716882984343,0.8210534861089509,0.09825087330756405,0.08172432463107966,0.12566004271110784,0.02062983447509678,0.01996654834428627,0.021362027727536693,0.0,-6.251953735542357e-05,0.5,0.5,0.5,0.0,0.9999360777294809,0.0,0.9780542703513818,0,1,15643,351,ESTIMATED,ESTIMATED,ESTIMATED,10abade4f9eec1c78184d89a0be1e2394ec1bb72fff8daba846466c260d8c809,"Descriptive arm estimate. CI is an individual-arm CI, not a paired-difference CI; no significance claim for a delta. Raw layer; operating point is the recorded P104 comparator rule, not a final clinical threshold.",D:\Codex_分拆Prompt嚴格無到院\outputs\v2\.p104rv\sweep_20260906T171453Z_account-03_v2\t11\r,7d55e5cae0c1eebf7dd37d899f3d8bc8bbf00c28cc45e15db8140b62e26c6b35,D:\Codex_分拆Prompt嚴格無到院\outputs\v2\.p104k10\cloud_validation_index_20260906T211456Z\task_medicine__S5__missingness_tree_native_validation.json,465451ce15303d27a956437ea4fce9039742ff61408e23d64041bcdfc0dec982
medicine__S5__missingness_tree_native,medicine,S5,missingness,tree_native,tree_native / tree_native,tree_native,validation_2024,RAW_LOCKED_BASE_PREDICTIONS,raw,VALIDATED_COMPUTED,Locked inputs; missingness strategy=tree_native,d5d5e2d8a0734a0ce9af97a6606994868307c154f09eee30ee788ada6108d568,764,"0.792343 [0.749124, 0.832168]","0.0790416 [0.055273, 0.130948]",4770,90,0.7923433048433048,0.7491242766632129,0.832167969011253,0.07904155592704254,0.05527297600921438,0.13094826080813723,0.018006793309582148,0.017444671154875236,0.018591388379255877,0.0,0.0,0.5,0.5,0.5,0.0,1.0,,0.9811320754716981,0,0,4680,90,ESTIMATED,ESTIMATED,ESTIMATED,f9e75726c5e1b8df1a827a087784cb536b154bd808562b8e2bd2c8e099431005,"Descriptive arm estimate. CI is an individual-arm CI, not a paired-difference CI; no significance claim for a delta. Raw layer; operating point is the recorded P104 comparator rule, not a final clinical threshold.",D:\Codex_分拆Prompt嚴格無到院\outputs\v2\.p104rv\sweep_20260906T171453Z_account-03_v2\t11\r,7d55e5cae0c1eebf7dd37d899f3d8bc8bbf00c28cc45e15db8140b62e26c6b35,D:\Codex_分拆Prompt嚴格無到院\outputs\v2\.p104k10\cloud_validation_index_20260906T211456Z\task_medicine__S5__missingness_tree_native_validation.json,465451ce15303d27a956437ea4fce9039742ff61408e23d64041bcdfc0dec982
medicine__S5__missingness_median_no_indicator,medicine,S5,missingness,median_no_indicator,median_no_indicator / median_no_indicator,median_no_indicator,oof_2020_2023,RAW_LOCKED_BASE_PREDICTIONS,raw,VALIDATED_COMPUTED,Remove specified baseline missingness indicators; retain undefined-score safeguards,0be3019014561edcf1c1cb3d305a4c74d405f0e1a6a4b35b5b24545e22ab35a6,512,"0.799918 [0.774458, 0.821892]","0.102399 [0.0840069, 0.130029]",15995,351,0.7999176477187216,0.7744582778677357,0.821892355501128,0.10239901336775808,0.08400690961600643,0.13002885060212102,0.02061479974380085,0.019984728801880087,0.021329699460493144,0.0,0.0,0.5,0.5,0.5,0.0,1.0,,0.9780556423882464,0,0,15644,351,ESTIMATED,ESTIMATED,ESTIMATED,10abade4f9eec1c78184d89a0be1e2394ec1bb72fff8daba846466c260d8c809,"Descriptive arm estimate. CI is an individual-arm CI, not a paired-difference CI; no significance claim for a delta. Raw layer; operating point is the recorded P104 comparator rule, not a final clinical threshold. Specified MISS/indicator inputs removed; UNDEFINED_SCORE safeguards remain, so missingness information is not completely absent.",D:\Codex_分拆Prompt嚴格無到院\outputs\v2\.p104rv\sweep_20260906T191424Z_account-02_v2\t11\r,6faff5ccf182bec17178182611efc102dde5fcf08c4c17b55f9891f4bd8d1f59,D:\Codex_分拆Prompt嚴格無到院\outputs\v2\.p104k10\cloud_validation_index_20260906T211456Z\task_medicine__S5__missingness_median_no_indicator_validation.json,62823f3a5a5702d32cc4aede508393f10c3bfe562335f6b5b8b2311525891038
medicine__S5__missingness_median_no_indicator,medicine,S5,missingness,median_no_indicator,median_no_indicator / median_no_indicator,median_no_indicator,validation_2024,RAW_LOCKED_BASE_PREDICTIONS,raw,VALIDATED_COMPUTED,Remove specified baseline missingness indicators; retain undefined-score safeguards,0be3019014561edcf1c1cb3d305a4c74d405f0e1a6a4b35b5b24545e22ab35a6,512,"0.785254 [0.737985, 0.828629]","0.0644289 [0.0490657, 0.0946419]",4770,90,0.7852540360873694,0.7379845045354162,0.8286286256992247,0.06442887511809674,0.04906570189590863,0.0946419356810646,0.01818997041859092,0.01765751038906907,0.018756984306058638,0.0,0.0,0.5,0.5,0.5,0.0,1.0,,0.9811320754716981,0,0,4680,90,ESTIMATED,ESTIMATED,ESTIMATED,f9e75726c5e1b8df1a827a087784cb536b154bd808562b8e2bd2c8e099431005,"Descriptive arm estimate. CI is an individual-arm CI, not a paired-difference CI; no significance claim for a delta. Raw layer; operating point is the recorded P104 comparator rule, not a final clinical threshold. Specified MISS/indicator inputs removed; UNDEFINED_SCORE safeguards remain, so missingness information is not completely absent.",D:\Codex_分拆Prompt嚴格無到院\outputs\v2\.p104rv\sweep_20260906T191424Z_account-02_v2\t11\r,6faff5ccf182bec17178182611efc102dde5fcf08c4c17b55f9891f4bd8d1f59,D:\Codex_分拆Prompt嚴格無到院\outputs\v2\.p104k10\cloud_validation_index_20260906T211456Z\task_medicine__S5__missingness_median_no_indicator_validation.json,62823f3a5a5702d32cc4aede508393f10c3bfe562335f6b5b8b2311525891038
medicine__S5__missingness_full_complete_case,medicine,S5,missingness,full_complete_case,full_complete_case / full_complete_case,full_complete_case,oof_2020_2023,RAW_LOCKED_BASE_PREDICTIONS,raw,VALIDATED_COMPUTED,Locked inputs; missingness strategy=full_complete_case,d5d5e2d8a0734a0ce9af97a6606994868307c154f09eee30ee788ada6108d568,764,"0.31 [0, 0.7005]","0.0442308 [0.0384615, 0.117831]",52,2,0.31,0.0,0.7004999999999972,0.04423076923076923,0.038461538461538464,0.11783088235294017,0.03844396022510753,0.03842840292598824,0.03845965317321474,0.0,0.0,0.5,0.5,0.5,0.0,1.0,,0.9615384615384616,0,0,50,2,ESTIMATED,ESTIMATED,ESTIMATED,caa4128e3272ac10ddf2d0b23f055aca4420e3dd415f021743802ee0c6046af7,"Descriptive arm estimate. CI is an individual-arm CI, not a paired-difference CI; no significance claim for a delta. Raw layer; operating point is the recorded P104 comparator rule, not a final clinical threshold.",D:\Codex_分拆Prompt嚴格無到院\outputs\v2\.p104rv\sweep_20260906T171453Z_account-08_v2\t10\r,6409b0a315c1a84d930991e4341a2fa983905bdbf91b4432a27af7b3c4689543,D:\Codex_分拆Prompt嚴格無到院\outputs\v2\.p104k10\cloud_validation_index_20260906T211456Z\task_medicine__S5__missingness_full_complete_case_validation.json,546d53d9e7f954388c01f5623ba5ae2199a8b27aba2bc7e3e84ae396f2153195
medicine__S5__missingness_full_complete_case,medicine,S5,missingness,full_complete_case,full_complete_case / full_complete_case,full_complete_case,validation_2024,RAW_LOCKED_BASE_PREDICTIONS,raw,VALIDATED_COMPUTED,Locked inputs; missingness strategy=full_complete_case,d5d5e2d8a0734a0ce9af97a6606994868307c154f09eee30ee788ada6108d568,764,"0.875 [0.6875, 1]","0.333333 [0.166667, 1]",17,1,0.875,0.6875,1.0,0.3333333333333333,0.16666666666666666,1.0,0.059020530606494134,0.05878414182299148,0.059493288410780554,0.0,0.0,0.5,0.5,0.5,0.0,1.0,,0.9411764705882353,0,0,16,1,ESTIMATED,ESTIMATED,ESTIMATED,6f2576fe81d1b05e4cb87a32793bc188f924e5f09f15b25b3f3cdc736de0eeca,"Descriptive arm estimate. CI is an individual-arm CI, not a paired-difference CI; no significance claim for a delta. Raw layer; operating point is the recorded P104 comparator rule, not a final clinical threshold.",D:\Codex_分拆Prompt嚴格無到院\outputs\v2\.p104rv\sweep_20260906T171453Z_account-08_v2\t10\r,6409b0a315c1a84d930991e4341a2fa983905bdbf91b4432a27af7b3c4689543,D:\Codex_分拆Prompt嚴格無到院\outputs\v2\.p104k10\cloud_validation_index_20260906T211456Z\task_medicine__S5__missingness_full_complete_case_validation.json,546d53d9e7f954388c01f5623ba5ae2199a8b27aba2bc7e3e84ae396f2153195
medicine__S5__missingness_core_vitals_complete_case,medicine,S5,missingness,core_vitals_complete_case,core_vitals_complete_case / core_vitals_complete_case,core_vitals_complete_case,oof_2020_2023,RAW_LOCKED_BASE_PREDICTIONS,raw,VALIDATED_COMPUTED,Locked inputs; missingness strategy=core_vitals_complete_case,d5d5e2d8a0734a0ce9af97a6606994868307c154f09eee30ee788ada6108d568,764,"0.799271 [0.770688, 0.825887]","0.0855316 [0.0711841, 0.109372]",14109,279,0.7992709734435297,0.7706883732062063,0.8258871915975688,0.08553162199792762,0.07118411620081191,0.10937243518767763,0.018747679577599728,0.018215861747541008,0.019315339410501012,0.0,0.0,0.5,0.5,0.5,0.0,1.0,,0.9802253880501808,0,0,13830,279,ESTIMATED,ESTIMATED,ESTIMATED,1f3de179c4a3be475464dea5d33452e3d7578b2deac363fa8fa12e1928d077d9,"Descriptive arm estimate. CI is an individual-arm CI, not a paired-difference CI; no significance claim for a delta. Raw layer; operating point is the recorded P104 comparator rule, not a final clinical threshold.",D:\Codex_分拆Prompt嚴格無到院\outputs\v2\.p104rv\sweep_20260906T171453Z_account-07_v2\t10\r,7a42d959fd140c14ad9b79bff3a24e41ce729c3f3e6fc9dbfd4ea892f6ae28ee,D:\Codex_分拆Prompt嚴格無到院\outputs\v2\.p104k10\cloud_validation_index_20260906T211456Z\task_medicine__S5__missingness_core_vitals_complete_case_validation.json,06bc9e9625cae4905a2efd00e808ea4c9d0a89d7f050ad7eb47e4e90046ed975
medicine__S5__missingness_core_vitals_complete_case,medicine,S5,missingness,core_vitals_complete_case,core_vitals_complete_case / core_vitals_complete_case,core_vitals_complete_case,validation_2024,RAW_LOCKED_BASE_PREDICTIONS,raw,VALIDATED_COMPUTED,Locked inputs; missingness strategy=core_vitals_complete_case,d5d5e2d8a0734a0ce9af97a6606994868307c154f09eee30ee788ada6108d568,764,"0.796015 [0.741364, 0.84455]","0.0577726 [0.0437832, 0.0870949]",3961,62,0.796014693593891,0.7413641903949753,0.8445499090845342,0.05777257712883121,0.04378315746143684,0.08709490957467579,0.015257391729774432,0.014821525189934397,0.015680782174010383,0.0,0.0,0.5,0.5,0.5,0.0,1.0,,0.9843473870234789,0,0,3899,62,ESTIMATED,ESTIMATED,ESTIMATED,3ab10c1fc38b0c46859863474c1999cb1a13daeb66b5996ab9199d9ec01f9c1e,"Descriptive arm estimate. CI is an individual-arm CI, not a paired-difference CI; no significance claim for a delta. Raw layer; operating point is the recorded P104 comparator rule, not a final clinical threshold.",D:\Codex_分拆Prompt嚴格無到院\outputs\v2\.p104rv\sweep_20260906T171453Z_account-07_v2\t10\r,7a42d959fd140c14ad9b79bff3a24e41ce729c3f3e6fc9dbfd4ea892f6ae28ee,D:\Codex_分拆Prompt嚴格無到院\outputs\v2\.p104k10\cloud_validation_index_20260906T211456Z\task_medicine__S5__missingness_core_vitals_complete_case_validation.json,06bc9e9625cae4905a2efd00e808ea4c9d0a89d7f050ad7eb47e4e90046ed975
medicine__S5__missingness_knn_k5_continuous_ordinal_block,medicine,S5,missingness,knn_k5_continuous_ordinal_block,knn_k5_continuous_ordinal_block / knn_k5_continuous_ordinal_block,knn_k5_continuous_ordinal_block,oof_2020_2023,RAW_LOCKED_BASE_PREDICTIONS,raw,VALIDATED_COMPUTED,Locked inputs; missingness strategy=knn_k5_continuous_ordinal_block,d5d5e2d8a0734a0ce9af97a6606994868307c154f09eee30ee788ada6108d568,764,"0.801952 [0.777527, 0.823757]","0.104731 [0.0864943, 0.135725]",15995,351,0.8019524156062127,0.77752700234412,0.823756694931678,0.10473070814216026,0.08649426280047393,0.13572527941415674,0.020561712462096312,0.01990879375926191,0.021268876326145734,0.0,0.0,0.5,0.5,0.5,0.0,1.0,,0.9780556423882464,0,0,15644,351,ESTIMATED,ESTIMATED,ESTIMATED,10abade4f9eec1c78184d89a0be1e2394ec1bb72fff8daba846466c260d8c809,"Descriptive arm estimate. CI is an individual-arm CI, not a paired-difference CI; no significance claim for a delta. Raw layer; operating point is the recorded P104 comparator rule, not a final clinical threshold.",D:\Codex_分拆Prompt嚴格無到院\outputs\v2\.p104rv\sweep_20260906T171453Z_account-09_v2\t10\r,1ed84cf05cea3e36ffb4264b9caf9238fda0c52871ece19b551789e5c99ffa48,D:\Codex_分拆Prompt嚴格無到院\outputs\v2\.p104k10\cloud_validation_index_20260906T211456Z\task_medicine__S5__missingness_knn_k5_continuous_ordinal_block_validation.json,d388761b9a84295f7bffb9f08dc7d6f4a103f5df9fde4547b4127d532f512caf
medicine__S5__missingness_knn_k5_continuous_ordinal_block,medicine,S5,missingness,knn_k5_continuous_ordinal_block,knn_k5_continuous_ordinal_block / knn_k5_continuous_ordinal_block,knn_k5_continuous_ordinal_block,validation_2024,RAW_LOCKED_BASE_PREDICTIONS,raw,VALIDATED_COMPUTED,Locked inputs; missingness strategy=knn_k5_continuous_ordinal_block,d5d5e2d8a0734a0ce9af97a6606994868307c154f09eee30ee788ada6108d568,764,"0.793129 [0.74598, 0.836996]","0.0715581 [0.0530005, 0.113988]",4770,90,0.7931291547958216,0.7459803716447628,0.8369958623080876,0.07155810370606479,0.05300048041211011,0.11398778971231865,0.01810544717567823,0.017555465797757193,0.01871344479736354,0.0,0.0,0.5,0.5,0.5,0.0,1.0,,0.9811320754716981,0,0,4680,90,ESTIMATED,ESTIMATED,ESTIMATED,f9e75726c5e1b8df1a827a087784cb536b154bd808562b8e2bd2c8e099431005,"Descriptive arm estimate. CI is an individual-arm CI, not a paired-difference CI; no significance claim for a delta. Raw layer; operating point is the recorded P104 comparator rule, not a final clinical threshold.",D:\Codex_分拆Prompt嚴格無到院\outputs\v2\.p104rv\sweep_20260906T171453Z_account-09_v2\t10\r,1ed84cf05cea3e36ffb4264b9caf9238fda0c52871ece19b551789e5c99ffa48,D:\Codex_分拆Prompt嚴格無到院\outputs\v2\.p104k10\cloud_validation_index_20260906T211456Z\task_medicine__S5__missingness_knn_k5_continuous_ordinal_block_validation.json,d388761b9a84295f7bffb9f08dc7d6f4a103f5df9fde4547b4127d532f512caf
medicine__S5__missingness_bayesian_iterative_m10,medicine,S5,missingness,bayesian_iterative_m10,bayesian_iterative_m10 / bayesian_iterative_m10,bayesian_iterative_m10,oof_2020_2023,RAW_LOCKED_BASE_PREDICTIONS,raw,VALIDATED_COMPUTED,Locked inputs; missingness strategy=bayesian_iterative_m10,d5d5e2d8a0734a0ce9af97a6606994868307c154f09eee30ee788ada6108d568,764,"0.801432 [0.777074, 0.825127]","0.106157 [0.0863388, 0.134801]",15995,351,0.8014317495907882,0.7770741695562221,0.8251267077847666,0.10615690479219542,0.08633881163308234,0.13480135699458196,0.020559065527849415,0.019943283778156518,0.021251853878604742,0.0,0.0,0.5,0.5,0.5,0.0,1.0,,0.9780556423882464,0,0,15644,351,ESTIMATED,ESTIMATED,ESTIMATED,10abade4f9eec1c78184d89a0be1e2394ec1bb72fff8daba846466c260d8c809,"Descriptive arm estimate. CI is an individual-arm CI, not a paired-difference CI; no significance claim for a delta. Raw layer; operating point is the recorded P104 comparator rule, not a final clinical threshold.",D:\Codex_分拆Prompt嚴格無到院\outputs\v2\.p104rv\sweep_20260906T151250Z_account-06_v2\t10\r,5b469c6af65390535c77050b16c2b5d2cd50370d3515702a8508292c292f4835,D:\Codex_分拆Prompt嚴格無到院\outputs\v2\.p104k10\cloud_validation_index_20260906T211456Z\task_medicine__S5__missingness_bayesian_iterative_m10_validation.json,f8a91c8a540a35d92306731bb1a7075419c398e3550577ab35240e226501531a
medicine__S5__missingness_bayesian_iterative_m10,medicine,S5,missingness,bayesian_iterative_m10,bayesian_iterative_m10 / bayesian_iterative_m10,bayesian_iterative_m10,validation_2024,RAW_LOCKED_BASE_PREDICTIONS,raw,VALIDATED_COMPUTED,Locked inputs; missingness strategy=bayesian_iterative_m10,d5d5e2d8a0734a0ce9af97a6606994868307c154f09eee30ee788ada6108d568,764,"0.78726 [0.738099, 0.831818]","0.074783 [0.0538838, 0.121845]",4770,90,0.7872602089268756,0.7380991428759107,0.8318183813599755,0.07478300189382632,0.053883752597059326,0.1218454058374931,0.01807895868181294,0.017499217970880984,0.018660576952819353,0.0,0.0,0.5,0.5,0.5,0.0,1.0,,0.9811320754716981,0,0,4680,90,ESTIMATED,ESTIMATED,ESTIMATED,f9e75726c5e1b8df1a827a087784cb536b154bd808562b8e2bd2c8e099431005,"Descriptive arm estimate. CI is an individual-arm CI, not a paired-difference CI; no significance claim for a delta. Raw layer; operating point is the recorded P104 comparator rule, not a final clinical threshold.",D:\Codex_分拆Prompt嚴格無到院\outputs\v2\.p104rv\sweep_20260906T151250Z_account-06_v2\t10\r,5b469c6af65390535c77050b16c2b5d2cd50370d3515702a8508292c292f4835,D:\Codex_分拆Prompt嚴格無到院\outputs\v2\.p104k10\cloud_validation_index_20260906T211456Z\task_medicine__S5__missingness_bayesian_iterative_m10_validation.json,f8a91c8a540a35d92306731bb1a7075419c398e3550577ab35240e226501531a
medicine__S6__missingness_median_indicator,medicine,S6,missingness,median_indicator,median_indicator / median_indicator,median_indicator,oof_2020_2023,RAW_LOCKED_BASE_PREDICTIONS,raw,VALIDATED_COMPUTED,Locked inputs; missingness strategy=median_indicator,d5d5e2d8a0734a0ce9af97a6606994868307c154f09eee30ee788ada6108d568,764,"0.77787 [0.762053, 0.793723]","0.212544 [0.189028, 0.23931]",15995,1018,0.7778700097188972,0.7620530474076089,0.7937229454870697,0.21254426414741734,0.18902809302963425,0.23930966495907344,0.12444648779535504,0.1221439379092323,0.12673396515144775,0.27317339149400216,-0.10303219756173804,0.5,0.5,0.5,0.49214145383104124,0.8565133204246511,0.1890566037735849,0.9612588984638442,501,2149,12828,517,ESTIMATED,ESTIMATED,ESTIMATED,9bed4583cc77ad824a528e41f5282a2300a376e06778a158c14dcce8acb56118,"Descriptive arm estimate. CI is an individual-arm CI, not a paired-difference CI; no significance claim for a delta. Raw layer; operating point is the recorded P104 comparator rule, not a final clinical threshold.",D:\Codex_分拆Prompt嚴格無到院\outputs\v2\.p104rv\sweep_20260906T161352Z_account-04_v3\t12\r,d8d6a136517d6de6a6ceaa476de0e1d413051fedda0835afd59be14e11c4d401,D:\Codex_分拆Prompt嚴格無到院\outputs\v2\.p104k10\cloud_validation_index_20260906T211456Z\task_medicine__S6__missingness_median_indicator_validation.json,5394cc46983415f9e694c038f1818533a217505e4a3a3dc6eeda3f64909328c7
medicine__S6__missingness_median_indicator,medicine,S6,missingness,median_indicator,median_indicator / median_indicator,median_indicator,validation_2024,RAW_LOCKED_BASE_PREDICTIONS,raw,VALIDATED_COMPUTED,Locked inputs; missingness strategy=median_indicator,d5d5e2d8a0734a0ce9af97a6606994868307c154f09eee30ee788ada6108d568,764,"0.763444 [0.739093, 0.787444]","0.172702 [0.146204, 0.211833]",4770,288,0.7634442089345034,0.7390926040457793,0.7874442258340658,0.17270180358558052,0.146203920501505,0.21183267177899567,0.13189267903150398,0.128173731294612,0.1359077381504271,0.23869801084990958,-0.11614255765199162,0.5,0.5,0.5,0.4583333333333333,0.8469433288710397,0.16136919315403422,0.9605263157894737,132,686,3796,156,ESTIMATED,ESTIMATED,ESTIMATED,efada2806e5f43ebbea0c1ae9edabfc01363a61a190de98a6843f8f4212121c1,"Descriptive arm estimate. CI is an individual-arm CI, not a paired-difference CI; no significance claim for a delta. Raw layer; operating point is the recorded P104 comparator rule, not a final clinical threshold.",D:\Codex_分拆Prompt嚴格無到院\outputs\v2\.p104rv\sweep_20260906T161352Z_account-04_v3\t12\r,d8d6a136517d6de6a6ceaa476de0e1d413051fedda0835afd59be14e11c4d401,D:\Codex_分拆Prompt嚴格無到院\outputs\v2\.p104k10\cloud_validation_index_20260906T211456Z\task_medicine__S6__missingness_median_indicator_validation.json,5394cc46983415f9e694c038f1818533a217505e4a3a3dc6eeda3f64909328c7
medicine__S6__missingness_mean_indicator,medicine,S6,missingness,mean_indicator,mean_indicator / mean_indicator,mean_indicator,oof_2020_2023,RAW_LOCKED_BASE_PREDICTIONS,raw,VALIDATED_COMPUTED,Locked inputs; missingness strategy=mean_indicator,d5d5e2d8a0734a0ce9af97a6606994868307c154f09eee30ee788ada6108d568,764,"0.778548 [0.763639, 0.792862]","0.212807 [0.190716, 0.241005]",15995,1018,0.7785477352110171,0.7636388581333822,0.7928616642092355,0.2128074014147649,0.19071561648403343,0.24100472667748538,0.12416334393065365,0.12180518660394435,0.12655785141321074,0.2743169398907104,-0.10240700218818381,0.5,0.5,0.5,0.4931237721021611,0.8571142418374842,0.19000757002271007,0.9613569984273197,502,2140,12837,516,ESTIMATED,ESTIMATED,ESTIMATED,9bed4583cc77ad824a528e41f5282a2300a376e06778a158c14dcce8acb56118,"Descriptive arm estimate. CI is an individual-arm CI, not a paired-difference CI; no significance claim for a delta. Raw layer; operating point is the recorded P104 comparator rule, not a final clinical threshold.",D:\Codex_分拆Prompt嚴格無到院\outputs\v2\.p104rv\sweep_20260906T171453Z_account-03_v2\t12\r,143ba26c24458ca987743300cbd7ccbf8457d3fba2e3de0db6b81c6cc244bb5c,D:\Codex_分拆Prompt嚴格無到院\outputs\v2\.p104k10\cloud_validation_index_20260906T211456Z\task_medicine__S6__missingness_mean_indicator_validation.json,d22467e712734aea5c88e35bfa27e3d3224f00fe4997f0d41456760d51b86734
medicine__S6__missingness_mean_indicator,medicine,S6,missingness,mean_indicator,mean_indicator / mean_indicator,mean_indicator,validation_2024,RAW_LOCKED_BASE_PREDICTIONS,raw,VALIDATED_COMPUTED,Locked inputs; missingness strategy=mean_indicator,d5d5e2d8a0734a0ce9af97a6606994868307c154f09eee30ee788ada6108d568,764,"0.762184 [0.735065, 0.788064]","0.17342 [0.14734, 0.213535]",4770,288,0.7621837659279092,0.7350646322268387,0.7880642798416343,0.1734201532730126,0.14734045756772063,0.21353479440126405,0.13137428763462267,0.12753654993963764,0.1353906608381043,0.2364620938628159,-0.1169811320754717,0.5,0.5,0.5,0.4548611111111111,0.8462739848282017,0.1597560975609756,0.9602531645569621,131,689,3793,157,ESTIMATED,ESTIMATED,ESTIMATED,efada2806e5f43ebbea0c1ae9edabfc01363a61a190de98a6843f8f4212121c1,"Descriptive arm estimate. CI is an individual-arm CI, not a paired-difference CI; no significance claim for a delta. Raw layer; operating point is the recorded P104 comparator rule, not a final clinical threshold.",D:\Codex_分拆Prompt嚴格無到院\outputs\v2\.p104rv\sweep_20260906T171453Z_account-03_v2\t12\r,143ba26c24458ca987743300cbd7ccbf8457d3fba2e3de0db6b81c6cc244bb5c,D:\Codex_分拆Prompt嚴格無到院\outputs\v2\.p104k10\cloud_validation_index_20260906T211456Z\task_medicine__S6__missingness_mean_indicator_validation.json,d22467e712734aea5c88e35bfa27e3d3224f00fe4997f0d41456760d51b86734
medicine__S6__missingness_tree_native,medicine,S6,missingness,tree_native,tree_native / tree_native,tree_native,oof_2020_2023,RAW_LOCKED_BASE_PREDICTIONS,raw,VALIDATED_COMPUTED,Locked inputs; missingness strategy=tree_native,d5d5e2d8a0734a0ce9af97a6606994868307c154f09eee30ee788ada6108d568,764,"0.780548 [0.764545, 0.794739]","0.211267 [0.189011, 0.238509]",15995,1018,0.7805475927528956,0.7645452462955229,0.7947385545452158,0.21126711800414272,0.18901139034051984,0.23850859218807585,0.12392848472334321,0.12166548706134842,0.12640592580523205,0.2745419742958709,-0.10221944357611754,0.5,0.5,0.5,0.4931237721021611,0.8573145489750952,0.19022356953391437,0.9613656783468104,502,2137,12840,516,ESTIMATED,ESTIMATED,ESTIMATED,9bed4583cc77ad824a528e41f5282a2300a376e06778a158c14dcce8acb56118,"Descriptive arm estimate. CI is an individual-arm CI, not a paired-difference CI; no significance claim for a delta. Raw layer; operating point is the recorded P104 comparator rule, not a final clinical threshold.",D:\Codex_分拆Prompt嚴格無到院\outputs\v2\.p104rv\sweep_20260906T151250Z_account-06_v2\t12\r,01ca8e046f5032b064af58d9b47542a56df1b898bf15546b60830c03aca094a0,D:\Codex_分拆Prompt嚴格無到院\outputs\v2\.p104k10\cloud_validation_index_20260906T211456Z\task_medicine__S6__missingness_tree_native_validation.json,035c4360c4088e6f669783e0e8cc8862f58c71e691bda6b11de9a38e58371951
medicine__S6__missingness_tree_native,medicine,S6,missingness,tree_native,tree_native / tree_native,tree_native,validation_2024,RAW_LOCKED_BASE_PREDICTIONS,raw,VALIDATED_COMPUTED,Locked inputs; missingness strategy=tree_native,d5d5e2d8a0734a0ce9af97a6606994868307c154f09eee30ee788ada6108d568,764,"0.764134 [0.738606, 0.789445]","0.17363 [0.146103, 0.212465]",4770,288,0.7641344699786802,0.7386060277992715,0.7894453288521059,0.1736297414956106,0.1461031397925409,0.2124654694963703,0.13095562114862583,0.1271920598502116,0.13485852263371703,0.24635036496350365,-0.11278825995807128,0.5,0.5,0.5,0.46875,0.8498438197233378,0.1670792079207921,0.9613831398283695,135,673,3809,153,ESTIMATED,ESTIMATED,ESTIMATED,efada2806e5f43ebbea0c1ae9edabfc01363a61a190de98a6843f8f4212121c1,"Descriptive arm estimate. CI is an individual-arm CI, not a paired-difference CI; no significance claim for a delta. Raw layer; operating point is the recorded P104 comparator rule, not a final clinical threshold.",D:\Codex_分拆Prompt嚴格無到院\outputs\v2\.p104rv\sweep_20260906T151250Z_account-06_v2\t12\r,01ca8e046f5032b064af58d9b47542a56df1b898bf15546b60830c03aca094a0,D:\Codex_分拆Prompt嚴格無到院\outputs\v2\.p104k10\cloud_validation_index_20260906T211456Z\task_medicine__S6__missingness_tree_native_validation.json,035c4360c4088e6f669783e0e8cc8862f58c71e691bda6b11de9a38e58371951
medicine__S6__missingness_median_no_indicator,medicine,S6,missingness,median_no_indicator,median_no_indicator / median_no_indicator,median_no_indicator,oof_2020_2023,RAW_LOCKED_BASE_PREDICTIONS,raw,VALIDATED_COMPUTED,Remove specified baseline missingness indicators; retain undefined-score safeguards,0be3019014561edcf1c1cb3d305a4c74d405f0e1a6a4b35b5b24545e22ab35a6,512,"0.777703 [0.763206, 0.792918]","0.211453 [0.189522, 0.238523]",15995,1018,0.7777028903388601,0.7632055839141422,0.7929183384120801,0.2114526751653328,0.18952242731516064,0.23852329525373198,0.12462982909785744,0.12220152520113023,0.12701884721418036,0.27663653793481235,-0.10146920912785246,0.5,0.5,0.5,0.4960707269155206,0.8579154703879281,0.19179642992783896,0.9616075437808711,505,2128,12849,513,ESTIMATED,ESTIMATED,ESTIMATED,9bed4583cc77ad824a528e41f5282a2300a376e06778a158c14dcce8acb56118,"Descriptive arm estimate. CI is an individual-arm CI, not a paired-difference CI; no significance claim for a delta. Raw layer; operating point is the recorded P104 comparator rule, not a final clinical threshold. Specified MISS/indicator inputs removed; UNDEFINED_SCORE safeguards remain, so missingness information is not completely absent.",D:\Codex_分拆Prompt嚴格無到院\outputs\v2\.p104rv\sweep_20260906T151250Z_account-05_v2\t12\r,e878b141747af12609f87f4e9663dfc9194bad0313e5a6e283df37ba38388a9b,D:\Codex_分拆Prompt嚴格無到院\outputs\v2\.p104k10\cloud_validation_index_20260906T211456Z\task_medicine__S6__missingness_median_no_indicator_validation.json,484ffbb6e1ac98138155c10e629e6faec649c40a98482837497097d6608a59af
medicine__S6__missingness_median_no_indicator,medicine,S6,missingness,median_no_indicator,median_no_indicator / median_no_indicator,median_no_indicator,validation_2024,RAW_LOCKED_BASE_PREDICTIONS,raw,VALIDATED_COMPUTED,Remove specified baseline missingness indicators; retain undefined-score safeguards,0be3019014561edcf1c1cb3d305a4c74d405f0e1a6a4b35b5b24545e22ab35a6,512,"0.763011 [0.736161, 0.789705]","0.172212 [0.146112, 0.212938]",4770,288,0.7630111495364174,0.7361610927985935,0.7897047426977096,0.1722124566995414,0.146112354602373,0.21293829476267292,0.1314309203843178,0.127751230224489,0.13541298483162034,0.24292237442922374,-0.11341719077568134,0.5,0.5,0.5,0.4618055555555556,0.8496207050423918,0.16480793060718713,0.9608882159979814,133,674,3808,155,ESTIMATED,ESTIMATED,ESTIMATED,efada2806e5f43ebbea0c1ae9edabfc01363a61a190de98a6843f8f4212121c1,"Descriptive arm estimate. CI is an individual-arm CI, not a paired-difference CI; no significance claim for a delta. Raw layer; operating point is the recorded P104 comparator rule, not a final clinical threshold. Specified MISS/indicator inputs removed; UNDEFINED_SCORE safeguards remain, so missingness information is not completely absent.",D:\Codex_分拆Prompt嚴格無到院\outputs\v2\.p104rv\sweep_20260906T151250Z_account-05_v2\t12\r,e878b141747af12609f87f4e9663dfc9194bad0313e5a6e283df37ba38388a9b,D:\Codex_分拆Prompt嚴格無到院\outputs\v2\.p104k10\cloud_validation_index_20260906T211456Z\task_medicine__S6__missingness_median_no_indicator_validation.json,484ffbb6e1ac98138155c10e629e6faec649c40a98482837497097d6608a59af
medicine__S6__missingness_full_complete_case,medicine,S6,missingness,full_complete_case,full_complete_case / full_complete_case,full_complete_case,oof_2020_2023,RAW_LOCKED_BASE_PREDICTIONS,raw,VALIDATED_COMPUTED,Locked inputs; missingness strategy=full_complete_case,d5d5e2d8a0734a0ce9af97a6606994868307c154f09eee30ee788ada6108d568,764,"0.307971 [0.0723732, 0.608696]","0.243325 [0.0797743, 0.561871]",52,6,0.3079710144927536,0.07237318840579711,0.6086956521739131,0.24332490221398975,0.07977433177572103,0.5618713745431103,0.15896727484559672,0.13379413054020828,0.18263628084266684,0.2222222222222222,-0.019230769230769232,0.5,0.5,0.5,0.16666666666666666,0.9565217391304348,0.3333333333333333,0.8979591836734694,1,2,44,5,ESTIMATED,ESTIMATED,ESTIMATED,4d1a757737ba1cb6c7eef60fd6842615ea4ee2460bdd3c561b594a0cba8a6697,"Descriptive arm estimate. CI is an individual-arm CI, not a paired-difference CI; no significance claim for a delta. Raw layer; operating point is the recorded P104 comparator rule, not a final clinical threshold.",D:\Codex_分拆Prompt嚴格無到院\outputs\v2\.p104rv\sweep_20260906T211456Z_account-01_v2\t12\r,3ffeea727402893cb069f7daaf8d8a690bf47da8c6671b89d508ec0cc7fa60ea,D:\Codex_分拆Prompt嚴格無到院\outputs\v2\.p104k10\cloud_validation_index_20260906T211456Z\task_medicine__S6__missingness_full_complete_case_validation.json,e9fbf9d97977e76f596ab33d7ffdac3503f08b7ef016432996dd0c780efc3b2e
medicine__S6__missingness_full_complete_case,medicine,S6,missingness,full_complete_case,full_complete_case / full_complete_case,full_complete_case,validation_2024,RAW_LOCKED_BASE_PREDICTIONS,raw,VALIDATED_COMPUTED,Locked inputs; missingness strategy=full_complete_case,d5d5e2d8a0734a0ce9af97a6606994868307c154f09eee30ee788ada6108d568,764,,,,,,,,,,,,,,,,,,,,,,,,,,,NOT_ESTIMABLE_OR_NOT_REPORTED,NOT_ESTIMABLE_OR_NOT_REPORTED,NOT_ESTIMABLE_OR_NOT_REPORTED,99aa86076fe65651c8762fde73a122b30519c3057a5836f623ebc4bc010c928f,"Descriptive arm estimate. CI is an individual-arm CI, not a paired-difference CI; no significance claim for a delta. Raw layer; operating point is the recorded P104 comparator rule, not a final clinical threshold.",D:\Codex_分拆Prompt嚴格無到院\outputs\v2\.p104rv\sweep_20260906T211456Z_account-01_v2\t12\r,3ffeea727402893cb069f7daaf8d8a690bf47da8c6671b89d508ec0cc7fa60ea,D:\Codex_分拆Prompt嚴格無到院\outputs\v2\.p104k10\cloud_validation_index_20260906T211456Z\task_medicine__S6__missingness_full_complete_case_validation.json,e9fbf9d97977e76f596ab33d7ffdac3503f08b7ef016432996dd0c780efc3b2e
medicine__S6__missingness_core_vitals_complete_case,medicine,S6,missingness,core_vitals_complete_case,core_vitals_complete_case / core_vitals_complete_case,core_vitals_complete_case,oof_2020_2023,RAW_LOCKED_BASE_PREDICTIONS,raw,VALIDATED_COMPUTED,Locked inputs; missingness strategy=core_vitals_complete_case,d5d5e2d8a0734a0ce9af97a6606994868307c154f09eee30ee788ada6108d568,764,"0.777111 [0.761511, 0.792535]","0.202305 [0.182166, 0.229332]",14109,851,0.7771114493716763,0.7615113766763014,0.7925349792948528,0.20230526318696784,0.18216614135478626,0.22933247453051978,0.11691631426465902,0.11457892521033138,0.11924655761047462,0.2642832106554504,-0.08845417818413778,0.5,0.5,0.5,0.44300822561692127,0.8774324935887766,0.18831168831168832,0.9608490955645494,377,1625,11633,474,ESTIMATED,ESTIMATED,ESTIMATED,d2fd18335961e2818179e5809d28891764ad3db07a57ff4cb4e4e1b5bb5195f4,"Descriptive arm estimate. CI is an individual-arm CI, not a paired-difference CI; no significance claim for a delta. Raw layer; operating point is the recorded P104 comparator rule, not a final clinical threshold.",D:\Codex_分拆Prompt嚴格無到院\outputs\v2\.p104rv\sweep_20260906T151250Z_account-10_v2\t11\r,dd00e6e5fe11ff15806979822f16e929ccd43692e6412a886cb05bc2d0f91224,D:\Codex_分拆Prompt嚴格無到院\outputs\v2\.p104k10\cloud_validation_index_20260906T211456Z\task_medicine__S6__missingness_core_vitals_complete_case_validation.json,787c4b9ef9d94ba6eb47ae3db36c78a68dfddd41dd632b87203da2d406535275
medicine__S6__missingness_core_vitals_complete_case,medicine,S6,missingness,core_vitals_complete_case,core_vitals_complete_case / core_vitals_complete_case,core_vitals_complete_case,validation_2024,RAW_LOCKED_BASE_PREDICTIONS,raw,VALIDATED_COMPUTED,Locked inputs; missingness strategy=core_vitals_complete_case,d5d5e2d8a0734a0ce9af97a6606994868307c154f09eee30ee788ada6108d568,764,"0.765694 [0.73548, 0.792504]","0.158145 [0.130956, 0.20028]",3961,221,0.7656943402618143,0.7354797555082854,0.7925036855850801,0.15814453473368548,0.13095574769361717,0.20028001907658927,0.12038364929845956,0.11647358124901701,0.12452798961080426,0.23529411764705882,-0.09845998485231003,0.5,0.5,0.5,0.4253393665158371,0.8705882352941177,0.16262975778546712,0.9624593556015371,94,484,3256,127,ESTIMATED,ESTIMATED,ESTIMATED,053de19da79046122f14fc54a511aa36768e2e7b5af44044eaa1b26164e1370c,"Descriptive arm estimate. CI is an individual-arm CI, not a paired-difference CI; no significance claim for a delta. Raw layer; operating point is the recorded P104 comparator rule, not a final clinical threshold.",D:\Codex_分拆Prompt嚴格無到院\outputs\v2\.p104rv\sweep_20260906T151250Z_account-10_v2\t11\r,dd00e6e5fe11ff15806979822f16e929ccd43692e6412a886cb05bc2d0f91224,D:\Codex_分拆Prompt嚴格無到院\outputs\v2\.p104k10\cloud_validation_index_20260906T211456Z\task_medicine__S6__missingness_core_vitals_complete_case_validation.json,787c4b9ef9d94ba6eb47ae3db36c78a68dfddd41dd632b87203da2d406535275
medicine__S6__missingness_knn_k5_continuous_ordinal_block,medicine,S6,missingness,knn_k5_continuous_ordinal_block,knn_k5_continuous_ordinal_block / knn_k5_continuous_ordinal_block,knn_k5_continuous_ordinal_block,oof_2020_2023,RAW_LOCKED_BASE_PREDICTIONS,raw,VALIDATED_COMPUTED,Locked inputs; missingness strategy=knn_k5_continuous_ordinal_block,d5d5e2d8a0734a0ce9af97a6606994868307c154f09eee30ee788ada6108d568,764,"0.777904 [0.76273, 0.792027]","0.211471 [0.188761, 0.238931]",15995,1018,0.7779041813032767,0.762730200457091,0.7920265208711855,0.211471120018197,0.1887614286735539,0.23893114155400794,0.12345813642724981,0.1212779103648122,0.12579005376971605,0.27936684254373784,-0.09859331040950296,0.5,0.5,0.5,0.49410609037328096,0.8611203845897042,0.19473480449090205,0.9616015508499851,503,2080,12897,515,ESTIMATED,ESTIMATED,ESTIMATED,9bed4583cc77ad824a528e41f5282a2300a376e06778a158c14dcce8acb56118,"Descriptive arm estimate. CI is an individual-arm CI, not a paired-difference CI; no significance claim for a delta. Raw layer; operating point is the recorded P104 comparator rule, not a final clinical threshold.",D:\Codex_分拆Prompt嚴格無到院\outputs\v2\.p104rv\sweep_20260906T191424Z_account-02_v2\t12\r,60cafdf0265b2bbf10544c24246fc2efb01ef67bb42674a28d2a2da827910fc5,D:\Codex_分拆Prompt嚴格無到院\outputs\v2\.p104k10\cloud_validation_index_20260906T211456Z\task_medicine__S6__missingness_knn_k5_continuous_ordinal_block_validation.json,5592017deaec6d4fb0ffe8f549aca21e74219ee0f92400e8db4a0fd77f5d2ecf
medicine__S6__missingness_knn_k5_continuous_ordinal_block,medicine,S6,missingness,knn_k5_continuous_ordinal_block,knn_k5_continuous_ordinal_block / knn_k5_continuous_ordinal_block,knn_k5_continuous_ordinal_block,validation_2024,RAW_LOCKED_BASE_PREDICTIONS,raw,VALIDATED_COMPUTED,Locked inputs; missingness strategy=knn_k5_continuous_ordinal_block,d5d5e2d8a0734a0ce9af97a6606994868307c154f09eee30ee788ada6108d568,764,"0.765444 [0.738154, 0.78921]","0.182108 [0.15239, 0.218632]",4770,288,0.7654444940254845,0.7381543207304162,0.7892103792995269,0.1821076861991424,0.1523898068784118,0.21863168915758385,0.13014732158678502,0.1263583354275037,0.13408758094398376,0.2559852670349908,-0.1090146750524109,0.5,0.5,0.5,0.4826388888888889,0.8529674252565819,0.17418546365914786,0.9624874118831823,139,659,3823,149,ESTIMATED,ESTIMATED,ESTIMATED,efada2806e5f43ebbea0c1ae9edabfc01363a61a190de98a6843f8f4212121c1,"Descriptive arm estimate. CI is an individual-arm CI, not a paired-difference CI; no significance claim for a delta. Raw layer; operating point is the recorded P104 comparator rule, not a final clinical threshold.",D:\Codex_分拆Prompt嚴格無到院\outputs\v2\.p104rv\sweep_20260906T191424Z_account-02_v2\t12\r,60cafdf0265b2bbf10544c24246fc2efb01ef67bb42674a28d2a2da827910fc5,D:\Codex_分拆Prompt嚴格無到院\outputs\v2\.p104k10\cloud_validation_index_20260906T211456Z\task_medicine__S6__missingness_knn_k5_continuous_ordinal_block_validation.json,5592017deaec6d4fb0ffe8f549aca21e74219ee0f92400e8db4a0fd77f5d2ecf
medicine__S6__missingness_bayesian_iterative_m10,medicine,S6,missingness,bayesian_iterative_m10,bayesian_iterative_m10 / bayesian_iterative_m10,bayesian_iterative_m10,oof_2020_2023,RAW_LOCKED_BASE_PREDICTIONS,raw,VALIDATED_COMPUTED,Locked inputs; missingness strategy=bayesian_iterative_m10,d5d5e2d8a0734a0ce9af97a6606994868307c154f09eee30ee788ada6108d568,764,"0.777599 [0.761231, 0.792594]","0.212581 [0.19004, 0.239905]",15995,1018,0.7775986046974713,0.7612305796713276,0.7925939028391811,0.21258120114279672,0.19004044048433008,0.23990462838511045,0.12473959074643459,0.12227397497386445,0.12706677964955018,0.2764227642276423,-0.10328227571115974,0.5,0.5,0.5,0.5009823182711198,0.8556453228283368,0.19086826347305388,0.9618704495984388,510,2162,12815,508,ESTIMATED,ESTIMATED,ESTIMATED,9bed4583cc77ad824a528e41f5282a2300a376e06778a158c14dcce8acb56118,"Descriptive arm estimate. CI is an individual-arm CI, not a paired-difference CI; no significance claim for a delta. Raw layer; operating point is the recorded P104 comparator rule, not a final clinical threshold.",D:\Codex_分拆Prompt嚴格無到院\outputs\v2\.p104rv\sweep_20260906T171453Z_account-09_v2\t11\r,b6cac9aece2fe207fbe1b7adc61b6c82c270fb8f5c4682f4a08fe950b3774300,D:\Codex_分拆Prompt嚴格無到院\outputs\v2\.p104k10\cloud_validation_index_20260906T211456Z\task_medicine__S6__missingness_bayesian_iterative_m10_validation.json,bc3a9b34c8abfa2d6c8ea70feb861b17db5a480f7046c2b5013f50ec75a77296
medicine__S6__missingness_bayesian_iterative_m10,medicine,S6,missingness,bayesian_iterative_m10,bayesian_iterative_m10 / bayesian_iterative_m10,bayesian_iterative_m10,validation_2024,RAW_LOCKED_BASE_PREDICTIONS,raw,VALIDATED_COMPUTED,Locked inputs; missingness strategy=bayesian_iterative_m10,d5d5e2d8a0734a0ce9af97a6606994868307c154f09eee30ee788ada6108d568,764,"0.761483 [0.734307, 0.787314]","0.17223 [0.143893, 0.210797]",4770,288,0.7614834337349398,0.7343068064570928,0.787314132597574,0.1722300551179931,0.1438928333509956,0.2107970394301244,0.13235396877880012,0.12867070425157573,0.136209805027411,0.23434704830053668,-0.1190775681341719,0.5,0.5,0.5,0.4548611111111111,0.8440428380187416,0.1578313253012048,0.9601522842639594,131,699,3783,157,ESTIMATED,ESTIMATED,ESTIMATED,efada2806e5f43ebbea0c1ae9edabfc01363a61a190de98a6843f8f4212121c1,"Descriptive arm estimate. CI is an individual-arm CI, not a paired-difference CI; no significance claim for a delta. Raw layer; operating point is the recorded P104 comparator rule, not a final clinical threshold.",D:\Codex_分拆Prompt嚴格無到院\outputs\v2\.p104rv\sweep_20260906T171453Z_account-09_v2\t11\r,b6cac9aece2fe207fbe1b7adc61b6c82c270fb8f5c4682f4a08fe950b3774300,D:\Codex_分拆Prompt嚴格無到院\outputs\v2\.p104k10\cloud_validation_index_20260906T211456Z\task_medicine__S6__missingness_bayesian_iterative_m10_validation.json,bc3a9b34c8abfa2d6c8ea70feb861b17db5a480f7046c2b5013f50ec75a77296
