id,group,outcome,model,alias_of,trained_population,evaluation_population,split,coverage,target_n,row_set_sha256,metric,value,lower_ci,upper_ci,status,reason,n,events,patient_groups,bootstrap_b,bootstrap_success,bootstrap_minimum_success_required,bootstrap_method,seed,derived_seed,model_point_value
overall_P1_decision_tree,overall,P1,decision_tree,,overall,overall,validation_2024,exact_current_cohort,7289,5d8bf17dc94e374c28166ff042a59f9267d0d774cfcf16dd4b15d5b520f645e6,AUROC,0.7279049661087287,0.6612611774015241,0.7954465712938084,ESTIMATED,,7289,60,6434,2000,2000,1900,outcome_stratified_patient_group_cluster,20260710,3203658517,0.7279049661087287
overall_P1_decision_tree,overall,P1,decision_tree,,overall,overall,validation_2024,exact_current_cohort,7289,5d8bf17dc94e374c28166ff042a59f9267d0d774cfcf16dd4b15d5b520f645e6,AUPRC,0.03953647865860491,0.02430028454583707,0.06463113294618537,ESTIMATED,,7289,60,6434,2000,2000,1900,outcome_stratified_patient_group_cluster,20260710,3203658517,0.03953647865860491
overall_P1_decision_tree,overall,P1,decision_tree,,overall,overall,validation_2024,exact_current_cohort,7289,5d8bf17dc94e374c28166ff042a59f9267d0d774cfcf16dd4b15d5b520f645e6,Brier,0.09874378120434407,0.09296126999322009,0.10480580778179682,ESTIMATED,,7289,60,6434,2000,2000,1900,outcome_stratified_patient_group_cluster,20260710,3203658517,0.09874378120434407
overall_P1_random_forest,overall,P1,random_forest,,overall,overall,validation_2024,exact_current_cohort,7289,5d8bf17dc94e374c28166ff042a59f9267d0d774cfcf16dd4b15d5b520f645e6,AUROC,0.931673352699774,0.9099123322835176,0.9512223123963238,ESTIMATED,,7289,60,6434,2000,2000,1900,outcome_stratified_patient_group_cluster,20260710,4278549733,0.931673352699774
overall_P1_random_forest,overall,P1,random_forest,,overall,overall,validation_2024,exact_current_cohort,7289,5d8bf17dc94e374c28166ff042a59f9267d0d774cfcf16dd4b15d5b520f645e6,AUPRC,0.15759245592260898,0.09987316158479564,0.26598808445438854,ESTIMATED,,7289,60,6434,2000,2000,1900,outcome_stratified_patient_group_cluster,20260710,4278549733,0.15759245592260898
overall_P1_random_forest,overall,P1,random_forest,,overall,overall,validation_2024,exact_current_cohort,7289,5d8bf17dc94e374c28166ff042a59f9267d0d774cfcf16dd4b15d5b520f645e6,Brier,0.010768798837663601,0.009957693309278953,0.011597964049011521,ESTIMATED,,7289,60,6434,2000,2000,1900,outcome_stratified_patient_group_cluster,20260710,4278549733,0.010768798837663601
overall_P1_balanced_random_forest,overall,P1,balanced_random_forest,,overall,overall,validation_2024,exact_current_cohort,7289,5d8bf17dc94e374c28166ff042a59f9267d0d774cfcf16dd4b15d5b520f645e6,AUROC,0.933360999677226,0.9084241619587968,0.9544542759126214,ESTIMATED,,7289,60,6434,2000,2000,1900,outcome_stratified_patient_group_cluster,20260710,1490897882,0.933360999677226
overall_P1_balanced_random_forest,overall,P1,balanced_random_forest,,overall,overall,validation_2024,exact_current_cohort,7289,5d8bf17dc94e374c28166ff042a59f9267d0d774cfcf16dd4b15d5b520f645e6,AUPRC,0.17570458812104678,0.1075003496038285,0.2893395931840655,ESTIMATED,,7289,60,6434,2000,2000,1900,outcome_stratified_patient_group_cluster,20260710,1490897882,0.17570458812104678
overall_P1_balanced_random_forest,overall,P1,balanced_random_forest,,overall,overall,validation_2024,exact_current_cohort,7289,5d8bf17dc94e374c28166ff042a59f9267d0d774cfcf16dd4b15d5b520f645e6,Brier,0.1170646000251943,0.11276549082226564,0.12176886844910198,ESTIMATED,,7289,60,6434,2000,2000,1900,outcome_stratified_patient_group_cluster,20260710,1490897882,0.1170646000251943
overall_P1_svm_rbf,overall,P1,svm_rbf,,overall,overall,validation_2024,exact_current_cohort,7289,5d8bf17dc94e374c28166ff042a59f9267d0d774cfcf16dd4b15d5b520f645e6,AUROC,0.8614100613270622,0.8113650357003135,0.9015971716027825,ESTIMATED,,7289,60,6434,2000,2000,1900,outcome_stratified_patient_group_cluster,20260710,358522937,0.8614100613270622
overall_P1_svm_rbf,overall,P1,svm_rbf,,overall,overall,validation_2024,exact_current_cohort,7289,5d8bf17dc94e374c28166ff042a59f9267d0d774cfcf16dd4b15d5b520f645e6,AUPRC,0.07018574391921922,0.045677206788339475,0.12651055030621966,ESTIMATED,,7289,60,6434,2000,2000,1900,outcome_stratified_patient_group_cluster,20260710,358522937,0.07018574391921922
overall_P1_svm_rbf,overall,P1,svm_rbf,,overall,overall,validation_2024,exact_current_cohort,7289,5d8bf17dc94e374c28166ff042a59f9267d0d774cfcf16dd4b15d5b520f645e6,Brier,0.00799920928355561,0.007810243436546396,0.008172626799898757,ESTIMATED,,7289,60,6434,2000,2000,1900,outcome_stratified_patient_group_cluster,20260710,358522937,0.00799920928355561
overall_P1_logistic_l1,overall,P1,logistic_l1,,overall,overall,validation_2024,exact_current_cohort,7289,5d8bf17dc94e374c28166ff042a59f9267d0d774cfcf16dd4b15d5b520f645e6,AUROC,0.7618066122561904,0.6968561545069872,0.818778488601359,ESTIMATED,,7289,60,6434,2000,2000,1900,outcome_stratified_patient_group_cluster,20260710,7486526,0.7618066122561904
overall_P1_logistic_l1,overall,P1,logistic_l1,,overall,overall,validation_2024,exact_current_cohort,7289,5d8bf17dc94e374c28166ff042a59f9267d0d774cfcf16dd4b15d5b520f645e6,AUPRC,0.07497941936357126,0.03646693211188703,0.1569426856598141,ESTIMATED,,7289,60,6434,2000,2000,1900,outcome_stratified_patient_group_cluster,20260710,7486526,0.07497941936357126
overall_P1_logistic_l1,overall,P1,logistic_l1,,overall,overall,validation_2024,exact_current_cohort,7289,5d8bf17dc94e374c28166ff042a59f9267d0d774cfcf16dd4b15d5b520f645e6,Brier,0.04485049346018437,0.040826379221274155,0.049039808079695,ESTIMATED,,7289,60,6434,2000,2000,1900,outcome_stratified_patient_group_cluster,20260710,7486526,0.04485049346018437
overall_P1_logistic_l2,overall,P1,logistic_l2,,overall,overall,validation_2024,exact_current_cohort,7289,5d8bf17dc94e374c28166ff042a59f9267d0d774cfcf16dd4b15d5b520f645e6,AUROC,0.7732143680545949,0.7109189549914361,0.8279679807676235,ESTIMATED,,7289,60,6434,2000,2000,1900,outcome_stratified_patient_group_cluster,,,0.7732143680545949
overall_P1_logistic_l2,overall,P1,logistic_l2,,overall,overall,validation_2024,exact_current_cohort,7289,5d8bf17dc94e374c28166ff042a59f9267d0d774cfcf16dd4b15d5b520f645e6,AUPRC,0.07386469797937395,0.03828818207600993,0.15300454682162376,ESTIMATED,,7289,60,6434,2000,2000,1900,outcome_stratified_patient_group_cluster,,,0.07386469797937395
overall_P1_logistic_l2,overall,P1,logistic_l2,,overall,overall,validation_2024,exact_current_cohort,7289,5d8bf17dc94e374c28166ff042a59f9267d0d774cfcf16dd4b15d5b520f645e6,Brier,0.04749436606522881,0.04331589791227939,0.0516400050888445,ESTIMATED,,7289,60,6434,2000,2000,1900,outcome_stratified_patient_group_cluster,,,0.04749436606522881
overall_P1_score_NEWS2,overall,P1,score_NEWS2,,overall,overall,validation_2024,score_component_available_subset_of_current_cohort,7289,6ea8110fbed2854cedba7719b2c2ed93b0b705aa8c57916349705deaa0883f80,AUROC,0.7292811839323466,0.6578186631873717,0.7907392458910577,ESTIMATED,,1033,43,943,2000,2000,1900,outcome_stratified_patient_group_cluster,20260710,224752911,0.7292811839323466
overall_P1_score_NEWS2,overall,P1,score_NEWS2,,overall,overall,validation_2024,score_component_available_subset_of_current_cohort,7289,6ea8110fbed2854cedba7719b2c2ed93b0b705aa8c57916349705deaa0883f80,AUPRC,0.10761516790070563,0.06826876170325774,0.17855052696394172,ESTIMATED,,1033,43,943,2000,2000,1900,outcome_stratified_patient_group_cluster,20260710,224752911,0.10761516790070563
overall_P1_score_NEWS2,overall,P1,score_NEWS2,,overall,overall,validation_2024,score_component_available_subset_of_current_cohort,7289,6ea8110fbed2854cedba7719b2c2ed93b0b705aa8c57916349705deaa0883f80,Brier,0.21277931766159697,0.20335434374317893,0.22307269422477496,ESTIMATED,,1033,43,943,2000,2000,1900,outcome_stratified_patient_group_cluster,20260710,224752911,0.21277931766159697
overall_P1_score_rSIG,overall,P1,score_rSIG,,overall,overall,validation_2024,score_component_available_subset_of_current_cohort,7289,f672c49cd45c26b35e7b7ed656c1803f0dd7f856cdb88334c561598b75ea3f53,AUROC,0.8816659743376719,0.8283788052627268,0.923522806351273,ESTIMATED,,7282,60,6431,2000,2000,1900,outcome_stratified_patient_group_cluster,20260710,3698412969,0.8816659743376719
overall_P1_score_rSIG,overall,P1,score_rSIG,,overall,overall,validation_2024,score_component_available_subset_of_current_cohort,7289,f672c49cd45c26b35e7b7ed656c1803f0dd7f856cdb88334c561598b75ea3f53,AUPRC,0.07487532411642683,0.05319240687209854,0.11668922714095926,ESTIMATED,,7282,60,6431,2000,2000,1900,outcome_stratified_patient_group_cluster,20260710,3698412969,0.07487532411642683
overall_P1_score_rSIG,overall,P1,score_rSIG,,overall,overall,validation_2024,score_component_available_subset_of_current_cohort,7289,f672c49cd45c26b35e7b7ed656c1803f0dd7f856cdb88334c561598b75ea3f53,Brier,0.18343021543875596,0.17897608866740208,0.18799526378799716,ESTIMATED,,7282,60,6431,2000,2000,1900,outcome_stratified_patient_group_cluster,20260710,3698412969,0.18343021543875596
overall_P1_score_rSIG_Age,overall,P1,score_rSIG_Age,,overall,overall,validation_2024,score_component_available_subset_of_current_cohort,7289,c7b537636c0a24c52615c2fe949a207fb1189f2956fe395a416ecccd6edeaf15,AUROC,0.9099062269031781,0.8781359375195775,0.9372289373199502,ESTIMATED,,7276,60,6425,2000,2000,1900,outcome_stratified_patient_group_cluster,20260710,2978189442,0.9099062269031781
overall_P1_score_rSIG_Age,overall,P1,score_rSIG_Age,,overall,overall,validation_2024,score_component_available_subset_of_current_cohort,7289,c7b537636c0a24c52615c2fe949a207fb1189f2956fe395a416ecccd6edeaf15,AUPRC,0.085654905365985,0.06101814411158029,0.13274281735654261,ESTIMATED,,7276,60,6425,2000,2000,1900,outcome_stratified_patient_group_cluster,20260710,2978189442,0.085654905365985
overall_P1_score_rSIG_Age,overall,P1,score_rSIG_Age,,overall,overall,validation_2024,score_component_available_subset_of_current_cohort,7289,c7b537636c0a24c52615c2fe949a207fb1189f2956fe395a416ecccd6edeaf15,Brier,0.17106247842262823,0.1652442759361968,0.17664586946502733,ESTIMATED,,7276,60,6425,2000,2000,1900,outcome_stratified_patient_group_cluster,20260710,2978189442,0.17106247842262823
overall_P1_score_SIA_G,overall,P1,score_SIA_G,,overall,overall,validation_2024,score_component_available_subset_of_current_cohort,7289,c7b537636c0a24c52615c2fe949a207fb1189f2956fe395a416ecccd6edeaf15,AUROC,0.9099039172209904,0.8790026148454836,0.9369714115315374,ESTIMATED,,7276,60,6425,2000,2000,1900,outcome_stratified_patient_group_cluster,20260710,43390309,0.9099039172209904
overall_P1_score_SIA_G,overall,P1,score_SIA_G,,overall,overall,validation_2024,score_component_available_subset_of_current_cohort,7289,c7b537636c0a24c52615c2fe949a207fb1189f2956fe395a416ecccd6edeaf15,AUPRC,0.08565112688994159,0.060806260793149325,0.13444960270730055,ESTIMATED,,7276,60,6425,2000,2000,1900,outcome_stratified_patient_group_cluster,20260710,43390309,0.08565112688994159
overall_P1_score_SIA_G,overall,P1,score_SIA_G,,overall,overall,validation_2024,score_component_available_subset_of_current_cohort,7289,c7b537636c0a24c52615c2fe949a207fb1189f2956fe395a416ecccd6edeaf15,Brier,0.14197926506497366,0.1374594975557242,0.1464020319249388,ESTIMATED,,7276,60,6425,2000,2000,1900,outcome_stratified_patient_group_cluster,20260710,43390309,0.14197926506497366
overall_P1_score_SI_G,overall,P1,score_SI_G,,overall,overall,validation_2024,score_component_available_subset_of_current_cohort,7289,f672c49cd45c26b35e7b7ed656c1803f0dd7f856cdb88334c561598b75ea3f53,AUROC,0.881654435521093,0.8347859166104462,0.9234494270554664,ESTIMATED,,7282,60,6431,2000,2000,1900,outcome_stratified_patient_group_cluster,20260710,2262667653,0.881654435521093
overall_P1_score_SI_G,overall,P1,score_SI_G,,overall,overall,validation_2024,score_component_available_subset_of_current_cohort,7289,f672c49cd45c26b35e7b7ed656c1803f0dd7f856cdb88334c561598b75ea3f53,AUPRC,0.07487532411642682,0.05373109319590034,0.117979798307937,ESTIMATED,,7282,60,6431,2000,2000,1900,outcome_stratified_patient_group_cluster,20260710,2262667653,0.07487532411642682
overall_P1_score_SI_G,overall,P1,score_SI_G,,overall,overall,validation_2024,score_component_available_subset_of_current_cohort,7289,f672c49cd45c26b35e7b7ed656c1803f0dd7f856cdb88334c561598b75ea3f53,Brier,0.15933450946331373,0.15583715818275679,0.16317485551172534,ESTIMATED,,7282,60,6431,2000,2000,1900,outcome_stratified_patient_group_cluster,20260710,2262667653,0.15933450946331373
overall_P1_score_SI,overall,P1,score_SI,,overall,overall,validation_2024,exact_current_cohort,7289,5d8bf17dc94e374c28166ff042a59f9267d0d774cfcf16dd4b15d5b520f645e6,AUROC,0.7390683358694149,0.6694490040362475,0.7996439654548709,ESTIMATED,,7289,60,6434,2000,2000,1900,outcome_stratified_patient_group_cluster,20260710,2708311654,0.7390683358694149
overall_P1_score_SI,overall,P1,score_SI,,overall,overall,validation_2024,exact_current_cohort,7289,5d8bf17dc94e374c28166ff042a59f9267d0d774cfcf16dd4b15d5b520f645e6,AUPRC,0.02674575611767498,0.01862237616864177,0.04516187863926724,ESTIMATED,,7289,60,6434,2000,2000,1900,outcome_stratified_patient_group_cluster,20260710,2708311654,0.02674575611767498
overall_P1_score_SI,overall,P1,score_SI,,overall,overall,validation_2024,exact_current_cohort,7289,5d8bf17dc94e374c28166ff042a59f9267d0d774cfcf16dd4b15d5b520f645e6,Brier,0.22886674523494013,0.2255526983293908,0.23224112865275956,ESTIMATED,,7289,60,6434,2000,2000,1900,outcome_stratified_patient_group_cluster,20260710,2708311654,0.22886674523494013
overall_P1_score_mSI,overall,P1,score_mSI,,overall,overall,validation_2024,score_component_available_subset_of_current_cohort,7289,99214c41cc79254315d5236f925d0c5a347475236dba0e161bfd4324bfd4849d,AUROC,0.7988102641478656,0.723741126324731,0.8637444185929453,ESTIMATED,,6308,47,5577,2000,2000,1900,outcome_stratified_patient_group_cluster,20260710,2821574588,0.7988102641478656
overall_P1_score_mSI,overall,P1,score_mSI,,overall,overall,validation_2024,score_component_available_subset_of_current_cohort,7289,99214c41cc79254315d5236f925d0c5a347475236dba0e161bfd4324bfd4849d,AUPRC,0.044082233505381874,0.027922718172216122,0.08563047206517233,ESTIMATED,,6308,47,5577,2000,2000,1900,outcome_stratified_patient_group_cluster,20260710,2821574588,0.044082233505381874
overall_P1_score_mSI,overall,P1,score_mSI,,overall,overall,validation_2024,score_component_available_subset_of_current_cohort,7289,99214c41cc79254315d5236f925d0c5a347475236dba0e161bfd4324bfd4849d,Brier,0.21626674810476632,0.21369782011815686,0.2191288717733708,ESTIMATED,,6308,47,5577,2000,2000,1900,outcome_stratified_patient_group_cluster,20260710,2821574588,0.21626674810476632
overall_P1_score_aSI,overall,P1,score_aSI,,overall,overall,validation_2024,score_component_available_subset_of_current_cohort,7289,60a6aed7f85358c43a18c4ad54b17d129448b812de5d0af1ae3895d6f58e9244,AUROC,0.8427453966495916,0.7987233518107711,0.8828646582073227,ESTIMATED,,7283,60,6428,2000,2000,1900,outcome_stratified_patient_group_cluster,20260710,1906332312,0.8427453966495916
overall_P1_score_aSI,overall,P1,score_aSI,,overall,overall,validation_2024,score_component_available_subset_of_current_cohort,7289,60a6aed7f85358c43a18c4ad54b17d129448b812de5d0af1ae3895d6f58e9244,AUPRC,0.04177556576679695,0.030028073679708386,0.06955329847387282,ESTIMATED,,7283,60,6428,2000,2000,1900,outcome_stratified_patient_group_cluster,20260710,1906332312,0.04177556576679695
overall_P1_score_aSI,overall,P1,score_aSI,,overall,overall,validation_2024,score_component_available_subset_of_current_cohort,7289,60a6aed7f85358c43a18c4ad54b17d129448b812de5d0af1ae3895d6f58e9244,Brier,0.19372404995078535,0.1880998003070712,0.1991741442254207,ESTIMATED,,7283,60,6428,2000,2000,1900,outcome_stratified_patient_group_cluster,20260710,1906332312,0.19372404995078535
overall_P1_score_rSI,overall,P1,score_rSI,,overall,overall,validation_2024,exact_current_cohort,7289,5d8bf17dc94e374c28166ff042a59f9267d0d774cfcf16dd4b15d5b520f645e6,AUROC,0.7390683358694149,0.666781512710009,0.8003639963666174,ESTIMATED,,7289,60,6434,2000,2000,1900,outcome_stratified_patient_group_cluster,20260710,1455502176,0.7390683358694149
overall_P1_score_rSI,overall,P1,score_rSI,,overall,overall,validation_2024,exact_current_cohort,7289,5d8bf17dc94e374c28166ff042a59f9267d0d774cfcf16dd4b15d5b520f645e6,AUPRC,0.02674575611767498,0.018464226854680695,0.044752174432977083,ESTIMATED,,7289,60,6434,2000,2000,1900,outcome_stratified_patient_group_cluster,20260710,1455502176,0.02674575611767498
overall_P1_score_rSI,overall,P1,score_rSI,,overall,overall,validation_2024,exact_current_cohort,7289,5d8bf17dc94e374c28166ff042a59f9267d0d774cfcf16dd4b15d5b520f645e6,Brier,0.23914781809973742,0.23632598063279697,0.24192119503127119,ESTIMATED,,7289,60,6434,2000,2000,1900,outcome_stratified_patient_group_cluster,20260710,1455502176,0.23914781809973742
overall_P1_score_rSI_sMS,overall,P1,score_rSI_sMS,,overall,overall,validation_2024,exact_current_cohort,7289,5d8bf17dc94e374c28166ff042a59f9267d0d774cfcf16dd4b15d5b520f645e6,AUROC,0.8738184165629179,0.8241529047940965,0.9158965316377439,ESTIMATED,,7289,60,6434,2000,2000,1900,outcome_stratified_patient_group_cluster,,,0.8738184165629179
overall_P1_score_rSI_sMS,overall,P1,score_rSI_sMS,,overall,overall,validation_2024,exact_current_cohort,7289,5d8bf17dc94e374c28166ff042a59f9267d0d774cfcf16dd4b15d5b520f645e6,AUPRC,0.06236502513085726,0.045989737976299176,0.09534436903648102,ESTIMATED,,7289,60,6434,2000,2000,1900,outcome_stratified_patient_group_cluster,,,0.06236502513085726
overall_P1_score_rSI_sMS,overall,P1,score_rSI_sMS,,overall,overall,validation_2024,exact_current_cohort,7289,5d8bf17dc94e374c28166ff042a59f9267d0d774cfcf16dd4b15d5b520f645e6,Brier,0.18526667382185139,0.18071844956235433,0.1899903476031423,ESTIMATED,,7289,60,6434,2000,2000,1900,outcome_stratified_patient_group_cluster,,,0.18526667382185139
overall_P1_score_rSI_GCSM,overall,P1,score_rSI_GCSM,,overall,overall,validation_2024,exact_current_cohort,7289,5d8bf17dc94e374c28166ff042a59f9267d0d774cfcf16dd4b15d5b520f645e6,AUROC,0.8726229999538895,0.8260028728488281,0.9138446512159741,ESTIMATED,,7289,60,6434,2000,2000,1900,outcome_stratified_patient_group_cluster,20260710,2087573689,0.8726229999538895
overall_P1_score_rSI_GCSM,overall,P1,score_rSI_GCSM,,overall,overall,validation_2024,exact_current_cohort,7289,5d8bf17dc94e374c28166ff042a59f9267d0d774cfcf16dd4b15d5b520f645e6,AUPRC,0.07108219705021332,0.051267351329457214,0.11286818985583309,ESTIMATED,,7289,60,6434,2000,2000,1900,outcome_stratified_patient_group_cluster,20260710,2087573689,0.07108219705021332
overall_P1_score_rSI_GCSM,overall,P1,score_rSI_GCSM,,overall,overall,validation_2024,exact_current_cohort,7289,5d8bf17dc94e374c28166ff042a59f9267d0d774cfcf16dd4b15d5b520f645e6,Brier,0.18500797438998368,0.18078582163926873,0.18929373312837103,ESTIMATED,,7289,60,6434,2000,2000,1900,outcome_stratified_patient_group_cluster,20260710,2087573689,0.18500797438998368
overall_P1_score_SIAVPU,overall,P1,score_SIAVPU,,overall,overall,validation_2024,exact_current_cohort,7289,5d8bf17dc94e374c28166ff042a59f9267d0d774cfcf16dd4b15d5b520f645e6,AUROC,0.5173156729838152,0.4188871072167825,0.620433568931355,ESTIMATED,,7289,60,6434,2000,2000,1900,outcome_stratified_patient_group_cluster,20260710,3955732816,0.5173156729838152
overall_P1_score_SIAVPU,overall,P1,score_SIAVPU,,overall,overall,validation_2024,exact_current_cohort,7289,5d8bf17dc94e374c28166ff042a59f9267d0d774cfcf16dd4b15d5b520f645e6,AUPRC,0.024500581036732458,0.012752345391980328,0.054568668040924515,ESTIMATED,,7289,60,6434,2000,2000,1900,outcome_stratified_patient_group_cluster,20260710,3955732816,0.024500581036732458
overall_P1_score_SIAVPU,overall,P1,score_SIAVPU,,overall,overall,validation_2024,exact_current_cohort,7289,5d8bf17dc94e374c28166ff042a59f9267d0d774cfcf16dd4b15d5b520f645e6,Brier,0.2451969990232483,0.24455367229275501,0.24586243144850983,ESTIMATED,,7289,60,6434,2000,2000,1900,outcome_stratified_patient_group_cluster,20260710,3955732816,0.2451969990232483
overall_P1_score_sMS,overall,P1,score_sMS,,overall,overall,validation_2024,exact_current_cohort,7289,5d8bf17dc94e374c28166ff042a59f9267d0d774cfcf16dd4b15d5b520f645e6,AUROC,0.7654412781850879,0.6995501018241268,0.8254781510366969,ESTIMATED,,7289,60,6434,2000,2000,1900,outcome_stratified_patient_group_cluster,20260710,84530743,0.7654412781850879
overall_P1_score_sMS,overall,P1,score_sMS,,overall,overall,validation_2024,exact_current_cohort,7289,5d8bf17dc94e374c28166ff042a59f9267d0d774cfcf16dd4b15d5b520f645e6,AUPRC,0.04076130401226759,0.02808689906606801,0.056315812254482435,ESTIMATED,,7289,60,6434,2000,2000,1900,outcome_stratified_patient_group_cluster,20260710,84530743,0.04076130401226759
overall_P1_score_sMS,overall,P1,score_sMS,,overall,overall,validation_2024,exact_current_cohort,7289,5d8bf17dc94e374c28166ff042a59f9267d0d774cfcf16dd4b15d5b520f645e6,Brier,0.1610181504388293,0.1565471567613259,0.16557945378230654,ESTIMATED,,7289,60,6434,2000,2000,1900,outcome_stratified_patient_group_cluster,20260710,84530743,0.1610181504388293
overall_P1_score_qSOFA,overall,P1,score_qSOFA,,overall,overall,validation_2024,exact_current_cohort,7289,5d8bf17dc94e374c28166ff042a59f9267d0d774cfcf16dd4b15d5b520f645e6,AUROC,0.8793805044496703,0.8384391944533832,0.9147750920859461,ESTIMATED,,7289,60,6434,2000,2000,1900,outcome_stratified_patient_group_cluster,20260710,1516228858,0.8793805044496703
overall_P1_score_qSOFA,overall,P1,score_qSOFA,,overall,overall,validation_2024,exact_current_cohort,7289,5d8bf17dc94e374c28166ff042a59f9267d0d774cfcf16dd4b15d5b520f645e6,AUPRC,0.054827399021546534,0.039671977260528735,0.07969987418666112,ESTIMATED,,7289,60,6434,2000,2000,1900,outcome_stratified_patient_group_cluster,20260710,1516228858,0.054827399021546534
overall_P1_score_qSOFA,overall,P1,score_qSOFA,,overall,overall,validation_2024,exact_current_cohort,7289,5d8bf17dc94e374c28166ff042a59f9267d0d774cfcf16dd4b15d5b520f645e6,Brier,0.17395795615590695,0.1689238706534088,0.179423852501488,ESTIMATED,,7289,60,6434,2000,2000,1900,outcome_stratified_patient_group_cluster,20260710,1516228858,0.17395795615590695
overall_P1_score_MEWS,overall,P1,score_MEWS,,overall,overall,validation_2024,score_component_available_subset_of_current_cohort,7289,349f2754ba90ab7e749e83be36898f18d6c2a7ee90f42aa14df2b41c9212038d,AUROC,0.8598206050544179,0.8077108016867175,0.9050267642359247,ESTIMATED,,7288,60,6433,2000,2000,1900,outcome_stratified_patient_group_cluster,20260710,2791977723,0.8598206050544179
overall_P1_score_MEWS,overall,P1,score_MEWS,,overall,overall,validation_2024,score_component_available_subset_of_current_cohort,7289,349f2754ba90ab7e749e83be36898f18d6c2a7ee90f42aa14df2b41c9212038d,AUPRC,0.06138745170969849,0.03875910905713675,0.11861337178923802,ESTIMATED,,7288,60,6433,2000,2000,1900,outcome_stratified_patient_group_cluster,20260710,2791977723,0.06138745170969849
overall_P1_score_MEWS,overall,P1,score_MEWS,,overall,overall,validation_2024,score_component_available_subset_of_current_cohort,7289,349f2754ba90ab7e749e83be36898f18d6c2a7ee90f42aa14df2b41c9212038d,Brier,0.1682607406109177,0.1634756431261985,0.17286222838610402,ESTIMATED,,7288,60,6433,2000,2000,1900,outcome_stratified_patient_group_cluster,20260710,2791977723,0.1682607406109177
overall_P1_score_REMS,overall,P1,score_REMS,,overall,overall,validation_2024,score_component_available_subset_of_current_cohort,7289,31c450d82c0ff3be50b48bf73e165b23ca00cf04b96c1177359a11c9eafcabc5,AUROC,0.8566948700254613,0.8030259805506098,0.9079307189678794,ESTIMATED,,6306,47,5575,2000,2000,1900,outcome_stratified_patient_group_cluster,20260710,755751290,0.8566948700254613
overall_P1_score_REMS,overall,P1,score_REMS,,overall,overall,validation_2024,score_component_available_subset_of_current_cohort,7289,31c450d82c0ff3be50b48bf73e165b23ca00cf04b96c1177359a11c9eafcabc5,AUPRC,0.07270063778279892,0.04215822792044079,0.14502288064434976,ESTIMATED,,6306,47,5575,2000,2000,1900,outcome_stratified_patient_group_cluster,20260710,755751290,0.07270063778279892
overall_P1_score_REMS,overall,P1,score_REMS,,overall,overall,validation_2024,score_component_available_subset_of_current_cohort,7289,31c450d82c0ff3be50b48bf73e165b23ca00cf04b96c1177359a11c9eafcabc5,Brier,0.16777690532899314,0.16255936615495706,0.1730995536417718,ESTIMATED,,6306,47,5575,2000,2000,1900,outcome_stratified_patient_group_cluster,20260710,755751290,0.16777690532899314
overall_P1_score_RTS,overall,P1,score_RTS,,overall,overall,validation_2024,score_component_available_subset_of_current_cohort,7289,f672c49cd45c26b35e7b7ed656c1803f0dd7f856cdb88334c561598b75ea3f53,AUROC,0.8128173174559218,0.7496472601118226,0.8699530127029069,ESTIMATED,,7282,60,6431,2000,2000,1900,outcome_stratified_patient_group_cluster,20260710,2384044531,0.8128173174559218
overall_P1_score_RTS,overall,P1,score_RTS,,overall,overall,validation_2024,score_component_available_subset_of_current_cohort,7289,f672c49cd45c26b35e7b7ed656c1803f0dd7f856cdb88334c561598b75ea3f53,AUPRC,0.07390145165675482,0.0468216295488839,0.12900913205754597,ESTIMATED,,7282,60,6431,2000,2000,1900,outcome_stratified_patient_group_cluster,20260710,2384044531,0.07390145165675482
overall_P1_score_RTS,overall,P1,score_RTS,,overall,overall,validation_2024,score_component_available_subset_of_current_cohort,7289,f672c49cd45c26b35e7b7ed656c1803f0dd7f856cdb88334c561598b75ea3f53,Brier,0.15460182142040363,0.15097862737351603,0.15875858746719748,ESTIMATED,,7282,60,6431,2000,2000,1900,outcome_stratified_patient_group_cluster,20260710,2384044531,0.15460182142040363
overall_P1_score_rSI_GCS_alias,overall,P1,score_rSI_GCS_alias,score_rSIG,overall,overall,validation_2024,score_component_available_subset_of_current_cohort,7289,f672c49cd45c26b35e7b7ed656c1803f0dd7f856cdb88334c561598b75ea3f53,AUROC,0.8816659743376719,0.8283788052627268,0.923522806351273,ESTIMATED,,7282,60,6431,2000,2000,1900,outcome_stratified_patient_group_cluster,20260710,3698412969,0.8816659743376719
overall_P1_score_rSI_GCS_alias,overall,P1,score_rSI_GCS_alias,score_rSIG,overall,overall,validation_2024,score_component_available_subset_of_current_cohort,7289,f672c49cd45c26b35e7b7ed656c1803f0dd7f856cdb88334c561598b75ea3f53,AUPRC,0.07487532411642683,0.05319240687209854,0.11668922714095926,ESTIMATED,,7282,60,6431,2000,2000,1900,outcome_stratified_patient_group_cluster,20260710,3698412969,0.07487532411642683
overall_P1_score_rSI_GCS_alias,overall,P1,score_rSI_GCS_alias,score_rSIG,overall,overall,validation_2024,score_component_available_subset_of_current_cohort,7289,f672c49cd45c26b35e7b7ed656c1803f0dd7f856cdb88334c561598b75ea3f53,Brier,0.18343021543875596,0.17897608866740208,0.18799526378799716,ESTIMATED,,7282,60,6431,2000,2000,1900,outcome_stratified_patient_group_cluster,20260710,3698412969,0.18343021543875596
overall_P1_knn_classifier,overall,P1,knn_classifier,,overall,overall,validation_2024,exact_current_cohort,7289,5d8bf17dc94e374c28166ff042a59f9267d0d774cfcf16dd4b15d5b520f645e6,AUROC,0.7142089731175358,0.6496892004955405,0.7768706537623602,ESTIMATED,,7289,60,6434,2000,2000,1900,outcome_stratified_patient_group_cluster,20260710,3857453245,0.7142089731175358
overall_P1_knn_classifier,overall,P1,knn_classifier,,overall,overall,validation_2024,exact_current_cohort,7289,5d8bf17dc94e374c28166ff042a59f9267d0d774cfcf16dd4b15d5b520f645e6,AUPRC,0.1687440066518617,0.08661453902794904,0.27388510340675165,ESTIMATED,,7289,60,6434,2000,2000,1900,outcome_stratified_patient_group_cluster,20260710,3857453245,0.1687440066518617
overall_P1_knn_classifier,overall,P1,knn_classifier,,overall,overall,validation_2024,exact_current_cohort,7289,5d8bf17dc94e374c28166ff042a59f9267d0d774cfcf16dd4b15d5b520f645e6,Brier,0.007660799302711255,0.0073453998848844885,0.00794542771343941,ESTIMATED,,7289,60,6434,2000,2000,1900,outcome_stratified_patient_group_cluster,20260710,3857453245,0.007660799302711255
overall_P2_decision_tree,overall,P2,decision_tree,,overall,overall,validation_2024,exact_current_cohort,7289,5d8bf17dc94e374c28166ff042a59f9267d0d774cfcf16dd4b15d5b520f645e6,AUROC,0.8536754168425941,0.8363598119083586,0.8704794191889292,ESTIMATED,,7289,526,6434,2000,2000,1900,outcome_stratified_patient_group_cluster,20260710,163772616,0.8536754168425941
overall_P2_decision_tree,overall,P2,decision_tree,,overall,overall,validation_2024,exact_current_cohort,7289,5d8bf17dc94e374c28166ff042a59f9267d0d774cfcf16dd4b15d5b520f645e6,AUPRC,0.3331611798274592,0.3007985434057333,0.37005186687230496,ESTIMATED,,7289,526,6434,2000,2000,1900,outcome_stratified_patient_group_cluster,20260710,163772616,0.3331611798274592
overall_P2_decision_tree,overall,P2,decision_tree,,overall,overall,validation_2024,exact_current_cohort,7289,5d8bf17dc94e374c28166ff042a59f9267d0d774cfcf16dd4b15d5b520f645e6,Brier,0.15651693427042007,0.15080212040589586,0.162379108986594,ESTIMATED,,7289,526,6434,2000,2000,1900,outcome_stratified_patient_group_cluster,20260710,163772616,0.15651693427042007
overall_P2_random_forest,overall,P2,random_forest,,overall,overall,validation_2024,exact_current_cohort,7289,5d8bf17dc94e374c28166ff042a59f9267d0d774cfcf16dd4b15d5b520f645e6,AUROC,0.8951215768644981,0.8834998258863206,0.9062854869046985,ESTIMATED,,7289,526,6434,2000,2000,1900,outcome_stratified_patient_group_cluster,20260710,363953250,0.8951215768644981
overall_P2_random_forest,overall,P2,random_forest,,overall,overall,validation_2024,exact_current_cohort,7289,5d8bf17dc94e374c28166ff042a59f9267d0d774cfcf16dd4b15d5b520f645e6,AUPRC,0.4077515593406968,0.37033465952568634,0.45209985137314956,ESTIMATED,,7289,526,6434,2000,2000,1900,outcome_stratified_patient_group_cluster,20260710,363953250,0.4077515593406968
overall_P2_random_forest,overall,P2,random_forest,,overall,overall,validation_2024,exact_current_cohort,7289,5d8bf17dc94e374c28166ff042a59f9267d0d774cfcf16dd4b15d5b520f645e6,Brier,0.08791542349962372,0.08404044542747022,0.09180836766310263,ESTIMATED,,7289,526,6434,2000,2000,1900,outcome_stratified_patient_group_cluster,20260710,363953250,0.08791542349962372
overall_P2_balanced_random_forest,overall,P2,balanced_random_forest,,overall,overall,validation_2024,exact_current_cohort,7289,5d8bf17dc94e374c28166ff042a59f9267d0d774cfcf16dd4b15d5b520f645e6,AUROC,0.8918801081033064,0.8799482149005508,0.9038778601532109,ESTIMATED,,7289,526,6434,2000,2000,1900,outcome_stratified_patient_group_cluster,20260710,3126997681,0.8918801081033064
overall_P2_balanced_random_forest,overall,P2,balanced_random_forest,,overall,overall,validation_2024,exact_current_cohort,7289,5d8bf17dc94e374c28166ff042a59f9267d0d774cfcf16dd4b15d5b520f645e6,AUPRC,0.39867293802119674,0.3616926865090047,0.4413489923948402,ESTIMATED,,7289,526,6434,2000,2000,1900,outcome_stratified_patient_group_cluster,20260710,3126997681,0.39867293802119674
overall_P2_balanced_random_forest,overall,P2,balanced_random_forest,,overall,overall,validation_2024,exact_current_cohort,7289,5d8bf17dc94e374c28166ff042a59f9267d0d774cfcf16dd4b15d5b520f645e6,Brier,0.13629948220650798,0.1312059261251964,0.14143368185863095,ESTIMATED,,7289,526,6434,2000,2000,1900,outcome_stratified_patient_group_cluster,20260710,3126997681,0.13629948220650798
overall_P2_svm_rbf,overall,P2,svm_rbf,,overall,overall,validation_2024,exact_current_cohort,7289,5d8bf17dc94e374c28166ff042a59f9267d0d774cfcf16dd4b15d5b520f645e6,AUROC,0.8593898021498099,0.8464063971387717,0.8716044153275287,ESTIMATED,,7289,526,6434,2000,2000,1900,outcome_stratified_patient_group_cluster,20260710,2329903337,0.8593898021498099
overall_P2_svm_rbf,overall,P2,svm_rbf,,overall,overall,validation_2024,exact_current_cohort,7289,5d8bf17dc94e374c28166ff042a59f9267d0d774cfcf16dd4b15d5b520f645e6,AUPRC,0.3003251536138528,0.2707526424610865,0.3351926784362582,ESTIMATED,,7289,526,6434,2000,2000,1900,outcome_stratified_patient_group_cluster,20260710,2329903337,0.3003251536138528
overall_P2_svm_rbf,overall,P2,svm_rbf,,overall,overall,validation_2024,exact_current_cohort,7289,5d8bf17dc94e374c28166ff042a59f9267d0d774cfcf16dd4b15d5b520f645e6,Brier,0.05806096526867945,0.05628802480569719,0.05992206632761098,ESTIMATED,,7289,526,6434,2000,2000,1900,outcome_stratified_patient_group_cluster,20260710,2329903337,0.05806096526867945
overall_P2_logistic_l1,overall,P2,logistic_l1,,overall,overall,validation_2024,exact_current_cohort,7289,5d8bf17dc94e374c28166ff042a59f9267d0d774cfcf16dd4b15d5b520f645e6,AUROC,0.8743970913081635,0.8584690020988742,0.8899100602405678,ESTIMATED,,7289,526,6434,2000,2000,1900,outcome_stratified_patient_group_cluster,20260710,2071074007,0.8743970913081635
overall_P2_logistic_l1,overall,P2,logistic_l1,,overall,overall,validation_2024,exact_current_cohort,7289,5d8bf17dc94e374c28166ff042a59f9267d0d774cfcf16dd4b15d5b520f645e6,AUPRC,0.41597242900869646,0.3774144483747717,0.4595401630195072,ESTIMATED,,7289,526,6434,2000,2000,1900,outcome_stratified_patient_group_cluster,20260710,2071074007,0.41597242900869646
overall_P2_logistic_l1,overall,P2,logistic_l1,,overall,overall,validation_2024,exact_current_cohort,7289,5d8bf17dc94e374c28166ff042a59f9267d0d774cfcf16dd4b15d5b520f645e6,Brier,0.13276678379964796,0.12669223269547175,0.13881400531174,ESTIMATED,,7289,526,6434,2000,2000,1900,outcome_stratified_patient_group_cluster,20260710,2071074007,0.13276678379964796
overall_P2_logistic_l2,overall,P2,logistic_l2,,overall,overall,validation_2024,exact_current_cohort,7289,5d8bf17dc94e374c28166ff042a59f9267d0d774cfcf16dd4b15d5b520f645e6,AUROC,0.8675273476965081,0.8500623309417593,0.8831306652994881,ESTIMATED,,7289,526,6434,2000,2000,1900,outcome_stratified_patient_group_cluster,,,0.8675273476965081
overall_P2_logistic_l2,overall,P2,logistic_l2,,overall,overall,validation_2024,exact_current_cohort,7289,5d8bf17dc94e374c28166ff042a59f9267d0d774cfcf16dd4b15d5b520f645e6,AUPRC,0.4130543238235219,0.37441893786162983,0.4571321534370845,ESTIMATED,,7289,526,6434,2000,2000,1900,outcome_stratified_patient_group_cluster,,,0.4130543238235219
overall_P2_logistic_l2,overall,P2,logistic_l2,,overall,overall,validation_2024,exact_current_cohort,7289,5d8bf17dc94e374c28166ff042a59f9267d0d774cfcf16dd4b15d5b520f645e6,Brier,0.13389439977588233,0.1278054442049977,0.1400232807182741,ESTIMATED,,7289,526,6434,2000,2000,1900,outcome_stratified_patient_group_cluster,,,0.13389439977588233
overall_P2_score_NEWS2,overall,P2,score_NEWS2,,overall,overall,validation_2024,score_component_available_subset_of_current_cohort,7289,6ea8110fbed2854cedba7719b2c2ed93b0b705aa8c57916349705deaa0883f80,AUROC,0.6401628590171414,0.6036228975854169,0.6757854289202736,ESTIMATED,,1033,279,943,2000,2000,1900,outcome_stratified_patient_group_cluster,20260710,1843008642,0.6401628590171414
overall_P2_score_NEWS2,overall,P2,score_NEWS2,,overall,overall,validation_2024,score_component_available_subset_of_current_cohort,7289,6ea8110fbed2854cedba7719b2c2ed93b0b705aa8c57916349705deaa0883f80,AUPRC,0.38279627948638517,0.34563508891671196,0.4267781682790484,ESTIMATED,,1033,279,943,2000,2000,1900,outcome_stratified_patient_group_cluster,20260710,1843008642,0.38279627948638517
overall_P2_score_NEWS2,overall,P2,score_NEWS2,,overall,overall,validation_2024,score_component_available_subset_of_current_cohort,7289,6ea8110fbed2854cedba7719b2c2ed93b0b705aa8c57916349705deaa0883f80,Brier,0.23518240743539265,0.22771380785559517,0.24299798177147308,ESTIMATED,,1033,279,943,2000,2000,1900,outcome_stratified_patient_group_cluster,20260710,1843008642,0.23518240743539265
overall_P2_score_rSIG,overall,P2,score_rSIG,,overall,overall,validation_2024,score_component_available_subset_of_current_cohort,7289,f672c49cd45c26b35e7b7ed656c1803f0dd7f856cdb88334c561598b75ea3f53,AUROC,0.7469484851428558,0.722305766272589,0.7723149394220667,ESTIMATED,,7282,524,6431,2000,2000,1900,outcome_stratified_patient_group_cluster,20260710,583162451,0.7469484851428558
overall_P2_score_rSIG,overall,P2,score_rSIG,,overall,overall,validation_2024,score_component_available_subset_of_current_cohort,7289,f672c49cd45c26b35e7b7ed656c1803f0dd7f856cdb88334c561598b75ea3f53,AUPRC,0.28662815559581134,0.2522383532585073,0.3288378097579935,ESTIMATED,,7282,524,6431,2000,2000,1900,outcome_stratified_patient_group_cluster,20260710,583162451,0.28662815559581134
overall_P2_score_rSIG,overall,P2,score_rSIG,,overall,overall,validation_2024,score_component_available_subset_of_current_cohort,7289,f672c49cd45c26b35e7b7ed656c1803f0dd7f856cdb88334c561598b75ea3f53,Brier,0.21110415443121025,0.20719596776355778,0.21484733054040234,ESTIMATED,,7282,524,6431,2000,2000,1900,outcome_stratified_patient_group_cluster,20260710,583162451,0.21110415443121025
overall_P2_score_rSIG_Age,overall,P2,score_rSIG_Age,,overall,overall,validation_2024,score_component_available_subset_of_current_cohort,7289,c7b537636c0a24c52615c2fe949a207fb1189f2956fe395a416ecccd6edeaf15,AUROC,0.8297219257624543,0.8106883726562047,0.8464347535294661,ESTIMATED,,7276,524,6425,2000,2000,1900,outcome_stratified_patient_group_cluster,20260710,1999889800,0.8297219257624543
overall_P2_score_rSIG_Age,overall,P2,score_rSIG_Age,,overall,overall,validation_2024,score_component_available_subset_of_current_cohort,7289,c7b537636c0a24c52615c2fe949a207fb1189f2956fe395a416ecccd6edeaf15,AUPRC,0.331340448814476,0.2949721438384422,0.3750754188331679,ESTIMATED,,7276,524,6425,2000,2000,1900,outcome_stratified_patient_group_cluster,20260710,1999889800,0.331340448814476
overall_P2_score_rSIG_Age,overall,P2,score_rSIG_Age,,overall,overall,validation_2024,score_component_available_subset_of_current_cohort,7289,c7b537636c0a24c52615c2fe949a207fb1189f2956fe395a416ecccd6edeaf15,Brier,0.18881370053341562,0.18326114382519088,0.19422985801626316,ESTIMATED,,7276,524,6425,2000,2000,1900,outcome_stratified_patient_group_cluster,20260710,1999889800,0.18881370053341562
overall_P2_score_SIA_G,overall,P2,score_SIA_G,,overall,overall,validation_2024,score_component_available_subset_of_current_cohort,7289,c7b537636c0a24c52615c2fe949a207fb1189f2956fe395a416ecccd6edeaf15,AUROC,0.8297215017998625,0.8121515572859773,0.8460849091358801,ESTIMATED,,7276,524,6425,2000,2000,1900,outcome_stratified_patient_group_cluster,20260710,1883115064,0.8297215017998625
overall_P2_score_SIA_G,overall,P2,score_SIA_G,,overall,overall,validation_2024,score_component_available_subset_of_current_cohort,7289,c7b537636c0a24c52615c2fe949a207fb1189f2956fe395a416ecccd6edeaf15,AUPRC,0.3313374641350112,0.29498136834083144,0.37529535835906175,ESTIMATED,,7276,524,6425,2000,2000,1900,outcome_stratified_patient_group_cluster,20260710,1883115064,0.3313374641350112
overall_P2_score_SIA_G,overall,P2,score_SIA_G,,overall,overall,validation_2024,score_component_available_subset_of_current_cohort,7289,c7b537636c0a24c52615c2fe949a207fb1189f2956fe395a416ecccd6edeaf15,Brier,0.16926616619790907,0.16469429679673783,0.1738679894445949,ESTIMATED,,7276,524,6425,2000,2000,1900,outcome_stratified_patient_group_cluster,20260710,1883115064,0.16926616619790907
overall_P2_score_SI_G,overall,P2,score_SI_G,,overall,overall,validation_2024,score_component_available_subset_of_current_cohort,7289,f672c49cd45c26b35e7b7ed656c1803f0dd7f856cdb88334c561598b75ea3f53,AUROC,0.7469508854645555,0.7204013394151628,0.7720607923038698,ESTIMATED,,7282,524,6431,2000,2000,1900,outcome_stratified_patient_group_cluster,20260710,532284732,0.7469508854645555
overall_P2_score_SI_G,overall,P2,score_SI_G,,overall,overall,validation_2024,score_component_available_subset_of_current_cohort,7289,f672c49cd45c26b35e7b7ed656c1803f0dd7f856cdb88334c561598b75ea3f53,AUPRC,0.28664734744604686,0.2532406722327481,0.3298079349539041,ESTIMATED,,7282,524,6431,2000,2000,1900,outcome_stratified_patient_group_cluster,20260710,532284732,0.28664734744604686
overall_P2_score_SI_G,overall,P2,score_SI_G,,overall,overall,validation_2024,score_component_available_subset_of_current_cohort,7289,f672c49cd45c26b35e7b7ed656c1803f0dd7f856cdb88334c561598b75ea3f53,Brier,0.19427574434648984,0.1910621121178415,0.19762231381967518,ESTIMATED,,7282,524,6431,2000,2000,1900,outcome_stratified_patient_group_cluster,20260710,532284732,0.19427574434648984
overall_P2_score_SI,overall,P2,score_SI,,overall,overall,validation_2024,exact_current_cohort,7289,5d8bf17dc94e374c28166ff042a59f9267d0d774cfcf16dd4b15d5b520f645e6,AUROC,0.6388265607597592,0.6126188442063649,0.6646580087441283,ESTIMATED,,7289,526,6434,2000,2000,1900,outcome_stratified_patient_group_cluster,20260710,314203429,0.6388265607597592
overall_P2_score_SI,overall,P2,score_SI,,overall,overall,validation_2024,exact_current_cohort,7289,5d8bf17dc94e374c28166ff042a59f9267d0d774cfcf16dd4b15d5b520f645e6,AUPRC,0.1503372641216084,0.13185444447752803,0.17721306865922373,ESTIMATED,,7289,526,6434,2000,2000,1900,outcome_stratified_patient_group_cluster,20260710,314203429,0.1503372641216084
overall_P2_score_SI,overall,P2,score_SI,,overall,overall,validation_2024,exact_current_cohort,7289,5d8bf17dc94e374c28166ff042a59f9267d0d774cfcf16dd4b15d5b520f645e6,Brier,0.2401306208830763,0.23726903147893327,0.24295375754337953,ESTIMATED,,7289,526,6434,2000,2000,1900,outcome_stratified_patient_group_cluster,20260710,314203429,0.2401306208830763
overall_P2_score_mSI,overall,P2,score_mSI,,overall,overall,validation_2024,score_component_available_subset_of_current_cohort,7289,99214c41cc79254315d5236f925d0c5a347475236dba0e161bfd4324bfd4849d,AUROC,0.6426874518681011,0.6092194786559404,0.6736270784462843,ESTIMATED,,6308,438,5577,2000,2000,1900,outcome_stratified_patient_group_cluster,20260710,4217624256,0.6426874518681011
overall_P2_score_mSI,overall,P2,score_mSI,,overall,overall,validation_2024,score_component_available_subset_of_current_cohort,7289,99214c41cc79254315d5236f925d0c5a347475236dba0e161bfd4324bfd4849d,AUPRC,0.16993654584670043,0.14592514893516398,0.20458557884510484,ESTIMATED,,6308,438,5577,2000,2000,1900,outcome_stratified_patient_group_cluster,20260710,4217624256,0.16993654584670043
overall_P2_score_mSI,overall,P2,score_mSI,,overall,overall,validation_2024,score_component_available_subset_of_current_cohort,7289,99214c41cc79254315d5236f925d0c5a347475236dba0e161bfd4324bfd4849d,Brier,0.22654034550622423,0.22374550338671692,0.22938685704520337,ESTIMATED,,6308,438,5577,2000,2000,1900,outcome_stratified_patient_group_cluster,20260710,4217624256,0.22654034550622423
overall_P2_score_aSI,overall,P2,score_aSI,,overall,overall,validation_2024,score_component_available_subset_of_current_cohort,7289,60a6aed7f85358c43a18c4ad54b17d129448b812de5d0af1ae3895d6f58e9244,AUROC,0.7743354167006642,0.7548050027383159,0.7936134593361733,ESTIMATED,,7283,526,6428,2000,2000,1900,outcome_stratified_patient_group_cluster,20260710,3298961471,0.7743354167006642
overall_P2_score_aSI,overall,P2,score_aSI,,overall,overall,validation_2024,score_component_available_subset_of_current_cohort,7289,60a6aed7f85358c43a18c4ad54b17d129448b812de5d0af1ae3895d6f58e9244,AUPRC,0.21383346099054518,0.19058261664012205,0.2448195894766544,ESTIMATED,,7283,526,6428,2000,2000,1900,outcome_stratified_patient_group_cluster,20260710,3298961471,0.21383346099054518
overall_P2_score_aSI,overall,P2,score_aSI,,overall,overall,validation_2024,score_component_available_subset_of_current_cohort,7289,60a6aed7f85358c43a18c4ad54b17d129448b812de5d0af1ae3895d6f58e9244,Brier,0.20468321694399932,0.19917339076217014,0.21050242240063483,ESTIMATED,,7283,526,6428,2000,2000,1900,outcome_stratified_patient_group_cluster,20260710,3298961471,0.20468321694399932
overall_P2_score_rSI,overall,P2,score_rSI,,overall,overall,validation_2024,exact_current_cohort,7289,5d8bf17dc94e374c28166ff042a59f9267d0d774cfcf16dd4b15d5b520f645e6,AUROC,0.6388265607597592,0.6121538458184776,0.6652037883980064,ESTIMATED,,7289,526,6434,2000,2000,1900,outcome_stratified_patient_group_cluster,20260710,2426642789,0.6388265607597592
overall_P2_score_rSI,overall,P2,score_rSI,,overall,overall,validation_2024,exact_current_cohort,7289,5d8bf17dc94e374c28166ff042a59f9267d0d774cfcf16dd4b15d5b520f645e6,AUPRC,0.1503372641216084,0.13169656634468657,0.17516075153531202,ESTIMATED,,7289,526,6434,2000,2000,1900,outcome_stratified_patient_group_cluster,20260710,2426642789,0.1503372641216084
overall_P2_score_rSI,overall,P2,score_rSI,,overall,overall,validation_2024,exact_current_cohort,7289,5d8bf17dc94e374c28166ff042a59f9267d0d774cfcf16dd4b15d5b520f645e6,Brier,0.24548256079465552,0.24343526866486898,0.24757408917684393,ESTIMATED,,7289,526,6434,2000,2000,1900,outcome_stratified_patient_group_cluster,20260710,2426642789,0.24548256079465552
overall_P2_score_rSI_sMS,overall,P2,score_rSI_sMS,,overall,overall,validation_2024,exact_current_cohort,7289,5d8bf17dc94e374c28166ff042a59f9267d0d774cfcf16dd4b15d5b520f645e6,AUROC,0.7526071461300556,0.7259257524254522,0.775690155077447,ESTIMATED,,7289,526,6434,2000,2000,1900,outcome_stratified_patient_group_cluster,,,0.7526071461300556
overall_P2_score_rSI_sMS,overall,P2,score_rSI_sMS,,overall,overall,validation_2024,exact_current_cohort,7289,5d8bf17dc94e374c28166ff042a59f9267d0d774cfcf16dd4b15d5b520f645e6,AUPRC,0.27583384778486986,0.2433465736876126,0.3157508691308804,ESTIMATED,,7289,526,6434,2000,2000,1900,outcome_stratified_patient_group_cluster,,,0.27583384778486986
overall_P2_score_rSI_sMS,overall,P2,score_rSI_sMS,,overall,overall,validation_2024,exact_current_cohort,7289,5d8bf17dc94e374c28166ff042a59f9267d0d774cfcf16dd4b15d5b520f645e6,Brier,0.21122967204332804,0.20727424861424712,0.21501795003926105,ESTIMATED,,7289,526,6434,2000,2000,1900,outcome_stratified_patient_group_cluster,,,0.21122967204332804
overall_P2_score_rSI_GCSM,overall,P2,score_rSI_GCSM,,overall,overall,validation_2024,exact_current_cohort,7289,5d8bf17dc94e374c28166ff042a59f9267d0d774cfcf16dd4b15d5b520f645e6,AUROC,0.7327099645858786,0.7065247585857577,0.7565672056824421,ESTIMATED,,7289,526,6434,2000,2000,1900,outcome_stratified_patient_group_cluster,20260710,3573713139,0.7327099645858786
overall_P2_score_rSI_GCSM,overall,P2,score_rSI_GCSM,,overall,overall,validation_2024,exact_current_cohort,7289,5d8bf17dc94e374c28166ff042a59f9267d0d774cfcf16dd4b15d5b520f645e6,AUPRC,0.26665144816293834,0.23541880528766618,0.30845767178961786,ESTIMATED,,7289,526,6434,2000,2000,1900,outcome_stratified_patient_group_cluster,20260710,3573713139,0.26665144816293834
overall_P2_score_rSI_GCSM,overall,P2,score_rSI_GCSM,,overall,overall,validation_2024,exact_current_cohort,7289,5d8bf17dc94e374c28166ff042a59f9267d0d774cfcf16dd4b15d5b520f645e6,Brier,0.21633359015082176,0.21269731191266694,0.2200439037450356,ESTIMATED,,7289,526,6434,2000,2000,1900,outcome_stratified_patient_group_cluster,20260710,3573713139,0.21633359015082176
overall_P2_score_SIAVPU,overall,P2,score_SIAVPU,,overall,overall,validation_2024,exact_current_cohort,7289,5d8bf17dc94e374c28166ff042a59f9267d0d774cfcf16dd4b15d5b520f645e6,AUROC,0.5277583968686698,0.4964071460563369,0.5574123728153279,ESTIMATED,,7289,526,6434,2000,2000,1900,outcome_stratified_patient_group_cluster,20260710,2061596810,0.5277583968686698
overall_P2_score_SIAVPU,overall,P2,score_SIAVPU,,overall,overall,validation_2024,exact_current_cohort,7289,5d8bf17dc94e374c28166ff042a59f9267d0d774cfcf16dd4b15d5b520f645e6,AUPRC,0.14863610770975927,0.12452185978901967,0.18030338366133597,ESTIMATED,,7289,526,6434,2000,2000,1900,outcome_stratified_patient_group_cluster,20260710,2061596810,0.14863610770975927
overall_P2_score_SIAVPU,overall,P2,score_SIAVPU,,overall,overall,validation_2024,exact_current_cohort,7289,5d8bf17dc94e374c28166ff042a59f9267d0d774cfcf16dd4b15d5b520f645e6,Brier,0.24900361982446653,0.2487643111744361,0.24921513957700517,ESTIMATED,,7289,526,6434,2000,2000,1900,outcome_stratified_patient_group_cluster,20260710,2061596810,0.24900361982446653
overall_P2_score_sMS,overall,P2,score_sMS,,overall,overall,validation_2024,exact_current_cohort,7289,5d8bf17dc94e374c28166ff042a59f9267d0d774cfcf16dd4b15d5b520f645e6,AUROC,0.686790937493148,0.6655728937292644,0.7078588376759806,ESTIMATED,,7289,526,6434,2000,2000,1900,outcome_stratified_patient_group_cluster,20260710,3233389421,0.686790937493148
overall_P2_score_sMS,overall,P2,score_sMS,,overall,overall,validation_2024,exact_current_cohort,7289,5d8bf17dc94e374c28166ff042a59f9267d0d774cfcf16dd4b15d5b520f645e6,AUPRC,0.19640383275458395,0.1730182735429744,0.2218282055298941,ESTIMATED,,7289,526,6434,2000,2000,1900,outcome_stratified_patient_group_cluster,20260710,3233389421,0.19640383275458395
overall_P2_score_sMS,overall,P2,score_sMS,,overall,overall,validation_2024,exact_current_cohort,7289,5d8bf17dc94e374c28166ff042a59f9267d0d774cfcf16dd4b15d5b520f645e6,Brier,0.18906988936104802,0.1854196587176313,0.19260840474761276,ESTIMATED,,7289,526,6434,2000,2000,1900,outcome_stratified_patient_group_cluster,20260710,3233389421,0.18906988936104802
overall_P2_score_qSOFA,overall,P2,score_qSOFA,,overall,overall,validation_2024,exact_current_cohort,7289,5d8bf17dc94e374c28166ff042a59f9267d0d774cfcf16dd4b15d5b520f645e6,AUROC,0.7354360198552963,0.7128010561899909,0.7568507677362676,ESTIMATED,,7289,526,6434,2000,2000,1900,outcome_stratified_patient_group_cluster,20260710,4064729815,0.7354360198552963
overall_P2_score_qSOFA,overall,P2,score_qSOFA,,overall,overall,validation_2024,exact_current_cohort,7289,5d8bf17dc94e374c28166ff042a59f9267d0d774cfcf16dd4b15d5b520f645e6,AUPRC,0.19682415345286264,0.17457123999286703,0.22396090595582677,ESTIMATED,,7289,526,6434,2000,2000,1900,outcome_stratified_patient_group_cluster,20260710,4064729815,0.19682415345286264
overall_P2_score_qSOFA,overall,P2,score_qSOFA,,overall,overall,validation_2024,exact_current_cohort,7289,5d8bf17dc94e374c28166ff042a59f9267d0d774cfcf16dd4b15d5b520f645e6,Brier,0.20852243228774128,0.20345902367408095,0.21368491125659825,ESTIMATED,,7289,526,6434,2000,2000,1900,outcome_stratified_patient_group_cluster,20260710,4064729815,0.20852243228774128
overall_P2_score_MEWS,overall,P2,score_MEWS,,overall,overall,validation_2024,score_component_available_subset_of_current_cohort,7289,349f2754ba90ab7e749e83be36898f18d6c2a7ee90f42aa14df2b41c9212038d,AUROC,0.741190144432711,0.7180169449101084,0.7635828203648151,ESTIMATED,,7288,526,6433,2000,2000,1900,outcome_stratified_patient_group_cluster,20260710,992515562,0.741190144432711
overall_P2_score_MEWS,overall,P2,score_MEWS,,overall,overall,validation_2024,score_component_available_subset_of_current_cohort,7289,349f2754ba90ab7e749e83be36898f18d6c2a7ee90f42aa14df2b41c9212038d,AUPRC,0.21456827084837002,0.18758987496176915,0.24833980733187663,ESTIMATED,,7288,526,6433,2000,2000,1900,outcome_stratified_patient_group_cluster,20260710,992515562,0.21456827084837002
overall_P2_score_MEWS,overall,P2,score_MEWS,,overall,overall,validation_2024,score_component_available_subset_of_current_cohort,7289,349f2754ba90ab7e749e83be36898f18d6c2a7ee90f42aa14df2b41c9212038d,Brier,0.1977610729750228,0.19367996536796656,0.20239187934853592,ESTIMATED,,7288,526,6433,2000,2000,1900,outcome_stratified_patient_group_cluster,20260710,992515562,0.1977610729750228
overall_P2_score_REMS,overall,P2,score_REMS,,overall,overall,validation_2024,score_component_available_subset_of_current_cohort,7289,31c450d82c0ff3be50b48bf73e165b23ca00cf04b96c1177359a11c9eafcabc5,AUROC,0.7806001438029339,0.759546091072933,0.8013200184831255,ESTIMATED,,6306,438,5575,2000,2000,1900,outcome_stratified_patient_group_cluster,20260710,1735766732,0.7806001438029339
overall_P2_score_REMS,overall,P2,score_REMS,,overall,overall,validation_2024,score_component_available_subset_of_current_cohort,7289,31c450d82c0ff3be50b48bf73e165b23ca00cf04b96c1177359a11c9eafcabc5,AUPRC,0.23551904548674563,0.20374894048372852,0.2753533122340891,ESTIMATED,,6306,438,5575,2000,2000,1900,outcome_stratified_patient_group_cluster,20260710,1735766732,0.23551904548674563
overall_P2_score_REMS,overall,P2,score_REMS,,overall,overall,validation_2024,score_component_available_subset_of_current_cohort,7289,31c450d82c0ff3be50b48bf73e165b23ca00cf04b96c1177359a11c9eafcabc5,Brier,0.19419340631276355,0.18895447929527345,0.19970383386836768,ESTIMATED,,6306,438,5575,2000,2000,1900,outcome_stratified_patient_group_cluster,20260710,1735766732,0.19419340631276355
overall_P2_score_RTS,overall,P2,score_RTS,,overall,overall,validation_2024,score_component_available_subset_of_current_cohort,7289,f672c49cd45c26b35e7b7ed656c1803f0dd7f856cdb88334c561598b75ea3f53,AUROC,0.691480580550278,0.6680557395085446,0.7147191220262673,ESTIMATED,,7282,524,6431,2000,2000,1900,outcome_stratified_patient_group_cluster,20260710,2934358849,0.691480580550278
overall_P2_score_RTS,overall,P2,score_RTS,,overall,overall,validation_2024,score_component_available_subset_of_current_cohort,7289,f672c49cd45c26b35e7b7ed656c1803f0dd7f856cdb88334c561598b75ea3f53,AUPRC,0.24084829708426128,0.20963768721145837,0.27794190736401825,ESTIMATED,,7282,524,6431,2000,2000,1900,outcome_stratified_patient_group_cluster,20260710,2934358849,0.24084829708426128
overall_P2_score_RTS,overall,P2,score_RTS,,overall,overall,validation_2024,score_component_available_subset_of_current_cohort,7289,f672c49cd45c26b35e7b7ed656c1803f0dd7f856cdb88334c561598b75ea3f53,Brier,0.192416354168418,0.18917122268694564,0.1958115476446085,ESTIMATED,,7282,524,6431,2000,2000,1900,outcome_stratified_patient_group_cluster,20260710,2934358849,0.192416354168418
overall_P2_score_rSI_GCS_alias,overall,P2,score_rSI_GCS_alias,score_rSIG,overall,overall,validation_2024,score_component_available_subset_of_current_cohort,7289,f672c49cd45c26b35e7b7ed656c1803f0dd7f856cdb88334c561598b75ea3f53,AUROC,0.7469484851428558,0.722305766272589,0.7723149394220667,ESTIMATED,,7282,524,6431,2000,2000,1900,outcome_stratified_patient_group_cluster,20260710,583162451,0.7469484851428558
overall_P2_score_rSI_GCS_alias,overall,P2,score_rSI_GCS_alias,score_rSIG,overall,overall,validation_2024,score_component_available_subset_of_current_cohort,7289,f672c49cd45c26b35e7b7ed656c1803f0dd7f856cdb88334c561598b75ea3f53,AUPRC,0.28662815559581134,0.2522383532585073,0.3288378097579935,ESTIMATED,,7282,524,6431,2000,2000,1900,outcome_stratified_patient_group_cluster,20260710,583162451,0.28662815559581134
overall_P2_score_rSI_GCS_alias,overall,P2,score_rSI_GCS_alias,score_rSIG,overall,overall,validation_2024,score_component_available_subset_of_current_cohort,7289,f672c49cd45c26b35e7b7ed656c1803f0dd7f856cdb88334c561598b75ea3f53,Brier,0.21110415443121025,0.20719596776355778,0.21484733054040234,ESTIMATED,,7282,524,6431,2000,2000,1900,outcome_stratified_patient_group_cluster,20260710,583162451,0.21110415443121025
overall_P2_knn_classifier,overall,P2,knn_classifier,,overall,overall,validation_2024,exact_current_cohort,7289,5d8bf17dc94e374c28166ff042a59f9267d0d774cfcf16dd4b15d5b520f645e6,AUROC,0.8423675231310603,0.8242500466498495,0.8602100165874522,ESTIMATED,,7289,526,6434,2000,2000,1900,outcome_stratified_patient_group_cluster,20260710,4196524358,0.8423675231310603
overall_P2_knn_classifier,overall,P2,knn_classifier,,overall,overall,validation_2024,exact_current_cohort,7289,5d8bf17dc94e374c28166ff042a59f9267d0d774cfcf16dd4b15d5b520f645e6,AUPRC,0.3499535817537013,0.3151163284180489,0.3907552390101175,ESTIMATED,,7289,526,6434,2000,2000,1900,outcome_stratified_patient_group_cluster,20260710,4196524358,0.3499535817537013
overall_P2_knn_classifier,overall,P2,knn_classifier,,overall,overall,validation_2024,exact_current_cohort,7289,5d8bf17dc94e374c28166ff042a59f9267d0d774cfcf16dd4b15d5b520f645e6,Brier,0.05548918079946232,0.05370829379257472,0.057196982378376754,ESTIMATED,,7289,526,6434,2000,2000,1900,outcome_stratified_patient_group_cluster,20260710,4196524358,0.05548918079946232
overall_P3_decision_tree,overall,P3,decision_tree,,overall,overall,validation_2024,exact_current_cohort,7289,5d8bf17dc94e374c28166ff042a59f9267d0d774cfcf16dd4b15d5b520f645e6,AUROC,0.8589220282841629,0.8268970890165427,0.8876257130051798,ESTIMATED,,7289,237,6434,2000,2000,1900,outcome_stratified_patient_group_cluster,20260710,3920357367,0.8589220282841629
overall_P3_decision_tree,overall,P3,decision_tree,,overall,overall,validation_2024,exact_current_cohort,7289,5d8bf17dc94e374c28166ff042a59f9267d0d774cfcf16dd4b15d5b520f645e6,AUPRC,0.24768406141844612,0.2109822058460498,0.2932539776469957,ESTIMATED,,7289,237,6434,2000,2000,1900,outcome_stratified_patient_group_cluster,20260710,3920357367,0.24768406141844612
overall_P3_decision_tree,overall,P3,decision_tree,,overall,overall,validation_2024,exact_current_cohort,7289,5d8bf17dc94e374c28166ff042a59f9267d0d774cfcf16dd4b15d5b520f645e6,Brier,0.11828450848713265,0.11265314889916353,0.1241239283380636,ESTIMATED,,7289,237,6434,2000,2000,1900,outcome_stratified_patient_group_cluster,20260710,3920357367,0.11828450848713265
overall_P3_random_forest,overall,P3,random_forest,,overall,overall,validation_2024,exact_current_cohort,7289,5d8bf17dc94e374c28166ff042a59f9267d0d774cfcf16dd4b15d5b520f645e6,AUROC,0.9038708233711716,0.8841477772199502,0.9232437818861009,ESTIMATED,,7289,237,6434,2000,2000,1900,outcome_stratified_patient_group_cluster,20260710,4268548698,0.9038708233711716
overall_P3_random_forest,overall,P3,random_forest,,overall,overall,validation_2024,exact_current_cohort,7289,5d8bf17dc94e374c28166ff042a59f9267d0d774cfcf16dd4b15d5b520f645e6,AUPRC,0.3448856178154845,0.2906072134188954,0.4101415960411639,ESTIMATED,,7289,237,6434,2000,2000,1900,outcome_stratified_patient_group_cluster,20260710,4268548698,0.3448856178154845
overall_P3_random_forest,overall,P3,random_forest,,overall,overall,validation_2024,exact_current_cohort,7289,5d8bf17dc94e374c28166ff042a59f9267d0d774cfcf16dd4b15d5b520f645e6,Brier,0.050433070542240395,0.04748946316471961,0.053280562896306075,ESTIMATED,,7289,237,6434,2000,2000,1900,outcome_stratified_patient_group_cluster,20260710,4268548698,0.050433070542240395
overall_P3_balanced_random_forest,overall,P3,balanced_random_forest,,overall,overall,validation_2024,exact_current_cohort,7289,5d8bf17dc94e374c28166ff042a59f9267d0d774cfcf16dd4b15d5b520f645e6,AUROC,0.8988903408315803,0.8792027817251951,0.9164437914291303,ESTIMATED,,7289,237,6434,2000,2000,1900,outcome_stratified_patient_group_cluster,20260710,1017699298,0.8988903408315803
overall_P3_balanced_random_forest,overall,P3,balanced_random_forest,,overall,overall,validation_2024,exact_current_cohort,7289,5d8bf17dc94e374c28166ff042a59f9267d0d774cfcf16dd4b15d5b520f645e6,AUPRC,0.30273415224526196,0.25480792444610756,0.3650550841033971,ESTIMATED,,7289,237,6434,2000,2000,1900,outcome_stratified_patient_group_cluster,20260710,1017699298,0.30273415224526196
overall_P3_balanced_random_forest,overall,P3,balanced_random_forest,,overall,overall,validation_2024,exact_current_cohort,7289,5d8bf17dc94e374c28166ff042a59f9267d0d774cfcf16dd4b15d5b520f645e6,Brier,0.12069751662002776,0.11570234151913941,0.12562823851625604,ESTIMATED,,7289,237,6434,2000,2000,1900,outcome_stratified_patient_group_cluster,20260710,1017699298,0.12069751662002776
overall_P3_svm_rbf,overall,P3,svm_rbf,,overall,overall,validation_2024,exact_current_cohort,7289,5d8bf17dc94e374c28166ff042a59f9267d0d774cfcf16dd4b15d5b520f645e6,AUROC,0.8650219825719011,0.8442729470934854,0.8857677485790334,ESTIMATED,,7289,237,6434,2000,2000,1900,outcome_stratified_patient_group_cluster,20260710,1561853179,0.8650219825719011
overall_P3_svm_rbf,overall,P3,svm_rbf,,overall,overall,validation_2024,exact_current_cohort,7289,5d8bf17dc94e374c28166ff042a59f9267d0d774cfcf16dd4b15d5b520f645e6,AUPRC,0.19672449229052813,0.16042872018219825,0.2444350139334135,ESTIMATED,,7289,237,6434,2000,2000,1900,outcome_stratified_patient_group_cluster,20260710,1561853179,0.19672449229052813
overall_P3_svm_rbf,overall,P3,svm_rbf,,overall,overall,validation_2024,exact_current_cohort,7289,5d8bf17dc94e374c28166ff042a59f9267d0d774cfcf16dd4b15d5b520f645e6,Brier,0.02928180187221236,0.028005646069657684,0.030645896263202906,ESTIMATED,,7289,237,6434,2000,2000,1900,outcome_stratified_patient_group_cluster,20260710,1561853179,0.02928180187221236
overall_P3_logistic_l1,overall,P3,logistic_l1,,overall,overall,validation_2024,exact_current_cohort,7289,5d8bf17dc94e374c28166ff042a59f9267d0d774cfcf16dd4b15d5b520f645e6,AUROC,0.8413778537255493,0.8084135443888061,0.873819101282287,ESTIMATED,,7289,237,6434,2000,2000,1900,outcome_stratified_patient_group_cluster,20260710,1656443772,0.8413778537255493
overall_P3_logistic_l1,overall,P3,logistic_l1,,overall,overall,validation_2024,exact_current_cohort,7289,5d8bf17dc94e374c28166ff042a59f9267d0d774cfcf16dd4b15d5b520f645e6,AUPRC,0.28926697699077886,0.23780961113415452,0.3510860549518552,ESTIMATED,,7289,237,6434,2000,2000,1900,outcome_stratified_patient_group_cluster,20260710,1656443772,0.28926697699077886
overall_P3_logistic_l1,overall,P3,logistic_l1,,overall,overall,validation_2024,exact_current_cohort,7289,5d8bf17dc94e374c28166ff042a59f9267d0d774cfcf16dd4b15d5b520f645e6,Brier,0.10036019740679615,0.09508164684472557,0.10565283538327601,ESTIMATED,,7289,237,6434,2000,2000,1900,outcome_stratified_patient_group_cluster,20260710,1656443772,0.10036019740679615
overall_P3_logistic_l2,overall,P3,logistic_l2,,overall,overall,validation_2024,exact_current_cohort,7289,5d8bf17dc94e374c28166ff042a59f9267d0d774cfcf16dd4b15d5b520f645e6,AUROC,0.8363507015994506,0.8012216713666583,0.8675405915630874,ESTIMATED,,7289,237,6434,2000,2000,1900,outcome_stratified_patient_group_cluster,,,0.8363507015994506
overall_P3_logistic_l2,overall,P3,logistic_l2,,overall,overall,validation_2024,exact_current_cohort,7289,5d8bf17dc94e374c28166ff042a59f9267d0d774cfcf16dd4b15d5b520f645e6,AUPRC,0.2818575875679471,0.23245740635397621,0.3457599853169908,ESTIMATED,,7289,237,6434,2000,2000,1900,outcome_stratified_patient_group_cluster,,,0.2818575875679471
overall_P3_logistic_l2,overall,P3,logistic_l2,,overall,overall,validation_2024,exact_current_cohort,7289,5d8bf17dc94e374c28166ff042a59f9267d0d774cfcf16dd4b15d5b520f645e6,Brier,0.10024734712916407,0.09511378181012017,0.10554031910713317,ESTIMATED,,7289,237,6434,2000,2000,1900,outcome_stratified_patient_group_cluster,,,0.10024734712916407
overall_P3_score_NEWS2,overall,P3,score_NEWS2,,overall,overall,validation_2024,score_component_available_subset_of_current_cohort,7289,6ea8110fbed2854cedba7719b2c2ed93b0b705aa8c57916349705deaa0883f80,AUROC,0.6553178847296495,0.6142900701601436,0.697896620543747,ESTIMATED,,1033,153,943,2000,2000,1900,outcome_stratified_patient_group_cluster,20260710,2194637103,0.6553178847296495
overall_P3_score_NEWS2,overall,P3,score_NEWS2,,overall,overall,validation_2024,score_component_available_subset_of_current_cohort,7289,6ea8110fbed2854cedba7719b2c2ed93b0b705aa8c57916349705deaa0883f80,AUPRC,0.21558531897766586,0.18944707740271788,0.2585882721300593,ESTIMATED,,1033,153,943,2000,2000,1900,outcome_stratified_patient_group_cluster,20260710,2194637103,0.21558531897766586
overall_P3_score_NEWS2,overall,P3,score_NEWS2,,overall,overall,validation_2024,score_component_available_subset_of_current_cohort,7289,6ea8110fbed2854cedba7719b2c2ed93b0b705aa8c57916349705deaa0883f80,Brier,0.23011829928940639,0.22003018330874402,0.23989508221114397,ESTIMATED,,1033,153,943,2000,2000,1900,outcome_stratified_patient_group_cluster,20260710,2194637103,0.23011829928940639
overall_P3_score_rSIG,overall,P3,score_rSIG,,overall,overall,validation_2024,score_component_available_subset_of_current_cohort,7289,f672c49cd45c26b35e7b7ed656c1803f0dd7f856cdb88334c561598b75ea3f53,AUROC,0.7261915643928278,0.686944900670403,0.7618718274388037,ESTIMATED,,7282,236,6431,2000,2000,1900,outcome_stratified_patient_group_cluster,20260710,2711387633,0.7261915643928278
overall_P3_score_rSIG,overall,P3,score_rSIG,,overall,overall,validation_2024,score_component_available_subset_of_current_cohort,7289,f672c49cd45c26b35e7b7ed656c1803f0dd7f856cdb88334c561598b75ea3f53,AUPRC,0.14332284332028616,0.11367758184420046,0.18357798581871734,ESTIMATED,,7282,236,6431,2000,2000,1900,outcome_stratified_patient_group_cluster,20260710,2711387633,0.14332284332028616
overall_P3_score_rSIG,overall,P3,score_rSIG,,overall,overall,validation_2024,score_component_available_subset_of_current_cohort,7289,f672c49cd45c26b35e7b7ed656c1803f0dd7f856cdb88334c561598b75ea3f53,Brier,0.21089074428968943,0.20719800738077662,0.21482084126799592,ESTIMATED,,7282,236,6431,2000,2000,1900,outcome_stratified_patient_group_cluster,20260710,2711387633,0.21089074428968943
overall_P3_score_rSIG_Age,overall,P3,score_rSIG_Age,,overall,overall,validation_2024,score_component_available_subset_of_current_cohort,7289,c7b537636c0a24c52615c2fe949a207fb1189f2956fe395a416ecccd6edeaf15,AUROC,0.7675095098228043,0.7367273288678274,0.79931671387925,ESTIMATED,,7276,236,6425,2000,2000,1900,outcome_stratified_patient_group_cluster,20260710,1915839280,0.7675095098228043
overall_P3_score_rSIG_Age,overall,P3,score_rSIG_Age,,overall,overall,validation_2024,score_component_available_subset_of_current_cohort,7289,c7b537636c0a24c52615c2fe949a207fb1189f2956fe395a416ecccd6edeaf15,AUPRC,0.12694123750049408,0.10428225278197889,0.16272577506356473,ESTIMATED,,7276,236,6425,2000,2000,1900,outcome_stratified_patient_group_cluster,20260710,1915839280,0.12694123750049408
overall_P3_score_rSIG_Age,overall,P3,score_rSIG_Age,,overall,overall,validation_2024,score_component_available_subset_of_current_cohort,7289,c7b537636c0a24c52615c2fe949a207fb1189f2956fe395a416ecccd6edeaf15,Brier,0.21210081301719225,0.20729533001224137,0.21688910650370463,ESTIMATED,,7276,236,6425,2000,2000,1900,outcome_stratified_patient_group_cluster,20260710,1915839280,0.21210081301719225
overall_P3_score_SIA_G,overall,P3,score_SIA_G,,overall,overall,validation_2024,score_component_available_subset_of_current_cohort,7289,c7b537636c0a24c52615c2fe949a207fb1189f2956fe395a416ecccd6edeaf15,AUROC,0.7675107135978428,0.7345036729154636,0.7973962969876367,ESTIMATED,,7276,236,6425,2000,2000,1900,outcome_stratified_patient_group_cluster,20260710,2377247751,0.7675107135978428
overall_P3_score_SIA_G,overall,P3,score_SIA_G,,overall,overall,validation_2024,score_component_available_subset_of_current_cohort,7289,c7b537636c0a24c52615c2fe949a207fb1189f2956fe395a416ecccd6edeaf15,AUPRC,0.1269399006868867,0.10325878152165004,0.16470339534662784,ESTIMATED,,7276,236,6425,2000,2000,1900,outcome_stratified_patient_group_cluster,20260710,2377247751,0.1269399006868867
overall_P3_score_SIA_G,overall,P3,score_SIA_G,,overall,overall,validation_2024,score_component_available_subset_of_current_cohort,7289,c7b537636c0a24c52615c2fe949a207fb1189f2956fe395a416ecccd6edeaf15,Brier,0.18602700889588897,0.18219032627846696,0.1899453107093425,ESTIMATED,,7276,236,6425,2000,2000,1900,outcome_stratified_patient_group_cluster,20260710,2377247751,0.18602700889588897
overall_P3_score_SI_G,overall,P3,score_SI_G,,overall,overall,validation_2024,score_component_available_subset_of_current_cohort,7289,f672c49cd45c26b35e7b7ed656c1803f0dd7f856cdb88334c561598b75ea3f53,AUROC,0.7261831451430552,0.6889198048405961,0.7636070228590933,ESTIMATED,,7282,236,6431,2000,2000,1900,outcome_stratified_patient_group_cluster,20260710,2157156794,0.7261831451430552
overall_P3_score_SI_G,overall,P3,score_SI_G,,overall,overall,validation_2024,score_component_available_subset_of_current_cohort,7289,f672c49cd45c26b35e7b7ed656c1803f0dd7f856cdb88334c561598b75ea3f53,AUPRC,0.14332395194692785,0.11539319949656904,0.18830099215717266,ESTIMATED,,7282,236,6431,2000,2000,1900,outcome_stratified_patient_group_cluster,20260710,2157156794,0.14332395194692785
overall_P3_score_SI_G,overall,P3,score_SI_G,,overall,overall,validation_2024,score_component_available_subset_of_current_cohort,7289,f672c49cd45c26b35e7b7ed656c1803f0dd7f856cdb88334c561598b75ea3f53,Brier,0.1871469742987195,0.18387603900368563,0.1905235353125479,ESTIMATED,,7282,236,6431,2000,2000,1900,outcome_stratified_patient_group_cluster,20260710,2157156794,0.1871469742987195
overall_P3_score_SI,overall,P3,score_SI,,overall,overall,validation_2024,exact_current_cohort,7289,5d8bf17dc94e374c28166ff042a59f9267d0d774cfcf16dd4b15d5b520f645e6,AUROC,0.5638173687447796,0.5192945953472701,0.6077678762545468,ESTIMATED,,7289,237,6434,2000,2000,1900,outcome_stratified_patient_group_cluster,20260710,79115498,0.5638173687447796
overall_P3_score_SI,overall,P3,score_SI,,overall,overall,validation_2024,exact_current_cohort,7289,5d8bf17dc94e374c28166ff042a59f9267d0d774cfcf16dd4b15d5b520f645e6,AUPRC,0.05505129314530338,0.04496182138264493,0.07287907099381057,ESTIMATED,,7289,237,6434,2000,2000,1900,outcome_stratified_patient_group_cluster,20260710,79115498,0.05505129314530338
overall_P3_score_SI,overall,P3,score_SI,,overall,overall,validation_2024,exact_current_cohort,7289,5d8bf17dc94e374c28166ff042a59f9267d0d774cfcf16dd4b15d5b520f645e6,Brier,0.2474963436689727,0.24558248934003934,0.2494661300016191,ESTIMATED,,7289,237,6434,2000,2000,1900,outcome_stratified_patient_group_cluster,20260710,79115498,0.2474963436689727
overall_P3_score_mSI,overall,P3,score_mSI,,overall,overall,validation_2024,score_component_available_subset_of_current_cohort,7289,99214c41cc79254315d5236f925d0c5a347475236dba0e161bfd4324bfd4849d,AUROC,0.5642975887787275,0.5166030036404023,0.6098045055285943,ESTIMATED,,6308,199,5577,2000,2000,1900,outcome_stratified_patient_group_cluster,20260710,1566568457,0.5642975887787275
overall_P3_score_mSI,overall,P3,score_mSI,,overall,overall,validation_2024,score_component_available_subset_of_current_cohort,7289,99214c41cc79254315d5236f925d0c5a347475236dba0e161bfd4324bfd4849d,AUPRC,0.06219396141020029,0.04855357600021583,0.08740579106195633,ESTIMATED,,6308,199,5577,2000,2000,1900,outcome_stratified_patient_group_cluster,20260710,1566568457,0.06219396141020029
overall_P3_score_mSI,overall,P3,score_mSI,,overall,overall,validation_2024,score_component_available_subset_of_current_cohort,7289,99214c41cc79254315d5236f925d0c5a347475236dba0e161bfd4324bfd4849d,Brier,0.2408879846787579,0.23917509116805363,0.2426213918237686,ESTIMATED,,6308,199,5577,2000,2000,1900,outcome_stratified_patient_group_cluster,20260710,1566568457,0.2408879846787579
overall_P3_score_aSI,overall,P3,score_aSI,,overall,overall,validation_2024,score_component_available_subset_of_current_cohort,7289,60a6aed7f85358c43a18c4ad54b17d129448b812de5d0af1ae3895d6f58e9244,AUROC,0.6392390092352724,0.6046811034912355,0.6740384621528662,ESTIMATED,,7283,237,6428,2000,2000,1900,outcome_stratified_patient_group_cluster,20260710,3677189612,0.6392390092352724
overall_P3_score_aSI,overall,P3,score_aSI,,overall,overall,validation_2024,score_component_available_subset_of_current_cohort,7289,60a6aed7f85358c43a18c4ad54b17d129448b812de5d0af1ae3895d6f58e9244,AUPRC,0.05902983585162953,0.04984006217748945,0.07769707742223676,ESTIMATED,,7283,237,6428,2000,2000,1900,outcome_stratified_patient_group_cluster,20260710,3677189612,0.05902983585162953
overall_P3_score_aSI,overall,P3,score_aSI,,overall,overall,validation_2024,score_component_available_subset_of_current_cohort,7289,60a6aed7f85358c43a18c4ad54b17d129448b812de5d0af1ae3895d6f58e9244,Brier,0.238976509633228,0.23523057986126522,0.24266441948977188,ESTIMATED,,7283,237,6428,2000,2000,1900,outcome_stratified_patient_group_cluster,20260710,3677189612,0.238976509633228
overall_P3_score_rSI,overall,P3,score_rSI,,overall,overall,validation_2024,exact_current_cohort,7289,5d8bf17dc94e374c28166ff042a59f9267d0d774cfcf16dd4b15d5b520f645e6,AUROC,0.5638173687447796,0.5205902649395202,0.6059783148650643,ESTIMATED,,7289,237,6434,2000,2000,1900,outcome_stratified_patient_group_cluster,20260710,4148411289,0.5638173687447796
overall_P3_score_rSI,overall,P3,score_rSI,,overall,overall,validation_2024,exact_current_cohort,7289,5d8bf17dc94e374c28166ff042a59f9267d0d774cfcf16dd4b15d5b520f645e6,AUPRC,0.05505129314530338,0.0449559175909554,0.07238358708181417,ESTIMATED,,7289,237,6434,2000,2000,1900,outcome_stratified_patient_group_cluster,20260710,4148411289,0.05505129314530338
overall_P3_score_rSI,overall,P3,score_rSI,,overall,overall,validation_2024,exact_current_cohort,7289,5d8bf17dc94e374c28166ff042a59f9267d0d774cfcf16dd4b15d5b520f645e6,Brier,0.2508089484233785,0.24993789601620053,0.25172008651368166,ESTIMATED,,7289,237,6434,2000,2000,1900,outcome_stratified_patient_group_cluster,20260710,4148411289,0.2508089484233785
overall_P3_score_rSI_sMS,overall,P3,score_rSI_sMS,,overall,overall,validation_2024,exact_current_cohort,7289,5d8bf17dc94e374c28166ff042a59f9267d0d774cfcf16dd4b15d5b520f645e6,AUROC,0.7210460090323599,0.6815056877241784,0.7578062763319728,ESTIMATED,,7289,237,6434,2000,2000,1900,outcome_stratified_patient_group_cluster,,,0.7210460090323599
overall_P3_score_rSI_sMS,overall,P3,score_rSI_sMS,,overall,overall,validation_2024,exact_current_cohort,7289,5d8bf17dc94e374c28166ff042a59f9267d0d774cfcf16dd4b15d5b520f645e6,AUPRC,0.11397601661632588,0.0936865931981299,0.14743924974428316,ESTIMATED,,7289,237,6434,2000,2000,1900,outcome_stratified_patient_group_cluster,,,0.11397601661632588
overall_P3_score_rSI_sMS,overall,P3,score_rSI_sMS,,overall,overall,validation_2024,exact_current_cohort,7289,5d8bf17dc94e374c28166ff042a59f9267d0d774cfcf16dd4b15d5b520f645e6,Brier,0.21603380362095193,0.21230131973719393,0.21990200942303945,ESTIMATED,,7289,237,6434,2000,2000,1900,outcome_stratified_patient_group_cluster,,,0.21603380362095193
overall_P3_score_rSI_GCSM,overall,P3,score_rSI_GCSM,,overall,overall,validation_2024,exact_current_cohort,7289,5d8bf17dc94e374c28166ff042a59f9267d0d774cfcf16dd4b15d5b520f645e6,AUROC,0.7034527715751105,0.6622578025353932,0.7432733272133284,ESTIMATED,,7289,237,6434,2000,2000,1900,outcome_stratified_patient_group_cluster,20260710,1615724807,0.7034527715751105
overall_P3_score_rSI_GCSM,overall,P3,score_rSI_GCSM,,overall,overall,validation_2024,exact_current_cohort,7289,5d8bf17dc94e374c28166ff042a59f9267d0d774cfcf16dd4b15d5b520f645e6,AUPRC,0.13246635081810595,0.10470557577662101,0.17353968446826268,ESTIMATED,,7289,237,6434,2000,2000,1900,outcome_stratified_patient_group_cluster,20260710,1615724807,0.13246635081810595
overall_P3_score_rSI_GCSM,overall,P3,score_rSI_GCSM,,overall,overall,validation_2024,exact_current_cohort,7289,5d8bf17dc94e374c28166ff042a59f9267d0d774cfcf16dd4b15d5b520f645e6,Brier,0.21677510524865076,0.2131830666220735,0.22043642635919386,ESTIMATED,,7289,237,6434,2000,2000,1900,outcome_stratified_patient_group_cluster,20260710,1615724807,0.21677510524865076
overall_P3_score_SIAVPU,overall,P3,score_SIAVPU,,overall,overall,validation_2024,exact_current_cohort,7289,5d8bf17dc94e374c28166ff042a59f9267d0d774cfcf16dd4b15d5b520f645e6,AUROC,0.6026973226017217,0.5565311569699111,0.6499531143499006,ESTIMATED,,7289,237,6434,2000,2000,1900,outcome_stratified_patient_group_cluster,20260710,2090456221,0.6026973226017217
overall_P3_score_SIAVPU,overall,P3,score_SIAVPU,,overall,overall,validation_2024,exact_current_cohort,7289,5d8bf17dc94e374c28166ff042a59f9267d0d774cfcf16dd4b15d5b520f645e6,AUPRC,0.17405238832742448,0.12797092081514255,0.2324315791222136,ESTIMATED,,7289,237,6434,2000,2000,1900,outcome_stratified_patient_group_cluster,20260710,2090456221,0.17405238832742448
overall_P3_score_SIAVPU,overall,P3,score_SIAVPU,,overall,overall,validation_2024,exact_current_cohort,7289,5d8bf17dc94e374c28166ff042a59f9267d0d774cfcf16dd4b15d5b520f645e6,Brier,0.23833396239209134,0.2371274774947448,0.23954582873955313,ESTIMATED,,7289,237,6434,2000,2000,1900,outcome_stratified_patient_group_cluster,20260710,2090456221,0.23833396239209134
overall_P3_score_sMS,overall,P3,score_sMS,,overall,overall,validation_2024,exact_current_cohort,7289,5d8bf17dc94e374c28166ff042a59f9267d0d774cfcf16dd4b15d5b520f645e6,AUROC,0.6934858232156064,0.6626972353009906,0.7257261375536654,ESTIMATED,,7289,237,6434,2000,2000,1900,outcome_stratified_patient_group_cluster,20260710,3462617558,0.6934858232156064
overall_P3_score_sMS,overall,P3,score_sMS,,overall,overall,validation_2024,exact_current_cohort,7289,5d8bf17dc94e374c28166ff042a59f9267d0d774cfcf16dd4b15d5b520f645e6,AUPRC,0.10022755230149628,0.0821654584758335,0.12217813393892252,ESTIMATED,,7289,237,6434,2000,2000,1900,outcome_stratified_patient_group_cluster,20260710,3462617558,0.10022755230149628
overall_P3_score_sMS,overall,P3,score_sMS,,overall,overall,validation_2024,exact_current_cohort,7289,5d8bf17dc94e374c28166ff042a59f9267d0d774cfcf16dd4b15d5b520f645e6,Brier,0.1792252971504194,0.17526333609202457,0.1832290961469061,ESTIMATED,,7289,237,6434,2000,2000,1900,outcome_stratified_patient_group_cluster,20260710,3462617558,0.1792252971504194
overall_P3_score_qSOFA,overall,P3,score_qSOFA,,overall,overall,validation_2024,exact_current_cohort,7289,5d8bf17dc94e374c28166ff042a59f9267d0d774cfcf16dd4b15d5b520f645e6,AUROC,0.7693732633528868,0.7408101518489916,0.7986219199928605,ESTIMATED,,7289,237,6434,2000,2000,1900,outcome_stratified_patient_group_cluster,20260710,2832558013,0.7693732633528868
overall_P3_score_qSOFA,overall,P3,score_qSOFA,,overall,overall,validation_2024,exact_current_cohort,7289,5d8bf17dc94e374c28166ff042a59f9267d0d774cfcf16dd4b15d5b520f645e6,AUPRC,0.09205050358042946,0.07861613357742801,0.11032443671212429,ESTIMATED,,7289,237,6434,2000,2000,1900,outcome_stratified_patient_group_cluster,20260710,2832558013,0.09205050358042946
overall_P3_score_qSOFA,overall,P3,score_qSOFA,,overall,overall,validation_2024,exact_current_cohort,7289,5d8bf17dc94e374c28166ff042a59f9267d0d774cfcf16dd4b15d5b520f645e6,Brier,0.19360949072343034,0.18765008733235689,0.19960920443977906,ESTIMATED,,7289,237,6434,2000,2000,1900,outcome_stratified_patient_group_cluster,20260710,2832558013,0.19360949072343034
overall_P3_score_MEWS,overall,P3,score_MEWS,,overall,overall,validation_2024,score_component_available_subset_of_current_cohort,7289,349f2754ba90ab7e749e83be36898f18d6c2a7ee90f42aa14df2b41c9212038d,AUROC,0.7972627996028933,0.767241506251471,0.8259712595029486,ESTIMATED,,7288,237,6433,2000,2000,1900,outcome_stratified_patient_group_cluster,20260710,314394549,0.7972627996028933
overall_P3_score_MEWS,overall,P3,score_MEWS,,overall,overall,validation_2024,score_component_available_subset_of_current_cohort,7289,349f2754ba90ab7e749e83be36898f18d6c2a7ee90f42aa14df2b41c9212038d,AUPRC,0.12662329528907598,0.10598236032679972,0.15474718015404842,ESTIMATED,,7288,237,6433,2000,2000,1900,outcome_stratified_patient_group_cluster,20260710,314394549,0.12662329528907598
overall_P3_score_MEWS,overall,P3,score_MEWS,,overall,overall,validation_2024,score_component_available_subset_of_current_cohort,7289,349f2754ba90ab7e749e83be36898f18d6c2a7ee90f42aa14df2b41c9212038d,Brier,0.17078477637539738,0.1660243249259579,0.17541683215655257,ESTIMATED,,7288,237,6433,2000,2000,1900,outcome_stratified_patient_group_cluster,20260710,314394549,0.17078477637539738
overall_P3_score_REMS,overall,P3,score_REMS,,overall,overall,validation_2024,score_component_available_subset_of_current_cohort,7289,31c450d82c0ff3be50b48bf73e165b23ca00cf04b96c1177359a11c9eafcabc5,AUROC,0.7689363799511723,0.7367270473570317,0.8001417781167453,ESTIMATED,,6306,199,5575,2000,2000,1900,outcome_stratified_patient_group_cluster,20260710,3596032166,0.7689363799511723
overall_P3_score_REMS,overall,P3,score_REMS,,overall,overall,validation_2024,score_component_available_subset_of_current_cohort,7289,31c450d82c0ff3be50b48bf73e165b23ca00cf04b96c1177359a11c9eafcabc5,AUPRC,0.13257837713087217,0.1022119437878754,0.1764813664978248,ESTIMATED,,6306,199,5575,2000,2000,1900,outcome_stratified_patient_group_cluster,20260710,3596032166,0.13257837713087217
overall_P3_score_REMS,overall,P3,score_REMS,,overall,overall,validation_2024,score_component_available_subset_of_current_cohort,7289,31c450d82c0ff3be50b48bf73e165b23ca00cf04b96c1177359a11c9eafcabc5,Brier,0.19029907327186188,0.18501234380654683,0.19586983515190978,ESTIMATED,,6306,199,5575,2000,2000,1900,outcome_stratified_patient_group_cluster,20260710,3596032166,0.19029907327186188
overall_P3_score_RTS,overall,P3,score_RTS,,overall,overall,validation_2024,score_component_available_subset_of_current_cohort,7289,f672c49cd45c26b35e7b7ed656c1803f0dd7f856cdb88334c561598b75ea3f53,AUROC,0.7088328754865123,0.6746371523561971,0.744848841137131,ESTIMATED,,7282,236,6431,2000,2000,1900,outcome_stratified_patient_group_cluster,20260710,2952983090,0.7088328754865123
overall_P3_score_RTS,overall,P3,score_RTS,,overall,overall,validation_2024,score_component_available_subset_of_current_cohort,7289,f672c49cd45c26b35e7b7ed656c1803f0dd7f856cdb88334c561598b75ea3f53,AUPRC,0.14987238266251296,0.11839271360880284,0.19326501112098537,ESTIMATED,,7282,236,6431,2000,2000,1900,outcome_stratified_patient_group_cluster,20260710,2952983090,0.14987238266251296
overall_P3_score_RTS,overall,P3,score_RTS,,overall,overall,validation_2024,score_component_available_subset_of_current_cohort,7289,f672c49cd45c26b35e7b7ed656c1803f0dd7f856cdb88334c561598b75ea3f53,Brier,0.17302399748431255,0.1694580558861852,0.17697540160905312,ESTIMATED,,7282,236,6431,2000,2000,1900,outcome_stratified_patient_group_cluster,20260710,2952983090,0.17302399748431255
overall_P3_score_rSI_GCS_alias,overall,P3,score_rSI_GCS_alias,score_rSIG,overall,overall,validation_2024,score_component_available_subset_of_current_cohort,7289,f672c49cd45c26b35e7b7ed656c1803f0dd7f856cdb88334c561598b75ea3f53,AUROC,0.7261915643928278,0.686944900670403,0.7618718274388037,ESTIMATED,,7282,236,6431,2000,2000,1900,outcome_stratified_patient_group_cluster,20260710,2711387633,0.7261915643928278
overall_P3_score_rSI_GCS_alias,overall,P3,score_rSI_GCS_alias,score_rSIG,overall,overall,validation_2024,score_component_available_subset_of_current_cohort,7289,f672c49cd45c26b35e7b7ed656c1803f0dd7f856cdb88334c561598b75ea3f53,AUPRC,0.14332284332028616,0.11367758184420046,0.18357798581871734,ESTIMATED,,7282,236,6431,2000,2000,1900,outcome_stratified_patient_group_cluster,20260710,2711387633,0.14332284332028616
overall_P3_score_rSI_GCS_alias,overall,P3,score_rSI_GCS_alias,score_rSIG,overall,overall,validation_2024,score_component_available_subset_of_current_cohort,7289,f672c49cd45c26b35e7b7ed656c1803f0dd7f856cdb88334c561598b75ea3f53,Brier,0.21089074428968943,0.20719800738077662,0.21482084126799592,ESTIMATED,,7282,236,6431,2000,2000,1900,outcome_stratified_patient_group_cluster,20260710,2711387633,0.21089074428968943
overall_P3_knn_classifier,overall,P3,knn_classifier,,overall,overall,validation_2024,exact_current_cohort,7289,5d8bf17dc94e374c28166ff042a59f9267d0d774cfcf16dd4b15d5b520f645e6,AUROC,0.8284294367818569,0.798551022667255,0.8590473298879764,ESTIMATED,,7289,237,6434,2000,2000,1900,outcome_stratified_patient_group_cluster,20260710,2882945257,0.8284294367818569
overall_P3_knn_classifier,overall,P3,knn_classifier,,overall,overall,validation_2024,exact_current_cohort,7289,5d8bf17dc94e374c28166ff042a59f9267d0d774cfcf16dd4b15d5b520f645e6,AUPRC,0.2588811998507575,0.20879129545700062,0.3198066611703237,ESTIMATED,,7289,237,6434,2000,2000,1900,outcome_stratified_patient_group_cluster,20260710,2882945257,0.2588811998507575
overall_P3_knn_classifier,overall,P3,knn_classifier,,overall,overall,validation_2024,exact_current_cohort,7289,5d8bf17dc94e374c28166ff042a59f9267d0d774cfcf16dd4b15d5b520f645e6,Brier,0.02736347390390772,0.026324576350062478,0.02846880271966655,ESTIMATED,,7289,237,6434,2000,2000,1900,outcome_stratified_patient_group_cluster,20260710,2882945257,0.02736347390390772
overall_S1_decision_tree,overall,S1,decision_tree,,overall,overall,validation_2024,exact_current_cohort,7289,5d8bf17dc94e374c28166ff042a59f9267d0d774cfcf16dd4b15d5b520f645e6,AUROC,0.8122200478364863,0.7636565363829987,0.856768260528212,ESTIMATED,,7289,135,6434,2000,2000,1900,outcome_stratified_patient_group_cluster,20260710,955836307,0.8122200478364863
overall_S1_decision_tree,overall,S1,decision_tree,,overall,overall,validation_2024,exact_current_cohort,7289,5d8bf17dc94e374c28166ff042a59f9267d0d774cfcf16dd4b15d5b520f645e6,AUPRC,0.11277977922761617,0.08772680276275549,0.15008186571171692,ESTIMATED,,7289,135,6434,2000,2000,1900,outcome_stratified_patient_group_cluster,20260710,955836307,0.11277977922761617
overall_S1_decision_tree,overall,S1,decision_tree,,overall,overall,validation_2024,exact_current_cohort,7289,5d8bf17dc94e374c28166ff042a59f9267d0d774cfcf16dd4b15d5b520f645e6,Brier,0.13073424920204152,0.12444053064758563,0.13725605028542573,ESTIMATED,,7289,135,6434,2000,2000,1900,outcome_stratified_patient_group_cluster,20260710,955836307,0.13073424920204152
overall_S1_random_forest,overall,S1,random_forest,,overall,overall,validation_2024,exact_current_cohort,7289,5d8bf17dc94e374c28166ff042a59f9267d0d774cfcf16dd4b15d5b520f645e6,AUROC,0.9092825562492882,0.8867109426408704,0.9297145109217797,ESTIMATED,,7289,135,6434,2000,2000,1900,outcome_stratified_patient_group_cluster,20260710,1940162503,0.9092825562492882
overall_S1_random_forest,overall,S1,random_forest,,overall,overall,validation_2024,exact_current_cohort,7289,5d8bf17dc94e374c28166ff042a59f9267d0d774cfcf16dd4b15d5b520f645e6,AUPRC,0.17734454449470974,0.1423771030377793,0.23473532377631542,ESTIMATED,,7289,135,6434,2000,2000,1900,outcome_stratified_patient_group_cluster,20260710,1940162503,0.17734454449470974
overall_S1_random_forest,overall,S1,random_forest,,overall,overall,validation_2024,exact_current_cohort,7289,5d8bf17dc94e374c28166ff042a59f9267d0d774cfcf16dd4b15d5b520f645e6,Brier,0.03427554714103455,0.03209947353273021,0.03647306906052094,ESTIMATED,,7289,135,6434,2000,2000,1900,outcome_stratified_patient_group_cluster,20260710,1940162503,0.03427554714103455
overall_S1_balanced_random_forest,overall,S1,balanced_random_forest,,overall,overall,validation_2024,exact_current_cohort,7289,5d8bf17dc94e374c28166ff042a59f9267d0d774cfcf16dd4b15d5b520f645e6,AUROC,0.9039314964950972,0.8809151789699415,0.9240249994985112,ESTIMATED,,7289,135,6434,2000,2000,1900,outcome_stratified_patient_group_cluster,20260710,3138632323,0.9039314964950972
overall_S1_balanced_random_forest,overall,S1,balanced_random_forest,,overall,overall,validation_2024,exact_current_cohort,7289,5d8bf17dc94e374c28166ff042a59f9267d0d774cfcf16dd4b15d5b520f645e6,AUPRC,0.18037656751656042,0.1425735922632569,0.2423375416684752,ESTIMATED,,7289,135,6434,2000,2000,1900,outcome_stratified_patient_group_cluster,20260710,3138632323,0.18037656751656042
overall_S1_balanced_random_forest,overall,S1,balanced_random_forest,,overall,overall,validation_2024,exact_current_cohort,7289,5d8bf17dc94e374c28166ff042a59f9267d0d774cfcf16dd4b15d5b520f645e6,Brier,0.12646694160379793,0.12145085067921728,0.1315164276398636,ESTIMATED,,7289,135,6434,2000,2000,1900,outcome_stratified_patient_group_cluster,20260710,3138632323,0.12646694160379793
overall_S1_svm_rbf,overall,S1,svm_rbf,,overall,overall,validation_2024,exact_current_cohort,7289,5d8bf17dc94e374c28166ff042a59f9267d0d774cfcf16dd4b15d5b520f645e6,AUROC,0.8597666159309996,0.8319158631736628,0.8855118247875949,ESTIMATED,,7289,135,6434,2000,2000,1900,outcome_stratified_patient_group_cluster,20260710,3050794252,0.8597666159309996
overall_S1_svm_rbf,overall,S1,svm_rbf,,overall,overall,validation_2024,exact_current_cohort,7289,5d8bf17dc94e374c28166ff042a59f9267d0d774cfcf16dd4b15d5b520f645e6,AUPRC,0.11145819174768601,0.08516780391862476,0.15956017449444776,ESTIMATED,,7289,135,6434,2000,2000,1900,outcome_stratified_patient_group_cluster,20260710,3050794252,0.11145819174768601
overall_S1_svm_rbf,overall,S1,svm_rbf,,overall,overall,validation_2024,exact_current_cohort,7289,5d8bf17dc94e374c28166ff042a59f9267d0d774cfcf16dd4b15d5b520f645e6,Brier,0.01746056334282229,0.01688883408266855,0.017995313153152635,ESTIMATED,,7289,135,6434,2000,2000,1900,outcome_stratified_patient_group_cluster,20260710,3050794252,0.01746056334282229
overall_S1_logistic_l1,overall,S1,logistic_l1,,overall,overall,validation_2024,exact_current_cohort,7289,5d8bf17dc94e374c28166ff042a59f9267d0d774cfcf16dd4b15d5b520f645e6,AUROC,0.8397467358328417,0.8007561259251591,0.8769994179827283,ESTIMATED,,7289,135,6434,2000,2000,1900,outcome_stratified_patient_group_cluster,20260710,4056386992,0.8397467358328417
overall_S1_logistic_l1,overall,S1,logistic_l1,,overall,overall,validation_2024,exact_current_cohort,7289,5d8bf17dc94e374c28166ff042a59f9267d0d774cfcf16dd4b15d5b520f645e6,AUPRC,0.1739394598794028,0.12812288601024932,0.23187295883657946,ESTIMATED,,7289,135,6434,2000,2000,1900,outcome_stratified_patient_group_cluster,20260710,4056386992,0.1739394598794028
overall_S1_logistic_l1,overall,S1,logistic_l1,,overall,overall,validation_2024,exact_current_cohort,7289,5d8bf17dc94e374c28166ff042a59f9267d0d774cfcf16dd4b15d5b520f645e6,Brier,0.09949406150395838,0.09391982431757163,0.10521315452750668,ESTIMATED,,7289,135,6434,2000,2000,1900,outcome_stratified_patient_group_cluster,20260710,4056386992,0.09949406150395838
overall_S1_logistic_l2,overall,S1,logistic_l2,,overall,overall,validation_2024,exact_current_cohort,7289,5d8bf17dc94e374c28166ff042a59f9267d0d774cfcf16dd4b15d5b520f645e6,AUROC,0.8256442912020212,0.7796897558806994,0.8658546499363631,ESTIMATED,,7289,135,6434,2000,2000,1900,outcome_stratified_patient_group_cluster,,,0.8256442912020212
overall_S1_logistic_l2,overall,S1,logistic_l2,,overall,overall,validation_2024,exact_current_cohort,7289,5d8bf17dc94e374c28166ff042a59f9267d0d774cfcf16dd4b15d5b520f645e6,AUPRC,0.15695022544489334,0.11743749387494774,0.2178874895919538,ESTIMATED,,7289,135,6434,2000,2000,1900,outcome_stratified_patient_group_cluster,,,0.15695022544489334
overall_S1_logistic_l2,overall,S1,logistic_l2,,overall,overall,validation_2024,exact_current_cohort,7289,5d8bf17dc94e374c28166ff042a59f9267d0d774cfcf16dd4b15d5b520f645e6,Brier,0.09967006172052432,0.09398333608242714,0.1051644024369142,ESTIMATED,,7289,135,6434,2000,2000,1900,outcome_stratified_patient_group_cluster,,,0.09967006172052432
overall_S1_score_NEWS2,overall,S1,score_NEWS2,,overall,overall,validation_2024,score_component_available_subset_of_current_cohort,7289,6ea8110fbed2854cedba7719b2c2ed93b0b705aa8c57916349705deaa0883f80,AUROC,0.6789560504300695,0.6238594580084125,0.7324995728012408,ESTIMATED,,1033,90,943,2000,2000,1900,outcome_stratified_patient_group_cluster,20260710,465966927,0.6789560504300695
overall_S1_score_NEWS2,overall,S1,score_NEWS2,,overall,overall,validation_2024,score_component_available_subset_of_current_cohort,7289,6ea8110fbed2854cedba7719b2c2ed93b0b705aa8c57916349705deaa0883f80,AUPRC,0.16459229520194477,0.1280402155948228,0.22618377571014292,ESTIMATED,,1033,90,943,2000,2000,1900,outcome_stratified_patient_group_cluster,20260710,465966927,0.16459229520194477
overall_S1_score_NEWS2,overall,S1,score_NEWS2,,overall,overall,validation_2024,score_component_available_subset_of_current_cohort,7289,6ea8110fbed2854cedba7719b2c2ed93b0b705aa8c57916349705deaa0883f80,Brier,0.22172974887420782,0.21129694986793293,0.23214065963265418,ESTIMATED,,1033,90,943,2000,2000,1900,outcome_stratified_patient_group_cluster,20260710,465966927,0.22172974887420782
overall_S1_score_rSIG,overall,S1,score_rSIG,,overall,overall,validation_2024,score_component_available_subset_of_current_cohort,7289,f672c49cd45c26b35e7b7ed656c1803f0dd7f856cdb88334c561598b75ea3f53,AUROC,0.7968165871202111,0.7500962556212247,0.8396975793772298,ESTIMATED,,7282,135,6431,2000,2000,1900,outcome_stratified_patient_group_cluster,20260710,2390412147,0.7968165871202111
overall_S1_score_rSIG,overall,S1,score_rSIG,,overall,overall,validation_2024,score_component_available_subset_of_current_cohort,7289,f672c49cd45c26b35e7b7ed656c1803f0dd7f856cdb88334c561598b75ea3f53,AUPRC,0.10692409957244,0.08399055901287773,0.14804342438451604,ESTIMATED,,7282,135,6431,2000,2000,1900,outcome_stratified_patient_group_cluster,20260710,2390412147,0.10692409957244
overall_S1_score_rSIG,overall,S1,score_rSIG,,overall,overall,validation_2024,score_component_available_subset_of_current_cohort,7289,f672c49cd45c26b35e7b7ed656c1803f0dd7f856cdb88334c561598b75ea3f53,Brier,0.18885144915452215,0.18467084636079556,0.19309965332828105,ESTIMATED,,7282,135,6431,2000,2000,1900,outcome_stratified_patient_group_cluster,20260710,2390412147,0.18885144915452215
overall_S1_score_rSIG_Age,overall,S1,score_rSIG_Age,,overall,overall,validation_2024,score_component_available_subset_of_current_cohort,7289,c7b537636c0a24c52615c2fe949a207fb1189f2956fe395a416ecccd6edeaf15,AUROC,0.8583153101287817,0.8251863930805416,0.8874793915408156,ESTIMATED,,7276,135,6425,2000,2000,1900,outcome_stratified_patient_group_cluster,20260710,2420485085,0.8583153101287817
overall_S1_score_rSIG_Age,overall,S1,score_rSIG_Age,,overall,overall,validation_2024,score_component_available_subset_of_current_cohort,7289,c7b537636c0a24c52615c2fe949a207fb1189f2956fe395a416ecccd6edeaf15,AUPRC,0.124375896368537,0.09908146937925295,0.1646499805241689,ESTIMATED,,7276,135,6425,2000,2000,1900,outcome_stratified_patient_group_cluster,20260710,2420485085,0.124375896368537
overall_S1_score_rSIG_Age,overall,S1,score_rSIG_Age,,overall,overall,validation_2024,score_component_available_subset_of_current_cohort,7289,c7b537636c0a24c52615c2fe949a207fb1189f2956fe395a416ecccd6edeaf15,Brier,0.17715191789611365,0.1715481624714436,0.18280781176321453,ESTIMATED,,7276,135,6425,2000,2000,1900,outcome_stratified_patient_group_cluster,20260710,2420485085,0.17715191789611365
overall_S1_score_SIA_G,overall,S1,score_SIA_G,,overall,overall,validation_2024,score_component_available_subset_of_current_cohort,7289,c7b537636c0a24c52615c2fe949a207fb1189f2956fe395a416ecccd6edeaf15,AUROC,0.8583153101287817,0.8256308818812998,0.8891301062432418,ESTIMATED,,7276,135,6425,2000,2000,1900,outcome_stratified_patient_group_cluster,20260710,1847194278,0.8583153101287817
overall_S1_score_SIA_G,overall,S1,score_SIA_G,,overall,overall,validation_2024,score_component_available_subset_of_current_cohort,7289,c7b537636c0a24c52615c2fe949a207fb1189f2956fe395a416ecccd6edeaf15,AUPRC,0.12437571505290963,0.09888306401278434,0.16849029834746487,ESTIMATED,,7276,135,6425,2000,2000,1900,outcome_stratified_patient_group_cluster,20260710,1847194278,0.12437571505290963
overall_S1_score_SIA_G,overall,S1,score_SIA_G,,overall,overall,validation_2024,score_component_available_subset_of_current_cohort,7289,c7b537636c0a24c52615c2fe949a207fb1189f2956fe395a416ecccd6edeaf15,Brier,0.1488509053324,0.14439441475161988,0.1532904080303319,ESTIMATED,,7276,135,6425,2000,2000,1900,outcome_stratified_patient_group_cluster,20260710,1847194278,0.1488509053324
overall_S1_score_SI_G,overall,S1,score_SI_G,,overall,overall,validation_2024,score_component_available_subset_of_current_cohort,7289,f672c49cd45c26b35e7b7ed656c1803f0dd7f856cdb88334c561598b75ea3f53,AUROC,0.7968005223636957,0.7487353224093775,0.8404175302787169,ESTIMATED,,7282,135,6431,2000,2000,1900,outcome_stratified_patient_group_cluster,20260710,1991423137,0.7968005223636957
overall_S1_score_SI_G,overall,S1,score_SI_G,,overall,overall,validation_2024,score_component_available_subset_of_current_cohort,7289,f672c49cd45c26b35e7b7ed656c1803f0dd7f856cdb88334c561598b75ea3f53,AUPRC,0.10691556898267573,0.08250551947952732,0.14669361121890817,ESTIMATED,,7282,135,6431,2000,2000,1900,outcome_stratified_patient_group_cluster,20260710,1991423137,0.10691556898267573
overall_S1_score_SI_G,overall,S1,score_SI_G,,overall,overall,validation_2024,score_component_available_subset_of_current_cohort,7289,f672c49cd45c26b35e7b7ed656c1803f0dd7f856cdb88334c561598b75ea3f53,Brier,0.165025615126664,0.16122267661661638,0.16882665969884805,ESTIMATED,,7282,135,6431,2000,2000,1900,outcome_stratified_patient_group_cluster,20260710,1991423137,0.165025615126664
overall_S1_score_SI,overall,S1,score_SI,,overall,overall,validation_2024,exact_current_cohort,7289,5d8bf17dc94e374c28166ff042a59f9267d0d774cfcf16dd4b15d5b520f645e6,AUROC,0.6613678957123185,0.6081609056744995,0.7133152093218326,ESTIMATED,,7289,135,6434,2000,2000,1900,outcome_stratified_patient_group_cluster,20260710,2614945761,0.6613678957123185
overall_S1_score_SI,overall,S1,score_SI,,overall,overall,validation_2024,exact_current_cohort,7289,5d8bf17dc94e374c28166ff042a59f9267d0d774cfcf16dd4b15d5b520f645e6,AUPRC,0.05261246989850618,0.03925736525386093,0.07906104907264266,ESTIMATED,,7289,135,6434,2000,2000,1900,outcome_stratified_patient_group_cluster,20260710,2614945761,0.05261246989850618
overall_S1_score_SI,overall,S1,score_SI,,overall,overall,validation_2024,exact_current_cohort,7289,5d8bf17dc94e374c28166ff042a59f9267d0d774cfcf16dd4b15d5b520f645e6,Brier,0.2279593261620562,0.22443393303849368,0.23143029753122446,ESTIMATED,,7289,135,6434,2000,2000,1900,outcome_stratified_patient_group_cluster,20260710,2614945761,0.2279593261620562
overall_S1_score_mSI,overall,S1,score_mSI,,overall,overall,validation_2024,score_component_available_subset_of_current_cohort,7289,99214c41cc79254315d5236f925d0c5a347475236dba0e161bfd4324bfd4849d,AUROC,0.6815637104583603,0.6188107187835847,0.7424116605747207,ESTIMATED,,6308,112,5577,2000,2000,1900,outcome_stratified_patient_group_cluster,20260710,92840750,0.6815637104583603
overall_S1_score_mSI,overall,S1,score_mSI,,overall,overall,validation_2024,score_component_available_subset_of_current_cohort,7289,99214c41cc79254315d5236f925d0c5a347475236dba0e161bfd4324bfd4849d,AUPRC,0.07177441360537665,0.04758364283649916,0.11488515839750459,ESTIMATED,,6308,112,5577,2000,2000,1900,outcome_stratified_patient_group_cluster,20260710,92840750,0.07177441360537665
overall_S1_score_mSI,overall,S1,score_mSI,,overall,overall,validation_2024,score_component_available_subset_of_current_cohort,7289,99214c41cc79254315d5236f925d0c5a347475236dba0e161bfd4324bfd4849d,Brier,0.21378770732118385,0.21068446419809042,0.21699578754132504,ESTIMATED,,6308,112,5577,2000,2000,1900,outcome_stratified_patient_group_cluster,20260710,92840750,0.21378770732118385
overall_S1_score_aSI,overall,S1,score_aSI,,overall,overall,validation_2024,score_component_available_subset_of_current_cohort,7289,60a6aed7f85358c43a18c4ad54b17d129448b812de5d0af1ae3895d6f58e9244,AUROC,0.7932703268461523,0.7567753062055208,0.82722103964537,ESTIMATED,,7283,135,6428,2000,2000,1900,outcome_stratified_patient_group_cluster,20260710,2803696996,0.7932703268461523
overall_S1_score_aSI,overall,S1,score_aSI,,overall,overall,validation_2024,score_component_available_subset_of_current_cohort,7289,60a6aed7f85358c43a18c4ad54b17d129448b812de5d0af1ae3895d6f58e9244,AUPRC,0.07557533956718175,0.058477028084208994,0.10638810929748255,ESTIMATED,,7283,135,6428,2000,2000,1900,outcome_stratified_patient_group_cluster,20260710,2803696996,0.07557533956718175
overall_S1_score_aSI,overall,S1,score_aSI,,overall,overall,validation_2024,score_component_available_subset_of_current_cohort,7289,60a6aed7f85358c43a18c4ad54b17d129448b812de5d0af1ae3895d6f58e9244,Brier,0.1968128471604481,0.19159703910349843,0.20232714396138934,ESTIMATED,,7283,135,6428,2000,2000,1900,outcome_stratified_patient_group_cluster,20260710,2803696996,0.1968128471604481
overall_S1_score_rSI,overall,S1,score_rSI,,overall,overall,validation_2024,exact_current_cohort,7289,5d8bf17dc94e374c28166ff042a59f9267d0d774cfcf16dd4b15d5b520f645e6,AUROC,0.6613678957123185,0.6103792303376135,0.7159081225434192,ESTIMATED,,7289,135,6434,2000,2000,1900,outcome_stratified_patient_group_cluster,20260710,3704894791,0.6613678957123185
overall_S1_score_rSI,overall,S1,score_rSI,,overall,overall,validation_2024,exact_current_cohort,7289,5d8bf17dc94e374c28166ff042a59f9267d0d774cfcf16dd4b15d5b520f645e6,AUPRC,0.05261246989850618,0.03799048362072159,0.07881191010916459,ESTIMATED,,7289,135,6434,2000,2000,1900,outcome_stratified_patient_group_cluster,20260710,3704894791,0.05261246989850618
overall_S1_score_rSI,overall,S1,score_rSI,,overall,overall,validation_2024,exact_current_cohort,7289,5d8bf17dc94e374c28166ff042a59f9267d0d774cfcf16dd4b15d5b520f645e6,Brier,0.2392399319848368,0.23660588967454596,0.24170467052564357,ESTIMATED,,7289,135,6434,2000,2000,1900,outcome_stratified_patient_group_cluster,20260710,3704894791,0.2392399319848368
overall_S1_score_rSI_sMS,overall,S1,score_rSI_sMS,,overall,overall,validation_2024,exact_current_cohort,7289,5d8bf17dc94e374c28166ff042a59f9267d0d774cfcf16dd4b15d5b520f645e6,AUROC,0.7996365669555494,0.7548506719148277,0.8416087549777029,ESTIMATED,,7289,135,6434,2000,2000,1900,outcome_stratified_patient_group_cluster,,,0.7996365669555494
overall_S1_score_rSI_sMS,overall,S1,score_rSI_sMS,,overall,overall,validation_2024,exact_current_cohort,7289,5d8bf17dc94e374c28166ff042a59f9267d0d774cfcf16dd4b15d5b520f645e6,AUPRC,0.10085625516790192,0.07873428402214296,0.13686458506180804,ESTIMATED,,7289,135,6434,2000,2000,1900,outcome_stratified_patient_group_cluster,,,0.10085625516790192
overall_S1_score_rSI_sMS,overall,S1,score_rSI_sMS,,overall,overall,validation_2024,exact_current_cohort,7289,5d8bf17dc94e374c28166ff042a59f9267d0d774cfcf16dd4b15d5b520f645e6,Brier,0.19015513316545926,0.18562160433720482,0.19463502288465692,ESTIMATED,,7289,135,6434,2000,2000,1900,outcome_stratified_patient_group_cluster,,,0.19015513316545923
overall_S1_score_rSI_GCSM,overall,S1,score_rSI_GCSM,,overall,overall,validation_2024,exact_current_cohort,7289,5d8bf17dc94e374c28166ff042a59f9267d0d774cfcf16dd4b15d5b520f645e6,AUROC,0.7804517545222047,0.730533822870323,0.8256068812345394,ESTIMATED,,7289,135,6434,2000,2000,1900,outcome_stratified_patient_group_cluster,20260710,1569107853,0.7804517545222047
overall_S1_score_rSI_GCSM,overall,S1,score_rSI_GCSM,,overall,overall,validation_2024,exact_current_cohort,7289,5d8bf17dc94e374c28166ff042a59f9267d0d774cfcf16dd4b15d5b520f645e6,AUPRC,0.10002731095605964,0.07677388844618792,0.13823025167742145,ESTIMATED,,7289,135,6434,2000,2000,1900,outcome_stratified_patient_group_cluster,20260710,1569107853,0.10002731095605964
overall_S1_score_rSI_GCSM,overall,S1,score_rSI_GCSM,,overall,overall,validation_2024,exact_current_cohort,7289,5d8bf17dc94e374c28166ff042a59f9267d0d774cfcf16dd4b15d5b520f645e6,Brier,0.19297808779693612,0.18873409021343165,0.19739290840865842,ESTIMATED,,7289,135,6434,2000,2000,1900,outcome_stratified_patient_group_cluster,20260710,1569107853,0.19297808779693612
overall_S1_score_SIAVPU,overall,S1,score_SIAVPU,,overall,overall,validation_2024,exact_current_cohort,7289,5d8bf17dc94e374c28166ff042a59f9267d0d774cfcf16dd4b15d5b520f645e6,AUROC,0.5381423497861854,0.47605948829858713,0.5979796673915845,ESTIMATED,,7289,135,6434,2000,2000,1900,outcome_stratified_patient_group_cluster,20260710,721009313,0.5381423497861854
overall_S1_score_SIAVPU,overall,S1,score_SIAVPU,,overall,overall,validation_2024,exact_current_cohort,7289,5d8bf17dc94e374c28166ff042a59f9267d0d774cfcf16dd4b15d5b520f645e6,AUPRC,0.041995870156179456,0.029407541473348543,0.06760437363651295,ESTIMATED,,7289,135,6434,2000,2000,1900,outcome_stratified_patient_group_cluster,20260710,721009313,0.041995870156179456
overall_S1_score_SIAVPU,overall,S1,score_SIAVPU,,overall,overall,validation_2024,exact_current_cohort,7289,5d8bf17dc94e374c28166ff042a59f9267d0d774cfcf16dd4b15d5b520f645e6,Brier,0.2475877575974377,0.24717915975839463,0.2480426799292349,ESTIMATED,,7289,135,6434,2000,2000,1900,outcome_stratified_patient_group_cluster,20260710,721009313,0.2475877575974377
overall_S1_score_sMS,overall,S1,score_sMS,,overall,overall,validation_2024,exact_current_cohort,7289,5d8bf17dc94e374c28166ff042a59f9267d0d774cfcf16dd4b15d5b520f645e6,AUROC,0.7245829838784829,0.6814707811639795,0.7675407511950813,ESTIMATED,,7289,135,6434,2000,2000,1900,outcome_stratified_patient_group_cluster,20260710,253757948,0.7245829838784829
overall_S1_score_sMS,overall,S1,score_sMS,,overall,overall,validation_2024,exact_current_cohort,7289,5d8bf17dc94e374c28166ff042a59f9267d0d774cfcf16dd4b15d5b520f645e6,AUPRC,0.07065436857741718,0.054113905038172615,0.0913015684626217,ESTIMATED,,7289,135,6434,2000,2000,1900,outcome_stratified_patient_group_cluster,20260710,253757948,0.07065436857741718
overall_S1_score_sMS,overall,S1,score_sMS,,overall,overall,validation_2024,exact_current_cohort,7289,5d8bf17dc94e374c28166ff042a59f9267d0d774cfcf16dd4b15d5b520f645e6,Brier,0.1646865132088168,0.16022297491509646,0.16903398609345582,ESTIMATED,,7289,135,6434,2000,2000,1900,outcome_stratified_patient_group_cluster,20260710,253757948,0.1646865132088168
overall_S1_score_qSOFA,overall,S1,score_qSOFA,,overall,overall,validation_2024,exact_current_cohort,7289,5d8bf17dc94e374c28166ff042a59f9267d0d774cfcf16dd4b15d5b520f645e6,AUROC,0.7896219675084646,0.7486571737310477,0.8258396188548651,ESTIMATED,,7289,135,6434,2000,2000,1900,outcome_stratified_patient_group_cluster,20260710,3218514470,0.7896219675084646
overall_S1_score_qSOFA,overall,S1,score_qSOFA,,overall,overall,validation_2024,exact_current_cohort,7289,5d8bf17dc94e374c28166ff042a59f9267d0d774cfcf16dd4b15d5b520f645e6,AUPRC,0.07286692633371598,0.056321565769470575,0.09490343883036126,ESTIMATED,,7289,135,6434,2000,2000,1900,outcome_stratified_patient_group_cluster,20260710,3218514470,0.07286692633371598
overall_S1_score_qSOFA,overall,S1,score_qSOFA,,overall,overall,validation_2024,exact_current_cohort,7289,5d8bf17dc94e374c28166ff042a59f9267d0d774cfcf16dd4b15d5b520f645e6,Brier,0.18292882881969855,0.17730309528985283,0.1885397450588044,ESTIMATED,,7289,135,6434,2000,2000,1900,outcome_stratified_patient_group_cluster,20260710,3218514470,0.18292882881969855
overall_S1_score_MEWS,overall,S1,score_MEWS,,overall,overall,validation_2024,score_component_available_subset_of_current_cohort,7289,349f2754ba90ab7e749e83be36898f18d6c2a7ee90f42aa14df2b41c9212038d,AUROC,0.7738990633300712,0.7303444167476761,0.8168667604807647,ESTIMATED,,7288,135,6433,2000,2000,1900,outcome_stratified_patient_group_cluster,20260710,2118876987,0.7738990633300712
overall_S1_score_MEWS,overall,S1,score_MEWS,,overall,overall,validation_2024,score_component_available_subset_of_current_cohort,7289,349f2754ba90ab7e749e83be36898f18d6c2a7ee90f42aa14df2b41c9212038d,AUPRC,0.08285952650863333,0.06201281915249659,0.11941673741700233,ESTIMATED,,7288,135,6433,2000,2000,1900,outcome_stratified_patient_group_cluster,20260710,2118876987,0.08285952650863333
overall_S1_score_MEWS,overall,S1,score_MEWS,,overall,overall,validation_2024,score_component_available_subset_of_current_cohort,7289,349f2754ba90ab7e749e83be36898f18d6c2a7ee90f42aa14df2b41c9212038d,Brier,0.1726183614198685,0.16822254647785903,0.17748500856587343,ESTIMATED,,7288,135,6433,2000,2000,1900,outcome_stratified_patient_group_cluster,20260710,2118876987,0.1726183614198685
overall_S1_score_REMS,overall,S1,score_REMS,,overall,overall,validation_2024,score_component_available_subset_of_current_cohort,7289,31c450d82c0ff3be50b48bf73e165b23ca00cf04b96c1177359a11c9eafcabc5,AUROC,0.8234661135199963,0.7851232519768456,0.8581773258470975,ESTIMATED,,6306,112,5575,2000,2000,1900,outcome_stratified_patient_group_cluster,20260710,3176626002,0.8234661135199963
overall_S1_score_REMS,overall,S1,score_REMS,,overall,overall,validation_2024,score_component_available_subset_of_current_cohort,7289,31c450d82c0ff3be50b48bf73e165b23ca00cf04b96c1177359a11c9eafcabc5,AUPRC,0.10165829971658867,0.07282519747798297,0.1528553831306139,ESTIMATED,,6306,112,5575,2000,2000,1900,outcome_stratified_patient_group_cluster,20260710,3176626002,0.10165829971658867
overall_S1_score_REMS,overall,S1,score_REMS,,overall,overall,validation_2024,score_component_available_subset_of_current_cohort,7289,31c450d82c0ff3be50b48bf73e165b23ca00cf04b96c1177359a11c9eafcabc5,Brier,0.17844015449427014,0.17297753165344912,0.18359946988164721,ESTIMATED,,6306,112,5575,2000,2000,1900,outcome_stratified_patient_group_cluster,20260710,3176626002,0.17844015449427014
overall_S1_score_RTS,overall,S1,score_RTS,,overall,overall,validation_2024,score_component_available_subset_of_current_cohort,7289,f672c49cd45c26b35e7b7ed656c1803f0dd7f856cdb88334c561598b75ea3f53,AUROC,0.7523213573164602,0.7080919605038445,0.7965398709663982,ESTIMATED,,7282,135,6431,2000,2000,1900,outcome_stratified_patient_group_cluster,20260710,192642252,0.7523213573164602
overall_S1_score_RTS,overall,S1,score_RTS,,overall,overall,validation_2024,score_component_available_subset_of_current_cohort,7289,f672c49cd45c26b35e7b7ed656c1803f0dd7f856cdb88334c561598b75ea3f53,AUPRC,0.09246565772704612,0.07003671965207249,0.12772652646830557,ESTIMATED,,7282,135,6431,2000,2000,1900,outcome_stratified_patient_group_cluster,20260710,192642252,0.09246565772704612
overall_S1_score_RTS,overall,S1,score_RTS,,overall,overall,validation_2024,score_component_available_subset_of_current_cohort,7289,f672c49cd45c26b35e7b7ed656c1803f0dd7f856cdb88334c561598b75ea3f53,Brier,0.16207387843126247,0.15828299882025082,0.16586259900372363,ESTIMATED,,7282,135,6431,2000,2000,1900,outcome_stratified_patient_group_cluster,20260710,192642252,0.16207387843126247
overall_S1_score_rSI_GCS_alias,overall,S1,score_rSI_GCS_alias,score_rSIG,overall,overall,validation_2024,score_component_available_subset_of_current_cohort,7289,f672c49cd45c26b35e7b7ed656c1803f0dd7f856cdb88334c561598b75ea3f53,AUROC,0.7968165871202111,0.7500962556212247,0.8396975793772298,ESTIMATED,,7282,135,6431,2000,2000,1900,outcome_stratified_patient_group_cluster,20260710,2390412147,0.7968165871202111
overall_S1_score_rSI_GCS_alias,overall,S1,score_rSI_GCS_alias,score_rSIG,overall,overall,validation_2024,score_component_available_subset_of_current_cohort,7289,f672c49cd45c26b35e7b7ed656c1803f0dd7f856cdb88334c561598b75ea3f53,AUPRC,0.10692409957244,0.08399055901287773,0.14804342438451604,ESTIMATED,,7282,135,6431,2000,2000,1900,outcome_stratified_patient_group_cluster,20260710,2390412147,0.10692409957244
overall_S1_score_rSI_GCS_alias,overall,S1,score_rSI_GCS_alias,score_rSIG,overall,overall,validation_2024,score_component_available_subset_of_current_cohort,7289,f672c49cd45c26b35e7b7ed656c1803f0dd7f856cdb88334c561598b75ea3f53,Brier,0.18885144915452215,0.18467084636079556,0.19309965332828105,ESTIMATED,,7282,135,6431,2000,2000,1900,outcome_stratified_patient_group_cluster,20260710,2390412147,0.18885144915452215
overall_S1_knn_classifier,overall,S1,knn_classifier,,overall,overall,validation_2024,exact_current_cohort,7289,5d8bf17dc94e374c28166ff042a59f9267d0d774cfcf16dd4b15d5b520f645e6,AUROC,0.7917549363733316,0.7474652937034546,0.8342204143401899,ESTIMATED,,7289,135,6434,2000,2000,1900,outcome_stratified_patient_group_cluster,20260710,3010227546,0.7917549363733316
overall_S1_knn_classifier,overall,S1,knn_classifier,,overall,overall,validation_2024,exact_current_cohort,7289,5d8bf17dc94e374c28166ff042a59f9267d0d774cfcf16dd4b15d5b520f645e6,AUPRC,0.1728558368658396,0.12115201491632632,0.2378330382307467,ESTIMATED,,7289,135,6434,2000,2000,1900,outcome_stratified_patient_group_cluster,20260710,3010227546,0.1728558368658396
overall_S1_knn_classifier,overall,S1,knn_classifier,,overall,overall,validation_2024,exact_current_cohort,7289,5d8bf17dc94e374c28166ff042a59f9267d0d774cfcf16dd4b15d5b520f645e6,Brier,0.016769202174465054,0.016140891178518857,0.01733342733564113,ESTIMATED,,7289,135,6434,2000,2000,1900,outcome_stratified_patient_group_cluster,20260710,3010227546,0.016769202174465054
overall_S2_decision_tree,overall,S2,decision_tree,,overall,overall,validation_2024,exact_current_cohort,7289,5d8bf17dc94e374c28166ff042a59f9267d0d774cfcf16dd4b15d5b520f645e6,AUROC,0.8039812985281644,0.7644105993542732,0.8401556128890547,ESTIMATED,,7289,226,6434,2000,2000,1900,outcome_stratified_patient_group_cluster,20260710,1083673349,0.8039812985281644
overall_S2_decision_tree,overall,S2,decision_tree,,overall,overall,validation_2024,exact_current_cohort,7289,5d8bf17dc94e374c28166ff042a59f9267d0d774cfcf16dd4b15d5b520f645e6,AUPRC,0.15071990222496895,0.12780607747646217,0.17748572010429647,ESTIMATED,,7289,226,6434,2000,2000,1900,outcome_stratified_patient_group_cluster,20260710,1083673349,0.15071990222496895
overall_S2_decision_tree,overall,S2,decision_tree,,overall,overall,validation_2024,exact_current_cohort,7289,5d8bf17dc94e374c28166ff042a59f9267d0d774cfcf16dd4b15d5b520f645e6,Brier,0.14203574323115228,0.1355966787601883,0.14850250975771098,ESTIMATED,,7289,226,6434,2000,2000,1900,outcome_stratified_patient_group_cluster,20260710,1083673349,0.14203574323115228
overall_S2_random_forest,overall,S2,random_forest,,overall,overall,validation_2024,exact_current_cohort,7289,5d8bf17dc94e374c28166ff042a59f9267d0d774cfcf16dd4b15d5b520f645e6,AUROC,0.9038977896779803,0.8866681922008404,0.920080033074098,ESTIMATED,,7289,226,6434,2000,2000,1900,outcome_stratified_patient_group_cluster,20260710,576692265,0.9038977896779803
overall_S2_random_forest,overall,S2,random_forest,,overall,overall,validation_2024,exact_current_cohort,7289,5d8bf17dc94e374c28166ff042a59f9267d0d774cfcf16dd4b15d5b520f645e6,AUPRC,0.23809166277625166,0.20111080706434187,0.2889831180705804,ESTIMATED,,7289,226,6434,2000,2000,1900,outcome_stratified_patient_group_cluster,20260710,576692265,0.23809166277625166
overall_S2_random_forest,overall,S2,random_forest,,overall,overall,validation_2024,exact_current_cohort,7289,5d8bf17dc94e374c28166ff042a59f9267d0d774cfcf16dd4b15d5b520f645e6,Brier,0.05234068377565924,0.04930441907437976,0.055252297907771246,ESTIMATED,,7289,226,6434,2000,2000,1900,outcome_stratified_patient_group_cluster,20260710,576692265,0.05234068377565924
overall_S2_balanced_random_forest,overall,S2,balanced_random_forest,,overall,overall,validation_2024,exact_current_cohort,7289,5d8bf17dc94e374c28166ff042a59f9267d0d774cfcf16dd4b15d5b520f645e6,AUROC,0.8956634286365818,0.8768474756014546,0.9124192244696063,ESTIMATED,,7289,226,6434,2000,2000,1900,outcome_stratified_patient_group_cluster,20260710,1994879673,0.8956634286365818
overall_S2_balanced_random_forest,overall,S2,balanced_random_forest,,overall,overall,validation_2024,exact_current_cohort,7289,5d8bf17dc94e374c28166ff042a59f9267d0d774cfcf16dd4b15d5b520f645e6,AUPRC,0.22819405979015825,0.19034556418569787,0.2783867258442342,ESTIMATED,,7289,226,6434,2000,2000,1900,outcome_stratified_patient_group_cluster,20260710,1994879673,0.22819405979015825
overall_S2_balanced_random_forest,overall,S2,balanced_random_forest,,overall,overall,validation_2024,exact_current_cohort,7289,5d8bf17dc94e374c28166ff042a59f9267d0d774cfcf16dd4b15d5b520f645e6,Brier,0.13141430927678238,0.12623743034532964,0.13664112326667763,ESTIMATED,,7289,226,6434,2000,2000,1900,outcome_stratified_patient_group_cluster,20260710,1994879673,0.13141430927678238
overall_S2_svm_rbf,overall,S2,svm_rbf,,overall,overall,validation_2024,exact_current_cohort,7289,5d8bf17dc94e374c28166ff042a59f9267d0d774cfcf16dd4b15d5b520f645e6,AUROC,0.860910778969051,0.8409629992167105,0.8801966157316155,ESTIMATED,,7289,226,6434,2000,2000,1900,outcome_stratified_patient_group_cluster,20260710,1180633166,0.860910778969051
overall_S2_svm_rbf,overall,S2,svm_rbf,,overall,overall,validation_2024,exact_current_cohort,7289,5d8bf17dc94e374c28166ff042a59f9267d0d774cfcf16dd4b15d5b520f645e6,AUPRC,0.16976467814667595,0.1393240811598916,0.2156726098272653,ESTIMATED,,7289,226,6434,2000,2000,1900,outcome_stratified_patient_group_cluster,20260710,1180633166,0.16976467814667595
overall_S2_svm_rbf,overall,S2,svm_rbf,,overall,overall,validation_2024,exact_current_cohort,7289,5d8bf17dc94e374c28166ff042a59f9267d0d774cfcf16dd4b15d5b520f645e6,Brier,0.028040084338777627,0.02710782150149601,0.02896310032957339,ESTIMATED,,7289,226,6434,2000,2000,1900,outcome_stratified_patient_group_cluster,20260710,1180633166,0.028040084338777627
overall_S2_logistic_l1,overall,S2,logistic_l1,,overall,overall,validation_2024,exact_current_cohort,7289,5d8bf17dc94e374c28166ff042a59f9267d0d774cfcf16dd4b15d5b520f645e6,AUROC,0.857899010047374,0.8297246116410848,0.883964666816034,ESTIMATED,,7289,226,6434,2000,2000,1900,outcome_stratified_patient_group_cluster,20260710,1539791235,0.857899010047374
overall_S2_logistic_l1,overall,S2,logistic_l1,,overall,overall,validation_2024,exact_current_cohort,7289,5d8bf17dc94e374c28166ff042a59f9267d0d774cfcf16dd4b15d5b520f645e6,AUPRC,0.25153843017095445,0.20641618643215462,0.3048736021148383,ESTIMATED,,7289,226,6434,2000,2000,1900,outcome_stratified_patient_group_cluster,20260710,1539791235,0.25153843017095445
overall_S2_logistic_l1,overall,S2,logistic_l1,,overall,overall,validation_2024,exact_current_cohort,7289,5d8bf17dc94e374c28166ff042a59f9267d0d774cfcf16dd4b15d5b520f645e6,Brier,0.1158717242011004,0.11025335262283585,0.121910545025516,ESTIMATED,,7289,226,6434,2000,2000,1900,outcome_stratified_patient_group_cluster,20260710,1539791235,0.1158717242011004
overall_S2_logistic_l2,overall,S2,logistic_l2,,overall,overall,validation_2024,exact_current_cohort,7289,5d8bf17dc94e374c28166ff042a59f9267d0d774cfcf16dd4b15d5b520f645e6,AUROC,0.8509652069428243,0.820210446660936,0.8808291380097522,ESTIMATED,,7289,226,6434,2000,2000,1900,outcome_stratified_patient_group_cluster,,,0.8509652069428243
overall_S2_logistic_l2,overall,S2,logistic_l2,,overall,overall,validation_2024,exact_current_cohort,7289,5d8bf17dc94e374c28166ff042a59f9267d0d774cfcf16dd4b15d5b520f645e6,AUPRC,0.25456229112592743,0.20813713552405513,0.3126789252903499,ESTIMATED,,7289,226,6434,2000,2000,1900,outcome_stratified_patient_group_cluster,,,0.25456229112592743
overall_S2_logistic_l2,overall,S2,logistic_l2,,overall,overall,validation_2024,exact_current_cohort,7289,5d8bf17dc94e374c28166ff042a59f9267d0d774cfcf16dd4b15d5b520f645e6,Brier,0.11706195657308276,0.11082984856990287,0.12285736441516837,ESTIMATED,,7289,226,6434,2000,2000,1900,outcome_stratified_patient_group_cluster,,,0.11706195657308276
overall_S2_score_NEWS2,overall,S2,score_NEWS2,,overall,overall,validation_2024,score_component_available_subset_of_current_cohort,7289,6ea8110fbed2854cedba7719b2c2ed93b0b705aa8c57916349705deaa0883f80,AUROC,0.6563226924028707,0.6095474551969574,0.7055196026653652,ESTIMATED,,1033,135,943,2000,2000,1900,outcome_stratified_patient_group_cluster,20260710,4029511623,0.6563226924028707
overall_S2_score_NEWS2,overall,S2,score_NEWS2,,overall,overall,validation_2024,score_component_available_subset_of_current_cohort,7289,6ea8110fbed2854cedba7719b2c2ed93b0b705aa8c57916349705deaa0883f80,AUPRC,0.21023128644808403,0.17570706327269592,0.2621814920204509,ESTIMATED,,1033,135,943,2000,2000,1900,outcome_stratified_patient_group_cluster,20260710,4029511623,0.21023128644808403
overall_S2_score_NEWS2,overall,S2,score_NEWS2,,overall,overall,validation_2024,score_component_available_subset_of_current_cohort,7289,6ea8110fbed2854cedba7719b2c2ed93b0b705aa8c57916349705deaa0883f80,Brier,0.23076232644328448,0.2216781208475551,0.24036988256718214,ESTIMATED,,1033,135,943,2000,2000,1900,outcome_stratified_patient_group_cluster,20260710,4029511623,0.23076232644328448
overall_S2_score_rSIG,overall,S2,score_rSIG,,overall,overall,validation_2024,score_component_available_subset_of_current_cohort,7289,f672c49cd45c26b35e7b7ed656c1803f0dd7f856cdb88334c561598b75ea3f53,AUROC,0.7790833885176489,0.7417489757728792,0.8121816964745211,ESTIMATED,,7282,226,6431,2000,2000,1900,outcome_stratified_patient_group_cluster,20260710,3517841501,0.7790833885176489
overall_S2_score_rSIG,overall,S2,score_rSIG,,overall,overall,validation_2024,score_component_available_subset_of_current_cohort,7289,f672c49cd45c26b35e7b7ed656c1803f0dd7f856cdb88334c561598b75ea3f53,AUPRC,0.16630779530160233,0.13493382620644345,0.2117431687937822,ESTIMATED,,7282,226,6431,2000,2000,1900,outcome_stratified_patient_group_cluster,20260710,3517841501,0.16630779530160233
overall_S2_score_rSIG,overall,S2,score_rSIG,,overall,overall,validation_2024,score_component_available_subset_of_current_cohort,7289,f672c49cd45c26b35e7b7ed656c1803f0dd7f856cdb88334c561598b75ea3f53,Brier,0.1977075893590653,0.1936780199386347,0.20188063063716738,ESTIMATED,,7282,226,6431,2000,2000,1900,outcome_stratified_patient_group_cluster,20260710,3517841501,0.1977075893590653
overall_S2_score_rSIG_Age,overall,S2,score_rSIG_Age,,overall,overall,validation_2024,score_component_available_subset_of_current_cohort,7289,c7b537636c0a24c52615c2fe949a207fb1189f2956fe395a416ecccd6edeaf15,AUROC,0.8425713927069602,0.817834822110951,0.8674230907801146,ESTIMATED,,7276,226,6425,2000,2000,1900,outcome_stratified_patient_group_cluster,20260710,957604868,0.8425713927069602
overall_S2_score_rSIG_Age,overall,S2,score_rSIG_Age,,overall,overall,validation_2024,score_component_available_subset_of_current_cohort,7289,c7b537636c0a24c52615c2fe949a207fb1189f2956fe395a416ecccd6edeaf15,AUPRC,0.18747772238090482,0.15462311932783182,0.23479884410139237,ESTIMATED,,7276,226,6425,2000,2000,1900,outcome_stratified_patient_group_cluster,20260710,957604868,0.18747772238090482
overall_S2_score_rSIG_Age,overall,S2,score_rSIG_Age,,overall,overall,validation_2024,score_component_available_subset_of_current_cohort,7289,c7b537636c0a24c52615c2fe949a207fb1189f2956fe395a416ecccd6edeaf15,Brier,0.1824900161945779,0.17704096859134755,0.18789466201906868,ESTIMATED,,7276,226,6425,2000,2000,1900,outcome_stratified_patient_group_cluster,20260710,957604868,0.1824900161945779
overall_S2_score_SIA_G,overall,S2,score_SIA_G,,overall,overall,validation_2024,score_component_available_subset_of_current_cohort,7289,c7b537636c0a24c52615c2fe949a207fb1189f2956fe395a416ecccd6edeaf15,AUROC,0.8425707650787674,0.8166784920782281,0.8670048280034448,ESTIMATED,,7276,226,6425,2000,2000,1900,outcome_stratified_patient_group_cluster,20260710,2730169185,0.8425707650787674
overall_S2_score_SIA_G,overall,S2,score_SIA_G,,overall,overall,validation_2024,score_component_available_subset_of_current_cohort,7289,c7b537636c0a24c52615c2fe949a207fb1189f2956fe395a416ecccd6edeaf15,AUPRC,0.1874776648733396,0.15252272557044166,0.23613157092891723,ESTIMATED,,7276,226,6425,2000,2000,1900,outcome_stratified_patient_group_cluster,20260710,2730169185,0.1874776648733396
overall_S2_score_SIA_G,overall,S2,score_SIA_G,,overall,overall,validation_2024,score_component_available_subset_of_current_cohort,7289,c7b537636c0a24c52615c2fe949a207fb1189f2956fe395a416ecccd6edeaf15,Brier,0.15813511278535197,0.15344959331464875,0.1627926058092473,ESTIMATED,,7276,226,6425,2000,2000,1900,outcome_stratified_patient_group_cluster,20260710,2730169185,0.15813511278535197
overall_S2_score_SI_G,overall,S2,score_SI_G,,overall,overall,validation_2024,score_component_available_subset_of_current_cohort,7289,f672c49cd45c26b35e7b7ed656c1803f0dd7f856cdb88334c561598b75ea3f53,AUROC,0.7790749227419581,0.742449420070217,0.8140966939341359,ESTIMATED,,7282,226,6431,2000,2000,1900,outcome_stratified_patient_group_cluster,20260710,2628796181,0.7790749227419581
overall_S2_score_SI_G,overall,S2,score_SI_G,,overall,overall,validation_2024,score_component_available_subset_of_current_cohort,7289,f672c49cd45c26b35e7b7ed656c1803f0dd7f856cdb88334c561598b75ea3f53,AUPRC,0.16630682848087677,0.1343363578550341,0.21320840848834968,ESTIMATED,,7282,226,6431,2000,2000,1900,outcome_stratified_patient_group_cluster,20260710,2628796181,0.16630682848087677
overall_S2_score_SI_G,overall,S2,score_SI_G,,overall,overall,validation_2024,score_component_available_subset_of_current_cohort,7289,f672c49cd45c26b35e7b7ed656c1803f0dd7f856cdb88334c561598b75ea3f53,Brier,0.17749600607599084,0.1737047110145459,0.18113224596440208,ESTIMATED,,7282,226,6431,2000,2000,1900,outcome_stratified_patient_group_cluster,20260710,2628796181,0.17749600607599084
overall_S2_score_SI,overall,S2,score_SI,,overall,overall,validation_2024,exact_current_cohort,7289,5d8bf17dc94e374c28166ff042a59f9267d0d774cfcf16dd4b15d5b520f645e6,AUROC,0.6442735982979981,0.6045242488864574,0.6869684875062145,ESTIMATED,,7289,226,6434,2000,2000,1900,outcome_stratified_patient_group_cluster,20260710,1265147389,0.6442735982979981
overall_S2_score_SI,overall,S2,score_SI,,overall,overall,validation_2024,exact_current_cohort,7289,5d8bf17dc94e374c28166ff042a59f9267d0d774cfcf16dd4b15d5b520f645e6,AUPRC,0.07799048674120614,0.06185038626350648,0.10782436983173828,ESTIMATED,,7289,226,6434,2000,2000,1900,outcome_stratified_patient_group_cluster,20260710,1265147389,0.07799048674120614
overall_S2_score_SI,overall,S2,score_SI,,overall,overall,validation_2024,exact_current_cohort,7289,5d8bf17dc94e374c28166ff042a59f9267d0d774cfcf16dd4b15d5b520f645e6,Brier,0.23485736097598253,0.2316916256541469,0.23809244084684794,ESTIMATED,,7289,226,6434,2000,2000,1900,outcome_stratified_patient_group_cluster,20260710,1265147389,0.23485736097598253
overall_S2_score_mSI,overall,S2,score_mSI,,overall,overall,validation_2024,score_component_available_subset_of_current_cohort,7289,99214c41cc79254315d5236f925d0c5a347475236dba0e161bfd4324bfd4849d,AUROC,0.6563262174351427,0.6116075425331727,0.7016011142525621,ESTIMATED,,6308,192,5577,2000,2000,1900,outcome_stratified_patient_group_cluster,20260710,84541502,0.6563262174351427
overall_S2_score_mSI,overall,S2,score_mSI,,overall,overall,validation_2024,score_component_available_subset_of_current_cohort,7289,99214c41cc79254315d5236f925d0c5a347475236dba0e161bfd4324bfd4849d,AUPRC,0.09676990561527589,0.07287103705415596,0.1377406003736985,ESTIMATED,,6308,192,5577,2000,2000,1900,outcome_stratified_patient_group_cluster,20260710,84541502,0.09676990561527589
overall_S2_score_mSI,overall,S2,score_mSI,,overall,overall,validation_2024,score_component_available_subset_of_current_cohort,7289,99214c41cc79254315d5236f925d0c5a347475236dba0e161bfd4324bfd4849d,Brier,0.22050146437480997,0.21754664790151007,0.22348566236494918,ESTIMATED,,6308,192,5577,2000,2000,1900,outcome_stratified_patient_group_cluster,20260710,84541502,0.22050146437480997
overall_S2_score_aSI,overall,S2,score_aSI,,overall,overall,validation_2024,score_component_available_subset_of_current_cohort,7289,60a6aed7f85358c43a18c4ad54b17d129448b812de5d0af1ae3895d6f58e9244,AUROC,0.7690597172706193,0.7397696472061137,0.7969560977193577,ESTIMATED,,7283,226,6428,2000,2000,1900,outcome_stratified_patient_group_cluster,20260710,1317124576,0.7690597172706193
overall_S2_score_aSI,overall,S2,score_aSI,,overall,overall,validation_2024,score_component_available_subset_of_current_cohort,7289,60a6aed7f85358c43a18c4ad54b17d129448b812de5d0af1ae3895d6f58e9244,AUPRC,0.10939339820142059,0.08821518429823554,0.14407268848135646,ESTIMATED,,7283,226,6428,2000,2000,1900,outcome_stratified_patient_group_cluster,20260710,1317124576,0.10939339820142059
overall_S2_score_aSI,overall,S2,score_aSI,,overall,overall,validation_2024,score_component_available_subset_of_current_cohort,7289,60a6aed7f85358c43a18c4ad54b17d129448b812de5d0af1ae3895d6f58e9244,Brier,0.20260740557279716,0.1973912205726625,0.2080730845915295,ESTIMATED,,7283,226,6428,2000,2000,1900,outcome_stratified_patient_group_cluster,20260710,1317124576,0.20260740557279716
overall_S2_score_rSI,overall,S2,score_rSI,,overall,overall,validation_2024,exact_current_cohort,7289,5d8bf17dc94e374c28166ff042a59f9267d0d774cfcf16dd4b15d5b520f645e6,AUROC,0.6442735982979981,0.6045969051460057,0.6841386935381543,ESTIMATED,,7289,226,6434,2000,2000,1900,outcome_stratified_patient_group_cluster,20260710,3962307683,0.6442735982979981
overall_S2_score_rSI,overall,S2,score_rSI,,overall,overall,validation_2024,exact_current_cohort,7289,5d8bf17dc94e374c28166ff042a59f9267d0d774cfcf16dd4b15d5b520f645e6,AUPRC,0.07799048674120614,0.061366500294784194,0.10729097391233798,ESTIMATED,,7289,226,6434,2000,2000,1900,outcome_stratified_patient_group_cluster,20260710,3962307683,0.07799048674120614
overall_S2_score_rSI,overall,S2,score_rSI,,overall,overall,validation_2024,exact_current_cohort,7289,5d8bf17dc94e374c28166ff042a59f9267d0d774cfcf16dd4b15d5b520f645e6,Brier,0.2436463508421556,0.24149330746958186,0.24574446042701834,ESTIMATED,,7289,226,6434,2000,2000,1900,outcome_stratified_patient_group_cluster,20260710,3962307683,0.2436463508421556
overall_S2_score_rSI_sMS,overall,S2,score_rSI_sMS,,overall,overall,validation_2024,exact_current_cohort,7289,5d8bf17dc94e374c28166ff042a59f9267d0d774cfcf16dd4b15d5b520f645e6,AUROC,0.783317713273334,0.7475935410821458,0.8155891875906656,ESTIMATED,,7289,226,6434,2000,2000,1900,outcome_stratified_patient_group_cluster,,,0.783317713273334
overall_S2_score_rSI_sMS,overall,S2,score_rSI_sMS,,overall,overall,validation_2024,exact_current_cohort,7289,5d8bf17dc94e374c28166ff042a59f9267d0d774cfcf16dd4b15d5b520f645e6,AUPRC,0.14869697016812428,0.12128740679865493,0.18887428497935016,ESTIMATED,,7289,226,6434,2000,2000,1900,outcome_stratified_patient_group_cluster,,,0.14869697016812428
overall_S2_score_rSI_sMS,overall,S2,score_rSI_sMS,,overall,overall,validation_2024,exact_current_cohort,7289,5d8bf17dc94e374c28166ff042a59f9267d0d774cfcf16dd4b15d5b520f645e6,Brier,0.19839996998144224,0.19398187546017812,0.20266989913305336,ESTIMATED,,7289,226,6434,2000,2000,1900,outcome_stratified_patient_group_cluster,,,0.19839996998144221
overall_S2_score_rSI_GCSM,overall,S2,score_rSI_GCSM,,overall,overall,validation_2024,exact_current_cohort,7289,5d8bf17dc94e374c28166ff042a59f9267d0d774cfcf16dd4b15d5b520f645e6,AUROC,0.762855852322774,0.7268805256729206,0.7967805060047684,ESTIMATED,,7289,226,6434,2000,2000,1900,outcome_stratified_patient_group_cluster,20260710,3003368314,0.762855852322774
overall_S2_score_rSI_GCSM,overall,S2,score_rSI_GCSM,,overall,overall,validation_2024,exact_current_cohort,7289,5d8bf17dc94e374c28166ff042a59f9267d0d774cfcf16dd4b15d5b520f645e6,AUPRC,0.15313187770958,0.12391176169861007,0.20084291240168978,ESTIMATED,,7289,226,6434,2000,2000,1900,outcome_stratified_patient_group_cluster,20260710,3003368314,0.15313187770958
overall_S2_score_rSI_GCSM,overall,S2,score_rSI_GCSM,,overall,overall,validation_2024,exact_current_cohort,7289,5d8bf17dc94e374c28166ff042a59f9267d0d774cfcf16dd4b15d5b520f645e6,Brier,0.2023725185599441,0.19855580022692318,0.20605197119133062,ESTIMATED,,7289,226,6434,2000,2000,1900,outcome_stratified_patient_group_cluster,20260710,3003368314,0.2023725185599441
overall_S2_score_SIAVPU,overall,S2,score_SIAVPU,,overall,overall,validation_2024,exact_current_cohort,7289,5d8bf17dc94e374c28166ff042a59f9267d0d774cfcf16dd4b15d5b520f645e6,AUROC,0.5487978609706071,0.5004443293043614,0.595801074626976,ESTIMATED,,7289,226,6434,2000,2000,1900,outcome_stratified_patient_group_cluster,20260710,405232030,0.5487978609706071
overall_S2_score_SIAVPU,overall,S2,score_SIAVPU,,overall,overall,validation_2024,exact_current_cohort,7289,5d8bf17dc94e374c28166ff042a59f9267d0d774cfcf16dd4b15d5b520f645e6,AUPRC,0.07520688988780669,0.05691438158145424,0.10400254618955987,ESTIMATED,,7289,226,6434,2000,2000,1900,outcome_stratified_patient_group_cluster,20260710,405232030,0.07520688988780669
overall_S2_score_SIAVPU,overall,S2,score_SIAVPU,,overall,overall,validation_2024,exact_current_cohort,7289,5d8bf17dc94e374c28166ff042a59f9267d0d774cfcf16dd4b15d5b520f645e6,Brier,0.2480762699971597,0.24771896336157767,0.24841281766525491,ESTIMATED,,7289,226,6434,2000,2000,1900,outcome_stratified_patient_group_cluster,20260710,405232030,0.2480762699971597
overall_S2_score_sMS,overall,S2,score_sMS,,overall,overall,validation_2024,exact_current_cohort,7289,5d8bf17dc94e374c28166ff042a59f9267d0d774cfcf16dd4b15d5b520f645e6,AUROC,0.7142747510083084,0.6799392610582712,0.7465695043889294,ESTIMATED,,7289,226,6434,2000,2000,1900,outcome_stratified_patient_group_cluster,20260710,4276459440,0.7142747510083084
overall_S2_score_sMS,overall,S2,score_sMS,,overall,overall,validation_2024,exact_current_cohort,7289,5d8bf17dc94e374c28166ff042a59f9267d0d774cfcf16dd4b15d5b520f645e6,AUPRC,0.10814552736624658,0.08771162169327075,0.13118590370503014,ESTIMATED,,7289,226,6434,2000,2000,1900,outcome_stratified_patient_group_cluster,20260710,4276459440,0.10814552736624658
overall_S2_score_sMS,overall,S2,score_sMS,,overall,overall,validation_2024,exact_current_cohort,7289,5d8bf17dc94e374c28166ff042a59f9267d0d774cfcf16dd4b15d5b520f645e6,Brier,0.17338336714949312,0.1692578540897943,0.17768670703257036,ESTIMATED,,7289,226,6434,2000,2000,1900,outcome_stratified_patient_group_cluster,20260710,4276459440,0.17338336714949312
overall_S2_score_qSOFA,overall,S2,score_qSOFA,,overall,overall,validation_2024,exact_current_cohort,7289,5d8bf17dc94e374c28166ff042a59f9267d0d774cfcf16dd4b15d5b520f645e6,AUROC,0.7499423644844941,0.7144735072230443,0.7829183943804641,ESTIMATED,,7289,226,6434,2000,2000,1900,outcome_stratified_patient_group_cluster,20260710,935835949,0.7499423644844941
overall_S2_score_qSOFA,overall,S2,score_qSOFA,,overall,overall,validation_2024,exact_current_cohort,7289,5d8bf17dc94e374c28166ff042a59f9267d0d774cfcf16dd4b15d5b520f645e6,AUPRC,0.10182821926309013,0.08292171162346183,0.1263765770896693,ESTIMATED,,7289,226,6434,2000,2000,1900,outcome_stratified_patient_group_cluster,20260710,935835949,0.10182821926309013
overall_S2_score_qSOFA,overall,S2,score_qSOFA,,overall,overall,validation_2024,exact_current_cohort,7289,5d8bf17dc94e374c28166ff042a59f9267d0d774cfcf16dd4b15d5b520f645e6,Brier,0.19689597183258153,0.1915426200457523,0.20220365140042684,ESTIMATED,,7289,226,6434,2000,2000,1900,outcome_stratified_patient_group_cluster,20260710,935835949,0.19689597183258153
overall_S2_score_MEWS,overall,S2,score_MEWS,,overall,overall,validation_2024,score_component_available_subset_of_current_cohort,7289,349f2754ba90ab7e749e83be36898f18d6c2a7ee90f42aa14df2b41c9212038d,AUROC,0.7565694994774474,0.7218712352590516,0.7889799737140111,ESTIMATED,,7288,226,6433,2000,2000,1900,outcome_stratified_patient_group_cluster,20260710,436655171,0.7565694994774474
overall_S2_score_MEWS,overall,S2,score_MEWS,,overall,overall,validation_2024,score_component_available_subset_of_current_cohort,7289,349f2754ba90ab7e749e83be36898f18d6c2a7ee90f42aa14df2b41c9212038d,AUPRC,0.13020074152043085,0.10366226725626428,0.17001243345645844,ESTIMATED,,7288,226,6433,2000,2000,1900,outcome_stratified_patient_group_cluster,20260710,436655171,0.13020074152043085
overall_S2_score_MEWS,overall,S2,score_MEWS,,overall,overall,validation_2024,score_component_available_subset_of_current_cohort,7289,349f2754ba90ab7e749e83be36898f18d6c2a7ee90f42aa14df2b41c9212038d,Brier,0.18549257388301948,0.1814099356522675,0.1900696318806327,ESTIMATED,,7288,226,6433,2000,2000,1900,outcome_stratified_patient_group_cluster,20260710,436655171,0.18549257388301948
overall_S2_score_REMS,overall,S2,score_REMS,,overall,overall,validation_2024,score_component_available_subset_of_current_cohort,7289,31c450d82c0ff3be50b48bf73e165b23ca00cf04b96c1177359a11c9eafcabc5,AUROC,0.7929904726856396,0.7622564777833343,0.8229744940235225,ESTIMATED,,6306,192,5575,2000,2000,1900,outcome_stratified_patient_group_cluster,20260710,2804226746,0.7929904726856396
overall_S2_score_REMS,overall,S2,score_REMS,,overall,overall,validation_2024,score_component_available_subset_of_current_cohort,7289,31c450d82c0ff3be50b48bf73e165b23ca00cf04b96c1177359a11c9eafcabc5,AUPRC,0.14045210647328932,0.10807442945941231,0.18789946755309908,ESTIMATED,,6306,192,5575,2000,2000,1900,outcome_stratified_patient_group_cluster,20260710,2804226746,0.14045210647328932
overall_S2_score_REMS,overall,S2,score_REMS,,overall,overall,validation_2024,score_component_available_subset_of_current_cohort,7289,31c450d82c0ff3be50b48bf73e165b23ca00cf04b96c1177359a11c9eafcabc5,Brier,0.18605211882345926,0.1804907146526368,0.19174644376648944,ESTIMATED,,6306,192,5575,2000,2000,1900,outcome_stratified_patient_group_cluster,20260710,2804226746,0.18605211882345926
overall_S2_score_RTS,overall,S2,score_RTS,,overall,overall,validation_2024,score_component_available_subset_of_current_cohort,7289,f672c49cd45c26b35e7b7ed656c1803f0dd7f856cdb88334c561598b75ea3f53,AUROC,0.7290566115826862,0.6933305528501972,0.7639927951525003,ESTIMATED,,7282,226,6431,2000,2000,1900,outcome_stratified_patient_group_cluster,20260710,3160025053,0.7290566115826862
overall_S2_score_RTS,overall,S2,score_RTS,,overall,overall,validation_2024,score_component_available_subset_of_current_cohort,7289,f672c49cd45c26b35e7b7ed656c1803f0dd7f856cdb88334c561598b75ea3f53,AUPRC,0.1458634007299429,0.11663052477132267,0.18662100838040477,ESTIMATED,,7282,226,6431,2000,2000,1900,outcome_stratified_patient_group_cluster,20260710,3160025053,0.1458634007299429
overall_S2_score_RTS,overall,S2,score_RTS,,overall,overall,validation_2024,score_component_available_subset_of_current_cohort,7289,f672c49cd45c26b35e7b7ed656c1803f0dd7f856cdb88334c561598b75ea3f53,Brier,0.1741653390678796,0.17032157835219341,0.17785894045122974,ESTIMATED,,7282,226,6431,2000,2000,1900,outcome_stratified_patient_group_cluster,20260710,3160025053,0.1741653390678796
overall_S2_score_rSI_GCS_alias,overall,S2,score_rSI_GCS_alias,score_rSIG,overall,overall,validation_2024,score_component_available_subset_of_current_cohort,7289,f672c49cd45c26b35e7b7ed656c1803f0dd7f856cdb88334c561598b75ea3f53,AUROC,0.7790833885176489,0.7417489757728792,0.8121816964745211,ESTIMATED,,7282,226,6431,2000,2000,1900,outcome_stratified_patient_group_cluster,20260710,3517841501,0.7790833885176489
overall_S2_score_rSI_GCS_alias,overall,S2,score_rSI_GCS_alias,score_rSIG,overall,overall,validation_2024,score_component_available_subset_of_current_cohort,7289,f672c49cd45c26b35e7b7ed656c1803f0dd7f856cdb88334c561598b75ea3f53,AUPRC,0.16630779530160233,0.13493382620644345,0.2117431687937822,ESTIMATED,,7282,226,6431,2000,2000,1900,outcome_stratified_patient_group_cluster,20260710,3517841501,0.16630779530160233
overall_S2_score_rSI_GCS_alias,overall,S2,score_rSI_GCS_alias,score_rSIG,overall,overall,validation_2024,score_component_available_subset_of_current_cohort,7289,f672c49cd45c26b35e7b7ed656c1803f0dd7f856cdb88334c561598b75ea3f53,Brier,0.1977075893590653,0.1936780199386347,0.20188063063716738,ESTIMATED,,7282,226,6431,2000,2000,1900,outcome_stratified_patient_group_cluster,20260710,3517841501,0.1977075893590653
overall_S2_knn_classifier,overall,S2,knn_classifier,,overall,overall,validation_2024,exact_current_cohort,7289,5d8bf17dc94e374c28166ff042a59f9267d0d774cfcf16dd4b15d5b520f645e6,AUROC,0.8338230263908013,0.8032397654860174,0.8625466321205909,ESTIMATED,,7289,226,6434,2000,2000,1900,outcome_stratified_patient_group_cluster,20260710,3407979953,0.8338230263908013
overall_S2_knn_classifier,overall,S2,knn_classifier,,overall,overall,validation_2024,exact_current_cohort,7289,5d8bf17dc94e374c28166ff042a59f9267d0d774cfcf16dd4b15d5b520f645e6,AUPRC,0.2368218417310106,0.189376122133758,0.28975140091246243,ESTIMATED,,7289,226,6434,2000,2000,1900,outcome_stratified_patient_group_cluster,20260710,3407979953,0.2368218417310106
overall_S2_knn_classifier,overall,S2,knn_classifier,,overall,overall,validation_2024,exact_current_cohort,7289,5d8bf17dc94e374c28166ff042a59f9267d0d774cfcf16dd4b15d5b520f645e6,Brier,0.02662004885822594,0.02577752480463134,0.027467142545660333,ESTIMATED,,7289,226,6434,2000,2000,1900,outcome_stratified_patient_group_cluster,20260710,3407979953,0.02662004885822594
overall_S3_decision_tree,overall,S3,decision_tree,,overall,overall,validation_2024,exact_current_cohort,7289,5d8bf17dc94e374c28166ff042a59f9267d0d774cfcf16dd4b15d5b520f645e6,AUROC,0.7061462346839136,0.692127020309623,0.7195206667707705,ESTIMATED,,7289,2086,6434,2000,2000,1900,outcome_stratified_patient_group_cluster,20260710,3771175287,0.7061462346839136
overall_S3_decision_tree,overall,S3,decision_tree,,overall,overall,validation_2024,exact_current_cohort,7289,5d8bf17dc94e374c28166ff042a59f9267d0d774cfcf16dd4b15d5b520f645e6,AUPRC,0.485603931440972,0.46555703776757157,0.5049640662495136,ESTIMATED,,7289,2086,6434,2000,2000,1900,outcome_stratified_patient_group_cluster,20260710,3771175287,0.485603931440972
overall_S3_decision_tree,overall,S3,decision_tree,,overall,overall,validation_2024,exact_current_cohort,7289,5d8bf17dc94e374c28166ff042a59f9267d0d774cfcf16dd4b15d5b520f645e6,Brier,0.2162699909239237,0.21209144459304413,0.22068938413521041,ESTIMATED,,7289,2086,6434,2000,2000,1900,outcome_stratified_patient_group_cluster,20260710,3771175287,0.2162699909239237
overall_S3_random_forest,overall,S3,random_forest,,overall,overall,validation_2024,exact_current_cohort,7289,5d8bf17dc94e374c28166ff042a59f9267d0d774cfcf16dd4b15d5b520f645e6,AUROC,0.7618073428763441,0.748934811726605,0.7742370706697755,ESTIMATED,,7289,2086,6434,2000,2000,1900,outcome_stratified_patient_group_cluster,20260710,4081193411,0.7618073428763441
overall_S3_random_forest,overall,S3,random_forest,,overall,overall,validation_2024,exact_current_cohort,7289,5d8bf17dc94e374c28166ff042a59f9267d0d774cfcf16dd4b15d5b520f645e6,AUPRC,0.5660129974311338,0.5429124160024934,0.5887068889915777,ESTIMATED,,7289,2086,6434,2000,2000,1900,outcome_stratified_patient_group_cluster,20260710,4081193411,0.5660129974311338
overall_S3_random_forest,overall,S3,random_forest,,overall,overall,validation_2024,exact_current_cohort,7289,5d8bf17dc94e374c28166ff042a59f9267d0d774cfcf16dd4b15d5b520f645e6,Brier,0.18599121036032906,0.18261559359372548,0.18963200059119067,ESTIMATED,,7289,2086,6434,2000,2000,1900,outcome_stratified_patient_group_cluster,20260710,4081193411,0.18599121036032906
overall_S3_balanced_random_forest,overall,S3,balanced_random_forest,,overall,overall,validation_2024,exact_current_cohort,7289,5d8bf17dc94e374c28166ff042a59f9267d0d774cfcf16dd4b15d5b520f645e6,AUROC,0.7610571672180423,0.7485289770811357,0.773410472375016,ESTIMATED,,7289,2086,6434,2000,2000,1900,outcome_stratified_patient_group_cluster,20260710,752864858,0.7610571672180423
overall_S3_balanced_random_forest,overall,S3,balanced_random_forest,,overall,overall,validation_2024,exact_current_cohort,7289,5d8bf17dc94e374c28166ff042a59f9267d0d774cfcf16dd4b15d5b520f645e6,AUPRC,0.5676002401286177,0.5458419009701531,0.5904220821898023,ESTIMATED,,7289,2086,6434,2000,2000,1900,outcome_stratified_patient_group_cluster,20260710,752864858,0.5676002401286177
overall_S3_balanced_random_forest,overall,S3,balanced_random_forest,,overall,overall,validation_2024,exact_current_cohort,7289,5d8bf17dc94e374c28166ff042a59f9267d0d774cfcf16dd4b15d5b520f645e6,Brier,0.19202123474527447,0.18838237837592292,0.1956037948314317,ESTIMATED,,7289,2086,6434,2000,2000,1900,outcome_stratified_patient_group_cluster,20260710,752864858,0.19202123474527447
overall_S3_svm_rbf,overall,S3,svm_rbf,,overall,overall,validation_2024,exact_current_cohort,7289,5d8bf17dc94e374c28166ff042a59f9267d0d774cfcf16dd4b15d5b520f645e6,AUROC,0.7503781283347666,0.738143493558129,0.7627735913135016,ESTIMATED,,7289,2086,6434,2000,2000,1900,outcome_stratified_patient_group_cluster,20260710,1413407880,0.7503781283347666
overall_S3_svm_rbf,overall,S3,svm_rbf,,overall,overall,validation_2024,exact_current_cohort,7289,5d8bf17dc94e374c28166ff042a59f9267d0d774cfcf16dd4b15d5b520f645e6,AUPRC,0.5508129374688562,0.5296187135574729,0.5735011745075269,ESTIMATED,,7289,2086,6434,2000,2000,1900,outcome_stratified_patient_group_cluster,20260710,1413407880,0.5508129374688562
overall_S3_svm_rbf,overall,S3,svm_rbf,,overall,overall,validation_2024,exact_current_cohort,7289,5d8bf17dc94e374c28166ff042a59f9267d0d774cfcf16dd4b15d5b520f645e6,Brier,0.17082657112397925,0.16700086762579638,0.17474724717886517,ESTIMATED,,7289,2086,6434,2000,2000,1900,outcome_stratified_patient_group_cluster,20260710,1413407880,0.17082657112397925
overall_S3_logistic_l1,overall,S3,logistic_l1,,overall,overall,validation_2024,exact_current_cohort,7289,5d8bf17dc94e374c28166ff042a59f9267d0d774cfcf16dd4b15d5b520f645e6,AUROC,0.7486870083249044,0.7359759287110726,0.7607974457493332,ESTIMATED,,7289,2086,6434,2000,2000,1900,outcome_stratified_patient_group_cluster,20260710,4083391530,0.7486870083249044
overall_S3_logistic_l1,overall,S3,logistic_l1,,overall,overall,validation_2024,exact_current_cohort,7289,5d8bf17dc94e374c28166ff042a59f9267d0d774cfcf16dd4b15d5b520f645e6,AUPRC,0.5326868679736153,0.5120117859490068,0.5549808624719367,ESTIMATED,,7289,2086,6434,2000,2000,1900,outcome_stratified_patient_group_cluster,20260710,4083391530,0.5326868679736153
overall_S3_logistic_l1,overall,S3,logistic_l1,,overall,overall,validation_2024,exact_current_cohort,7289,5d8bf17dc94e374c28166ff042a59f9267d0d774cfcf16dd4b15d5b520f645e6,Brier,0.1983953101270793,0.1934623436874448,0.20332451175036328,ESTIMATED,,7289,2086,6434,2000,2000,1900,outcome_stratified_patient_group_cluster,20260710,4083391530,0.1983953101270793
overall_S3_logistic_l2,overall,S3,logistic_l2,,overall,overall,validation_2024,exact_current_cohort,7289,5d8bf17dc94e374c28166ff042a59f9267d0d774cfcf16dd4b15d5b520f645e6,AUROC,0.7468057645775198,0.733614376784863,0.7597557098967546,ESTIMATED,,7289,2086,6434,2000,2000,1900,outcome_stratified_patient_group_cluster,,,0.7468057645775198
overall_S3_logistic_l2,overall,S3,logistic_l2,,overall,overall,validation_2024,exact_current_cohort,7289,5d8bf17dc94e374c28166ff042a59f9267d0d774cfcf16dd4b15d5b520f645e6,AUPRC,0.529135567971823,0.5081621963394076,0.5519285988560904,ESTIMATED,,7289,2086,6434,2000,2000,1900,outcome_stratified_patient_group_cluster,,,0.529135567971823
overall_S3_logistic_l2,overall,S3,logistic_l2,,overall,overall,validation_2024,exact_current_cohort,7289,5d8bf17dc94e374c28166ff042a59f9267d0d774cfcf16dd4b15d5b520f645e6,Brier,0.19916109603156326,0.1941069251908451,0.20419404913689915,ESTIMATED,,7289,2086,6434,2000,2000,1900,outcome_stratified_patient_group_cluster,,,0.19916109603156326
overall_S3_score_NEWS2,overall,S3,score_NEWS2,,overall,overall,validation_2024,score_component_available_subset_of_current_cohort,7289,6ea8110fbed2854cedba7719b2c2ed93b0b705aa8c57916349705deaa0883f80,AUROC,0.49812570356472796,0.46381627482372983,0.5351522062447988,ESTIMATED,,1033,500,943,2000,2000,1900,outcome_stratified_patient_group_cluster,20260710,81619917,0.49812570356472796
overall_S3_score_NEWS2,overall,S3,score_NEWS2,,overall,overall,validation_2024,score_component_available_subset_of_current_cohort,7289,6ea8110fbed2854cedba7719b2c2ed93b0b705aa8c57916349705deaa0883f80,AUPRC,0.4810236054527218,0.4558396249361998,0.5099596631942713,ESTIMATED,,1033,500,943,2000,2000,1900,outcome_stratified_patient_group_cluster,20260710,81619917,0.4810236054527218
overall_S3_score_NEWS2,overall,S3,score_NEWS2,,overall,overall,validation_2024,score_component_available_subset_of_current_cohort,7289,6ea8110fbed2854cedba7719b2c2ed93b0b705aa8c57916349705deaa0883f80,Brier,0.25119935640868285,0.2491517062908601,0.25318827931030347,ESTIMATED,,1033,500,943,2000,2000,1900,outcome_stratified_patient_group_cluster,20260710,81619917,0.25119935640868285
overall_S3_score_rSIG,overall,S3,score_rSIG,,overall,overall,validation_2024,score_component_available_subset_of_current_cohort,7289,f672c49cd45c26b35e7b7ed656c1803f0dd7f856cdb88334c561598b75ea3f53,AUROC,0.5762211569670971,0.561072554236446,0.5915186182443072,ESTIMATED,,7282,2081,6431,2000,2000,1900,outcome_stratified_patient_group_cluster,20260710,1276887146,0.5762211569670971
overall_S3_score_rSIG,overall,S3,score_rSIG,,overall,overall,validation_2024,score_component_available_subset_of_current_cohort,7289,f672c49cd45c26b35e7b7ed656c1803f0dd7f856cdb88334c561598b75ea3f53,AUPRC,0.35385219079459795,0.3384730094635134,0.3714838242981937,ESTIMATED,,7282,2081,6431,2000,2000,1900,outcome_stratified_patient_group_cluster,20260710,1276887146,0.35385219079459795
overall_S3_score_rSIG,overall,S3,score_rSIG,,overall,overall,validation_2024,score_component_available_subset_of_current_cohort,7289,f672c49cd45c26b35e7b7ed656c1803f0dd7f856cdb88334c561598b75ea3f53,Brier,0.24826691748487908,0.24690542124059162,0.2495873826780339,ESTIMATED,,7282,2081,6431,2000,2000,1900,outcome_stratified_patient_group_cluster,20260710,1276887146,0.24826691748487908
overall_S3_score_rSIG_Age,overall,S3,score_rSIG_Age,,overall,overall,validation_2024,score_component_available_subset_of_current_cohort,7289,c7b537636c0a24c52615c2fe949a207fb1189f2956fe395a416ecccd6edeaf15,AUROC,0.6752711525840606,0.6611063646137073,0.6886547780914456,ESTIMATED,,7276,2081,6425,2000,2000,1900,outcome_stratified_patient_group_cluster,20260710,1859431218,0.6752711525840606
overall_S3_score_rSIG_Age,overall,S3,score_rSIG_Age,,overall,overall,validation_2024,score_component_available_subset_of_current_cohort,7289,c7b537636c0a24c52615c2fe949a207fb1189f2956fe395a416ecccd6edeaf15,AUPRC,0.42507578515220656,0.4063610252078146,0.44642566258031774,ESTIMATED,,7276,2081,6425,2000,2000,1900,outcome_stratified_patient_group_cluster,20260710,1859431218,0.42507578515220656
overall_S3_score_rSIG_Age,overall,S3,score_rSIG_Age,,overall,overall,validation_2024,score_component_available_subset_of_current_cohort,7289,c7b537636c0a24c52615c2fe949a207fb1189f2956fe395a416ecccd6edeaf15,Brier,0.2356023438116027,0.23246632420011454,0.23897981792733938,ESTIMATED,,7276,2081,6425,2000,2000,1900,outcome_stratified_patient_group_cluster,20260710,1859431218,0.2356023438116027
overall_S3_score_SIA_G,overall,S3,score_SIA_G,,overall,overall,validation_2024,score_component_available_subset_of_current_cohort,7289,c7b537636c0a24c52615c2fe949a207fb1189f2956fe395a416ecccd6edeaf15,AUROC,0.6752708750836548,0.6608009440556643,0.6891571403621825,ESTIMATED,,7276,2081,6425,2000,2000,1900,outcome_stratified_patient_group_cluster,20260710,181703707,0.6752708750836548
overall_S3_score_SIA_G,overall,S3,score_SIA_G,,overall,overall,validation_2024,score_component_available_subset_of_current_cohort,7289,c7b537636c0a24c52615c2fe949a207fb1189f2956fe395a416ecccd6edeaf15,AUPRC,0.42507490810754894,0.4066291853819126,0.4459159061101717,ESTIMATED,,7276,2081,6425,2000,2000,1900,outcome_stratified_patient_group_cluster,20260710,181703707,0.42507490810754894
overall_S3_score_SIA_G,overall,S3,score_SIA_G,,overall,overall,validation_2024,score_component_available_subset_of_current_cohort,7289,c7b537636c0a24c52615c2fe949a207fb1189f2956fe395a416ecccd6edeaf15,Brier,0.23814253978943917,0.23576904469558832,0.24042119504881504,ESTIMATED,,7276,2081,6425,2000,2000,1900,outcome_stratified_patient_group_cluster,20260710,181703707,0.23814253978943917
overall_S3_score_SI_G,overall,S3,score_SI_G,,overall,overall,validation_2024,score_component_available_subset_of_current_cohort,7289,f672c49cd45c26b35e7b7ed656c1803f0dd7f856cdb88334c561598b75ea3f53,AUROC,0.5762182927709258,0.560681025521328,0.5919136723071323,ESTIMATED,,7282,2081,6431,2000,2000,1900,outcome_stratified_patient_group_cluster,20260710,4024848108,0.5762182927709258
overall_S3_score_SI_G,overall,S3,score_SI_G,,overall,overall,validation_2024,score_component_available_subset_of_current_cohort,7289,f672c49cd45c26b35e7b7ed656c1803f0dd7f856cdb88334c561598b75ea3f53,AUPRC,0.35384447988154066,0.33811288257540895,0.37170537144672844,ESTIMATED,,7282,2081,6431,2000,2000,1900,outcome_stratified_patient_group_cluster,20260710,4024848108,0.35384447988154066
overall_S3_score_SI_G,overall,S3,score_SI_G,,overall,overall,validation_2024,score_component_available_subset_of_current_cohort,7289,f672c49cd45c26b35e7b7ed656c1803f0dd7f856cdb88334c561598b75ea3f53,Brier,0.248001005505935,0.24685307652645497,0.24922604796482975,ESTIMATED,,7282,2081,6431,2000,2000,1900,outcome_stratified_patient_group_cluster,20260710,4024848108,0.248001005505935
overall_S3_score_SI,overall,S3,score_SI,,overall,overall,validation_2024,exact_current_cohort,7289,5d8bf17dc94e374c28166ff042a59f9267d0d774cfcf16dd4b15d5b520f645e6,AUROC,0.564973900484067,0.549476877921921,0.5801810538747132,ESTIMATED,,7289,2086,6434,2000,2000,1900,outcome_stratified_patient_group_cluster,20260710,2749380742,0.564973900484067
overall_S3_score_SI,overall,S3,score_SI,,overall,overall,validation_2024,exact_current_cohort,7289,5d8bf17dc94e374c28166ff042a59f9267d0d774cfcf16dd4b15d5b520f645e6,AUPRC,0.3419867701099961,0.3275566839136747,0.3588615990923947,ESTIMATED,,7289,2086,6434,2000,2000,1900,outcome_stratified_patient_group_cluster,20260710,2749380742,0.3419867701099961
overall_S3_score_SI,overall,S3,score_SI,,overall,overall,validation_2024,exact_current_cohort,7289,5d8bf17dc94e374c28166ff042a59f9267d0d774cfcf16dd4b15d5b520f645e6,Brier,0.24906875607131837,0.24802280019433492,0.25012121724967523,ESTIMATED,,7289,2086,6434,2000,2000,1900,outcome_stratified_patient_group_cluster,20260710,2749380742,0.24906875607131837
overall_S3_score_mSI,overall,S3,score_mSI,,overall,overall,validation_2024,score_component_available_subset_of_current_cohort,7289,99214c41cc79254315d5236f925d0c5a347475236dba0e161bfd4324bfd4849d,AUROC,0.5761276619564059,0.5593597278644238,0.5924328433960833,ESTIMATED,,6308,1779,5577,2000,2000,1900,outcome_stratified_patient_group_cluster,20260710,3575587050,0.5761276619564059
overall_S3_score_mSI,overall,S3,score_mSI,,overall,overall,validation_2024,score_component_available_subset_of_current_cohort,7289,99214c41cc79254315d5236f925d0c5a347475236dba0e161bfd4324bfd4849d,AUPRC,0.3468592253563476,0.33135065156105387,0.36446286603695255,ESTIMATED,,6308,1779,5577,2000,2000,1900,outcome_stratified_patient_group_cluster,20260710,3575587050,0.3468592253563476
overall_S3_score_mSI,overall,S3,score_mSI,,overall,overall,validation_2024,score_component_available_subset_of_current_cohort,7289,99214c41cc79254315d5236f925d0c5a347475236dba0e161bfd4324bfd4849d,Brier,0.2461324462412673,0.24475516408263012,0.2474131551031913,ESTIMATED,,6308,1779,5577,2000,2000,1900,outcome_stratified_patient_group_cluster,20260710,3575587050,0.2461324462412673
overall_S3_score_aSI,overall,S3,score_aSI,,overall,overall,validation_2024,score_component_available_subset_of_current_cohort,7289,60a6aed7f85358c43a18c4ad54b17d129448b812de5d0af1ae3895d6f58e9244,AUROC,0.680697812053602,0.6665586107995188,0.6944733283604223,ESTIMATED,,7283,2086,6428,2000,2000,1900,outcome_stratified_patient_group_cluster,20260710,1658636333,0.680697812053602
overall_S3_score_aSI,overall,S3,score_aSI,,overall,overall,validation_2024,score_component_available_subset_of_current_cohort,7289,60a6aed7f85358c43a18c4ad54b17d129448b812de5d0af1ae3895d6f58e9244,AUPRC,0.4388103566914392,0.4195990430387059,0.46038539625594965,ESTIMATED,,7283,2086,6428,2000,2000,1900,outcome_stratified_patient_group_cluster,20260710,1658636333,0.4388103566914392
overall_S3_score_aSI,overall,S3,score_aSI,,overall,overall,validation_2024,score_component_available_subset_of_current_cohort,7289,60a6aed7f85358c43a18c4ad54b17d129448b812de5d0af1ae3895d6f58e9244,Brier,0.23371693718456188,0.23014146124700927,0.23730368624568776,ESTIMATED,,7283,2086,6428,2000,2000,1900,outcome_stratified_patient_group_cluster,20260710,1658636333,0.23371693718456188
overall_S3_score_rSI,overall,S3,score_rSI,,overall,overall,validation_2024,exact_current_cohort,7289,5d8bf17dc94e374c28166ff042a59f9267d0d774cfcf16dd4b15d5b520f645e6,AUROC,0.564973900484067,0.5493224454680896,0.5795893122031974,ESTIMATED,,7289,2086,6434,2000,2000,1900,outcome_stratified_patient_group_cluster,20260710,3627615011,0.564973900484067
overall_S3_score_rSI,overall,S3,score_rSI,,overall,overall,validation_2024,exact_current_cohort,7289,5d8bf17dc94e374c28166ff042a59f9267d0d774cfcf16dd4b15d5b520f645e6,AUPRC,0.3419867701099961,0.32698199432556346,0.3585834986673664,ESTIMATED,,7289,2086,6434,2000,2000,1900,outcome_stratified_patient_group_cluster,20260710,3627615011,0.3419867701099961
overall_S3_score_rSI,overall,S3,score_rSI,,overall,overall,validation_2024,exact_current_cohort,7289,5d8bf17dc94e374c28166ff042a59f9267d0d774cfcf16dd4b15d5b520f645e6,Brier,0.24915325936336555,0.24827833494146087,0.25005341135664394,ESTIMATED,,7289,2086,6434,2000,2000,1900,outcome_stratified_patient_group_cluster,20260710,3627615011,0.24915325936336555
overall_S3_score_rSI_sMS,overall,S3,score_rSI_sMS,,overall,overall,validation_2024,exact_current_cohort,7289,5d8bf17dc94e374c28166ff042a59f9267d0d774cfcf16dd4b15d5b520f645e6,AUROC,0.5765255644790812,0.5605683537855725,0.5914547522840727,ESTIMATED,,7289,2086,6434,2000,2000,1900,outcome_stratified_patient_group_cluster,,,0.5765255644790812
overall_S3_score_rSI_sMS,overall,S3,score_rSI_sMS,,overall,overall,validation_2024,exact_current_cohort,7289,5d8bf17dc94e374c28166ff042a59f9267d0d774cfcf16dd4b15d5b520f645e6,AUPRC,0.3635293612408893,0.346542475011795,0.38198945350441504,ESTIMATED,,7289,2086,6434,2000,2000,1900,outcome_stratified_patient_group_cluster,,,0.3635293612408893
overall_S3_score_rSI_sMS,overall,S3,score_rSI_sMS,,overall,overall,validation_2024,exact_current_cohort,7289,5d8bf17dc94e374c28166ff042a59f9267d0d774cfcf16dd4b15d5b520f645e6,Brier,0.24812148521631175,0.24669427601841964,0.24963575633566895,ESTIMATED,,7289,2086,6434,2000,2000,1900,outcome_stratified_patient_group_cluster,,,0.24812148521631175
overall_S3_score_rSI_GCSM,overall,S3,score_rSI_GCSM,,overall,overall,validation_2024,exact_current_cohort,7289,5d8bf17dc94e374c28166ff042a59f9267d0d774cfcf16dd4b15d5b520f645e6,AUROC,0.5741228740185846,0.5586080188256417,0.5893684064168635,ESTIMATED,,7289,2086,6434,2000,2000,1900,outcome_stratified_patient_group_cluster,20260710,4120494263,0.5741228740185846
overall_S3_score_rSI_GCSM,overall,S3,score_rSI_GCSM,,overall,overall,validation_2024,exact_current_cohort,7289,5d8bf17dc94e374c28166ff042a59f9267d0d774cfcf16dd4b15d5b520f645e6,AUPRC,0.35037742153415297,0.3348177733497526,0.36809812701458766,ESTIMATED,,7289,2086,6434,2000,2000,1900,outcome_stratified_patient_group_cluster,20260710,4120494263,0.35037742153415297
overall_S3_score_rSI_GCSM,overall,S3,score_rSI_GCSM,,overall,overall,validation_2024,exact_current_cohort,7289,5d8bf17dc94e374c28166ff042a59f9267d0d774cfcf16dd4b15d5b520f645e6,Brier,0.24851908728061403,0.24726257326135234,0.24976586131622258,ESTIMATED,,7289,2086,6434,2000,2000,1900,outcome_stratified_patient_group_cluster,20260710,4120494263,0.24851908728061403
overall_S3_score_SIAVPU,overall,S3,score_SIAVPU,,overall,overall,validation_2024,exact_current_cohort,7289,5d8bf17dc94e374c28166ff042a59f9267d0d774cfcf16dd4b15d5b520f645e6,AUROC,0.5310240293922914,0.5151625274039846,0.5471571861411297,ESTIMATED,,7289,2086,6434,2000,2000,1900,outcome_stratified_patient_group_cluster,20260710,4130488751,0.5310240293922914
overall_S3_score_SIAVPU,overall,S3,score_SIAVPU,,overall,overall,validation_2024,exact_current_cohort,7289,5d8bf17dc94e374c28166ff042a59f9267d0d774cfcf16dd4b15d5b520f645e6,AUPRC,0.3210337395863869,0.30746299734516885,0.3367407510472233,ESTIMATED,,7289,2086,6434,2000,2000,1900,outcome_stratified_patient_group_cluster,20260710,4130488751,0.3210337395863869
overall_S3_score_SIAVPU,overall,S3,score_SIAVPU,,overall,overall,validation_2024,exact_current_cohort,7289,5d8bf17dc94e374c28166ff042a59f9267d0d774cfcf16dd4b15d5b520f645e6,Brier,0.2499710647499905,0.24971358229455942,0.25022405837551304,ESTIMATED,,7289,2086,6434,2000,2000,1900,outcome_stratified_patient_group_cluster,20260710,4130488751,0.2499710647499905
overall_S3_score_sMS,overall,S3,score_sMS,,overall,overall,validation_2024,exact_current_cohort,7289,5d8bf17dc94e374c28166ff042a59f9267d0d774cfcf16dd4b15d5b520f645e6,AUROC,0.5365359593228259,0.5273854186746944,0.5454826997341691,ESTIMATED,,7289,2086,6434,2000,2000,1900,outcome_stratified_patient_group_cluster,20260710,4088364722,0.5365359593228259
overall_S3_score_sMS,overall,S3,score_sMS,,overall,overall,validation_2024,exact_current_cohort,7289,5d8bf17dc94e374c28166ff042a59f9267d0d774cfcf16dd4b15d5b520f645e6,AUPRC,0.30860403732993863,0.2994295469044656,0.3187952763752224,ESTIMATED,,7289,2086,6434,2000,2000,1900,outcome_stratified_patient_group_cluster,20260710,4088364722,0.30860403732993863
overall_S3_score_sMS,overall,S3,score_sMS,,overall,overall,validation_2024,exact_current_cohort,7289,5d8bf17dc94e374c28166ff042a59f9267d0d774cfcf16dd4b15d5b520f645e6,Brier,0.24703072720799862,0.24551205418646063,0.248563204605246,ESTIMATED,,7289,2086,6434,2000,2000,1900,outcome_stratified_patient_group_cluster,20260710,4088364722,0.24703072720799862
overall_S3_score_qSOFA,overall,S3,score_qSOFA,,overall,overall,validation_2024,exact_current_cohort,7289,5d8bf17dc94e374c28166ff042a59f9267d0d774cfcf16dd4b15d5b520f645e6,AUROC,0.5572596309858111,0.54355585805875,0.5705607158323587,ESTIMATED,,7289,2086,6434,2000,2000,1900,outcome_stratified_patient_group_cluster,20260710,4186244379,0.5572596309858111
overall_S3_score_qSOFA,overall,S3,score_qSOFA,,overall,overall,validation_2024,exact_current_cohort,7289,5d8bf17dc94e374c28166ff042a59f9267d0d774cfcf16dd4b15d5b520f645e6,AUPRC,0.325365054549273,0.31404676281593047,0.33792077012250255,ESTIMATED,,7289,2086,6434,2000,2000,1900,outcome_stratified_patient_group_cluster,20260710,4186244379,0.325365054549273
overall_S3_score_qSOFA,overall,S3,score_qSOFA,,overall,overall,validation_2024,exact_current_cohort,7289,5d8bf17dc94e374c28166ff042a59f9267d0d774cfcf16dd4b15d5b520f645e6,Brier,0.25003131376042753,0.24845174823140004,0.2516015060561751,ESTIMATED,,7289,2086,6434,2000,2000,1900,outcome_stratified_patient_group_cluster,20260710,4186244379,0.25003131376042753
overall_S3_score_MEWS,overall,S3,score_MEWS,,overall,overall,validation_2024,score_component_available_subset_of_current_cohort,7289,349f2754ba90ab7e749e83be36898f18d6c2a7ee90f42aa14df2b41c9212038d,AUROC,0.5831131307635569,0.5685132828727334,0.5972001814248903,ESTIMATED,,7288,2086,6433,2000,2000,1900,outcome_stratified_patient_group_cluster,20260710,2534263604,0.5831131307635569
overall_S3_score_MEWS,overall,S3,score_MEWS,,overall,overall,validation_2024,score_component_available_subset_of_current_cohort,7289,349f2754ba90ab7e749e83be36898f18d6c2a7ee90f42aa14df2b41c9212038d,AUPRC,0.34564131594843434,0.33189422317532624,0.3604820929574652,ESTIMATED,,7288,2086,6433,2000,2000,1900,outcome_stratified_patient_group_cluster,20260710,2534263604,0.34564131594843434
overall_S3_score_MEWS,overall,S3,score_MEWS,,overall,overall,validation_2024,score_component_available_subset_of_current_cohort,7289,349f2754ba90ab7e749e83be36898f18d6c2a7ee90f42aa14df2b41c9212038d,Brier,0.24560415272134173,0.2438842072982402,0.2473638114225076,ESTIMATED,,7288,2086,6433,2000,2000,1900,outcome_stratified_patient_group_cluster,20260710,2534263604,0.24560415272134173
overall_S3_score_REMS,overall,S3,score_REMS,,overall,overall,validation_2024,score_component_available_subset_of_current_cohort,7289,31c450d82c0ff3be50b48bf73e165b23ca00cf04b96c1177359a11c9eafcabc5,AUROC,0.6321839744122237,0.6169716899874704,0.6485018124826962,ESTIMATED,,6306,1779,5575,2000,2000,1900,outcome_stratified_patient_group_cluster,20260710,944706157,0.6321839744122237
overall_S3_score_REMS,overall,S3,score_REMS,,overall,overall,validation_2024,score_component_available_subset_of_current_cohort,7289,31c450d82c0ff3be50b48bf73e165b23ca00cf04b96c1177359a11c9eafcabc5,AUPRC,0.358649734359125,0.3441579275496257,0.3755480689319435,ESTIMATED,,6306,1779,5575,2000,2000,1900,outcome_stratified_patient_group_cluster,20260710,944706157,0.358649734359125
overall_S3_score_REMS,overall,S3,score_REMS,,overall,overall,validation_2024,score_component_available_subset_of_current_cohort,7289,31c450d82c0ff3be50b48bf73e165b23ca00cf04b96c1177359a11c9eafcabc5,Brier,0.23996186804555047,0.23652013008489367,0.24341024225799113,ESTIMATED,,6306,1779,5575,2000,2000,1900,outcome_stratified_patient_group_cluster,20260710,944706157,0.23996186804555047
overall_S3_score_RTS,overall,S3,score_RTS,,overall,overall,validation_2024,score_component_available_subset_of_current_cohort,7289,f672c49cd45c26b35e7b7ed656c1803f0dd7f856cdb88334c561598b75ea3f53,AUROC,0.5334766324555372,0.5223907079875888,0.5445340360429192,ESTIMATED,,7282,2081,6431,2000,2000,1900,outcome_stratified_patient_group_cluster,20260710,2209479869,0.5334766324555372
overall_S3_score_RTS,overall,S3,score_RTS,,overall,overall,validation_2024,score_component_available_subset_of_current_cohort,7289,f672c49cd45c26b35e7b7ed656c1803f0dd7f856cdb88334c561598b75ea3f53,AUPRC,0.30778387433484306,0.29819305527752515,0.3191261400379935,ESTIMATED,,7282,2081,6431,2000,2000,1900,outcome_stratified_patient_group_cluster,20260710,2209479869,0.30778387433484306
overall_S3_score_RTS,overall,S3,score_RTS,,overall,overall,validation_2024,score_component_available_subset_of_current_cohort,7289,f672c49cd45c26b35e7b7ed656c1803f0dd7f856cdb88334c561598b75ea3f53,Brier,0.24904347005743815,0.24792640997706664,0.25020325738789634,ESTIMATED,,7282,2081,6431,2000,2000,1900,outcome_stratified_patient_group_cluster,20260710,2209479869,0.24904347005743815
overall_S3_score_rSI_GCS_alias,overall,S3,score_rSI_GCS_alias,score_rSIG,overall,overall,validation_2024,score_component_available_subset_of_current_cohort,7289,f672c49cd45c26b35e7b7ed656c1803f0dd7f856cdb88334c561598b75ea3f53,AUROC,0.5762211569670971,0.561072554236446,0.5915186182443072,ESTIMATED,,7282,2081,6431,2000,2000,1900,outcome_stratified_patient_group_cluster,20260710,1276887146,0.5762211569670971
overall_S3_score_rSI_GCS_alias,overall,S3,score_rSI_GCS_alias,score_rSIG,overall,overall,validation_2024,score_component_available_subset_of_current_cohort,7289,f672c49cd45c26b35e7b7ed656c1803f0dd7f856cdb88334c561598b75ea3f53,AUPRC,0.35385219079459795,0.3384730094635134,0.3714838242981937,ESTIMATED,,7282,2081,6431,2000,2000,1900,outcome_stratified_patient_group_cluster,20260710,1276887146,0.35385219079459795
overall_S3_score_rSI_GCS_alias,overall,S3,score_rSI_GCS_alias,score_rSIG,overall,overall,validation_2024,score_component_available_subset_of_current_cohort,7289,f672c49cd45c26b35e7b7ed656c1803f0dd7f856cdb88334c561598b75ea3f53,Brier,0.24826691748487908,0.24690542124059162,0.2495873826780339,ESTIMATED,,7282,2081,6431,2000,2000,1900,outcome_stratified_patient_group_cluster,20260710,1276887146,0.24826691748487908
overall_S3_knn_classifier,overall,S3,knn_classifier,,overall,overall,validation_2024,exact_current_cohort,7289,5d8bf17dc94e374c28166ff042a59f9267d0d774cfcf16dd4b15d5b520f645e6,AUROC,0.7266764196258925,0.7137668119398232,0.7395007864441082,ESTIMATED,,7289,2086,6434,2000,2000,1900,outcome_stratified_patient_group_cluster,20260710,2074521055,0.7266764196258925
overall_S3_knn_classifier,overall,S3,knn_classifier,,overall,overall,validation_2024,exact_current_cohort,7289,5d8bf17dc94e374c28166ff042a59f9267d0d774cfcf16dd4b15d5b520f645e6,AUPRC,0.5217608693205474,0.5007067802950015,0.5449212073723623,ESTIMATED,,7289,2086,6434,2000,2000,1900,outcome_stratified_patient_group_cluster,20260710,2074521055,0.5217608693205474
overall_S3_knn_classifier,overall,S3,knn_classifier,,overall,overall,validation_2024,exact_current_cohort,7289,5d8bf17dc94e374c28166ff042a59f9267d0d774cfcf16dd4b15d5b520f645e6,Brier,0.17720691214357176,0.17357046537737703,0.18080048820222164,ESTIMATED,,7289,2086,6434,2000,2000,1900,outcome_stratified_patient_group_cluster,20260710,2074521055,0.17720691214357176
overall_S4_decision_tree,overall,S4,decision_tree,,overall,overall,validation_2024,exact_current_cohort,7289,5d8bf17dc94e374c28166ff042a59f9267d0d774cfcf16dd4b15d5b520f645e6,AUROC,0.7948384368323537,0.7782335388559785,0.8118192591043885,ESTIMATED,,7289,707,6434,2000,2000,1900,outcome_stratified_patient_group_cluster,20260710,3813383878,0.7948384368323537
overall_S4_decision_tree,overall,S4,decision_tree,,overall,overall,validation_2024,exact_current_cohort,7289,5d8bf17dc94e374c28166ff042a59f9267d0d774cfcf16dd4b15d5b520f645e6,AUPRC,0.2985536004107862,0.27295083479754334,0.32920176195371,ESTIMATED,,7289,707,6434,2000,2000,1900,outcome_stratified_patient_group_cluster,20260710,3813383878,0.2985536004107862
overall_S4_decision_tree,overall,S4,decision_tree,,overall,overall,validation_2024,exact_current_cohort,7289,5d8bf17dc94e374c28166ff042a59f9267d0d774cfcf16dd4b15d5b520f645e6,Brier,0.18470301559406108,0.17958988448245597,0.19004363689735893,ESTIMATED,,7289,707,6434,2000,2000,1900,outcome_stratified_patient_group_cluster,20260710,3813383878,0.18470301559406108
overall_S4_random_forest,overall,S4,random_forest,,overall,overall,validation_2024,exact_current_cohort,7289,5d8bf17dc94e374c28166ff042a59f9267d0d774cfcf16dd4b15d5b520f645e6,AUROC,0.8196994331546711,0.8045779925482124,0.8347623725138664,ESTIMATED,,7289,707,6434,2000,2000,1900,outcome_stratified_patient_group_cluster,20260710,865084353,0.8196994331546711
overall_S4_random_forest,overall,S4,random_forest,,overall,overall,validation_2024,exact_current_cohort,7289,5d8bf17dc94e374c28166ff042a59f9267d0d774cfcf16dd4b15d5b520f645e6,AUPRC,0.35585043337217975,0.3252438430544034,0.3927837833230696,ESTIMATED,,7289,707,6434,2000,2000,1900,outcome_stratified_patient_group_cluster,20260710,865084353,0.35585043337217975
overall_S4_random_forest,overall,S4,random_forest,,overall,overall,validation_2024,exact_current_cohort,7289,5d8bf17dc94e374c28166ff042a59f9267d0d774cfcf16dd4b15d5b520f645e6,Brier,0.11683673065129765,0.11305932044138592,0.12045096125905067,ESTIMATED,,7289,707,6434,2000,2000,1900,outcome_stratified_patient_group_cluster,20260710,865084353,0.11683673065129765
overall_S4_balanced_random_forest,overall,S4,balanced_random_forest,,overall,overall,validation_2024,exact_current_cohort,7289,5d8bf17dc94e374c28166ff042a59f9267d0d774cfcf16dd4b15d5b520f645e6,AUROC,0.8180473340992127,0.8036483116322044,0.8325047540521033,ESTIMATED,,7289,707,6434,2000,2000,1900,outcome_stratified_patient_group_cluster,20260710,544656959,0.8180473340992127
overall_S4_balanced_random_forest,overall,S4,balanced_random_forest,,overall,overall,validation_2024,exact_current_cohort,7289,5d8bf17dc94e374c28166ff042a59f9267d0d774cfcf16dd4b15d5b520f645e6,AUPRC,0.3450652931865778,0.31611529555752527,0.3806448997877216,ESTIMATED,,7289,707,6434,2000,2000,1900,outcome_stratified_patient_group_cluster,20260710,544656959,0.3450652931865778
overall_S4_balanced_random_forest,overall,S4,balanced_random_forest,,overall,overall,validation_2024,exact_current_cohort,7289,5d8bf17dc94e374c28166ff042a59f9267d0d774cfcf16dd4b15d5b520f645e6,Brier,0.16361372491186335,0.15916911603885497,0.16817689516855922,ESTIMATED,,7289,707,6434,2000,2000,1900,outcome_stratified_patient_group_cluster,20260710,544656959,0.16361372491186335
overall_S4_svm_rbf,overall,S4,svm_rbf,,overall,overall,validation_2024,exact_current_cohort,7289,5d8bf17dc94e374c28166ff042a59f9267d0d774cfcf16dd4b15d5b520f645e6,AUROC,0.7895821487344723,0.773783365933309,0.8048816477880875,ESTIMATED,,7289,707,6434,2000,2000,1900,outcome_stratified_patient_group_cluster,20260710,3072378414,0.7895821487344723
overall_S4_svm_rbf,overall,S4,svm_rbf,,overall,overall,validation_2024,exact_current_cohort,7289,5d8bf17dc94e374c28166ff042a59f9267d0d774cfcf16dd4b15d5b520f645e6,AUPRC,0.26306722073442684,0.23941362081195836,0.2883687525932295,ESTIMATED,,7289,707,6434,2000,2000,1900,outcome_stratified_patient_group_cluster,20260710,3072378414,0.26306722073442684
overall_S4_svm_rbf,overall,S4,svm_rbf,,overall,overall,validation_2024,exact_current_cohort,7289,5d8bf17dc94e374c28166ff042a59f9267d0d774cfcf16dd4b15d5b520f645e6,Brier,0.08031925553521095,0.07840495337723691,0.08240929884390207,ESTIMATED,,7289,707,6434,2000,2000,1900,outcome_stratified_patient_group_cluster,20260710,3072378414,0.08031925553521095
overall_S4_logistic_l1,overall,S4,logistic_l1,,overall,overall,validation_2024,exact_current_cohort,7289,5d8bf17dc94e374c28166ff042a59f9267d0d774cfcf16dd4b15d5b520f645e6,AUROC,0.8055177701648275,0.7872078707221966,0.8224904071722877,ESTIMATED,,7289,707,6434,2000,2000,1900,outcome_stratified_patient_group_cluster,20260710,1782565701,0.8055177701648275
overall_S4_logistic_l1,overall,S4,logistic_l1,,overall,overall,validation_2024,exact_current_cohort,7289,5d8bf17dc94e374c28166ff042a59f9267d0d774cfcf16dd4b15d5b520f645e6,AUPRC,0.3706537382610287,0.33612937115138464,0.4063331161195053,ESTIMATED,,7289,707,6434,2000,2000,1900,outcome_stratified_patient_group_cluster,20260710,1782565701,0.3706537382610287
overall_S4_logistic_l1,overall,S4,logistic_l1,,overall,overall,validation_2024,exact_current_cohort,7289,5d8bf17dc94e374c28166ff042a59f9267d0d774cfcf16dd4b15d5b520f645e6,Brier,0.1577808403127588,0.15260951217076527,0.1632009758045418,ESTIMATED,,7289,707,6434,2000,2000,1900,outcome_stratified_patient_group_cluster,20260710,1782565701,0.1577808403127588
overall_S4_logistic_l2,overall,S4,logistic_l2,,overall,overall,validation_2024,exact_current_cohort,7289,5d8bf17dc94e374c28166ff042a59f9267d0d774cfcf16dd4b15d5b520f645e6,AUROC,0.8003545308300852,0.7818920674361256,0.8192644817358977,ESTIMATED,,7289,707,6434,2000,2000,1900,outcome_stratified_patient_group_cluster,,,0.8003545308300852
overall_S4_logistic_l2,overall,S4,logistic_l2,,overall,overall,validation_2024,exact_current_cohort,7289,5d8bf17dc94e374c28166ff042a59f9267d0d774cfcf16dd4b15d5b520f645e6,AUPRC,0.3600043199357973,0.32958837670526725,0.39873468524002326,ESTIMATED,,7289,707,6434,2000,2000,1900,outcome_stratified_patient_group_cluster,,,0.3600043199357973
overall_S4_logistic_l2,overall,S4,logistic_l2,,overall,overall,validation_2024,exact_current_cohort,7289,5d8bf17dc94e374c28166ff042a59f9267d0d774cfcf16dd4b15d5b520f645e6,Brier,0.15863783966029138,0.15309652561662693,0.16421054705871888,ESTIMATED,,7289,707,6434,2000,2000,1900,outcome_stratified_patient_group_cluster,,,0.15863783966029138
overall_S4_score_NEWS2,overall,S4,score_NEWS2,,overall,overall,validation_2024,score_component_available_subset_of_current_cohort,7289,6ea8110fbed2854cedba7719b2c2ed93b0b705aa8c57916349705deaa0883f80,AUROC,0.6054653204565409,0.5673301892139472,0.6431727581548113,ESTIMATED,,1033,268,943,2000,2000,1900,outcome_stratified_patient_group_cluster,20260710,598017644,0.6054653204565409
overall_S4_score_NEWS2,overall,S4,score_NEWS2,,overall,overall,validation_2024,score_component_available_subset_of_current_cohort,7289,6ea8110fbed2854cedba7719b2c2ed93b0b705aa8c57916349705deaa0883f80,AUPRC,0.32495267971636804,0.2968077118654646,0.36617415969210176,ESTIMATED,,1033,268,943,2000,2000,1900,outcome_stratified_patient_group_cluster,20260710,598017644,0.32495267971636804
overall_S4_score_NEWS2,overall,S4,score_NEWS2,,overall,overall,validation_2024,score_component_available_subset_of_current_cohort,7289,6ea8110fbed2854cedba7719b2c2ed93b0b705aa8c57916349705deaa0883f80,Brier,0.243196803237085,0.2363650479178321,0.24990503305528783,ESTIMATED,,1033,268,943,2000,2000,1900,outcome_stratified_patient_group_cluster,20260710,598017644,0.243196803237085
overall_S4_score_rSIG,overall,S4,score_rSIG,,overall,overall,validation_2024,score_component_available_subset_of_current_cohort,7289,f672c49cd45c26b35e7b7ed656c1803f0dd7f856cdb88334c561598b75ea3f53,AUROC,0.6113967952827002,0.5871577947163706,0.6363369309930027,ESTIMATED,,7282,706,6431,2000,2000,1900,outcome_stratified_patient_group_cluster,20260710,120639814,0.6113967952827002
overall_S4_score_rSIG,overall,S4,score_rSIG,,overall,overall,validation_2024,score_component_available_subset_of_current_cohort,7289,f672c49cd45c26b35e7b7ed656c1803f0dd7f856cdb88334c561598b75ea3f53,AUPRC,0.1938207307738825,0.1719775830059827,0.2219249202093193,ESTIMATED,,7282,706,6431,2000,2000,1900,outcome_stratified_patient_group_cluster,20260710,120639814,0.1938207307738825
overall_S4_score_rSIG,overall,S4,score_rSIG,,overall,overall,validation_2024,score_component_available_subset_of_current_cohort,7289,f672c49cd45c26b35e7b7ed656c1803f0dd7f856cdb88334c561598b75ea3f53,Brier,0.24396094009401606,0.24185358621289998,0.24609971869818975,ESTIMATED,,7282,706,6431,2000,2000,1900,outcome_stratified_patient_group_cluster,20260710,120639814,0.24396094009401606
overall_S4_score_rSIG_Age,overall,S4,score_rSIG_Age,,overall,overall,validation_2024,score_component_available_subset_of_current_cohort,7289,c7b537636c0a24c52615c2fe949a207fb1189f2956fe395a416ecccd6edeaf15,AUROC,0.6838195980527852,0.6637722214867964,0.7037221586485202,ESTIMATED,,7276,706,6425,2000,2000,1900,outcome_stratified_patient_group_cluster,20260710,1056212932,0.6838195980527852
overall_S4_score_rSIG_Age,overall,S4,score_rSIG_Age,,overall,overall,validation_2024,score_component_available_subset_of_current_cohort,7289,c7b537636c0a24c52615c2fe949a207fb1189f2956fe395a416ecccd6edeaf15,AUPRC,0.19957486788478557,0.1800915118852007,0.22619969487087818,ESTIMATED,,7276,706,6425,2000,2000,1900,outcome_stratified_patient_group_cluster,20260710,1056212932,0.19957486788478557
overall_S4_score_rSIG_Age,overall,S4,score_rSIG_Age,,overall,overall,validation_2024,score_component_available_subset_of_current_cohort,7289,c7b537636c0a24c52615c2fe949a207fb1189f2956fe395a416ecccd6edeaf15,Brier,0.23642417409259062,0.2329818703405413,0.24002995698855034,ESTIMATED,,7276,706,6425,2000,2000,1900,outcome_stratified_patient_group_cluster,20260710,1056212932,0.23642417409259062
overall_S4_score_SIA_G,overall,S4,score_SIA_G,,overall,overall,validation_2024,score_component_available_subset_of_current_cohort,7289,c7b537636c0a24c52615c2fe949a207fb1189f2956fe395a416ecccd6edeaf15,AUROC,0.6838190590761509,0.6632106263033427,0.7043363461924571,ESTIMATED,,7276,706,6425,2000,2000,1900,outcome_stratified_patient_group_cluster,20260710,3433091371,0.6838190590761509
overall_S4_score_SIA_G,overall,S4,score_SIA_G,,overall,overall,validation_2024,score_component_available_subset_of_current_cohort,7289,c7b537636c0a24c52615c2fe949a207fb1189f2956fe395a416ecccd6edeaf15,AUPRC,0.19957604850454613,0.17918045963536924,0.22614043067381778,ESTIMATED,,7276,706,6425,2000,2000,1900,outcome_stratified_patient_group_cluster,20260710,3433091371,0.19957604850454613
overall_S4_score_SIA_G,overall,S4,score_SIA_G,,overall,overall,validation_2024,score_component_available_subset_of_current_cohort,7289,c7b537636c0a24c52615c2fe949a207fb1189f2956fe395a416ecccd6edeaf15,Brier,0.22456050068413086,0.22124761738709214,0.2278532208815001,ESTIMATED,,7276,706,6425,2000,2000,1900,outcome_stratified_patient_group_cluster,20260710,3433091371,0.22456050068413086
overall_S4_score_SI_G,overall,S4,score_SI_G,,overall,overall,validation_2024,score_component_available_subset_of_current_cohort,7289,f672c49cd45c26b35e7b7ed656c1803f0dd7f856cdb88334c561598b75ea3f53,AUROC,0.6113953952220452,0.5858248005790846,0.6364592579975406,ESTIMATED,,7282,706,6431,2000,2000,1900,outcome_stratified_patient_group_cluster,20260710,9214624,0.6113953952220452
overall_S4_score_SI_G,overall,S4,score_SI_G,,overall,overall,validation_2024,score_component_available_subset_of_current_cohort,7289,f672c49cd45c26b35e7b7ed656c1803f0dd7f856cdb88334c561598b75ea3f53,AUPRC,0.19382325599042224,0.17274189683837957,0.22106182009860523,ESTIMATED,,7282,706,6431,2000,2000,1900,outcome_stratified_patient_group_cluster,20260710,9214624,0.19382325599042224
overall_S4_score_SI_G,overall,S4,score_SI_G,,overall,overall,validation_2024,score_component_available_subset_of_current_cohort,7289,f672c49cd45c26b35e7b7ed656c1803f0dd7f856cdb88334c561598b75ea3f53,Brier,0.2314540549127455,0.22900482797251892,0.23383710511788272,ESTIMATED,,7282,706,6431,2000,2000,1900,outcome_stratified_patient_group_cluster,20260710,9214624,0.2314540549127455
overall_S4_score_SI,overall,S4,score_SI,,overall,overall,validation_2024,exact_current_cohort,7289,5d8bf17dc94e374c28166ff042a59f9267d0d774cfcf16dd4b15d5b520f645e6,AUROC,0.5239257810401433,0.4992342653250566,0.5499651444328326,ESTIMATED,,7289,707,6434,2000,2000,1900,outcome_stratified_patient_group_cluster,20260710,2567710921,0.5239257810401433
overall_S4_score_SI,overall,S4,score_SI,,overall,overall,validation_2024,exact_current_cohort,7289,5d8bf17dc94e374c28166ff042a59f9267d0d774cfcf16dd4b15d5b520f645e6,AUPRC,0.13278831651218673,0.11953976472173082,0.15235671645677462,ESTIMATED,,7289,707,6434,2000,2000,1900,outcome_stratified_patient_group_cluster,20260710,2567710921,0.13278831651218673
overall_S4_score_SI,overall,S4,score_SI,,overall,overall,validation_2024,exact_current_cohort,7289,5d8bf17dc94e374c28166ff042a59f9267d0d774cfcf16dd4b15d5b520f645e6,Brier,0.2510569449629881,0.2495549164034353,0.25244059416125164,ESTIMATED,,7289,707,6434,2000,2000,1900,outcome_stratified_patient_group_cluster,20260710,2567710921,0.2510569449629881
overall_S4_score_mSI,overall,S4,score_mSI,,overall,overall,validation_2024,score_component_available_subset_of_current_cohort,7289,99214c41cc79254315d5236f925d0c5a347475236dba0e161bfd4324bfd4849d,AUROC,0.5157679280541929,0.48834278069180814,0.5445339379122186,ESTIMATED,,6308,600,5577,2000,2000,1900,outcome_stratified_patient_group_cluster,20260710,550662894,0.5157679280541929
overall_S4_score_mSI,overall,S4,score_mSI,,overall,overall,validation_2024,score_component_available_subset_of_current_cohort,7289,99214c41cc79254315d5236f925d0c5a347475236dba0e161bfd4324bfd4849d,AUPRC,0.13940691540822023,0.12211266608862363,0.16433614261138324,ESTIMATED,,6308,600,5577,2000,2000,1900,outcome_stratified_patient_group_cluster,20260710,550662894,0.13940691540822023
overall_S4_score_mSI,overall,S4,score_mSI,,overall,overall,validation_2024,score_component_available_subset_of_current_cohort,7289,99214c41cc79254315d5236f925d0c5a347475236dba0e161bfd4324bfd4849d,Brier,0.2456838114151579,0.24422308597650058,0.247123938284868,ESTIMATED,,6308,600,5577,2000,2000,1900,outcome_stratified_patient_group_cluster,20260710,550662894,0.2456838114151579
overall_S4_score_aSI,overall,S4,score_aSI,,overall,overall,validation_2024,score_component_available_subset_of_current_cohort,7289,60a6aed7f85358c43a18c4ad54b17d129448b812de5d0af1ae3895d6f58e9244,AUROC,0.6231586206065861,0.6019222612853331,0.6435520670172865,ESTIMATED,,7283,707,6428,2000,2000,1900,outcome_stratified_patient_group_cluster,20260710,3720507554,0.6231586206065861
overall_S4_score_aSI,overall,S4,score_aSI,,overall,overall,validation_2024,score_component_available_subset_of_current_cohort,7289,60a6aed7f85358c43a18c4ad54b17d129448b812de5d0af1ae3895d6f58e9244,AUPRC,0.14943328536176415,0.13730068375098542,0.1680881683833293,ESTIMATED,,7283,707,6428,2000,2000,1900,outcome_stratified_patient_group_cluster,20260710,3720507554,0.14943328536176415
overall_S4_score_aSI,overall,S4,score_aSI,,overall,overall,validation_2024,score_component_available_subset_of_current_cohort,7289,60a6aed7f85358c43a18c4ad54b17d129448b812de5d0af1ae3895d6f58e9244,Brier,0.24412698353697468,0.24057570680527027,0.2479304081982519,ESTIMATED,,7283,707,6428,2000,2000,1900,outcome_stratified_patient_group_cluster,20260710,3720507554,0.24412698353697468
overall_S4_score_rSI,overall,S4,score_rSI,,overall,overall,validation_2024,exact_current_cohort,7289,5d8bf17dc94e374c28166ff042a59f9267d0d774cfcf16dd4b15d5b520f645e6,AUROC,0.5239257810401433,0.4990982198312441,0.549058960431437,ESTIMATED,,7289,707,6434,2000,2000,1900,outcome_stratified_patient_group_cluster,20260710,4293315725,0.5239257810401433
overall_S4_score_rSI,overall,S4,score_rSI,,overall,overall,validation_2024,exact_current_cohort,7289,5d8bf17dc94e374c28166ff042a59f9267d0d774cfcf16dd4b15d5b520f645e6,AUPRC,0.13278831651218673,0.11937824425752126,0.15194977292654357,ESTIMATED,,7289,707,6434,2000,2000,1900,outcome_stratified_patient_group_cluster,20260710,4293315725,0.13278831651218673
overall_S4_score_rSI,overall,S4,score_rSI,,overall,overall,validation_2024,exact_current_cohort,7289,5d8bf17dc94e374c28166ff042a59f9267d0d774cfcf16dd4b15d5b520f645e6,Brier,0.2512218767770575,0.25063502488038925,0.2517572205841069,ESTIMATED,,7289,707,6434,2000,2000,1900,outcome_stratified_patient_group_cluster,20260710,4293315725,0.2512218767770575
overall_S4_score_rSI_sMS,overall,S4,score_rSI_sMS,,overall,overall,validation_2024,exact_current_cohort,7289,5d8bf17dc94e374c28166ff042a59f9267d0d774cfcf16dd4b15d5b520f645e6,AUROC,0.6137467406071249,0.5870863084716039,0.6386455335901586,ESTIMATED,,7289,707,6434,2000,2000,1900,outcome_stratified_patient_group_cluster,,,0.6137467406071249
overall_S4_score_rSI_sMS,overall,S4,score_rSI_sMS,,overall,overall,validation_2024,exact_current_cohort,7289,5d8bf17dc94e374c28166ff042a59f9267d0d774cfcf16dd4b15d5b520f645e6,AUPRC,0.18568462285702309,0.1658314143969019,0.21203530772494145,ESTIMATED,,7289,707,6434,2000,2000,1900,outcome_stratified_patient_group_cluster,,,0.18568462285702309
overall_S4_score_rSI_sMS,overall,S4,score_rSI_sMS,,overall,overall,validation_2024,exact_current_cohort,7289,5d8bf17dc94e374c28166ff042a59f9267d0d774cfcf16dd4b15d5b520f645e6,Brier,0.2446790313275281,0.242525407045093,0.2470198286050036,ESTIMATED,,7289,707,6434,2000,2000,1900,outcome_stratified_patient_group_cluster,,,0.2446790313275281
overall_S4_score_rSI_GCSM,overall,S4,score_rSI_GCSM,,overall,overall,validation_2024,exact_current_cohort,7289,5d8bf17dc94e374c28166ff042a59f9267d0d774cfcf16dd4b15d5b520f645e6,AUROC,0.5949039362850206,0.5694397199637667,0.6200161740001875,ESTIMATED,,7289,707,6434,2000,2000,1900,outcome_stratified_patient_group_cluster,20260710,3350420290,0.5949039362850206
overall_S4_score_rSI_GCSM,overall,S4,score_rSI_GCSM,,overall,overall,validation_2024,exact_current_cohort,7289,5d8bf17dc94e374c28166ff042a59f9267d0d774cfcf16dd4b15d5b520f645e6,AUPRC,0.18633726677672596,0.165059572358568,0.21342158964953867,ESTIMATED,,7289,707,6434,2000,2000,1900,outcome_stratified_patient_group_cluster,20260710,3350420290,0.18633726677672596
overall_S4_score_rSI_GCSM,overall,S4,score_rSI_GCSM,,overall,overall,validation_2024,exact_current_cohort,7289,5d8bf17dc94e374c28166ff042a59f9267d0d774cfcf16dd4b15d5b520f645e6,Brier,0.24580021519214862,0.243779828896544,0.24783658236771278,ESTIMATED,,7289,707,6434,2000,2000,1900,outcome_stratified_patient_group_cluster,20260710,3350420290,0.24580021519214862
overall_S4_score_SIAVPU,overall,S4,score_SIAVPU,,overall,overall,validation_2024,exact_current_cohort,7289,5d8bf17dc94e374c28166ff042a59f9267d0d774cfcf16dd4b15d5b520f645e6,AUROC,0.5607711572042736,0.5327747239102449,0.5857696107513725,ESTIMATED,,7289,707,6434,2000,2000,1900,outcome_stratified_patient_group_cluster,20260710,1843421827,0.5607711572042736
overall_S4_score_SIAVPU,overall,S4,score_SIAVPU,,overall,overall,validation_2024,exact_current_cohort,7289,5d8bf17dc94e374c28166ff042a59f9267d0d774cfcf16dd4b15d5b520f645e6,AUPRC,0.19210862001786227,0.16743322664318772,0.22037218425637453,ESTIMATED,,7289,707,6434,2000,2000,1900,outcome_stratified_patient_group_cluster,20260710,1843421827,0.19210862001786227
overall_S4_score_SIAVPU,overall,S4,score_SIAVPU,,overall,overall,validation_2024,exact_current_cohort,7289,5d8bf17dc94e374c28166ff042a59f9267d0d774cfcf16dd4b15d5b520f645e6,Brier,0.24767336731277176,0.24720448786482435,0.24812465274932632,ESTIMATED,,7289,707,6434,2000,2000,1900,outcome_stratified_patient_group_cluster,20260710,1843421827,0.24767336731277176
overall_S4_score_sMS,overall,S4,score_sMS,,overall,overall,validation_2024,exact_current_cohort,7289,5d8bf17dc94e374c28166ff042a59f9267d0d774cfcf16dd4b15d5b520f645e6,AUROC,0.6095267750502098,0.5926058351557066,0.6269306463221819,ESTIMATED,,7289,707,6434,2000,2000,1900,outcome_stratified_patient_group_cluster,20260710,1260347724,0.6095267750502098
overall_S4_score_sMS,overall,S4,score_sMS,,overall,overall,validation_2024,exact_current_cohort,7289,5d8bf17dc94e374c28166ff042a59f9267d0d774cfcf16dd4b15d5b520f645e6,AUPRC,0.15764738480400092,0.14326868136877063,0.1747226629066154,ESTIMATED,,7289,707,6434,2000,2000,1900,outcome_stratified_patient_group_cluster,20260710,1260347724,0.15764738480400092
overall_S4_score_sMS,overall,S4,score_sMS,,overall,overall,validation_2024,exact_current_cohort,7289,5d8bf17dc94e374c28166ff042a59f9267d0d774cfcf16dd4b15d5b520f645e6,Brier,0.22527621806321205,0.22231403938090474,0.22825361443937145,ESTIMATED,,7289,707,6434,2000,2000,1900,outcome_stratified_patient_group_cluster,20260710,1260347724,0.22527621806321205
overall_S4_score_qSOFA,overall,S4,score_qSOFA,,overall,overall,validation_2024,exact_current_cohort,7289,5d8bf17dc94e374c28166ff042a59f9267d0d774cfcf16dd4b15d5b520f645e6,AUROC,0.6582255536401407,0.6385940265027186,0.6775535858312374,ESTIMATED,,7289,707,6434,2000,2000,1900,outcome_stratified_patient_group_cluster,20260710,2304916505,0.6582255536401407
overall_S4_score_qSOFA,overall,S4,score_qSOFA,,overall,overall,validation_2024,exact_current_cohort,7289,5d8bf17dc94e374c28166ff042a59f9267d0d774cfcf16dd4b15d5b520f645e6,AUPRC,0.16192618348491883,0.14837819939432326,0.17727546936070454,ESTIMATED,,7289,707,6434,2000,2000,1900,outcome_stratified_patient_group_cluster,20260710,2304916505,0.16192618348491883
overall_S4_score_qSOFA,overall,S4,score_qSOFA,,overall,overall,validation_2024,exact_current_cohort,7289,5d8bf17dc94e374c28166ff042a59f9267d0d774cfcf16dd4b15d5b520f645e6,Brier,0.2352184863918983,0.23104437041121242,0.23960448560148756,ESTIMATED,,7289,707,6434,2000,2000,1900,outcome_stratified_patient_group_cluster,20260710,2304916505,0.2352184863918983
overall_S4_score_MEWS,overall,S4,score_MEWS,,overall,overall,validation_2024,score_component_available_subset_of_current_cohort,7289,349f2754ba90ab7e749e83be36898f18d6c2a7ee90f42aa14df2b41c9212038d,AUROC,0.6686721041479189,0.6474214646966402,0.6890951334672576,ESTIMATED,,7288,707,6433,2000,2000,1900,outcome_stratified_patient_group_cluster,20260710,334901740,0.6686721041479189
overall_S4_score_MEWS,overall,S4,score_MEWS,,overall,overall,validation_2024,score_component_available_subset_of_current_cohort,7289,349f2754ba90ab7e749e83be36898f18d6c2a7ee90f42aa14df2b41c9212038d,AUPRC,0.1883403246180154,0.1703257761393976,0.21061822396856236,ESTIMATED,,7288,707,6433,2000,2000,1900,outcome_stratified_patient_group_cluster,20260710,334901740,0.1883403246180154
overall_S4_score_MEWS,overall,S4,score_MEWS,,overall,overall,validation_2024,score_component_available_subset_of_current_cohort,7289,349f2754ba90ab7e749e83be36898f18d6c2a7ee90f42aa14df2b41c9212038d,Brier,0.22146205452715556,0.21765043153865007,0.22511601108675225,ESTIMATED,,7288,707,6433,2000,2000,1900,outcome_stratified_patient_group_cluster,20260710,334901740,0.22146205452715556
overall_S4_score_REMS,overall,S4,score_REMS,,overall,overall,validation_2024,score_component_available_subset_of_current_cohort,7289,31c450d82c0ff3be50b48bf73e165b23ca00cf04b96c1177359a11c9eafcabc5,AUROC,0.7039445320715036,0.6815557499841013,0.7244856790832985,ESTIMATED,,6306,600,5575,2000,2000,1900,outcome_stratified_patient_group_cluster,20260710,3918977363,0.7039445320715036
overall_S4_score_REMS,overall,S4,score_REMS,,overall,overall,validation_2024,score_component_available_subset_of_current_cohort,7289,31c450d82c0ff3be50b48bf73e165b23ca00cf04b96c1177359a11c9eafcabc5,AUPRC,0.2057186382020549,0.1838905471341513,0.23273593013133212,ESTIMATED,,6306,600,5575,2000,2000,1900,outcome_stratified_patient_group_cluster,20260710,3918977363,0.2057186382020549
overall_S4_score_REMS,overall,S4,score_REMS,,overall,overall,validation_2024,score_component_available_subset_of_current_cohort,7289,31c450d82c0ff3be50b48bf73e165b23ca00cf04b96c1177359a11c9eafcabc5,Brier,0.22028765284323198,0.21575569484951984,0.22491018134055799,ESTIMATED,,6306,600,5575,2000,2000,1900,outcome_stratified_patient_group_cluster,20260710,3918977363,0.22028765284323198
overall_S4_score_RTS,overall,S4,score_RTS,,overall,overall,validation_2024,score_component_available_subset_of_current_cohort,7289,f672c49cd45c26b35e7b7ed656c1803f0dd7f856cdb88334c561598b75ea3f53,AUROC,0.6200998954046995,0.6015980879116795,0.6388487250083076,ESTIMATED,,7282,706,6431,2000,2000,1900,outcome_stratified_patient_group_cluster,20260710,3886409773,0.6200998954046995
overall_S4_score_RTS,overall,S4,score_RTS,,overall,overall,validation_2024,score_component_available_subset_of_current_cohort,7289,f672c49cd45c26b35e7b7ed656c1803f0dd7f856cdb88334c561598b75ea3f53,AUPRC,0.18534517489370886,0.16617764358231435,0.20941026522427408,ESTIMATED,,7282,706,6431,2000,2000,1900,outcome_stratified_patient_group_cluster,20260710,3886409773,0.18534517489370886
overall_S4_score_RTS,overall,S4,score_RTS,,overall,overall,validation_2024,score_component_available_subset_of_current_cohort,7289,f672c49cd45c26b35e7b7ed656c1803f0dd7f856cdb88334c561598b75ea3f53,Brier,0.22375958907563412,0.22103863674974103,0.2265056955086201,ESTIMATED,,7282,706,6431,2000,2000,1900,outcome_stratified_patient_group_cluster,20260710,3886409773,0.22375958907563412
overall_S4_score_rSI_GCS_alias,overall,S4,score_rSI_GCS_alias,score_rSIG,overall,overall,validation_2024,score_component_available_subset_of_current_cohort,7289,f672c49cd45c26b35e7b7ed656c1803f0dd7f856cdb88334c561598b75ea3f53,AUROC,0.6113967952827002,0.5871577947163706,0.6363369309930027,ESTIMATED,,7282,706,6431,2000,2000,1900,outcome_stratified_patient_group_cluster,20260710,120639814,0.6113967952827002
overall_S4_score_rSI_GCS_alias,overall,S4,score_rSI_GCS_alias,score_rSIG,overall,overall,validation_2024,score_component_available_subset_of_current_cohort,7289,f672c49cd45c26b35e7b7ed656c1803f0dd7f856cdb88334c561598b75ea3f53,AUPRC,0.1938207307738825,0.1719775830059827,0.2219249202093193,ESTIMATED,,7282,706,6431,2000,2000,1900,outcome_stratified_patient_group_cluster,20260710,120639814,0.1938207307738825
overall_S4_score_rSI_GCS_alias,overall,S4,score_rSI_GCS_alias,score_rSIG,overall,overall,validation_2024,score_component_available_subset_of_current_cohort,7289,f672c49cd45c26b35e7b7ed656c1803f0dd7f856cdb88334c561598b75ea3f53,Brier,0.24396094009401606,0.24185358621289998,0.24609971869818975,ESTIMATED,,7282,706,6431,2000,2000,1900,outcome_stratified_patient_group_cluster,20260710,120639814,0.24396094009401606
overall_S4_knn_classifier,overall,S4,knn_classifier,,overall,overall,validation_2024,exact_current_cohort,7289,5d8bf17dc94e374c28166ff042a59f9267d0d774cfcf16dd4b15d5b520f645e6,AUROC,0.7792891934069043,0.7600241988415403,0.797540553907274,ESTIMATED,,7289,707,6434,2000,2000,1900,outcome_stratified_patient_group_cluster,20260710,1472680234,0.7792891934069043
overall_S4_knn_classifier,overall,S4,knn_classifier,,overall,overall,validation_2024,exact_current_cohort,7289,5d8bf17dc94e374c28166ff042a59f9267d0d774cfcf16dd4b15d5b520f645e6,AUPRC,0.3203178988686694,0.2912437219044473,0.35414782752788776,ESTIMATED,,7289,707,6434,2000,2000,1900,outcome_stratified_patient_group_cluster,20260710,1472680234,0.3203178988686694
overall_S4_knn_classifier,overall,S4,knn_classifier,,overall,overall,validation_2024,exact_current_cohort,7289,5d8bf17dc94e374c28166ff042a59f9267d0d774cfcf16dd4b15d5b520f645e6,Brier,0.07692223827843031,0.07496181474337857,0.0788966346583951,ESTIMATED,,7289,707,6434,2000,2000,1900,outcome_stratified_patient_group_cluster,20260710,1472680234,0.07692223827843031
overall_S5_decision_tree,overall,S5,decision_tree,,overall,overall,validation_2024,exact_current_cohort,7289,5d8bf17dc94e374c28166ff042a59f9267d0d774cfcf16dd4b15d5b520f645e6,AUROC,0.7341502808988765,0.673417801914479,0.7897922033764586,ESTIMATED,,7289,89,6434,2000,2000,1900,outcome_stratified_patient_group_cluster,20260710,1179193763,0.7341502808988765
overall_S5_decision_tree,overall,S5,decision_tree,,overall,overall,validation_2024,exact_current_cohort,7289,5d8bf17dc94e374c28166ff042a59f9267d0d774cfcf16dd4b15d5b520f645e6,AUPRC,0.03733380610808558,0.028829616318789122,0.04758569014995192,ESTIMATED,,7289,89,6434,2000,2000,1900,outcome_stratified_patient_group_cluster,20260710,1179193763,0.03733380610808558
overall_S5_decision_tree,overall,S5,decision_tree,,overall,overall,validation_2024,exact_current_cohort,7289,5d8bf17dc94e374c28166ff042a59f9267d0d774cfcf16dd4b15d5b520f645e6,Brier,0.1544132119737665,0.14828839725971554,0.16081609031722435,ESTIMATED,,7289,89,6434,2000,2000,1900,outcome_stratified_patient_group_cluster,20260710,1179193763,0.1544132119737665
overall_S5_random_forest,overall,S5,random_forest,,overall,overall,validation_2024,exact_current_cohort,7289,5d8bf17dc94e374c28166ff042a59f9267d0d774cfcf16dd4b15d5b520f645e6,AUROC,0.8296473158551811,0.7887060481527818,0.8657996296186595,ESTIMATED,,7289,89,6434,2000,2000,1900,outcome_stratified_patient_group_cluster,20260710,3497255110,0.8296473158551811
overall_S5_random_forest,overall,S5,random_forest,,overall,overall,validation_2024,exact_current_cohort,7289,5d8bf17dc94e374c28166ff042a59f9267d0d774cfcf16dd4b15d5b520f645e6,AUPRC,0.05596182808042902,0.04215814342363617,0.09324463243453247,ESTIMATED,,7289,89,6434,2000,2000,1900,outcome_stratified_patient_group_cluster,20260710,3497255110,0.05596182808042902
overall_S5_random_forest,overall,S5,random_forest,,overall,overall,validation_2024,exact_current_cohort,7289,5d8bf17dc94e374c28166ff042a59f9267d0d774cfcf16dd4b15d5b520f645e6,Brier,0.027011147019377978,0.025693303706170872,0.028376248087522572,ESTIMATED,,7289,89,6434,2000,2000,1900,outcome_stratified_patient_group_cluster,20260710,3497255110,0.027011147019377978
overall_S5_balanced_random_forest,overall,S5,balanced_random_forest,,overall,overall,validation_2024,exact_current_cohort,7289,5d8bf17dc94e374c28166ff042a59f9267d0d774cfcf16dd4b15d5b520f645e6,AUROC,0.8213982521847689,0.7830581788845874,0.8566434502959805,ESTIMATED,,7289,89,6434,2000,2000,1900,outcome_stratified_patient_group_cluster,20260710,29414140,0.8213982521847689
overall_S5_balanced_random_forest,overall,S5,balanced_random_forest,,overall,overall,validation_2024,exact_current_cohort,7289,5d8bf17dc94e374c28166ff042a59f9267d0d774cfcf16dd4b15d5b520f645e6,AUPRC,0.04652575833741548,0.03685867425760728,0.0654135041085358,ESTIMATED,,7289,89,6434,2000,2000,1900,outcome_stratified_patient_group_cluster,20260710,29414140,0.04652575833741548
overall_S5_balanced_random_forest,overall,S5,balanced_random_forest,,overall,overall,validation_2024,exact_current_cohort,7289,5d8bf17dc94e374c28166ff042a59f9267d0d774cfcf16dd4b15d5b520f645e6,Brier,0.15067958346220153,0.14574495218557132,0.15554477521568058,ESTIMATED,,7289,89,6434,2000,2000,1900,outcome_stratified_patient_group_cluster,20260710,29414140,0.15067958346220153
overall_S5_svm_rbf,overall,S5,svm_rbf,,overall,overall,validation_2024,exact_current_cohort,7289,5d8bf17dc94e374c28166ff042a59f9267d0d774cfcf16dd4b15d5b520f645e6,AUROC,0.7563966916354558,0.7114079309929261,0.7994424433457828,ESTIMATED,,7289,89,6434,2000,2000,1900,outcome_stratified_patient_group_cluster,20260710,2012075098,0.7563966916354558
overall_S5_svm_rbf,overall,S5,svm_rbf,,overall,overall,validation_2024,exact_current_cohort,7289,5d8bf17dc94e374c28166ff042a59f9267d0d774cfcf16dd4b15d5b520f645e6,AUPRC,0.042080523685841115,0.02816734597153074,0.07831136734771607,ESTIMATED,,7289,89,6434,2000,2000,1900,outcome_stratified_patient_group_cluster,20260710,2012075098,0.042080523685841115
overall_S5_svm_rbf,overall,S5,svm_rbf,,overall,overall,validation_2024,exact_current_cohort,7289,5d8bf17dc94e374c28166ff042a59f9267d0d774cfcf16dd4b15d5b520f645e6,Brier,0.011965677753888489,0.011702801744595226,0.012189148286148848,ESTIMATED,,7289,89,6434,2000,2000,1900,outcome_stratified_patient_group_cluster,20260710,2012075098,0.011965677753888489
overall_S5_logistic_l1,overall,S5,logistic_l1,,overall,overall,validation_2024,exact_current_cohort,7289,5d8bf17dc94e374c28166ff042a59f9267d0d774cfcf16dd4b15d5b520f645e6,AUROC,0.5926560549313359,0.5167488620954069,0.6641194852603319,ESTIMATED,,7289,89,6434,2000,2000,1900,outcome_stratified_patient_group_cluster,20260710,326198302,0.5926560549313359
overall_S5_logistic_l1,overall,S5,logistic_l1,,overall,overall,validation_2024,exact_current_cohort,7289,5d8bf17dc94e374c28166ff042a59f9267d0d774cfcf16dd4b15d5b520f645e6,AUPRC,0.028047002722395575,0.02009755197147264,0.04373155852049706,ESTIMATED,,7289,89,6434,2000,2000,1900,outcome_stratified_patient_group_cluster,20260710,326198302,0.028047002722395575
overall_S5_logistic_l1,overall,S5,logistic_l1,,overall,overall,validation_2024,exact_current_cohort,7289,5d8bf17dc94e374c28166ff042a59f9267d0d774cfcf16dd4b15d5b520f645e6,Brier,0.10823756567268943,0.10290243917585164,0.11373724255703276,ESTIMATED,,7289,89,6434,2000,2000,1900,outcome_stratified_patient_group_cluster,20260710,326198302,0.10823756567268943
overall_S5_logistic_l2,overall,S5,logistic_l2,,overall,overall,validation_2024,exact_current_cohort,7289,5d8bf17dc94e374c28166ff042a59f9267d0d774cfcf16dd4b15d5b520f645e6,AUROC,0.5946145443196005,0.5215749954618056,0.6642500010455904,ESTIMATED,,7289,89,6434,2000,2000,1900,outcome_stratified_patient_group_cluster,,,0.5946145443196005
overall_S5_logistic_l2,overall,S5,logistic_l2,,overall,overall,validation_2024,exact_current_cohort,7289,5d8bf17dc94e374c28166ff042a59f9267d0d774cfcf16dd4b15d5b520f645e6,AUPRC,0.028095144938519064,0.020416256350633762,0.04443968882257395,ESTIMATED,,7289,89,6434,2000,2000,1900,outcome_stratified_patient_group_cluster,,,0.028095144938519064
overall_S5_logistic_l2,overall,S5,logistic_l2,,overall,overall,validation_2024,exact_current_cohort,7289,5d8bf17dc94e374c28166ff042a59f9267d0d774cfcf16dd4b15d5b520f645e6,Brier,0.10789955599844538,0.10262940177537494,0.11341183797792526,ESTIMATED,,7289,89,6434,2000,2000,1900,outcome_stratified_patient_group_cluster,,,0.10789955599844538
overall_S5_score_NEWS2,overall,S5,score_NEWS2,,overall,overall,validation_2024,score_component_available_subset_of_current_cohort,7289,6ea8110fbed2854cedba7719b2c2ed93b0b705aa8c57916349705deaa0883f80,AUROC,0.5706797057398353,0.48651861317071027,0.6473621109905984,ESTIMATED,,1033,46,943,2000,2000,1900,outcome_stratified_patient_group_cluster,20260710,1319924152,0.5706797057398353
overall_S5_score_NEWS2,overall,S5,score_NEWS2,,overall,overall,validation_2024,score_component_available_subset_of_current_cohort,7289,6ea8110fbed2854cedba7719b2c2ed93b0b705aa8c57916349705deaa0883f80,AUPRC,0.058469662736763274,0.04486618448474513,0.09625478032771437,ESTIMATED,,1033,46,943,2000,2000,1900,outcome_stratified_patient_group_cluster,20260710,1319924152,0.058469662736763274
overall_S5_score_NEWS2,overall,S5,score_NEWS2,,overall,overall,validation_2024,score_component_available_subset_of_current_cohort,7289,6ea8110fbed2854cedba7719b2c2ed93b0b705aa8c57916349705deaa0883f80,Brier,0.241902830145388,0.23537213179848893,0.24849745987167993,ESTIMATED,,1033,46,943,2000,2000,1900,outcome_stratified_patient_group_cluster,20260710,1319924152,0.241902830145388
overall_S5_score_rSIG,overall,S5,score_rSIG,,overall,overall,validation_2024,score_component_available_subset_of_current_cohort,7289,f672c49cd45c26b35e7b7ed656c1803f0dd7f856cdb88334c561598b75ea3f53,AUROC,0.65714563272424,0.5917328482672686,0.7188346675983142,ESTIMATED,,7282,88,6431,2000,2000,1900,outcome_stratified_patient_group_cluster,20260710,2410975939,0.65714563272424
overall_S5_score_rSIG,overall,S5,score_rSIG,,overall,overall,validation_2024,score_component_available_subset_of_current_cohort,7289,f672c49cd45c26b35e7b7ed656c1803f0dd7f856cdb88334c561598b75ea3f53,AUPRC,0.02843210440826205,0.02065863576121582,0.04722146968403711,ESTIMATED,,7282,88,6431,2000,2000,1900,outcome_stratified_patient_group_cluster,20260710,2410975939,0.02843210440826205
overall_S5_score_rSIG,overall,S5,score_rSIG,,overall,overall,validation_2024,score_component_available_subset_of_current_cohort,7289,f672c49cd45c26b35e7b7ed656c1803f0dd7f856cdb88334c561598b75ea3f53,Brier,0.22665389798301894,0.2231367689270434,0.23006106596030904,ESTIMATED,,7282,88,6431,2000,2000,1900,outcome_stratified_patient_group_cluster,20260710,2410975939,0.22665389798301894
overall_S5_score_rSIG_Age,overall,S5,score_rSIG_Age,,overall,overall,validation_2024,score_component_available_subset_of_current_cohort,7289,c7b537636c0a24c52615c2fe949a207fb1189f2956fe395a416ecccd6edeaf15,AUROC,0.732205980927809,0.6848209830108125,0.7783583156757446,ESTIMATED,,7276,88,6425,2000,2000,1900,outcome_stratified_patient_group_cluster,20260710,2353578478,0.732205980927809
overall_S5_score_rSIG_Age,overall,S5,score_rSIG_Age,,overall,overall,validation_2024,score_component_available_subset_of_current_cohort,7289,c7b537636c0a24c52615c2fe949a207fb1189f2956fe395a416ecccd6edeaf15,AUPRC,0.029905041648198027,0.023750198363440025,0.04369396144647288,ESTIMATED,,7276,88,6425,2000,2000,1900,outcome_stratified_patient_group_cluster,20260710,2353578478,0.029905041648198027
overall_S5_score_rSIG_Age,overall,S5,score_rSIG_Age,,overall,overall,validation_2024,score_component_available_subset_of_current_cohort,7289,c7b537636c0a24c52615c2fe949a207fb1189f2956fe395a416ecccd6edeaf15,Brier,0.21754790854973702,0.2129609232679601,0.22235061129821912,ESTIMATED,,7276,88,6425,2000,2000,1900,outcome_stratified_patient_group_cluster,20260710,2353578478,0.21754790854973702
overall_S5_score_SIA_G,overall,S5,score_SIA_G,,overall,overall,validation_2024,score_component_available_subset_of_current_cohort,7289,c7b537636c0a24c52615c2fe949a207fb1189f2956fe395a416ecccd6edeaf15,AUROC,0.7322067713866546,0.6798932965593625,0.7786246538875851,ESTIMATED,,7276,88,6425,2000,2000,1900,outcome_stratified_patient_group_cluster,20260710,3910224545,0.7322067713866546
overall_S5_score_SIA_G,overall,S5,score_SIA_G,,overall,overall,validation_2024,score_component_available_subset_of_current_cohort,7289,c7b537636c0a24c52615c2fe949a207fb1189f2956fe395a416ecccd6edeaf15,AUPRC,0.02990504164819803,0.023179528602068167,0.04247278885595442,ESTIMATED,,7276,88,6425,2000,2000,1900,outcome_stratified_patient_group_cluster,20260710,3910224545,0.02990504164819803
overall_S5_score_SIA_G,overall,S5,score_SIA_G,,overall,overall,validation_2024,score_component_available_subset_of_current_cohort,7289,c7b537636c0a24c52615c2fe949a207fb1189f2956fe395a416ecccd6edeaf15,Brier,0.1992675064280934,0.19538906144788037,0.2032561165199222,ESTIMATED,,7276,88,6425,2000,2000,1900,outcome_stratified_patient_group_cluster,20260710,3910224545,0.1992675064280934
overall_S5_score_SI_G,overall,S5,score_SI_G,,overall,overall,validation_2024,score_component_available_subset_of_current_cohort,7289,f672c49cd45c26b35e7b7ed656c1803f0dd7f856cdb88334c561598b75ea3f53,AUROC,0.6571393143275962,0.5898376367038259,0.7193429851345611,ESTIMATED,,7282,88,6431,2000,2000,1900,outcome_stratified_patient_group_cluster,20260710,3701952357,0.6571393143275962
overall_S5_score_SI_G,overall,S5,score_SI_G,,overall,overall,validation_2024,score_component_available_subset_of_current_cohort,7289,f672c49cd45c26b35e7b7ed656c1803f0dd7f856cdb88334c561598b75ea3f53,AUPRC,0.02843210440826205,0.020472034562558746,0.04728462171805089,ESTIMATED,,7282,88,6431,2000,2000,1900,outcome_stratified_patient_group_cluster,20260710,3701952357,0.02843210440826205
overall_S5_score_SI_G,overall,S5,score_SI_G,,overall,overall,validation_2024,score_component_available_subset_of_current_cohort,7289,f672c49cd45c26b35e7b7ed656c1803f0dd7f856cdb88334c561598b75ea3f53,Brier,0.21217929371608757,0.20908196928484662,0.21544224413258392,ESTIMATED,,7282,88,6431,2000,2000,1900,outcome_stratified_patient_group_cluster,20260710,3701952357,0.21217929371608757
overall_S5_score_SI,overall,S5,score_SI,,overall,overall,validation_2024,exact_current_cohort,7289,5d8bf17dc94e374c28166ff042a59f9267d0d774cfcf16dd4b15d5b520f645e6,AUROC,0.581600343320849,0.515852217622376,0.6443783813784815,ESTIMATED,,7289,89,6434,2000,2000,1900,outcome_stratified_patient_group_cluster,20260710,1670922640,0.581600343320849
overall_S5_score_SI,overall,S5,score_SI,,overall,overall,validation_2024,exact_current_cohort,7289,5d8bf17dc94e374c28166ff042a59f9267d0d774cfcf16dd4b15d5b520f645e6,AUPRC,0.017713107104720578,0.014207146226773701,0.024480050867113724,ESTIMATED,,7289,89,6434,2000,2000,1900,outcome_stratified_patient_group_cluster,20260710,1670922640,0.017713107104720578
overall_S5_score_SI,overall,S5,score_SI,,overall,overall,validation_2024,exact_current_cohort,7289,5d8bf17dc94e374c28166ff042a59f9267d0d774cfcf16dd4b15d5b520f645e6,Brier,0.24330398432482556,0.24037058358383664,0.24617277420618802,ESTIMATED,,7289,89,6434,2000,2000,1900,outcome_stratified_patient_group_cluster,20260710,1670922640,0.24330398432482556
overall_S5_score_mSI,overall,S5,score_mSI,,overall,overall,validation_2024,score_component_available_subset_of_current_cohort,7289,99214c41cc79254315d5236f925d0c5a347475236dba0e161bfd4324bfd4849d,AUROC,0.5818310793956241,0.5084658765463892,0.6535379131474809,ESTIMATED,,6308,72,5577,2000,2000,1900,outcome_stratified_patient_group_cluster,20260710,1228447092,0.5818310793956241
overall_S5_score_mSI,overall,S5,score_mSI,,overall,overall,validation_2024,score_component_available_subset_of_current_cohort,7289,99214c41cc79254315d5236f925d0c5a347475236dba0e161bfd4324bfd4849d,AUPRC,0.01883133306377233,0.014060633284752723,0.028256389045156025,ESTIMATED,,6308,72,5577,2000,2000,1900,outcome_stratified_patient_group_cluster,20260710,1228447092,0.01883133306377233
overall_S5_score_mSI,overall,S5,score_mSI,,overall,overall,validation_2024,score_component_available_subset_of_current_cohort,7289,99214c41cc79254315d5236f925d0c5a347475236dba0e161bfd4324bfd4849d,Brier,0.23151559417391898,0.22885524347149497,0.23423999997671455,ESTIMATED,,6308,72,5577,2000,2000,1900,outcome_stratified_patient_group_cluster,20260710,1228447092,0.23151559417391898
overall_S5_score_aSI,overall,S5,score_aSI,,overall,overall,validation_2024,score_component_available_subset_of_current_cohort,7289,60a6aed7f85358c43a18c4ad54b17d129448b812de5d0af1ae3895d6f58e9244,AUROC,0.6805398068927602,0.6220920448949152,0.7308076177261125,ESTIMATED,,7283,89,6428,2000,2000,1900,outcome_stratified_patient_group_cluster,20260710,331488549,0.6805398068927602
overall_S5_score_aSI,overall,S5,score_aSI,,overall,overall,validation_2024,score_component_available_subset_of_current_cohort,7289,60a6aed7f85358c43a18c4ad54b17d129448b812de5d0af1ae3895d6f58e9244,AUPRC,0.0223763193217498,0.018280730551085506,0.029132504415903433,ESTIMATED,,7283,89,6428,2000,2000,1900,outcome_stratified_patient_group_cluster,20260710,331488549,0.0223763193217498
overall_S5_score_aSI,overall,S5,score_aSI,,overall,overall,validation_2024,score_component_available_subset_of_current_cohort,7289,60a6aed7f85358c43a18c4ad54b17d129448b812de5d0af1ae3895d6f58e9244,Brier,0.22390177837726677,0.2192399276648733,0.22914814182142973,ESTIMATED,,7283,89,6428,2000,2000,1900,outcome_stratified_patient_group_cluster,20260710,331488549,0.22390177837726677
overall_S5_score_rSI,overall,S5,score_rSI,,overall,overall,validation_2024,exact_current_cohort,7289,5d8bf17dc94e374c28166ff042a59f9267d0d774cfcf16dd4b15d5b520f645e6,AUROC,0.581600343320849,0.5158541186136234,0.6454357078864676,ESTIMATED,,7289,89,6434,2000,2000,1900,outcome_stratified_patient_group_cluster,20260710,1871004412,0.581600343320849
overall_S5_score_rSI,overall,S5,score_rSI,,overall,overall,validation_2024,exact_current_cohort,7289,5d8bf17dc94e374c28166ff042a59f9267d0d774cfcf16dd4b15d5b520f645e6,AUPRC,0.017713107104720578,0.014269080346194963,0.024326022612956685,ESTIMATED,,7289,89,6434,2000,2000,1900,outcome_stratified_patient_group_cluster,20260710,1871004412,0.017713107104720578
overall_S5_score_rSI,overall,S5,score_rSI,,overall,overall,validation_2024,exact_current_cohort,7289,5d8bf17dc94e374c28166ff042a59f9267d0d774cfcf16dd4b15d5b520f645e6,Brier,0.24725163964233587,0.24505788255709793,0.24939604900949308,ESTIMATED,,7289,89,6434,2000,2000,1900,outcome_stratified_patient_group_cluster,20260710,1871004412,0.24725163964233587
overall_S5_score_rSI_sMS,overall,S5,score_rSI_sMS,,overall,overall,validation_2024,exact_current_cohort,7289,5d8bf17dc94e374c28166ff042a59f9267d0d774cfcf16dd4b15d5b520f645e6,AUROC,0.6613927902621723,0.5991239136897356,0.7225962770753361,ESTIMATED,,7289,89,6434,2000,2000,1900,outcome_stratified_patient_group_cluster,,,0.6613927902621723
overall_S5_score_rSI_sMS,overall,S5,score_rSI_sMS,,overall,overall,validation_2024,exact_current_cohort,7289,5d8bf17dc94e374c28166ff042a59f9267d0d774cfcf16dd4b15d5b520f645e6,AUPRC,0.027914085460894075,0.021008047447860386,0.04075831863034372,ESTIMATED,,7289,89,6434,2000,2000,1900,outcome_stratified_patient_group_cluster,,,0.027914085460894075
overall_S5_score_rSI_sMS,overall,S5,score_rSI_sMS,,overall,overall,validation_2024,exact_current_cohort,7289,5d8bf17dc94e374c28166ff042a59f9267d0d774cfcf16dd4b15d5b520f645e6,Brier,0.22866310906400716,0.22504398893851454,0.2323589131292292,ESTIMATED,,7289,89,6434,2000,2000,1900,outcome_stratified_patient_group_cluster,,,0.22866310906400716
overall_S5_score_rSI_GCSM,overall,S5,score_rSI_GCSM,,overall,overall,validation_2024,exact_current_cohort,7289,5d8bf17dc94e374c28166ff042a59f9267d0d774cfcf16dd4b15d5b520f645e6,AUROC,0.6495450998751561,0.58741535273791,0.7096537359395987,ESTIMATED,,7289,89,6434,2000,2000,1900,outcome_stratified_patient_group_cluster,20260710,1253015267,0.6495450998751561
overall_S5_score_rSI_GCSM,overall,S5,score_rSI_GCSM,,overall,overall,validation_2024,exact_current_cohort,7289,5d8bf17dc94e374c28166ff042a59f9267d0d774cfcf16dd4b15d5b520f645e6,AUPRC,0.02716148800467297,0.020442338275541438,0.04395037473625619,ESTIMATED,,7289,89,6434,2000,2000,1900,outcome_stratified_patient_group_cluster,20260710,1253015267,0.02716148800467297
overall_S5_score_rSI_GCSM,overall,S5,score_rSI_GCSM,,overall,overall,validation_2024,exact_current_cohort,7289,5d8bf17dc94e374c28166ff042a59f9267d0d774cfcf16dd4b15d5b520f645e6,Brier,0.22988020538084727,0.22652610013588448,0.23324107295465843,ESTIMATED,,7289,89,6434,2000,2000,1900,outcome_stratified_patient_group_cluster,20260710,1253015267,0.22988020538084727
overall_S5_score_SIAVPU,overall,S5,score_SIAVPU,,overall,overall,validation_2024,exact_current_cohort,7289,5d8bf17dc94e374c28166ff042a59f9267d0d774cfcf16dd4b15d5b520f645e6,AUROC,0.47024422596754056,0.40026453905709447,0.5363999225696927,ESTIMATED,,7289,89,6434,2000,2000,1900,outcome_stratified_patient_group_cluster,20260710,2291277204,0.47024422596754056
overall_S5_score_SIAVPU,overall,S5,score_SIAVPU,,overall,overall,validation_2024,exact_current_cohort,7289,5d8bf17dc94e374c28166ff042a59f9267d0d774cfcf16dd4b15d5b520f645e6,AUPRC,0.013027764889741498,0.010612977613299917,0.018387135480687815,ESTIMATED,,7289,89,6434,2000,2000,1900,outcome_stratified_patient_group_cluster,20260710,2291277204,0.013027764889741498
overall_S5_score_SIAVPU,overall,S5,score_SIAVPU,,overall,overall,validation_2024,exact_current_cohort,7289,5d8bf17dc94e374c28166ff042a59f9267d0d774cfcf16dd4b15d5b520f645e6,Brier,0.2508542361910902,0.250601489893323,0.25110589516607984,ESTIMATED,,7289,89,6434,2000,2000,1900,outcome_stratified_patient_group_cluster,20260710,2291277204,0.2508542361910902
overall_S5_score_sMS,overall,S5,score_sMS,,overall,overall,validation_2024,exact_current_cohort,7289,5d8bf17dc94e374c28166ff042a59f9267d0d774cfcf16dd4b15d5b520f645e6,AUROC,0.6198439450686642,0.5702031390634169,0.668476422477706,ESTIMATED,,7289,89,6434,2000,2000,1900,outcome_stratified_patient_group_cluster,20260710,1651980933,0.6198439450686642
overall_S5_score_sMS,overall,S5,score_sMS,,overall,overall,validation_2024,exact_current_cohort,7289,5d8bf17dc94e374c28166ff042a59f9267d0d774cfcf16dd4b15d5b520f645e6,AUPRC,0.022029029524251495,0.01618795812884368,0.030761066811689827,ESTIMATED,,7289,89,6434,2000,2000,1900,outcome_stratified_patient_group_cluster,20260710,1651980933,0.022029029524251495
overall_S5_score_sMS,overall,S5,score_sMS,,overall,overall,validation_2024,exact_current_cohort,7289,5d8bf17dc94e374c28166ff042a59f9267d0d774cfcf16dd4b15d5b520f645e6,Brier,0.21643537473310817,0.21296390707165117,0.21997166248168182,ESTIMATED,,7289,89,6434,2000,2000,1900,outcome_stratified_patient_group_cluster,20260710,1651980933,0.21643537473310817
overall_S5_score_qSOFA,overall,S5,score_qSOFA,,overall,overall,validation_2024,exact_current_cohort,7289,5d8bf17dc94e374c28166ff042a59f9267d0d774cfcf16dd4b15d5b520f645e6,AUROC,0.7120552434456928,0.6593433576258007,0.764178908424355,ESTIMATED,,7289,89,6434,2000,2000,1900,outcome_stratified_patient_group_cluster,20260710,2928310838,0.7120552434456928
overall_S5_score_qSOFA,overall,S5,score_qSOFA,,overall,overall,validation_2024,exact_current_cohort,7289,5d8bf17dc94e374c28166ff042a59f9267d0d774cfcf16dd4b15d5b520f645e6,AUPRC,0.028587097388823177,0.021575257362260594,0.041380841622555904,ESTIMATED,,7289,89,6434,2000,2000,1900,outcome_stratified_patient_group_cluster,20260710,2928310838,0.028587097388823177
overall_S5_score_qSOFA,overall,S5,score_qSOFA,,overall,overall,validation_2024,exact_current_cohort,7289,5d8bf17dc94e374c28166ff042a59f9267d0d774cfcf16dd4b15d5b520f645e6,Brier,0.21830781472094418,0.21351119981306546,0.22320300171024063,ESTIMATED,,7289,89,6434,2000,2000,1900,outcome_stratified_patient_group_cluster,20260710,2928310838,0.21830781472094418
overall_S5_score_MEWS,overall,S5,score_MEWS,,overall,overall,validation_2024,score_component_available_subset_of_current_cohort,7289,349f2754ba90ab7e749e83be36898f18d6c2a7ee90f42aa14df2b41c9212038d,AUROC,0.7052290346193526,0.6498526459443981,0.7578210643749956,ESTIMATED,,7288,89,6433,2000,2000,1900,outcome_stratified_patient_group_cluster,20260710,1370885850,0.7052290346193526
overall_S5_score_MEWS,overall,S5,score_MEWS,,overall,overall,validation_2024,score_component_available_subset_of_current_cohort,7289,349f2754ba90ab7e749e83be36898f18d6c2a7ee90f42aa14df2b41c9212038d,AUPRC,0.031758754608783225,0.023543128156068512,0.048262740877138,ESTIMATED,,7288,89,6433,2000,2000,1900,outcome_stratified_patient_group_cluster,20260710,1370885850,0.031758754608783225
overall_S5_score_MEWS,overall,S5,score_MEWS,,overall,overall,validation_2024,score_component_available_subset_of_current_cohort,7289,349f2754ba90ab7e749e83be36898f18d6c2a7ee90f42aa14df2b41c9212038d,Brier,0.20102767590064746,0.19675468279516117,0.20544118968491498,ESTIMATED,,7288,89,6433,2000,2000,1900,outcome_stratified_patient_group_cluster,20260710,1370885850,0.20102767590064746
overall_S5_score_REMS,overall,S5,score_REMS,,overall,overall,validation_2024,score_component_available_subset_of_current_cohort,7289,31c450d82c0ff3be50b48bf73e165b23ca00cf04b96c1177359a11c9eafcabc5,AUROC,0.6916840444872205,0.6423043200802171,0.7399023484750425,ESTIMATED,,6306,72,5575,2000,2000,1900,outcome_stratified_patient_group_cluster,20260710,1946257375,0.6916840444872205
overall_S5_score_REMS,overall,S5,score_REMS,,overall,overall,validation_2024,score_component_available_subset_of_current_cohort,7289,31c450d82c0ff3be50b48bf73e165b23ca00cf04b96c1177359a11c9eafcabc5,AUPRC,0.021473738168280673,0.01731026323556207,0.03146029494003167,ESTIMATED,,6306,72,5575,2000,2000,1900,outcome_stratified_patient_group_cluster,20260710,1946257375,0.021473738168280673
overall_S5_score_REMS,overall,S5,score_REMS,,overall,overall,validation_2024,score_component_available_subset_of_current_cohort,7289,31c450d82c0ff3be50b48bf73e165b23ca00cf04b96c1177359a11c9eafcabc5,Brier,0.21149109591087772,0.20621149333046573,0.21701915656574974,ESTIMATED,,6306,72,5575,2000,2000,1900,outcome_stratified_patient_group_cluster,20260710,1946257375,0.21149109591087772
overall_S5_score_RTS,overall,S5,score_RTS,,overall,overall,validation_2024,score_component_available_subset_of_current_cohort,7289,f672c49cd45c26b35e7b7ed656c1803f0dd7f856cdb88334c561598b75ea3f53,AUROC,0.6100870043217833,0.5589350517143352,0.662780824168102,ESTIMATED,,7282,88,6431,2000,2000,1900,outcome_stratified_patient_group_cluster,20260710,450538994,0.6100870043217833
overall_S5_score_RTS,overall,S5,score_RTS,,overall,overall,validation_2024,score_component_available_subset_of_current_cohort,7289,f672c49cd45c26b35e7b7ed656c1803f0dd7f856cdb88334c561598b75ea3f53,AUPRC,0.024049100555720834,0.01679615406113704,0.03827735406485066,ESTIMATED,,7282,88,6431,2000,2000,1900,outcome_stratified_patient_group_cluster,20260710,450538994,0.024049100555720834
overall_S5_score_RTS,overall,S5,score_RTS,,overall,overall,validation_2024,score_component_available_subset_of_current_cohort,7289,f672c49cd45c26b35e7b7ed656c1803f0dd7f856cdb88334c561598b75ea3f53,Brier,0.2149716239251967,0.2117276540364059,0.2180412704735177,ESTIMATED,,7282,88,6431,2000,2000,1900,outcome_stratified_patient_group_cluster,20260710,450538994,0.2149716239251967
overall_S5_score_rSI_GCS_alias,overall,S5,score_rSI_GCS_alias,score_rSIG,overall,overall,validation_2024,score_component_available_subset_of_current_cohort,7289,f672c49cd45c26b35e7b7ed656c1803f0dd7f856cdb88334c561598b75ea3f53,AUROC,0.65714563272424,0.5917328482672686,0.7188346675983142,ESTIMATED,,7282,88,6431,2000,2000,1900,outcome_stratified_patient_group_cluster,20260710,2410975939,0.65714563272424
overall_S5_score_rSI_GCS_alias,overall,S5,score_rSI_GCS_alias,score_rSIG,overall,overall,validation_2024,score_component_available_subset_of_current_cohort,7289,f672c49cd45c26b35e7b7ed656c1803f0dd7f856cdb88334c561598b75ea3f53,AUPRC,0.02843210440826205,0.02065863576121582,0.04722146968403711,ESTIMATED,,7282,88,6431,2000,2000,1900,outcome_stratified_patient_group_cluster,20260710,2410975939,0.02843210440826205
overall_S5_score_rSI_GCS_alias,overall,S5,score_rSI_GCS_alias,score_rSIG,overall,overall,validation_2024,score_component_available_subset_of_current_cohort,7289,f672c49cd45c26b35e7b7ed656c1803f0dd7f856cdb88334c561598b75ea3f53,Brier,0.22665389798301894,0.2231367689270434,0.23006106596030904,ESTIMATED,,7282,88,6431,2000,2000,1900,outcome_stratified_patient_group_cluster,20260710,2410975939,0.22665389798301894
overall_S5_knn_classifier,overall,S5,knn_classifier,,overall,overall,validation_2024,exact_current_cohort,7289,5d8bf17dc94e374c28166ff042a59f9267d0d774cfcf16dd4b15d5b520f645e6,AUROC,0.7107045880149813,0.6568055055307427,0.7642578119124914,ESTIMATED,,7289,89,6434,2000,2000,1900,outcome_stratified_patient_group_cluster,20260710,3566641541,0.7107045880149813
overall_S5_knn_classifier,overall,S5,knn_classifier,,overall,overall,validation_2024,exact_current_cohort,7289,5d8bf17dc94e374c28166ff042a59f9267d0d774cfcf16dd4b15d5b520f645e6,AUPRC,0.044244650159955434,0.029877611702479462,0.07668126432916277,ESTIMATED,,7289,89,6434,2000,2000,1900,outcome_stratified_patient_group_cluster,20260710,3566641541,0.044244650159955434
overall_S5_knn_classifier,overall,S5,knn_classifier,,overall,overall,validation_2024,exact_current_cohort,7289,5d8bf17dc94e374c28166ff042a59f9267d0d774cfcf16dd4b15d5b520f645e6,Brier,0.011946116730163872,0.011687493613846994,0.012184395387483221,ESTIMATED,,7289,89,6434,2000,2000,1900,outcome_stratified_patient_group_cluster,20260710,3566641541,0.011946116730163872
overall_S6_decision_tree,overall,S6,decision_tree,,overall,overall,validation_2024,exact_current_cohort,7289,5d8bf17dc94e374c28166ff042a59f9267d0d774cfcf16dd4b15d5b520f645e6,AUROC,0.742191932834391,0.71151881023422,0.769968280147711,ESTIMATED,,7289,308,6434,2000,2000,1900,outcome_stratified_patient_group_cluster,20260710,1457318545,0.742191932834391
overall_S6_decision_tree,overall,S6,decision_tree,,overall,overall,validation_2024,exact_current_cohort,7289,5d8bf17dc94e374c28166ff042a59f9267d0d774cfcf16dd4b15d5b520f645e6,AUPRC,0.11555610790789049,0.09771912987031041,0.13935638642915288,ESTIMATED,,7289,308,6434,2000,2000,1900,outcome_stratified_patient_group_cluster,20260710,1457318545,0.11555610790789049
overall_S6_decision_tree,overall,S6,decision_tree,,overall,overall,validation_2024,exact_current_cohort,7289,5d8bf17dc94e374c28166ff042a59f9267d0d774cfcf16dd4b15d5b520f645e6,Brier,0.19139931192164442,0.18612031739162047,0.1966339788309779,ESTIMATED,,7289,308,6434,2000,2000,1900,outcome_stratified_patient_group_cluster,20260710,1457318545,0.19139931192164442
overall_S6_random_forest,overall,S6,random_forest,,overall,overall,validation_2024,exact_current_cohort,7289,5d8bf17dc94e374c28166ff042a59f9267d0d774cfcf16dd4b15d5b520f645e6,AUROC,0.7980418092149936,0.7758915034701367,0.8195300785594244,ESTIMATED,,7289,308,6434,2000,2000,1900,outcome_stratified_patient_group_cluster,20260710,911593239,0.7980418092149936
overall_S6_random_forest,overall,S6,random_forest,,overall,overall,validation_2024,exact_current_cohort,7289,5d8bf17dc94e374c28166ff042a59f9267d0d774cfcf16dd4b15d5b520f645e6,AUPRC,0.1376089052912555,0.11633913718888114,0.16755471366885888,ESTIMATED,,7289,308,6434,2000,2000,1900,outcome_stratified_patient_group_cluster,20260710,911593239,0.1376089052912555
overall_S6_random_forest,overall,S6,random_forest,,overall,overall,validation_2024,exact_current_cohort,7289,5d8bf17dc94e374c28166ff042a59f9267d0d774cfcf16dd4b15d5b520f645e6,Brier,0.07225246779917582,0.06983398084425628,0.07457135681028061,ESTIMATED,,7289,308,6434,2000,2000,1900,outcome_stratified_patient_group_cluster,20260710,911593239,0.07225246779917582
overall_S6_balanced_random_forest,overall,S6,balanced_random_forest,,overall,overall,validation_2024,exact_current_cohort,7289,5d8bf17dc94e374c28166ff042a59f9267d0d774cfcf16dd4b15d5b520f645e6,AUROC,0.7859305498970303,0.7625090024842158,0.807268064037839,ESTIMATED,,7289,308,6434,2000,2000,1900,outcome_stratified_patient_group_cluster,20260710,1055854936,0.7859305498970303
overall_S6_balanced_random_forest,overall,S6,balanced_random_forest,,overall,overall,validation_2024,exact_current_cohort,7289,5d8bf17dc94e374c28166ff042a59f9267d0d774cfcf16dd4b15d5b520f645e6,AUPRC,0.13404696319556272,0.11292455091833872,0.1629665528762463,ESTIMATED,,7289,308,6434,2000,2000,1900,outcome_stratified_patient_group_cluster,20260710,1055854936,0.13404696319556272
overall_S6_balanced_random_forest,overall,S6,balanced_random_forest,,overall,overall,validation_2024,exact_current_cohort,7289,5d8bf17dc94e374c28166ff042a59f9267d0d774cfcf16dd4b15d5b520f645e6,Brier,0.16907130689054725,0.16507168810544484,0.17318844024052849,ESTIMATED,,7289,308,6434,2000,2000,1900,outcome_stratified_patient_group_cluster,20260710,1055854936,0.16907130689054725
overall_S6_svm_rbf,overall,S6,svm_rbf,,overall,overall,validation_2024,exact_current_cohort,7289,5d8bf17dc94e374c28166ff042a59f9267d0d774cfcf16dd4b15d5b520f645e6,AUROC,0.7492865607390746,0.7238410074325433,0.7744415751947813,ESTIMATED,,7289,308,6434,2000,2000,1900,outcome_stratified_patient_group_cluster,20260710,3623222971,0.7492865607390746
overall_S6_svm_rbf,overall,S6,svm_rbf,,overall,overall,validation_2024,exact_current_cohort,7289,5d8bf17dc94e374c28166ff042a59f9267d0d774cfcf16dd4b15d5b520f645e6,AUPRC,0.1112389536778178,0.09434464470495214,0.1363231408115316,ESTIMATED,,7289,308,6434,2000,2000,1900,outcome_stratified_patient_group_cluster,20260710,3623222971,0.1112389536778178
overall_S6_svm_rbf,overall,S6,svm_rbf,,overall,overall,validation_2024,exact_current_cohort,7289,5d8bf17dc94e374c28166ff042a59f9267d0d774cfcf16dd4b15d5b520f645e6,Brier,0.03946108552203293,0.03838430975998047,0.04062910356368743,ESTIMATED,,7289,308,6434,2000,2000,1900,outcome_stratified_patient_group_cluster,20260710,3623222971,0.03946108552203293
overall_S6_logistic_l1,overall,S6,logistic_l1,,overall,overall,validation_2024,exact_current_cohort,7289,5d8bf17dc94e374c28166ff042a59f9267d0d774cfcf16dd4b15d5b520f645e6,AUROC,0.7240924810757213,0.6910842706279139,0.7559597890141512,ESTIMATED,,7289,308,6434,2000,2000,1900,outcome_stratified_patient_group_cluster,20260710,3293890212,0.7240924810757213
overall_S6_logistic_l1,overall,S6,logistic_l1,,overall,overall,validation_2024,exact_current_cohort,7289,5d8bf17dc94e374c28166ff042a59f9267d0d774cfcf16dd4b15d5b520f645e6,AUPRC,0.11804373624021967,0.10076469241837667,0.14453232039001265,ESTIMATED,,7289,308,6434,2000,2000,1900,outcome_stratified_patient_group_cluster,20260710,3293890212,0.11804373624021967
overall_S6_logistic_l1,overall,S6,logistic_l1,,overall,overall,validation_2024,exact_current_cohort,7289,5d8bf17dc94e374c28166ff042a59f9267d0d774cfcf16dd4b15d5b520f645e6,Brier,0.1608400428482266,0.1549618590224491,0.1667950982544002,ESTIMATED,,7289,308,6434,2000,2000,1900,outcome_stratified_patient_group_cluster,20260710,3293890212,0.1608400428482266
overall_S6_logistic_l2,overall,S6,logistic_l2,,overall,overall,validation_2024,exact_current_cohort,7289,5d8bf17dc94e374c28166ff042a59f9267d0d774cfcf16dd4b15d5b520f645e6,AUROC,0.7163753378837178,0.6829915460594795,0.7478284099375275,ESTIMATED,,7289,308,6434,2000,2000,1900,outcome_stratified_patient_group_cluster,,,0.7163753378837178
overall_S6_logistic_l2,overall,S6,logistic_l2,,overall,overall,validation_2024,exact_current_cohort,7289,5d8bf17dc94e374c28166ff042a59f9267d0d774cfcf16dd4b15d5b520f645e6,AUPRC,0.11731532510360536,0.09945733041044962,0.1437757874953107,ESTIMATED,,7289,308,6434,2000,2000,1900,outcome_stratified_patient_group_cluster,,,0.11731532510360536
overall_S6_logistic_l2,overall,S6,logistic_l2,,overall,overall,validation_2024,exact_current_cohort,7289,5d8bf17dc94e374c28166ff042a59f9267d0d774cfcf16dd4b15d5b520f645e6,Brier,0.1607067147270101,0.15512076987631065,0.16655443394281752,ESTIMATED,,7289,308,6434,2000,2000,1900,outcome_stratified_patient_group_cluster,,,0.1607067147270101
overall_S6_score_NEWS2,overall,S6,score_NEWS2,,overall,overall,validation_2024,score_component_available_subset_of_current_cohort,7289,6ea8110fbed2854cedba7719b2c2ed93b0b705aa8c57916349705deaa0883f80,AUROC,0.5675653404684349,0.5156513948864724,0.6208644817035172,ESTIMATED,,1033,112,943,2000,2000,1900,outcome_stratified_patient_group_cluster,20260710,3207005256,0.5675653404684349
overall_S6_score_NEWS2,overall,S6,score_NEWS2,,overall,overall,validation_2024,score_component_available_subset_of_current_cohort,7289,6ea8110fbed2854cedba7719b2c2ed93b0b705aa8c57916349705deaa0883f80,AUPRC,0.12398954897537803,0.10978979305647024,0.14765486288652271,ESTIMATED,,1033,112,943,2000,2000,1900,outcome_stratified_patient_group_cluster,20260710,3207005256,0.12398954897537803
overall_S6_score_NEWS2,overall,S6,score_NEWS2,,overall,overall,validation_2024,score_component_available_subset_of_current_cohort,7289,6ea8110fbed2854cedba7719b2c2ed93b0b705aa8c57916349705deaa0883f80,Brier,0.2470564999389946,0.24336592210603955,0.2513116872415827,ESTIMATED,,1033,112,943,2000,2000,1900,outcome_stratified_patient_group_cluster,20260710,3207005256,0.2470564999389946
overall_S6_score_rSIG,overall,S6,score_rSIG,,overall,overall,validation_2024,score_component_available_subset_of_current_cohort,7289,f672c49cd45c26b35e7b7ed656c1803f0dd7f856cdb88334c561598b75ea3f53,AUROC,0.6061239985996223,0.567330112216133,0.6428887440162314,ESTIMATED,,7282,308,6431,2000,2000,1900,outcome_stratified_patient_group_cluster,20260710,1772445491,0.6061239985996223
overall_S6_score_rSIG,overall,S6,score_rSIG,,overall,overall,validation_2024,score_component_available_subset_of_current_cohort,7289,f672c49cd45c26b35e7b7ed656c1803f0dd7f856cdb88334c561598b75ea3f53,AUPRC,0.07289116459353719,0.0618280073427232,0.09011486669528766,ESTIMATED,,7282,308,6431,2000,2000,1900,outcome_stratified_patient_group_cluster,20260710,1772445491,0.07289116459353719
overall_S6_score_rSIG,overall,S6,score_rSIG,,overall,overall,validation_2024,score_component_available_subset_of_current_cohort,7289,f672c49cd45c26b35e7b7ed656c1803f0dd7f856cdb88334c561598b75ea3f53,Brier,0.24401317442476578,0.24152272928423488,0.24676563291488374,ESTIMATED,,7282,308,6431,2000,2000,1900,outcome_stratified_patient_group_cluster,20260710,1772445491,0.24401317442476578
overall_S6_score_rSIG_Age,overall,S6,score_rSIG_Age,,overall,overall,validation_2024,score_component_available_subset_of_current_cohort,7289,c7b537636c0a24c52615c2fe949a207fb1189f2956fe395a416ecccd6edeaf15,AUROC,0.6681299111336425,0.6360549583479416,0.7005464645004766,ESTIMATED,,7276,308,6425,2000,2000,1900,outcome_stratified_patient_group_cluster,20260710,3799750405,0.6681299111336425
overall_S6_score_rSIG_Age,overall,S6,score_rSIG_Age,,overall,overall,validation_2024,score_component_available_subset_of_current_cohort,7289,c7b537636c0a24c52615c2fe949a207fb1189f2956fe395a416ecccd6edeaf15,AUPRC,0.08149421417713842,0.07048694382832393,0.1004397471204501,ESTIMATED,,7276,308,6425,2000,2000,1900,outcome_stratified_patient_group_cluster,20260710,3799750405,0.08149421417713842
overall_S6_score_rSIG_Age,overall,S6,score_rSIG_Age,,overall,overall,validation_2024,score_component_available_subset_of_current_cohort,7289,c7b537636c0a24c52615c2fe949a207fb1189f2956fe395a416ecccd6edeaf15,Brier,0.2432253522225477,0.24013762828428473,0.24627755916351105,ESTIMATED,,7276,308,6425,2000,2000,1900,outcome_stratified_patient_group_cluster,20260710,3799750405,0.2432253522225477
overall_S6_score_SIA_G,overall,S6,score_SIA_G,,overall,overall,validation_2024,score_component_available_subset_of_current_cohort,7289,c7b537636c0a24c52615c2fe949a207fb1189f2956fe395a416ecccd6edeaf15,AUROC,0.6681287462537462,0.6358858402901846,0.6996754146642727,ESTIMATED,,7276,308,6425,2000,2000,1900,outcome_stratified_patient_group_cluster,20260710,2896992128,0.6681287462537462
overall_S6_score_SIA_G,overall,S6,score_SIA_G,,overall,overall,validation_2024,score_component_available_subset_of_current_cohort,7289,c7b537636c0a24c52615c2fe949a207fb1189f2956fe395a416ecccd6edeaf15,AUPRC,0.08149374292971777,0.07023532476244268,0.09859017749318867,ESTIMATED,,7276,308,6425,2000,2000,1900,outcome_stratified_patient_group_cluster,20260710,2896992128,0.08149374292971777
overall_S6_score_SIA_G,overall,S6,score_SIA_G,,overall,overall,validation_2024,score_component_available_subset_of_current_cohort,7289,c7b537636c0a24c52615c2fe949a207fb1189f2956fe395a416ecccd6edeaf15,Brier,0.2332699180793076,0.23053887300480808,0.2360896309377885,ESTIMATED,,7276,308,6425,2000,2000,1900,outcome_stratified_patient_group_cluster,20260710,2896992128,0.2332699180793076
overall_S6_score_SI_G,overall,S6,score_SI_G,,overall,overall,validation_2024,score_component_available_subset_of_current_cohort,7289,f672c49cd45c26b35e7b7ed656c1803f0dd7f856cdb88334c561598b75ea3f53,AUROC,0.6061226019463759,0.5679859695931218,0.6418768146260093,ESTIMATED,,7282,308,6431,2000,2000,1900,outcome_stratified_patient_group_cluster,20260710,1186251586,0.6061226019463759
overall_S6_score_SI_G,overall,S6,score_SI_G,,overall,overall,validation_2024,score_component_available_subset_of_current_cohort,7289,f672c49cd45c26b35e7b7ed656c1803f0dd7f856cdb88334c561598b75ea3f53,AUPRC,0.07289212374633675,0.0621195966342335,0.09040505093249718,ESTIMATED,,7282,308,6431,2000,2000,1900,outcome_stratified_patient_group_cluster,20260710,1186251586,0.07289212374633675
overall_S6_score_SI_G,overall,S6,score_SI_G,,overall,overall,validation_2024,score_component_available_subset_of_current_cohort,7289,f672c49cd45c26b35e7b7ed656c1803f0dd7f856cdb88334c561598b75ea3f53,Brier,0.23772173976680544,0.23551332082576823,0.23991015887643846,ESTIMATED,,7282,308,6431,2000,2000,1900,outcome_stratified_patient_group_cluster,20260710,1186251586,0.23772173976680544
overall_S6_score_SI,overall,S6,score_SI,,overall,overall,validation_2024,exact_current_cohort,7289,5d8bf17dc94e374c28166ff042a59f9267d0d774cfcf16dd4b15d5b520f645e6,AUROC,0.5490731335703403,0.5134645968663617,0.585565708695059,ESTIMATED,,7289,308,6434,2000,2000,1900,outcome_stratified_patient_group_cluster,20260710,2827361011,0.5490731335703403
overall_S6_score_SI,overall,S6,score_SI,,overall,overall,validation_2024,exact_current_cohort,7289,5d8bf17dc94e374c28166ff042a59f9267d0d774cfcf16dd4b15d5b520f645e6,AUPRC,0.055440352658478805,0.048680649780021526,0.06656101635288897,ESTIMATED,,7289,308,6434,2000,2000,1900,outcome_stratified_patient_group_cluster,20260710,2827361011,0.055440352658478805
overall_S6_score_SI,overall,S6,score_SI,,overall,overall,validation_2024,exact_current_cohort,7289,5d8bf17dc94e374c28166ff042a59f9267d0d774cfcf16dd4b15d5b520f645e6,Brier,0.251720137095442,0.24989094814954002,0.2536301646256351,ESTIMATED,,7289,308,6434,2000,2000,1900,outcome_stratified_patient_group_cluster,20260710,2827361011,0.251720137095442
overall_S6_score_mSI,overall,S6,score_mSI,,overall,overall,validation_2024,score_component_available_subset_of_current_cohort,7289,99214c41cc79254315d5236f925d0c5a347475236dba0e161bfd4324bfd4849d,AUROC,0.5320328015888269,0.4912814631117537,0.5728543837104307,ESTIMATED,,6308,258,5577,2000,2000,1900,outcome_stratified_patient_group_cluster,20260710,2817795223,0.5320328015888269
overall_S6_score_mSI,overall,S6,score_mSI,,overall,overall,validation_2024,score_component_available_subset_of_current_cohort,7289,99214c41cc79254315d5236f925d0c5a347475236dba0e161bfd4324bfd4849d,AUPRC,0.05086978796825615,0.04415177240516181,0.061410862396831876,ESTIMATED,,6308,258,5577,2000,2000,1900,outcome_stratified_patient_group_cluster,20260710,2817795223,0.05086978796825615
overall_S6_score_mSI,overall,S6,score_mSI,,overall,overall,validation_2024,score_component_available_subset_of_current_cohort,7289,99214c41cc79254315d5236f925d0c5a347475236dba0e161bfd4324bfd4849d,Brier,0.24539617128749894,0.24362967501211832,0.24714380119485949,ESTIMATED,,6308,258,5577,2000,2000,1900,outcome_stratified_patient_group_cluster,20260710,2817795223,0.24539617128749894
overall_S6_score_aSI,overall,S6,score_aSI,,overall,overall,validation_2024,score_component_available_subset_of_current_cohort,7289,60a6aed7f85358c43a18c4ad54b17d129448b812de5d0af1ae3895d6f58e9244,AUROC,0.6358448540706605,0.604259836011275,0.6682211115298745,ESTIMATED,,7283,308,6428,2000,2000,1900,outcome_stratified_patient_group_cluster,20260710,136058986,0.6358448540706605
overall_S6_score_aSI,overall,S6,score_aSI,,overall,overall,validation_2024,score_component_available_subset_of_current_cohort,7289,60a6aed7f85358c43a18c4ad54b17d129448b812de5d0af1ae3895d6f58e9244,AUPRC,0.06872734903446515,0.05971456393795279,0.08175864833832328,ESTIMATED,,7283,308,6428,2000,2000,1900,outcome_stratified_patient_group_cluster,20260710,136058986,0.06872734903446515
overall_S6_score_aSI,overall,S6,score_aSI,,overall,overall,validation_2024,score_component_available_subset_of_current_cohort,7289,60a6aed7f85358c43a18c4ad54b17d129448b812de5d0af1ae3895d6f58e9244,Brier,0.2462972272088483,0.24307574186399866,0.2493645301670193,ESTIMATED,,7283,308,6428,2000,2000,1900,outcome_stratified_patient_group_cluster,20260710,136058986,0.2462972272088483
overall_S6_score_rSI,overall,S6,score_rSI,,overall,overall,validation_2024,exact_current_cohort,7289,5d8bf17dc94e374c28166ff042a59f9267d0d774cfcf16dd4b15d5b520f645e6,AUROC,0.5490731335703403,0.5128717531519441,0.583892432392727,ESTIMATED,,7289,308,6434,2000,2000,1900,outcome_stratified_patient_group_cluster,20260710,218354894,0.5490731335703403
overall_S6_score_rSI,overall,S6,score_rSI,,overall,overall,validation_2024,exact_current_cohort,7289,5d8bf17dc94e374c28166ff042a59f9267d0d774cfcf16dd4b15d5b520f645e6,AUPRC,0.055440352658478805,0.04844224713854518,0.0664443327501279,ESTIMATED,,7289,308,6434,2000,2000,1900,outcome_stratified_patient_group_cluster,20260710,218354894,0.055440352658478805
overall_S6_score_rSI,overall,S6,score_rSI,,overall,overall,validation_2024,exact_current_cohort,7289,5d8bf17dc94e374c28166ff042a59f9267d0d774cfcf16dd4b15d5b520f645e6,Brier,0.2515227489934047,0.2501065270331315,0.2529157446698102,ESTIMATED,,7289,308,6434,2000,2000,1900,outcome_stratified_patient_group_cluster,20260710,218354894,0.2515227489934047
overall_S6_score_rSI_sMS,overall,S6,score_rSI_sMS,,overall,overall,validation_2024,exact_current_cohort,7289,5d8bf17dc94e374c28166ff042a59f9267d0d774cfcf16dd4b15d5b520f645e6,AUROC,0.6110937479652563,0.5720703584155986,0.6453359647766621,ESTIMATED,,7289,308,6434,2000,2000,1900,outcome_stratified_patient_group_cluster,,,0.6110937479652563
overall_S6_score_rSI_sMS,overall,S6,score_rSI_sMS,,overall,overall,validation_2024,exact_current_cohort,7289,5d8bf17dc94e374c28166ff042a59f9267d0d774cfcf16dd4b15d5b520f645e6,AUPRC,0.07335132081398374,0.06269122565249123,0.08890487302051864,ESTIMATED,,7289,308,6434,2000,2000,1900,outcome_stratified_patient_group_cluster,,,0.07335132081398374
overall_S6_score_rSI_sMS,overall,S6,score_rSI_sMS,,overall,overall,validation_2024,exact_current_cohort,7289,5d8bf17dc94e374c28166ff042a59f9267d0d774cfcf16dd4b15d5b520f645e6,Brier,0.24427972245847301,0.24157696926088948,0.24705798289605213,ESTIMATED,,7289,308,6434,2000,2000,1900,outcome_stratified_patient_group_cluster,,,0.24427972245847301
overall_S6_score_rSI_GCSM,overall,S6,score_rSI_GCSM,,overall,overall,validation_2024,exact_current_cohort,7289,5d8bf17dc94e374c28166ff042a59f9267d0d774cfcf16dd4b15d5b520f645e6,AUROC,0.5935642569720783,0.5564529278262947,0.6305586890274345,ESTIMATED,,7289,308,6434,2000,2000,1900,outcome_stratified_patient_group_cluster,20260710,76612303,0.5935642569720783
overall_S6_score_rSI_GCSM,overall,S6,score_rSI_GCSM,,overall,overall,validation_2024,exact_current_cohort,7289,5d8bf17dc94e374c28166ff042a59f9267d0d774cfcf16dd4b15d5b520f645e6,AUPRC,0.07062800882977141,0.05931988671515565,0.08800365498975483,ESTIMATED,,7289,308,6434,2000,2000,1900,outcome_stratified_patient_group_cluster,20260710,76612303,0.07062800882977141
overall_S6_score_rSI_GCSM,overall,S6,score_rSI_GCSM,,overall,overall,validation_2024,exact_current_cohort,7289,5d8bf17dc94e374c28166ff042a59f9267d0d774cfcf16dd4b15d5b520f645e6,Brier,0.24562820472469307,0.243192500556053,0.24813343377457436,ESTIMATED,,7289,308,6434,2000,2000,1900,outcome_stratified_patient_group_cluster,20260710,76612303,0.24562820472469307
overall_S6_score_SIAVPU,overall,S6,score_SIAVPU,,overall,overall,validation_2024,exact_current_cohort,7289,5d8bf17dc94e374c28166ff042a59f9267d0d774cfcf16dd4b15d5b520f645e6,AUROC,0.47457733142090686,0.4377905620900275,0.5137361487101055,ESTIMATED,,7289,308,6434,2000,2000,1900,outcome_stratified_patient_group_cluster,20260710,7135328,0.47457733142090686
overall_S6_score_SIAVPU,overall,S6,score_SIAVPU,,overall,overall,validation_2024,exact_current_cohort,7289,5d8bf17dc94e374c28166ff042a59f9267d0d774cfcf16dd4b15d5b520f645e6,AUPRC,0.04724094243960064,0.04107544889807357,0.05919867205972581,ESTIMATED,,7289,308,6434,2000,2000,1900,outcome_stratified_patient_group_cluster,20260710,7135328,0.04724094243960064
overall_S6_score_SIAVPU,overall,S6,score_SIAVPU,,overall,overall,validation_2024,exact_current_cohort,7289,5d8bf17dc94e374c28166ff042a59f9267d0d774cfcf16dd4b15d5b520f645e6,Brier,0.2502621830880681,0.25019492635570756,0.25032884307078923,ESTIMATED,,7289,308,6434,2000,2000,1900,outcome_stratified_patient_group_cluster,20260710,7135328,0.2502621830880681
overall_S6_score_sMS,overall,S6,score_sMS,,overall,overall,validation_2024,exact_current_cohort,7289,5d8bf17dc94e374c28166ff042a59f9267d0d774cfcf16dd4b15d5b520f645e6,AUROC,0.5865535767770403,0.5634662187164521,0.6123223040671183,ESTIMATED,,7289,308,6434,2000,2000,1900,outcome_stratified_patient_group_cluster,20260710,662921393,0.5865535767770403
overall_S6_score_sMS,overall,S6,score_sMS,,overall,overall,validation_2024,exact_current_cohort,7289,5d8bf17dc94e374c28166ff042a59f9267d0d774cfcf16dd4b15d5b520f645e6,AUPRC,0.0610388018550453,0.053342105541946,0.0719725362849298,ESTIMATED,,7289,308,6434,2000,2000,1900,outcome_stratified_patient_group_cluster,20260710,662921393,0.0610388018550453
overall_S6_score_sMS,overall,S6,score_sMS,,overall,overall,validation_2024,exact_current_cohort,7289,5d8bf17dc94e374c28166ff042a59f9267d0d774cfcf16dd4b15d5b520f645e6,Brier,0.23335431940471496,0.230657317826172,0.23586332161937526,ESTIMATED,,7289,308,6434,2000,2000,1900,outcome_stratified_patient_group_cluster,20260710,662921393,0.23335431940471496
overall_S6_score_qSOFA,overall,S6,score_qSOFA,,overall,overall,validation_2024,exact_current_cohort,7289,5d8bf17dc94e374c28166ff042a59f9267d0d774cfcf16dd4b15d5b520f645e6,AUROC,0.6394199376042952,0.609784644719833,0.6690690780009824,ESTIMATED,,7289,308,6434,2000,2000,1900,outcome_stratified_patient_group_cluster,20260710,1725616706,0.6394199376042952
overall_S6_score_qSOFA,overall,S6,score_qSOFA,,overall,overall,validation_2024,exact_current_cohort,7289,5d8bf17dc94e374c28166ff042a59f9267d0d774cfcf16dd4b15d5b520f645e6,AUPRC,0.0693057839291251,0.060703142543549866,0.08105183940307209,ESTIMATED,,7289,308,6434,2000,2000,1900,outcome_stratified_patient_group_cluster,20260710,1725616706,0.0693057839291251
overall_S6_score_qSOFA,overall,S6,score_qSOFA,,overall,overall,validation_2024,exact_current_cohort,7289,5d8bf17dc94e374c28166ff042a59f9267d0d774cfcf16dd4b15d5b520f645e6,Brier,0.2455805654701789,0.24225886362796537,0.24894184917471757,ESTIMATED,,7289,308,6434,2000,2000,1900,outcome_stratified_patient_group_cluster,20260710,1725616706,0.2455805654701789
overall_S6_score_MEWS,overall,S6,score_MEWS,,overall,overall,validation_2024,score_component_available_subset_of_current_cohort,7289,349f2754ba90ab7e749e83be36898f18d6c2a7ee90f42aa14df2b41c9212038d,AUROC,0.6474695791314703,0.6170442642502212,0.6779755794655652,ESTIMATED,,7288,308,6433,2000,2000,1900,outcome_stratified_patient_group_cluster,20260710,804984501,0.6474695791314703
overall_S6_score_MEWS,overall,S6,score_MEWS,,overall,overall,validation_2024,score_component_available_subset_of_current_cohort,7289,349f2754ba90ab7e749e83be36898f18d6c2a7ee90f42aa14df2b41c9212038d,AUPRC,0.07318841329240729,0.06361440273254863,0.08679227754089558,ESTIMATED,,7288,308,6433,2000,2000,1900,outcome_stratified_patient_group_cluster,20260710,804984501,0.07318841329240729
overall_S6_score_MEWS,overall,S6,score_MEWS,,overall,overall,validation_2024,score_component_available_subset_of_current_cohort,7289,349f2754ba90ab7e749e83be36898f18d6c2a7ee90f42aa14df2b41c9212038d,Brier,0.23318655518047862,0.23010283803696852,0.23635352169292478,ESTIMATED,,7288,308,6433,2000,2000,1900,outcome_stratified_patient_group_cluster,20260710,804984501,0.23318655518047862
overall_S6_score_REMS,overall,S6,score_REMS,,overall,overall,validation_2024,score_component_available_subset_of_current_cohort,7289,31c450d82c0ff3be50b48bf73e165b23ca00cf04b96c1177359a11c9eafcabc5,AUROC,0.6629727041548746,0.6314136534443195,0.6949108571011449,ESTIMATED,,6306,258,5575,2000,2000,1900,outcome_stratified_patient_group_cluster,20260710,4065419442,0.6629727041548746
overall_S6_score_REMS,overall,S6,score_REMS,,overall,overall,validation_2024,score_component_available_subset_of_current_cohort,7289,31c450d82c0ff3be50b48bf73e165b23ca00cf04b96c1177359a11c9eafcabc5,AUPRC,0.07488002762931206,0.0629757738707881,0.09297559269619807,ESTIMATED,,6306,258,5575,2000,2000,1900,outcome_stratified_patient_group_cluster,20260710,4065419442,0.07488002762931206
overall_S6_score_REMS,overall,S6,score_REMS,,overall,overall,validation_2024,score_component_available_subset_of_current_cohort,7289,31c450d82c0ff3be50b48bf73e165b23ca00cf04b96c1177359a11c9eafcabc5,Brier,0.2372816353017839,0.23408126080148492,0.2404663997175973,ESTIMATED,,6306,258,5575,2000,2000,1900,outcome_stratified_patient_group_cluster,20260710,4065419442,0.2372816353017839
overall_S6_score_RTS,overall,S6,score_RTS,,overall,overall,validation_2024,score_component_available_subset_of_current_cohort,7289,f672c49cd45c26b35e7b7ed656c1803f0dd7f856cdb88334c561598b75ea3f53,AUROC,0.5926546746915258,0.5658969226800604,0.6206969060791832,ESTIMATED,,7282,308,6431,2000,2000,1900,outcome_stratified_patient_group_cluster,20260710,712776113,0.5926546746915258
overall_S6_score_RTS,overall,S6,score_RTS,,overall,overall,validation_2024,score_component_available_subset_of_current_cohort,7289,f672c49cd45c26b35e7b7ed656c1803f0dd7f856cdb88334c561598b75ea3f53,AUPRC,0.06605259374155018,0.05657895410999426,0.08192248277175991,ESTIMATED,,7282,308,6431,2000,2000,1900,outcome_stratified_patient_group_cluster,20260710,712776113,0.06605259374155018
overall_S6_score_RTS,overall,S6,score_RTS,,overall,overall,validation_2024,score_component_available_subset_of_current_cohort,7289,f672c49cd45c26b35e7b7ed656c1803f0dd7f856cdb88334c561598b75ea3f53,Brier,0.23538817042460888,0.23301984432787076,0.2377437528057228,ESTIMATED,,7282,308,6431,2000,2000,1900,outcome_stratified_patient_group_cluster,20260710,712776113,0.23538817042460888
overall_S6_score_rSI_GCS_alias,overall,S6,score_rSI_GCS_alias,score_rSIG,overall,overall,validation_2024,score_component_available_subset_of_current_cohort,7289,f672c49cd45c26b35e7b7ed656c1803f0dd7f856cdb88334c561598b75ea3f53,AUROC,0.6061239985996223,0.567330112216133,0.6428887440162314,ESTIMATED,,7282,308,6431,2000,2000,1900,outcome_stratified_patient_group_cluster,20260710,1772445491,0.6061239985996223
overall_S6_score_rSI_GCS_alias,overall,S6,score_rSI_GCS_alias,score_rSIG,overall,overall,validation_2024,score_component_available_subset_of_current_cohort,7289,f672c49cd45c26b35e7b7ed656c1803f0dd7f856cdb88334c561598b75ea3f53,AUPRC,0.07289116459353719,0.0618280073427232,0.09011486669528766,ESTIMATED,,7282,308,6431,2000,2000,1900,outcome_stratified_patient_group_cluster,20260710,1772445491,0.07289116459353719
overall_S6_score_rSI_GCS_alias,overall,S6,score_rSI_GCS_alias,score_rSIG,overall,overall,validation_2024,score_component_available_subset_of_current_cohort,7289,f672c49cd45c26b35e7b7ed656c1803f0dd7f856cdb88334c561598b75ea3f53,Brier,0.24401317442476578,0.24152272928423488,0.24676563291488374,ESTIMATED,,7282,308,6431,2000,2000,1900,outcome_stratified_patient_group_cluster,20260710,1772445491,0.24401317442476578
overall_S6_knn_classifier,overall,S6,knn_classifier,,overall,overall,validation_2024,exact_current_cohort,7289,5d8bf17dc94e374c28166ff042a59f9267d0d774cfcf16dd4b15d5b520f645e6,AUROC,0.7277271145986232,0.6982028654024112,0.7575705405129394,ESTIMATED,,7289,308,6434,2000,2000,1900,outcome_stratified_patient_group_cluster,20260710,4133196322,0.7277271145986232
overall_S6_knn_classifier,overall,S6,knn_classifier,,overall,overall,validation_2024,exact_current_cohort,7289,5d8bf17dc94e374c28166ff042a59f9267d0d774cfcf16dd4b15d5b520f645e6,AUPRC,0.1131129138522796,0.09624782219410112,0.13977038511329615,ESTIMATED,,7289,308,6434,2000,2000,1900,outcome_stratified_patient_group_cluster,20260710,4133196322,0.1131129138522796
overall_S6_knn_classifier,overall,S6,knn_classifier,,overall,overall,validation_2024,exact_current_cohort,7289,5d8bf17dc94e374c28166ff042a59f9267d0d774cfcf16dd4b15d5b520f645e6,Brier,0.039466080687493674,0.038304565339098394,0.040810980423236255,ESTIMATED,,7289,308,6434,2000,2000,1900,outcome_stratified_patient_group_cluster,20260710,4133196322,0.039466080687493674
medicine_P1_decision_tree,medicine,P1,decision_tree,,overall,medicine,validation_2024,exact_current_cohort,4770,7960c3127977b086d8b2ebc49273972f5e3d48dcd91fc5bce3bebfb2b4b8d464,AUROC,0.7689491892647471,0.7141143317042958,0.8232291384828387,ESTIMATED,,4770,98,4071,2000,2000,1900,outcome_stratified_patient_group_cluster,20260710,3203658517,0.7689491892647471
medicine_P1_decision_tree,medicine,P1,decision_tree,,overall,medicine,validation_2024,exact_current_cohort,4770,7960c3127977b086d8b2ebc49273972f5e3d48dcd91fc5bce3bebfb2b4b8d464,AUPRC,0.12128015813537543,0.08784722249524464,0.16287407149115224,ESTIMATED,,4770,98,4071,2000,2000,1900,outcome_stratified_patient_group_cluster,20260710,3203658517,0.12128015813537543
medicine_P1_decision_tree,medicine,P1,decision_tree,,overall,medicine,validation_2024,exact_current_cohort,4770,7960c3127977b086d8b2ebc49273972f5e3d48dcd91fc5bce3bebfb2b4b8d464,Brier,0.13948096886559722,0.13073227871663698,0.14884409056671555,ESTIMATED,,4770,98,4071,2000,2000,1900,outcome_stratified_patient_group_cluster,20260710,3203658517,0.13948096886559722
medicine_P1_random_forest,medicine,P1,random_forest,,overall,medicine,validation_2024,exact_current_cohort,4770,7960c3127977b086d8b2ebc49273972f5e3d48dcd91fc5bce3bebfb2b4b8d464,AUROC,0.9377642752306402,0.9160101047077427,0.9557764322334529,ESTIMATED,,4770,98,4071,2000,2000,1900,outcome_stratified_patient_group_cluster,20260710,4278549733,0.9377642752306402
medicine_P1_random_forest,medicine,P1,random_forest,,overall,medicine,validation_2024,exact_current_cohort,4770,7960c3127977b086d8b2ebc49273972f5e3d48dcd91fc5bce3bebfb2b4b8d464,AUPRC,0.42891968296544986,0.332632483173665,0.5422557178197178,ESTIMATED,,4770,98,4071,2000,2000,1900,outcome_stratified_patient_group_cluster,20260710,4278549733,0.42891968296544986
medicine_P1_random_forest,medicine,P1,random_forest,,overall,medicine,validation_2024,exact_current_cohort,4770,7960c3127977b086d8b2ebc49273972f5e3d48dcd91fc5bce3bebfb2b4b8d464,Brier,0.019852912842123326,0.01780105428830136,0.022067064032537574,ESTIMATED,,4770,98,4071,2000,2000,1900,outcome_stratified_patient_group_cluster,20260710,4278549733,0.019852912842123326
medicine_P1_balanced_random_forest,medicine,P1,balanced_random_forest,,overall,medicine,validation_2024,exact_current_cohort,4770,7960c3127977b086d8b2ebc49273972f5e3d48dcd91fc5bce3bebfb2b4b8d464,AUROC,0.9325530297735533,0.9129704501898557,0.9495075708469173,ESTIMATED,,4770,98,4071,2000,2000,1900,outcome_stratified_patient_group_cluster,20260710,1490897882,0.9325530297735533
medicine_P1_balanced_random_forest,medicine,P1,balanced_random_forest,,overall,medicine,validation_2024,exact_current_cohort,4770,7960c3127977b086d8b2ebc49273972f5e3d48dcd91fc5bce3bebfb2b4b8d464,AUPRC,0.3321315434279332,0.2487509130639191,0.43416285612901595,ESTIMATED,,4770,98,4071,2000,2000,1900,outcome_stratified_patient_group_cluster,20260710,1490897882,0.3321315434279332
medicine_P1_balanced_random_forest,medicine,P1,balanced_random_forest,,overall,medicine,validation_2024,exact_current_cohort,4770,7960c3127977b086d8b2ebc49273972f5e3d48dcd91fc5bce3bebfb2b4b8d464,Brier,0.1663414982962577,0.15986810623289863,0.1724946160112494,ESTIMATED,,4770,98,4071,2000,2000,1900,outcome_stratified_patient_group_cluster,20260710,1490897882,0.1663414982962577
medicine_P1_svm_rbf,medicine,P1,svm_rbf,,overall,medicine,validation_2024,exact_current_cohort,4770,7960c3127977b086d8b2ebc49273972f5e3d48dcd91fc5bce3bebfb2b4b8d464,AUROC,0.8775422840369024,0.8432510987704135,0.9085569441478405,ESTIMATED,,4770,98,4071,2000,2000,1900,outcome_stratified_patient_group_cluster,20260710,358522937,0.8775422840369024
medicine_P1_svm_rbf,medicine,P1,svm_rbf,,overall,medicine,validation_2024,exact_current_cohort,4770,7960c3127977b086d8b2ebc49273972f5e3d48dcd91fc5bce3bebfb2b4b8d464,AUPRC,0.14471092189758075,0.1116575207732124,0.2132042826345347,ESTIMATED,,4770,98,4071,2000,2000,1900,outcome_stratified_patient_group_cluster,20260710,358522937,0.14471092189758075
medicine_P1_svm_rbf,medicine,P1,svm_rbf,,overall,medicine,validation_2024,exact_current_cohort,4770,7960c3127977b086d8b2ebc49273972f5e3d48dcd91fc5bce3bebfb2b4b8d464,Brier,0.01958392319470423,0.019087246428567583,0.020070711985624674,ESTIMATED,,4770,98,4071,2000,2000,1900,outcome_stratified_patient_group_cluster,20260710,358522937,0.01958392319470423
medicine_P1_logistic_l1,medicine,P1,logistic_l1,,overall,medicine,validation_2024,exact_current_cohort,4770,7960c3127977b086d8b2ebc49273972f5e3d48dcd91fc5bce3bebfb2b4b8d464,AUROC,0.7611257688006711,0.7063225592383382,0.8151995217253011,ESTIMATED,,4770,98,4071,2000,2000,1900,outcome_stratified_patient_group_cluster,20260710,7486526,0.7611257688006711
medicine_P1_logistic_l1,medicine,P1,logistic_l1,,overall,medicine,validation_2024,exact_current_cohort,4770,7960c3127977b086d8b2ebc49273972f5e3d48dcd91fc5bce3bebfb2b4b8d464,AUPRC,0.24124942173205824,0.16311538255235689,0.34629308923895663,ESTIMATED,,4770,98,4071,2000,2000,1900,outcome_stratified_patient_group_cluster,20260710,7486526,0.24124942173205824
medicine_P1_logistic_l1,medicine,P1,logistic_l1,,overall,medicine,validation_2024,exact_current_cohort,4770,7960c3127977b086d8b2ebc49273972f5e3d48dcd91fc5bce3bebfb2b4b8d464,Brier,0.07401746897960167,0.0675889156122343,0.08032303248773486,ESTIMATED,,4770,98,4071,2000,2000,1900,outcome_stratified_patient_group_cluster,20260710,7486526,0.07401746897960167
medicine_P1_logistic_l2,medicine,P1,logistic_l2,,overall,medicine,validation_2024,exact_current_cohort,4770,7960c3127977b086d8b2ebc49273972f5e3d48dcd91fc5bce3bebfb2b4b8d464,AUROC,0.7829525003494548,0.7270703741177804,0.8360657251549153,ESTIMATED,,4770,98,4071,2000,2000,1900,outcome_stratified_patient_group_cluster,20260710,2394481279,0.7829525003494548
medicine_P1_logistic_l2,medicine,P1,logistic_l2,,overall,medicine,validation_2024,exact_current_cohort,4770,7960c3127977b086d8b2ebc49273972f5e3d48dcd91fc5bce3bebfb2b4b8d464,AUPRC,0.2542020695370191,0.17896748095812803,0.3599976653896632,ESTIMATED,,4770,98,4071,2000,2000,1900,outcome_stratified_patient_group_cluster,20260710,2394481279,0.2542020695370191
medicine_P1_logistic_l2,medicine,P1,logistic_l2,,overall,medicine,validation_2024,exact_current_cohort,4770,7960c3127977b086d8b2ebc49273972f5e3d48dcd91fc5bce3bebfb2b4b8d464,Brier,0.07725807361360788,0.07081846589881106,0.0837215194848427,ESTIMATED,,4770,98,4071,2000,2000,1900,outcome_stratified_patient_group_cluster,20260710,2394481279,0.07725807361360788
medicine_P1_score_NEWS2,medicine,P1,score_NEWS2,,overall,medicine,validation_2024,score_component_available_subset_of_current_cohort,4770,88c03a43fd63f9f7b0f8049a1de628d3144d74d2d7666f40a8f1bd4b3f5739bd,AUROC,0.7292411650102345,0.6565069373729849,0.796816475944383,ESTIMATED,,986,43,886,2000,2000,1900,outcome_stratified_patient_group_cluster,20260710,224752911,0.7292411650102345
medicine_P1_score_NEWS2,medicine,P1,score_NEWS2,,overall,medicine,validation_2024,score_component_available_subset_of_current_cohort,4770,88c03a43fd63f9f7b0f8049a1de628d3144d74d2d7666f40a8f1bd4b3f5739bd,AUPRC,0.11181918996651326,0.0719154377039908,0.190177042142444,ESTIMATED,,986,43,886,2000,2000,1900,outcome_stratified_patient_group_cluster,20260710,224752911,0.11181918996651326
medicine_P1_score_NEWS2,medicine,P1,score_NEWS2,,overall,medicine,validation_2024,score_component_available_subset_of_current_cohort,4770,88c03a43fd63f9f7b0f8049a1de628d3144d74d2d7666f40a8f1bd4b3f5739bd,Brier,0.2147269329901298,0.20422094381836597,0.22530913601020613,ESTIMATED,,986,43,886,2000,2000,1900,outcome_stratified_patient_group_cluster,20260710,224752911,0.2147269329901298
medicine_P1_score_rSIG,medicine,P1,score_rSIG,,overall,medicine,validation_2024,score_component_available_subset_of_current_cohort,4770,98e76858e58f643d05d48cbaceb02e25743f80a46ee195958b082c24bb41fd1b,AUROC,0.8693967427008693,0.8224533776344102,0.9075287549955803,ESTIMATED,,4572,58,3920,2000,2000,1900,outcome_stratified_patient_group_cluster,20260710,3698412969,0.8693967427008693
medicine_P1_score_rSIG,medicine,P1,score_rSIG,,overall,medicine,validation_2024,score_component_available_subset_of_current_cohort,4770,98e76858e58f643d05d48cbaceb02e25743f80a46ee195958b082c24bb41fd1b,AUPRC,0.08058779222669804,0.059322626336440434,0.12390747163796872,ESTIMATED,,4572,58,3920,2000,2000,1900,outcome_stratified_patient_group_cluster,20260710,3698412969,0.08058779222669804
medicine_P1_score_rSIG,medicine,P1,score_rSIG,,overall,medicine,validation_2024,score_component_available_subset_of_current_cohort,4770,98e76858e58f643d05d48cbaceb02e25743f80a46ee195958b082c24bb41fd1b,Brier,0.20812593162152154,0.2018417251412376,0.2142011076397017,ESTIMATED,,4572,58,3920,2000,2000,1900,outcome_stratified_patient_group_cluster,20260710,3698412969,0.20812593162152154
medicine_P1_score_rSIG_Age,medicine,P1,score_rSIG_Age,,overall,medicine,validation_2024,score_component_available_subset_of_current_cohort,4770,b142c734ff665a9dcf5ccfad408f4f85c042489c496bbf4221e3dc65db87befe,AUROC,0.8873195025187474,0.8501818923699516,0.9197374356582144,ESTIMATED,,4569,58,3917,2000,2000,1900,outcome_stratified_patient_group_cluster,20260710,2978189442,0.8873195025187474
medicine_P1_score_rSIG_Age,medicine,P1,score_rSIG_Age,,overall,medicine,validation_2024,score_component_available_subset_of_current_cohort,4770,b142c734ff665a9dcf5ccfad408f4f85c042489c496bbf4221e3dc65db87befe,AUPRC,0.09179872762284269,0.06655230183539848,0.14085828976878204,ESTIMATED,,4569,58,3917,2000,2000,1900,outcome_stratified_patient_group_cluster,20260710,2978189442,0.09179872762284269
medicine_P1_score_rSIG_Age,medicine,P1,score_rSIG_Age,,overall,medicine,validation_2024,score_component_available_subset_of_current_cohort,4770,b142c734ff665a9dcf5ccfad408f4f85c042489c496bbf4221e3dc65db87befe,Brier,0.21583451220091018,0.2075847541521745,0.22389607973422357,ESTIMATED,,4569,58,3917,2000,2000,1900,outcome_stratified_patient_group_cluster,20260710,2978189442,0.21583451220091018
medicine_P1_score_SIA_G,medicine,P1,score_SIA_G,,overall,medicine,validation_2024,score_component_available_subset_of_current_cohort,4770,b142c734ff665a9dcf5ccfad408f4f85c042489c496bbf4221e3dc65db87befe,AUROC,0.8873175914813598,0.8530682440483062,0.919912690474249,ESTIMATED,,4569,58,3917,2000,2000,1900,outcome_stratified_patient_group_cluster,20260710,43390309,0.8873175914813598
medicine_P1_score_SIA_G,medicine,P1,score_SIA_G,,overall,medicine,validation_2024,score_component_available_subset_of_current_cohort,4770,b142c734ff665a9dcf5ccfad408f4f85c042489c496bbf4221e3dc65db87befe,AUPRC,0.09179587022579856,0.06847326617403919,0.13890384974667866,ESTIMATED,,4569,58,3917,2000,2000,1900,outcome_stratified_patient_group_cluster,20260710,43390309,0.09179587022579856
medicine_P1_score_SIA_G,medicine,P1,score_SIA_G,,overall,medicine,validation_2024,score_component_available_subset_of_current_cohort,4770,b142c734ff665a9dcf5ccfad408f4f85c042489c496bbf4221e3dc65db87befe,Brier,0.1720718195713201,0.16589254312887336,0.1789047677479386,ESTIMATED,,4569,58,3917,2000,2000,1900,outcome_stratified_patient_group_cluster,20260710,43390309,0.1720718195713201
medicine_P1_score_SI_G,medicine,P1,score_SI_G,,overall,medicine,validation_2024,score_component_available_subset_of_current_cohort,4770,98e76858e58f643d05d48cbaceb02e25743f80a46ee195958b082c24bb41fd1b,AUROC,0.8693795547950438,0.8261854909663334,0.9074247816886806,ESTIMATED,,4572,58,3920,2000,2000,1900,outcome_stratified_patient_group_cluster,20260710,2262667653,0.8693795547950438
medicine_P1_score_SI_G,medicine,P1,score_SI_G,,overall,medicine,validation_2024,score_component_available_subset_of_current_cohort,4770,98e76858e58f643d05d48cbaceb02e25743f80a46ee195958b082c24bb41fd1b,AUPRC,0.08058779222669803,0.05908925609928629,0.1225291889270262,ESTIMATED,,4572,58,3920,2000,2000,1900,outcome_stratified_patient_group_cluster,20260710,2262667653,0.08058779222669803
medicine_P1_score_SI_G,medicine,P1,score_SI_G,,overall,medicine,validation_2024,score_component_available_subset_of_current_cohort,4770,98e76858e58f643d05d48cbaceb02e25743f80a46ee195958b082c24bb41fd1b,Brier,0.17940262545242333,0.1741811663492177,0.18524458913054329,ESTIMATED,,4572,58,3920,2000,2000,1900,outcome_stratified_patient_group_cluster,20260710,2262667653,0.17940262545242333
medicine_P1_score_SI,medicine,P1,score_SI,,overall,medicine,validation_2024,score_component_available_subset_of_current_cohort,4770,0ab2354f3d43a9665c0585455f6777c391ac11abecbe02c6911b0c08220b52ff,AUROC,0.7416358325941815,0.6834507170606845,0.7956616221323204,ESTIMATED,,4626,59,3949,2000,2000,1900,outcome_stratified_patient_group_cluster,20260710,2708311654,0.7416358325941815
medicine_P1_score_SI,medicine,P1,score_SI,,overall,medicine,validation_2024,score_component_available_subset_of_current_cohort,4770,0ab2354f3d43a9665c0585455f6777c391ac11abecbe02c6911b0c08220b52ff,AUPRC,0.03564946639414824,0.025917324766005074,0.055267298354677835,ESTIMATED,,4626,59,3949,2000,2000,1900,outcome_stratified_patient_group_cluster,20260710,2708311654,0.03564946639414824
medicine_P1_score_SI,medicine,P1,score_SI,,overall,medicine,validation_2024,score_component_available_subset_of_current_cohort,4770,0ab2354f3d43a9665c0585455f6777c391ac11abecbe02c6911b0c08220b52ff,Brier,0.24013289386929204,0.23557318026677299,0.24450669300329927,ESTIMATED,,4626,59,3949,2000,2000,1900,outcome_stratified_patient_group_cluster,20260710,2708311654,0.24013289386929204
medicine_P1_score_mSI,medicine,P1,score_mSI,,overall,medicine,validation_2024,score_component_available_subset_of_current_cohort,4770,16a58766becef016afc355b385465e1fbd58c33007a151d81108f4d70c979f10,AUROC,0.8027942468159859,0.7404382682950681,0.8612176602751737,ESTIMATED,,4006,46,3427,2000,2000,1900,outcome_stratified_patient_group_cluster,20260710,2821574588,0.8027942468159859
medicine_P1_score_mSI,medicine,P1,score_mSI,,overall,medicine,validation_2024,score_component_available_subset_of_current_cohort,4770,16a58766becef016afc355b385465e1fbd58c33007a151d81108f4d70c979f10,AUPRC,0.05048313933242345,0.03297416388819772,0.09195661116350869,ESTIMATED,,4006,46,3427,2000,2000,1900,outcome_stratified_patient_group_cluster,20260710,2821574588,0.05048313933242345
medicine_P1_score_mSI,medicine,P1,score_mSI,,overall,medicine,validation_2024,score_component_available_subset_of_current_cohort,4770,16a58766becef016afc355b385465e1fbd58c33007a151d81108f4d70c979f10,Brier,0.2299021908440151,0.2259390409549398,0.2342533487314335,ESTIMATED,,4006,46,3427,2000,2000,1900,outcome_stratified_patient_group_cluster,20260710,2821574588,0.2299021908440151
medicine_P1_score_aSI,medicine,P1,score_aSI,,overall,medicine,validation_2024,score_component_available_subset_of_current_cohort,4770,1014b45c25e6bd3b6cb572e528182234d15808c04aab1b2caff8682d103c0a2b,AUROC,0.825153374233129,0.7801654629955582,0.8633313180454142,ESTIMATED,,4623,59,3946,2000,2000,1900,outcome_stratified_patient_group_cluster,20260710,1906332312,0.825153374233129
medicine_P1_score_aSI,medicine,P1,score_aSI,,overall,medicine,validation_2024,score_component_available_subset_of_current_cohort,4770,1014b45c25e6bd3b6cb572e528182234d15808c04aab1b2caff8682d103c0a2b,AUPRC,0.04968844374271137,0.03689800504847788,0.08010697493379873,ESTIMATED,,4623,59,3946,2000,2000,1900,outcome_stratified_patient_group_cluster,20260710,1906332312,0.04968844374271137
medicine_P1_score_aSI,medicine,P1,score_aSI,,overall,medicine,validation_2024,score_component_available_subset_of_current_cohort,4770,1014b45c25e6bd3b6cb572e528182234d15808c04aab1b2caff8682d103c0a2b,Brier,0.23181697707400678,0.2247552482097468,0.239550313130183,ESTIMATED,,4623,59,3946,2000,2000,1900,outcome_stratified_patient_group_cluster,20260710,1906332312,0.23181697707400678
medicine_P1_score_rSI,medicine,P1,score_rSI,,overall,medicine,validation_2024,score_component_available_subset_of_current_cohort,4770,0ab2354f3d43a9665c0585455f6777c391ac11abecbe02c6911b0c08220b52ff,AUROC,0.7416358325941815,0.68220978281372,0.7991382460025591,ESTIMATED,,4626,59,3949,2000,2000,1900,outcome_stratified_patient_group_cluster,20260710,1455502176,0.7416358325941815
medicine_P1_score_rSI,medicine,P1,score_rSI,,overall,medicine,validation_2024,score_component_available_subset_of_current_cohort,4770,0ab2354f3d43a9665c0585455f6777c391ac11abecbe02c6911b0c08220b52ff,AUPRC,0.03564946639414824,0.02621237980512531,0.05782824727258434,ESTIMATED,,4626,59,3949,2000,2000,1900,outcome_stratified_patient_group_cluster,20260710,1455502176,0.03564946639414824
medicine_P1_score_rSI,medicine,P1,score_rSI,,overall,medicine,validation_2024,score_component_available_subset_of_current_cohort,4770,0ab2354f3d43a9665c0585455f6777c391ac11abecbe02c6911b0c08220b52ff,Brier,0.2471155434524618,0.24366135582101311,0.25065477562591687,ESTIMATED,,4626,59,3949,2000,2000,1900,outcome_stratified_patient_group_cluster,20260710,1455502176,0.2471155434524618
medicine_P1_score_rSI_sMS,medicine,P1,score_rSI_sMS,,overall,medicine,validation_2024,score_component_available_subset_of_current_cohort,4770,77519c9971be80a4af703a85c57f61fdb4819a447cabd6242beed24218abe7ea,AUROC,0.8598074884256611,0.8161930735931316,0.89947281443294,ESTIMATED,,4579,58,3923,2000,2000,1900,outcome_stratified_patient_group_cluster,20260710,395298654,0.8598074884256611
medicine_P1_score_rSI_sMS,medicine,P1,score_rSI_sMS,,overall,medicine,validation_2024,score_component_available_subset_of_current_cohort,4770,77519c9971be80a4af703a85c57f61fdb4819a447cabd6242beed24218abe7ea,AUPRC,0.06786170579157925,0.0512463633067118,0.10382584914013887,ESTIMATED,,4579,58,3923,2000,2000,1900,outcome_stratified_patient_group_cluster,20260710,395298654,0.06786170579157925
medicine_P1_score_rSI_sMS,medicine,P1,score_rSI_sMS,,overall,medicine,validation_2024,score_component_available_subset_of_current_cohort,4770,77519c9971be80a4af703a85c57f61fdb4819a447cabd6242beed24218abe7ea,Brier,0.2122074096285623,0.20595065373869673,0.21899756140783247,ESTIMATED,,4579,58,3923,2000,2000,1900,outcome_stratified_patient_group_cluster,20260710,395298654,0.2122074096285623
medicine_P1_score_rSI_GCSM,medicine,P1,score_rSI_GCSM,,overall,medicine,validation_2024,score_component_available_subset_of_current_cohort,4770,77519c9971be80a4af703a85c57f61fdb4819a447cabd6242beed24218abe7ea,AUROC,0.8611498829218436,0.8166397363094562,0.9015592706673151,ESTIMATED,,4579,58,3923,2000,2000,1900,outcome_stratified_patient_group_cluster,20260710,2087573689,0.8611498829218436
medicine_P1_score_rSI_GCSM,medicine,P1,score_rSI_GCSM,,overall,medicine,validation_2024,score_component_available_subset_of_current_cohort,4770,77519c9971be80a4af703a85c57f61fdb4819a447cabd6242beed24218abe7ea,AUPRC,0.07786899123257426,0.05681511550082382,0.12029763174304019,ESTIMATED,,4579,58,3923,2000,2000,1900,outcome_stratified_patient_group_cluster,20260710,2087573689,0.07786899123257426
medicine_P1_score_rSI_GCSM,medicine,P1,score_rSI_GCSM,,overall,medicine,validation_2024,score_component_available_subset_of_current_cohort,4770,77519c9971be80a4af703a85c57f61fdb4819a447cabd6242beed24218abe7ea,Brier,0.2069624649290703,0.20127934834742675,0.21267285967110375,ESTIMATED,,4579,58,3923,2000,2000,1900,outcome_stratified_patient_group_cluster,20260710,2087573689,0.2069624649290703
medicine_P1_score_SIAVPU,medicine,P1,score_SIAVPU,,overall,medicine,validation_2024,score_component_available_subset_of_current_cohort,4770,0ab2354f3d43a9665c0585455f6777c391ac11abecbe02c6911b0c08220b52ff,AUROC,0.511044597759164,0.41788913498166824,0.6086582985856693,ESTIMATED,,4626,59,3949,2000,2000,1900,outcome_stratified_patient_group_cluster,20260710,3955732816,0.511044597759164
medicine_P1_score_SIAVPU,medicine,P1,score_SIAVPU,,overall,medicine,validation_2024,score_component_available_subset_of_current_cohort,4770,0ab2354f3d43a9665c0585455f6777c391ac11abecbe02c6911b0c08220b52ff,AUPRC,0.02803294681287039,0.01692612380890773,0.05625557184658174,ESTIMATED,,4626,59,3949,2000,2000,1900,outcome_stratified_patient_group_cluster,20260710,3955732816,0.02803294681287039
medicine_P1_score_SIAVPU,medicine,P1,score_SIAVPU,,overall,medicine,validation_2024,score_component_available_subset_of_current_cohort,4770,0ab2354f3d43a9665c0585455f6777c391ac11abecbe02c6911b0c08220b52ff,Brier,0.24529417547881366,0.24437907140106632,0.2461520464366681,ESTIMATED,,4626,59,3949,2000,2000,1900,outcome_stratified_patient_group_cluster,20260710,3955732816,0.24529417547881366
medicine_P1_score_sMS,medicine,P1,score_sMS,,overall,medicine,validation_2024,score_component_available_subset_of_current_cohort,4770,9e0b0ccdf19e7c79e23643be95c739b83926768acce4ddae6b3d4f227976be51,AUROC,0.7577020915771622,0.6981791649715722,0.8192751281361692,ESTIMATED,,4585,61,3926,2000,2000,1900,outcome_stratified_patient_group_cluster,20260710,84530743,0.7577020915771622
medicine_P1_score_sMS,medicine,P1,score_sMS,,overall,medicine,validation_2024,score_component_available_subset_of_current_cohort,4770,9e0b0ccdf19e7c79e23643be95c739b83926768acce4ddae6b3d4f227976be51,AUPRC,0.049587482346210916,0.036079099515512664,0.06730998153746996,ESTIMATED,,4585,61,3926,2000,2000,1900,outcome_stratified_patient_group_cluster,20260710,84530743,0.049587482346210916
medicine_P1_score_sMS,medicine,P1,score_sMS,,overall,medicine,validation_2024,score_component_available_subset_of_current_cohort,4770,9e0b0ccdf19e7c79e23643be95c739b83926768acce4ddae6b3d4f227976be51,Brier,0.1862859659231227,0.17959482339632976,0.19298611128098395,ESTIMATED,,4585,61,3926,2000,2000,1900,outcome_stratified_patient_group_cluster,20260710,84530743,0.1862859659231227
medicine_P1_score_qSOFA,medicine,P1,score_qSOFA,,overall,medicine,validation_2024,score_component_available_subset_of_current_cohort,4770,0ab2354f3d43a9665c0585455f6777c391ac11abecbe02c6911b0c08220b52ff,AUROC,0.8587824221663889,0.8191122015506462,0.892721787678545,ESTIMATED,,4626,59,3949,2000,2000,1900,outcome_stratified_patient_group_cluster,20260710,1516228858,0.8587824221663889
medicine_P1_score_qSOFA,medicine,P1,score_qSOFA,,overall,medicine,validation_2024,score_component_available_subset_of_current_cohort,4770,0ab2354f3d43a9665c0585455f6777c391ac11abecbe02c6911b0c08220b52ff,AUPRC,0.06034048208382588,0.044937721582697675,0.08538491747912015,ESTIMATED,,4626,59,3949,2000,2000,1900,outcome_stratified_patient_group_cluster,20260710,1516228858,0.06034048208382588
medicine_P1_score_qSOFA,medicine,P1,score_qSOFA,,overall,medicine,validation_2024,score_component_available_subset_of_current_cohort,4770,0ab2354f3d43a9665c0585455f6777c391ac11abecbe02c6911b0c08220b52ff,Brier,0.20979126807710036,0.20237200982206097,0.2169667872736285,ESTIMATED,,4626,59,3949,2000,2000,1900,outcome_stratified_patient_group_cluster,20260710,1516228858,0.20979126807710036
medicine_P1_score_MEWS,medicine,P1,score_MEWS,,overall,medicine,validation_2024,score_component_available_subset_of_current_cohort,4770,0ab2354f3d43a9665c0585455f6777c391ac11abecbe02c6911b0c08220b52ff,AUROC,0.8350231765836714,0.7840836798530331,0.8814792239923249,ESTIMATED,,4626,59,3949,2000,2000,1900,outcome_stratified_patient_group_cluster,20260710,2791977723,0.8350231765836714
medicine_P1_score_MEWS,medicine,P1,score_MEWS,,overall,medicine,validation_2024,score_component_available_subset_of_current_cohort,4770,0ab2354f3d43a9665c0585455f6777c391ac11abecbe02c6911b0c08220b52ff,AUPRC,0.064055817256749,0.043069878305958785,0.11711632355855221,ESTIMATED,,4626,59,3949,2000,2000,1900,outcome_stratified_patient_group_cluster,20260710,2791977723,0.064055817256749
medicine_P1_score_MEWS,medicine,P1,score_MEWS,,overall,medicine,validation_2024,score_component_available_subset_of_current_cohort,4770,0ab2354f3d43a9665c0585455f6777c391ac11abecbe02c6911b0c08220b52ff,Brier,0.20363005143506543,0.19702081761879026,0.210614436837417,ESTIMATED,,4626,59,3949,2000,2000,1900,outcome_stratified_patient_group_cluster,20260710,2791977723,0.20363005143506543
medicine_P1_score_REMS,medicine,P1,score_REMS,,overall,medicine,validation_2024,score_component_available_subset_of_current_cohort,4770,27addfbae90d58a06415d5db624699991999424dd5659b5df0eee6bf8c38cc3b,AUROC,0.8284518234709806,0.7620593377018832,0.8864718465066597,ESTIMATED,,3960,45,3400,2000,2000,1900,outcome_stratified_patient_group_cluster,20260710,755751290,0.8284518234709806
medicine_P1_score_REMS,medicine,P1,score_REMS,,overall,medicine,validation_2024,score_component_available_subset_of_current_cohort,4770,27addfbae90d58a06415d5db624699991999424dd5659b5df0eee6bf8c38cc3b,AUPRC,0.08666720314961596,0.04801761995591252,0.16986765061431428,ESTIMATED,,3960,45,3400,2000,2000,1900,outcome_stratified_patient_group_cluster,20260710,755751290,0.08666720314961596
medicine_P1_score_REMS,medicine,P1,score_REMS,,overall,medicine,validation_2024,score_component_available_subset_of_current_cohort,4770,27addfbae90d58a06415d5db624699991999424dd5659b5df0eee6bf8c38cc3b,Brier,0.2045268033740998,0.1974396034138929,0.211611554112718,ESTIMATED,,3960,45,3400,2000,2000,1900,outcome_stratified_patient_group_cluster,20260710,755751290,0.2045268033740998
medicine_P1_score_RTS,medicine,P1,score_RTS,,overall,medicine,validation_2024,score_component_available_subset_of_current_cohort,4770,98e76858e58f643d05d48cbaceb02e25743f80a46ee195958b082c24bb41fd1b,AUROC,0.8009735993766519,0.7390023276569516,0.8604354043549176,ESTIMATED,,4572,58,3920,2000,2000,1900,outcome_stratified_patient_group_cluster,20260710,2384044531,0.8009735993766519
medicine_P1_score_RTS,medicine,P1,score_RTS,,overall,medicine,validation_2024,score_component_available_subset_of_current_cohort,4770,98e76858e58f643d05d48cbaceb02e25743f80a46ee195958b082c24bb41fd1b,AUPRC,0.07896383750942745,0.05085479003330034,0.13543470597875976,ESTIMATED,,4572,58,3920,2000,2000,1900,outcome_stratified_patient_group_cluster,20260710,2384044531,0.07896383750942745
medicine_P1_score_RTS,medicine,P1,score_RTS,,overall,medicine,validation_2024,score_component_available_subset_of_current_cohort,4770,98e76858e58f643d05d48cbaceb02e25743f80a46ee195958b082c24bb41fd1b,Brier,0.17254319179453917,0.16664344473006015,0.17811643294465737,ESTIMATED,,4572,58,3920,2000,2000,1900,outcome_stratified_patient_group_cluster,20260710,2384044531,0.17254319179453917
medicine_P1_score_rSI_GCS_alias,medicine,P1,score_rSI_GCS_alias,score_rSIG,overall,medicine,validation_2024,score_component_available_subset_of_current_cohort,4770,98e76858e58f643d05d48cbaceb02e25743f80a46ee195958b082c24bb41fd1b,AUROC,0.8693967427008693,0.8224533776344102,0.9075287549955803,ESTIMATED,,4572,58,3920,2000,2000,1900,outcome_stratified_patient_group_cluster,20260710,3698412969,0.8693967427008693
medicine_P1_score_rSI_GCS_alias,medicine,P1,score_rSI_GCS_alias,score_rSIG,overall,medicine,validation_2024,score_component_available_subset_of_current_cohort,4770,98e76858e58f643d05d48cbaceb02e25743f80a46ee195958b082c24bb41fd1b,AUPRC,0.08058779222669804,0.059322626336440434,0.12390747163796872,ESTIMATED,,4572,58,3920,2000,2000,1900,outcome_stratified_patient_group_cluster,20260710,3698412969,0.08058779222669804
medicine_P1_score_rSI_GCS_alias,medicine,P1,score_rSI_GCS_alias,score_rSIG,overall,medicine,validation_2024,score_component_available_subset_of_current_cohort,4770,98e76858e58f643d05d48cbaceb02e25743f80a46ee195958b082c24bb41fd1b,Brier,0.20812593162152154,0.2018417251412376,0.2142011076397017,ESTIMATED,,4572,58,3920,2000,2000,1900,outcome_stratified_patient_group_cluster,20260710,3698412969,0.20812593162152154
medicine_P1_knn_classifier,medicine,P1,knn_classifier,,medicine,medicine,validation_2024,exact_current_cohort,4770,7960c3127977b086d8b2ebc49273972f5e3d48dcd91fc5bce3bebfb2b4b8d464,AUROC,0.8232763139502377,0.7732469512604636,0.8709132366821933,ESTIMATED,,4770,98,4071,2000,2000,1900,outcome_stratified_patient_group_cluster,20260710,3857453245,0.8232763139502377
medicine_P1_knn_classifier,medicine,P1,knn_classifier,,medicine,medicine,validation_2024,exact_current_cohort,4770,7960c3127977b086d8b2ebc49273972f5e3d48dcd91fc5bce3bebfb2b4b8d464,AUPRC,0.40862575239647614,0.31692940308547335,0.5131982450971281,ESTIMATED,,4770,98,4071,2000,2000,1900,outcome_stratified_patient_group_cluster,20260710,3857453245,0.40862575239647614
medicine_P1_knn_classifier,medicine,P1,knn_classifier,,medicine,medicine,validation_2024,exact_current_cohort,4770,7960c3127977b086d8b2ebc49273972f5e3d48dcd91fc5bce3bebfb2b4b8d464,Brier,0.01578690652013429,0.014594962822169166,0.01693634629438784,ESTIMATED,,4770,98,4071,2000,2000,1900,outcome_stratified_patient_group_cluster,20260710,3857453245,0.01578690652013429
medicine_P2_decision_tree,medicine,P2,decision_tree,,overall,medicine,validation_2024,exact_current_cohort,4770,7960c3127977b086d8b2ebc49273972f5e3d48dcd91fc5bce3bebfb2b4b8d464,AUROC,0.8249632552573892,0.8072845794284862,0.8436721986164958,ESTIMATED,,4770,568,4071,2000,2000,1900,outcome_stratified_patient_group_cluster,20260710,163772616,0.8249632552573892
medicine_P2_decision_tree,medicine,P2,decision_tree,,overall,medicine,validation_2024,exact_current_cohort,4770,7960c3127977b086d8b2ebc49273972f5e3d48dcd91fc5bce3bebfb2b4b8d464,AUPRC,0.3906204657871687,0.3566300901409627,0.42827318630414385,ESTIMATED,,4770,568,4071,2000,2000,1900,outcome_stratified_patient_group_cluster,20260710,163772616,0.3906204657871687
medicine_P2_decision_tree,medicine,P2,decision_tree,,overall,medicine,validation_2024,exact_current_cohort,4770,7960c3127977b086d8b2ebc49273972f5e3d48dcd91fc5bce3bebfb2b4b8d464,Brier,0.2052639574607621,0.19684301184648573,0.2141000526764662,ESTIMATED,,4770,568,4071,2000,2000,1900,outcome_stratified_patient_group_cluster,20260710,163772616,0.2052639574607621
medicine_P2_random_forest,medicine,P2,random_forest,,overall,medicine,validation_2024,exact_current_cohort,4770,7960c3127977b086d8b2ebc49273972f5e3d48dcd91fc5bce3bebfb2b4b8d464,AUROC,0.8668457676089858,0.8520796067092012,0.8816370359876292,ESTIMATED,,4770,568,4071,2000,2000,1900,outcome_stratified_patient_group_cluster,20260710,363953250,0.8668457676089858
medicine_P2_random_forest,medicine,P2,random_forest,,overall,medicine,validation_2024,exact_current_cohort,4770,7960c3127977b086d8b2ebc49273972f5e3d48dcd91fc5bce3bebfb2b4b8d464,AUPRC,0.5108815729375633,0.4752137622075935,0.5492217124979113,ESTIMATED,,4770,568,4071,2000,2000,1900,outcome_stratified_patient_group_cluster,20260710,363953250,0.5108815729375633
medicine_P2_random_forest,medicine,P2,random_forest,,overall,medicine,validation_2024,exact_current_cohort,4770,7960c3127977b086d8b2ebc49273972f5e3d48dcd91fc5bce3bebfb2b4b8d464,Brier,0.126504587974355,0.12103189960092886,0.13230514643442554,ESTIMATED,,4770,568,4071,2000,2000,1900,outcome_stratified_patient_group_cluster,20260710,363953250,0.126504587974355
medicine_P2_balanced_random_forest,medicine,P2,balanced_random_forest,,overall,medicine,validation_2024,exact_current_cohort,4770,7960c3127977b086d8b2ebc49273972f5e3d48dcd91fc5bce3bebfb2b4b8d464,AUROC,0.8596924837937668,0.8446967427126194,0.8739113133785785,ESTIMATED,,4770,568,4071,2000,2000,1900,outcome_stratified_patient_group_cluster,20260710,3126997681,0.8596924837937668
medicine_P2_balanced_random_forest,medicine,P2,balanced_random_forest,,overall,medicine,validation_2024,exact_current_cohort,4770,7960c3127977b086d8b2ebc49273972f5e3d48dcd91fc5bce3bebfb2b4b8d464,AUPRC,0.48425840045327345,0.44694250781520944,0.5248500544549943,ESTIMATED,,4770,568,4071,2000,2000,1900,outcome_stratified_patient_group_cluster,20260710,3126997681,0.48425840045327345
medicine_P2_balanced_random_forest,medicine,P2,balanced_random_forest,,overall,medicine,validation_2024,exact_current_cohort,4770,7960c3127977b086d8b2ebc49273972f5e3d48dcd91fc5bce3bebfb2b4b8d464,Brier,0.1897262127942449,0.18282221583541555,0.1971356687575089,ESTIMATED,,4770,568,4071,2000,2000,1900,outcome_stratified_patient_group_cluster,20260710,3126997681,0.1897262127942449
medicine_P2_svm_rbf,medicine,P2,svm_rbf,,overall,medicine,validation_2024,exact_current_cohort,4770,7960c3127977b086d8b2ebc49273972f5e3d48dcd91fc5bce3bebfb2b4b8d464,AUROC,0.8045150364346958,0.7884802482365789,0.8198162654618908,ESTIMATED,,4770,568,4071,2000,2000,1900,outcome_stratified_patient_group_cluster,20260710,2329903337,0.8045150364346958
medicine_P2_svm_rbf,medicine,P2,svm_rbf,,overall,medicine,validation_2024,exact_current_cohort,4770,7960c3127977b086d8b2ebc49273972f5e3d48dcd91fc5bce3bebfb2b4b8d464,AUPRC,0.324875718131774,0.2958554141255693,0.3590138247395541,ESTIMATED,,4770,568,4071,2000,2000,1900,outcome_stratified_patient_group_cluster,20260710,2329903337,0.324875718131774
medicine_P2_svm_rbf,medicine,P2,svm_rbf,,overall,medicine,validation_2024,exact_current_cohort,4770,7960c3127977b086d8b2ebc49273972f5e3d48dcd91fc5bce3bebfb2b4b8d464,Brier,0.09337026415859595,0.09040919091934581,0.09635990441026372,ESTIMATED,,4770,568,4071,2000,2000,1900,outcome_stratified_patient_group_cluster,20260710,2329903337,0.09337026415859595
medicine_P2_logistic_l1,medicine,P2,logistic_l1,,overall,medicine,validation_2024,exact_current_cohort,4770,7960c3127977b086d8b2ebc49273972f5e3d48dcd91fc5bce3bebfb2b4b8d464,AUROC,0.8520565324359292,0.8351228999258724,0.8690499438819502,ESTIMATED,,4770,568,4071,2000,2000,1900,outcome_stratified_patient_group_cluster,20260710,2071074007,0.8520565324359292
medicine_P2_logistic_l1,medicine,P2,logistic_l1,,overall,medicine,validation_2024,exact_current_cohort,4770,7960c3127977b086d8b2ebc49273972f5e3d48dcd91fc5bce3bebfb2b4b8d464,AUPRC,0.520096489416345,0.4818912744337798,0.5596960173310777,ESTIMATED,,4770,568,4071,2000,2000,1900,outcome_stratified_patient_group_cluster,20260710,2071074007,0.520096489416345
medicine_P2_logistic_l1,medicine,P2,logistic_l1,,overall,medicine,validation_2024,exact_current_cohort,4770,7960c3127977b086d8b2ebc49273972f5e3d48dcd91fc5bce3bebfb2b4b8d464,Brier,0.18729895880791028,0.17866392926666913,0.19605174750206894,ESTIMATED,,4770,568,4071,2000,2000,1900,outcome_stratified_patient_group_cluster,20260710,2071074007,0.18729895880791028
medicine_P2_logistic_l2,medicine,P2,logistic_l2,,overall,medicine,validation_2024,exact_current_cohort,4770,7960c3127977b086d8b2ebc49273972f5e3d48dcd91fc5bce3bebfb2b4b8d464,AUROC,0.8466403489954483,0.8275699648738383,0.8648438826504625,ESTIMATED,,4770,568,4071,2000,2000,1900,outcome_stratified_patient_group_cluster,20260710,1967489082,0.8466403489954483
medicine_P2_logistic_l2,medicine,P2,logistic_l2,,overall,medicine,validation_2024,exact_current_cohort,4770,7960c3127977b086d8b2ebc49273972f5e3d48dcd91fc5bce3bebfb2b4b8d464,AUPRC,0.5196480385969557,0.48110703351447376,0.5599371609606095,ESTIMATED,,4770,568,4071,2000,2000,1900,outcome_stratified_patient_group_cluster,20260710,1967489082,0.5196480385969557
medicine_P2_logistic_l2,medicine,P2,logistic_l2,,overall,medicine,validation_2024,exact_current_cohort,4770,7960c3127977b086d8b2ebc49273972f5e3d48dcd91fc5bce3bebfb2b4b8d464,Brier,0.1887045562564653,0.17996614000926028,0.19733490671516704,ESTIMATED,,4770,568,4071,2000,2000,1900,outcome_stratified_patient_group_cluster,20260710,1967489082,0.1887045562564653
medicine_P2_score_NEWS2,medicine,P2,score_NEWS2,,overall,medicine,validation_2024,score_component_available_subset_of_current_cohort,4770,88c03a43fd63f9f7b0f8049a1de628d3144d74d2d7666f40a8f1bd4b3f5739bd,AUROC,0.6355171972893492,0.5989539185093817,0.672512414148694,ESTIMATED,,986,275,886,2000,2000,1900,outcome_stratified_patient_group_cluster,20260710,1843008642,0.6355171972893492
medicine_P2_score_NEWS2,medicine,P2,score_NEWS2,,overall,medicine,validation_2024,score_component_available_subset_of_current_cohort,4770,88c03a43fd63f9f7b0f8049a1de628d3144d74d2d7666f40a8f1bd4b3f5739bd,AUPRC,0.38783127070625545,0.3491614777823625,0.43573536284026665,ESTIMATED,,986,275,886,2000,2000,1900,outcome_stratified_patient_group_cluster,20260710,1843008642,0.38783127070625545
medicine_P2_score_NEWS2,medicine,P2,score_NEWS2,,overall,medicine,validation_2024,score_component_available_subset_of_current_cohort,4770,88c03a43fd63f9f7b0f8049a1de628d3144d74d2d7666f40a8f1bd4b3f5739bd,Brier,0.2366567323224467,0.22850665963848163,0.2450381399077383,ESTIMATED,,986,275,886,2000,2000,1900,outcome_stratified_patient_group_cluster,20260710,1843008642,0.2366567323224467
medicine_P2_score_rSIG,medicine,P2,score_rSIG,,overall,medicine,validation_2024,score_component_available_subset_of_current_cohort,4770,98e76858e58f643d05d48cbaceb02e25743f80a46ee195958b082c24bb41fd1b,AUROC,0.7303118878816797,0.7040858187503641,0.756013384814201,ESTIMATED,,4572,493,3920,2000,2000,1900,outcome_stratified_patient_group_cluster,20260710,583162451,0.7303118878816797
medicine_P2_score_rSIG,medicine,P2,score_rSIG,,overall,medicine,validation_2024,score_component_available_subset_of_current_cohort,4770,98e76858e58f643d05d48cbaceb02e25743f80a46ee195958b082c24bb41fd1b,AUPRC,0.3162236924968462,0.27983352795402056,0.36139611908944375,ESTIMATED,,4572,493,3920,2000,2000,1900,outcome_stratified_patient_group_cluster,20260710,583162451,0.3162236924968462
medicine_P2_score_rSIG,medicine,P2,score_rSIG,,overall,medicine,validation_2024,score_component_available_subset_of_current_cohort,4770,98e76858e58f643d05d48cbaceb02e25743f80a46ee195958b082c24bb41fd1b,Brier,0.2268821335834165,0.22166203682678434,0.23216760762157126,ESTIMATED,,4572,493,3920,2000,2000,1900,outcome_stratified_patient_group_cluster,20260710,583162451,0.2268821335834165
medicine_P2_score_rSIG_Age,medicine,P2,score_rSIG_Age,,overall,medicine,validation_2024,score_component_available_subset_of_current_cohort,4770,b142c734ff665a9dcf5ccfad408f4f85c042489c496bbf4221e3dc65db87befe,AUROC,0.7935572997430165,0.773260005765945,0.8137559485894718,ESTIMATED,,4569,493,3917,2000,2000,1900,outcome_stratified_patient_group_cluster,20260710,1999889800,0.7935572997430165
medicine_P2_score_rSIG_Age,medicine,P2,score_rSIG_Age,,overall,medicine,validation_2024,score_component_available_subset_of_current_cohort,4770,b142c734ff665a9dcf5ccfad408f4f85c042489c496bbf4221e3dc65db87befe,AUPRC,0.35360249548385864,0.3190812755272098,0.3958507190657046,ESTIMATED,,4569,493,3917,2000,2000,1900,outcome_stratified_patient_group_cluster,20260710,1999889800,0.35360249548385864
medicine_P2_score_rSIG_Age,medicine,P2,score_rSIG_Age,,overall,medicine,validation_2024,score_component_available_subset_of_current_cohort,4770,b142c734ff665a9dcf5ccfad408f4f85c042489c496bbf4221e3dc65db87befe,Brier,0.22609506400544102,0.2186374514534688,0.23309822347674547,ESTIMATED,,4569,493,3917,2000,2000,1900,outcome_stratified_patient_group_cluster,20260710,1999889800,0.22609506400544102
medicine_P2_score_SIA_G,medicine,P2,score_SIA_G,,overall,medicine,validation_2024,score_component_available_subset_of_current_cohort,4770,b142c734ff665a9dcf5ccfad408f4f85c042489c496bbf4221e3dc65db87befe,AUROC,0.7935570509209403,0.7736546512335053,0.8147102436330512,ESTIMATED,,4569,493,3917,2000,2000,1900,outcome_stratified_patient_group_cluster,20260710,1883115064,0.7935570509209403
medicine_P2_score_SIA_G,medicine,P2,score_SIA_G,,overall,medicine,validation_2024,score_component_available_subset_of_current_cohort,4770,b142c734ff665a9dcf5ccfad408f4f85c042489c496bbf4221e3dc65db87befe,AUPRC,0.35359991064722135,0.3172992089617927,0.3975457289159383,ESTIMATED,,4569,493,3917,2000,2000,1900,outcome_stratified_patient_group_cluster,20260710,1883115064,0.35359991064722135
medicine_P2_score_SIA_G,medicine,P2,score_SIA_G,,overall,medicine,validation_2024,score_component_available_subset_of_current_cohort,4770,b142c734ff665a9dcf5ccfad408f4f85c042489c496bbf4221e3dc65db87befe,Brier,0.19896534194764418,0.1924838494637195,0.20548276986554068,ESTIMATED,,4569,493,3917,2000,2000,1900,outcome_stratified_patient_group_cluster,20260710,1883115064,0.19896534194764418
medicine_P2_score_SI_G,medicine,P2,score_SI_G,,overall,medicine,validation_2024,score_component_available_subset_of_current_cohort,4770,98e76858e58f643d05d48cbaceb02e25743f80a46ee195958b082c24bb41fd1b,AUROC,0.7303148715505681,0.7037317517532701,0.7557478993307227,ESTIMATED,,4572,493,3920,2000,2000,1900,outcome_stratified_patient_group_cluster,20260710,532284732,0.7303148715505681
medicine_P2_score_SI_G,medicine,P2,score_SI_G,,overall,medicine,validation_2024,score_component_available_subset_of_current_cohort,4770,98e76858e58f643d05d48cbaceb02e25743f80a46ee195958b082c24bb41fd1b,AUPRC,0.3162437504409989,0.281647292692258,0.3603170942354564,ESTIMATED,,4572,493,3920,2000,2000,1900,outcome_stratified_patient_group_cluster,20260710,532284732,0.3162437504409989
medicine_P2_score_SI_G,medicine,P2,score_SI_G,,overall,medicine,validation_2024,score_component_available_subset_of_current_cohort,4770,98e76858e58f643d05d48cbaceb02e25743f80a46ee195958b082c24bb41fd1b,Brier,0.20989887738394297,0.20513480596263423,0.21460836620109489,ESTIMATED,,4572,493,3920,2000,2000,1900,outcome_stratified_patient_group_cluster,20260710,532284732,0.20989887738394297
medicine_P2_score_SI,medicine,P2,score_SI,,overall,medicine,validation_2024,score_component_available_subset_of_current_cohort,4770,0ab2354f3d43a9665c0585455f6777c391ac11abecbe02c6911b0c08220b52ff,AUROC,0.6384877733357315,0.6110357478282239,0.6654433892723179,ESTIMATED,,4626,503,3949,2000,2000,1900,outcome_stratified_patient_group_cluster,20260710,314203429,0.6384877733357315
medicine_P2_score_SI,medicine,P2,score_SI,,overall,medicine,validation_2024,score_component_available_subset_of_current_cohort,4770,0ab2354f3d43a9665c0585455f6777c391ac11abecbe02c6911b0c08220b52ff,AUPRC,0.20008410216070782,0.17848059435333172,0.22877476775499883,ESTIMATED,,4626,503,3949,2000,2000,1900,outcome_stratified_patient_group_cluster,20260710,314203429,0.20008410216070782
medicine_P2_score_SI,medicine,P2,score_SI,,overall,medicine,validation_2024,score_component_available_subset_of_current_cohort,4770,0ab2354f3d43a9665c0585455f6777c391ac11abecbe02c6911b0c08220b52ff,Brier,0.24637992713435236,0.24280354874837992,0.25001211349052976,ESTIMATED,,4626,503,3949,2000,2000,1900,outcome_stratified_patient_group_cluster,20260710,314203429,0.24637992713435236
medicine_P2_score_mSI,medicine,P2,score_mSI,,overall,medicine,validation_2024,score_component_available_subset_of_current_cohort,4770,16a58766becef016afc355b385465e1fbd58c33007a151d81108f4d70c979f10,AUROC,0.6399235371964392,0.6090284271537257,0.6702317502592159,ESTIMATED,,4006,419,3427,2000,2000,1900,outcome_stratified_patient_group_cluster,20260710,4217624256,0.6399235371964392
medicine_P2_score_mSI,medicine,P2,score_mSI,,overall,medicine,validation_2024,score_component_available_subset_of_current_cohort,4770,16a58766becef016afc355b385465e1fbd58c33007a151d81108f4d70c979f10,AUPRC,0.21073523433441582,0.18433960176570174,0.24597149685534048,ESTIMATED,,4006,419,3427,2000,2000,1900,outcome_stratified_patient_group_cluster,20260710,4217624256,0.21073523433441582
medicine_P2_score_mSI,medicine,P2,score_mSI,,overall,medicine,validation_2024,score_component_available_subset_of_current_cohort,4770,16a58766becef016afc355b385465e1fbd58c33007a151d81108f4d70c979f10,Brier,0.2372482484361291,0.23327542254238873,0.24132784944815475,ESTIMATED,,4006,419,3427,2000,2000,1900,outcome_stratified_patient_group_cluster,20260710,4217624256,0.2372482484361291
medicine_P2_score_aSI,medicine,P2,score_aSI,,overall,medicine,validation_2024,score_component_available_subset_of_current_cohort,4770,1014b45c25e6bd3b6cb572e528182234d15808c04aab1b2caff8682d103c0a2b,AUROC,0.7416083595514293,0.7199968367967883,0.7628736208213595,ESTIMATED,,4623,503,3946,2000,2000,1900,outcome_stratified_patient_group_cluster,20260710,3298961471,0.7416083595514293
medicine_P2_score_aSI,medicine,P2,score_aSI,,overall,medicine,validation_2024,score_component_available_subset_of_current_cohort,4770,1014b45c25e6bd3b6cb572e528182234d15808c04aab1b2caff8682d103c0a2b,AUPRC,0.2536991634168101,0.22918526869522426,0.28551108111042944,ESTIMATED,,4623,503,3946,2000,2000,1900,outcome_stratified_patient_group_cluster,20260710,3298961471,0.2536991634168101
medicine_P2_score_aSI,medicine,P2,score_aSI,,overall,medicine,validation_2024,score_component_available_subset_of_current_cohort,4770,1014b45c25e6bd3b6cb572e528182234d15808c04aab1b2caff8682d103c0a2b,Brier,0.2366052526136225,0.22943066861614453,0.244033950998895,ESTIMATED,,4623,503,3946,2000,2000,1900,outcome_stratified_patient_group_cluster,20260710,3298961471,0.2366052526136225
medicine_P2_score_rSI,medicine,P2,score_rSI,,overall,medicine,validation_2024,score_component_available_subset_of_current_cohort,4770,0ab2354f3d43a9665c0585455f6777c391ac11abecbe02c6911b0c08220b52ff,AUROC,0.6384877733357315,0.6107418632304008,0.6676853882454894,ESTIMATED,,4626,503,3949,2000,2000,1900,outcome_stratified_patient_group_cluster,20260710,2426642789,0.6384877733357315
medicine_P2_score_rSI,medicine,P2,score_rSI,,overall,medicine,validation_2024,score_component_available_subset_of_current_cohort,4770,0ab2354f3d43a9665c0585455f6777c391ac11abecbe02c6911b0c08220b52ff,AUPRC,0.20008410216070782,0.17902448189721548,0.2310131048841842,ESTIMATED,,4626,503,3949,2000,2000,1900,outcome_stratified_patient_group_cluster,20260710,2426642789,0.20008410216070782
medicine_P2_score_rSI,medicine,P2,score_rSI,,overall,medicine,validation_2024,score_component_available_subset_of_current_cohort,4770,0ab2354f3d43a9665c0585455f6777c391ac11abecbe02c6911b0c08220b52ff,Brier,0.24865651614106735,0.24574960342677787,0.2512930237105497,ESTIMATED,,4626,503,3949,2000,2000,1900,outcome_stratified_patient_group_cluster,20260710,2426642789,0.24865651614106735
medicine_P2_score_rSI_sMS,medicine,P2,score_rSI_sMS,,overall,medicine,validation_2024,score_component_available_subset_of_current_cohort,4770,77519c9971be80a4af703a85c57f61fdb4819a447cabd6242beed24218abe7ea,AUROC,0.7356228791341426,0.710958722378359,0.7614694336194753,ESTIMATED,,4579,495,3923,2000,2000,1900,outcome_stratified_patient_group_cluster,20260710,1709921269,0.7356228791341426
medicine_P2_score_rSI_sMS,medicine,P2,score_rSI_sMS,,overall,medicine,validation_2024,score_component_available_subset_of_current_cohort,4770,77519c9971be80a4af703a85c57f61fdb4819a447cabd6242beed24218abe7ea,AUPRC,0.3078746845147044,0.27457851277090467,0.3489904946245359,ESTIMATED,,4579,495,3923,2000,2000,1900,outcome_stratified_patient_group_cluster,20260710,1709921269,0.3078746845147044
medicine_P2_score_rSI_sMS,medicine,P2,score_rSI_sMS,,overall,medicine,validation_2024,score_component_available_subset_of_current_cohort,4770,77519c9971be80a4af703a85c57f61fdb4819a447cabd6242beed24218abe7ea,Brier,0.22786762951225545,0.22257188533820613,0.23287603050410055,ESTIMATED,,4579,495,3923,2000,2000,1900,outcome_stratified_patient_group_cluster,20260710,1709921269,0.22786762951225545
medicine_P2_score_rSI_GCSM,medicine,P2,score_rSI_GCSM,,overall,medicine,validation_2024,score_component_available_subset_of_current_cohort,4770,77519c9971be80a4af703a85c57f61fdb4819a447cabd6242beed24218abe7ea,AUROC,0.7182839660067868,0.6912718928017052,0.7443387081898273,ESTIMATED,,4579,495,3923,2000,2000,1900,outcome_stratified_patient_group_cluster,20260710,3573713139,0.7182839660067868
medicine_P2_score_rSI_GCSM,medicine,P2,score_rSI_GCSM,,overall,medicine,validation_2024,score_component_available_subset_of_current_cohort,4770,77519c9971be80a4af703a85c57f61fdb4819a447cabd6242beed24218abe7ea,AUPRC,0.30104568105397544,0.2675800630235672,0.34119157332566236,ESTIMATED,,4579,495,3923,2000,2000,1900,outcome_stratified_patient_group_cluster,20260710,3573713139,0.30104568105397544
medicine_P2_score_rSI_GCSM,medicine,P2,score_rSI_GCSM,,overall,medicine,validation_2024,score_component_available_subset_of_current_cohort,4770,77519c9971be80a4af703a85c57f61fdb4819a447cabd6242beed24218abe7ea,Brier,0.22974352433795964,0.22489992257412328,0.23482369086625163,ESTIMATED,,4579,495,3923,2000,2000,1900,outcome_stratified_patient_group_cluster,20260710,3573713139,0.22974352433795964
medicine_P2_score_SIAVPU,medicine,P2,score_SIAVPU,,overall,medicine,validation_2024,score_component_available_subset_of_current_cohort,4770,0ab2354f3d43a9665c0585455f6777c391ac11abecbe02c6911b0c08220b52ff,AUROC,0.5176498612014548,0.4865164073134915,0.5497112548495681,ESTIMATED,,4626,503,3949,2000,2000,1900,outcome_stratified_patient_group_cluster,20260710,2061596810,0.5176498612014548
medicine_P2_score_SIAVPU,medicine,P2,score_SIAVPU,,overall,medicine,validation_2024,score_component_available_subset_of_current_cohort,4770,0ab2354f3d43a9665c0585455f6777c391ac11abecbe02c6911b0c08220b52ff,AUPRC,0.16903079968609225,0.1464812437472504,0.20044459540402518,ESTIMATED,,4626,503,3949,2000,2000,1900,outcome_stratified_patient_group_cluster,20260710,2061596810,0.16903079968609225
medicine_P2_score_SIAVPU,medicine,P2,score_SIAVPU,,overall,medicine,validation_2024,score_component_available_subset_of_current_cohort,4770,0ab2354f3d43a9665c0585455f6777c391ac11abecbe02c6911b0c08220b52ff,Brier,0.2491040804307982,0.24879278480936695,0.24940916860832837,ESTIMATED,,4626,503,3949,2000,2000,1900,outcome_stratified_patient_group_cluster,20260710,2061596810,0.2491040804307982
medicine_P2_score_sMS,medicine,P2,score_sMS,,overall,medicine,validation_2024,score_component_available_subset_of_current_cohort,4770,9e0b0ccdf19e7c79e23643be95c739b83926768acce4ddae6b3d4f227976be51,AUROC,0.674734394124847,0.6523132451969371,0.6979637499817368,ESTIMATED,,4585,500,3926,2000,2000,1900,outcome_stratified_patient_group_cluster,20260710,3233389421,0.674734394124847
medicine_P2_score_sMS,medicine,P2,score_sMS,,overall,medicine,validation_2024,score_component_available_subset_of_current_cohort,4770,9e0b0ccdf19e7c79e23643be95c739b83926768acce4ddae6b3d4f227976be51,AUPRC,0.22703134574440464,0.20345926312226775,0.25399994087218014,ESTIMATED,,4585,500,3926,2000,2000,1900,outcome_stratified_patient_group_cluster,20260710,3233389421,0.22703134574440464
medicine_P2_score_sMS,medicine,P2,score_sMS,,overall,medicine,validation_2024,score_component_available_subset_of_current_cohort,4770,9e0b0ccdf19e7c79e23643be95c739b83926768acce4ddae6b3d4f227976be51,Brier,0.2076638481313019,0.20213792474878822,0.21336272761723438,ESTIMATED,,4585,500,3926,2000,2000,1900,outcome_stratified_patient_group_cluster,20260710,3233389421,0.2076638481313019
medicine_P2_score_qSOFA,medicine,P2,score_qSOFA,,overall,medicine,validation_2024,score_component_available_subset_of_current_cohort,4770,0ab2354f3d43a9665c0585455f6777c391ac11abecbe02c6911b0c08220b52ff,AUROC,0.7110369555646957,0.6886316871003935,0.7341268372019985,ESTIMATED,,4626,503,3949,2000,2000,1900,outcome_stratified_patient_group_cluster,20260710,4064729815,0.7110369555646957
medicine_P2_score_qSOFA,medicine,P2,score_qSOFA,,overall,medicine,validation_2024,score_component_available_subset_of_current_cohort,4770,0ab2354f3d43a9665c0585455f6777c391ac11abecbe02c6911b0c08220b52ff,AUPRC,0.22869758633662327,0.20561530581522522,0.2549355661746225,ESTIMATED,,4626,503,3949,2000,2000,1900,outcome_stratified_patient_group_cluster,20260710,4064729815,0.22869758633662327
medicine_P2_score_qSOFA,medicine,P2,score_qSOFA,,overall,medicine,validation_2024,score_component_available_subset_of_current_cohort,4770,0ab2354f3d43a9665c0585455f6777c391ac11abecbe02c6911b0c08220b52ff,Brier,0.2366221122096737,0.23013477333372778,0.2433414035995723,ESTIMATED,,4626,503,3949,2000,2000,1900,outcome_stratified_patient_group_cluster,20260710,4064729815,0.2366221122096737
medicine_P2_score_MEWS,medicine,P2,score_MEWS,,overall,medicine,validation_2024,score_component_available_subset_of_current_cohort,4770,0ab2354f3d43a9665c0585455f6777c391ac11abecbe02c6911b0c08220b52ff,AUROC,0.7069925824630197,0.682331548161547,0.7304895047882995,ESTIMATED,,4626,503,3949,2000,2000,1900,outcome_stratified_patient_group_cluster,20260710,992515562,0.7069925824630197
medicine_P2_score_MEWS,medicine,P2,score_MEWS,,overall,medicine,validation_2024,score_component_available_subset_of_current_cohort,4770,0ab2354f3d43a9665c0585455f6777c391ac11abecbe02c6911b0c08220b52ff,AUPRC,0.23736177223766605,0.21286945338047744,0.2702418933211262,ESTIMATED,,4626,503,3949,2000,2000,1900,outcome_stratified_patient_group_cluster,20260710,992515562,0.23736177223766605
medicine_P2_score_MEWS,medicine,P2,score_MEWS,,overall,medicine,validation_2024,score_component_available_subset_of_current_cohort,4770,0ab2354f3d43a9665c0585455f6777c391ac11abecbe02c6911b0c08220b52ff,Brier,0.22653571957274574,0.2210040234856655,0.23272742884221367,ESTIMATED,,4626,503,3949,2000,2000,1900,outcome_stratified_patient_group_cluster,20260710,992515562,0.22653571957274574
medicine_P2_score_REMS,medicine,P2,score_REMS,,overall,medicine,validation_2024,score_component_available_subset_of_current_cohort,4770,27addfbae90d58a06415d5db624699991999424dd5659b5df0eee6bf8c38cc3b,AUROC,0.7342594706435245,0.7099511993943647,0.7577435848379325,ESTIMATED,,3960,411,3400,2000,2000,1900,outcome_stratified_patient_group_cluster,20260710,1735766732,0.7342594706435245
medicine_P2_score_REMS,medicine,P2,score_REMS,,overall,medicine,validation_2024,score_component_available_subset_of_current_cohort,4770,27addfbae90d58a06415d5db624699991999424dd5659b5df0eee6bf8c38cc3b,AUPRC,0.2633163639227341,0.2303451581630648,0.2997951671682214,ESTIMATED,,3960,411,3400,2000,2000,1900,outcome_stratified_patient_group_cluster,20260710,1735766732,0.2633163639227341
medicine_P2_score_REMS,medicine,P2,score_REMS,,overall,medicine,validation_2024,score_component_available_subset_of_current_cohort,4770,27addfbae90d58a06415d5db624699991999424dd5659b5df0eee6bf8c38cc3b,Brier,0.22925987593628105,0.2221088899901167,0.23653829382430683,ESTIMATED,,3960,411,3400,2000,2000,1900,outcome_stratified_patient_group_cluster,20260710,1735766732,0.22925987593628105
medicine_P2_score_RTS,medicine,P2,score_RTS,,overall,medicine,validation_2024,score_component_available_subset_of_current_cohort,4770,98e76858e58f643d05d48cbaceb02e25743f80a46ee195958b082c24bb41fd1b,AUROC,0.6813496327849516,0.6587207344153447,0.7054900771432581,ESTIMATED,,4572,493,3920,2000,2000,1900,outcome_stratified_patient_group_cluster,20260710,2934358849,0.6813496327849516
medicine_P2_score_RTS,medicine,P2,score_RTS,,overall,medicine,validation_2024,score_component_available_subset_of_current_cohort,4770,98e76858e58f643d05d48cbaceb02e25743f80a46ee195958b082c24bb41fd1b,AUPRC,0.26413507932210656,0.2329366981338397,0.30228684155202645,ESTIMATED,,4572,493,3920,2000,2000,1900,outcome_stratified_patient_group_cluster,20260710,2934358849,0.26413507932210656
medicine_P2_score_RTS,medicine,P2,score_RTS,,overall,medicine,validation_2024,score_component_available_subset_of_current_cohort,4770,98e76858e58f643d05d48cbaceb02e25743f80a46ee195958b082c24bb41fd1b,Brier,0.20556922562145827,0.2006378249012538,0.21067740176108768,ESTIMATED,,4572,493,3920,2000,2000,1900,outcome_stratified_patient_group_cluster,20260710,2934358849,0.20556922562145827
medicine_P2_score_rSI_GCS_alias,medicine,P2,score_rSI_GCS_alias,score_rSIG,overall,medicine,validation_2024,score_component_available_subset_of_current_cohort,4770,98e76858e58f643d05d48cbaceb02e25743f80a46ee195958b082c24bb41fd1b,AUROC,0.7303118878816797,0.7040858187503641,0.756013384814201,ESTIMATED,,4572,493,3920,2000,2000,1900,outcome_stratified_patient_group_cluster,20260710,583162451,0.7303118878816797
medicine_P2_score_rSI_GCS_alias,medicine,P2,score_rSI_GCS_alias,score_rSIG,overall,medicine,validation_2024,score_component_available_subset_of_current_cohort,4770,98e76858e58f643d05d48cbaceb02e25743f80a46ee195958b082c24bb41fd1b,AUPRC,0.3162236924968462,0.27983352795402056,0.36139611908944375,ESTIMATED,,4572,493,3920,2000,2000,1900,outcome_stratified_patient_group_cluster,20260710,583162451,0.3162236924968462
medicine_P2_score_rSI_GCS_alias,medicine,P2,score_rSI_GCS_alias,score_rSIG,overall,medicine,validation_2024,score_component_available_subset_of_current_cohort,4770,98e76858e58f643d05d48cbaceb02e25743f80a46ee195958b082c24bb41fd1b,Brier,0.2268821335834165,0.22166203682678434,0.23216760762157126,ESTIMATED,,4572,493,3920,2000,2000,1900,outcome_stratified_patient_group_cluster,20260710,583162451,0.2268821335834165
medicine_P2_knn_classifier,medicine,P2,knn_classifier,,medicine,medicine,validation_2024,exact_current_cohort,4770,7960c3127977b086d8b2ebc49273972f5e3d48dcd91fc5bce3bebfb2b4b8d464,AUROC,0.8195294745627502,0.7999427060061276,0.8380519333472815,ESTIMATED,,4770,568,4071,2000,2000,1900,outcome_stratified_patient_group_cluster,20260710,4196524358,0.8195294745627502
medicine_P2_knn_classifier,medicine,P2,knn_classifier,,medicine,medicine,validation_2024,exact_current_cohort,4770,7960c3127977b086d8b2ebc49273972f5e3d48dcd91fc5bce3bebfb2b4b8d464,AUPRC,0.45304880580569223,0.4145575862742228,0.48950830163497466,ESTIMATED,,4770,568,4071,2000,2000,1900,outcome_stratified_patient_group_cluster,20260710,4196524358,0.45304880580569223
medicine_P2_knn_classifier,medicine,P2,knn_classifier,,medicine,medicine,validation_2024,exact_current_cohort,4770,7960c3127977b086d8b2ebc49273972f5e3d48dcd91fc5bce3bebfb2b4b8d464,Brier,0.08422975644337685,0.08135698310411474,0.08722610020093868,ESTIMATED,,4770,568,4071,2000,2000,1900,outcome_stratified_patient_group_cluster,20260710,4196524358,0.08422975644337685
medicine_P3_decision_tree,medicine,P3,decision_tree,,overall,medicine,validation_2024,exact_current_cohort,4770,7960c3127977b086d8b2ebc49273972f5e3d48dcd91fc5bce3bebfb2b4b8d464,AUROC,0.8340349719679978,0.8008075116975887,0.8643308362674157,ESTIMATED,,4770,253,4071,2000,2000,1900,outcome_stratified_patient_group_cluster,20260710,3920357367,0.8340349719679978
medicine_P3_decision_tree,medicine,P3,decision_tree,,overall,medicine,validation_2024,exact_current_cohort,4770,7960c3127977b086d8b2ebc49273972f5e3d48dcd91fc5bce3bebfb2b4b8d464,AUPRC,0.2783379954497896,0.2401492446751004,0.3218193046490592,ESTIMATED,,4770,253,4071,2000,2000,1900,outcome_stratified_patient_group_cluster,20260710,3920357367,0.2783379954497896
medicine_P3_decision_tree,medicine,P3,decision_tree,,overall,medicine,validation_2024,exact_current_cohort,4770,7960c3127977b086d8b2ebc49273972f5e3d48dcd91fc5bce3bebfb2b4b8d464,Brier,0.17070229080478672,0.16214521842809207,0.17890851803502947,ESTIMATED,,4770,253,4071,2000,2000,1900,outcome_stratified_patient_group_cluster,20260710,3920357367,0.17070229080478672
medicine_P3_random_forest,medicine,P3,random_forest,,overall,medicine,validation_2024,exact_current_cohort,4770,7960c3127977b086d8b2ebc49273972f5e3d48dcd91fc5bce3bebfb2b4b8d464,AUROC,0.8809687775911992,0.8583292060176801,0.9016089378216453,ESTIMATED,,4770,253,4071,2000,2000,1900,outcome_stratified_patient_group_cluster,20260710,4268548698,0.8809687775911992
medicine_P3_random_forest,medicine,P3,random_forest,,overall,medicine,validation_2024,exact_current_cohort,4770,7960c3127977b086d8b2ebc49273972f5e3d48dcd91fc5bce3bebfb2b4b8d464,AUPRC,0.3449304600050774,0.2961232069855211,0.4047598583571315,ESTIMATED,,4770,253,4071,2000,2000,1900,outcome_stratified_patient_group_cluster,20260710,4268548698,0.3449304600050774
medicine_P3_random_forest,medicine,P3,random_forest,,overall,medicine,validation_2024,exact_current_cohort,4770,7960c3127977b086d8b2ebc49273972f5e3d48dcd91fc5bce3bebfb2b4b8d464,Brier,0.07981144895899336,0.07534512817382616,0.08452423486430549,ESTIMATED,,4770,253,4071,2000,2000,1900,outcome_stratified_patient_group_cluster,20260710,4268548698,0.07981144895899336
medicine_P3_balanced_random_forest,medicine,P3,balanced_random_forest,,overall,medicine,validation_2024,exact_current_cohort,4770,7960c3127977b086d8b2ebc49273972f5e3d48dcd91fc5bce3bebfb2b4b8d464,AUROC,0.8740996901472785,0.8534229007707022,0.8948215082028391,ESTIMATED,,4770,253,4071,2000,2000,1900,outcome_stratified_patient_group_cluster,20260710,1017699298,0.8740996901472785
medicine_P3_balanced_random_forest,medicine,P3,balanced_random_forest,,overall,medicine,validation_2024,exact_current_cohort,4770,7960c3127977b086d8b2ebc49273972f5e3d48dcd91fc5bce3bebfb2b4b8d464,AUPRC,0.31565448707924326,0.2747357751186296,0.37319617544168826,ESTIMATED,,4770,253,4071,2000,2000,1900,outcome_stratified_patient_group_cluster,20260710,1017699298,0.31565448707924326
medicine_P3_balanced_random_forest,medicine,P3,balanced_random_forest,,overall,medicine,validation_2024,exact_current_cohort,4770,7960c3127977b086d8b2ebc49273972f5e3d48dcd91fc5bce3bebfb2b4b8d464,Brier,0.17564371505752552,0.16844686800398337,0.1826928333887538,ESTIMATED,,4770,253,4071,2000,2000,1900,outcome_stratified_patient_group_cluster,20260710,1017699298,0.17564371505752552
medicine_P3_svm_rbf,medicine,P3,svm_rbf,,overall,medicine,validation_2024,exact_current_cohort,4770,7960c3127977b086d8b2ebc49273972f5e3d48dcd91fc5bce3bebfb2b4b8d464,AUROC,0.8338170862643628,0.8106945186142589,0.8549886252997879,ESTIMATED,,4770,253,4071,2000,2000,1900,outcome_stratified_patient_group_cluster,20260710,1561853179,0.8338170862643628
medicine_P3_svm_rbf,medicine,P3,svm_rbf,,overall,medicine,validation_2024,exact_current_cohort,4770,7960c3127977b086d8b2ebc49273972f5e3d48dcd91fc5bce3bebfb2b4b8d464,AUPRC,0.2219968381524938,0.18920100051445501,0.2691837022650229,ESTIMATED,,4770,253,4071,2000,2000,1900,outcome_stratified_patient_group_cluster,20260710,1561853179,0.2219968381524938
medicine_P3_svm_rbf,medicine,P3,svm_rbf,,overall,medicine,validation_2024,exact_current_cohort,4770,7960c3127977b086d8b2ebc49273972f5e3d48dcd91fc5bce3bebfb2b4b8d464,Brier,0.046716998445138325,0.044608189253411326,0.04886584431659443,ESTIMATED,,4770,253,4071,2000,2000,1900,outcome_stratified_patient_group_cluster,20260710,1561853179,0.046716998445138325
medicine_P3_logistic_l1,medicine,P3,logistic_l1,,overall,medicine,validation_2024,exact_current_cohort,4770,7960c3127977b086d8b2ebc49273972f5e3d48dcd91fc5bce3bebfb2b4b8d464,AUROC,0.8129368105208168,0.7771761127216801,0.844806364672458,ESTIMATED,,4770,253,4071,2000,2000,1900,outcome_stratified_patient_group_cluster,20260710,1656443772,0.8129368105208168
medicine_P3_logistic_l1,medicine,P3,logistic_l1,,overall,medicine,validation_2024,exact_current_cohort,4770,7960c3127977b086d8b2ebc49273972f5e3d48dcd91fc5bce3bebfb2b4b8d464,AUPRC,0.2960288755431356,0.24833012524582018,0.3554959396311327,ESTIMATED,,4770,253,4071,2000,2000,1900,outcome_stratified_patient_group_cluster,20260710,1656443772,0.2960288755431356
medicine_P3_logistic_l1,medicine,P3,logistic_l1,,overall,medicine,validation_2024,exact_current_cohort,4770,7960c3127977b086d8b2ebc49273972f5e3d48dcd91fc5bce3bebfb2b4b8d464,Brier,0.15137196976172204,0.14366895819594322,0.15909335152081458,ESTIMATED,,4770,253,4071,2000,2000,1900,outcome_stratified_patient_group_cluster,20260710,1656443772,0.15137196976172204
medicine_P3_logistic_l2,medicine,P3,logistic_l2,,overall,medicine,validation_2024,exact_current_cohort,4770,7960c3127977b086d8b2ebc49273972f5e3d48dcd91fc5bce3bebfb2b4b8d464,AUROC,0.8106573235410189,0.7748122889611079,0.844980078965397,ESTIMATED,,4770,253,4071,2000,2000,1900,outcome_stratified_patient_group_cluster,20260710,1208759194,0.8106573235410189
medicine_P3_logistic_l2,medicine,P3,logistic_l2,,overall,medicine,validation_2024,exact_current_cohort,4770,7960c3127977b086d8b2ebc49273972f5e3d48dcd91fc5bce3bebfb2b4b8d464,AUPRC,0.29547384649362857,0.24920866572712702,0.35778988040778986,ESTIMATED,,4770,253,4071,2000,2000,1900,outcome_stratified_patient_group_cluster,20260710,1208759194,0.29547384649362857
medicine_P3_logistic_l2,medicine,P3,logistic_l2,,overall,medicine,validation_2024,exact_current_cohort,4770,7960c3127977b086d8b2ebc49273972f5e3d48dcd91fc5bce3bebfb2b4b8d464,Brier,0.15134487996011015,0.14367400416222653,0.15884563188777456,ESTIMATED,,4770,253,4071,2000,2000,1900,outcome_stratified_patient_group_cluster,20260710,1208759194,0.15134487996011015
medicine_P3_score_NEWS2,medicine,P3,score_NEWS2,,overall,medicine,validation_2024,score_component_available_subset_of_current_cohort,4770,88c03a43fd63f9f7b0f8049a1de628d3144d74d2d7666f40a8f1bd4b3f5739bd,AUROC,0.6493992148154023,0.6039530858945912,0.6932801529405157,ESTIMATED,,986,151,886,2000,2000,1900,outcome_stratified_patient_group_cluster,20260710,2194637103,0.6493992148154023
medicine_P3_score_NEWS2,medicine,P3,score_NEWS2,,overall,medicine,validation_2024,score_component_available_subset_of_current_cohort,4770,88c03a43fd63f9f7b0f8049a1de628d3144d74d2d7666f40a8f1bd4b3f5739bd,AUPRC,0.2227407644793507,0.19116741087061073,0.2711085973790323,ESTIMATED,,986,151,886,2000,2000,1900,outcome_stratified_patient_group_cluster,20260710,2194637103,0.2227407644793507
medicine_P3_score_NEWS2,medicine,P3,score_NEWS2,,overall,medicine,validation_2024,score_component_available_subset_of_current_cohort,4770,88c03a43fd63f9f7b0f8049a1de628d3144d74d2d7666f40a8f1bd4b3f5739bd,Brier,0.2322752351186165,0.22191559580594034,0.24335632408263028,ESTIMATED,,986,151,886,2000,2000,1900,outcome_stratified_patient_group_cluster,20260710,2194637103,0.2322752351186165
medicine_P3_score_rSIG,medicine,P3,score_rSIG,,overall,medicine,validation_2024,score_component_available_subset_of_current_cohort,4770,98e76858e58f643d05d48cbaceb02e25743f80a46ee195958b082c24bb41fd1b,AUROC,0.6908189461840377,0.648999212548441,0.7314833858737122,ESTIMATED,,4572,209,3920,2000,2000,1900,outcome_stratified_patient_group_cluster,20260710,2711387633,0.6908189461840377
medicine_P3_score_rSIG,medicine,P3,score_rSIG,,overall,medicine,validation_2024,score_component_available_subset_of_current_cohort,4770,98e76858e58f643d05d48cbaceb02e25743f80a46ee195958b082c24bb41fd1b,AUPRC,0.1384318192942457,0.1113091042880846,0.17901932969979925,ESTIMATED,,4572,209,3920,2000,2000,1900,outcome_stratified_patient_group_cluster,20260710,2711387633,0.1384318192942457
medicine_P3_score_rSIG,medicine,P3,score_rSIG,,overall,medicine,validation_2024,score_component_available_subset_of_current_cohort,4770,98e76858e58f643d05d48cbaceb02e25743f80a46ee195958b082c24bb41fd1b,Brier,0.2311886844118918,0.2261416424455188,0.23636200011197928,ESTIMATED,,4572,209,3920,2000,2000,1900,outcome_stratified_patient_group_cluster,20260710,2711387633,0.2311886844118918
medicine_P3_score_rSIG_Age,medicine,P3,score_rSIG_Age,,overall,medicine,validation_2024,score_component_available_subset_of_current_cohort,4770,b142c734ff665a9dcf5ccfad408f4f85c042489c496bbf4221e3dc65db87befe,AUROC,0.7189812782581977,0.6833067576209599,0.7530955571819282,ESTIMATED,,4569,209,3917,2000,2000,1900,outcome_stratified_patient_group_cluster,20260710,1915839280,0.7189812782581977
medicine_P3_score_rSIG_Age,medicine,P3,score_rSIG_Age,,overall,medicine,validation_2024,score_component_available_subset_of_current_cohort,4770,b142c734ff665a9dcf5ccfad408f4f85c042489c496bbf4221e3dc65db87befe,AUPRC,0.12233800767818129,0.0995882891982605,0.15761622289913063,ESTIMATED,,4569,209,3917,2000,2000,1900,outcome_stratified_patient_group_cluster,20260710,1915839280,0.12233800767818129
medicine_P3_score_rSIG_Age,medicine,P3,score_rSIG_Age,,overall,medicine,validation_2024,score_component_available_subset_of_current_cohort,4770,b142c734ff665a9dcf5ccfad408f4f85c042489c496bbf4221e3dc65db87befe,Brier,0.2510115437081204,0.24488561919388266,0.2571026452274262,ESTIMATED,,4569,209,3917,2000,2000,1900,outcome_stratified_patient_group_cluster,20260710,1915839280,0.2510115437081204
medicine_P3_score_SIA_G,medicine,P3,score_SIA_G,,overall,medicine,validation_2024,score_component_available_subset_of_current_cohort,4770,b142c734ff665a9dcf5ccfad408f4f85c042489c496bbf4221e3dc65db87befe,AUROC,0.7189873139897283,0.6835675972363431,0.7550271258091618,ESTIMATED,,4569,209,3917,2000,2000,1900,outcome_stratified_patient_group_cluster,20260710,2377247751,0.7189873139897283
medicine_P3_score_SIA_G,medicine,P3,score_SIA_G,,overall,medicine,validation_2024,score_component_available_subset_of_current_cohort,4770,b142c734ff665a9dcf5ccfad408f4f85c042489c496bbf4221e3dc65db87befe,AUPRC,0.12233847557137183,0.10012592385562141,0.1606190603502855,ESTIMATED,,4569,209,3917,2000,2000,1900,outcome_stratified_patient_group_cluster,20260710,2377247751,0.12233847557137183
medicine_P3_score_SIA_G,medicine,P3,score_SIA_G,,overall,medicine,validation_2024,score_component_available_subset_of_current_cohort,4770,b142c734ff665a9dcf5ccfad408f4f85c042489c496bbf4221e3dc65db87befe,Brier,0.2151472800826457,0.2090273104730524,0.22078690948678484,ESTIMATED,,4569,209,3917,2000,2000,1900,outcome_stratified_patient_group_cluster,20260710,2377247751,0.2151472800826457
medicine_P3_score_SI_G,medicine,P3,score_SI_G,,overall,medicine,validation_2024,score_component_available_subset_of_current_cohort,4770,98e76858e58f643d05d48cbaceb02e25743f80a46ee195958b082c24bb41fd1b,AUROC,0.6908090763236305,0.6491680495006747,0.7322600569634139,ESTIMATED,,4572,209,3920,2000,2000,1900,outcome_stratified_patient_group_cluster,20260710,2157156794,0.6908090763236305
medicine_P3_score_SI_G,medicine,P3,score_SI_G,,overall,medicine,validation_2024,score_component_available_subset_of_current_cohort,4770,98e76858e58f643d05d48cbaceb02e25743f80a46ee195958b082c24bb41fd1b,AUPRC,0.1384330703997246,0.11076957457310853,0.18128330694152953,ESTIMATED,,4572,209,3920,2000,2000,1900,outcome_stratified_patient_group_cluster,20260710,2157156794,0.1384330703997246
medicine_P3_score_SI_G,medicine,P3,score_SI_G,,overall,medicine,validation_2024,score_component_available_subset_of_current_cohort,4770,98e76858e58f643d05d48cbaceb02e25743f80a46ee195958b082c24bb41fd1b,Brier,0.2063073501028773,0.20119103489152831,0.21109413193884174,ESTIMATED,,4572,209,3920,2000,2000,1900,outcome_stratified_patient_group_cluster,20260710,2157156794,0.2063073501028773
medicine_P3_score_SI,medicine,P3,score_SI,,overall,medicine,validation_2024,score_component_available_subset_of_current_cohort,4770,0ab2354f3d43a9665c0585455f6777c391ac11abecbe02c6911b0c08220b52ff,AUROC,0.5812053339091059,0.5348918086962905,0.6256984464635773,ESTIMATED,,4626,223,3949,2000,2000,1900,outcome_stratified_patient_group_cluster,20260710,79115498,0.5812053339091059
medicine_P3_score_SI,medicine,P3,score_SI,,overall,medicine,validation_2024,score_component_available_subset_of_current_cohort,4770,0ab2354f3d43a9665c0585455f6777c391ac11abecbe02c6911b0c08220b52ff,AUPRC,0.07932610288368239,0.06584417090218533,0.10109715161696303,ESTIMATED,,4626,223,3949,2000,2000,1900,outcome_stratified_patient_group_cluster,20260710,79115498,0.07932610288368239
medicine_P3_score_SI,medicine,P3,score_SI,,overall,medicine,validation_2024,score_component_available_subset_of_current_cohort,4770,0ab2354f3d43a9665c0585455f6777c391ac11abecbe02c6911b0c08220b52ff,Brier,0.25315592449536034,0.25031074205999887,0.2556836244708186,ESTIMATED,,4626,223,3949,2000,2000,1900,outcome_stratified_patient_group_cluster,20260710,79115498,0.25315592449536034
medicine_P3_score_mSI,medicine,P3,score_mSI,,overall,medicine,validation_2024,score_component_available_subset_of_current_cohort,4770,16a58766becef016afc355b385465e1fbd58c33007a151d81108f4d70c979f10,AUROC,0.5721924675068502,0.5237615534620794,0.621728730812749,ESTIMATED,,4006,183,3427,2000,2000,1900,outcome_stratified_patient_group_cluster,20260710,1566568457,0.5721924675068502
medicine_P3_score_mSI,medicine,P3,score_mSI,,overall,medicine,validation_2024,score_component_available_subset_of_current_cohort,4770,16a58766becef016afc355b385465e1fbd58c33007a151d81108f4d70c979f10,AUPRC,0.07891678503971349,0.06347370277687753,0.10926543543310498,ESTIMATED,,4006,183,3427,2000,2000,1900,outcome_stratified_patient_group_cluster,20260710,1566568457,0.07891678503971349
medicine_P3_score_mSI,medicine,P3,score_mSI,,overall,medicine,validation_2024,score_component_available_subset_of_current_cohort,4770,16a58766becef016afc355b385465e1fbd58c33007a151d81108f4d70c979f10,Brier,0.24841871186014086,0.24591923075078534,0.25085766465353104,ESTIMATED,,4006,183,3427,2000,2000,1900,outcome_stratified_patient_group_cluster,20260710,1566568457,0.24841871186014086
medicine_P3_score_aSI,medicine,P3,score_aSI,,overall,medicine,validation_2024,score_component_available_subset_of_current_cohort,4770,1014b45c25e6bd3b6cb572e528182234d15808c04aab1b2caff8682d103c0a2b,AUROC,0.6183953322462291,0.5798522827697864,0.6563112986756254,ESTIMATED,,4623,223,3946,2000,2000,1900,outcome_stratified_patient_group_cluster,20260710,3677189612,0.6183953322462291
medicine_P3_score_aSI,medicine,P3,score_aSI,,overall,medicine,validation_2024,score_component_available_subset_of_current_cohort,4770,1014b45c25e6bd3b6cb572e528182234d15808c04aab1b2caff8682d103c0a2b,AUPRC,0.07773727009897877,0.06614894368415343,0.09946680381270162,ESTIMATED,,4623,223,3946,2000,2000,1900,outcome_stratified_patient_group_cluster,20260710,3677189612,0.07773727009897877
medicine_P3_score_aSI,medicine,P3,score_aSI,,overall,medicine,validation_2024,score_component_available_subset_of_current_cohort,4770,1014b45c25e6bd3b6cb572e528182234d15808c04aab1b2caff8682d103c0a2b,Brier,0.26548879293856814,0.2605190845344506,0.27068399462859566,ESTIMATED,,4623,223,3946,2000,2000,1900,outcome_stratified_patient_group_cluster,20260710,3677189612,0.26548879293856814
medicine_P3_score_rSI,medicine,P3,score_rSI,,overall,medicine,validation_2024,score_component_available_subset_of_current_cohort,4770,0ab2354f3d43a9665c0585455f6777c391ac11abecbe02c6911b0c08220b52ff,AUROC,0.5812053339091059,0.538885484311774,0.621996081117055,ESTIMATED,,4626,223,3949,2000,2000,1900,outcome_stratified_patient_group_cluster,20260710,4148411289,0.5812053339091059
medicine_P3_score_rSI,medicine,P3,score_rSI,,overall,medicine,validation_2024,score_component_available_subset_of_current_cohort,4770,0ab2354f3d43a9665c0585455f6777c391ac11abecbe02c6911b0c08220b52ff,AUPRC,0.07932610288368239,0.06602473872863993,0.10061236229027086,ESTIMATED,,4626,223,3949,2000,2000,1900,outcome_stratified_patient_group_cluster,20260710,4148411289,0.07932610288368239
medicine_P3_score_rSI,medicine,P3,score_rSI,,overall,medicine,validation_2024,score_component_available_subset_of_current_cohort,4770,0ab2354f3d43a9665c0585455f6777c391ac11abecbe02c6911b0c08220b52ff,Brier,0.2525946994578142,0.25140154143709603,0.2538563335792302,ESTIMATED,,4626,223,3949,2000,2000,1900,outcome_stratified_patient_group_cluster,20260710,4148411289,0.2525946994578142
medicine_P3_score_rSI_sMS,medicine,P3,score_rSI_sMS,,overall,medicine,validation_2024,score_component_available_subset_of_current_cohort,4770,77519c9971be80a4af703a85c57f61fdb4819a447cabd6242beed24218abe7ea,AUROC,0.6855082889186803,0.64192852448755,0.7264747945247736,ESTIMATED,,4579,210,3923,2000,2000,1900,outcome_stratified_patient_group_cluster,20260710,523370579,0.6855082889186803
medicine_P3_score_rSI_sMS,medicine,P3,score_rSI_sMS,,overall,medicine,validation_2024,score_component_available_subset_of_current_cohort,4770,77519c9971be80a4af703a85c57f61fdb4819a447cabd6242beed24218abe7ea,AUPRC,0.11817649257884025,0.09578966380400859,0.15155141319301954,ESTIMATED,,4579,210,3923,2000,2000,1900,outcome_stratified_patient_group_cluster,20260710,523370579,0.11817649257884025
medicine_P3_score_rSI_sMS,medicine,P3,score_rSI_sMS,,overall,medicine,validation_2024,score_component_available_subset_of_current_cohort,4770,77519c9971be80a4af703a85c57f61fdb4819a447cabd6242beed24218abe7ea,Brier,0.23725301849478106,0.23214402664234554,0.24249643067468948,ESTIMATED,,4579,210,3923,2000,2000,1900,outcome_stratified_patient_group_cluster,20260710,523370579,0.23725301849478106
medicine_P3_score_rSI_GCSM,medicine,P3,score_rSI_GCSM,,overall,medicine,validation_2024,score_component_available_subset_of_current_cohort,4770,77519c9971be80a4af703a85c57f61fdb4819a447cabd6242beed24218abe7ea,AUROC,0.6735206923236221,0.631896552877931,0.7160668265913648,ESTIMATED,,4579,210,3923,2000,2000,1900,outcome_stratified_patient_group_cluster,20260710,1615724807,0.6735206923236221
medicine_P3_score_rSI_GCSM,medicine,P3,score_rSI_GCSM,,overall,medicine,validation_2024,score_component_available_subset_of_current_cohort,4770,77519c9971be80a4af703a85c57f61fdb4819a447cabd6242beed24218abe7ea,AUPRC,0.13005131682982665,0.10358078463489676,0.17164106890582423,ESTIMATED,,4579,210,3923,2000,2000,1900,outcome_stratified_patient_group_cluster,20260710,1615724807,0.13005131682982665
medicine_P3_score_rSI_GCSM,medicine,P3,score_rSI_GCSM,,overall,medicine,validation_2024,score_component_available_subset_of_current_cohort,4770,77519c9971be80a4af703a85c57f61fdb4819a447cabd6242beed24218abe7ea,Brier,0.23390332506081177,0.22926518922124725,0.23897499388126756,ESTIMATED,,4579,210,3923,2000,2000,1900,outcome_stratified_patient_group_cluster,20260710,1615724807,0.23390332506081177
medicine_P3_score_SIAVPU,medicine,P3,score_SIAVPU,,overall,medicine,validation_2024,score_component_available_subset_of_current_cohort,4770,0ab2354f3d43a9665c0585455f6777c391ac11abecbe02c6911b0c08220b52ff,AUROC,0.5680747635377021,0.5200768149802869,0.6131141380440908,ESTIMATED,,4626,223,3949,2000,2000,1900,outcome_stratified_patient_group_cluster,20260710,2090456221,0.5680747635377021
medicine_P3_score_SIAVPU,medicine,P3,score_SIAVPU,,overall,medicine,validation_2024,score_component_available_subset_of_current_cohort,4770,0ab2354f3d43a9665c0585455f6777c391ac11abecbe02c6911b0c08220b52ff,AUPRC,0.13510534828129622,0.0992518171058613,0.18170237716854298,ESTIMATED,,4626,223,3949,2000,2000,1900,outcome_stratified_patient_group_cluster,20260710,2090456221,0.13510534828129622
medicine_P3_score_SIAVPU,medicine,P3,score_SIAVPU,,overall,medicine,validation_2024,score_component_available_subset_of_current_cohort,4770,0ab2354f3d43a9665c0585455f6777c391ac11abecbe02c6911b0c08220b52ff,Brier,0.23920563652895063,0.23761344492855158,0.24084980395166156,ESTIMATED,,4626,223,3949,2000,2000,1900,outcome_stratified_patient_group_cluster,20260710,2090456221,0.23920563652895063
medicine_P3_score_sMS,medicine,P3,score_sMS,,overall,medicine,validation_2024,score_component_available_subset_of_current_cohort,4770,9e0b0ccdf19e7c79e23643be95c739b83926768acce4ddae6b3d4f227976be51,AUROC,0.6604840754393151,0.6275796716861732,0.6941148817761228,ESTIMATED,,4585,211,3926,2000,2000,1900,outcome_stratified_patient_group_cluster,20260710,3462617558,0.6604840754393151
medicine_P3_score_sMS,medicine,P3,score_sMS,,overall,medicine,validation_2024,score_component_available_subset_of_current_cohort,4770,9e0b0ccdf19e7c79e23643be95c739b83926768acce4ddae6b3d4f227976be51,AUPRC,0.09582580852608039,0.0801577798546872,0.11457126774498268,ESTIMATED,,4585,211,3926,2000,2000,1900,outcome_stratified_patient_group_cluster,20260710,3462617558,0.09582580852608039
medicine_P3_score_sMS,medicine,P3,score_sMS,,overall,medicine,validation_2024,score_component_available_subset_of_current_cohort,4770,9e0b0ccdf19e7c79e23643be95c739b83926768acce4ddae6b3d4f227976be51,Brier,0.2045102003004181,0.1985503499479978,0.21061417493491064,ESTIMATED,,4585,211,3926,2000,2000,1900,outcome_stratified_patient_group_cluster,20260710,3462617558,0.2045102003004181
medicine_P3_score_qSOFA,medicine,P3,score_qSOFA,,overall,medicine,validation_2024,score_component_available_subset_of_current_cohort,4770,0ab2354f3d43a9665c0585455f6777c391ac11abecbe02c6911b0c08220b52ff,AUROC,0.7333722726758864,0.7005178099789275,0.764865400895894,ESTIMATED,,4626,223,3949,2000,2000,1900,outcome_stratified_patient_group_cluster,20260710,2832558013,0.7333722726758864
medicine_P3_score_qSOFA,medicine,P3,score_qSOFA,,overall,medicine,validation_2024,score_component_available_subset_of_current_cohort,4770,0ab2354f3d43a9665c0585455f6777c391ac11abecbe02c6911b0c08220b52ff,AUPRC,0.10531672383634647,0.09070503111039273,0.12511332640403713,ESTIMATED,,4626,223,3949,2000,2000,1900,outcome_stratified_patient_group_cluster,20260710,2832558013,0.10531672383634647
medicine_P3_score_qSOFA,medicine,P3,score_qSOFA,,overall,medicine,validation_2024,score_component_available_subset_of_current_cohort,4770,0ab2354f3d43a9665c0585455f6777c391ac11abecbe02c6911b0c08220b52ff,Brier,0.23184759580290878,0.22372922445887675,0.2399826445034857,ESTIMATED,,4626,223,3949,2000,2000,1900,outcome_stratified_patient_group_cluster,20260710,2832558013,0.23184759580290878
medicine_P3_score_MEWS,medicine,P3,score_MEWS,,overall,medicine,validation_2024,score_component_available_subset_of_current_cohort,4770,0ab2354f3d43a9665c0585455f6777c391ac11abecbe02c6911b0c08220b52ff,AUROC,0.7641401245991064,0.7317262718716447,0.7961168520522016,ESTIMATED,,4626,223,3949,2000,2000,1900,outcome_stratified_patient_group_cluster,20260710,314394549,0.7641401245991064
medicine_P3_score_MEWS,medicine,P3,score_MEWS,,overall,medicine,validation_2024,score_component_available_subset_of_current_cohort,4770,0ab2354f3d43a9665c0585455f6777c391ac11abecbe02c6911b0c08220b52ff,AUPRC,0.133913766699458,0.11272960102947717,0.16617333514661334,ESTIMATED,,4626,223,3949,2000,2000,1900,outcome_stratified_patient_group_cluster,20260710,314394549,0.133913766699458
medicine_P3_score_MEWS,medicine,P3,score_MEWS,,overall,medicine,validation_2024,score_component_available_subset_of_current_cohort,4770,0ab2354f3d43a9665c0585455f6777c391ac11abecbe02c6911b0c08220b52ff,Brier,0.20555600939873833,0.19876238361592674,0.2124325874546676,ESTIMATED,,4626,223,3949,2000,2000,1900,outcome_stratified_patient_group_cluster,20260710,314394549,0.20555600939873833
medicine_P3_score_REMS,medicine,P3,score_REMS,,overall,medicine,validation_2024,score_component_available_subset_of_current_cohort,4770,27addfbae90d58a06415d5db624699991999424dd5659b5df0eee6bf8c38cc3b,AUROC,0.7220729169224724,0.681396552854799,0.7598908763757085,ESTIMATED,,3960,172,3400,2000,2000,1900,outcome_stratified_patient_group_cluster,20260710,3596032166,0.7220729169224724
medicine_P3_score_REMS,medicine,P3,score_REMS,,overall,medicine,validation_2024,score_component_available_subset_of_current_cohort,4770,27addfbae90d58a06415d5db624699991999424dd5659b5df0eee6bf8c38cc3b,AUPRC,0.11813182605503243,0.09229173829097563,0.16091654184342336,ESTIMATED,,3960,172,3400,2000,2000,1900,outcome_stratified_patient_group_cluster,20260710,3596032166,0.11813182605503243
medicine_P3_score_REMS,medicine,P3,score_REMS,,overall,medicine,validation_2024,score_component_available_subset_of_current_cohort,4770,27addfbae90d58a06415d5db624699991999424dd5659b5df0eee6bf8c38cc3b,Brier,0.2283459873407243,0.2211723782667298,0.23578202399843254,ESTIMATED,,3960,172,3400,2000,2000,1900,outcome_stratified_patient_group_cluster,20260710,3596032166,0.2283459873407243
medicine_P3_score_RTS,medicine,P3,score_RTS,,overall,medicine,validation_2024,score_component_available_subset_of_current_cohort,4770,98e76858e58f643d05d48cbaceb02e25743f80a46ee195958b082c24bb41fd1b,AUROC,0.6826817946038184,0.647950338558769,0.7205941045290729,ESTIMATED,,4572,209,3920,2000,2000,1900,outcome_stratified_patient_group_cluster,20260710,2952983090,0.6826817946038184
medicine_P3_score_RTS,medicine,P3,score_RTS,,overall,medicine,validation_2024,score_component_available_subset_of_current_cohort,4770,98e76858e58f643d05d48cbaceb02e25743f80a46ee195958b082c24bb41fd1b,AUPRC,0.1309492012806989,0.10464729116142835,0.17142190236162846,ESTIMATED,,4572,209,3920,2000,2000,1900,outcome_stratified_patient_group_cluster,20260710,2952983090,0.1309492012806989
medicine_P3_score_RTS,medicine,P3,score_RTS,,overall,medicine,validation_2024,score_component_available_subset_of_current_cohort,4770,98e76858e58f643d05d48cbaceb02e25743f80a46ee195958b082c24bb41fd1b,Brier,0.19165202626705374,0.1862573601624028,0.1973237736241258,ESTIMATED,,4572,209,3920,2000,2000,1900,outcome_stratified_patient_group_cluster,20260710,2952983090,0.19165202626705374
medicine_P3_score_rSI_GCS_alias,medicine,P3,score_rSI_GCS_alias,score_rSIG,overall,medicine,validation_2024,score_component_available_subset_of_current_cohort,4770,98e76858e58f643d05d48cbaceb02e25743f80a46ee195958b082c24bb41fd1b,AUROC,0.6908189461840377,0.648999212548441,0.7314833858737122,ESTIMATED,,4572,209,3920,2000,2000,1900,outcome_stratified_patient_group_cluster,20260710,2711387633,0.6908189461840377
medicine_P3_score_rSI_GCS_alias,medicine,P3,score_rSI_GCS_alias,score_rSIG,overall,medicine,validation_2024,score_component_available_subset_of_current_cohort,4770,98e76858e58f643d05d48cbaceb02e25743f80a46ee195958b082c24bb41fd1b,AUPRC,0.1384318192942457,0.1113091042880846,0.17901932969979925,ESTIMATED,,4572,209,3920,2000,2000,1900,outcome_stratified_patient_group_cluster,20260710,2711387633,0.1384318192942457
medicine_P3_score_rSI_GCS_alias,medicine,P3,score_rSI_GCS_alias,score_rSIG,overall,medicine,validation_2024,score_component_available_subset_of_current_cohort,4770,98e76858e58f643d05d48cbaceb02e25743f80a46ee195958b082c24bb41fd1b,Brier,0.2311886844118918,0.2261416424455188,0.23636200011197928,ESTIMATED,,4572,209,3920,2000,2000,1900,outcome_stratified_patient_group_cluster,20260710,2711387633,0.2311886844118918
medicine_P3_knn_classifier,medicine,P3,knn_classifier,,medicine,medicine,validation_2024,exact_current_cohort,4770,7960c3127977b086d8b2ebc49273972f5e3d48dcd91fc5bce3bebfb2b4b8d464,AUROC,0.8265078521982392,0.7975747255297275,0.8535645387897381,ESTIMATED,,4770,253,4071,2000,2000,1900,outcome_stratified_patient_group_cluster,20260710,2882945257,0.8265078521982392
medicine_P3_knn_classifier,medicine,P3,knn_classifier,,medicine,medicine,validation_2024,exact_current_cohort,4770,7960c3127977b086d8b2ebc49273972f5e3d48dcd91fc5bce3bebfb2b4b8d464,AUPRC,0.2898646695151172,0.24326927444100177,0.3509734692067319,ESTIMATED,,4770,253,4071,2000,2000,1900,outcome_stratified_patient_group_cluster,20260710,2882945257,0.2898646695151172
medicine_P3_knn_classifier,medicine,P3,knn_classifier,,medicine,medicine,validation_2024,exact_current_cohort,4770,7960c3127977b086d8b2ebc49273972f5e3d48dcd91fc5bce3bebfb2b4b8d464,Brier,0.0432493613302772,0.04146914459289599,0.04506722590428071,ESTIMATED,,4770,253,4071,2000,2000,1900,outcome_stratified_patient_group_cluster,20260710,2882945257,0.0432493613302772
medicine_S1_decision_tree,medicine,S1,decision_tree,,overall,medicine,validation_2024,exact_current_cohort,4770,7960c3127977b086d8b2ebc49273972f5e3d48dcd91fc5bce3bebfb2b4b8d464,AUROC,0.8335327821293879,0.7930896288328003,0.8702507330779551,ESTIMATED,,4770,174,4071,2000,2000,1900,outcome_stratified_patient_group_cluster,20260710,955836307,0.8335327821293879
medicine_S1_decision_tree,medicine,S1,decision_tree,,overall,medicine,validation_2024,exact_current_cohort,4770,7960c3127977b086d8b2ebc49273972f5e3d48dcd91fc5bce3bebfb2b4b8d464,AUPRC,0.26201386450998215,0.20824399852458403,0.3238908754153059,ESTIMATED,,4770,174,4071,2000,2000,1900,outcome_stratified_patient_group_cluster,20260710,955836307,0.26201386450998215
medicine_S1_decision_tree,medicine,S1,decision_tree,,overall,medicine,validation_2024,exact_current_cohort,4770,7960c3127977b086d8b2ebc49273972f5e3d48dcd91fc5bce3bebfb2b4b8d464,Brier,0.17883509293639155,0.17005933478516647,0.18741578273995743,ESTIMATED,,4770,174,4071,2000,2000,1900,outcome_stratified_patient_group_cluster,20260710,955836307,0.17883509293639155
medicine_S1_random_forest,medicine,S1,random_forest,,overall,medicine,validation_2024,exact_current_cohort,4770,7960c3127977b086d8b2ebc49273972f5e3d48dcd91fc5bce3bebfb2b4b8d464,AUROC,0.9084223662755219,0.886764747056231,0.927219840325879,ESTIMATED,,4770,174,4071,2000,2000,1900,outcome_stratified_patient_group_cluster,20260710,1940162503,0.9084223662755219
medicine_S1_random_forest,medicine,S1,random_forest,,overall,medicine,validation_2024,exact_current_cohort,4770,7960c3127977b086d8b2ebc49273972f5e3d48dcd91fc5bce3bebfb2b4b8d464,AUPRC,0.41494973153395753,0.35030989592251116,0.4877240693306037,ESTIMATED,,4770,174,4071,2000,2000,1900,outcome_stratified_patient_group_cluster,20260710,1940162503,0.41494973153395753
medicine_S1_random_forest,medicine,S1,random_forest,,overall,medicine,validation_2024,exact_current_cohort,4770,7960c3127977b086d8b2ebc49273972f5e3d48dcd91fc5bce3bebfb2b4b8d464,Brier,0.052632438660369096,0.04909551069164581,0.05607739962733673,ESTIMATED,,4770,174,4071,2000,2000,1900,outcome_stratified_patient_group_cluster,20260710,1940162503,0.052632438660369096
medicine_S1_balanced_random_forest,medicine,S1,balanced_random_forest,,overall,medicine,validation_2024,exact_current_cohort,4770,7960c3127977b086d8b2ebc49273972f5e3d48dcd91fc5bce3bebfb2b4b8d464,AUROC,0.8992064563888639,0.8766432098545267,0.92109157721382,ESTIMATED,,4770,174,4071,2000,2000,1900,outcome_stratified_patient_group_cluster,20260710,3138632323,0.8992064563888639
medicine_S1_balanced_random_forest,medicine,S1,balanced_random_forest,,overall,medicine,validation_2024,exact_current_cohort,4770,7960c3127977b086d8b2ebc49273972f5e3d48dcd91fc5bce3bebfb2b4b8d464,AUPRC,0.3603071993124799,0.2977452299833728,0.4349934717011101,ESTIMATED,,4770,174,4071,2000,2000,1900,outcome_stratified_patient_group_cluster,20260710,3138632323,0.3603071993124799
medicine_S1_balanced_random_forest,medicine,S1,balanced_random_forest,,overall,medicine,validation_2024,exact_current_cohort,4770,7960c3127977b086d8b2ebc49273972f5e3d48dcd91fc5bce3bebfb2b4b8d464,Brier,0.17868872653083673,0.17175794439180095,0.18540601339679935,ESTIMATED,,4770,174,4071,2000,2000,1900,outcome_stratified_patient_group_cluster,20260710,3138632323,0.17868872653083673
medicine_S1_svm_rbf,medicine,S1,svm_rbf,,overall,medicine,validation_2024,exact_current_cohort,4770,7960c3127977b086d8b2ebc49273972f5e3d48dcd91fc5bce3bebfb2b4b8d464,AUROC,0.8459580044616508,0.8206451325355966,0.8695024845821971,ESTIMATED,,4770,174,4071,2000,2000,1900,outcome_stratified_patient_group_cluster,20260710,3050794252,0.8459580044616508
medicine_S1_svm_rbf,medicine,S1,svm_rbf,,overall,medicine,validation_2024,exact_current_cohort,4770,7960c3127977b086d8b2ebc49273972f5e3d48dcd91fc5bce3bebfb2b4b8d464,AUPRC,0.16948388748192406,0.13783626993863274,0.22107090485388156,ESTIMATED,,4770,174,4071,2000,2000,1900,outcome_stratified_patient_group_cluster,20260710,3050794252,0.16948388748192406
medicine_S1_svm_rbf,medicine,S1,svm_rbf,,overall,medicine,validation_2024,exact_current_cohort,4770,7960c3127977b086d8b2ebc49273972f5e3d48dcd91fc5bce3bebfb2b4b8d464,Brier,0.033078341224510886,0.031979793013515036,0.034107226889328005,ESTIMATED,,4770,174,4071,2000,2000,1900,outcome_stratified_patient_group_cluster,20260710,3050794252,0.033078341224510886
medicine_S1_logistic_l1,medicine,S1,logistic_l1,,overall,medicine,validation_2024,exact_current_cohort,4770,7960c3127977b086d8b2ebc49273972f5e3d48dcd91fc5bce3bebfb2b4b8d464,AUROC,0.8486014825485431,0.8115069226305066,0.8819010469778964,ESTIMATED,,4770,174,4071,2000,2000,1900,outcome_stratified_patient_group_cluster,20260710,4056386992,0.8486014825485431
medicine_S1_logistic_l1,medicine,S1,logistic_l1,,overall,medicine,validation_2024,exact_current_cohort,4770,7960c3127977b086d8b2ebc49273972f5e3d48dcd91fc5bce3bebfb2b4b8d464,AUPRC,0.3294291163030018,0.2650400512116571,0.3981410243789059,ESTIMATED,,4770,174,4071,2000,2000,1900,outcome_stratified_patient_group_cluster,20260710,4056386992,0.3294291163030018
medicine_S1_logistic_l1,medicine,S1,logistic_l1,,overall,medicine,validation_2024,exact_current_cohort,4770,7960c3127977b086d8b2ebc49273972f5e3d48dcd91fc5bce3bebfb2b4b8d464,Brier,0.14936526827106045,0.14089616392057622,0.1576831591810207,ESTIMATED,,4770,174,4071,2000,2000,1900,outcome_stratified_patient_group_cluster,20260710,4056386992,0.14936526827106045
medicine_S1_logistic_l2,medicine,S1,logistic_l2,,overall,medicine,validation_2024,exact_current_cohort,4770,7960c3127977b086d8b2ebc49273972f5e3d48dcd91fc5bce3bebfb2b4b8d464,AUROC,0.8388966417574504,0.7992811386897715,0.8757393364768715,ESTIMATED,,4770,174,4071,2000,2000,1900,outcome_stratified_patient_group_cluster,20260710,653504219,0.8388966417574504
medicine_S1_logistic_l2,medicine,S1,logistic_l2,,overall,medicine,validation_2024,exact_current_cohort,4770,7960c3127977b086d8b2ebc49273972f5e3d48dcd91fc5bce3bebfb2b4b8d464,AUPRC,0.3154439914102826,0.2549764843599221,0.3894776608190658,ESTIMATED,,4770,174,4071,2000,2000,1900,outcome_stratified_patient_group_cluster,20260710,653504219,0.3154439914102826
medicine_S1_logistic_l2,medicine,S1,logistic_l2,,overall,medicine,validation_2024,exact_current_cohort,4770,7960c3127977b086d8b2ebc49273972f5e3d48dcd91fc5bce3bebfb2b4b8d464,Brier,0.1494897308282011,0.14141827307021243,0.15806793186506535,ESTIMATED,,4770,174,4071,2000,2000,1900,outcome_stratified_patient_group_cluster,20260710,653504219,0.1494897308282011
medicine_S1_score_NEWS2,medicine,S1,score_NEWS2,,overall,medicine,validation_2024,score_component_available_subset_of_current_cohort,4770,88c03a43fd63f9f7b0f8049a1de628d3144d74d2d7666f40a8f1bd4b3f5739bd,AUROC,0.682842377260982,0.6238489606716351,0.7357870615915393,ESTIMATED,,986,86,886,2000,2000,1900,outcome_stratified_patient_group_cluster,20260710,465966927,0.682842377260982
medicine_S1_score_NEWS2,medicine,S1,score_NEWS2,,overall,medicine,validation_2024,score_component_available_subset_of_current_cohort,4770,88c03a43fd63f9f7b0f8049a1de628d3144d74d2d7666f40a8f1bd4b3f5739bd,AUPRC,0.15958237530809652,0.12459112926847025,0.21423973680862174,ESTIMATED,,986,86,886,2000,2000,1900,outcome_stratified_patient_group_cluster,20260710,465966927,0.15958237530809652
medicine_S1_score_NEWS2,medicine,S1,score_NEWS2,,overall,medicine,validation_2024,score_component_available_subset_of_current_cohort,4770,88c03a43fd63f9f7b0f8049a1de628d3144d74d2d7666f40a8f1bd4b3f5739bd,Brier,0.2236252034198327,0.21292430145028474,0.23480934207698542,ESTIMATED,,986,86,886,2000,2000,1900,outcome_stratified_patient_group_cluster,20260710,465966927,0.2236252034198327
medicine_S1_score_rSIG,medicine,S1,score_rSIG,,overall,medicine,validation_2024,score_component_available_subset_of_current_cohort,4770,98e76858e58f643d05d48cbaceb02e25743f80a46ee195958b082c24bb41fd1b,AUROC,0.7910609399595232,0.7446232024349569,0.8353823125374054,ESTIMATED,,4572,125,3920,2000,2000,1900,outcome_stratified_patient_group_cluster,20260710,2390412147,0.7910609399595232
medicine_S1_score_rSIG,medicine,S1,score_rSIG,,overall,medicine,validation_2024,score_component_available_subset_of_current_cohort,4770,98e76858e58f643d05d48cbaceb02e25743f80a46ee195958b082c24bb41fd1b,AUPRC,0.11626919542371023,0.09328314328418788,0.15690907299072124,ESTIMATED,,4572,125,3920,2000,2000,1900,outcome_stratified_patient_group_cluster,20260710,2390412147,0.11626919542371023
medicine_S1_score_rSIG,medicine,S1,score_rSIG,,overall,medicine,validation_2024,score_component_available_subset_of_current_cohort,4770,98e76858e58f643d05d48cbaceb02e25743f80a46ee195958b082c24bb41fd1b,Brier,0.21159161587593767,0.20543677308908193,0.2178355969263134,ESTIMATED,,4572,125,3920,2000,2000,1900,outcome_stratified_patient_group_cluster,20260710,2390412147,0.21159161587593767
medicine_S1_score_rSIG_Age,medicine,S1,score_rSIG_Age,,overall,medicine,validation_2024,score_component_available_subset_of_current_cohort,4770,b142c734ff665a9dcf5ccfad408f4f85c042489c496bbf4221e3dc65db87befe,AUROC,0.8341845184518452,0.7983656972747117,0.8685141153283371,ESTIMATED,,4569,125,3917,2000,2000,1900,outcome_stratified_patient_group_cluster,20260710,2420485085,0.8341845184518452
medicine_S1_score_rSIG_Age,medicine,S1,score_rSIG_Age,,overall,medicine,validation_2024,score_component_available_subset_of_current_cohort,4770,b142c734ff665a9dcf5ccfad408f4f85c042489c496bbf4221e3dc65db87befe,AUPRC,0.13244508136606079,0.10600728626324481,0.17636336595332547,ESTIMATED,,4569,125,3917,2000,2000,1900,outcome_stratified_patient_group_cluster,20260710,2420485085,0.13244508136606079
medicine_S1_score_rSIG_Age,medicine,S1,score_rSIG_Age,,overall,medicine,validation_2024,score_component_available_subset_of_current_cohort,4770,b142c734ff665a9dcf5ccfad408f4f85c042489c496bbf4221e3dc65db87befe,Brier,0.22055803796803755,0.2129541444684262,0.2288230852420696,ESTIMATED,,4569,125,3917,2000,2000,1900,outcome_stratified_patient_group_cluster,20260710,2420485085,0.22055803796803755
medicine_S1_score_SIA_G,medicine,S1,score_SIA_G,,overall,medicine,validation_2024,score_component_available_subset_of_current_cohort,4770,b142c734ff665a9dcf5ccfad408f4f85c042489c496bbf4221e3dc65db87befe,AUROC,0.8341863186318631,0.7992438117112085,0.8678234310017456,ESTIMATED,,4569,125,3917,2000,2000,1900,outcome_stratified_patient_group_cluster,20260710,1847194278,0.8341863186318631
medicine_S1_score_SIA_G,medicine,S1,score_SIA_G,,overall,medicine,validation_2024,score_component_available_subset_of_current_cohort,4770,b142c734ff665a9dcf5ccfad408f4f85c042489c496bbf4221e3dc65db87befe,AUPRC,0.13244642953953065,0.10583587535196125,0.1767306932705699,ESTIMATED,,4569,125,3917,2000,2000,1900,outcome_stratified_patient_group_cluster,20260710,1847194278,0.13244642953953065
medicine_S1_score_SIA_G,medicine,S1,score_SIA_G,,overall,medicine,validation_2024,score_component_available_subset_of_current_cohort,4770,b142c734ff665a9dcf5ccfad408f4f85c042489c496bbf4221e3dc65db87befe,Brier,0.17979289557295286,0.1733257504064308,0.186166526098506,ESTIMATED,,4569,125,3917,2000,2000,1900,outcome_stratified_patient_group_cluster,20260710,1847194278,0.17979289557295286
medicine_S1_score_SI_G,medicine,S1,score_SI_G,,overall,medicine,validation_2024,score_component_available_subset_of_current_cohort,4770,98e76858e58f643d05d48cbaceb02e25743f80a46ee195958b082c24bb41fd1b,AUROC,0.7910528446143468,0.743207981699051,0.8332224558687202,ESTIMATED,,4572,125,3920,2000,2000,1900,outcome_stratified_patient_group_cluster,20260710,1991423137,0.7910528446143468
medicine_S1_score_SI_G,medicine,S1,score_SI_G,,overall,medicine,validation_2024,score_component_available_subset_of_current_cohort,4770,98e76858e58f643d05d48cbaceb02e25743f80a46ee195958b082c24bb41fd1b,AUPRC,0.11626264832123985,0.09212436540980178,0.1600691864865964,ESTIMATED,,4572,125,3920,2000,2000,1900,outcome_stratified_patient_group_cluster,20260710,1991423137,0.11626264832123985
medicine_S1_score_SI_G,medicine,S1,score_SI_G,,overall,medicine,validation_2024,score_component_available_subset_of_current_cohort,4770,98e76858e58f643d05d48cbaceb02e25743f80a46ee195958b082c24bb41fd1b,Brier,0.18529629569404066,0.17962875835956987,0.19136966457468188,ESTIMATED,,4572,125,3920,2000,2000,1900,outcome_stratified_patient_group_cluster,20260710,1991423137,0.18529629569404066
medicine_S1_score_SI,medicine,S1,score_SI,,overall,medicine,validation_2024,score_component_available_subset_of_current_cohort,4770,0ab2354f3d43a9665c0585455f6777c391ac11abecbe02c6911b0c08220b52ff,AUROC,0.6747010582010582,0.6266165408086302,0.7255682808077015,ESTIMATED,,4626,126,3949,2000,2000,1900,outcome_stratified_patient_group_cluster,20260710,2614945761,0.6747010582010582
medicine_S1_score_SI,medicine,S1,score_SI,,overall,medicine,validation_2024,score_component_available_subset_of_current_cohort,4770,0ab2354f3d43a9665c0585455f6777c391ac11abecbe02c6911b0c08220b52ff,AUPRC,0.06617161101341876,0.05079783600453416,0.09564606287165618,ESTIMATED,,4626,126,3949,2000,2000,1900,outcome_stratified_patient_group_cluster,20260710,2614945761,0.06617161101341876
medicine_S1_score_SI,medicine,S1,score_SI,,overall,medicine,validation_2024,score_component_available_subset_of_current_cohort,4770,0ab2354f3d43a9665c0585455f6777c391ac11abecbe02c6911b0c08220b52ff,Brier,0.23906054899691395,0.23432858689198272,0.24373072123464873,ESTIMATED,,4626,126,3949,2000,2000,1900,outcome_stratified_patient_group_cluster,20260710,2614945761,0.23906054899691395
medicine_S1_score_mSI,medicine,S1,score_mSI,,overall,medicine,validation_2024,score_component_available_subset_of_current_cohort,4770,16a58766becef016afc355b385465e1fbd58c33007a151d81108f4d70c979f10,AUROC,0.6994970527934392,0.6444711298536132,0.754920903987225,ESTIMATED,,4006,104,3427,2000,2000,1900,outcome_stratified_patient_group_cluster,20260710,92840750,0.6994970527934392
medicine_S1_score_mSI,medicine,S1,score_mSI,,overall,medicine,validation_2024,score_component_available_subset_of_current_cohort,4770,16a58766becef016afc355b385465e1fbd58c33007a151d81108f4d70c979f10,AUPRC,0.08529140342522833,0.060943229425755155,0.13492793442657527,ESTIMATED,,4006,104,3427,2000,2000,1900,outcome_stratified_patient_group_cluster,20260710,92840750,0.08529140342522833
medicine_S1_score_mSI,medicine,S1,score_mSI,,overall,medicine,validation_2024,score_component_available_subset_of_current_cohort,4770,16a58766becef016afc355b385465e1fbd58c33007a151d81108f4d70c979f10,Brier,0.22787688210637735,0.22342920073656033,0.23249851670903904,ESTIMATED,,4006,104,3427,2000,2000,1900,outcome_stratified_patient_group_cluster,20260710,92840750,0.22787688210637735
medicine_S1_score_aSI,medicine,S1,score_aSI,,overall,medicine,validation_2024,score_component_available_subset_of_current_cohort,4770,1014b45c25e6bd3b6cb572e528182234d15808c04aab1b2caff8682d103c0a2b,AUROC,0.7752055161995122,0.7370271779975456,0.8114595812954037,ESTIMATED,,4623,126,3946,2000,2000,1900,outcome_stratified_patient_group_cluster,20260710,2803696996,0.7752055161995122
medicine_S1_score_aSI,medicine,S1,score_aSI,,overall,medicine,validation_2024,score_component_available_subset_of_current_cohort,4770,1014b45c25e6bd3b6cb572e528182234d15808c04aab1b2caff8682d103c0a2b,AUPRC,0.08624116243909961,0.06879695898955164,0.11701421010423656,ESTIMATED,,4623,126,3946,2000,2000,1900,outcome_stratified_patient_group_cluster,20260710,2803696996,0.08624116243909961
medicine_S1_score_aSI,medicine,S1,score_aSI,,overall,medicine,validation_2024,score_component_available_subset_of_current_cohort,4770,1014b45c25e6bd3b6cb572e528182234d15808c04aab1b2caff8682d103c0a2b,Brier,0.23396701500930156,0.22645941422269972,0.24123257302335357,ESTIMATED,,4623,126,3946,2000,2000,1900,outcome_stratified_patient_group_cluster,20260710,2803696996,0.23396701500930156
medicine_S1_score_rSI,medicine,S1,score_rSI,,overall,medicine,validation_2024,score_component_available_subset_of_current_cohort,4770,0ab2354f3d43a9665c0585455f6777c391ac11abecbe02c6911b0c08220b52ff,AUROC,0.6747010582010582,0.6224827152024847,0.7264809529642992,ESTIMATED,,4626,126,3949,2000,2000,1900,outcome_stratified_patient_group_cluster,20260710,3704894791,0.6747010582010582
medicine_S1_score_rSI,medicine,S1,score_rSI,,overall,medicine,validation_2024,score_component_available_subset_of_current_cohort,4770,0ab2354f3d43a9665c0585455f6777c391ac11abecbe02c6911b0c08220b52ff,AUPRC,0.06617161101341876,0.051740955439123854,0.09683061107409098,ESTIMATED,,4626,126,3949,2000,2000,1900,outcome_stratified_patient_group_cluster,20260710,3704894791,0.06617161101341876
medicine_S1_score_rSI,medicine,S1,score_rSI,,overall,medicine,validation_2024,score_component_available_subset_of_current_cohort,4770,0ab2354f3d43a9665c0585455f6777c391ac11abecbe02c6911b0c08220b52ff,Brier,0.24594732288589372,0.24225672763001552,0.24929997230981754,ESTIMATED,,4626,126,3949,2000,2000,1900,outcome_stratified_patient_group_cluster,20260710,3704894791,0.24594732288589372
medicine_S1_score_rSI_sMS,medicine,S1,score_rSI_sMS,,overall,medicine,validation_2024,score_component_available_subset_of_current_cohort,4770,77519c9971be80a4af703a85c57f61fdb4819a447cabd6242beed24218abe7ea,AUROC,0.7907391109115403,0.7458641621303681,0.8334157010209857,ESTIMATED,,4579,125,3923,2000,2000,1900,outcome_stratified_patient_group_cluster,20260710,4229545822,0.7907391109115403
medicine_S1_score_rSI_sMS,medicine,S1,score_rSI_sMS,,overall,medicine,validation_2024,score_component_available_subset_of_current_cohort,4770,77519c9971be80a4af703a85c57f61fdb4819a447cabd6242beed24218abe7ea,AUPRC,0.10975080812225063,0.08697726272464568,0.14579252111270555,ESTIMATED,,4579,125,3923,2000,2000,1900,outcome_stratified_patient_group_cluster,20260710,4229545822,0.10975080812225063
medicine_S1_score_rSI_sMS,medicine,S1,score_rSI_sMS,,overall,medicine,validation_2024,score_component_available_subset_of_current_cohort,4770,77519c9971be80a4af703a85c57f61fdb4819a447cabd6242beed24218abe7ea,Brier,0.21479428308270782,0.20843234083193102,0.22091279739637315,ESTIMATED,,4579,125,3923,2000,2000,1900,outcome_stratified_patient_group_cluster,20260710,4229545822,0.21479428308270782
medicine_S1_score_rSI_GCSM,medicine,S1,score_rSI_GCSM,,overall,medicine,validation_2024,score_component_available_subset_of_current_cohort,4770,77519c9971be80a4af703a85c57f61fdb4819a447cabd6242beed24218abe7ea,AUROC,0.7797521329142344,0.7340614939466938,0.8205178311166492,ESTIMATED,,4579,125,3923,2000,2000,1900,outcome_stratified_patient_group_cluster,20260710,1569107853,0.7797521329142344
medicine_S1_score_rSI_GCSM,medicine,S1,score_rSI_GCSM,,overall,medicine,validation_2024,score_component_available_subset_of_current_cohort,4770,77519c9971be80a4af703a85c57f61fdb4819a447cabd6242beed24218abe7ea,AUPRC,0.11232148008555386,0.08791232143269712,0.15153766670946653,ESTIMATED,,4579,125,3923,2000,2000,1900,outcome_stratified_patient_group_cluster,20260710,1569107853,0.11232148008555386
medicine_S1_score_rSI_GCSM,medicine,S1,score_rSI_GCSM,,overall,medicine,validation_2024,score_component_available_subset_of_current_cohort,4770,77519c9971be80a4af703a85c57f61fdb4819a447cabd6242beed24218abe7ea,Brier,0.213039467114739,0.2072137816976604,0.21886370375443484,ESTIMATED,,4579,125,3923,2000,2000,1900,outcome_stratified_patient_group_cluster,20260710,1569107853,0.213039467114739
medicine_S1_score_SIAVPU,medicine,S1,score_SIAVPU,,overall,medicine,validation_2024,score_component_available_subset_of_current_cohort,4770,0ab2354f3d43a9665c0585455f6777c391ac11abecbe02c6911b0c08220b52ff,AUROC,0.5225123456790124,0.46230603205836224,0.5849499152347164,ESTIMATED,,4626,126,3949,2000,2000,1900,outcome_stratified_patient_group_cluster,20260710,721009313,0.5225123456790124
medicine_S1_score_SIAVPU,medicine,S1,score_SIAVPU,,overall,medicine,validation_2024,score_component_available_subset_of_current_cohort,4770,0ab2354f3d43a9665c0585455f6777c391ac11abecbe02c6911b0c08220b52ff,AUPRC,0.04738178604493366,0.03465682784738754,0.07551674187514996,ESTIMATED,,4626,126,3949,2000,2000,1900,outcome_stratified_patient_group_cluster,20260710,721009313,0.04738178604493366
medicine_S1_score_SIAVPU,medicine,S1,score_SIAVPU,,overall,medicine,validation_2024,score_component_available_subset_of_current_cohort,4770,0ab2354f3d43a9665c0585455f6777c391ac11abecbe02c6911b0c08220b52ff,Brier,0.24765623364550493,0.24710278951227885,0.24823467207996264,ESTIMATED,,4626,126,3949,2000,2000,1900,outcome_stratified_patient_group_cluster,20260710,721009313,0.24765623364550493
medicine_S1_score_sMS,medicine,S1,score_sMS,,overall,medicine,validation_2024,score_component_available_subset_of_current_cohort,4770,9e0b0ccdf19e7c79e23643be95c739b83926768acce4ddae6b3d4f227976be51,AUROC,0.7143203832825352,0.6714156177033699,0.755914800798626,ESTIMATED,,4585,129,3926,2000,2000,1900,outcome_stratified_patient_group_cluster,20260710,253757948,0.7143203832825352
medicine_S1_score_sMS,medicine,S1,score_sMS,,overall,medicine,validation_2024,score_component_available_subset_of_current_cohort,4770,9e0b0ccdf19e7c79e23643be95c739b83926768acce4ddae6b3d4f227976be51,AUPRC,0.08199287644521089,0.06461882496848279,0.1020909006728732,ESTIMATED,,4585,129,3926,2000,2000,1900,outcome_stratified_patient_group_cluster,20260710,253757948,0.08199287644521089
medicine_S1_score_sMS,medicine,S1,score_sMS,,overall,medicine,validation_2024,score_component_available_subset_of_current_cohort,4770,9e0b0ccdf19e7c79e23643be95c739b83926768acce4ddae6b3d4f227976be51,Brier,0.1895627760238013,0.18307040829192767,0.1961710114684973,ESTIMATED,,4585,129,3926,2000,2000,1900,outcome_stratified_patient_group_cluster,20260710,253757948,0.1895627760238013
medicine_S1_score_qSOFA,medicine,S1,score_qSOFA,,overall,medicine,validation_2024,score_component_available_subset_of_current_cohort,4770,0ab2354f3d43a9665c0585455f6777c391ac11abecbe02c6911b0c08220b52ff,AUROC,0.7720978835978836,0.7341596559414549,0.8119255670480953,ESTIMATED,,4626,126,3949,2000,2000,1900,outcome_stratified_patient_group_cluster,20260710,3218514470,0.7720978835978836
medicine_S1_score_qSOFA,medicine,S1,score_qSOFA,,overall,medicine,validation_2024,score_component_available_subset_of_current_cohort,4770,0ab2354f3d43a9665c0585455f6777c391ac11abecbe02c6911b0c08220b52ff,AUPRC,0.08128608774256377,0.06580111998493914,0.10320666676814012,ESTIMATED,,4626,126,3949,2000,2000,1900,outcome_stratified_patient_group_cluster,20260710,3218514470,0.08128608774256377
medicine_S1_score_qSOFA,medicine,S1,score_qSOFA,,overall,medicine,validation_2024,score_component_available_subset_of_current_cohort,4770,0ab2354f3d43a9665c0585455f6777c391ac11abecbe02c6911b0c08220b52ff,Brier,0.21922694437056242,0.21197076311211227,0.22687591251565922,ESTIMATED,,4626,126,3949,2000,2000,1900,outcome_stratified_patient_group_cluster,20260710,3218514470,0.21922694437056242
medicine_S1_score_MEWS,medicine,S1,score_MEWS,,overall,medicine,validation_2024,score_component_available_subset_of_current_cohort,4770,0ab2354f3d43a9665c0585455f6777c391ac11abecbe02c6911b0c08220b52ff,AUROC,0.747573192239859,0.6998067371955505,0.7939242460268365,ESTIMATED,,4626,126,3949,2000,2000,1900,outcome_stratified_patient_group_cluster,20260710,2118876987,0.747573192239859
medicine_S1_score_MEWS,medicine,S1,score_MEWS,,overall,medicine,validation_2024,score_component_available_subset_of_current_cohort,4770,0ab2354f3d43a9665c0585455f6777c391ac11abecbe02c6911b0c08220b52ff,AUPRC,0.08741932689653062,0.0670108659835049,0.12560835306423282,ESTIMATED,,4626,126,3949,2000,2000,1900,outcome_stratified_patient_group_cluster,20260710,2118876987,0.08741932689653062
medicine_S1_score_MEWS,medicine,S1,score_MEWS,,overall,medicine,validation_2024,score_component_available_subset_of_current_cohort,4770,0ab2354f3d43a9665c0585455f6777c391ac11abecbe02c6911b0c08220b52ff,Brier,0.20759678282111543,0.2008490239853734,0.21423793676774558,ESTIMATED,,4626,126,3949,2000,2000,1900,outcome_stratified_patient_group_cluster,20260710,2118876987,0.20759678282111543
medicine_S1_score_REMS,medicine,S1,score_REMS,,overall,medicine,validation_2024,score_component_available_subset_of_current_cohort,4770,27addfbae90d58a06415d5db624699991999424dd5659b5df0eee6bf8c38cc3b,AUROC,0.7863247002675756,0.7402819317237719,0.826950265842027,ESTIMATED,,3960,103,3400,2000,2000,1900,outcome_stratified_patient_group_cluster,20260710,3176626002,0.7863247002675756
medicine_S1_score_REMS,medicine,S1,score_REMS,,overall,medicine,validation_2024,score_component_available_subset_of_current_cohort,4770,27addfbae90d58a06415d5db624699991999424dd5659b5df0eee6bf8c38cc3b,AUPRC,0.11170183612480243,0.07942951017241068,0.1695805603517851,ESTIMATED,,3960,103,3400,2000,2000,1900,outcome_stratified_patient_group_cluster,20260710,3176626002,0.11170183612480243
medicine_S1_score_REMS,medicine,S1,score_REMS,,overall,medicine,validation_2024,score_component_available_subset_of_current_cohort,4770,27addfbae90d58a06415d5db624699991999424dd5659b5df0eee6bf8c38cc3b,Brier,0.21577246795625254,0.2081101417974346,0.22350936870003102,ESTIMATED,,3960,103,3400,2000,2000,1900,outcome_stratified_patient_group_cluster,20260710,3176626002,0.21577246795625254
medicine_S1_score_RTS,medicine,S1,score_RTS,,overall,medicine,validation_2024,score_component_available_subset_of_current_cohort,4770,98e76858e58f643d05d48cbaceb02e25743f80a46ee195958b082c24bb41fd1b,AUROC,0.7410937710816281,0.6933798452218247,0.783694651905528,ESTIMATED,,4572,125,3920,2000,2000,1900,outcome_stratified_patient_group_cluster,20260710,192642252,0.7410937710816281
medicine_S1_score_RTS,medicine,S1,score_RTS,,overall,medicine,validation_2024,score_component_available_subset_of_current_cohort,4770,98e76858e58f643d05d48cbaceb02e25743f80a46ee195958b082c24bb41fd1b,AUPRC,0.09876044995415317,0.07488073417477281,0.13793309647341276,ESTIMATED,,4572,125,3920,2000,2000,1900,outcome_stratified_patient_group_cluster,20260710,192642252,0.09876044995415317
medicine_S1_score_RTS,medicine,S1,score_RTS,,overall,medicine,validation_2024,score_component_available_subset_of_current_cohort,4770,98e76858e58f643d05d48cbaceb02e25743f80a46ee195958b082c24bb41fd1b,Brier,0.1801995596306779,0.1739681253852895,0.18628179645821966,ESTIMATED,,4572,125,3920,2000,2000,1900,outcome_stratified_patient_group_cluster,20260710,192642252,0.1801995596306779
medicine_S1_score_rSI_GCS_alias,medicine,S1,score_rSI_GCS_alias,score_rSIG,overall,medicine,validation_2024,score_component_available_subset_of_current_cohort,4770,98e76858e58f643d05d48cbaceb02e25743f80a46ee195958b082c24bb41fd1b,AUROC,0.7910609399595232,0.7446232024349569,0.8353823125374054,ESTIMATED,,4572,125,3920,2000,2000,1900,outcome_stratified_patient_group_cluster,20260710,2390412147,0.7910609399595232
medicine_S1_score_rSI_GCS_alias,medicine,S1,score_rSI_GCS_alias,score_rSIG,overall,medicine,validation_2024,score_component_available_subset_of_current_cohort,4770,98e76858e58f643d05d48cbaceb02e25743f80a46ee195958b082c24bb41fd1b,AUPRC,0.11626919542371023,0.09328314328418788,0.15690907299072124,ESTIMATED,,4572,125,3920,2000,2000,1900,outcome_stratified_patient_group_cluster,20260710,2390412147,0.11626919542371023
medicine_S1_score_rSI_GCS_alias,medicine,S1,score_rSI_GCS_alias,score_rSIG,overall,medicine,validation_2024,score_component_available_subset_of_current_cohort,4770,98e76858e58f643d05d48cbaceb02e25743f80a46ee195958b082c24bb41fd1b,Brier,0.21159161587593767,0.20543677308908193,0.2178355969263134,ESTIMATED,,4572,125,3920,2000,2000,1900,outcome_stratified_patient_group_cluster,20260710,2390412147,0.21159161587593767
medicine_S1_knn_classifier,medicine,S1,knn_classifier,,medicine,medicine,validation_2024,exact_current_cohort,4770,7960c3127977b086d8b2ebc49273972f5e3d48dcd91fc5bce3bebfb2b4b8d464,AUROC,0.826664615907886,0.7922081373992573,0.8612268897754379,ESTIMATED,,4770,174,4071,2000,2000,1900,outcome_stratified_patient_group_cluster,20260710,3010227546,0.826664615907886
medicine_S1_knn_classifier,medicine,S1,knn_classifier,,medicine,medicine,validation_2024,exact_current_cohort,4770,7960c3127977b086d8b2ebc49273972f5e3d48dcd91fc5bce3bebfb2b4b8d464,AUPRC,0.3629275358567649,0.2964085079231181,0.44418373429541735,ESTIMATED,,4770,174,4071,2000,2000,1900,outcome_stratified_patient_group_cluster,20260710,3010227546,0.3629275358567649
medicine_S1_knn_classifier,medicine,S1,knn_classifier,,medicine,medicine,validation_2024,exact_current_cohort,4770,7960c3127977b086d8b2ebc49273972f5e3d48dcd91fc5bce3bebfb2b4b8d464,Brier,0.028210324743818196,0.026472862360331785,0.029890893943528504,ESTIMATED,,4770,174,4071,2000,2000,1900,outcome_stratified_patient_group_cluster,20260710,3010227546,0.028210324743818196
medicine_S2_decision_tree,medicine,S2,decision_tree,,overall,medicine,validation_2024,exact_current_cohort,4770,7960c3127977b086d8b2ebc49273972f5e3d48dcd91fc5bce3bebfb2b4b8d464,AUROC,0.8009857764403423,0.765727713300327,0.8326473712486578,ESTIMATED,,4770,267,4071,2000,2000,1900,outcome_stratified_patient_group_cluster,20260710,1083673349,0.8009857764403423
medicine_S2_decision_tree,medicine,S2,decision_tree,,overall,medicine,validation_2024,exact_current_cohort,4770,7960c3127977b086d8b2ebc49273972f5e3d48dcd91fc5bce3bebfb2b4b8d464,AUPRC,0.23482708402597033,0.20034400984548573,0.2756247208608826,ESTIMATED,,4770,267,4071,2000,2000,1900,outcome_stratified_patient_group_cluster,20260710,1083673349,0.23482708402597033
medicine_S2_decision_tree,medicine,S2,decision_tree,,overall,medicine,validation_2024,exact_current_cohort,4770,7960c3127977b086d8b2ebc49273972f5e3d48dcd91fc5bce3bebfb2b4b8d464,Brier,0.19697299540511276,0.1879576760342404,0.20620950207396638,ESTIMATED,,4770,267,4071,2000,2000,1900,outcome_stratified_patient_group_cluster,20260710,1083673349,0.19697299540511276
medicine_S2_random_forest,medicine,S2,random_forest,,overall,medicine,validation_2024,exact_current_cohort,4770,7960c3127977b086d8b2ebc49273972f5e3d48dcd91fc5bce3bebfb2b4b8d464,AUROC,0.8935848843176541,0.8731006071419989,0.9107504587869026,ESTIMATED,,4770,267,4071,2000,2000,1900,outcome_stratified_patient_group_cluster,20260710,576692265,0.8935848843176541
medicine_S2_random_forest,medicine,S2,random_forest,,overall,medicine,validation_2024,exact_current_cohort,4770,7960c3127977b086d8b2ebc49273972f5e3d48dcd91fc5bce3bebfb2b4b8d464,AUPRC,0.4255988426242459,0.36986241232532224,0.4856503465844797,ESTIMATED,,4770,267,4071,2000,2000,1900,outcome_stratified_patient_group_cluster,20260710,576692265,0.4255988426242459
medicine_S2_random_forest,medicine,S2,random_forest,,overall,medicine,validation_2024,exact_current_cohort,4770,7960c3127977b086d8b2ebc49273972f5e3d48dcd91fc5bce3bebfb2b4b8d464,Brier,0.07728252344037272,0.07294972967116352,0.0817114929958703,ESTIMATED,,4770,267,4071,2000,2000,1900,outcome_stratified_patient_group_cluster,20260710,576692265,0.07728252344037272
medicine_S2_balanced_random_forest,medicine,S2,balanced_random_forest,,overall,medicine,validation_2024,exact_current_cohort,4770,7960c3127977b086d8b2ebc49273972f5e3d48dcd91fc5bce3bebfb2b4b8d464,AUROC,0.8794960662928833,0.8600389092080569,0.8983076391190922,ESTIMATED,,4770,267,4071,2000,2000,1900,outcome_stratified_patient_group_cluster,20260710,1994879673,0.8794960662928833
medicine_S2_balanced_random_forest,medicine,S2,balanced_random_forest,,overall,medicine,validation_2024,exact_current_cohort,4770,7960c3127977b086d8b2ebc49273972f5e3d48dcd91fc5bce3bebfb2b4b8d464,AUPRC,0.37064622180820067,0.3190808198756472,0.4270358320580575,ESTIMATED,,4770,267,4071,2000,2000,1900,outcome_stratified_patient_group_cluster,20260710,1994879673,0.37064622180820067
medicine_S2_balanced_random_forest,medicine,S2,balanced_random_forest,,overall,medicine,validation_2024,exact_current_cohort,4770,7960c3127977b086d8b2ebc49273972f5e3d48dcd91fc5bce3bebfb2b4b8d464,Brier,0.1852041843634182,0.17775973990571817,0.1927560832650429,ESTIMATED,,4770,267,4071,2000,2000,1900,outcome_stratified_patient_group_cluster,20260710,1994879673,0.1852041843634182
medicine_S2_svm_rbf,medicine,S2,svm_rbf,,overall,medicine,validation_2024,exact_current_cohort,4770,7960c3127977b086d8b2ebc49273972f5e3d48dcd91fc5bce3bebfb2b4b8d464,AUROC,0.8200637777062483,0.7987900692302187,0.83961958430957,ESTIMATED,,4770,267,4071,2000,2000,1900,outcome_stratified_patient_group_cluster,20260710,1180633166,0.8200637777062483
medicine_S2_svm_rbf,medicine,S2,svm_rbf,,overall,medicine,validation_2024,exact_current_cohort,4770,7960c3127977b086d8b2ebc49273972f5e3d48dcd91fc5bce3bebfb2b4b8d464,AUPRC,0.20053160672822204,0.1693492959447351,0.24153398545806304,ESTIMATED,,4770,267,4071,2000,2000,1900,outcome_stratified_patient_group_cluster,20260710,1180633166,0.20053160672822204
medicine_S2_svm_rbf,medicine,S2,svm_rbf,,overall,medicine,validation_2024,exact_current_cohort,4770,7960c3127977b086d8b2ebc49273972f5e3d48dcd91fc5bce3bebfb2b4b8d464,Brier,0.04936568201818108,0.047817972573818666,0.05094068934590347,ESTIMATED,,4770,267,4071,2000,2000,1900,outcome_stratified_patient_group_cluster,20260710,1180633166,0.04936568201818108
medicine_S2_logistic_l1,medicine,S2,logistic_l1,,overall,medicine,validation_2024,exact_current_cohort,4770,7960c3127977b086d8b2ebc49273972f5e3d48dcd91fc5bce3bebfb2b4b8d464,AUROC,0.842822221723179,0.8134471746118963,0.8697516630543968,ESTIMATED,,4770,267,4071,2000,2000,1900,outcome_stratified_patient_group_cluster,20260710,1539791235,0.842822221723179
medicine_S2_logistic_l1,medicine,S2,logistic_l1,,overall,medicine,validation_2024,exact_current_cohort,4770,7960c3127977b086d8b2ebc49273972f5e3d48dcd91fc5bce3bebfb2b4b8d464,AUPRC,0.38087330149183346,0.32745749204736907,0.44127095523331367,ESTIMATED,,4770,267,4071,2000,2000,1900,outcome_stratified_patient_group_cluster,20260710,1539791235,0.38087330149183346
medicine_S2_logistic_l1,medicine,S2,logistic_l1,,overall,medicine,validation_2024,exact_current_cohort,4770,7960c3127977b086d8b2ebc49273972f5e3d48dcd91fc5bce3bebfb2b4b8d464,Brier,0.1699193468586494,0.1607972892220695,0.17853891438970132,ESTIMATED,,4770,267,4071,2000,2000,1900,outcome_stratified_patient_group_cluster,20260710,1539791235,0.1699193468586494
medicine_S2_logistic_l2,medicine,S2,logistic_l2,,overall,medicine,validation_2024,exact_current_cohort,4770,7960c3127977b086d8b2ebc49273972f5e3d48dcd91fc5bce3bebfb2b4b8d464,AUROC,0.8376671066563198,0.8075370785906556,0.8646463545142948,ESTIMATED,,4770,267,4071,2000,2000,1900,outcome_stratified_patient_group_cluster,20260710,1163482184,0.8376671066563198
medicine_S2_logistic_l2,medicine,S2,logistic_l2,,overall,medicine,validation_2024,exact_current_cohort,4770,7960c3127977b086d8b2ebc49273972f5e3d48dcd91fc5bce3bebfb2b4b8d464,AUPRC,0.38667343664541187,0.33451865279804655,0.44690829784590275,ESTIMATED,,4770,267,4071,2000,2000,1900,outcome_stratified_patient_group_cluster,20260710,1163482184,0.38667343664541187
medicine_S2_logistic_l2,medicine,S2,logistic_l2,,overall,medicine,validation_2024,exact_current_cohort,4770,7960c3127977b086d8b2ebc49273972f5e3d48dcd91fc5bce3bebfb2b4b8d464,Brier,0.1718336433533314,0.16343235065405057,0.18038716249796896,ESTIMATED,,4770,267,4071,2000,2000,1900,outcome_stratified_patient_group_cluster,20260710,1163482184,0.1718336433533314
medicine_S2_score_NEWS2,medicine,S2,score_NEWS2,,overall,medicine,validation_2024,score_component_available_subset_of_current_cohort,4770,88c03a43fd63f9f7b0f8049a1de628d3144d74d2d7666f40a8f1bd4b3f5739bd,AUROC,0.6605022025634764,0.6133828837981565,0.7073391445641234,ESTIMATED,,986,129,886,2000,2000,1900,outcome_stratified_patient_group_cluster,20260710,4029511623,0.6605022025634764
medicine_S2_score_NEWS2,medicine,S2,score_NEWS2,,overall,medicine,validation_2024,score_component_available_subset_of_current_cohort,4770,88c03a43fd63f9f7b0f8049a1de628d3144d74d2d7666f40a8f1bd4b3f5739bd,AUPRC,0.2092869407499106,0.17691387029412303,0.2597784451077695,ESTIMATED,,986,129,886,2000,2000,1900,outcome_stratified_patient_group_cluster,20260710,4029511623,0.2092869407499106
medicine_S2_score_NEWS2,medicine,S2,score_NEWS2,,overall,medicine,validation_2024,score_component_available_subset_of_current_cohort,4770,88c03a43fd63f9f7b0f8049a1de628d3144d74d2d7666f40a8f1bd4b3f5739bd,Brier,0.2319679353979153,0.2228031412253345,0.2411194122466341,ESTIMATED,,986,129,886,2000,2000,1900,outcome_stratified_patient_group_cluster,20260710,4029511623,0.2319679353979153
medicine_S2_score_rSIG,medicine,S2,score_rSIG,,overall,medicine,validation_2024,score_component_available_subset_of_current_cohort,4770,98e76858e58f643d05d48cbaceb02e25743f80a46ee195958b082c24bb41fd1b,AUROC,0.7655612057460135,0.7288894446147939,0.7995638280761688,ESTIMATED,,4572,209,3920,2000,2000,1900,outcome_stratified_patient_group_cluster,20260710,3517841501,0.7655612057460135
medicine_S2_score_rSIG,medicine,S2,score_rSIG,,overall,medicine,validation_2024,score_component_available_subset_of_current_cohort,4770,98e76858e58f643d05d48cbaceb02e25743f80a46ee195958b082c24bb41fd1b,AUPRC,0.1792261408176249,0.1461825215775008,0.22898261655863114,ESTIMATED,,4572,209,3920,2000,2000,1900,outcome_stratified_patient_group_cluster,20260710,3517841501,0.1792261408176249
medicine_S2_score_rSIG,medicine,S2,score_rSIG,,overall,medicine,validation_2024,score_component_available_subset_of_current_cohort,4770,98e76858e58f643d05d48cbaceb02e25743f80a46ee195958b082c24bb41fd1b,Brier,0.21870081752675993,0.2127337040761348,0.22464574206295412,ESTIMATED,,4572,209,3920,2000,2000,1900,outcome_stratified_patient_group_cluster,20260710,3517841501,0.21870081752675993
medicine_S2_score_rSIG_Age,medicine,S2,score_rSIG_Age,,overall,medicine,validation_2024,score_component_available_subset_of_current_cohort,4770,b142c734ff665a9dcf5ccfad408f4f85c042489c496bbf4221e3dc65db87befe,AUROC,0.8095809007506254,0.7801579937975937,0.839204625356997,ESTIMATED,,4569,209,3917,2000,2000,1900,outcome_stratified_patient_group_cluster,20260710,957604868,0.8095809007506254
medicine_S2_score_rSIG_Age,medicine,S2,score_rSIG_Age,,overall,medicine,validation_2024,score_component_available_subset_of_current_cohort,4770,b142c734ff665a9dcf5ccfad408f4f85c042489c496bbf4221e3dc65db87befe,AUPRC,0.19751647933321598,0.16499966633405458,0.24971907893461623,ESTIMATED,,4569,209,3917,2000,2000,1900,outcome_stratified_patient_group_cluster,20260710,957604868,0.19751647933321598
medicine_S2_score_rSIG_Age,medicine,S2,score_rSIG_Age,,overall,medicine,validation_2024,score_component_available_subset_of_current_cohort,4770,b142c734ff665a9dcf5ccfad408f4f85c042489c496bbf4221e3dc65db87befe,Brier,0.22513948095094816,0.21759847058364626,0.23288561020109302,ESTIMATED,,4569,209,3917,2000,2000,1900,outcome_stratified_patient_group_cluster,20260710,957604868,0.22513948095094816
medicine_S2_score_SIA_G,medicine,S2,score_SIA_G,,overall,medicine,validation_2024,score_component_available_subset_of_current_cohort,4770,b142c734ff665a9dcf5ccfad408f4f85c042489c496bbf4221e3dc65db87befe,AUROC,0.8095814494534919,0.779138675696445,0.8375905702537515,ESTIMATED,,4569,209,3917,2000,2000,1900,outcome_stratified_patient_group_cluster,20260710,2730169185,0.8095814494534919
medicine_S2_score_SIA_G,medicine,S2,score_SIA_G,,overall,medicine,validation_2024,score_component_available_subset_of_current_cohort,4770,b142c734ff665a9dcf5ccfad408f4f85c042489c496bbf4221e3dc65db87befe,AUPRC,0.19751795087084784,0.1645562453360135,0.24672788637486975,ESTIMATED,,4569,209,3917,2000,2000,1900,outcome_stratified_patient_group_cluster,20260710,2730169185,0.19751795087084784
medicine_S2_score_SIA_G,medicine,S2,score_SIA_G,,overall,medicine,validation_2024,score_component_available_subset_of_current_cohort,4770,b142c734ff665a9dcf5ccfad408f4f85c042489c496bbf4221e3dc65db87befe,Brier,0.18980034691675873,0.18317689591675831,0.1964681265929651,ESTIMATED,,4569,209,3917,2000,2000,1900,outcome_stratified_patient_group_cluster,20260710,2730169185,0.18980034691675873
medicine_S2_score_SI_G,medicine,S2,score_SI_G,,overall,medicine,validation_2024,score_component_available_subset_of_current_cohort,4770,98e76858e58f643d05d48cbaceb02e25743f80a46ee195958b082c24bb41fd1b,AUROC,0.7655579157925443,0.7289582096668821,0.7995771918346636,ESTIMATED,,4572,209,3920,2000,2000,1900,outcome_stratified_patient_group_cluster,20260710,2628796181,0.7655579157925443
medicine_S2_score_SI_G,medicine,S2,score_SI_G,,overall,medicine,validation_2024,score_component_available_subset_of_current_cohort,4770,98e76858e58f643d05d48cbaceb02e25743f80a46ee195958b082c24bb41fd1b,AUPRC,0.17922726835576377,0.14560557868470103,0.22647234771547117,ESTIMATED,,4572,209,3920,2000,2000,1900,outcome_stratified_patient_group_cluster,20260710,2628796181,0.17922726835576377
medicine_S2_score_SI_G,medicine,S2,score_SI_G,,overall,medicine,validation_2024,score_component_available_subset_of_current_cohort,4770,98e76858e58f643d05d48cbaceb02e25743f80a46ee195958b082c24bb41fd1b,Brier,0.1967923163266763,0.1916017137191842,0.2022631362715395,ESTIMATED,,4572,209,3920,2000,2000,1900,outcome_stratified_patient_group_cluster,20260710,2628796181,0.1967923163266763
medicine_S2_score_SI,medicine,S2,score_SI,,overall,medicine,validation_2024,score_component_available_subset_of_current_cohort,4770,0ab2354f3d43a9665c0585455f6777c391ac11abecbe02c6911b0c08220b52ff,AUROC,0.650158604069496,0.6094879341089717,0.68911548698269,ESTIMATED,,4626,211,3949,2000,2000,1900,outcome_stratified_patient_group_cluster,20260710,1265147389,0.650158604069496
medicine_S2_score_SI,medicine,S2,score_SI,,overall,medicine,validation_2024,score_component_available_subset_of_current_cohort,4770,0ab2354f3d43a9665c0585455f6777c391ac11abecbe02c6911b0c08220b52ff,AUPRC,0.1020808466731713,0.08218292487592603,0.13848510313007115,ESTIMATED,,4626,211,3949,2000,2000,1900,outcome_stratified_patient_group_cluster,20260710,1265147389,0.1020808466731713
medicine_S2_score_SI,medicine,S2,score_SI,,overall,medicine,validation_2024,score_component_available_subset_of_current_cohort,4770,0ab2354f3d43a9665c0585455f6777c391ac11abecbe02c6911b0c08220b52ff,Brier,0.2442001328253569,0.24021699255020887,0.248639196125979,ESTIMATED,,4626,211,3949,2000,2000,1900,outcome_stratified_patient_group_cluster,20260710,1265147389,0.2442001328253569
medicine_S2_score_mSI,medicine,S2,score_mSI,,overall,medicine,validation_2024,score_component_available_subset_of_current_cohort,4770,16a58766becef016afc355b385465e1fbd58c33007a151d81108f4d70c979f10,AUROC,0.6623078909983211,0.6138560625450267,0.7051467638911214,ESTIMATED,,4006,178,3427,2000,2000,1900,outcome_stratified_patient_group_cluster,20260710,84541502,0.6623078909983211
medicine_S2_score_mSI,medicine,S2,score_mSI,,overall,medicine,validation_2024,score_component_available_subset_of_current_cohort,4770,16a58766becef016afc355b385465e1fbd58c33007a151d81108f4d70c979f10,AUPRC,0.12121476100322214,0.09105699422448214,0.16995036972570382,ESTIMATED,,4006,178,3427,2000,2000,1900,outcome_stratified_patient_group_cluster,20260710,84541502,0.12121476100322214
medicine_S2_score_mSI,medicine,S2,score_mSI,,overall,medicine,validation_2024,score_component_available_subset_of_current_cohort,4770,16a58766becef016afc355b385465e1fbd58c33007a151d81108f4d70c979f10,Brier,0.23335558520553684,0.2292053761940879,0.23730646409212316,ESTIMATED,,4006,178,3427,2000,2000,1900,outcome_stratified_patient_group_cluster,20260710,84541502,0.23335558520553684
medicine_S2_score_aSI,medicine,S2,score_aSI,,overall,medicine,validation_2024,score_component_available_subset_of_current_cohort,4770,1014b45c25e6bd3b6cb572e528182234d15808c04aab1b2caff8682d103c0a2b,AUROC,0.7402597611855646,0.7083446054403828,0.7718764254182331,ESTIMATED,,4623,211,3946,2000,2000,1900,outcome_stratified_patient_group_cluster,20260710,1317124576,0.7402597611855646
medicine_S2_score_aSI,medicine,S2,score_aSI,,overall,medicine,validation_2024,score_component_available_subset_of_current_cohort,4770,1014b45c25e6bd3b6cb572e528182234d15808c04aab1b2caff8682d103c0a2b,AUPRC,0.12949867571302623,0.106227610256626,0.1692373968905939,ESTIMATED,,4623,211,3946,2000,2000,1900,outcome_stratified_patient_group_cluster,20260710,1317124576,0.12949867571302623
medicine_S2_score_aSI,medicine,S2,score_aSI,,overall,medicine,validation_2024,score_component_available_subset_of_current_cohort,4770,1014b45c25e6bd3b6cb572e528182234d15808c04aab1b2caff8682d103c0a2b,Brier,0.23867398585615818,0.2317033521733846,0.24616705188190677,ESTIMATED,,4623,211,3946,2000,2000,1900,outcome_stratified_patient_group_cluster,20260710,1317124576,0.23867398585615818
medicine_S2_score_rSI,medicine,S2,score_rSI,,overall,medicine,validation_2024,score_component_available_subset_of_current_cohort,4770,0ab2354f3d43a9665c0585455f6777c391ac11abecbe02c6911b0c08220b52ff,AUROC,0.650158604069496,0.6079305716566282,0.6902947573380822,ESTIMATED,,4626,211,3949,2000,2000,1900,outcome_stratified_patient_group_cluster,20260710,3962307683,0.650158604069496
medicine_S2_score_rSI,medicine,S2,score_rSI,,overall,medicine,validation_2024,score_component_available_subset_of_current_cohort,4770,0ab2354f3d43a9665c0585455f6777c391ac11abecbe02c6911b0c08220b52ff,AUPRC,0.1020808466731713,0.08174030744292668,0.13561828017496513,ESTIMATED,,4626,211,3949,2000,2000,1900,outcome_stratified_patient_group_cluster,20260710,3962307683,0.1020808466731713
medicine_S2_score_rSI,medicine,S2,score_rSI,,overall,medicine,validation_2024,score_component_available_subset_of_current_cohort,4770,0ab2354f3d43a9665c0585455f6777c391ac11abecbe02c6911b0c08220b52ff,Brier,0.24867654915261841,0.24571627640931812,0.2514723034684541,ESTIMATED,,4626,211,3949,2000,2000,1900,outcome_stratified_patient_group_cluster,20260710,3962307683,0.24867654915261841
medicine_S2_score_rSI_sMS,medicine,S2,score_rSI_sMS,,overall,medicine,validation_2024,score_component_available_subset_of_current_cohort,4770,77519c9971be80a4af703a85c57f61fdb4819a447cabd6242beed24218abe7ea,AUROC,0.7667310829601568,0.7273399323438408,0.8029184591873796,ESTIMATED,,4579,209,3923,2000,2000,1900,outcome_stratified_patient_group_cluster,20260710,2925461928,0.7667310829601568
medicine_S2_score_rSI_sMS,medicine,S2,score_rSI_sMS,,overall,medicine,validation_2024,score_component_available_subset_of_current_cohort,4770,77519c9971be80a4af703a85c57f61fdb4819a447cabd6242beed24218abe7ea,AUPRC,0.16172101812839282,0.13436104909968194,0.20543378025930084,ESTIMATED,,4579,209,3923,2000,2000,1900,outcome_stratified_patient_group_cluster,20260710,2925461928,0.16172101812839282
medicine_S2_score_rSI_sMS,medicine,S2,score_rSI_sMS,,overall,medicine,validation_2024,score_component_available_subset_of_current_cohort,4770,77519c9971be80a4af703a85c57f61fdb4819a447cabd6242beed24218abe7ea,Brier,0.22099789734743408,0.21514573814389346,0.2269018311731982,ESTIMATED,,4579,209,3923,2000,2000,1900,outcome_stratified_patient_group_cluster,20260710,2925461928,0.22099789734743408
medicine_S2_score_rSI_GCSM,medicine,S2,score_rSI_GCSM,,overall,medicine,validation_2024,score_component_available_subset_of_current_cohort,4770,77519c9971be80a4af703a85c57f61fdb4819a447cabd6242beed24218abe7ea,AUROC,0.7529102295993781,0.7147974443342858,0.7899562880783525,ESTIMATED,,4579,209,3923,2000,2000,1900,outcome_stratified_patient_group_cluster,20260710,3003368314,0.7529102295993781
medicine_S2_score_rSI_GCSM,medicine,S2,score_rSI_GCSM,,overall,medicine,validation_2024,score_component_available_subset_of_current_cohort,4770,77519c9971be80a4af703a85c57f61fdb4819a447cabd6242beed24218abe7ea,AUPRC,0.1698356518858538,0.13865099964751496,0.21920228843619305,ESTIMATED,,4579,209,3923,2000,2000,1900,outcome_stratified_patient_group_cluster,20260710,3003368314,0.1698356518858538
medicine_S2_score_rSI_GCSM,medicine,S2,score_rSI_GCSM,,overall,medicine,validation_2024,score_component_available_subset_of_current_cohort,4770,77519c9971be80a4af703a85c57f61fdb4819a447cabd6242beed24218abe7ea,Brier,0.22068704772649733,0.2151489928848936,0.2263790736801657,ESTIMATED,,4579,209,3923,2000,2000,1900,outcome_stratified_patient_group_cluster,20260710,3003368314,0.22068704772649733
medicine_S2_score_SIAVPU,medicine,S2,score_SIAVPU,,overall,medicine,validation_2024,score_component_available_subset_of_current_cohort,4770,0ab2354f3d43a9665c0585455f6777c391ac11abecbe02c6911b0c08220b52ff,AUROC,0.5353711227879965,0.4854183983860425,0.5839487279442866,ESTIMATED,,4626,211,3949,2000,2000,1900,outcome_stratified_patient_group_cluster,20260710,405232030,0.5353711227879965
medicine_S2_score_SIAVPU,medicine,S2,score_SIAVPU,,overall,medicine,validation_2024,score_component_available_subset_of_current_cohort,4770,0ab2354f3d43a9665c0585455f6777c391ac11abecbe02c6911b0c08220b52ff,AUPRC,0.08209611626340338,0.06390405861964064,0.11222964210610052,ESTIMATED,,4626,211,3949,2000,2000,1900,outcome_stratified_patient_group_cluster,20260710,405232030,0.08209611626340338
medicine_S2_score_SIAVPU,medicine,S2,score_SIAVPU,,overall,medicine,validation_2024,score_component_available_subset_of_current_cohort,4770,0ab2354f3d43a9665c0585455f6777c391ac11abecbe02c6911b0c08220b52ff,Brier,0.248131259084565,0.24764337332813152,0.24859395921087393,ESTIMATED,,4626,211,3949,2000,2000,1900,outcome_stratified_patient_group_cluster,20260710,405232030,0.248131259084565
medicine_S2_score_sMS,medicine,S2,score_sMS,,overall,medicine,validation_2024,score_component_available_subset_of_current_cohort,4770,9e0b0ccdf19e7c79e23643be95c739b83926768acce4ddae6b3d4f227976be51,AUROC,0.7031315146344749,0.6683443173410372,0.7382180319809871,ESTIMATED,,4585,214,3926,2000,2000,1900,outcome_stratified_patient_group_cluster,20260710,4276459440,0.7031315146344749
medicine_S2_score_sMS,medicine,S2,score_sMS,,overall,medicine,validation_2024,score_component_available_subset_of_current_cohort,4770,9e0b0ccdf19e7c79e23643be95c739b83926768acce4ddae6b3d4f227976be51,AUPRC,0.12365786151801092,0.10237677367340889,0.14870038899681737,ESTIMATED,,4585,214,3926,2000,2000,1900,outcome_stratified_patient_group_cluster,20260710,4276459440,0.12365786151801092
medicine_S2_score_sMS,medicine,S2,score_sMS,,overall,medicine,validation_2024,score_component_available_subset_of_current_cohort,4770,9e0b0ccdf19e7c79e23643be95c739b83926768acce4ddae6b3d4f227976be51,Brier,0.19628803220867458,0.19019282484151023,0.20258291325823186,ESTIMATED,,4585,214,3926,2000,2000,1900,outcome_stratified_patient_group_cluster,20260710,4276459440,0.19628803220867458
medicine_S2_score_qSOFA,medicine,S2,score_qSOFA,,overall,medicine,validation_2024,score_component_available_subset_of_current_cohort,4770,0ab2354f3d43a9665c0585455f6777c391ac11abecbe02c6911b0c08220b52ff,AUROC,0.7325285943546613,0.6951934646930178,0.7660046111720422,ESTIMATED,,4626,211,3949,2000,2000,1900,outcome_stratified_patient_group_cluster,20260710,935835949,0.7325285943546613
medicine_S2_score_qSOFA,medicine,S2,score_qSOFA,,overall,medicine,validation_2024,score_component_available_subset_of_current_cohort,4770,0ab2354f3d43a9665c0585455f6777c391ac11abecbe02c6911b0c08220b52ff,AUPRC,0.11715277273215939,0.0984252638190694,0.14213937984400393,ESTIMATED,,4626,211,3949,2000,2000,1900,outcome_stratified_patient_group_cluster,20260710,935835949,0.11715277273215939
medicine_S2_score_qSOFA,medicine,S2,score_qSOFA,,overall,medicine,validation_2024,score_component_available_subset_of_current_cohort,4770,0ab2354f3d43a9665c0585455f6777c391ac11abecbe02c6911b0c08220b52ff,Brier,0.23075514136786845,0.22379946887046706,0.23854631855870698,ESTIMATED,,4626,211,3949,2000,2000,1900,outcome_stratified_patient_group_cluster,20260710,935835949,0.23075514136786845
medicine_S2_score_MEWS,medicine,S2,score_MEWS,,overall,medicine,validation_2024,score_component_available_subset_of_current_cohort,4770,0ab2354f3d43a9665c0585455f6777c391ac11abecbe02c6911b0c08220b52ff,AUROC,0.7280554765367955,0.6899786339214542,0.7630450285635608,ESTIMATED,,4626,211,3949,2000,2000,1900,outcome_stratified_patient_group_cluster,20260710,436655171,0.7280554765367955
medicine_S2_score_MEWS,medicine,S2,score_MEWS,,overall,medicine,validation_2024,score_component_available_subset_of_current_cohort,4770,0ab2354f3d43a9665c0585455f6777c391ac11abecbe02c6911b0c08220b52ff,AUPRC,0.13893699630164216,0.10934562891667143,0.17878567126024802,ESTIMATED,,4626,211,3949,2000,2000,1900,outcome_stratified_patient_group_cluster,20260710,436655171,0.13893699630164216
medicine_S2_score_MEWS,medicine,S2,score_MEWS,,overall,medicine,validation_2024,score_component_available_subset_of_current_cohort,4770,0ab2354f3d43a9665c0585455f6777c391ac11abecbe02c6911b0c08220b52ff,Brier,0.21850183383103053,0.21209991196671327,0.22496308793670075,ESTIMATED,,4626,211,3949,2000,2000,1900,outcome_stratified_patient_group_cluster,20260710,436655171,0.21850183383103053
medicine_S2_score_REMS,medicine,S2,score_REMS,,overall,medicine,validation_2024,score_component_available_subset_of_current_cohort,4770,27addfbae90d58a06415d5db624699991999424dd5659b5df0eee6bf8c38cc3b,AUROC,0.7512973284643476,0.7144801754398338,0.7883731418680168,ESTIMATED,,3960,176,3400,2000,2000,1900,outcome_stratified_patient_group_cluster,20260710,2804226746,0.7512973284643476
medicine_S2_score_REMS,medicine,S2,score_REMS,,overall,medicine,validation_2024,score_component_available_subset_of_current_cohort,4770,27addfbae90d58a06415d5db624699991999424dd5659b5df0eee6bf8c38cc3b,AUPRC,0.15452639815359367,0.12148197976465887,0.20775220863230412,ESTIMATED,,3960,176,3400,2000,2000,1900,outcome_stratified_patient_group_cluster,20260710,2804226746,0.15452639815359367
medicine_S2_score_REMS,medicine,S2,score_REMS,,overall,medicine,validation_2024,score_component_available_subset_of_current_cohort,4770,27addfbae90d58a06415d5db624699991999424dd5659b5df0eee6bf8c38cc3b,Brier,0.22363908638051133,0.2161189361818302,0.23112863156766497,ESTIMATED,,3960,176,3400,2000,2000,1900,outcome_stratified_patient_group_cluster,20260710,2804226746,0.22363908638051133
medicine_S2_score_RTS,medicine,S2,score_RTS,,overall,medicine,validation_2024,score_component_available_subset_of_current_cohort,4770,98e76858e58f643d05d48cbaceb02e25743f80a46ee195958b082c24bb41fd1b,AUROC,0.719298976714806,0.6856558452897299,0.7555261729186705,ESTIMATED,,4572,209,3920,2000,2000,1900,outcome_stratified_patient_group_cluster,20260710,3160025053,0.719298976714806
medicine_S2_score_RTS,medicine,S2,score_RTS,,overall,medicine,validation_2024,score_component_available_subset_of_current_cohort,4770,98e76858e58f643d05d48cbaceb02e25743f80a46ee195958b082c24bb41fd1b,AUPRC,0.15565919475927914,0.12608164518737205,0.20136426714362285,ESTIMATED,,4572,209,3920,2000,2000,1900,outcome_stratified_patient_group_cluster,20260710,3160025053,0.15565919475927914
medicine_S2_score_RTS,medicine,S2,score_RTS,,overall,medicine,validation_2024,score_component_available_subset_of_current_cohort,4770,98e76858e58f643d05d48cbaceb02e25743f80a46ee195958b082c24bb41fd1b,Brier,0.19054622178703706,0.18495065817823222,0.196465134961164,ESTIMATED,,4572,209,3920,2000,2000,1900,outcome_stratified_patient_group_cluster,20260710,3160025053,0.19054622178703706
medicine_S2_score_rSI_GCS_alias,medicine,S2,score_rSI_GCS_alias,score_rSIG,overall,medicine,validation_2024,score_component_available_subset_of_current_cohort,4770,98e76858e58f643d05d48cbaceb02e25743f80a46ee195958b082c24bb41fd1b,AUROC,0.7655612057460135,0.7288894446147939,0.7995638280761688,ESTIMATED,,4572,209,3920,2000,2000,1900,outcome_stratified_patient_group_cluster,20260710,3517841501,0.7655612057460135
medicine_S2_score_rSI_GCS_alias,medicine,S2,score_rSI_GCS_alias,score_rSIG,overall,medicine,validation_2024,score_component_available_subset_of_current_cohort,4770,98e76858e58f643d05d48cbaceb02e25743f80a46ee195958b082c24bb41fd1b,AUPRC,0.1792261408176249,0.1461825215775008,0.22898261655863114,ESTIMATED,,4572,209,3920,2000,2000,1900,outcome_stratified_patient_group_cluster,20260710,3517841501,0.1792261408176249
medicine_S2_score_rSI_GCS_alias,medicine,S2,score_rSI_GCS_alias,score_rSIG,overall,medicine,validation_2024,score_component_available_subset_of_current_cohort,4770,98e76858e58f643d05d48cbaceb02e25743f80a46ee195958b082c24bb41fd1b,Brier,0.21870081752675993,0.2127337040761348,0.22464574206295412,ESTIMATED,,4572,209,3920,2000,2000,1900,outcome_stratified_patient_group_cluster,20260710,3517841501,0.21870081752675993
medicine_S2_knn_classifier,medicine,S2,knn_classifier,,medicine,medicine,validation_2024,exact_current_cohort,4770,7960c3127977b086d8b2ebc49273972f5e3d48dcd91fc5bce3bebfb2b4b8d464,AUROC,0.835848094611915,0.8070197543564984,0.8634962114998832,ESTIMATED,,4770,267,4071,2000,2000,1900,outcome_stratified_patient_group_cluster,20260710,3407979953,0.835848094611915
medicine_S2_knn_classifier,medicine,S2,knn_classifier,,medicine,medicine,validation_2024,exact_current_cohort,4770,7960c3127977b086d8b2ebc49273972f5e3d48dcd91fc5bce3bebfb2b4b8d464,AUPRC,0.38373288972693664,0.3298948312114571,0.44803692649793064,ESTIMATED,,4770,267,4071,2000,2000,1900,outcome_stratified_patient_group_cluster,20260710,3407979953,0.38373288972693664
medicine_S2_knn_classifier,medicine,S2,knn_classifier,,medicine,medicine,validation_2024,exact_current_cohort,4770,7960c3127977b086d8b2ebc49273972f5e3d48dcd91fc5bce3bebfb2b4b8d464,Brier,0.04297132226743247,0.04096520853537787,0.044823695889235446,ESTIMATED,,4770,267,4071,2000,2000,1900,outcome_stratified_patient_group_cluster,20260710,3407979953,0.04297132226743247
medicine_S3_decision_tree,medicine,S3,decision_tree,,overall,medicine,validation_2024,exact_current_cohort,4770,7960c3127977b086d8b2ebc49273972f5e3d48dcd91fc5bce3bebfb2b4b8d464,AUROC,0.6961907425221161,0.6789101860644092,0.7120532965052343,ESTIMATED,,4770,1606,4071,2000,2000,1900,outcome_stratified_patient_group_cluster,20260710,3771175287,0.6961907425221161
medicine_S3_decision_tree,medicine,S3,decision_tree,,overall,medicine,validation_2024,exact_current_cohort,4770,7960c3127977b086d8b2ebc49273972f5e3d48dcd91fc5bce3bebfb2b4b8d464,AUPRC,0.5229595489996531,0.5013307302740068,0.5457411789050914,ESTIMATED,,4770,1606,4071,2000,2000,1900,outcome_stratified_patient_group_cluster,20260710,3771175287,0.5229595489996531
medicine_S3_decision_tree,medicine,S3,decision_tree,,overall,medicine,validation_2024,exact_current_cohort,4770,7960c3127977b086d8b2ebc49273972f5e3d48dcd91fc5bce3bebfb2b4b8d464,Brier,0.23395658062439614,0.22863066200985183,0.23951233823981066,ESTIMATED,,4770,1606,4071,2000,2000,1900,outcome_stratified_patient_group_cluster,20260710,3771175287,0.23395658062439614
medicine_S3_random_forest,medicine,S3,random_forest,,overall,medicine,validation_2024,exact_current_cohort,4770,7960c3127977b086d8b2ebc49273972f5e3d48dcd91fc5bce3bebfb2b4b8d464,AUROC,0.7573296960040807,0.7417130848099153,0.7712845956833368,ESTIMATED,,4770,1606,4071,2000,2000,1900,outcome_stratified_patient_group_cluster,20260710,4081193411,0.7573296960040807
medicine_S3_random_forest,medicine,S3,random_forest,,overall,medicine,validation_2024,exact_current_cohort,4770,7960c3127977b086d8b2ebc49273972f5e3d48dcd91fc5bce3bebfb2b4b8d464,AUPRC,0.6086934592253186,0.5825912615853879,0.6339571828196522,ESTIMATED,,4770,1606,4071,2000,2000,1900,outcome_stratified_patient_group_cluster,20260710,4081193411,0.6086934592253186
medicine_S3_random_forest,medicine,S3,random_forest,,overall,medicine,validation_2024,exact_current_cohort,4770,7960c3127977b086d8b2ebc49273972f5e3d48dcd91fc5bce3bebfb2b4b8d464,Brier,0.2048814585882612,0.20062461691457142,0.20938150538853234,ESTIMATED,,4770,1606,4071,2000,2000,1900,outcome_stratified_patient_group_cluster,20260710,4081193411,0.2048814585882612
medicine_S3_balanced_random_forest,medicine,S3,balanced_random_forest,,overall,medicine,validation_2024,exact_current_cohort,4770,7960c3127977b086d8b2ebc49273972f5e3d48dcd91fc5bce3bebfb2b4b8d464,AUROC,0.7566070582345283,0.7416638663616701,0.7710799276274751,ESTIMATED,,4770,1606,4071,2000,2000,1900,outcome_stratified_patient_group_cluster,20260710,752864858,0.7566070582345283
medicine_S3_balanced_random_forest,medicine,S3,balanced_random_forest,,overall,medicine,validation_2024,exact_current_cohort,4770,7960c3127977b086d8b2ebc49273972f5e3d48dcd91fc5bce3bebfb2b4b8d464,AUPRC,0.6110163275932095,0.5852470579121385,0.6369166055269635,ESTIMATED,,4770,1606,4071,2000,2000,1900,outcome_stratified_patient_group_cluster,20260710,752864858,0.6110163275932095
medicine_S3_balanced_random_forest,medicine,S3,balanced_random_forest,,overall,medicine,validation_2024,exact_current_cohort,4770,7960c3127977b086d8b2ebc49273972f5e3d48dcd91fc5bce3bebfb2b4b8d464,Brier,0.21183012748053248,0.2074514203407911,0.21631602499137348,ESTIMATED,,4770,1606,4071,2000,2000,1900,outcome_stratified_patient_group_cluster,20260710,752864858,0.21183012748053248
medicine_S3_svm_rbf,medicine,S3,svm_rbf,,overall,medicine,validation_2024,exact_current_cohort,4770,7960c3127977b086d8b2ebc49273972f5e3d48dcd91fc5bce3bebfb2b4b8d464,AUROC,0.7292574227808801,0.7128442541323825,0.744004590074247,ESTIMATED,,4770,1606,4071,2000,2000,1900,outcome_stratified_patient_group_cluster,20260710,1413407880,0.7292574227808801
medicine_S3_svm_rbf,medicine,S3,svm_rbf,,overall,medicine,validation_2024,exact_current_cohort,4770,7960c3127977b086d8b2ebc49273972f5e3d48dcd91fc5bce3bebfb2b4b8d464,AUPRC,0.576335880557276,0.5515323711614782,0.6017270126135023,ESTIMATED,,4770,1606,4071,2000,2000,1900,outcome_stratified_patient_group_cluster,20260710,1413407880,0.576335880557276
medicine_S3_svm_rbf,medicine,S3,svm_rbf,,overall,medicine,validation_2024,exact_current_cohort,4770,7960c3127977b086d8b2ebc49273972f5e3d48dcd91fc5bce3bebfb2b4b8d464,Brier,0.1909726571950351,0.18629401062643683,0.1962493298504012,ESTIMATED,,4770,1606,4071,2000,2000,1900,outcome_stratified_patient_group_cluster,20260710,1413407880,0.1909726571950351
medicine_S3_logistic_l1,medicine,S3,logistic_l1,,overall,medicine,validation_2024,exact_current_cohort,4770,7960c3127977b086d8b2ebc49273972f5e3d48dcd91fc5bce3bebfb2b4b8d464,AUROC,0.7427228487356988,0.7276984666881636,0.7579612996275698,ESTIMATED,,4770,1606,4071,2000,2000,1900,outcome_stratified_patient_group_cluster,20260710,4083391530,0.7427228487356988
medicine_S3_logistic_l1,medicine,S3,logistic_l1,,overall,medicine,validation_2024,exact_current_cohort,4770,7960c3127977b086d8b2ebc49273972f5e3d48dcd91fc5bce3bebfb2b4b8d464,AUPRC,0.5753800496281776,0.551443447555712,0.6021430079746185,ESTIMATED,,4770,1606,4071,2000,2000,1900,outcome_stratified_patient_group_cluster,20260710,4083391530,0.5753800496281776
medicine_S3_logistic_l1,medicine,S3,logistic_l1,,overall,medicine,validation_2024,exact_current_cohort,4770,7960c3127977b086d8b2ebc49273972f5e3d48dcd91fc5bce3bebfb2b4b8d464,Brier,0.21575789494076975,0.20934240697291642,0.22193040579673964,ESTIMATED,,4770,1606,4071,2000,2000,1900,outcome_stratified_patient_group_cluster,20260710,4083391530,0.21575789494076975
medicine_S3_logistic_l2,medicine,S3,logistic_l2,,overall,medicine,validation_2024,exact_current_cohort,4770,7960c3127977b086d8b2ebc49273972f5e3d48dcd91fc5bce3bebfb2b4b8d464,AUROC,0.7407580297021441,0.7255566865139437,0.7553957659315025,ESTIMATED,,4770,1606,4071,2000,2000,1900,outcome_stratified_patient_group_cluster,20260710,2828208697,0.7407580297021441
medicine_S3_logistic_l2,medicine,S3,logistic_l2,,overall,medicine,validation_2024,exact_current_cohort,4770,7960c3127977b086d8b2ebc49273972f5e3d48dcd91fc5bce3bebfb2b4b8d464,AUPRC,0.5715727058484208,0.5483920127552415,0.5978317807471272,ESTIMATED,,4770,1606,4071,2000,2000,1900,outcome_stratified_patient_group_cluster,20260710,2828208697,0.5715727058484208
medicine_S3_logistic_l2,medicine,S3,logistic_l2,,overall,medicine,validation_2024,exact_current_cohort,4770,7960c3127977b086d8b2ebc49273972f5e3d48dcd91fc5bce3bebfb2b4b8d464,Brier,0.21661541313633106,0.21016161451696938,0.22298019356266285,ESTIMATED,,4770,1606,4071,2000,2000,1900,outcome_stratified_patient_group_cluster,20260710,2828208697,0.21661541313633106
medicine_S3_score_NEWS2,medicine,S3,score_NEWS2,,overall,medicine,validation_2024,score_component_available_subset_of_current_cohort,4770,88c03a43fd63f9f7b0f8049a1de628d3144d74d2d7666f40a8f1bd4b3f5739bd,AUROC,0.510656378600823,0.4745070601464674,0.5468371702036917,ESTIMATED,,986,500,886,2000,2000,1900,outcome_stratified_patient_group_cluster,20260710,81619917,0.510656378600823
medicine_S3_score_NEWS2,medicine,S3,score_NEWS2,,overall,medicine,validation_2024,score_component_available_subset_of_current_cohort,4770,88c03a43fd63f9f7b0f8049a1de628d3144d74d2d7666f40a8f1bd4b3f5739bd,AUPRC,0.5112897515098797,0.4842965240144481,0.5403465109346648,ESTIMATED,,986,500,886,2000,2000,1900,outcome_stratified_patient_group_cluster,20260710,81619917,0.5112897515098797
medicine_S3_score_NEWS2,medicine,S3,score_NEWS2,,overall,medicine,validation_2024,score_component_available_subset_of_current_cohort,4770,88c03a43fd63f9f7b0f8049a1de628d3144d74d2d7666f40a8f1bd4b3f5739bd,Brier,0.2505855485327062,0.24850928721266086,0.2526995055810277,ESTIMATED,,986,500,886,2000,2000,1900,outcome_stratified_patient_group_cluster,20260710,81619917,0.2505855485327062
medicine_S3_score_rSIG,medicine,S3,score_rSIG,,overall,medicine,validation_2024,score_component_available_subset_of_current_cohort,4770,98e76858e58f643d05d48cbaceb02e25743f80a46ee195958b082c24bb41fd1b,AUROC,0.5995276599065797,0.5794724584480909,0.6177442838021858,ESTIMATED,,4572,1545,3920,2000,2000,1900,outcome_stratified_patient_group_cluster,20260710,1276887146,0.5995276599065797
medicine_S3_score_rSIG,medicine,S3,score_rSIG,,overall,medicine,validation_2024,score_component_available_subset_of_current_cohort,4770,98e76858e58f643d05d48cbaceb02e25743f80a46ee195958b082c24bb41fd1b,AUPRC,0.4161913481291507,0.396373838026414,0.43824533827471784,ESTIMATED,,4572,1545,3920,2000,2000,1900,outcome_stratified_patient_group_cluster,20260710,1276887146,0.4161913481291507
medicine_S3_score_rSIG,medicine,S3,score_rSIG,,overall,medicine,validation_2024,score_component_available_subset_of_current_cohort,4770,98e76858e58f643d05d48cbaceb02e25743f80a46ee195958b082c24bb41fd1b,Brier,0.2473826494532741,0.2455931557421989,0.24924117208011531,ESTIMATED,,4572,1545,3920,2000,2000,1900,outcome_stratified_patient_group_cluster,20260710,1276887146,0.2473826494532741
medicine_S3_score_rSIG_Age,medicine,S3,score_rSIG_Age,,overall,medicine,validation_2024,score_component_available_subset_of_current_cohort,4770,b142c734ff665a9dcf5ccfad408f4f85c042489c496bbf4221e3dc65db87befe,AUROC,0.6821477800037672,0.6659072939037481,0.6977495708524926,ESTIMATED,,4569,1545,3917,2000,2000,1900,outcome_stratified_patient_group_cluster,20260710,1859431218,0.6821477800037672
medicine_S3_score_rSIG_Age,medicine,S3,score_rSIG_Age,,overall,medicine,validation_2024,score_component_available_subset_of_current_cohort,4770,b142c734ff665a9dcf5ccfad408f4f85c042489c496bbf4221e3dc65db87befe,AUPRC,0.4788108274329703,0.45671295367695186,0.5019724501305001,ESTIMATED,,4569,1545,3917,2000,2000,1900,outcome_stratified_patient_group_cluster,20260710,1859431218,0.4788108274329703
medicine_S3_score_rSIG_Age,medicine,S3,score_rSIG_Age,,overall,medicine,validation_2024,score_component_available_subset_of_current_cohort,4770,b142c734ff665a9dcf5ccfad408f4f85c042489c496bbf4221e3dc65db87befe,Brier,0.24311674125888066,0.2394849127409219,0.24699556472246606,ESTIMATED,,4569,1545,3917,2000,2000,1900,outcome_stratified_patient_group_cluster,20260710,1859431218,0.24311674125888066
medicine_S3_score_SIA_G,medicine,S3,score_SIA_G,,overall,medicine,validation_2024,score_component_available_subset_of_current_cohort,4770,b142c734ff665a9dcf5ccfad408f4f85c042489c496bbf4221e3dc65db87befe,AUROC,0.68214724491019,0.6648698903342156,0.6981156330170009,ESTIMATED,,4569,1545,3917,2000,2000,1900,outcome_stratified_patient_group_cluster,20260710,181703707,0.68214724491019
medicine_S3_score_SIA_G,medicine,S3,score_SIA_G,,overall,medicine,validation_2024,score_component_available_subset_of_current_cohort,4770,b142c734ff665a9dcf5ccfad408f4f85c042489c496bbf4221e3dc65db87befe,AUPRC,0.4788099604615022,0.4562047614809598,0.503067376056547,ESTIMATED,,4569,1545,3917,2000,2000,1900,outcome_stratified_patient_group_cluster,20260710,181703707,0.4788099604615022
medicine_S3_score_SIA_G,medicine,S3,score_SIA_G,,overall,medicine,validation_2024,score_component_available_subset_of_current_cohort,4770,b142c734ff665a9dcf5ccfad408f4f85c042489c496bbf4221e3dc65db87befe,Brier,0.24388090107996932,0.24070578796845404,0.24713656994982752,ESTIMATED,,4569,1545,3917,2000,2000,1900,outcome_stratified_patient_group_cluster,20260710,181703707,0.24388090107996932
medicine_S3_score_SI_G,medicine,S3,score_SI_G,,overall,medicine,validation_2024,score_component_available_subset_of_current_cohort,4770,98e76858e58f643d05d48cbaceb02e25743f80a46ee195958b082c24bb41fd1b,AUROC,0.5995264838674155,0.5818630923973408,0.6169780745540573,ESTIMATED,,4572,1545,3920,2000,2000,1900,outcome_stratified_patient_group_cluster,20260710,4024848108,0.5995264838674155
medicine_S3_score_SI_G,medicine,S3,score_SI_G,,overall,medicine,validation_2024,score_component_available_subset_of_current_cohort,4770,98e76858e58f643d05d48cbaceb02e25743f80a46ee195958b082c24bb41fd1b,AUPRC,0.41618306270317695,0.39811269264871646,0.43759359280368265,ESTIMATED,,4572,1545,3920,2000,2000,1900,outcome_stratified_patient_group_cluster,20260710,4024848108,0.41618306270317695
medicine_S3_score_SI_G,medicine,S3,score_SI_G,,overall,medicine,validation_2024,score_component_available_subset_of_current_cohort,4770,98e76858e58f643d05d48cbaceb02e25743f80a46ee195958b082c24bb41fd1b,Brier,0.24943543323901368,0.2477516144214756,0.25119086833135323,ESTIMATED,,4572,1545,3920,2000,2000,1900,outcome_stratified_patient_group_cluster,20260710,4024848108,0.24943543323901368
medicine_S3_score_SI,medicine,S3,score_SI,,overall,medicine,validation_2024,score_component_available_subset_of_current_cohort,4770,0ab2354f3d43a9665c0585455f6777c391ac11abecbe02c6911b0c08220b52ff,AUROC,0.5886523433633961,0.5710920965012458,0.6070341425712897,ESTIMATED,,4626,1571,3949,2000,2000,1900,outcome_stratified_patient_group_cluster,20260710,2749380742,0.5886523433633961
medicine_S3_score_SI,medicine,S3,score_SI,,overall,medicine,validation_2024,score_component_available_subset_of_current_cohort,4770,0ab2354f3d43a9665c0585455f6777c391ac11abecbe02c6911b0c08220b52ff,AUPRC,0.410988038258398,0.3918623098139461,0.4337266217224782,ESTIMATED,,4626,1571,3949,2000,2000,1900,outcome_stratified_patient_group_cluster,20260710,2749380742,0.410988038258398
medicine_S3_score_SI,medicine,S3,score_SI,,overall,medicine,validation_2024,score_component_available_subset_of_current_cohort,4770,0ab2354f3d43a9665c0585455f6777c391ac11abecbe02c6911b0c08220b52ff,Brier,0.248234518096708,0.24691018014677737,0.24963139028195602,ESTIMATED,,4626,1571,3949,2000,2000,1900,outcome_stratified_patient_group_cluster,20260710,2749380742,0.248234518096708
medicine_S3_score_mSI,medicine,S3,score_mSI,,overall,medicine,validation_2024,score_component_available_subset_of_current_cohort,4770,16a58766becef016afc355b385465e1fbd58c33007a151d81108f4d70c979f10,AUROC,0.6009649240844155,0.5827085473189233,0.6189860959239173,ESTIMATED,,4006,1336,3427,2000,2000,1900,outcome_stratified_patient_group_cluster,20260710,3575587050,0.6009649240844155
medicine_S3_score_mSI,medicine,S3,score_mSI,,overall,medicine,validation_2024,score_component_available_subset_of_current_cohort,4770,16a58766becef016afc355b385465e1fbd58c33007a151d81108f4d70c979f10,AUPRC,0.40856899544931496,0.38877953617245903,0.42945965258099106,ESTIMATED,,4006,1336,3427,2000,2000,1900,outcome_stratified_patient_group_cluster,20260710,3575587050,0.40856899544931496
medicine_S3_score_mSI,medicine,S3,score_mSI,,overall,medicine,validation_2024,score_component_available_subset_of_current_cohort,4770,16a58766becef016afc355b385465e1fbd58c33007a151d81108f4d70c979f10,Brier,0.2465577585091272,0.2448463022554756,0.24838775683873016,ESTIMATED,,4006,1336,3427,2000,2000,1900,outcome_stratified_patient_group_cluster,20260710,3575587050,0.2465577585091272
medicine_S3_score_aSI,medicine,S3,score_aSI,,overall,medicine,validation_2024,score_component_available_subset_of_current_cohort,4770,1014b45c25e6bd3b6cb572e528182234d15808c04aab1b2caff8682d103c0a2b,AUROC,0.6895861089721718,0.672993624656828,0.7061124135740741,ESTIMATED,,4623,1571,3946,2000,2000,1900,outcome_stratified_patient_group_cluster,20260710,1658636333,0.6895861089721718
medicine_S3_score_aSI,medicine,S3,score_aSI,,overall,medicine,validation_2024,score_component_available_subset_of_current_cohort,4770,1014b45c25e6bd3b6cb572e528182234d15808c04aab1b2caff8682d103c0a2b,AUPRC,0.5000984865838058,0.47732357718359575,0.5239359270453251,ESTIMATED,,4623,1571,3946,2000,2000,1900,outcome_stratified_patient_group_cluster,20260710,1658636333,0.5000984865838058
medicine_S3_score_aSI,medicine,S3,score_aSI,,overall,medicine,validation_2024,score_component_available_subset_of_current_cohort,4770,1014b45c25e6bd3b6cb572e528182234d15808c04aab1b2caff8682d103c0a2b,Brier,0.24051978756732195,0.23609706597512273,0.24541152138324374,ESTIMATED,,4623,1571,3946,2000,2000,1900,outcome_stratified_patient_group_cluster,20260710,1658636333,0.24051978756732195
medicine_S3_score_rSI,medicine,S3,score_rSI,,overall,medicine,validation_2024,score_component_available_subset_of_current_cohort,4770,0ab2354f3d43a9665c0585455f6777c391ac11abecbe02c6911b0c08220b52ff,AUROC,0.5886523433633961,0.5714745909024954,0.6069170444760371,ESTIMATED,,4626,1571,3949,2000,2000,1900,outcome_stratified_patient_group_cluster,20260710,3627615011,0.5886523433633961
medicine_S3_score_rSI,medicine,S3,score_rSI,,overall,medicine,validation_2024,score_component_available_subset_of_current_cohort,4770,0ab2354f3d43a9665c0585455f6777c391ac11abecbe02c6911b0c08220b52ff,AUPRC,0.410988038258398,0.3926427414390417,0.43279162725333675,ESTIMATED,,4626,1571,3949,2000,2000,1900,outcome_stratified_patient_group_cluster,20260710,3627615011,0.410988038258398
medicine_S3_score_rSI,medicine,S3,score_rSI,,overall,medicine,validation_2024,score_component_available_subset_of_current_cohort,4770,0ab2354f3d43a9665c0585455f6777c391ac11abecbe02c6911b0c08220b52ff,Brier,0.24762791249423763,0.24639622704259453,0.24879459869374743,ESTIMATED,,4626,1571,3949,2000,2000,1900,outcome_stratified_patient_group_cluster,20260710,3627615011,0.24762791249423763
medicine_S3_score_rSI_sMS,medicine,S3,score_rSI_sMS,,overall,medicine,validation_2024,score_component_available_subset_of_current_cohort,4770,77519c9971be80a4af703a85c57f61fdb4819a447cabd6242beed24218abe7ea,AUROC,0.6002511208852064,0.5822731361798679,0.6176027480176414,ESTIMATED,,4579,1550,3923,2000,2000,1900,outcome_stratified_patient_group_cluster,20260710,2741094871,0.6002511208852064
medicine_S3_score_rSI_sMS,medicine,S3,score_rSI_sMS,,overall,medicine,validation_2024,score_component_available_subset_of_current_cohort,4770,77519c9971be80a4af703a85c57f61fdb4819a447cabd6242beed24218abe7ea,AUPRC,0.42716921743833874,0.4079772200397233,0.450444464608382,ESTIMATED,,4579,1550,3923,2000,2000,1900,outcome_stratified_patient_group_cluster,20260710,2741094871,0.42716921743833874
medicine_S3_score_rSI_sMS,medicine,S3,score_rSI_sMS,,overall,medicine,validation_2024,score_component_available_subset_of_current_cohort,4770,77519c9971be80a4af703a85c57f61fdb4819a447cabd6242beed24218abe7ea,Brier,0.24722755667907184,0.2453378217150212,0.2491215908558808,ESTIMATED,,4579,1550,3923,2000,2000,1900,outcome_stratified_patient_group_cluster,20260710,2741094871,0.24722755667907184
medicine_S3_score_rSI_GCSM,medicine,S3,score_rSI_GCSM,,overall,medicine,validation_2024,score_component_available_subset_of_current_cohort,4770,77519c9971be80a4af703a85c57f61fdb4819a447cabd6242beed24218abe7ea,AUROC,0.5975715396330099,0.5802034052900968,0.6151800443416935,ESTIMATED,,4579,1550,3923,2000,2000,1900,outcome_stratified_patient_group_cluster,20260710,4120494263,0.5975715396330099
medicine_S3_score_rSI_GCSM,medicine,S3,score_rSI_GCSM,,overall,medicine,validation_2024,score_component_available_subset_of_current_cohort,4770,77519c9971be80a4af703a85c57f61fdb4819a447cabd6242beed24218abe7ea,AUPRC,0.41359541818906026,0.39436590015158707,0.4353020627892365,ESTIMATED,,4579,1550,3923,2000,2000,1900,outcome_stratified_patient_group_cluster,20260710,4120494263,0.41359541818906026
medicine_S3_score_rSI_GCSM,medicine,S3,score_rSI_GCSM,,overall,medicine,validation_2024,score_component_available_subset_of_current_cohort,4770,77519c9971be80a4af703a85c57f61fdb4819a447cabd6242beed24218abe7ea,Brier,0.24748857941907465,0.24575724294309403,0.24912676647480436,ESTIMATED,,4579,1550,3923,2000,2000,1900,outcome_stratified_patient_group_cluster,20260710,4120494263,0.24748857941907465
medicine_S3_score_SIAVPU,medicine,S3,score_SIAVPU,,overall,medicine,validation_2024,score_component_available_subset_of_current_cohort,4770,0ab2354f3d43a9665c0585455f6777c391ac11abecbe02c6911b0c08220b52ff,AUROC,0.5520352001966911,0.5333198580651203,0.5691791209808,ESTIMATED,,4626,1571,3949,2000,2000,1900,outcome_stratified_patient_group_cluster,20260710,4130488751,0.5520352001966911
medicine_S3_score_SIAVPU,medicine,S3,score_SIAVPU,,overall,medicine,validation_2024,score_component_available_subset_of_current_cohort,4770,0ab2354f3d43a9665c0585455f6777c391ac11abecbe02c6911b0c08220b52ff,AUPRC,0.38964562488898813,0.372216149445114,0.40945910218326387,ESTIMATED,,4626,1571,3949,2000,2000,1900,outcome_stratified_patient_group_cluster,20260710,4130488751,0.38964562488898813
medicine_S3_score_SIAVPU,medicine,S3,score_SIAVPU,,overall,medicine,validation_2024,score_component_available_subset_of_current_cohort,4770,0ab2354f3d43a9665c0585455f6777c391ac11abecbe02c6911b0c08220b52ff,Brier,0.24949069923447642,0.2491696586686315,0.2498015177204334,ESTIMATED,,4626,1571,3949,2000,2000,1900,outcome_stratified_patient_group_cluster,20260710,4130488751,0.24949069923447642
medicine_S3_score_sMS,medicine,S3,score_sMS,,overall,medicine,validation_2024,score_component_available_subset_of_current_cohort,4770,9e0b0ccdf19e7c79e23643be95c739b83926768acce4ddae6b3d4f227976be51,AUROC,0.5421585665488104,0.5302237294083161,0.5537227539267526,ESTIMATED,,4585,1551,3926,2000,2000,1900,outcome_stratified_patient_group_cluster,20260710,4088364722,0.5421585665488104
medicine_S3_score_sMS,medicine,S3,score_sMS,,overall,medicine,validation_2024,score_component_available_subset_of_current_cohort,4770,9e0b0ccdf19e7c79e23643be95c739b83926768acce4ddae6b3d4f227976be51,AUPRC,0.3641024865165796,0.35235754592613466,0.37703816856518346,ESTIMATED,,4585,1551,3926,2000,2000,1900,outcome_stratified_patient_group_cluster,20260710,4088364722,0.3641024865165796
medicine_S3_score_sMS,medicine,S3,score_sMS,,overall,medicine,validation_2024,score_component_available_subset_of_current_cohort,4770,9e0b0ccdf19e7c79e23643be95c739b83926768acce4ddae6b3d4f227976be51,Brier,0.25034360396879857,0.248110086339532,0.2527415888869845,ESTIMATED,,4585,1551,3926,2000,2000,1900,outcome_stratified_patient_group_cluster,20260710,4088364722,0.25034360396879857
medicine_S3_score_qSOFA,medicine,S3,score_qSOFA,,overall,medicine,validation_2024,score_component_available_subset_of_current_cohort,4770,0ab2354f3d43a9665c0585455f6777c391ac11abecbe02c6911b0c08220b52ff,AUROC,0.5549197244241735,0.5375262002405388,0.5706855577470717,ESTIMATED,,4626,1571,3949,2000,2000,1900,outcome_stratified_patient_group_cluster,20260710,4186244379,0.5549197244241735
medicine_S3_score_qSOFA,medicine,S3,score_qSOFA,,overall,medicine,validation_2024,score_component_available_subset_of_current_cohort,4770,0ab2354f3d43a9665c0585455f6777c391ac11abecbe02c6911b0c08220b52ff,AUPRC,0.3777831813028125,0.36428438395122065,0.39215817195936326,ESTIMATED,,4626,1571,3949,2000,2000,1900,outcome_stratified_patient_group_cluster,20260710,4186244379,0.3777831813028125
medicine_S3_score_qSOFA,medicine,S3,score_qSOFA,,overall,medicine,validation_2024,score_component_available_subset_of_current_cohort,4770,0ab2354f3d43a9665c0585455f6777c391ac11abecbe02c6911b0c08220b52ff,Brier,0.2537955658734075,0.2517341468967637,0.25608547893085,ESTIMATED,,4626,1571,3949,2000,2000,1900,outcome_stratified_patient_group_cluster,20260710,4186244379,0.2537955658734075
medicine_S3_score_MEWS,medicine,S3,score_MEWS,,overall,medicine,validation_2024,score_component_available_subset_of_current_cohort,4770,0ab2354f3d43a9665c0585455f6777c391ac11abecbe02c6911b0c08220b52ff,AUROC,0.5890809381579591,0.571881568623938,0.606079497563439,ESTIMATED,,4626,1571,3949,2000,2000,1900,outcome_stratified_patient_group_cluster,20260710,2534263604,0.5890809381579591
medicine_S3_score_MEWS,medicine,S3,score_MEWS,,overall,medicine,validation_2024,score_component_available_subset_of_current_cohort,4770,0ab2354f3d43a9665c0585455f6777c391ac11abecbe02c6911b0c08220b52ff,AUPRC,0.4024259747260581,0.38568716028540045,0.42058191434990844,ESTIMATED,,4626,1571,3949,2000,2000,1900,outcome_stratified_patient_group_cluster,20260710,2534263604,0.4024259747260581
medicine_S3_score_MEWS,medicine,S3,score_MEWS,,overall,medicine,validation_2024,score_component_available_subset_of_current_cohort,4770,0ab2354f3d43a9665c0585455f6777c391ac11abecbe02c6911b0c08220b52ff,Brier,0.249759999893428,0.2474042574451582,0.2522774953360694,ESTIMATED,,4626,1571,3949,2000,2000,1900,outcome_stratified_patient_group_cluster,20260710,2534263604,0.249759999893428
medicine_S3_score_REMS,medicine,S3,score_REMS,,overall,medicine,validation_2024,score_component_available_subset_of_current_cohort,4770,27addfbae90d58a06415d5db624699991999424dd5659b5df0eee6bf8c38cc3b,AUROC,0.6163642864040392,0.5973275838575278,0.6344486488988337,ESTIMATED,,3960,1316,3400,2000,2000,1900,outcome_stratified_patient_group_cluster,20260710,944706157,0.6163642864040392
medicine_S3_score_REMS,medicine,S3,score_REMS,,overall,medicine,validation_2024,score_component_available_subset_of_current_cohort,4770,27addfbae90d58a06415d5db624699991999424dd5659b5df0eee6bf8c38cc3b,AUPRC,0.3988765367215471,0.38221370770215984,0.41832523276965883,ESTIMATED,,3960,1316,3400,2000,2000,1900,outcome_stratified_patient_group_cluster,20260710,944706157,0.3988765367215471
medicine_S3_score_REMS,medicine,S3,score_REMS,,overall,medicine,validation_2024,score_component_available_subset_of_current_cohort,4770,27addfbae90d58a06415d5db624699991999424dd5659b5df0eee6bf8c38cc3b,Brier,0.2515115829832038,0.24735669671875968,0.2560619627421613,ESTIMATED,,3960,1316,3400,2000,2000,1900,outcome_stratified_patient_group_cluster,20260710,944706157,0.2515115829832038
medicine_S3_score_RTS,medicine,S3,score_RTS,,overall,medicine,validation_2024,score_component_available_subset_of_current_cohort,4770,98e76858e58f643d05d48cbaceb02e25743f80a46ee195958b082c24bb41fd1b,AUROC,0.5421883736768223,0.5289459703099959,0.5554871637649961,ESTIMATED,,4572,1545,3920,2000,2000,1900,outcome_stratified_patient_group_cluster,20260710,2209479869,0.5421883736768223
medicine_S3_score_RTS,medicine,S3,score_RTS,,overall,medicine,validation_2024,score_component_available_subset_of_current_cohort,4770,98e76858e58f643d05d48cbaceb02e25743f80a46ee195958b082c24bb41fd1b,AUPRC,0.36096436905216395,0.34897120136039944,0.3758921688753405,ESTIMATED,,4572,1545,3920,2000,2000,1900,outcome_stratified_patient_group_cluster,20260710,2209479869,0.36096436905216395
medicine_S3_score_RTS,medicine,S3,score_RTS,,overall,medicine,validation_2024,score_component_available_subset_of_current_cohort,4770,98e76858e58f643d05d48cbaceb02e25743f80a46ee195958b082c24bb41fd1b,Brier,0.2507112252031804,0.24903231157058467,0.2522928745215176,ESTIMATED,,4572,1545,3920,2000,2000,1900,outcome_stratified_patient_group_cluster,20260710,2209479869,0.2507112252031804
medicine_S3_score_rSI_GCS_alias,medicine,S3,score_rSI_GCS_alias,score_rSIG,overall,medicine,validation_2024,score_component_available_subset_of_current_cohort,4770,98e76858e58f643d05d48cbaceb02e25743f80a46ee195958b082c24bb41fd1b,AUROC,0.5995276599065797,0.5794724584480909,0.6177442838021858,ESTIMATED,,4572,1545,3920,2000,2000,1900,outcome_stratified_patient_group_cluster,20260710,1276887146,0.5995276599065797
medicine_S3_score_rSI_GCS_alias,medicine,S3,score_rSI_GCS_alias,score_rSIG,overall,medicine,validation_2024,score_component_available_subset_of_current_cohort,4770,98e76858e58f643d05d48cbaceb02e25743f80a46ee195958b082c24bb41fd1b,AUPRC,0.4161913481291507,0.396373838026414,0.43824533827471784,ESTIMATED,,4572,1545,3920,2000,2000,1900,outcome_stratified_patient_group_cluster,20260710,1276887146,0.4161913481291507
medicine_S3_score_rSI_GCS_alias,medicine,S3,score_rSI_GCS_alias,score_rSIG,overall,medicine,validation_2024,score_component_available_subset_of_current_cohort,4770,98e76858e58f643d05d48cbaceb02e25743f80a46ee195958b082c24bb41fd1b,Brier,0.2473826494532741,0.2455931557421989,0.24924117208011531,ESTIMATED,,4572,1545,3920,2000,2000,1900,outcome_stratified_patient_group_cluster,20260710,1276887146,0.2473826494532741
medicine_S3_knn_classifier,medicine,S3,knn_classifier,,medicine,medicine,validation_2024,exact_current_cohort,4770,7960c3127977b086d8b2ebc49273972f5e3d48dcd91fc5bce3bebfb2b4b8d464,AUROC,0.7114250763177907,0.6953625598844686,0.7267407830572754,ESTIMATED,,4770,1606,4071,2000,2000,1900,outcome_stratified_patient_group_cluster,20260710,2074521055,0.7114250763177907
medicine_S3_knn_classifier,medicine,S3,knn_classifier,,medicine,medicine,validation_2024,exact_current_cohort,4770,7960c3127977b086d8b2ebc49273972f5e3d48dcd91fc5bce3bebfb2b4b8d464,AUPRC,0.5455759221502032,0.5220924866803629,0.5710513317507787,ESTIMATED,,4770,1606,4071,2000,2000,1900,outcome_stratified_patient_group_cluster,20260710,2074521055,0.5455759221502032
medicine_S3_knn_classifier,medicine,S3,knn_classifier,,medicine,medicine,validation_2024,exact_current_cohort,4770,7960c3127977b086d8b2ebc49273972f5e3d48dcd91fc5bce3bebfb2b4b8d464,Brier,0.1968786917025556,0.19207986272896166,0.20170720062295525,ESTIMATED,,4770,1606,4071,2000,2000,1900,outcome_stratified_patient_group_cluster,20260710,2074521055,0.1968786917025556
medicine_S4_decision_tree,medicine,S4,decision_tree,,overall,medicine,validation_2024,exact_current_cohort,4770,7960c3127977b086d8b2ebc49273972f5e3d48dcd91fc5bce3bebfb2b4b8d464,AUROC,0.7711721600970521,0.7527736754598298,0.7898850640921417,ESTIMATED,,4770,615,4071,2000,2000,1900,outcome_stratified_patient_group_cluster,20260710,3813383878,0.7711721600970521
medicine_S4_decision_tree,medicine,S4,decision_tree,,overall,medicine,validation_2024,exact_current_cohort,4770,7960c3127977b086d8b2ebc49273972f5e3d48dcd91fc5bce3bebfb2b4b8d464,AUPRC,0.3135457174479099,0.28787230211568615,0.344411128894976,ESTIMATED,,4770,615,4071,2000,2000,1900,outcome_stratified_patient_group_cluster,20260710,3813383878,0.3135457174479099
medicine_S4_decision_tree,medicine,S4,decision_tree,,overall,medicine,validation_2024,exact_current_cohort,4770,7960c3127977b086d8b2ebc49273972f5e3d48dcd91fc5bce3bebfb2b4b8d464,Brier,0.23226868771961284,0.22521370968446514,0.23920771361945994,ESTIMATED,,4770,615,4071,2000,2000,1900,outcome_stratified_patient_group_cluster,20260710,3813383878,0.23226868771961284
medicine_S4_random_forest,medicine,S4,random_forest,,overall,medicine,validation_2024,exact_current_cohort,4770,7960c3127977b086d8b2ebc49273972f5e3d48dcd91fc5bce3bebfb2b4b8d464,AUROC,0.7846825746235803,0.7663111416023379,0.8026560091608876,ESTIMATED,,4770,615,4071,2000,2000,1900,outcome_stratified_patient_group_cluster,20260710,865084353,0.7846825746235803
medicine_S4_random_forest,medicine,S4,random_forest,,overall,medicine,validation_2024,exact_current_cohort,4770,7960c3127977b086d8b2ebc49273972f5e3d48dcd91fc5bce3bebfb2b4b8d464,AUPRC,0.35851199423579055,0.3261441696681033,0.3948232728114309,ESTIMATED,,4770,615,4071,2000,2000,1900,outcome_stratified_patient_group_cluster,20260710,865084353,0.35851199423579055
medicine_S4_random_forest,medicine,S4,random_forest,,overall,medicine,validation_2024,exact_current_cohort,4770,7960c3127977b086d8b2ebc49273972f5e3d48dcd91fc5bce3bebfb2b4b8d464,Brier,0.1550570753065298,0.14992805048469554,0.16046358010586054,ESTIMATED,,4770,615,4071,2000,2000,1900,outcome_stratified_patient_group_cluster,20260710,865084353,0.1550570753065298
medicine_S4_balanced_random_forest,medicine,S4,balanced_random_forest,,overall,medicine,validation_2024,exact_current_cohort,4770,7960c3127977b086d8b2ebc49273972f5e3d48dcd91fc5bce3bebfb2b4b8d464,AUROC,0.7814434563118194,0.7626739049065163,0.7989588297938137,ESTIMATED,,4770,615,4071,2000,2000,1900,outcome_stratified_patient_group_cluster,20260710,544656959,0.7814434563118194
medicine_S4_balanced_random_forest,medicine,S4,balanced_random_forest,,overall,medicine,validation_2024,exact_current_cohort,4770,7960c3127977b086d8b2ebc49273972f5e3d48dcd91fc5bce3bebfb2b4b8d464,AUPRC,0.34390582766152583,0.31416461032202003,0.38383254735291306,ESTIMATED,,4770,615,4071,2000,2000,1900,outcome_stratified_patient_group_cluster,20260710,544656959,0.34390582766152583
medicine_S4_balanced_random_forest,medicine,S4,balanced_random_forest,,overall,medicine,validation_2024,exact_current_cohort,4770,7960c3127977b086d8b2ebc49273972f5e3d48dcd91fc5bce3bebfb2b4b8d464,Brier,0.21190025145889618,0.2058264380906249,0.21804641534194175,ESTIMATED,,4770,615,4071,2000,2000,1900,outcome_stratified_patient_group_cluster,20260710,544656959,0.21190025145889618
medicine_S4_svm_rbf,medicine,S4,svm_rbf,,overall,medicine,validation_2024,exact_current_cohort,4770,7960c3127977b086d8b2ebc49273972f5e3d48dcd91fc5bce3bebfb2b4b8d464,AUROC,0.7554798313326095,0.7357686453065425,0.7729446464311512,ESTIMATED,,4770,615,4071,2000,2000,1900,outcome_stratified_patient_group_cluster,20260710,3072378414,0.7554798313326095
medicine_S4_svm_rbf,medicine,S4,svm_rbf,,overall,medicine,validation_2024,exact_current_cohort,4770,7960c3127977b086d8b2ebc49273972f5e3d48dcd91fc5bce3bebfb2b4b8d464,AUPRC,0.28058644209615036,0.2561080998449061,0.3093314374868959,ESTIMATED,,4770,615,4071,2000,2000,1900,outcome_stratified_patient_group_cluster,20260710,3072378414,0.28058644209615036
medicine_S4_svm_rbf,medicine,S4,svm_rbf,,overall,medicine,validation_2024,exact_current_cohort,4770,7960c3127977b086d8b2ebc49273972f5e3d48dcd91fc5bce3bebfb2b4b8d464,Brier,0.10484893964709636,0.10183665504148687,0.10808406243167903,ESTIMATED,,4770,615,4071,2000,2000,1900,outcome_stratified_patient_group_cluster,20260710,3072378414,0.10484893964709636
medicine_S4_logistic_l1,medicine,S4,logistic_l1,,overall,medicine,validation_2024,exact_current_cohort,4770,7960c3127977b086d8b2ebc49273972f5e3d48dcd91fc5bce3bebfb2b4b8d464,AUROC,0.7858636376977489,0.7653601449503681,0.8059690091728745,ESTIMATED,,4770,615,4071,2000,2000,1900,outcome_stratified_patient_group_cluster,20260710,1782565701,0.7858636376977489
medicine_S4_logistic_l1,medicine,S4,logistic_l1,,overall,medicine,validation_2024,exact_current_cohort,4770,7960c3127977b086d8b2ebc49273972f5e3d48dcd91fc5bce3bebfb2b4b8d464,AUPRC,0.35673584700132227,0.32629236156240565,0.39257256642502014,ESTIMATED,,4770,615,4071,2000,2000,1900,outcome_stratified_patient_group_cluster,20260710,1782565701,0.35673584700132227
medicine_S4_logistic_l1,medicine,S4,logistic_l1,,overall,medicine,validation_2024,exact_current_cohort,4770,7960c3127977b086d8b2ebc49273972f5e3d48dcd91fc5bce3bebfb2b4b8d464,Brier,0.20183672972203934,0.19465453225435578,0.2092039902264625,ESTIMATED,,4770,615,4071,2000,2000,1900,outcome_stratified_patient_group_cluster,20260710,1782565701,0.20183672972203934
medicine_S4_logistic_l2,medicine,S4,logistic_l2,,overall,medicine,validation_2024,exact_current_cohort,4770,7960c3127977b086d8b2ebc49273972f5e3d48dcd91fc5bce3bebfb2b4b8d464,AUROC,0.7816872609159305,0.7600031617573,0.8010041968042773,ESTIMATED,,4770,615,4071,2000,2000,1900,outcome_stratified_patient_group_cluster,20260710,29370557,0.7816872609159305
medicine_S4_logistic_l2,medicine,S4,logistic_l2,,overall,medicine,validation_2024,exact_current_cohort,4770,7960c3127977b086d8b2ebc49273972f5e3d48dcd91fc5bce3bebfb2b4b8d464,AUPRC,0.35263698442900476,0.32202299755376934,0.3870975323234986,ESTIMATED,,4770,615,4071,2000,2000,1900,outcome_stratified_patient_group_cluster,20260710,29370557,0.35263698442900476
medicine_S4_logistic_l2,medicine,S4,logistic_l2,,overall,medicine,validation_2024,exact_current_cohort,4770,7960c3127977b086d8b2ebc49273972f5e3d48dcd91fc5bce3bebfb2b4b8d464,Brier,0.20263463567821538,0.19523074146392985,0.2099284221772548,ESTIMATED,,4770,615,4071,2000,2000,1900,outcome_stratified_patient_group_cluster,20260710,29370557,0.20263463567821538
medicine_S4_score_NEWS2,medicine,S4,score_NEWS2,,overall,medicine,validation_2024,score_component_available_subset_of_current_cohort,4770,88c03a43fd63f9f7b0f8049a1de628d3144d74d2d7666f40a8f1bd4b3f5739bd,AUROC,0.6053878179910831,0.5661188613499849,0.6454030229422828,ESTIMATED,,986,248,886,2000,2000,1900,outcome_stratified_patient_group_cluster,20260710,598017644,0.6053878179910831
medicine_S4_score_NEWS2,medicine,S4,score_NEWS2,,overall,medicine,validation_2024,score_component_available_subset_of_current_cohort,4770,88c03a43fd63f9f7b0f8049a1de628d3144d74d2d7666f40a8f1bd4b3f5739bd,AUPRC,0.3126745952845802,0.28440667491080723,0.355292089828014,ESTIMATED,,986,248,886,2000,2000,1900,outcome_stratified_patient_group_cluster,20260710,598017644,0.3126745952845802
medicine_S4_score_NEWS2,medicine,S4,score_NEWS2,,overall,medicine,validation_2024,score_component_available_subset_of_current_cohort,4770,88c03a43fd63f9f7b0f8049a1de628d3144d74d2d7666f40a8f1bd4b3f5739bd,Brier,0.24443605669174667,0.23750357285257948,0.25156683581224043,ESTIMATED,,986,248,886,2000,2000,1900,outcome_stratified_patient_group_cluster,20260710,598017644,0.24443605669174667
medicine_S4_score_rSIG,medicine,S4,score_rSIG,,overall,medicine,validation_2024,score_component_available_subset_of_current_cohort,4770,98e76858e58f643d05d48cbaceb02e25743f80a46ee195958b082c24bb41fd1b,AUROC,0.592239418254018,0.5638638499218533,0.6195497215878135,ESTIMATED,,4572,571,3920,2000,2000,1900,outcome_stratified_patient_group_cluster,20260710,120639814,0.592239418254018
medicine_S4_score_rSIG,medicine,S4,score_rSIG,,overall,medicine,validation_2024,score_component_available_subset_of_current_cohort,4770,98e76858e58f643d05d48cbaceb02e25743f80a46ee195958b082c24bb41fd1b,AUPRC,0.20895797785011572,0.18669248053327556,0.2400197194862898,ESTIMATED,,4572,571,3920,2000,2000,1900,outcome_stratified_patient_group_cluster,20260710,120639814,0.20895797785011572
medicine_S4_score_rSIG,medicine,S4,score_rSIG,,overall,medicine,validation_2024,score_component_available_subset_of_current_cohort,4770,98e76858e58f643d05d48cbaceb02e25743f80a46ee195958b082c24bb41fd1b,Brier,0.2532120628822126,0.25039682914968503,0.256297918400059,ESTIMATED,,4572,571,3920,2000,2000,1900,outcome_stratified_patient_group_cluster,20260710,120639814,0.2532120628822126
medicine_S4_score_rSIG_Age,medicine,S4,score_rSIG_Age,,overall,medicine,validation_2024,score_component_available_subset_of_current_cohort,4770,b142c734ff665a9dcf5ccfad408f4f85c042489c496bbf4221e3dc65db87befe,AUROC,0.6371305179735227,0.6124733621541324,0.6622218884216902,ESTIMATED,,4569,571,3917,2000,2000,1900,outcome_stratified_patient_group_cluster,20260710,1056212932,0.6371305179735227
medicine_S4_score_rSIG_Age,medicine,S4,score_rSIG_Age,,overall,medicine,validation_2024,score_component_available_subset_of_current_cohort,4770,b142c734ff665a9dcf5ccfad408f4f85c042489c496bbf4221e3dc65db87befe,AUPRC,0.2087041655489584,0.18809249159305919,0.23712253394098506,ESTIMATED,,4569,571,3917,2000,2000,1900,outcome_stratified_patient_group_cluster,20260710,1056212932,0.2087041655489584
medicine_S4_score_rSIG_Age,medicine,S4,score_rSIG_Age,,overall,medicine,validation_2024,score_component_available_subset_of_current_cohort,4770,b142c734ff665a9dcf5ccfad408f4f85c042489c496bbf4221e3dc65db87befe,Brier,0.2654584873539113,0.26059495017571127,0.27022350458130695,ESTIMATED,,4569,571,3917,2000,2000,1900,outcome_stratified_patient_group_cluster,20260710,1056212932,0.2654584873539113
medicine_S4_score_SIA_G,medicine,S4,score_SIA_G,,overall,medicine,validation_2024,score_component_available_subset_of_current_cohort,4770,b142c734ff665a9dcf5ccfad408f4f85c042489c496bbf4221e3dc65db87befe,AUROC,0.6371302989498251,0.6117331674820041,0.6612980441990495,ESTIMATED,,4569,571,3917,2000,2000,1900,outcome_stratified_patient_group_cluster,20260710,3433091371,0.6371302989498251
medicine_S4_score_SIA_G,medicine,S4,score_SIA_G,,overall,medicine,validation_2024,score_component_available_subset_of_current_cohort,4770,b142c734ff665a9dcf5ccfad408f4f85c042489c496bbf4221e3dc65db87befe,AUPRC,0.20870452162799114,0.187187322383187,0.2368091412204541,ESTIMATED,,4569,571,3917,2000,2000,1900,outcome_stratified_patient_group_cluster,20260710,3433091371,0.20870452162799114
medicine_S4_score_SIA_G,medicine,S4,score_SIA_G,,overall,medicine,validation_2024,score_component_available_subset_of_current_cohort,4770,b142c734ff665a9dcf5ccfad408f4f85c042489c496bbf4221e3dc65db87befe,Brier,0.24702842292036042,0.24246646341360564,0.251812133188243,ESTIMATED,,4569,571,3917,2000,2000,1900,outcome_stratified_patient_group_cluster,20260710,3433091371,0.24702842292036042
medicine_S4_score_SI_G,medicine,S4,score_SI_G,,overall,medicine,validation_2024,score_component_available_subset_of_current_cohort,4770,98e76858e58f643d05d48cbaceb02e25743f80a46ee195958b082c24bb41fd1b,AUROC,0.5922367919403687,0.563535844823606,0.6217959855670958,ESTIMATED,,4572,571,3920,2000,2000,1900,outcome_stratified_patient_group_cluster,20260710,9214624,0.5922367919403687
medicine_S4_score_SI_G,medicine,S4,score_SI_G,,overall,medicine,validation_2024,score_component_available_subset_of_current_cohort,4770,98e76858e58f643d05d48cbaceb02e25743f80a46ee195958b082c24bb41fd1b,AUPRC,0.2089569883340857,0.1857606470974159,0.23933442999756396,ESTIMATED,,4572,571,3920,2000,2000,1900,outcome_stratified_patient_group_cluster,20260710,9214624,0.2089569883340857
medicine_S4_score_SI_G,medicine,S4,score_SI_G,,overall,medicine,validation_2024,score_component_available_subset_of_current_cohort,4770,98e76858e58f643d05d48cbaceb02e25743f80a46ee195958b082c24bb41fd1b,Brier,0.24383138445944438,0.2400929071026828,0.24757589256162058,ESTIMATED,,4572,571,3920,2000,2000,1900,outcome_stratified_patient_group_cluster,20260710,9214624,0.24383138445944438
medicine_S4_score_SI,medicine,S4,score_SI,,overall,medicine,validation_2024,score_component_available_subset_of_current_cohort,4770,0ab2354f3d43a9665c0585455f6777c391ac11abecbe02c6911b0c08220b52ff,AUROC,0.5184614472327911,0.490055701453176,0.5467463262804102,ESTIMATED,,4626,589,3949,2000,2000,1900,outcome_stratified_patient_group_cluster,20260710,2567710921,0.5184614472327911
medicine_S4_score_SI,medicine,S4,score_SI,,overall,medicine,validation_2024,score_component_available_subset_of_current_cohort,4770,0ab2354f3d43a9665c0585455f6777c391ac11abecbe02c6911b0c08220b52ff,AUPRC,0.16204613614896252,0.1460414097949605,0.18397802824538237,ESTIMATED,,4626,589,3949,2000,2000,1900,outcome_stratified_patient_group_cluster,20260710,2567710921,0.16204613614896252
medicine_S4_score_SI,medicine,S4,score_SI,,overall,medicine,validation_2024,score_component_available_subset_of_current_cohort,4770,0ab2354f3d43a9665c0585455f6777c391ac11abecbe02c6911b0c08220b52ff,Brier,0.2553150149824803,0.2531998370042167,0.2573877184465874,ESTIMATED,,4626,589,3949,2000,2000,1900,outcome_stratified_patient_group_cluster,20260710,2567710921,0.2553150149824803
medicine_S4_score_mSI,medicine,S4,score_mSI,,overall,medicine,validation_2024,score_component_available_subset_of_current_cohort,4770,16a58766becef016afc355b385465e1fbd58c33007a151d81108f4d70c979f10,AUROC,0.5041611882752772,0.4716384246935693,0.5350571363693161,ESTIMATED,,4006,497,3427,2000,2000,1900,outcome_stratified_patient_group_cluster,20260710,550662894,0.5041611882752772
medicine_S4_score_mSI,medicine,S4,score_mSI,,overall,medicine,validation_2024,score_component_available_subset_of_current_cohort,4770,16a58766becef016afc355b385465e1fbd58c33007a151d81108f4d70c979f10,AUPRC,0.16021729895722578,0.14186370081491984,0.1871013485206105,ESTIMATED,,4006,497,3427,2000,2000,1900,outcome_stratified_patient_group_cluster,20260710,550662894,0.16021729895722578
medicine_S4_score_mSI,medicine,S4,score_mSI,,overall,medicine,validation_2024,score_component_available_subset_of_current_cohort,4770,16a58766becef016afc355b385465e1fbd58c33007a151d81108f4d70c979f10,Brier,0.2519640364816007,0.24988750241535312,0.2541016397791537,ESTIMATED,,4006,497,3427,2000,2000,1900,outcome_stratified_patient_group_cluster,20260710,550662894,0.2519640364816007
medicine_S4_score_aSI,medicine,S4,score_aSI,,overall,medicine,validation_2024,score_component_available_subset_of_current_cohort,4770,1014b45c25e6bd3b6cb572e528182234d15808c04aab1b2caff8682d103c0a2b,AUROC,0.5798257258127647,0.5546863398071031,0.6056584040831232,ESTIMATED,,4623,589,3946,2000,2000,1900,outcome_stratified_patient_group_cluster,20260710,3720507554,0.5798257258127647
medicine_S4_score_aSI,medicine,S4,score_aSI,,overall,medicine,validation_2024,score_component_available_subset_of_current_cohort,4770,1014b45c25e6bd3b6cb572e528182234d15808c04aab1b2caff8682d103c0a2b,AUPRC,0.17018155949555175,0.1552456665881723,0.19190245230645214,ESTIMATED,,4623,589,3946,2000,2000,1900,outcome_stratified_patient_group_cluster,20260710,3720507554,0.17018155949555175
medicine_S4_score_aSI,medicine,S4,score_aSI,,overall,medicine,validation_2024,score_component_available_subset_of_current_cohort,4770,1014b45c25e6bd3b6cb572e528182234d15808c04aab1b2caff8682d103c0a2b,Brier,0.2686398667230471,0.2640490343073389,0.27391249381600474,ESTIMATED,,4623,589,3946,2000,2000,1900,outcome_stratified_patient_group_cluster,20260710,3720507554,0.2686398667230471
medicine_S4_score_rSI,medicine,S4,score_rSI,,overall,medicine,validation_2024,score_component_available_subset_of_current_cohort,4770,0ab2354f3d43a9665c0585455f6777c391ac11abecbe02c6911b0c08220b52ff,AUROC,0.5184614472327911,0.491593500525467,0.5463706640020987,ESTIMATED,,4626,589,3949,2000,2000,1900,outcome_stratified_patient_group_cluster,20260710,4293315725,0.5184614472327911
medicine_S4_score_rSI,medicine,S4,score_rSI,,overall,medicine,validation_2024,score_component_available_subset_of_current_cohort,4770,0ab2354f3d43a9665c0585455f6777c391ac11abecbe02c6911b0c08220b52ff,AUPRC,0.16204613614896252,0.14548811595402592,0.18369581665933593,ESTIMATED,,4626,589,3949,2000,2000,1900,outcome_stratified_patient_group_cluster,20260710,4293315725,0.16204613614896252
medicine_S4_score_rSI,medicine,S4,score_rSI,,overall,medicine,validation_2024,score_component_available_subset_of_current_cohort,4770,0ab2354f3d43a9665c0585455f6777c391ac11abecbe02c6911b0c08220b52ff,Brier,0.2523787469948942,0.2516497708446294,0.25313599314725665,ESTIMATED,,4626,589,3949,2000,2000,1900,outcome_stratified_patient_group_cluster,20260710,4293315725,0.2523787469948942
medicine_S4_score_rSI_sMS,medicine,S4,score_rSI_sMS,,overall,medicine,validation_2024,score_component_available_subset_of_current_cohort,4770,77519c9971be80a4af703a85c57f61fdb4819a447cabd6242beed24218abe7ea,AUROC,0.5948442934654564,0.5672253822229689,0.6221209693149333,ESTIMATED,,4579,572,3923,2000,2000,1900,outcome_stratified_patient_group_cluster,20260710,177861567,0.5948442934654564
medicine_S4_score_rSI_sMS,medicine,S4,score_rSI_sMS,,overall,medicine,validation_2024,score_component_available_subset_of_current_cohort,4770,77519c9971be80a4af703a85c57f61fdb4819a447cabd6242beed24218abe7ea,AUPRC,0.2019825687294602,0.180371963863294,0.23073271494468917,ESTIMATED,,4579,572,3923,2000,2000,1900,outcome_stratified_patient_group_cluster,20260710,177861567,0.2019825687294602
medicine_S4_score_rSI_sMS,medicine,S4,score_rSI_sMS,,overall,medicine,validation_2024,score_component_available_subset_of_current_cohort,4770,77519c9971be80a4af703a85c57f61fdb4819a447cabd6242beed24218abe7ea,Brier,0.25420870048447297,0.25133429340065916,0.2571828294058168,ESTIMATED,,4579,572,3923,2000,2000,1900,outcome_stratified_patient_group_cluster,20260710,177861567,0.25420870048447297
medicine_S4_score_rSI_GCSM,medicine,S4,score_rSI_GCSM,,overall,medicine,validation_2024,score_component_available_subset_of_current_cohort,4770,77519c9971be80a4af703a85c57f61fdb4819a447cabd6242beed24218abe7ea,AUROC,0.5786440599580105,0.5512275733324895,0.6072981099410065,ESTIMATED,,4579,572,3923,2000,2000,1900,outcome_stratified_patient_group_cluster,20260710,3350420290,0.5786440599580105
medicine_S4_score_rSI_GCSM,medicine,S4,score_rSI_GCSM,,overall,medicine,validation_2024,score_component_available_subset_of_current_cohort,4770,77519c9971be80a4af703a85c57f61fdb4819a447cabd6242beed24218abe7ea,AUPRC,0.20366684969670582,0.1797937334353488,0.2341295898238862,ESTIMATED,,4579,572,3923,2000,2000,1900,outcome_stratified_patient_group_cluster,20260710,3350420290,0.20366684969670582
medicine_S4_score_rSI_GCSM,medicine,S4,score_rSI_GCSM,,overall,medicine,validation_2024,score_component_available_subset_of_current_cohort,4770,77519c9971be80a4af703a85c57f61fdb4819a447cabd6242beed24218abe7ea,Brier,0.2535802715947359,0.25085585340790323,0.25641266957148645,ESTIMATED,,4579,572,3923,2000,2000,1900,outcome_stratified_patient_group_cluster,20260710,3350420290,0.2535802715947359
medicine_S4_score_SIAVPU,medicine,S4,score_SIAVPU,,overall,medicine,validation_2024,score_component_available_subset_of_current_cohort,4770,0ab2354f3d43a9665c0585455f6777c391ac11abecbe02c6911b0c08220b52ff,AUROC,0.5574171090586943,0.5288493616167779,0.5872500149699783,ESTIMATED,,4626,589,3949,2000,2000,1900,outcome_stratified_patient_group_cluster,20260710,1843421827,0.5574171090586943
medicine_S4_score_SIAVPU,medicine,S4,score_SIAVPU,,overall,medicine,validation_2024,score_component_available_subset_of_current_cohort,4770,0ab2354f3d43a9665c0585455f6777c391ac11abecbe02c6911b0c08220b52ff,AUPRC,0.2073839733707028,0.1828720392332847,0.24009189142421905,ESTIMATED,,4626,589,3949,2000,2000,1900,outcome_stratified_patient_group_cluster,20260710,1843421827,0.2073839733707028
medicine_S4_score_SIAVPU,medicine,S4,score_SIAVPU,,overall,medicine,validation_2024,score_component_available_subset_of_current_cohort,4770,0ab2354f3d43a9665c0585455f6777c391ac11abecbe02c6911b0c08220b52ff,Brier,0.24769439495442805,0.2470873257931979,0.24830772113401944,ESTIMATED,,4626,589,3949,2000,2000,1900,outcome_stratified_patient_group_cluster,20260710,1843421827,0.24769439495442805
medicine_S4_score_sMS,medicine,S4,score_sMS,,overall,medicine,validation_2024,score_component_available_subset_of_current_cohort,4770,9e0b0ccdf19e7c79e23643be95c739b83926768acce4ddae6b3d4f227976be51,AUROC,0.5940720944232628,0.5738369048236857,0.6141756813581769,ESTIMATED,,4585,574,3926,2000,2000,1900,outcome_stratified_patient_group_cluster,20260710,1260347724,0.5940720944232628
medicine_S4_score_sMS,medicine,S4,score_sMS,,overall,medicine,validation_2024,score_component_available_subset_of_current_cohort,4770,9e0b0ccdf19e7c79e23643be95c739b83926768acce4ddae6b3d4f227976be51,AUPRC,0.1732513921133525,0.15782646426021057,0.1898762984875225,ESTIMATED,,4585,574,3926,2000,2000,1900,outcome_stratified_patient_group_cluster,20260710,1260347724,0.1732513921133525
medicine_S4_score_sMS,medicine,S4,score_sMS,,overall,medicine,validation_2024,score_component_available_subset_of_current_cohort,4770,9e0b0ccdf19e7c79e23643be95c739b83926768acce4ddae6b3d4f227976be51,Brier,0.24173050336971255,0.23737910161874448,0.24639877709565727,ESTIMATED,,4585,574,3926,2000,2000,1900,outcome_stratified_patient_group_cluster,20260710,1260347724,0.24173050336971255
medicine_S4_score_qSOFA,medicine,S4,score_qSOFA,,overall,medicine,validation_2024,score_component_available_subset_of_current_cohort,4770,0ab2354f3d43a9665c0585455f6777c391ac11abecbe02c6911b0c08220b52ff,AUROC,0.6385959585212002,0.6156158451714328,0.661315426050727,ESTIMATED,,4626,589,3949,2000,2000,1900,outcome_stratified_patient_group_cluster,20260710,2304916505,0.6385959585212002
medicine_S4_score_qSOFA,medicine,S4,score_qSOFA,,overall,medicine,validation_2024,score_component_available_subset_of_current_cohort,4770,0ab2354f3d43a9665c0585455f6777c391ac11abecbe02c6911b0c08220b52ff,AUPRC,0.18513262374111517,0.17112252034190975,0.20121366652886852,ESTIMATED,,4626,589,3949,2000,2000,1900,outcome_stratified_patient_group_cluster,20260710,2304916505,0.18513262374111517
medicine_S4_score_qSOFA,medicine,S4,score_qSOFA,,overall,medicine,validation_2024,score_component_available_subset_of_current_cohort,4770,0ab2354f3d43a9665c0585455f6777c391ac11abecbe02c6911b0c08220b52ff,Brier,0.2604313685144465,0.25430342045185633,0.26684604483845664,ESTIMATED,,4626,589,3949,2000,2000,1900,outcome_stratified_patient_group_cluster,20260710,2304916505,0.2604313685144465
medicine_S4_score_MEWS,medicine,S4,score_MEWS,,overall,medicine,validation_2024,score_component_available_subset_of_current_cohort,4770,0ab2354f3d43a9665c0585455f6777c391ac11abecbe02c6911b0c08220b52ff,AUROC,0.6522121563988119,0.627221050362889,0.6771840305925986,ESTIMATED,,4626,589,3949,2000,2000,1900,outcome_stratified_patient_group_cluster,20260710,334901740,0.6522121563988119
medicine_S4_score_MEWS,medicine,S4,score_MEWS,,overall,medicine,validation_2024,score_component_available_subset_of_current_cohort,4770,0ab2354f3d43a9665c0585455f6777c391ac11abecbe02c6911b0c08220b52ff,AUPRC,0.20744257193755833,0.1884459205010473,0.2319022196221676,ESTIMATED,,4626,589,3949,2000,2000,1900,outcome_stratified_patient_group_cluster,20260710,334901740,0.20744257193755833
medicine_S4_score_MEWS,medicine,S4,score_MEWS,,overall,medicine,validation_2024,score_component_available_subset_of_current_cohort,4770,0ab2354f3d43a9665c0585455f6777c391ac11abecbe02c6911b0c08220b52ff,Brier,0.24595857817614752,0.24077220007909747,0.25124486124330225,ESTIMATED,,4626,589,3949,2000,2000,1900,outcome_stratified_patient_group_cluster,20260710,334901740,0.24595857817614752
medicine_S4_score_REMS,medicine,S4,score_REMS,,overall,medicine,validation_2024,score_component_available_subset_of_current_cohort,4770,27addfbae90d58a06415d5db624699991999424dd5659b5df0eee6bf8c38cc3b,AUROC,0.6705728878767108,0.6468612264825448,0.6973516226068183,ESTIMATED,,3960,481,3400,2000,2000,1900,outcome_stratified_patient_group_cluster,20260710,3918977363,0.6705728878767108
medicine_S4_score_REMS,medicine,S4,score_REMS,,overall,medicine,validation_2024,score_component_available_subset_of_current_cohort,4770,27addfbae90d58a06415d5db624699991999424dd5659b5df0eee6bf8c38cc3b,AUPRC,0.21617241003409662,0.1943087302232662,0.24578925829128775,ESTIMATED,,3960,481,3400,2000,2000,1900,outcome_stratified_patient_group_cluster,20260710,3918977363,0.21617241003409662
medicine_S4_score_REMS,medicine,S4,score_REMS,,overall,medicine,validation_2024,score_component_available_subset_of_current_cohort,4770,27addfbae90d58a06415d5db624699991999424dd5659b5df0eee6bf8c38cc3b,Brier,0.25085437103815694,0.24483734667201182,0.2569649554585167,ESTIMATED,,3960,481,3400,2000,2000,1900,outcome_stratified_patient_group_cluster,20260710,3918977363,0.25085437103815694
medicine_S4_score_RTS,medicine,S4,score_RTS,,overall,medicine,validation_2024,score_component_available_subset_of_current_cohort,4770,98e76858e58f643d05d48cbaceb02e25743f80a46ee195958b082c24bb41fd1b,AUROC,0.6085370076044913,0.5861887339720868,0.6286253786827313,ESTIMATED,,4572,571,3920,2000,2000,1900,outcome_stratified_patient_group_cluster,20260710,3886409773,0.6085370076044913
medicine_S4_score_RTS,medicine,S4,score_RTS,,overall,medicine,validation_2024,score_component_available_subset_of_current_cohort,4770,98e76858e58f643d05d48cbaceb02e25743f80a46ee195958b082c24bb41fd1b,AUPRC,0.19693602647003539,0.17586757118202517,0.22271889999371672,ESTIMATED,,4572,571,3920,2000,2000,1900,outcome_stratified_patient_group_cluster,20260710,3886409773,0.19693602647003539
medicine_S4_score_RTS,medicine,S4,score_RTS,,overall,medicine,validation_2024,score_component_available_subset_of_current_cohort,4770,98e76858e58f643d05d48cbaceb02e25743f80a46ee195958b082c24bb41fd1b,Brier,0.236228127236736,0.2320291707065614,0.2405732870337479,ESTIMATED,,4572,571,3920,2000,2000,1900,outcome_stratified_patient_group_cluster,20260710,3886409773,0.236228127236736
medicine_S4_score_rSI_GCS_alias,medicine,S4,score_rSI_GCS_alias,score_rSIG,overall,medicine,validation_2024,score_component_available_subset_of_current_cohort,4770,98e76858e58f643d05d48cbaceb02e25743f80a46ee195958b082c24bb41fd1b,AUROC,0.592239418254018,0.5638638499218533,0.6195497215878135,ESTIMATED,,4572,571,3920,2000,2000,1900,outcome_stratified_patient_group_cluster,20260710,120639814,0.592239418254018
medicine_S4_score_rSI_GCS_alias,medicine,S4,score_rSI_GCS_alias,score_rSIG,overall,medicine,validation_2024,score_component_available_subset_of_current_cohort,4770,98e76858e58f643d05d48cbaceb02e25743f80a46ee195958b082c24bb41fd1b,AUPRC,0.20895797785011572,0.18669248053327556,0.2400197194862898,ESTIMATED,,4572,571,3920,2000,2000,1900,outcome_stratified_patient_group_cluster,20260710,120639814,0.20895797785011572
medicine_S4_score_rSI_GCS_alias,medicine,S4,score_rSI_GCS_alias,score_rSIG,overall,medicine,validation_2024,score_component_available_subset_of_current_cohort,4770,98e76858e58f643d05d48cbaceb02e25743f80a46ee195958b082c24bb41fd1b,Brier,0.2532120628822126,0.25039682914968503,0.256297918400059,ESTIMATED,,4572,571,3920,2000,2000,1900,outcome_stratified_patient_group_cluster,20260710,120639814,0.2532120628822126
medicine_S4_knn_classifier,medicine,S4,knn_classifier,,medicine,medicine,validation_2024,exact_current_cohort,4770,7960c3127977b086d8b2ebc49273972f5e3d48dcd91fc5bce3bebfb2b4b8d464,AUROC,0.7506098050150178,0.728804742160688,0.7711859563130636,ESTIMATED,,4770,615,4071,2000,2000,1900,outcome_stratified_patient_group_cluster,20260710,1472680234,0.7506098050150178
medicine_S4_knn_classifier,medicine,S4,knn_classifier,,medicine,medicine,validation_2024,exact_current_cohort,4770,7960c3127977b086d8b2ebc49273972f5e3d48dcd91fc5bce3bebfb2b4b8d464,AUPRC,0.32080199392276804,0.2921877561728416,0.35606420100303254,ESTIMATED,,4770,615,4071,2000,2000,1900,outcome_stratified_patient_group_cluster,20260710,1472680234,0.32080199392276804
medicine_S4_knn_classifier,medicine,S4,knn_classifier,,medicine,medicine,validation_2024,exact_current_cohort,4770,7960c3127977b086d8b2ebc49273972f5e3d48dcd91fc5bce3bebfb2b4b8d464,Brier,0.100938593634573,0.09812453893437198,0.10374490490679544,ESTIMATED,,4770,615,4071,2000,2000,1900,outcome_stratified_patient_group_cluster,20260710,1472680234,0.100938593634573
medicine_S5_decision_tree,medicine,S5,decision_tree,,overall,medicine,validation_2024,exact_current_cohort,4770,7960c3127977b086d8b2ebc49273972f5e3d48dcd91fc5bce3bebfb2b4b8d464,AUROC,0.7206635802469135,0.658246592289077,0.773493438279735,ESTIMATED,,4770,90,4071,2000,2000,1900,outcome_stratified_patient_group_cluster,20260710,1179193763,0.7206635802469135
medicine_S5_decision_tree,medicine,S5,decision_tree,,overall,medicine,validation_2024,exact_current_cohort,4770,7960c3127977b086d8b2ebc49273972f5e3d48dcd91fc5bce3bebfb2b4b8d464,AUPRC,0.046885631787613874,0.036968639206277576,0.05850843681133358,ESTIMATED,,4770,90,4071,2000,2000,1900,outcome_stratified_patient_group_cluster,20260710,1179193763,0.046885631787613874
medicine_S5_decision_tree,medicine,S5,decision_tree,,overall,medicine,validation_2024,exact_current_cohort,4770,7960c3127977b086d8b2ebc49273972f5e3d48dcd91fc5bce3bebfb2b4b8d464,Brier,0.20922498407186874,0.1999163564587279,0.21842628648832707,ESTIMATED,,4770,90,4071,2000,2000,1900,outcome_stratified_patient_group_cluster,20260710,1179193763,0.20922498407186874
medicine_S5_random_forest,medicine,S5,random_forest,,overall,medicine,validation_2024,exact_current_cohort,4770,7960c3127977b086d8b2ebc49273972f5e3d48dcd91fc5bce3bebfb2b4b8d464,AUROC,0.7954463437796772,0.7543963991261953,0.835468464986738,ESTIMATED,,4770,90,4071,2000,2000,1900,outcome_stratified_patient_group_cluster,20260710,3497255110,0.7954463437796772
medicine_S5_random_forest,medicine,S5,random_forest,,overall,medicine,validation_2024,exact_current_cohort,4770,7960c3127977b086d8b2ebc49273972f5e3d48dcd91fc5bce3bebfb2b4b8d464,AUPRC,0.07705539312635527,0.05573181537246092,0.12552227254733078,ESTIMATED,,4770,90,4071,2000,2000,1900,outcome_stratified_patient_group_cluster,20260710,3497255110,0.07705539312635527
medicine_S5_random_forest,medicine,S5,random_forest,,overall,medicine,validation_2024,exact_current_cohort,4770,7960c3127977b086d8b2ebc49273972f5e3d48dcd91fc5bce3bebfb2b4b8d464,Brier,0.04026731447816445,0.038355644513564074,0.042068668263821433,ESTIMATED,,4770,90,4071,2000,2000,1900,outcome_stratified_patient_group_cluster,20260710,3497255110,0.04026731447816445
medicine_S5_balanced_random_forest,medicine,S5,balanced_random_forest,,overall,medicine,validation_2024,exact_current_cohort,4770,7960c3127977b086d8b2ebc49273972f5e3d48dcd91fc5bce3bebfb2b4b8d464,AUROC,0.7873504273504275,0.7463936515607411,0.8266642764456797,ESTIMATED,,4770,90,4071,2000,2000,1900,outcome_stratified_patient_group_cluster,20260710,29414140,0.7873504273504275
medicine_S5_balanced_random_forest,medicine,S5,balanced_random_forest,,overall,medicine,validation_2024,exact_current_cohort,4770,7960c3127977b086d8b2ebc49273972f5e3d48dcd91fc5bce3bebfb2b4b8d464,AUPRC,0.059438693341334024,0.04700277075059121,0.08380713571304964,ESTIMATED,,4770,90,4071,2000,2000,1900,outcome_stratified_patient_group_cluster,20260710,29414140,0.059438693341334024
medicine_S5_balanced_random_forest,medicine,S5,balanced_random_forest,,overall,medicine,validation_2024,exact_current_cohort,4770,7960c3127977b086d8b2ebc49273972f5e3d48dcd91fc5bce3bebfb2b4b8d464,Brier,0.21376226962282163,0.2074749088161693,0.2206813188097789,ESTIMATED,,4770,90,4071,2000,2000,1900,outcome_stratified_patient_group_cluster,20260710,29414140,0.21376226962282163
medicine_S5_svm_rbf,medicine,S5,svm_rbf,,overall,medicine,validation_2024,exact_current_cohort,4770,7960c3127977b086d8b2ebc49273972f5e3d48dcd91fc5bce3bebfb2b4b8d464,AUROC,0.7237048907882242,0.6763816609215823,0.7692917596400236,ESTIMATED,,4770,90,4071,2000,2000,1900,outcome_stratified_patient_group_cluster,20260710,2012075098,0.7237048907882242
medicine_S5_svm_rbf,medicine,S5,svm_rbf,,overall,medicine,validation_2024,exact_current_cohort,4770,7960c3127977b086d8b2ebc49273972f5e3d48dcd91fc5bce3bebfb2b4b8d464,AUPRC,0.05380131777449027,0.03773209043175246,0.09241320642440473,ESTIMATED,,4770,90,4071,2000,2000,1900,outcome_stratified_patient_group_cluster,20260710,2012075098,0.05380131777449027
medicine_S5_svm_rbf,medicine,S5,svm_rbf,,overall,medicine,validation_2024,exact_current_cohort,4770,7960c3127977b086d8b2ebc49273972f5e3d48dcd91fc5bce3bebfb2b4b8d464,Brier,0.01830379556733127,0.017761629299490676,0.018961844375898387,ESTIMATED,,4770,90,4071,2000,2000,1900,outcome_stratified_patient_group_cluster,20260710,2012075098,0.01830379556733127
medicine_S5_logistic_l1,medicine,S5,logistic_l1,,overall,medicine,validation_2024,exact_current_cohort,4770,7960c3127977b086d8b2ebc49273972f5e3d48dcd91fc5bce3bebfb2b4b8d464,AUROC,0.5793399810066477,0.5013735686569197,0.6545399711108761,ESTIMATED,,4770,90,4071,2000,2000,1900,outcome_stratified_patient_group_cluster,20260710,326198302,0.5793399810066477
medicine_S5_logistic_l1,medicine,S5,logistic_l1,,overall,medicine,validation_2024,exact_current_cohort,4770,7960c3127977b086d8b2ebc49273972f5e3d48dcd91fc5bce3bebfb2b4b8d464,AUPRC,0.04418032306665007,0.030437381479507114,0.0718012100019521,ESTIMATED,,4770,90,4071,2000,2000,1900,outcome_stratified_patient_group_cluster,20260710,326198302,0.04418032306665007
medicine_S5_logistic_l1,medicine,S5,logistic_l1,,overall,medicine,validation_2024,exact_current_cohort,4770,7960c3127977b086d8b2ebc49273972f5e3d48dcd91fc5bce3bebfb2b4b8d464,Brier,0.152504965484792,0.14517681970167312,0.1608574776592207,ESTIMATED,,4770,90,4071,2000,2000,1900,outcome_stratified_patient_group_cluster,20260710,326198302,0.152504965484792
medicine_S5_logistic_l2,medicine,S5,logistic_l2,,overall,medicine,validation_2024,exact_current_cohort,4770,7960c3127977b086d8b2ebc49273972f5e3d48dcd91fc5bce3bebfb2b4b8d464,AUROC,0.5821058879392212,0.503217575935172,0.6576092875613438,ESTIMATED,,4770,90,4071,2000,2000,1900,outcome_stratified_patient_group_cluster,20260710,1827284897,0.5821058879392212
medicine_S5_logistic_l2,medicine,S5,logistic_l2,,overall,medicine,validation_2024,exact_current_cohort,4770,7960c3127977b086d8b2ebc49273972f5e3d48dcd91fc5bce3bebfb2b4b8d464,AUPRC,0.04458596127039363,0.030555296617457112,0.07404747299308237,ESTIMATED,,4770,90,4071,2000,2000,1900,outcome_stratified_patient_group_cluster,20260710,1827284897,0.04458596127039363
medicine_S5_logistic_l2,medicine,S5,logistic_l2,,overall,medicine,validation_2024,exact_current_cohort,4770,7960c3127977b086d8b2ebc49273972f5e3d48dcd91fc5bce3bebfb2b4b8d464,Brier,0.15176702535998268,0.1433850549332787,0.15984882476231746,ESTIMATED,,4770,90,4071,2000,2000,1900,outcome_stratified_patient_group_cluster,20260710,1827284897,0.15176702535998268
medicine_S5_score_NEWS2,medicine,S5,score_NEWS2,,overall,medicine,validation_2024,score_component_available_subset_of_current_cohort,4770,88c03a43fd63f9f7b0f8049a1de628d3144d74d2d7666f40a8f1bd4b3f5739bd,AUROC,0.5669707455174583,0.49459938653597113,0.6406783631067006,ESTIMATED,,986,51,886,2000,2000,1900,outcome_stratified_patient_group_cluster,20260710,1319924152,0.5669707455174583
medicine_S5_score_NEWS2,medicine,S5,score_NEWS2,,overall,medicine,validation_2024,score_component_available_subset_of_current_cohort,4770,88c03a43fd63f9f7b0f8049a1de628d3144d74d2d7666f40a8f1bd4b3f5739bd,AUPRC,0.06471878318318552,0.05243117271503257,0.09770458647464915,ESTIMATED,,986,51,886,2000,2000,1900,outcome_stratified_patient_group_cluster,20260710,1319924152,0.06471878318318552
medicine_S5_score_NEWS2,medicine,S5,score_NEWS2,,overall,medicine,validation_2024,score_component_available_subset_of_current_cohort,4770,88c03a43fd63f9f7b0f8049a1de628d3144d74d2d7666f40a8f1bd4b3f5739bd,Brier,0.24366423934478848,0.2371236686805898,0.2506555200428378,ESTIMATED,,986,51,886,2000,2000,1900,outcome_stratified_patient_group_cluster,20260710,1319924152,0.24366423934478848
medicine_S5_score_rSIG,medicine,S5,score_rSIG,,overall,medicine,validation_2024,score_component_available_subset_of_current_cohort,4770,98e76858e58f643d05d48cbaceb02e25743f80a46ee195958b082c24bb41fd1b,AUROC,0.6397247612200884,0.5746903804305008,0.7072447288688022,ESTIMATED,,4572,78,3920,2000,2000,1900,outcome_stratified_patient_group_cluster,20260710,2410975939,0.6397247612200884
medicine_S5_score_rSIG,medicine,S5,score_rSIG,,overall,medicine,validation_2024,score_component_available_subset_of_current_cohort,4770,98e76858e58f643d05d48cbaceb02e25743f80a46ee195958b082c24bb41fd1b,AUPRC,0.033158889345754936,0.024771637504365163,0.05292609648371425,ESTIMATED,,4572,78,3920,2000,2000,1900,outcome_stratified_patient_group_cluster,20260710,2410975939,0.033158889345754936
medicine_S5_score_rSIG,medicine,S5,score_rSIG,,overall,medicine,validation_2024,score_component_available_subset_of_current_cohort,4770,98e76858e58f643d05d48cbaceb02e25743f80a46ee195958b082c24bb41fd1b,Brier,0.2455289305985305,0.24043094300101553,0.2502610331934561,ESTIMATED,,4572,78,3920,2000,2000,1900,outcome_stratified_patient_group_cluster,20260710,2410975939,0.2455289305985305
medicine_S5_score_rSIG_Age,medicine,S5,score_rSIG_Age,,overall,medicine,validation_2024,score_component_available_subset_of_current_cohort,4770,b142c734ff665a9dcf5ccfad408f4f85c042489c496bbf4221e3dc65db87befe,AUROC,0.6852265785131516,0.6295370463886676,0.7372960220474731,ESTIMATED,,4569,78,3917,2000,2000,1900,outcome_stratified_patient_group_cluster,20260710,2353578478,0.6852265785131516
medicine_S5_score_rSIG_Age,medicine,S5,score_rSIG_Age,,overall,medicine,validation_2024,score_component_available_subset_of_current_cohort,4770,b142c734ff665a9dcf5ccfad408f4f85c042489c496bbf4221e3dc65db87befe,AUPRC,0.03278332260906359,0.025984503959581042,0.047439510630126844,ESTIMATED,,4569,78,3917,2000,2000,1900,outcome_stratified_patient_group_cluster,20260710,2353578478,0.03278332260906359
medicine_S5_score_rSIG_Age,medicine,S5,score_rSIG_Age,,overall,medicine,validation_2024,score_component_available_subset_of_current_cohort,4770,b142c734ff665a9dcf5ccfad408f4f85c042489c496bbf4221e3dc65db87befe,Brier,0.2601308482668451,0.25379441877101877,0.26648657812609516,ESTIMATED,,4569,78,3917,2000,2000,1900,outcome_stratified_patient_group_cluster,20260710,2353578478,0.2601308482668451
medicine_S5_score_SIA_G,medicine,S5,score_SIA_G,,overall,medicine,validation_2024,score_component_available_subset_of_current_cohort,4770,b142c734ff665a9dcf5ccfad408f4f85c042489c496bbf4221e3dc65db87befe,AUROC,0.6852280058692886,0.6295421738816646,0.7385501692594605,ESTIMATED,,4569,78,3917,2000,2000,1900,outcome_stratified_patient_group_cluster,20260710,3910224545,0.6852280058692886
medicine_S5_score_SIA_G,medicine,S5,score_SIA_G,,overall,medicine,validation_2024,score_component_available_subset_of_current_cohort,4770,b142c734ff665a9dcf5ccfad408f4f85c042489c496bbf4221e3dc65db87befe,AUPRC,0.032783322609063595,0.026267178213663527,0.04706406051071324,ESTIMATED,,4569,78,3917,2000,2000,1900,outcome_stratified_patient_group_cluster,20260710,3910224545,0.032783322609063595
medicine_S5_score_SIA_G,medicine,S5,score_SIA_G,,overall,medicine,validation_2024,score_component_available_subset_of_current_cohort,4770,b142c734ff665a9dcf5ccfad408f4f85c042489c496bbf4221e3dc65db87befe,Brier,0.22871592873500385,0.22271193516001397,0.2345104829752318,ESTIMATED,,4569,78,3917,2000,2000,1900,outcome_stratified_patient_group_cluster,20260710,3910224545,0.22871592873500385
medicine_S5_score_SI_G,medicine,S5,score_SI_G,,overall,medicine,validation_2024,score_component_available_subset_of_current_cohort,4770,98e76858e58f643d05d48cbaceb02e25743f80a46ee195958b082c24bb41fd1b,AUROC,0.6397133499937238,0.579156481881544,0.7030854128367741,ESTIMATED,,4572,78,3920,2000,2000,1900,outcome_stratified_patient_group_cluster,20260710,3701952357,0.6397133499937238
medicine_S5_score_SI_G,medicine,S5,score_SI_G,,overall,medicine,validation_2024,score_component_available_subset_of_current_cohort,4770,98e76858e58f643d05d48cbaceb02e25743f80a46ee195958b082c24bb41fd1b,AUPRC,0.033158889345754936,0.02452036359362422,0.05301672955012253,ESTIMATED,,4572,78,3920,2000,2000,1900,outcome_stratified_patient_group_cluster,20260710,3701952357,0.033158889345754936
medicine_S5_score_SI_G,medicine,S5,score_SI_G,,overall,medicine,validation_2024,score_component_available_subset_of_current_cohort,4770,98e76858e58f643d05d48cbaceb02e25743f80a46ee195958b082c24bb41fd1b,Brier,0.22949449460768606,0.22489126779240573,0.23415068016669707,ESTIMATED,,4572,78,3920,2000,2000,1900,outcome_stratified_patient_group_cluster,20260710,3701952357,0.22949449460768606
medicine_S5_score_SI,medicine,S5,score_SI,,overall,medicine,validation_2024,score_component_available_subset_of_current_cohort,4770,0ab2354f3d43a9665c0585455f6777c391ac11abecbe02c6911b0c08220b52ff,AUROC,0.5925443089847351,0.532340000915446,0.6542113131366124,ESTIMATED,,4626,86,3949,2000,2000,1900,outcome_stratified_patient_group_cluster,20260710,1670922640,0.5925443089847351
medicine_S5_score_SI,medicine,S5,score_SI,,overall,medicine,validation_2024,score_component_available_subset_of_current_cohort,4770,0ab2354f3d43a9665c0585455f6777c391ac11abecbe02c6911b0c08220b52ff,AUPRC,0.02564460098141915,0.02093384265718323,0.033971953444024115,ESTIMATED,,4626,86,3949,2000,2000,1900,outcome_stratified_patient_group_cluster,20260710,1670922640,0.02564460098141915
medicine_S5_score_SI,medicine,S5,score_SI,,overall,medicine,validation_2024,score_component_available_subset_of_current_cohort,4770,0ab2354f3d43a9665c0585455f6777c391ac11abecbe02c6911b0c08220b52ff,Brier,0.25305657805001913,0.24932628442189378,0.2570325678234931,ESTIMATED,,4626,86,3949,2000,2000,1900,outcome_stratified_patient_group_cluster,20260710,1670922640,0.25305657805001913
medicine_S5_score_mSI,medicine,S5,score_mSI,,overall,medicine,validation_2024,score_component_available_subset_of_current_cohort,4770,16a58766becef016afc355b385465e1fbd58c33007a151d81108f4d70c979f10,AUROC,0.588778699296529,0.5216701015689759,0.6557790307943203,ESTIMATED,,4006,69,3427,2000,2000,1900,outcome_stratified_patient_group_cluster,20260710,1228447092,0.588778699296529
medicine_S5_score_mSI,medicine,S5,score_mSI,,overall,medicine,validation_2024,score_component_available_subset_of_current_cohort,4770,16a58766becef016afc355b385465e1fbd58c33007a151d81108f4d70c979f10,AUPRC,0.025015777780772873,0.01990330663866799,0.03553753448569459,ESTIMATED,,4006,69,3427,2000,2000,1900,outcome_stratified_patient_group_cluster,20260710,1228447092,0.025015777780772873
medicine_S5_score_mSI,medicine,S5,score_mSI,,overall,medicine,validation_2024,score_component_available_subset_of_current_cohort,4770,16a58766becef016afc355b385465e1fbd58c33007a151d81108f4d70c979f10,Brier,0.244731350939182,0.24088931700939073,0.2489178482341314,ESTIMATED,,4006,69,3427,2000,2000,1900,outcome_stratified_patient_group_cluster,20260710,1228447092,0.244731350939182
medicine_S5_score_aSI,medicine,S5,score_aSI,,overall,medicine,validation_2024,score_component_available_subset_of_current_cohort,4770,1014b45c25e6bd3b6cb572e528182234d15808c04aab1b2caff8682d103c0a2b,AUROC,0.6488920555023041,0.5958211280011203,0.7030656797246686,ESTIMATED,,4623,86,3946,2000,2000,1900,outcome_stratified_patient_group_cluster,20260710,331488549,0.6488920555023041
medicine_S5_score_aSI,medicine,S5,score_aSI,,overall,medicine,validation_2024,score_component_available_subset_of_current_cohort,4770,1014b45c25e6bd3b6cb572e528182234d15808c04aab1b2caff8682d103c0a2b,AUPRC,0.02822227611123961,0.02408019294654677,0.03611735760436406,ESTIMATED,,4623,86,3946,2000,2000,1900,outcome_stratified_patient_group_cluster,20260710,331488549,0.02822227611123961
medicine_S5_score_aSI,medicine,S5,score_aSI,,overall,medicine,validation_2024,score_component_available_subset_of_current_cohort,4770,1014b45c25e6bd3b6cb572e528182234d15808c04aab1b2caff8682d103c0a2b,Brier,0.2611457629692418,0.2538491015974933,0.26794251201116637,ESTIMATED,,4623,86,3946,2000,2000,1900,outcome_stratified_patient_group_cluster,20260710,331488549,0.2611457629692418
medicine_S5_score_rSI,medicine,S5,score_rSI,,overall,medicine,validation_2024,score_component_available_subset_of_current_cohort,4770,0ab2354f3d43a9665c0585455f6777c391ac11abecbe02c6911b0c08220b52ff,AUROC,0.5925443089847351,0.5321995009988627,0.651701943859203,ESTIMATED,,4626,86,3949,2000,2000,1900,outcome_stratified_patient_group_cluster,20260710,1871004412,0.5925443089847351
medicine_S5_score_rSI,medicine,S5,score_rSI,,overall,medicine,validation_2024,score_component_available_subset_of_current_cohort,4770,0ab2354f3d43a9665c0585455f6777c391ac11abecbe02c6911b0c08220b52ff,AUPRC,0.02564460098141915,0.021129123165804415,0.03389935119184319,ESTIMATED,,4626,86,3949,2000,2000,1900,outcome_stratified_patient_group_cluster,20260710,1871004412,0.02564460098141915
medicine_S5_score_rSI,medicine,S5,score_rSI,,overall,medicine,validation_2024,score_component_available_subset_of_current_cohort,4770,0ab2354f3d43a9665c0585455f6777c391ac11abecbe02c6911b0c08220b52ff,Brier,0.2532573659690097,0.25045876082524676,0.25630162538915646,ESTIMATED,,4626,86,3949,2000,2000,1900,outcome_stratified_patient_group_cluster,20260710,1871004412,0.2532573659690097
medicine_S5_score_rSI_sMS,medicine,S5,score_rSI_sMS,,overall,medicine,validation_2024,score_component_available_subset_of_current_cohort,4770,77519c9971be80a4af703a85c57f61fdb4819a447cabd6242beed24218abe7ea,AUROC,0.6452911392405063,0.581154339049399,0.7084784324368197,ESTIMATED,,4579,79,3923,2000,2000,1900,outcome_stratified_patient_group_cluster,20260710,2315357790,0.6452911392405063
medicine_S5_score_rSI_sMS,medicine,S5,score_rSI_sMS,,overall,medicine,validation_2024,score_component_available_subset_of_current_cohort,4770,77519c9971be80a4af703a85c57f61fdb4819a447cabd6242beed24218abe7ea,AUPRC,0.03162089856882937,0.024829521010997658,0.04548887668474581,ESTIMATED,,4579,79,3923,2000,2000,1900,outcome_stratified_patient_group_cluster,20260710,2315357790,0.03162089856882937
medicine_S5_score_rSI_sMS,medicine,S5,score_rSI_sMS,,overall,medicine,validation_2024,score_component_available_subset_of_current_cohort,4770,77519c9971be80a4af703a85c57f61fdb4819a447cabd6242beed24218abe7ea,Brier,0.24847996253773288,0.24375439427402693,0.25343050243152904,ESTIMATED,,4579,79,3923,2000,2000,1900,outcome_stratified_patient_group_cluster,20260710,2315357790,0.24847996253773288
medicine_S5_score_rSI_GCSM,medicine,S5,score_rSI_GCSM,,overall,medicine,validation_2024,score_component_available_subset_of_current_cohort,4770,77519c9971be80a4af703a85c57f61fdb4819a447cabd6242beed24218abe7ea,AUROC,0.6377144866385374,0.5698543579575314,0.6987075033079353,ESTIMATED,,4579,79,3923,2000,2000,1900,outcome_stratified_patient_group_cluster,20260710,1253015267,0.6377144866385374
medicine_S5_score_rSI_GCSM,medicine,S5,score_rSI_GCSM,,overall,medicine,validation_2024,score_component_available_subset_of_current_cohort,4770,77519c9971be80a4af703a85c57f61fdb4819a447cabd6242beed24218abe7ea,AUPRC,0.03211555612752648,0.024071610194899975,0.049459246420572825,ESTIMATED,,4579,79,3923,2000,2000,1900,outcome_stratified_patient_group_cluster,20260710,1253015267,0.03211555612752648
medicine_S5_score_rSI_GCSM,medicine,S5,score_rSI_GCSM,,overall,medicine,validation_2024,score_component_available_subset_of_current_cohort,4770,77519c9971be80a4af703a85c57f61fdb4819a447cabd6242beed24218abe7ea,Brier,0.2461566237579751,0.24162576052623555,0.25075234860169876,ESTIMATED,,4579,79,3923,2000,2000,1900,outcome_stratified_patient_group_cluster,20260710,1253015267,0.2461566237579751
medicine_S5_score_SIAVPU,medicine,S5,score_SIAVPU,,overall,medicine,validation_2024,score_component_available_subset_of_current_cohort,4770,0ab2354f3d43a9665c0585455f6777c391ac11abecbe02c6911b0c08220b52ff,AUROC,0.4842434176826145,0.4169553076036617,0.5488210991791284,ESTIMATED,,4626,86,3949,2000,2000,1900,outcome_stratified_patient_group_cluster,20260710,2291277204,0.4842434176826145
medicine_S5_score_SIAVPU,medicine,S5,score_SIAVPU,,overall,medicine,validation_2024,score_component_available_subset_of_current_cohort,4770,0ab2354f3d43a9665c0585455f6777c391ac11abecbe02c6911b0c08220b52ff,AUPRC,0.019808340830194865,0.016272952680781556,0.027724177140574013,ESTIMATED,,4626,86,3949,2000,2000,1900,outcome_stratified_patient_group_cluster,20260710,2291277204,0.019808340830194865
medicine_S5_score_SIAVPU,medicine,S5,score_SIAVPU,,overall,medicine,validation_2024,score_component_available_subset_of_current_cohort,4770,0ab2354f3d43a9665c0585455f6777c391ac11abecbe02c6911b0c08220b52ff,Brier,0.25088494058833805,0.25054579363924867,0.25122148969881575,ESTIMATED,,4626,86,3949,2000,2000,1900,outcome_stratified_patient_group_cluster,20260710,2291277204,0.25088494058833805
medicine_S5_score_sMS,medicine,S5,score_sMS,,overall,medicine,validation_2024,score_component_available_subset_of_current_cohort,4770,9e0b0ccdf19e7c79e23643be95c739b83926768acce4ddae6b3d4f227976be51,AUROC,0.5986659138026934,0.5463328169620191,0.649100427387798,ESTIMATED,,4585,79,3926,2000,2000,1900,outcome_stratified_patient_group_cluster,20260710,1651980933,0.5986659138026934
medicine_S5_score_sMS,medicine,S5,score_sMS,,overall,medicine,validation_2024,score_component_available_subset_of_current_cohort,4770,9e0b0ccdf19e7c79e23643be95c739b83926768acce4ddae6b3d4f227976be51,AUPRC,0.02473580213803562,0.019554653057798854,0.0327346541554376,ESTIMATED,,4585,79,3926,2000,2000,1900,outcome_stratified_patient_group_cluster,20260710,1651980933,0.02473580213803562
medicine_S5_score_sMS,medicine,S5,score_sMS,,overall,medicine,validation_2024,score_component_available_subset_of_current_cohort,4770,9e0b0ccdf19e7c79e23643be95c739b83926768acce4ddae6b3d4f227976be51,Brier,0.2366786854149637,0.23162793295545217,0.2415706578001464,ESTIMATED,,4585,79,3926,2000,2000,1900,outcome_stratified_patient_group_cluster,20260710,1651980933,0.2366786854149637
medicine_S5_score_qSOFA,medicine,S5,score_qSOFA,,overall,medicine,validation_2024,score_component_available_subset_of_current_cohort,4770,0ab2354f3d43a9665c0585455f6777c391ac11abecbe02c6911b0c08220b52ff,AUROC,0.6896680667964348,0.6377878385853202,0.7394209041251552,ESTIMATED,,4626,86,3949,2000,2000,1900,outcome_stratified_patient_group_cluster,20260710,2928310838,0.6896680667964348
medicine_S5_score_qSOFA,medicine,S5,score_qSOFA,,overall,medicine,validation_2024,score_component_available_subset_of_current_cohort,4770,0ab2354f3d43a9665c0585455f6777c391ac11abecbe02c6911b0c08220b52ff,AUPRC,0.034350354748733644,0.02781723003821487,0.04560016103390367,ESTIMATED,,4626,86,3949,2000,2000,1900,outcome_stratified_patient_group_cluster,20260710,2928310838,0.034350354748733644
medicine_S5_score_qSOFA,medicine,S5,score_qSOFA,,overall,medicine,validation_2024,score_component_available_subset_of_current_cohort,4770,0ab2354f3d43a9665c0585455f6777c391ac11abecbe02c6911b0c08220b52ff,Brier,0.25302130568199316,0.24619292641053409,0.2600577066749196,ESTIMATED,,4626,86,3949,2000,2000,1900,outcome_stratified_patient_group_cluster,20260710,2928310838,0.25302130568199316
medicine_S5_score_MEWS,medicine,S5,score_MEWS,,overall,medicine,validation_2024,score_component_available_subset_of_current_cohort,4770,0ab2354f3d43a9665c0585455f6777c391ac11abecbe02c6911b0c08220b52ff,AUROC,0.6824377625243315,0.6270512524749365,0.7348009527750992,ESTIMATED,,4626,86,3949,2000,2000,1900,outcome_stratified_patient_group_cluster,20260710,1370885850,0.6824377625243315
medicine_S5_score_MEWS,medicine,S5,score_MEWS,,overall,medicine,validation_2024,score_component_available_subset_of_current_cohort,4770,0ab2354f3d43a9665c0585455f6777c391ac11abecbe02c6911b0c08220b52ff,AUPRC,0.03784564354011305,0.02947556371607611,0.0554602434513515,ESTIMATED,,4626,86,3949,2000,2000,1900,outcome_stratified_patient_group_cluster,20260710,1370885850,0.03784564354011305
medicine_S5_score_MEWS,medicine,S5,score_MEWS,,overall,medicine,validation_2024,score_component_available_subset_of_current_cohort,4770,0ab2354f3d43a9665c0585455f6777c391ac11abecbe02c6911b0c08220b52ff,Brier,0.23420725010459953,0.2279223278423975,0.24064652894507532,ESTIMATED,,4626,86,3949,2000,2000,1900,outcome_stratified_patient_group_cluster,20260710,1370885850,0.23420725010459953
medicine_S5_score_REMS,medicine,S5,score_REMS,,overall,medicine,validation_2024,score_component_available_subset_of_current_cohort,4770,27addfbae90d58a06415d5db624699991999424dd5659b5df0eee6bf8c38cc3b,AUROC,0.6318438736159155,0.5672212300764627,0.6934495461119261,ESTIMATED,,3960,62,3400,2000,2000,1900,outcome_stratified_patient_group_cluster,20260710,1946257375,0.6318438736159155
medicine_S5_score_REMS,medicine,S5,score_REMS,,overall,medicine,validation_2024,score_component_available_subset_of_current_cohort,4770,27addfbae90d58a06415d5db624699991999424dd5659b5df0eee6bf8c38cc3b,AUPRC,0.02363365624967875,0.019001295621223505,0.036571908122908274,ESTIMATED,,3960,62,3400,2000,2000,1900,outcome_stratified_patient_group_cluster,20260710,1946257375,0.02363365624967875
medicine_S5_score_REMS,medicine,S5,score_REMS,,overall,medicine,validation_2024,score_component_available_subset_of_current_cohort,4770,27addfbae90d58a06415d5db624699991999424dd5659b5df0eee6bf8c38cc3b,Brier,0.25155618641618815,0.2444925865709192,0.25872835345722117,ESTIMATED,,3960,62,3400,2000,2000,1900,outcome_stratified_patient_group_cluster,20260710,1946257375,0.25155618641618815
medicine_S5_score_RTS,medicine,S5,score_RTS,,overall,medicine,validation_2024,score_component_available_subset_of_current_cohort,4770,98e76858e58f643d05d48cbaceb02e25743f80a46ee195958b082c24bb41fd1b,AUROC,0.5973505985188227,0.5437245636114351,0.6551688728122808,ESTIMATED,,4572,78,3920,2000,2000,1900,outcome_stratified_patient_group_cluster,20260710,450538994,0.5973505985188227
medicine_S5_score_RTS,medicine,S5,score_RTS,,overall,medicine,validation_2024,score_component_available_subset_of_current_cohort,4770,98e76858e58f643d05d48cbaceb02e25743f80a46ee195958b082c24bb41fd1b,AUPRC,0.02744224332349794,0.020659097095933655,0.04281464581158553,ESTIMATED,,4572,78,3920,2000,2000,1900,outcome_stratified_patient_group_cluster,20260710,450538994,0.02744224332349794
medicine_S5_score_RTS,medicine,S5,score_RTS,,overall,medicine,validation_2024,score_component_available_subset_of_current_cohort,4770,98e76858e58f643d05d48cbaceb02e25743f80a46ee195958b082c24bb41fd1b,Brier,0.22974772958892442,0.22499747166800718,0.23443000463166744,ESTIMATED,,4572,78,3920,2000,2000,1900,outcome_stratified_patient_group_cluster,20260710,450538994,0.22974772958892442
medicine_S5_score_rSI_GCS_alias,medicine,S5,score_rSI_GCS_alias,score_rSIG,overall,medicine,validation_2024,score_component_available_subset_of_current_cohort,4770,98e76858e58f643d05d48cbaceb02e25743f80a46ee195958b082c24bb41fd1b,AUROC,0.6397247612200884,0.5746903804305008,0.7072447288688022,ESTIMATED,,4572,78,3920,2000,2000,1900,outcome_stratified_patient_group_cluster,20260710,2410975939,0.6397247612200884
medicine_S5_score_rSI_GCS_alias,medicine,S5,score_rSI_GCS_alias,score_rSIG,overall,medicine,validation_2024,score_component_available_subset_of_current_cohort,4770,98e76858e58f643d05d48cbaceb02e25743f80a46ee195958b082c24bb41fd1b,AUPRC,0.033158889345754936,0.024771637504365163,0.05292609648371425,ESTIMATED,,4572,78,3920,2000,2000,1900,outcome_stratified_patient_group_cluster,20260710,2410975939,0.033158889345754936
medicine_S5_score_rSI_GCS_alias,medicine,S5,score_rSI_GCS_alias,score_rSIG,overall,medicine,validation_2024,score_component_available_subset_of_current_cohort,4770,98e76858e58f643d05d48cbaceb02e25743f80a46ee195958b082c24bb41fd1b,Brier,0.2455289305985305,0.24043094300101553,0.2502610331934561,ESTIMATED,,4572,78,3920,2000,2000,1900,outcome_stratified_patient_group_cluster,20260710,2410975939,0.2455289305985305
medicine_S5_knn_classifier,medicine,S5,knn_classifier,,medicine,medicine,validation_2024,exact_current_cohort,4770,7960c3127977b086d8b2ebc49273972f5e3d48dcd91fc5bce3bebfb2b4b8d464,AUROC,0.7101994301994301,0.6569232825325578,0.7639711821201318,ESTIMATED,,4770,90,4071,2000,2000,1900,outcome_stratified_patient_group_cluster,20260710,3566641541,0.7101994301994301
medicine_S5_knn_classifier,medicine,S5,knn_classifier,,medicine,medicine,validation_2024,exact_current_cohort,4770,7960c3127977b086d8b2ebc49273972f5e3d48dcd91fc5bce3bebfb2b4b8d464,AUPRC,0.10268211898381276,0.05829877005537699,0.16915991246058168,ESTIMATED,,4770,90,4071,2000,2000,1900,outcome_stratified_patient_group_cluster,20260710,3566641541,0.10268211898381276
medicine_S5_knn_classifier,medicine,S5,knn_classifier,,medicine,medicine,validation_2024,exact_current_cohort,4770,7960c3127977b086d8b2ebc49273972f5e3d48dcd91fc5bce3bebfb2b4b8d464,Brier,0.01804195056476895,0.017434954593943373,0.018715510447999552,ESTIMATED,,4770,90,4071,2000,2000,1900,outcome_stratified_patient_group_cluster,20260710,3566641541,0.01804195056476895
medicine_S6_decision_tree,medicine,S6,decision_tree,,overall,medicine,validation_2024,exact_current_cohort,4770,7960c3127977b086d8b2ebc49273972f5e3d48dcd91fc5bce3bebfb2b4b8d464,AUROC,0.7010584777381129,0.6695443579297295,0.7344428014795672,ESTIMATED,,4770,288,4071,2000,2000,1900,outcome_stratified_patient_group_cluster,20260710,1457318545,0.7010584777381129
medicine_S6_decision_tree,medicine,S6,decision_tree,,overall,medicine,validation_2024,exact_current_cohort,4770,7960c3127977b086d8b2ebc49273972f5e3d48dcd91fc5bce3bebfb2b4b8d464,AUPRC,0.12911908147587628,0.11149271688820118,0.15464693474208346,ESTIMATED,,4770,288,4071,2000,2000,1900,outcome_stratified_patient_group_cluster,20260710,1457318545,0.12911908147587628
medicine_S6_decision_tree,medicine,S6,decision_tree,,overall,medicine,validation_2024,exact_current_cohort,4770,7960c3127977b086d8b2ebc49273972f5e3d48dcd91fc5bce3bebfb2b4b8d464,Brier,0.261080561413385,0.25333706667258105,0.26795052996253227,ESTIMATED,,4770,288,4071,2000,2000,1900,outcome_stratified_patient_group_cluster,20260710,1457318545,0.261080561413385
medicine_S6_random_forest,medicine,S6,random_forest,,overall,medicine,validation_2024,exact_current_cohort,4770,7960c3127977b086d8b2ebc49273972f5e3d48dcd91fc5bce3bebfb2b4b8d464,AUROC,0.7418826540730823,0.7132767414616954,0.7675556667594897,ESTIMATED,,4770,288,4071,2000,2000,1900,outcome_stratified_patient_group_cluster,20260710,911593239,0.7418826540730823
medicine_S6_random_forest,medicine,S6,random_forest,,overall,medicine,validation_2024,exact_current_cohort,4770,7960c3127977b086d8b2ebc49273972f5e3d48dcd91fc5bce3bebfb2b4b8d464,AUPRC,0.16186268212875127,0.13431083450084283,0.19675143241439932,ESTIMATED,,4770,288,4071,2000,2000,1900,outcome_stratified_patient_group_cluster,20260710,911593239,0.16186268212875127
medicine_S6_random_forest,medicine,S6,random_forest,,overall,medicine,validation_2024,exact_current_cohort,4770,7960c3127977b086d8b2ebc49273972f5e3d48dcd91fc5bce3bebfb2b4b8d464,Brier,0.10493069637879654,0.10148024244720358,0.10848203689492315,ESTIMATED,,4770,288,4071,2000,2000,1900,outcome_stratified_patient_group_cluster,20260710,911593239,0.10493069637879654
medicine_S6_balanced_random_forest,medicine,S6,balanced_random_forest,,overall,medicine,validation_2024,exact_current_cohort,4770,7960c3127977b086d8b2ebc49273972f5e3d48dcd91fc5bce3bebfb2b4b8d464,AUROC,0.7296981134414199,0.6999148579131216,0.7568071306088685,ESTIMATED,,4770,288,4071,2000,2000,1900,outcome_stratified_patient_group_cluster,20260710,1055854936,0.7296981134414199
medicine_S6_balanced_random_forest,medicine,S6,balanced_random_forest,,overall,medicine,validation_2024,exact_current_cohort,4770,7960c3127977b086d8b2ebc49273972f5e3d48dcd91fc5bce3bebfb2b4b8d464,AUPRC,0.15228921053631791,0.1282876956851533,0.1900131866858892,ESTIMATED,,4770,288,4071,2000,2000,1900,outcome_stratified_patient_group_cluster,20260710,1055854936,0.15228921053631791
medicine_S6_balanced_random_forest,medicine,S6,balanced_random_forest,,overall,medicine,validation_2024,exact_current_cohort,4770,7960c3127977b086d8b2ebc49273972f5e3d48dcd91fc5bce3bebfb2b4b8d464,Brier,0.23643133267316416,0.2312026054195618,0.2417729442202865,ESTIMATED,,4770,288,4071,2000,2000,1900,outcome_stratified_patient_group_cluster,20260710,1055854936,0.23643133267316416
medicine_S6_svm_rbf,medicine,S6,svm_rbf,,overall,medicine,validation_2024,exact_current_cohort,4770,7960c3127977b086d8b2ebc49273972f5e3d48dcd91fc5bce3bebfb2b4b8d464,AUROC,0.681892694233725,0.6498995390718076,0.7126284739733909,ESTIMATED,,4770,288,4071,2000,2000,1900,outcome_stratified_patient_group_cluster,20260710,3623222971,0.681892694233725
medicine_S6_svm_rbf,medicine,S6,svm_rbf,,overall,medicine,validation_2024,exact_current_cohort,4770,7960c3127977b086d8b2ebc49273972f5e3d48dcd91fc5bce3bebfb2b4b8d464,AUPRC,0.1209355739318469,0.10405740546458929,0.1460503722932381,ESTIMATED,,4770,288,4071,2000,2000,1900,outcome_stratified_patient_group_cluster,20260710,3623222971,0.1209355739318469
medicine_S6_svm_rbf,medicine,S6,svm_rbf,,overall,medicine,validation_2024,exact_current_cohort,4770,7960c3127977b086d8b2ebc49273972f5e3d48dcd91fc5bce3bebfb2b4b8d464,Brier,0.055868067118855363,0.05421276648334448,0.05772118175818604,ESTIMATED,,4770,288,4071,2000,2000,1900,outcome_stratified_patient_group_cluster,20260710,3623222971,0.055868067118855363
medicine_S6_logistic_l1,medicine,S6,logistic_l1,,overall,medicine,validation_2024,exact_current_cohort,4770,7960c3127977b086d8b2ebc49273972f5e3d48dcd91fc5bce3bebfb2b4b8d464,AUROC,0.6780641082849919,0.6430363483839745,0.7117267595562418,ESTIMATED,,4770,288,4071,2000,2000,1900,outcome_stratified_patient_group_cluster,20260710,3293890212,0.6780641082849919
medicine_S6_logistic_l1,medicine,S6,logistic_l1,,overall,medicine,validation_2024,exact_current_cohort,4770,7960c3127977b086d8b2ebc49273972f5e3d48dcd91fc5bce3bebfb2b4b8d464,AUPRC,0.1268416169677707,0.10923937159914458,0.1525065168825382,ESTIMATED,,4770,288,4071,2000,2000,1900,outcome_stratified_patient_group_cluster,20260710,3293890212,0.1268416169677707
medicine_S6_logistic_l1,medicine,S6,logistic_l1,,overall,medicine,validation_2024,exact_current_cohort,4770,7960c3127977b086d8b2ebc49273972f5e3d48dcd91fc5bce3bebfb2b4b8d464,Brier,0.23081556606906387,0.22328165115949483,0.23849648124778877,ESTIMATED,,4770,288,4071,2000,2000,1900,outcome_stratified_patient_group_cluster,20260710,3293890212,0.23081556606906387
medicine_S6_logistic_l2,medicine,S6,logistic_l2,,overall,medicine,validation_2024,exact_current_cohort,4770,7960c3127977b086d8b2ebc49273972f5e3d48dcd91fc5bce3bebfb2b4b8d464,AUROC,0.672310383509346,0.6356107942589367,0.707480802305657,ESTIMATED,,4770,288,4071,2000,2000,1900,outcome_stratified_patient_group_cluster,20260710,842754306,0.672310383509346
medicine_S6_logistic_l2,medicine,S6,logistic_l2,,overall,medicine,validation_2024,exact_current_cohort,4770,7960c3127977b086d8b2ebc49273972f5e3d48dcd91fc5bce3bebfb2b4b8d464,AUPRC,0.1265427360649412,0.10793350271777578,0.1537315034756688,ESTIMATED,,4770,288,4071,2000,2000,1900,outcome_stratified_patient_group_cluster,20260710,842754306,0.1265427360649412
medicine_S6_logistic_l2,medicine,S6,logistic_l2,,overall,medicine,validation_2024,exact_current_cohort,4770,7960c3127977b086d8b2ebc49273972f5e3d48dcd91fc5bce3bebfb2b4b8d464,Brier,0.2305656335118422,0.222969654067132,0.23832840298279595,ESTIMATED,,4770,288,4071,2000,2000,1900,outcome_stratified_patient_group_cluster,20260710,842754306,0.2305656335118422
medicine_S6_score_NEWS2,medicine,S6,score_NEWS2,,overall,medicine,validation_2024,score_component_available_subset_of_current_cohort,4770,88c03a43fd63f9f7b0f8049a1de628d3144d74d2d7666f40a8f1bd4b3f5739bd,AUROC,0.5559773896903738,0.5025132197118444,0.6095006084869958,ESTIMATED,,986,108,886,2000,2000,1900,outcome_stratified_patient_group_cluster,20260710,3207005256,0.5559773896903738
medicine_S6_score_NEWS2,medicine,S6,score_NEWS2,,overall,medicine,validation_2024,score_component_available_subset_of_current_cohort,4770,88c03a43fd63f9f7b0f8049a1de628d3144d74d2d7666f40a8f1bd4b3f5739bd,AUPRC,0.12314476481753107,0.10685441763651357,0.15519280933653118,ESTIMATED,,986,108,886,2000,2000,1900,outcome_stratified_patient_group_cluster,20260710,3207005256,0.12314476481753107
medicine_S6_score_NEWS2,medicine,S6,score_NEWS2,,overall,medicine,validation_2024,score_component_available_subset_of_current_cohort,4770,88c03a43fd63f9f7b0f8049a1de628d3144d74d2d7666f40a8f1bd4b3f5739bd,Brier,0.24831456036760938,0.24439325431935127,0.2525680702994207,ESTIMATED,,986,108,886,2000,2000,1900,outcome_stratified_patient_group_cluster,20260710,3207005256,0.24831456036760938
medicine_S6_score_rSIG,medicine,S6,score_rSIG,,overall,medicine,validation_2024,score_component_available_subset_of_current_cohort,4770,98e76858e58f643d05d48cbaceb02e25743f80a46ee195958b082c24bb41fd1b,AUROC,0.5876484214614659,0.5505333250576083,0.6254723993500988,ESTIMATED,,4572,268,3920,2000,2000,1900,outcome_stratified_patient_group_cluster,20260710,1772445491,0.5876484214614659
medicine_S6_score_rSIG,medicine,S6,score_rSIG,,overall,medicine,validation_2024,score_component_available_subset_of_current_cohort,4770,98e76858e58f643d05d48cbaceb02e25743f80a46ee195958b082c24bb41fd1b,AUPRC,0.08568806340977525,0.07474242523555244,0.1045197010516977,ESTIMATED,,4572,268,3920,2000,2000,1900,outcome_stratified_patient_group_cluster,20260710,1772445491,0.08568806340977525
medicine_S6_score_rSIG,medicine,S6,score_rSIG,,overall,medicine,validation_2024,score_component_available_subset_of_current_cohort,4770,98e76858e58f643d05d48cbaceb02e25743f80a46ee195958b082c24bb41fd1b,Brier,0.2567331320434283,0.25331006199579875,0.2602452395524029,ESTIMATED,,4572,268,3920,2000,2000,1900,outcome_stratified_patient_group_cluster,20260710,1772445491,0.2567331320434283
medicine_S6_score_rSIG_Age,medicine,S6,score_rSIG_Age,,overall,medicine,validation_2024,score_component_available_subset_of_current_cohort,4770,b142c734ff665a9dcf5ccfad408f4f85c042489c496bbf4221e3dc65db87befe,AUROC,0.6239294402204276,0.5886650575941681,0.6594208957123867,ESTIMATED,,4569,268,3917,2000,2000,1900,outcome_stratified_patient_group_cluster,20260710,3799750405,0.6239294402204276
medicine_S6_score_rSIG_Age,medicine,S6,score_rSIG_Age,,overall,medicine,validation_2024,score_component_available_subset_of_current_cohort,4770,b142c734ff665a9dcf5ccfad408f4f85c042489c496bbf4221e3dc65db87befe,AUPRC,0.09135729570231786,0.0793047476091147,0.11098752323710841,ESTIMATED,,4569,268,3917,2000,2000,1900,outcome_stratified_patient_group_cluster,20260710,3799750405,0.09135729570231786
medicine_S6_score_rSIG_Age,medicine,S6,score_rSIG_Age,,overall,medicine,validation_2024,score_component_available_subset_of_current_cohort,4770,b142c734ff665a9dcf5ccfad408f4f85c042489c496bbf4221e3dc65db87befe,Brier,0.27010556679338554,0.2665321866708901,0.27395959649714047,ESTIMATED,,4569,268,3917,2000,2000,1900,outcome_stratified_patient_group_cluster,20260710,3799750405,0.27010556679338554
medicine_S6_score_SIA_G,medicine,S6,score_SIA_G,,overall,medicine,validation_2024,score_component_available_subset_of_current_cohort,4770,b142c734ff665a9dcf5ccfad408f4f85c042489c496bbf4221e3dc65db87befe,AUROC,0.6239281388916843,0.5863676954953816,0.6585574454529359,ESTIMATED,,4569,268,3917,2000,2000,1900,outcome_stratified_patient_group_cluster,20260710,2896992128,0.6239281388916843
medicine_S6_score_SIA_G,medicine,S6,score_SIA_G,,overall,medicine,validation_2024,score_component_available_subset_of_current_cohort,4770,b142c734ff665a9dcf5ccfad408f4f85c042489c496bbf4221e3dc65db87befe,AUPRC,0.09135717004826613,0.07918592837469127,0.11024476271867371,ESTIMATED,,4569,268,3917,2000,2000,1900,outcome_stratified_patient_group_cluster,20260710,2896992128,0.09135717004826613
medicine_S6_score_SIA_G,medicine,S6,score_SIA_G,,overall,medicine,validation_2024,score_component_available_subset_of_current_cohort,4770,b142c734ff665a9dcf5ccfad408f4f85c042489c496bbf4221e3dc65db87befe,Brier,0.25227964963177424,0.24843251139380473,0.2565762127521873,ESTIMATED,,4569,268,3917,2000,2000,1900,outcome_stratified_patient_group_cluster,20260710,2896992128,0.25227964963177424
medicine_S6_score_SI_G,medicine,S6,score_SI_G,,overall,medicine,validation_2024,score_component_available_subset_of_current_cohort,4770,98e76858e58f643d05d48cbaceb02e25743f80a46ee195958b082c24bb41fd1b,AUROC,0.5876419193530489,0.5477424562421412,0.6257015002009011,ESTIMATED,,4572,268,3920,2000,2000,1900,outcome_stratified_patient_group_cluster,20260710,1186251586,0.5876419193530489
medicine_S6_score_SI_G,medicine,S6,score_SI_G,,overall,medicine,validation_2024,score_component_available_subset_of_current_cohort,4770,98e76858e58f643d05d48cbaceb02e25743f80a46ee195958b082c24bb41fd1b,AUPRC,0.0856887043967694,0.07358123668774233,0.1030781922425015,ESTIMATED,,4572,268,3920,2000,2000,1900,outcome_stratified_patient_group_cluster,20260710,1186251586,0.0856887043967694
medicine_S6_score_SI_G,medicine,S6,score_SI_G,,overall,medicine,validation_2024,score_component_available_subset_of_current_cohort,4770,98e76858e58f643d05d48cbaceb02e25743f80a46ee195958b082c24bb41fd1b,Brier,0.24967819732748162,0.24644054339079188,0.2531250555189461,ESTIMATED,,4572,268,3920,2000,2000,1900,outcome_stratified_patient_group_cluster,20260710,1186251586,0.24967819732748162
medicine_S6_score_SI,medicine,S6,score_SI,,overall,medicine,validation_2024,score_component_available_subset_of_current_cohort,4770,0ab2354f3d43a9665c0585455f6777c391ac11abecbe02c6911b0c08220b52ff,AUROC,0.5359620189905048,0.497249291904747,0.5733540449072196,ESTIMATED,,4626,276,3949,2000,2000,1900,outcome_stratified_patient_group_cluster,20260710,2827361011,0.5359620189905048
medicine_S6_score_SI,medicine,S6,score_SI,,overall,medicine,validation_2024,score_component_available_subset_of_current_cohort,4770,0ab2354f3d43a9665c0585455f6777c391ac11abecbe02c6911b0c08220b52ff,AUPRC,0.07461004880591185,0.06538019694510075,0.08951058972345667,ESTIMATED,,4626,276,3949,2000,2000,1900,outcome_stratified_patient_group_cluster,20260710,2827361011,0.07461004880591185
medicine_S6_score_SI,medicine,S6,score_SI,,overall,medicine,validation_2024,score_component_available_subset_of_current_cohort,4770,0ab2354f3d43a9665c0585455f6777c391ac11abecbe02c6911b0c08220b52ff,Brier,0.2576255765691025,0.25519055070404767,0.26024711837248315,ESTIMATED,,4626,276,3949,2000,2000,1900,outcome_stratified_patient_group_cluster,20260710,2827361011,0.2576255765691025
medicine_S6_score_mSI,medicine,S6,score_mSI,,overall,medicine,validation_2024,score_component_available_subset_of_current_cohort,4770,16a58766becef016afc355b385465e1fbd58c33007a151d81108f4d70c979f10,AUROC,0.5043528786232389,0.464206395231316,0.5469620572085414,ESTIMATED,,4006,228,3427,2000,2000,1900,outcome_stratified_patient_group_cluster,20260710,2817795223,0.5043528786232389
medicine_S6_score_mSI,medicine,S6,score_mSI,,overall,medicine,validation_2024,score_component_available_subset_of_current_cohort,4770,16a58766becef016afc355b385465e1fbd58c33007a151d81108f4d70c979f10,AUPRC,0.062091222032643986,0.054680403513106705,0.07440139902931782,ESTIMATED,,4006,228,3427,2000,2000,1900,outcome_stratified_patient_group_cluster,20260710,2817795223,0.062091222032643986
medicine_S6_score_mSI,medicine,S6,score_mSI,,overall,medicine,validation_2024,score_component_available_subset_of_current_cohort,4770,16a58766becef016afc355b385465e1fbd58c33007a151d81108f4d70c979f10,Brier,0.25375383812775454,0.25133969378730825,0.2563675193345368,ESTIMATED,,4006,228,3427,2000,2000,1900,outcome_stratified_patient_group_cluster,20260710,2817795223,0.25375383812775454
medicine_S6_score_aSI,medicine,S6,score_aSI,,overall,medicine,validation_2024,score_component_available_subset_of_current_cohort,4770,1014b45c25e6bd3b6cb572e528182234d15808c04aab1b2caff8682d103c0a2b,AUROC,0.5951830847861094,0.5572319621083516,0.6308214800233009,ESTIMATED,,4623,276,3946,2000,2000,1900,outcome_stratified_patient_group_cluster,20260710,136058986,0.5951830847861094
medicine_S6_score_aSI,medicine,S6,score_aSI,,overall,medicine,validation_2024,score_component_available_subset_of_current_cohort,4770,1014b45c25e6bd3b6cb572e528182234d15808c04aab1b2caff8682d103c0a2b,AUPRC,0.08422480218566292,0.07277078437820457,0.10052051186812433,ESTIMATED,,4623,276,3946,2000,2000,1900,outcome_stratified_patient_group_cluster,20260710,136058986,0.08422480218566292
medicine_S6_score_aSI,medicine,S6,score_aSI,,overall,medicine,validation_2024,score_component_available_subset_of_current_cohort,4770,1014b45c25e6bd3b6cb572e528182234d15808c04aab1b2caff8682d103c0a2b,Brier,0.269287740732244,0.2649475475915369,0.27374424240578876,ESTIMATED,,4623,276,3946,2000,2000,1900,outcome_stratified_patient_group_cluster,20260710,136058986,0.269287740732244
medicine_S6_score_rSI,medicine,S6,score_rSI,,overall,medicine,validation_2024,score_component_available_subset_of_current_cohort,4770,0ab2354f3d43a9665c0585455f6777c391ac11abecbe02c6911b0c08220b52ff,AUROC,0.5359620189905048,0.49768321929536513,0.572965099123212,ESTIMATED,,4626,276,3949,2000,2000,1900,outcome_stratified_patient_group_cluster,20260710,218354894,0.5359620189905048
medicine_S6_score_rSI,medicine,S6,score_rSI,,overall,medicine,validation_2024,score_component_available_subset_of_current_cohort,4770,0ab2354f3d43a9665c0585455f6777c391ac11abecbe02c6911b0c08220b52ff,AUPRC,0.07461004880591185,0.06519277863953184,0.08913007469795353,ESTIMATED,,4626,276,3949,2000,2000,1900,outcome_stratified_patient_group_cluster,20260710,218354894,0.07461004880591185
medicine_S6_score_rSI,medicine,S6,score_rSI,,overall,medicine,validation_2024,score_component_available_subset_of_current_cohort,4770,0ab2354f3d43a9665c0585455f6777c391ac11abecbe02c6911b0c08220b52ff,Brier,0.2551902368081902,0.25329272189120045,0.25714895393769854,ESTIMATED,,4626,276,3949,2000,2000,1900,outcome_stratified_patient_group_cluster,20260710,218354894,0.2551902368081902
medicine_S6_score_rSI_sMS,medicine,S6,score_rSI_sMS,,overall,medicine,validation_2024,score_component_available_subset_of_current_cohort,4770,77519c9971be80a4af703a85c57f61fdb4819a447cabd6242beed24218abe7ea,AUROC,0.5904831271616864,0.5519615323507197,0.6265118883618407,ESTIMATED,,4579,268,3923,2000,2000,1900,outcome_stratified_patient_group_cluster,20260710,2357360414,0.5904831271616864
medicine_S6_score_rSI_sMS,medicine,S6,score_rSI_sMS,,overall,medicine,validation_2024,score_component_available_subset_of_current_cohort,4770,77519c9971be80a4af703a85c57f61fdb4819a447cabd6242beed24218abe7ea,AUPRC,0.08469847326673915,0.0735709231421797,0.10200756157519039,ESTIMATED,,4579,268,3923,2000,2000,1900,outcome_stratified_patient_group_cluster,20260710,2357360414,0.08469847326673915
medicine_S6_score_rSI_sMS,medicine,S6,score_rSI_sMS,,overall,medicine,validation_2024,score_component_available_subset_of_current_cohort,4770,77519c9971be80a4af703a85c57f61fdb4819a447cabd6242beed24218abe7ea,Brier,0.2578247160588421,0.2539646823643047,0.26164582344954357,ESTIMATED,,4579,268,3923,2000,2000,1900,outcome_stratified_patient_group_cluster,20260710,2357360414,0.2578247160588421
medicine_S6_score_rSI_GCSM,medicine,S6,score_rSI_GCSM,,overall,medicine,validation_2024,score_component_available_subset_of_current_cohort,4770,77519c9971be80a4af703a85c57f61fdb4819a447cabd6242beed24218abe7ea,AUROC,0.5777328562476414,0.5375069734201066,0.6148453424885922,ESTIMATED,,4579,268,3923,2000,2000,1900,outcome_stratified_patient_group_cluster,20260710,76612303,0.5777328562476414
medicine_S6_score_rSI_GCSM,medicine,S6,score_rSI_GCSM,,overall,medicine,validation_2024,score_component_available_subset_of_current_cohort,4770,77519c9971be80a4af703a85c57f61fdb4819a447cabd6242beed24218abe7ea,AUPRC,0.08387503679152811,0.07218756814670625,0.10231805015793503,ESTIMATED,,4579,268,3923,2000,2000,1900,outcome_stratified_patient_group_cluster,20260710,76612303,0.08387503679152811
medicine_S6_score_rSI_GCSM,medicine,S6,score_rSI_GCSM,,overall,medicine,validation_2024,score_component_available_subset_of_current_cohort,4770,77519c9971be80a4af703a85c57f61fdb4819a447cabd6242beed24218abe7ea,Brier,0.2566127521822839,0.2531892989205505,0.25995994711484777,ESTIMATED,,4579,268,3923,2000,2000,1900,outcome_stratified_patient_group_cluster,20260710,76612303,0.2566127521822839
medicine_S6_score_SIAVPU,medicine,S6,score_SIAVPU,,overall,medicine,validation_2024,score_component_available_subset_of_current_cohort,4770,0ab2354f3d43a9665c0585455f6777c391ac11abecbe02c6911b0c08220b52ff,AUROC,0.478168415792104,0.4386687986760381,0.5172669716517444,ESTIMATED,,4626,276,3949,2000,2000,1900,outcome_stratified_patient_group_cluster,20260710,7135328,0.478168415792104
medicine_S6_score_SIAVPU,medicine,S6,score_SIAVPU,,overall,medicine,validation_2024,score_component_available_subset_of_current_cohort,4770,0ab2354f3d43a9665c0585455f6777c391ac11abecbe02c6911b0c08220b52ff,AUPRC,0.06647452173580218,0.05728919532675719,0.08206335149782328,ESTIMATED,,4626,276,3949,2000,2000,1900,outcome_stratified_patient_group_cluster,20260710,7135328,0.06647452173580218
medicine_S6_score_SIAVPU,medicine,S6,score_SIAVPU,,overall,medicine,validation_2024,score_component_available_subset_of_current_cohort,4770,0ab2354f3d43a9665c0585455f6777c391ac11abecbe02c6911b0c08220b52ff,Brier,0.2502609535446825,0.25017066786236103,0.25034716704414195,ESTIMATED,,4626,276,3949,2000,2000,1900,outcome_stratified_patient_group_cluster,20260710,7135328,0.2502609535446825
medicine_S6_score_sMS,medicine,S6,score_sMS,,overall,medicine,validation_2024,score_component_available_subset_of_current_cohort,4770,9e0b0ccdf19e7c79e23643be95c739b83926768acce4ddae6b3d4f227976be51,AUROC,0.568520324022694,0.5405781107910892,0.5968145768885748,ESTIMATED,,4585,268,3926,2000,2000,1900,outcome_stratified_patient_group_cluster,20260710,662921393,0.568520324022694
medicine_S6_score_sMS,medicine,S6,score_sMS,,overall,medicine,validation_2024,score_component_available_subset_of_current_cohort,4770,9e0b0ccdf19e7c79e23643be95c739b83926768acce4ddae6b3d4f227976be51,AUPRC,0.07233111442708565,0.06415817599462327,0.083344045415129,ESTIMATED,,4585,268,3926,2000,2000,1900,outcome_stratified_patient_group_cluster,20260710,662921393,0.07233111442708565
medicine_S6_score_sMS,medicine,S6,score_sMS,,overall,medicine,validation_2024,score_component_available_subset_of_current_cohort,4770,9e0b0ccdf19e7c79e23643be95c739b83926768acce4ddae6b3d4f227976be51,Brier,0.2487404096285104,0.24497467344515267,0.25279411077974795,ESTIMATED,,4585,268,3926,2000,2000,1900,outcome_stratified_patient_group_cluster,20260710,662921393,0.2487404096285104
medicine_S6_score_qSOFA,medicine,S6,score_qSOFA,,overall,medicine,validation_2024,score_component_available_subset_of_current_cohort,4770,0ab2354f3d43a9665c0585455f6777c391ac11abecbe02c6911b0c08220b52ff,AUROC,0.6142499583541562,0.5808511129425318,0.645747963122988,ESTIMATED,,4626,276,3949,2000,2000,1900,outcome_stratified_patient_group_cluster,20260710,1725616706,0.6142499583541562
medicine_S6_score_qSOFA,medicine,S6,score_qSOFA,,overall,medicine,validation_2024,score_component_available_subset_of_current_cohort,4770,0ab2354f3d43a9665c0585455f6777c391ac11abecbe02c6911b0c08220b52ff,AUPRC,0.08341812744326556,0.07400493164392098,0.09588234310968242,ESTIMATED,,4626,276,3949,2000,2000,1900,outcome_stratified_patient_group_cluster,20260710,1725616706,0.08341812744326556
medicine_S6_score_qSOFA,medicine,S6,score_qSOFA,,overall,medicine,validation_2024,score_component_available_subset_of_current_cohort,4770,0ab2354f3d43a9665c0585455f6777c391ac11abecbe02c6911b0c08220b52ff,Brier,0.26700604116103893,0.26251832220383026,0.2717870584500479,ESTIMATED,,4626,276,3949,2000,2000,1900,outcome_stratified_patient_group_cluster,20260710,1725616706,0.26700604116103893
medicine_S6_score_MEWS,medicine,S6,score_MEWS,,overall,medicine,validation_2024,score_component_available_subset_of_current_cohort,4770,0ab2354f3d43a9665c0585455f6777c391ac11abecbe02c6911b0c08220b52ff,AUROC,0.6219944194569381,0.5890931972779395,0.6539350034049691,ESTIMATED,,4626,276,3949,2000,2000,1900,outcome_stratified_patient_group_cluster,20260710,804984501,0.6219944194569381
medicine_S6_score_MEWS,medicine,S6,score_MEWS,,overall,medicine,validation_2024,score_component_available_subset_of_current_cohort,4770,0ab2354f3d43a9665c0585455f6777c391ac11abecbe02c6911b0c08220b52ff,AUPRC,0.08718332148966658,0.077305883667302,0.10210603787069604,ESTIMATED,,4626,276,3949,2000,2000,1900,outcome_stratified_patient_group_cluster,20260710,804984501,0.08718332148966658
medicine_S6_score_MEWS,medicine,S6,score_MEWS,,overall,medicine,validation_2024,score_component_available_subset_of_current_cohort,4770,0ab2354f3d43a9665c0585455f6777c391ac11abecbe02c6911b0c08220b52ff,Brier,0.25554389346139955,0.2513841229972825,0.26018938532820857,ESTIMATED,,4626,276,3949,2000,2000,1900,outcome_stratified_patient_group_cluster,20260710,804984501,0.25554389346139955
medicine_S6_score_REMS,medicine,S6,score_REMS,,overall,medicine,validation_2024,score_component_available_subset_of_current_cohort,4770,27addfbae90d58a06415d5db624699991999424dd5659b5df0eee6bf8c38cc3b,AUROC,0.6187646659462023,0.5825016366002405,0.6550461821433307,ESTIMATED,,3960,221,3400,2000,2000,1900,outcome_stratified_patient_group_cluster,20260710,4065419442,0.6187646659462023
medicine_S6_score_REMS,medicine,S6,score_REMS,,overall,medicine,validation_2024,score_component_available_subset_of_current_cohort,4770,27addfbae90d58a06415d5db624699991999424dd5659b5df0eee6bf8c38cc3b,AUPRC,0.08120037834511001,0.07099658612042364,0.09746168478114077,ESTIMATED,,3960,221,3400,2000,2000,1900,outcome_stratified_patient_group_cluster,20260710,4065419442,0.08120037834511001
medicine_S6_score_REMS,medicine,S6,score_REMS,,overall,medicine,validation_2024,score_component_available_subset_of_current_cohort,4770,27addfbae90d58a06415d5db624699991999424dd5659b5df0eee6bf8c38cc3b,Brier,0.26087001516003283,0.25683642806747864,0.2650229360408843,ESTIMATED,,3960,221,3400,2000,2000,1900,outcome_stratified_patient_group_cluster,20260710,4065419442,0.26087001516003283
medicine_S6_score_RTS,medicine,S6,score_RTS,,overall,medicine,validation_2024,score_component_available_subset_of_current_cohort,4770,98e76858e58f643d05d48cbaceb02e25743f80a46ee195958b082c24bb41fd1b,AUROC,0.5840883003661987,0.5543379324188573,0.6134535800751125,ESTIMATED,,4572,268,3920,2000,2000,1900,outcome_stratified_patient_group_cluster,20260710,712776113,0.5840883003661987
medicine_S6_score_RTS,medicine,S6,score_RTS,,overall,medicine,validation_2024,score_component_available_subset_of_current_cohort,4770,98e76858e58f643d05d48cbaceb02e25743f80a46ee195958b082c24bb41fd1b,AUPRC,0.07778302106469409,0.06867915459118051,0.09325897006732344,ESTIMATED,,4572,268,3920,2000,2000,1900,outcome_stratified_patient_group_cluster,20260710,712776113,0.07778302106469409
medicine_S6_score_RTS,medicine,S6,score_RTS,,overall,medicine,validation_2024,score_component_available_subset_of_current_cohort,4770,98e76858e58f643d05d48cbaceb02e25743f80a46ee195958b082c24bb41fd1b,Brier,0.24606646750463446,0.24258665184133357,0.2497424909593122,ESTIMATED,,4572,268,3920,2000,2000,1900,outcome_stratified_patient_group_cluster,20260710,712776113,0.24606646750463446
medicine_S6_score_rSI_GCS_alias,medicine,S6,score_rSI_GCS_alias,score_rSIG,overall,medicine,validation_2024,score_component_available_subset_of_current_cohort,4770,98e76858e58f643d05d48cbaceb02e25743f80a46ee195958b082c24bb41fd1b,AUROC,0.5876484214614659,0.5505333250576083,0.6254723993500988,ESTIMATED,,4572,268,3920,2000,2000,1900,outcome_stratified_patient_group_cluster,20260710,1772445491,0.5876484214614659
medicine_S6_score_rSI_GCS_alias,medicine,S6,score_rSI_GCS_alias,score_rSIG,overall,medicine,validation_2024,score_component_available_subset_of_current_cohort,4770,98e76858e58f643d05d48cbaceb02e25743f80a46ee195958b082c24bb41fd1b,AUPRC,0.08568806340977525,0.07474242523555244,0.1045197010516977,ESTIMATED,,4572,268,3920,2000,2000,1900,outcome_stratified_patient_group_cluster,20260710,1772445491,0.08568806340977525
medicine_S6_score_rSI_GCS_alias,medicine,S6,score_rSI_GCS_alias,score_rSIG,overall,medicine,validation_2024,score_component_available_subset_of_current_cohort,4770,98e76858e58f643d05d48cbaceb02e25743f80a46ee195958b082c24bb41fd1b,Brier,0.2567331320434283,0.25331006199579875,0.2602452395524029,ESTIMATED,,4572,268,3920,2000,2000,1900,outcome_stratified_patient_group_cluster,20260710,1772445491,0.2567331320434283
medicine_S6_knn_classifier,medicine,S6,knn_classifier,,medicine,medicine,validation_2024,exact_current_cohort,4770,7960c3127977b086d8b2ebc49273972f5e3d48dcd91fc5bce3bebfb2b4b8d464,AUROC,0.6981072437899748,0.6670710566016889,0.7291743202219119,ESTIMATED,,4770,288,4071,2000,2000,1900,outcome_stratified_patient_group_cluster,20260710,4133196322,0.6981072437899748
medicine_S6_knn_classifier,medicine,S6,knn_classifier,,medicine,medicine,validation_2024,exact_current_cohort,4770,7960c3127977b086d8b2ebc49273972f5e3d48dcd91fc5bce3bebfb2b4b8d464,AUPRC,0.1336403961442933,0.11399918662629742,0.16409553735609733,ESTIMATED,,4770,288,4071,2000,2000,1900,outcome_stratified_patient_group_cluster,20260710,4133196322,0.1336403961442933
medicine_S6_knn_classifier,medicine,S6,knn_classifier,,medicine,medicine,validation_2024,exact_current_cohort,4770,7960c3127977b086d8b2ebc49273972f5e3d48dcd91fc5bce3bebfb2b4b8d464,Brier,0.05575843900544882,0.05390902304438394,0.05772411666641201,ESTIMATED,,4770,288,4071,2000,2000,1900,outcome_stratified_patient_group_cluster,20260710,4133196322,0.05575843900544882
surgery_P1_decision_tree,surgery,P1,decision_tree,,overall,surgery,validation_2024,exact_current_cohort,2712,6af3fa1ceb5e20a24ee260bad7ba0bf2553730e01405fb0aa4916e71f7f0c8a0,AUROC,0.8791260739096477,0.7028216414416738,0.9981026780559885,ESTIMATED,,2712,9,2657,2000,2000,1900,outcome_stratified_patient_group_cluster,20260710,3203658517,0.8791260739096477
surgery_P1_decision_tree,surgery,P1,decision_tree,,overall,surgery,validation_2024,exact_current_cohort,2712,6af3fa1ceb5e20a24ee260bad7ba0bf2553730e01405fb0aa4916e71f7f0c8a0,AUPRC,0.2868485742379548,0.10601990797768748,0.5473782705126851,ESTIMATED,,2712,9,2657,2000,2000,1900,outcome_stratified_patient_group_cluster,20260710,3203658517,0.2868485742379548
surgery_P1_decision_tree,surgery,P1,decision_tree,,overall,surgery,validation_2024,exact_current_cohort,2712,6af3fa1ceb5e20a24ee260bad7ba0bf2553730e01405fb0aa4916e71f7f0c8a0,Brier,0.03767906628561839,0.032229488167831895,0.043281105817408974,ESTIMATED,,2712,9,2657,2000,2000,1900,outcome_stratified_patient_group_cluster,20260710,3203658517,0.03767906628561839
surgery_P1_random_forest,surgery,P1,random_forest,,overall,surgery,validation_2024,exact_current_cohort,2712,6af3fa1ceb5e20a24ee260bad7ba0bf2553730e01405fb0aa4916e71f7f0c8a0,AUROC,0.9852838409997122,0.9561808272874783,0.9997946209157381,ESTIMATED,,2712,9,2657,2000,2000,1900,outcome_stratified_patient_group_cluster,20260710,4278549733,0.9852838409997122
surgery_P1_random_forest,surgery,P1,random_forest,,overall,surgery,validation_2024,exact_current_cohort,2712,6af3fa1ceb5e20a24ee260bad7ba0bf2553730e01405fb0aa4916e71f7f0c8a0,AUPRC,0.7436477174849268,0.47874822434686015,0.9535185185185182,ESTIMATED,,2712,9,2657,2000,2000,1900,outcome_stratified_patient_group_cluster,20260710,4278549733,0.7436477174849268
surgery_P1_random_forest,surgery,P1,random_forest,,overall,surgery,validation_2024,exact_current_cohort,2712,6af3fa1ceb5e20a24ee260bad7ba0bf2553730e01405fb0aa4916e71f7f0c8a0,Brier,0.0023673000228213756,0.0015771217937427856,0.0033233098280967864,ESTIMATED,,2712,9,2657,2000,2000,1900,outcome_stratified_patient_group_cluster,20260710,4278549733,0.0023673000228213756
surgery_P1_balanced_random_forest,surgery,P1,balanced_random_forest,,overall,surgery,validation_2024,exact_current_cohort,2712,6af3fa1ceb5e20a24ee260bad7ba0bf2553730e01405fb0aa4916e71f7f0c8a0,AUROC,0.9667858757758869,0.9099454369869334,0.9973010438628729,ESTIMATED,,2712,9,2657,2000,2000,1900,outcome_stratified_patient_group_cluster,20260710,1490897882,0.9667858757758869
surgery_P1_balanced_random_forest,surgery,P1,balanced_random_forest,,overall,surgery,validation_2024,exact_current_cohort,2712,6af3fa1ceb5e20a24ee260bad7ba0bf2553730e01405fb0aa4916e71f7f0c8a0,AUPRC,0.4381127507288104,0.16377356931618478,0.7217401809895015,ESTIMATED,,2712,9,2657,2000,2000,1900,outcome_stratified_patient_group_cluster,20260710,1490897882,0.4381127507288104
surgery_P1_balanced_random_forest,surgery,P1,balanced_random_forest,,overall,surgery,validation_2024,exact_current_cohort,2712,6af3fa1ceb5e20a24ee260bad7ba0bf2553730e01405fb0aa4916e71f7f0c8a0,Brier,0.04143489943885565,0.038110675106526506,0.04493695589290016,ESTIMATED,,2712,9,2657,2000,2000,1900,outcome_stratified_patient_group_cluster,20260710,1490897882,0.04143489943885565
surgery_P1_svm_rbf,surgery,P1,svm_rbf,,overall,surgery,validation_2024,exact_current_cohort,2712,6af3fa1ceb5e20a24ee260bad7ba0bf2553730e01405fb0aa4916e71f7f0c8a0,AUROC,0.9771036297118427,0.9464740584152572,0.9944673079199079,ESTIMATED,,2712,9,2657,2000,2000,1900,outcome_stratified_patient_group_cluster,20260710,358522937,0.9771036297118427
surgery_P1_svm_rbf,surgery,P1,svm_rbf,,overall,surgery,validation_2024,exact_current_cohort,2712,6af3fa1ceb5e20a24ee260bad7ba0bf2553730e01405fb0aa4916e71f7f0c8a0,AUPRC,0.16554960773910246,0.08996560387481982,0.4067102640453932,ESTIMATED,,2712,9,2657,2000,2000,1900,outcome_stratified_patient_group_cluster,20260710,358522937,0.16554960773910246
surgery_P1_svm_rbf,surgery,P1,svm_rbf,,overall,surgery,validation_2024,exact_current_cohort,2712,6af3fa1ceb5e20a24ee260bad7ba0bf2553730e01405fb0aa4916e71f7f0c8a0,Brier,0.0032339569251249385,0.0031813222353302465,0.0032757660400311223,ESTIMATED,,2712,9,2657,2000,2000,1900,outcome_stratified_patient_group_cluster,20260710,358522937,0.0032339569251249385
surgery_P1_logistic_l1,surgery,P1,logistic_l1,,overall,surgery,validation_2024,exact_current_cohort,2712,6af3fa1ceb5e20a24ee260bad7ba0bf2553730e01405fb0aa4916e71f7f0c8a0,AUROC,0.8504542278127184,0.6293646172555927,0.9937118805490944,ESTIMATED,,2712,9,2657,2000,2000,1900,outcome_stratified_patient_group_cluster,20260710,7486526,0.8504542278127184
surgery_P1_logistic_l1,surgery,P1,logistic_l1,,overall,surgery,validation_2024,exact_current_cohort,2712,6af3fa1ceb5e20a24ee260bad7ba0bf2553730e01405fb0aa4916e71f7f0c8a0,AUPRC,0.36684841818872893,0.1378279682781208,0.7670881479079107,ESTIMATED,,2712,9,2657,2000,2000,1900,outcome_stratified_patient_group_cluster,20260710,7486526,0.36684841818872893
surgery_P1_logistic_l1,surgery,P1,logistic_l1,,overall,surgery,validation_2024,exact_current_cohort,2712,6af3fa1ceb5e20a24ee260bad7ba0bf2553730e01405fb0aa4916e71f7f0c8a0,Brier,0.005788983224929383,0.0035619128196660286,0.008015512611621086,ESTIMATED,,2712,9,2657,2000,2000,1900,outcome_stratified_patient_group_cluster,20260710,7486526,0.005788983224929383
surgery_P1_logistic_l2,surgery,P1,logistic_l2,,overall,surgery,validation_2024,exact_current_cohort,2712,6af3fa1ceb5e20a24ee260bad7ba0bf2553730e01405fb0aa4916e71f7f0c8a0,AUROC,0.8786533481317054,0.657195115993706,0.9977897193930668,ESTIMATED,,2712,9,2657,2000,2000,1900,outcome_stratified_patient_group_cluster,20260710,2394481279,0.8786533481317054
surgery_P1_logistic_l2,surgery,P1,logistic_l2,,overall,surgery,validation_2024,exact_current_cohort,2712,6af3fa1ceb5e20a24ee260bad7ba0bf2553730e01405fb0aa4916e71f7f0c8a0,AUPRC,0.49864864111639345,0.1948537080118319,0.8169690016976866,ESTIMATED,,2712,9,2657,2000,2000,1900,outcome_stratified_patient_group_cluster,20260710,2394481279,0.49864864111639345
surgery_P1_logistic_l2,surgery,P1,logistic_l2,,overall,surgery,validation_2024,exact_current_cohort,2712,6af3fa1ceb5e20a24ee260bad7ba0bf2553730e01405fb0aa4916e71f7f0c8a0,Brier,0.005952286388437176,0.0036251972801740156,0.008465420200967645,ESTIMATED,,2712,9,2657,2000,2000,1900,outcome_stratified_patient_group_cluster,20260710,2394481279,0.005952286388437176
surgery_P1_score_NEWS2,surgery,P1,score_NEWS2,,overall,surgery,validation_2024,score_component_available_subset_of_current_cohort,2712,84d367bc0edcbc976197746cebb79a38c3db623cccfbedef30d11c68363d281f,AUROC,0.8116883116883117,0.7272727272727273,0.8896103896103896,ESTIMATED,,78,1,78,2000,2000,1900,outcome_stratified_patient_group_cluster,20260710,224752911,0.8116883116883117
surgery_P1_score_NEWS2,surgery,P1,score_NEWS2,,overall,surgery,validation_2024,score_component_available_subset_of_current_cohort,2712,84d367bc0edcbc976197746cebb79a38c3db623cccfbedef30d11c68363d281f,AUPRC,0.058823529411764705,0.041666666666666664,0.1,ESTIMATED,,78,1,78,2000,2000,1900,outcome_stratified_patient_group_cluster,20260710,224752911,0.058823529411764705
surgery_P1_score_NEWS2,surgery,P1,score_NEWS2,,overall,surgery,validation_2024,score_component_available_subset_of_current_cohort,2712,84d367bc0edcbc976197746cebb79a38c3db623cccfbedef30d11c68363d281f,Brier,0.17847394142324463,0.14186599555763516,0.2146552097859462,ESTIMATED,,78,1,78,2000,2000,1900,outcome_stratified_patient_group_cluster,20260710,224752911,0.17847394142324463
surgery_P1_score_rSIG,surgery,P1,score_rSIG,,overall,surgery,validation_2024,score_component_available_subset_of_current_cohort,2712,a72050445859f1563b9ab073ae1060c07809e77c9c051d75fbcea6cf08d9391a,AUROC,0.5403946388682055,0.07876204595997034,0.9970216488494132,ESTIMATED,,2688,2,2634,2000,2000,1900,outcome_stratified_patient_group_cluster,20260710,3698412969,0.5403946388682055
surgery_P1_score_rSIG,surgery,P1,score_rSIG,,overall,surgery,validation_2024,score_component_available_subset_of_current_cohort,2712,a72050445859f1563b9ab073ae1060c07809e77c9c051d75fbcea6cf08d9391a,AUPRC,0.03886804252657911,0.0008070943626218101,0.2,ESTIMATED,,2688,2,2634,2000,2000,1900,outcome_stratified_patient_group_cluster,20260710,3698412969,0.03886804252657911
surgery_P1_score_rSIG,surgery,P1,score_rSIG,,overall,surgery,validation_2024,score_component_available_subset_of_current_cohort,2712,a72050445859f1563b9ab073ae1060c07809e77c9c051d75fbcea6cf08d9391a,Brier,0.14142781323081863,0.13655141782459848,0.14639945958792625,ESTIMATED,,2688,2,2634,2000,2000,1900,outcome_stratified_patient_group_cluster,20260710,3698412969,0.14142781323081863
surgery_P1_score_rSIG_Age,surgery,P1,score_rSIG_Age,,overall,surgery,validation_2024,score_component_available_subset_of_current_cohort,2712,bc44d553aab8a61e7e305401570a342a68f7150af14b7f845adccc94316ce1e2,AUROC,0.8352590383898622,0.685468282188237,0.9772398656160538,ESTIMATED,,2685,2,2631,2000,2000,1900,outcome_stratified_patient_group_cluster,20260710,2978189442,0.8352590383898622
surgery_P1_score_rSIG_Age,surgery,P1,score_rSIG_Age,,overall,surgery,validation_2024,score_component_available_subset_of_current_cohort,2712,bc44d553aab8a61e7e305401570a342a68f7150af14b7f845adccc94316ce1e2,AUPRC,0.008077816296994379,0.002366863905325444,0.031746031746031744,ESTIMATED,,2685,2,2631,2000,2000,1900,outcome_stratified_patient_group_cluster,20260710,2978189442,0.008077816296994379
surgery_P1_score_rSIG_Age,surgery,P1,score_rSIG_Age,,overall,surgery,validation_2024,score_component_available_subset_of_current_cohort,2712,bc44d553aab8a61e7e305401570a342a68f7150af14b7f845adccc94316ce1e2,Brier,0.09622997398482752,0.09007301577151493,0.10203078518746855,ESTIMATED,,2685,2,2631,2000,2000,1900,outcome_stratified_patient_group_cluster,20260710,2978189442,0.09622997398482752
surgery_P1_score_SIA_G,surgery,P1,score_SIA_G,,overall,surgery,validation_2024,score_component_available_subset_of_current_cohort,2712,bc44d553aab8a61e7e305401570a342a68f7150af14b7f845adccc94316ce1e2,AUROC,0.8352590383898622,0.685798943958944,0.9773714439455921,ESTIMATED,,2685,2,2631,2000,2000,1900,outcome_stratified_patient_group_cluster,20260710,43390309,0.8352590383898622
surgery_P1_score_SIA_G,surgery,P1,score_SIA_G,,overall,surgery,validation_2024,score_component_available_subset_of_current_cohort,2712,bc44d553aab8a61e7e305401570a342a68f7150af14b7f845adccc94316ce1e2,AUPRC,0.008077816296994379,0.002366863905325444,0.031758832565284105,ESTIMATED,,2685,2,2631,2000,2000,1900,outcome_stratified_patient_group_cluster,20260710,43390309,0.008077816296994379
surgery_P1_score_SIA_G,surgery,P1,score_SIA_G,,overall,surgery,validation_2024,score_component_available_subset_of_current_cohort,2712,bc44d553aab8a61e7e305401570a342a68f7150af14b7f845adccc94316ce1e2,Brier,0.09151589652714368,0.08810807177309087,0.09496274264074048,ESTIMATED,,2685,2,2631,2000,2000,1900,outcome_stratified_patient_group_cluster,20260710,43390309,0.09151589652714368
surgery_P1_score_SI_G,surgery,P1,score_SI_G,,overall,surgery,validation_2024,score_component_available_subset_of_current_cohort,2712,a72050445859f1563b9ab073ae1060c07809e77c9c051d75fbcea6cf08d9391a,AUROC,0.5403946388682055,0.07883946613991903,0.9973939185139226,ESTIMATED,,2688,2,2634,2000,2000,1900,outcome_stratified_patient_group_cluster,20260710,2262667653,0.5403946388682055
surgery_P1_score_SI_G,surgery,P1,score_SI_G,,overall,surgery,validation_2024,score_component_available_subset_of_current_cohort,2712,a72050445859f1563b9ab073ae1060c07809e77c9c051d75fbcea6cf08d9391a,AUPRC,0.03886804252657911,0.0008061265618702137,0.2222222222222222,ESTIMATED,,2688,2,2634,2000,2000,1900,outcome_stratified_patient_group_cluster,20260710,2262667653,0.03886804252657911
surgery_P1_score_SI_G,surgery,P1,score_SI_G,,overall,surgery,validation_2024,score_component_available_subset_of_current_cohort,2712,a72050445859f1563b9ab073ae1060c07809e77c9c051d75fbcea6cf08d9391a,Brier,0.1253859534449592,0.12250116380694048,0.12864394806028814,ESTIMATED,,2688,2,2634,2000,2000,1900,outcome_stratified_patient_group_cluster,20260710,2262667653,0.1253859534449592
surgery_P1_score_SI,surgery,P1,score_SI,,overall,surgery,validation_2024,score_component_available_subset_of_current_cohort,2712,709111e83c26297bd9b4808d43e3d5c99c48307bf21995aaa969a763243a810e,AUROC,0.07182731671008555,0.04719216337676859,0.09896585648148143,ESTIMATED,,2689,2,2635,2000,2000,1900,outcome_stratified_patient_group_cluster,20260710,2708311654,0.07182731671008555
surgery_P1_score_SI,surgery,P1,score_SI,,overall,surgery,validation_2024,score_component_available_subset_of_current_cohort,2712,709111e83c26297bd9b4808d43e3d5c99c48307bf21995aaa969a763243a810e,AUPRC,0.0005970473295701259,0.0005915462819976508,0.0008257638315441783,ESTIMATED,,2689,2,2635,2000,2000,1900,outcome_stratified_patient_group_cluster,20260710,2708311654,0.0005970473295701259
surgery_P1_score_SI,surgery,P1,score_SI,,overall,surgery,validation_2024,score_component_available_subset_of_current_cohort,2712,709111e83c26297bd9b4808d43e3d5c99c48307bf21995aaa969a763243a810e,Brier,0.20993414703668858,0.20530439461381506,0.2143481814597459,ESTIMATED,,2689,2,2635,2000,2000,1900,outcome_stratified_patient_group_cluster,20260710,2708311654,0.20993414703668858
surgery_P1_score_mSI,surgery,P1,score_mSI,,overall,surgery,validation_2024,score_component_available_subset_of_current_cohort,2712,1b3e771fceb84480288e8cc148b1fb73c596fc45e4e1832dd8babc7bb726070f,AUROC,0.0779639175257732,0.04629232747535362,0.1122123325576774,ESTIMATED,,2330,2,2284,2000,2000,1900,outcome_stratified_patient_group_cluster,20260710,2821574588,0.0779639175257732
surgery_P1_score_mSI,surgery,P1,score_mSI,,overall,surgery,validation_2024,score_component_available_subset_of_current_cohort,2712,1b3e771fceb84480288e8cc148b1fb73c596fc45e4e1832dd8babc7bb726070f,AUPRC,0.0006922718686004439,0.000685326142853888,0.0009675858732462506,ESTIMATED,,2330,2,2284,2000,2000,1900,outcome_stratified_patient_group_cluster,20260710,2821574588,0.0006922718686004439
surgery_P1_score_mSI,surgery,P1,score_mSI,,overall,surgery,validation_2024,score_component_available_subset_of_current_cohort,2712,1b3e771fceb84480288e8cc148b1fb73c596fc45e4e1832dd8babc7bb726070f,Brier,0.19361777931686494,0.1906015814415127,0.196864624144974,ESTIMATED,,2330,2,2284,2000,2000,1900,outcome_stratified_patient_group_cluster,20260710,2821574588,0.19361777931686494
surgery_P1_score_aSI,surgery,P1,score_aSI,,overall,surgery,validation_2024,score_component_available_subset_of_current_cohort,2712,dd835c7516c3c5b4ffc28938c2745dedbbf0df4f009d25d9c697c005921f1ae6,AUROC,0.4178464977645306,0.11746936963639688,0.7215297055692997,ESTIMATED,,2686,2,2632,2000,2000,1900,outcome_stratified_patient_group_cluster,20260710,1906332312,0.4178464977645306
surgery_P1_score_aSI,surgery,P1,score_aSI,,overall,surgery,validation_2024,score_component_available_subset_of_current_cohort,2712,dd835c7516c3c5b4ffc28938c2745dedbbf0df4f009d25d9c697c005921f1ae6,AUPRC,0.0010682054367445167,0.0008424599831508003,0.0026702269692923898,ESTIMATED,,2686,2,2632,2000,2000,1900,outcome_stratified_patient_group_cluster,20260710,1906332312,0.0010682054367445167
surgery_P1_score_aSI,surgery,P1,score_aSI,,overall,surgery,validation_2024,score_component_available_subset_of_current_cohort,2712,dd835c7516c3c5b4ffc28938c2745dedbbf0df4f009d25d9c697c005921f1ae6,Brier,0.13186478476136268,0.1256439146651267,0.1378566831694166,ESTIMATED,,2686,2,2632,2000,2000,1900,outcome_stratified_patient_group_cluster,20260710,1906332312,0.13186478476136268
surgery_P1_score_rSI,surgery,P1,score_rSI,,overall,surgery,validation_2024,score_component_available_subset_of_current_cohort,2712,709111e83c26297bd9b4808d43e3d5c99c48307bf21995aaa969a763243a810e,AUROC,0.07182731671008555,0.04715446703033103,0.09884770885188196,ESTIMATED,,2689,2,2635,2000,2000,1900,outcome_stratified_patient_group_cluster,20260710,1455502176,0.07182731671008555
surgery_P1_score_rSI,surgery,P1,score_rSI,,overall,surgery,validation_2024,score_component_available_subset_of_current_cohort,2712,709111e83c26297bd9b4808d43e3d5c99c48307bf21995aaa969a763243a810e,AUPRC,0.0005970473295701259,0.0005915596632888302,0.0008254230293025176,ESTIMATED,,2689,2,2635,2000,2000,1900,outcome_stratified_patient_group_cluster,20260710,1455502176,0.0005970473295701259
surgery_P1_score_rSI,surgery,P1,score_rSI,,overall,surgery,validation_2024,score_component_available_subset_of_current_cohort,2712,709111e83c26297bd9b4808d43e3d5c99c48307bf21995aaa969a763243a810e,Brier,0.22554033677551857,0.22161519104247143,0.22975754225434064,ESTIMATED,,2689,2,2635,2000,2000,1900,outcome_stratified_patient_group_cluster,20260710,1455502176,0.22554033677551857
surgery_P1_score_rSI_sMS,surgery,P1,score_rSI_sMS,,overall,surgery,validation_2024,score_component_available_subset_of_current_cohort,2712,a72050445859f1563b9ab073ae1060c07809e77c9c051d75fbcea6cf08d9391a,AUROC,0.5290394638868205,0.07941804360548368,0.976110934522017,ESTIMATED,,2688,2,2634,2000,2000,1900,outcome_stratified_patient_group_cluster,20260710,395298654,0.5290394638868205
surgery_P1_score_rSI_sMS,surgery,P1,score_rSI_sMS,,overall,surgery,validation_2024,score_component_available_subset_of_current_cohort,2712,a72050445859f1563b9ab073ae1060c07809e77c9c051d75fbcea6cf08d9391a,AUPRC,0.006985782193482078,0.0008067769261799112,0.030303030303030304,ESTIMATED,,2688,2,2634,2000,2000,1900,outcome_stratified_patient_group_cluster,20260710,395298654,0.006985782193482078
surgery_P1_score_rSI_sMS,surgery,P1,score_rSI_sMS,,overall,surgery,validation_2024,score_component_available_subset_of_current_cohort,2712,a72050445859f1563b9ab073ae1060c07809e77c9c051d75fbcea6cf08d9391a,Brier,0.13942910142390352,0.13410095335164654,0.14443578346459743,ESTIMATED,,2688,2,2634,2000,2000,1900,outcome_stratified_patient_group_cluster,20260710,395298654,0.13942910142390352
surgery_P1_score_rSI_GCSM,surgery,P1,score_rSI_GCSM,,overall,surgery,validation_2024,score_component_available_subset_of_current_cohort,2712,a72050445859f1563b9ab073ae1060c07809e77c9c051d75fbcea6cf08d9391a,AUROC,0.5400223380491437,0.07848547299635371,0.9958940285972154,ESTIMATED,,2688,2,2634,2000,2000,1900,outcome_stratified_patient_group_cluster,20260710,2087573689,0.5400223380491437
surgery_P1_score_rSI_GCSM,surgery,P1,score_rSI_GCSM,,overall,surgery,validation_2024,score_component_available_subset_of_current_cohort,2712,a72050445859f1563b9ab073ae1060c07809e77c9c051d75fbcea6cf08d9391a,AUPRC,0.029818599530943377,0.0008067769261799112,0.15384615384615385,ESTIMATED,,2688,2,2634,2000,2000,1900,outcome_stratified_patient_group_cluster,20260710,2087573689,0.029818599530943377
surgery_P1_score_rSI_GCSM,surgery,P1,score_rSI_GCSM,,overall,surgery,validation_2024,score_component_available_subset_of_current_cohort,2712,a72050445859f1563b9ab073ae1060c07809e77c9c051d75fbcea6cf08d9391a,Brier,0.14755978889924726,0.14250238319758252,0.15279325226521917,ESTIMATED,,2688,2,2634,2000,2000,1900,outcome_stratified_patient_group_cluster,20260710,2087573689,0.14755978889924726
surgery_P1_score_SIAVPU,surgery,P1,score_SIAVPU,,overall,surgery,validation_2024,score_component_available_subset_of_current_cohort,2712,709111e83c26297bd9b4808d43e3d5c99c48307bf21995aaa969a763243a810e,AUROC,0.947339039821362,0.8894042161404871,0.9992584490362475,ESTIMATED,,2689,2,2635,2000,2000,1900,outcome_stratified_patient_group_cluster,20260710,3955732816,0.947339039821362
surgery_P1_score_SIAVPU,surgery,P1,score_SIAVPU,,overall,surgery,validation_2024,score_component_available_subset_of_current_cohort,2712,709111e83c26297bd9b4808d43e3d5c99c48307bf21995aaa969a763243a810e,AUPRC,0.10354609929078015,0.006666666666666667,0.5035974469521856,ESTIMATED,,2689,2,2635,2000,2000,1900,outcome_stratified_patient_group_cluster,20260710,3955732816,0.10354609929078015
surgery_P1_score_SIAVPU,surgery,P1,score_SIAVPU,,overall,surgery,validation_2024,score_component_available_subset_of_current_cohort,2712,709111e83c26297bd9b4808d43e3d5c99c48307bf21995aaa969a763243a810e,Brier,0.24520337430472727,0.2442979597886169,0.24610384678665054,ESTIMATED,,2689,2,2635,2000,2000,1900,outcome_stratified_patient_group_cluster,20260710,3955732816,0.24520337430472727
surgery_P1_score_sMS,surgery,P1,score_sMS,,overall,surgery,validation_2024,score_component_available_subset_of_current_cohort,2712,506ace5309488640c63affda4c1d7df0d69c35b60cc99b5292cb85c6d83838ac,AUROC,0.8909903201787044,0.6887017578509534,0.993467833658364,ESTIMATED,,2691,5,2637,2000,2000,1900,outcome_stratified_patient_group_cluster,20260710,84530743,0.8909903201787044
surgery_P1_score_sMS,surgery,P1,score_sMS,,overall,surgery,validation_2024,score_component_available_subset_of_current_cohort,2712,506ace5309488640c63affda4c1d7df0d69c35b60cc99b5292cb85c6d83838ac,AUPRC,0.06703827573392791,0.01743416969850608,0.125,ESTIMATED,,2691,5,2637,2000,2000,1900,outcome_stratified_patient_group_cluster,20260710,84530743,0.06703827573392791
surgery_P1_score_sMS,surgery,P1,score_sMS,,overall,surgery,validation_2024,score_component_available_subset_of_current_cohort,2712,506ace5309488640c63affda4c1d7df0d69c35b60cc99b5292cb85c6d83838ac,Brier,0.11854068942917717,0.11523462685167886,0.12203511467163813,ESTIMATED,,2691,5,2637,2000,2000,1900,outcome_stratified_patient_group_cluster,20260710,84530743,0.11854068942917717
surgery_P1_score_qSOFA,surgery,P1,score_qSOFA,,overall,surgery,validation_2024,score_component_available_subset_of_current_cohort,2712,709111e83c26297bd9b4808d43e3d5c99c48307bf21995aaa969a763243a810e,AUROC,0.6425381466319315,0.39042059641395377,0.8953055141579732,ESTIMATED,,2689,2,2635,2000,2000,1900,outcome_stratified_patient_group_cluster,20260710,1516228858,0.6425381466319315
surgery_P1_score_qSOFA,surgery,P1,score_qSOFA,,overall,surgery,validation_2024,score_component_available_subset_of_current_cohort,2712,709111e83c26297bd9b4808d43e3d5c99c48307bf21995aaa969a763243a810e,AUPRC,0.001259984926418862,0.0007410083295596449,0.0037313432835820895,ESTIMATED,,2689,2,2635,2000,2000,1900,outcome_stratified_patient_group_cluster,20260710,1516228858,0.001259984926418862
surgery_P1_score_qSOFA,surgery,P1,score_qSOFA,,overall,surgery,validation_2024,score_component_available_subset_of_current_cohort,2712,709111e83c26297bd9b4808d43e3d5c99c48307bf21995aaa969a763243a810e,Brier,0.1152451570443114,0.10976322305096743,0.12052440189327686,ESTIMATED,,2689,2,2635,2000,2000,1900,outcome_stratified_patient_group_cluster,20260710,1516228858,0.1152451570443114
surgery_P1_score_MEWS,surgery,P1,score_MEWS,,overall,surgery,validation_2024,score_component_available_subset_of_current_cohort,2712,8dedb1b75c54dae35cf87aa04927583eed9f65d09c4b831ff52271b9631e3ab5,AUROC,0.6679076693968726,0.33489171041221877,0.9964658723108112,ESTIMATED,,2688,2,2634,2000,2000,1900,outcome_stratified_patient_group_cluster,20260710,2791977723,0.6679076693968726
surgery_P1_score_MEWS,surgery,P1,score_MEWS,,overall,surgery,validation_2024,score_component_available_subset_of_current_cohort,2712,8dedb1b75c54dae35cf87aa04927583eed9f65d09c4b831ff52271b9631e3ab5,AUPRC,0.024187309982549875,0.0007518796992481203,0.125,ESTIMATED,,2688,2,2634,2000,2000,1900,outcome_stratified_patient_group_cluster,20260710,2791977723,0.024187309982549875
surgery_P1_score_MEWS,surgery,P1,score_MEWS,,overall,surgery,validation_2024,score_component_available_subset_of_current_cohort,2712,8dedb1b75c54dae35cf87aa04927583eed9f65d09c4b831ff52271b9631e3ab5,Brier,0.11099619902146471,0.10625267853622863,0.11591902330873595,ESTIMATED,,2688,2,2634,2000,2000,1900,outcome_stratified_patient_group_cluster,20260710,2791977723,0.11099619902146471
surgery_P1_score_REMS,surgery,P1,score_REMS,,overall,surgery,validation_2024,score_component_available_subset_of_current_cohort,2712,f074c5b3e5fecbad2bda6d40a37266894ce5f406c4a9f16082cc7e7390303d38,AUROC,0.8771496130696474,0.8329048705334052,0.9192803918437238,ESTIMATED,,2328,2,2282,2000,2000,1900,outcome_stratified_patient_group_cluster,20260710,755751290,0.8771496130696474
surgery_P1_score_REMS,surgery,P1,score_REMS,,overall,surgery,validation_2024,score_component_available_subset_of_current_cohort,2712,f074c5b3e5fecbad2bda6d40a37266894ce5f406c4a9f16082cc7e7390303d38,AUPRC,0.003946525532304313,0.0036567078164496314,0.007272727272727273,ESTIMATED,,2328,2,2282,2000,2000,1900,outcome_stratified_patient_group_cluster,20260710,755751290,0.003946525532304313
surgery_P1_score_REMS,surgery,P1,score_REMS,,overall,surgery,validation_2024,score_component_available_subset_of_current_cohort,2712,f074c5b3e5fecbad2bda6d40a37266894ce5f406c4a9f16082cc7e7390303d38,Brier,0.106526605768692,0.10060919611331957,0.11297289409406454,ESTIMATED,,2328,2,2282,2000,2000,1900,outcome_stratified_patient_group_cluster,20260710,755751290,0.106526605768692
surgery_P1_score_RTS,surgery,P1,score_RTS,,overall,surgery,validation_2024,score_component_available_subset_of_current_cohort,2712,a72050445859f1563b9ab073ae1060c07809e77c9c051d75fbcea6cf08d9391a,AUROC,0.7162137006701415,0.430950860106682,0.9983283959045216,ESTIMATED,,2688,2,2634,2000,2000,1900,outcome_stratified_patient_group_cluster,20260710,2384044531,0.7162137006701415
surgery_P1_score_RTS,surgery,P1,score_RTS,,overall,surgery,validation_2024,score_component_available_subset_of_current_cohort,2712,a72050445859f1563b9ab073ae1060c07809e77c9c051d75fbcea6cf08d9391a,AUPRC,0.03608630952380952,0.0007407407407407407,0.2,ESTIMATED,,2688,2,2634,2000,2000,1900,outcome_stratified_patient_group_cluster,20260710,2384044531,0.03608630952380952
surgery_P1_score_RTS,surgery,P1,score_RTS,,overall,surgery,validation_2024,score_component_available_subset_of_current_cohort,2712,a72050445859f1563b9ab073ae1060c07809e77c9c051d75fbcea6cf08d9391a,Brier,0.12449618312073654,0.12096096714277825,0.12787205782034017,ESTIMATED,,2688,2,2634,2000,2000,1900,outcome_stratified_patient_group_cluster,20260710,2384044531,0.12449618312073654
surgery_P1_score_rSI_GCS_alias,surgery,P1,score_rSI_GCS_alias,score_rSIG,overall,surgery,validation_2024,score_component_available_subset_of_current_cohort,2712,a72050445859f1563b9ab073ae1060c07809e77c9c051d75fbcea6cf08d9391a,AUROC,0.5403946388682055,0.07876204595997034,0.9970216488494132,ESTIMATED,,2688,2,2634,2000,2000,1900,outcome_stratified_patient_group_cluster,20260710,3698412969,0.5403946388682055
surgery_P1_score_rSI_GCS_alias,surgery,P1,score_rSI_GCS_alias,score_rSIG,overall,surgery,validation_2024,score_component_available_subset_of_current_cohort,2712,a72050445859f1563b9ab073ae1060c07809e77c9c051d75fbcea6cf08d9391a,AUPRC,0.03886804252657911,0.0008070943626218101,0.2,ESTIMATED,,2688,2,2634,2000,2000,1900,outcome_stratified_patient_group_cluster,20260710,3698412969,0.03886804252657911
surgery_P1_score_rSI_GCS_alias,surgery,P1,score_rSI_GCS_alias,score_rSIG,overall,surgery,validation_2024,score_component_available_subset_of_current_cohort,2712,a72050445859f1563b9ab073ae1060c07809e77c9c051d75fbcea6cf08d9391a,Brier,0.14142781323081863,0.13655141782459848,0.14639945958792625,ESTIMATED,,2688,2,2634,2000,2000,1900,outcome_stratified_patient_group_cluster,20260710,3698412969,0.14142781323081863
surgery_P1_knn_classifier,surgery,P1,knn_classifier,,surgery,surgery,validation_2024,exact_current_cohort,2712,6af3fa1ceb5e20a24ee260bad7ba0bf2553730e01405fb0aa4916e71f7f0c8a0,AUROC,0.7197558268590455,0.5520478829018769,0.8875343884026139,ESTIMATED,,2712,9,2657,2000,2000,1900,outcome_stratified_patient_group_cluster,20260710,3857453245,0.7197558268590455
surgery_P1_knn_classifier,surgery,P1,knn_classifier,,surgery,surgery,validation_2024,exact_current_cohort,2712,6af3fa1ceb5e20a24ee260bad7ba0bf2553730e01405fb0aa4916e71f7f0c8a0,AUPRC,0.3415872475606989,0.058506441782681995,0.6677769759026235,ESTIMATED,,2712,9,2657,2000,2000,1900,outcome_stratified_patient_group_cluster,20260710,3857453245,0.3415872475606989
surgery_P1_knn_classifier,surgery,P1,knn_classifier,,surgery,surgery,validation_2024,exact_current_cohort,2712,6af3fa1ceb5e20a24ee260bad7ba0bf2553730e01405fb0aa4916e71f7f0c8a0,Brier,0.0031078535854078848,0.0028981262162011507,0.0032888903576485658,ESTIMATED,,2712,9,2657,2000,2000,1900,outcome_stratified_patient_group_cluster,20260710,3857453245,0.0031078535854078848
surgery_P2_decision_tree,surgery,P2,decision_tree,,overall,surgery,validation_2024,exact_current_cohort,2712,6af3fa1ceb5e20a24ee260bad7ba0bf2553730e01405fb0aa4916e71f7f0c8a0,AUROC,0.8644382756070166,0.7957979292410986,0.9247116114799978,ESTIMATED,,2712,41,2657,2000,2000,1900,outcome_stratified_patient_group_cluster,20260710,163772616,0.8644382756070166
surgery_P2_decision_tree,surgery,P2,decision_tree,,overall,surgery,validation_2024,exact_current_cohort,2712,6af3fa1ceb5e20a24ee260bad7ba0bf2553730e01405fb0aa4916e71f7f0c8a0,AUPRC,0.30057732131199,0.1800975054782331,0.44768310865590594,ESTIMATED,,2712,41,2657,2000,2000,1900,outcome_stratified_patient_group_cluster,20260710,163772616,0.30057732131199
surgery_P2_decision_tree,surgery,P2,decision_tree,,overall,surgery,validation_2024,exact_current_cohort,2712,6af3fa1ceb5e20a24ee260bad7ba0bf2553730e01405fb0aa4916e71f7f0c8a0,Brier,0.07189936518790374,0.06619162633025168,0.0775298453437721,ESTIMATED,,2712,41,2657,2000,2000,1900,outcome_stratified_patient_group_cluster,20260710,163772616,0.07189936518790374
surgery_P2_random_forest,surgery,P2,random_forest,,overall,surgery,validation_2024,exact_current_cohort,2712,6af3fa1ceb5e20a24ee260bad7ba0bf2553730e01405fb0aa4916e71f7f0c8a0,AUROC,0.9380884112098328,0.905486777717397,0.9651104838766189,ESTIMATED,,2712,41,2657,2000,2000,1900,outcome_stratified_patient_group_cluster,20260710,363953250,0.9380884112098328
surgery_P2_random_forest,surgery,P2,random_forest,,overall,surgery,validation_2024,exact_current_cohort,2712,6af3fa1ceb5e20a24ee260bad7ba0bf2553730e01405fb0aa4916e71f7f0c8a0,AUPRC,0.38863943663974976,0.25431181147107734,0.5516118118959109,ESTIMATED,,2712,41,2657,2000,2000,1900,outcome_stratified_patient_group_cluster,20260710,363953250,0.38863943663974976
surgery_P2_random_forest,surgery,P2,random_forest,,overall,surgery,validation_2024,exact_current_cohort,2712,6af3fa1ceb5e20a24ee260bad7ba0bf2553730e01405fb0aa4916e71f7f0c8a0,Brier,0.023123680858262424,0.02039754161889693,0.02592523826078706,ESTIMATED,,2712,41,2657,2000,2000,1900,outcome_stratified_patient_group_cluster,20260710,363953250,0.023123680858262424
surgery_P2_balanced_random_forest,surgery,P2,balanced_random_forest,,overall,surgery,validation_2024,exact_current_cohort,2712,6af3fa1ceb5e20a24ee260bad7ba0bf2553730e01405fb0aa4916e71f7f0c8a0,AUROC,0.9349471742564673,0.9034980554630961,0.9606313248619723,ESTIMATED,,2712,41,2657,2000,2000,1900,outcome_stratified_patient_group_cluster,20260710,3126997681,0.9349471742564673
surgery_P2_balanced_random_forest,surgery,P2,balanced_random_forest,,overall,surgery,validation_2024,exact_current_cohort,2712,6af3fa1ceb5e20a24ee260bad7ba0bf2553730e01405fb0aa4916e71f7f0c8a0,AUPRC,0.3372485228260848,0.2203346117772776,0.493976521132663,ESTIMATED,,2712,41,2657,2000,2000,1900,outcome_stratified_patient_group_cluster,20260710,3126997681,0.3372485228260848
surgery_P2_balanced_random_forest,surgery,P2,balanced_random_forest,,overall,surgery,validation_2024,exact_current_cohort,2712,6af3fa1ceb5e20a24ee260bad7ba0bf2553730e01405fb0aa4916e71f7f0c8a0,Brier,0.04489898848978136,0.04140882554711231,0.0485637747741319,ESTIMATED,,2712,41,2657,2000,2000,1900,outcome_stratified_patient_group_cluster,20260710,3126997681,0.04489898848978136
surgery_P2_svm_rbf,surgery,P2,svm_rbf,,overall,surgery,validation_2024,exact_current_cohort,2712,6af3fa1ceb5e20a24ee260bad7ba0bf2553730e01405fb0aa4916e71f7f0c8a0,AUROC,0.8942937239181452,0.8626097128496398,0.921891182973352,ESTIMATED,,2712,41,2657,2000,2000,1900,outcome_stratified_patient_group_cluster,20260710,2329903337,0.8942937239181452
surgery_P2_svm_rbf,surgery,P2,svm_rbf,,overall,surgery,validation_2024,exact_current_cohort,2712,6af3fa1ceb5e20a24ee260bad7ba0bf2553730e01405fb0aa4916e71f7f0c8a0,AUPRC,0.08829400781194036,0.0645453505494759,0.15714599797072595,ESTIMATED,,2712,41,2657,2000,2000,1900,outcome_stratified_patient_group_cluster,20260710,2329903337,0.08829400781194036
surgery_P2_svm_rbf,surgery,P2,svm_rbf,,overall,surgery,validation_2024,exact_current_cohort,2712,6af3fa1ceb5e20a24ee260bad7ba0bf2553730e01405fb0aa4916e71f7f0c8a0,Brier,0.015127057048820723,0.014312110664971081,0.015925116435648957,ESTIMATED,,2712,41,2657,2000,2000,1900,outcome_stratified_patient_group_cluster,20260710,2329903337,0.015127057048820723
surgery_P2_logistic_l1,surgery,P2,logistic_l1,,overall,surgery,validation_2024,exact_current_cohort,2712,6af3fa1ceb5e20a24ee260bad7ba0bf2553730e01405fb0aa4916e71f7f0c8a0,AUROC,0.8441069846864697,0.7600892956083507,0.9201209351482379,ESTIMATED,,2712,41,2657,2000,2000,1900,outcome_stratified_patient_group_cluster,20260710,2071074007,0.8441069846864697
surgery_P2_logistic_l1,surgery,P2,logistic_l1,,overall,surgery,validation_2024,exact_current_cohort,2712,6af3fa1ceb5e20a24ee260bad7ba0bf2553730e01405fb0aa4916e71f7f0c8a0,AUPRC,0.38100747962070325,0.2361438911977829,0.5329249622845834,ESTIMATED,,2712,41,2657,2000,2000,1900,outcome_stratified_patient_group_cluster,20260710,2071074007,0.38100747962070325
surgery_P2_logistic_l1,surgery,P2,logistic_l1,,overall,surgery,validation_2024,exact_current_cohort,2712,6af3fa1ceb5e20a24ee260bad7ba0bf2553730e01405fb0aa4916e71f7f0c8a0,Brier,0.04140149110057153,0.036471343650451994,0.046354392972777145,ESTIMATED,,2712,41,2657,2000,2000,1900,outcome_stratified_patient_group_cluster,20260710,2071074007,0.04140149110057153
surgery_P2_logistic_l2,surgery,P2,logistic_l2,,overall,surgery,validation_2024,exact_current_cohort,2712,6af3fa1ceb5e20a24ee260bad7ba0bf2553730e01405fb0aa4916e71f7f0c8a0,AUROC,0.8308754371706951,0.7460852096781425,0.9107600965429071,ESTIMATED,,2712,41,2657,2000,2000,1900,outcome_stratified_patient_group_cluster,20260710,1967489082,0.8308754371706951
surgery_P2_logistic_l2,surgery,P2,logistic_l2,,overall,surgery,validation_2024,exact_current_cohort,2712,6af3fa1ceb5e20a24ee260bad7ba0bf2553730e01405fb0aa4916e71f7f0c8a0,AUPRC,0.3789281279773544,0.24244746881239246,0.5372482039497326,ESTIMATED,,2712,41,2657,2000,2000,1900,outcome_stratified_patient_group_cluster,20260710,1967489082,0.3789281279773544
surgery_P2_logistic_l2,surgery,P2,logistic_l2,,overall,surgery,validation_2024,exact_current_cohort,2712,6af3fa1ceb5e20a24ee260bad7ba0bf2553730e01405fb0aa4916e71f7f0c8a0,Brier,0.04187328372437213,0.036969483956689114,0.04676166931288118,ESTIMATED,,2712,41,2657,2000,2000,1900,outcome_stratified_patient_group_cluster,20260710,1967489082,0.04187328372437213
surgery_P2_score_NEWS2,surgery,P2,score_NEWS2,,overall,surgery,validation_2024,score_component_available_subset_of_current_cohort,2712,84d367bc0edcbc976197746cebb79a38c3db623cccfbedef30d11c68363d281f,AUROC,0.6438263229308004,0.4626696065128901,0.8005597014925372,ESTIMATED,,78,11,78,2000,2000,1900,outcome_stratified_patient_group_cluster,20260710,1843008642,0.6438263229308004
surgery_P2_score_NEWS2,surgery,P2,score_NEWS2,,overall,surgery,validation_2024,score_component_available_subset_of_current_cohort,2712,84d367bc0edcbc976197746cebb79a38c3db623cccfbedef30d11c68363d281f,AUPRC,0.27903048154866295,0.15080027214619013,0.496289966717774,ESTIMATED,,78,11,78,2000,2000,1900,outcome_stratified_patient_group_cluster,20260710,1843008642,0.27903048154866295
surgery_P2_score_NEWS2,surgery,P2,score_NEWS2,,overall,surgery,validation_2024,score_component_available_subset_of_current_cohort,2712,84d367bc0edcbc976197746cebb79a38c3db623cccfbedef30d11c68363d281f,Brier,0.2195369312341172,0.19137188523741036,0.2512760663437407,ESTIMATED,,78,11,78,2000,2000,1900,outcome_stratified_patient_group_cluster,20260710,1843008642,0.2195369312341172
surgery_P2_score_rSIG,surgery,P2,score_rSIG,,overall,surgery,validation_2024,score_component_available_subset_of_current_cohort,2712,a72050445859f1563b9ab073ae1060c07809e77c9c051d75fbcea6cf08d9391a,AUROC,0.6545946799082156,0.5289429794709699,0.7722276482723005,ESTIMATED,,2688,31,2634,2000,2000,1900,outcome_stratified_patient_group_cluster,20260710,583162451,0.6545946799082156
surgery_P2_score_rSIG,surgery,P2,score_rSIG,,overall,surgery,validation_2024,score_component_available_subset_of_current_cohort,2712,a72050445859f1563b9ab073ae1060c07809e77c9c051d75fbcea6cf08d9391a,AUPRC,0.16573261664874364,0.0637650411360323,0.34851869712113026,ESTIMATED,,2688,31,2634,2000,2000,1900,outcome_stratified_patient_group_cluster,20260710,583162451,0.16573261664874364
surgery_P2_score_rSIG,surgery,P2,score_rSIG,,overall,surgery,validation_2024,score_component_available_subset_of_current_cohort,2712,a72050445859f1563b9ab073ae1060c07809e77c9c051d75fbcea6cf08d9391a,Brier,0.18410542467767588,0.1790679008218297,0.18898056274251013,ESTIMATED,,2688,31,2634,2000,2000,1900,outcome_stratified_patient_group_cluster,20260710,583162451,0.18410542467767588
surgery_P2_score_rSIG_Age,surgery,P2,score_rSIG_Age,,overall,surgery,validation_2024,score_component_available_subset_of_current_cohort,2712,bc44d553aab8a61e7e305401570a342a68f7150af14b7f845adccc94316ce1e2,AUROC,0.83222524734424,0.7572503678998674,0.9013233052839934,ESTIMATED,,2685,31,2631,2000,2000,1900,outcome_stratified_patient_group_cluster,20260710,1999889800,0.83222524734424
surgery_P2_score_rSIG_Age,surgery,P2,score_rSIG_Age,,overall,surgery,validation_2024,score_component_available_subset_of_current_cohort,2712,bc44d553aab8a61e7e305401570a342a68f7150af14b7f845adccc94316ce1e2,AUPRC,0.1928554239595916,0.08804502366629073,0.3742437189559238,ESTIMATED,,2685,31,2631,2000,2000,1900,outcome_stratified_patient_group_cluster,20260710,1999889800,0.1928554239595916
surgery_P2_score_rSIG_Age,surgery,P2,score_rSIG_Age,,overall,surgery,validation_2024,score_component_available_subset_of_current_cohort,2712,bc44d553aab8a61e7e305401570a342a68f7150af14b7f845adccc94316ce1e2,Brier,0.1268018942959106,0.12040756128241394,0.13343678900523165,ESTIMATED,,2685,31,2631,2000,2000,1900,outcome_stratified_patient_group_cluster,20260710,1999889800,0.1268018942959106
surgery_P2_score_SIA_G,surgery,P2,score_SIA_G,,overall,surgery,validation_2024,score_component_available_subset_of_current_cohort,2712,bc44d553aab8a61e7e305401570a342a68f7150af14b7f845adccc94316ce1e2,AUROC,0.83222524734424,0.7588477225520965,0.9030704935140419,ESTIMATED,,2685,31,2631,2000,2000,1900,outcome_stratified_patient_group_cluster,20260710,1883115064,0.83222524734424
surgery_P2_score_SIA_G,surgery,P2,score_SIA_G,,overall,surgery,validation_2024,score_component_available_subset_of_current_cohort,2712,bc44d553aab8a61e7e305401570a342a68f7150af14b7f845adccc94316ce1e2,AUPRC,0.1928554239595916,0.09116522752452384,0.38111906697599857,ESTIMATED,,2685,31,2631,2000,2000,1900,outcome_stratified_patient_group_cluster,20260710,1883115064,0.1928554239595916
surgery_P2_score_SIA_G,surgery,P2,score_SIA_G,,overall,surgery,validation_2024,score_component_available_subset_of_current_cohort,2712,bc44d553aab8a61e7e305401570a342a68f7150af14b7f845adccc94316ce1e2,Brier,0.11961322370090417,0.11577159619997544,0.12395985723782939,ESTIMATED,,2685,31,2631,2000,2000,1900,outcome_stratified_patient_group_cluster,20260710,1883115064,0.11961322370090417
surgery_P2_score_SI_G,surgery,P2,score_SI_G,,overall,surgery,validation_2024,score_component_available_subset_of_current_cohort,2712,a72050445859f1563b9ab073ae1060c07809e77c9c051d75fbcea6cf08d9391a,AUROC,0.6546068206927531,0.5243987193260259,0.7772288690124088,ESTIMATED,,2688,31,2634,2000,2000,1900,outcome_stratified_patient_group_cluster,20260710,532284732,0.6546068206927531
surgery_P2_score_SI_G,surgery,P2,score_SI_G,,overall,surgery,validation_2024,score_component_available_subset_of_current_cohort,2712,a72050445859f1563b9ab073ae1060c07809e77c9c051d75fbcea6cf08d9391a,AUPRC,0.16573665722564299,0.07181878896400046,0.3477044368987574,ESTIMATED,,2688,31,2634,2000,2000,1900,outcome_stratified_patient_group_cluster,20260710,532284732,0.16573665722564299
surgery_P2_score_SI_G,surgery,P2,score_SI_G,,overall,surgery,validation_2024,score_component_available_subset_of_current_cohort,2712,a72050445859f1563b9ab073ae1060c07809e77c9c051d75fbcea6cf08d9391a,Brier,0.16777763773868518,0.16469208980800829,0.17092998093063005,ESTIMATED,,2688,31,2634,2000,2000,1900,outcome_stratified_patient_group_cluster,20260710,532284732,0.16777763773868518
surgery_P2_score_SI,surgery,P2,score_SI,,overall,surgery,validation_2024,score_component_available_subset_of_current_cohort,2712,709111e83c26297bd9b4808d43e3d5c99c48307bf21995aaa969a763243a810e,AUROC,0.3980921867035607,0.287544696368921,0.5146321771373029,ESTIMATED,,2689,31,2635,2000,2000,1900,outcome_stratified_patient_group_cluster,20260710,314203429,0.3980921867035607
surgery_P2_score_SI,surgery,P2,score_SI,,overall,surgery,validation_2024,score_component_available_subset_of_current_cohort,2712,709111e83c26297bd9b4808d43e3d5c99c48307bf21995aaa969a763243a810e,AUPRC,0.04330881875534659,0.008450950080077464,0.1133082844970261,ESTIMATED,,2689,31,2635,2000,2000,1900,outcome_stratified_patient_group_cluster,20260710,314203429,0.04330881875534659
surgery_P2_score_SI,surgery,P2,score_SI,,overall,surgery,validation_2024,score_component_available_subset_of_current_cohort,2712,709111e83c26297bd9b4808d43e3d5c99c48307bf21995aaa969a763243a810e,Brier,0.2295579318120415,0.22563599053213348,0.23357338021966462,ESTIMATED,,2689,31,2635,2000,2000,1900,outcome_stratified_patient_group_cluster,20260710,314203429,0.2295579318120415
surgery_P2_score_mSI,surgery,P2,score_mSI,,overall,surgery,validation_2024,score_component_available_subset_of_current_cohort,2712,1b3e771fceb84480288e8cc148b1fb73c596fc45e4e1832dd8babc7bb726070f,AUROC,0.3695341020568984,0.25367536334149604,0.4893438435405179,ESTIMATED,,2330,27,2284,2000,2000,1900,outcome_stratified_patient_group_cluster,20260710,4217624256,0.3695341020568984
surgery_P2_score_mSI,surgery,P2,score_mSI,,overall,surgery,validation_2024,score_component_available_subset_of_current_cohort,2712,1b3e771fceb84480288e8cc148b1fb73c596fc45e4e1832dd8babc7bb726070f,AUPRC,0.0131060787622329,0.007846315828900368,0.051734833384951065,ESTIMATED,,2330,27,2284,2000,2000,1900,outcome_stratified_patient_group_cluster,20260710,4217624256,0.0131060787622329
surgery_P2_score_mSI,surgery,P2,score_mSI,,overall,surgery,validation_2024,score_component_available_subset_of_current_cohort,2712,1b3e771fceb84480288e8cc148b1fb73c596fc45e4e1832dd8babc7bb726070f,Brier,0.20851176180746117,0.20530522300889165,0.21174529491865726,ESTIMATED,,2330,27,2284,2000,2000,1900,outcome_stratified_patient_group_cluster,20260710,4217624256,0.20851176180746117
surgery_P2_score_aSI,surgery,P2,score_aSI,,overall,surgery,validation_2024,score_component_available_subset_of_current_cohort,2712,dd835c7516c3c5b4ffc28938c2745dedbbf0df4f009d25d9c697c005921f1ae6,AUROC,0.6963550209586294,0.6138138965698592,0.77536949075458,ESTIMATED,,2686,31,2632,2000,2000,1900,outcome_stratified_patient_group_cluster,20260710,3298961471,0.6963550209586294
surgery_P2_score_aSI,surgery,P2,score_aSI,,overall,surgery,validation_2024,score_component_available_subset_of_current_cohort,2712,dd835c7516c3c5b4ffc28938c2745dedbbf0df4f009d25d9c697c005921f1ae6,AUPRC,0.05406081538613734,0.016969248938527637,0.13422640740490227,ESTIMATED,,2686,31,2632,2000,2000,1900,outcome_stratified_patient_group_cluster,20260710,3298961471,0.05406081538613734
surgery_P2_score_aSI,surgery,P2,score_aSI,,overall,surgery,validation_2024,score_component_available_subset_of_current_cohort,2712,dd835c7516c3c5b4ffc28938c2745dedbbf0df4f009d25d9c697c005921f1ae6,Brier,0.15344322315387718,0.14708709490625213,0.1606543923614134,ESTIMATED,,2686,31,2632,2000,2000,1900,outcome_stratified_patient_group_cluster,20260710,3298961471,0.15344322315387718
surgery_P2_score_rSI,surgery,P2,score_rSI,,overall,surgery,validation_2024,score_component_available_subset_of_current_cohort,2712,709111e83c26297bd9b4808d43e3d5c99c48307bf21995aaa969a763243a810e,AUROC,0.3980921867035607,0.2877657521577074,0.5201574732155585,ESTIMATED,,2689,31,2635,2000,2000,1900,outcome_stratified_patient_group_cluster,20260710,2426642789,0.3980921867035607
surgery_P2_score_rSI,surgery,P2,score_rSI,,overall,surgery,validation_2024,score_component_available_subset_of_current_cohort,2712,709111e83c26297bd9b4808d43e3d5c99c48307bf21995aaa969a763243a810e,AUPRC,0.04330881875534659,0.008402402193128924,0.11352436101881543,ESTIMATED,,2689,31,2635,2000,2000,1900,outcome_stratified_patient_group_cluster,20260710,2426642789,0.04330881875534659
surgery_P2_score_rSI,surgery,P2,score_rSI,,overall,surgery,validation_2024,score_component_available_subset_of_current_cohort,2712,709111e83c26297bd9b4808d43e3d5c99c48307bf21995aaa969a763243a810e,Brier,0.23993666153322868,0.23693839093005453,0.24290142763799863,ESTIMATED,,2689,31,2635,2000,2000,1900,outcome_stratified_patient_group_cluster,20260710,2426642789,0.23993666153322868
surgery_P2_score_rSI_sMS,surgery,P2,score_rSI_sMS,,overall,surgery,validation_2024,score_component_available_subset_of_current_cohort,2712,a72050445859f1563b9ab073ae1060c07809e77c9c051d75fbcea6cf08d9391a,AUROC,0.6608896766909078,0.5284847529020857,0.7910910766046186,ESTIMATED,,2688,31,2634,2000,2000,1900,outcome_stratified_patient_group_cluster,20260710,1709921269,0.6608896766909078
surgery_P2_score_rSI_sMS,surgery,P2,score_rSI_sMS,,overall,surgery,validation_2024,score_component_available_subset_of_current_cohort,2712,a72050445859f1563b9ab073ae1060c07809e77c9c051d75fbcea6cf08d9391a,AUPRC,0.07333695418281855,0.03492183930149052,0.1791413645274005,ESTIMATED,,2688,31,2634,2000,2000,1900,outcome_stratified_patient_group_cluster,20260710,1709921269,0.07333695418281855
surgery_P2_score_rSI_sMS,surgery,P2,score_rSI_sMS,,overall,surgery,validation_2024,score_component_available_subset_of_current_cohort,2712,a72050445859f1563b9ab073ae1060c07809e77c9c051d75fbcea6cf08d9391a,Brier,0.18275758237117823,0.1775686864398924,0.1876570839198458,ESTIMATED,,2688,31,2634,2000,2000,1900,outcome_stratified_patient_group_cluster,20260710,1709921269,0.18275758237117823
surgery_P2_score_rSI_GCSM,surgery,P2,score_rSI_GCSM,,overall,surgery,validation_2024,score_component_available_subset_of_current_cohort,2712,a72050445859f1563b9ab073ae1060c07809e77c9c051d75fbcea6cf08d9391a,AUROC,0.6295603821918971,0.4975968782215689,0.7538234711244317,ESTIMATED,,2688,31,2634,2000,2000,1900,outcome_stratified_patient_group_cluster,20260710,3573713139,0.6295603821918971
surgery_P2_score_rSI_GCSM,surgery,P2,score_rSI_GCSM,,overall,surgery,validation_2024,score_component_available_subset_of_current_cohort,2712,a72050445859f1563b9ab073ae1060c07809e77c9c051d75fbcea6cf08d9391a,AUPRC,0.11612416493241251,0.048340012482033505,0.2635534264360269,ESTIMATED,,2688,31,2634,2000,2000,1900,outcome_stratified_patient_group_cluster,20260710,3573713139,0.11612416493241251
surgery_P2_score_rSI_GCSM,surgery,P2,score_rSI_GCSM,,overall,surgery,validation_2024,score_component_available_subset_of_current_cohort,2712,a72050445859f1563b9ab073ae1060c07809e77c9c051d75fbcea6cf08d9391a,Brier,0.19329342523750914,0.1886818199858527,0.19803715436988206,ESTIMATED,,2688,31,2634,2000,2000,1900,outcome_stratified_patient_group_cluster,20260710,3573713139,0.19329342523750914
surgery_P2_score_SIAVPU,surgery,P2,score_SIAVPU,,overall,surgery,validation_2024,score_component_available_subset_of_current_cohort,2712,709111e83c26297bd9b4808d43e3d5c99c48307bf21995aaa969a763243a810e,AUROC,0.6745673438675696,0.5420748509168695,0.8060574962216279,ESTIMATED,,2689,31,2635,2000,2000,1900,outcome_stratified_patient_group_cluster,20260710,2061596810,0.6745673438675696
surgery_P2_score_SIAVPU,surgery,P2,score_SIAVPU,,overall,surgery,validation_2024,score_component_available_subset_of_current_cohort,2712,709111e83c26297bd9b4808d43e3d5c99c48307bf21995aaa969a763243a810e,AUPRC,0.2092472717355004,0.09481213654800356,0.41090515331603894,ESTIMATED,,2689,31,2635,2000,2000,1900,outcome_stratified_patient_group_cluster,20260710,2061596810,0.2092472717355004
surgery_P2_score_SIAVPU,surgery,P2,score_SIAVPU,,overall,surgery,validation_2024,score_component_available_subset_of_current_cohort,2712,709111e83c26297bd9b4808d43e3d5c99c48307bf21995aaa969a763243a810e,Brier,0.24890058965455553,0.24857465301173645,0.24921537921500833,ESTIMATED,,2689,31,2635,2000,2000,1900,outcome_stratified_patient_group_cluster,20260710,2061596810,0.24890058965455553
surgery_P2_score_sMS,surgery,P2,score_sMS,,overall,surgery,validation_2024,score_component_available_subset_of_current_cohort,2712,506ace5309488640c63affda4c1d7df0d69c35b60cc99b5292cb85c6d83838ac,AUROC,0.7116772565254932,0.6243551455706381,0.7997011864758741,ESTIMATED,,2691,34,2637,2000,2000,1900,outcome_stratified_patient_group_cluster,20260710,3233389421,0.7116772565254932
surgery_P2_score_sMS,surgery,P2,score_sMS,,overall,surgery,validation_2024,score_component_available_subset_of_current_cohort,2712,506ace5309488640c63affda4c1d7df0d69c35b60cc99b5292cb85c6d83838ac,AUPRC,0.13346113250205321,0.05956000617403432,0.23647763084847287,ESTIMATED,,2691,34,2637,2000,2000,1900,outcome_stratified_patient_group_cluster,20260710,3233389421,0.13346113250205321
surgery_P2_score_sMS,surgery,P2,score_sMS,,overall,surgery,validation_2024,score_component_available_subset_of_current_cohort,2712,506ace5309488640c63affda4c1d7df0d69c35b60cc99b5292cb85c6d83838ac,Brier,0.15720120920341474,0.15415138726547375,0.16033951524919804,ESTIMATED,,2691,34,2637,2000,2000,1900,outcome_stratified_patient_group_cluster,20260710,3233389421,0.15720120920341474
surgery_P2_score_qSOFA,surgery,P2,score_qSOFA,,overall,surgery,validation_2024,score_component_available_subset_of_current_cohort,2712,709111e83c26297bd9b4808d43e3d5c99c48307bf21995aaa969a763243a810e,AUROC,0.6625039442704921,0.5725008080263575,0.7536976814766729,ESTIMATED,,2689,31,2635,2000,2000,1900,outcome_stratified_patient_group_cluster,20260710,4064729815,0.6625039442704921
surgery_P2_score_qSOFA,surgery,P2,score_qSOFA,,overall,surgery,validation_2024,score_component_available_subset_of_current_cohort,2712,709111e83c26297bd9b4808d43e3d5c99c48307bf21995aaa969a763243a810e,AUPRC,0.030191113031989333,0.015812922828489076,0.08788577932159315,ESTIMATED,,2689,31,2635,2000,2000,1900,outcome_stratified_patient_group_cluster,20260710,4064729815,0.030191113031989333
surgery_P2_score_qSOFA,surgery,P2,score_qSOFA,,overall,surgery,validation_2024,score_component_available_subset_of_current_cohort,2712,709111e83c26297bd9b4808d43e3d5c99c48307bf21995aaa969a763243a810e,Brier,0.16285662926256403,0.15694505925672306,0.16866056276886313,ESTIMATED,,2689,31,2635,2000,2000,1900,outcome_stratified_patient_group_cluster,20260710,4064729815,0.16285662926256403
surgery_P2_score_MEWS,surgery,P2,score_MEWS,,overall,surgery,validation_2024,score_component_available_subset_of_current_cohort,2712,8dedb1b75c54dae35cf87aa04927583eed9f65d09c4b831ff52271b9631e3ab5,AUROC,0.6978158728617043,0.5899932476825732,0.7946592601754602,ESTIMATED,,2688,31,2634,2000,2000,1900,outcome_stratified_patient_group_cluster,20260710,992515562,0.6978158728617043
surgery_P2_score_MEWS,surgery,P2,score_MEWS,,overall,surgery,validation_2024,score_component_available_subset_of_current_cohort,2712,8dedb1b75c54dae35cf87aa04927583eed9f65d09c4b831ff52271b9631e3ab5,AUPRC,0.12204938222338141,0.04634891454413014,0.2714130920615433,ESTIMATED,,2688,31,2634,2000,2000,1900,outcome_stratified_patient_group_cluster,20260710,992515562,0.12204938222338141
surgery_P2_score_MEWS,surgery,P2,score_MEWS,,overall,surgery,validation_2024,score_component_available_subset_of_current_cohort,2712,8dedb1b75c54dae35cf87aa04927583eed9f65d09c4b831ff52271b9631e3ab5,Brier,0.1515854007523288,0.14702779843013908,0.15660059738661358,ESTIMATED,,2688,31,2634,2000,2000,1900,outcome_stratified_patient_group_cluster,20260710,992515562,0.1515854007523288
surgery_P2_score_REMS,surgery,P2,score_REMS,,overall,surgery,validation_2024,score_component_available_subset_of_current_cohort,2712,f074c5b3e5fecbad2bda6d40a37266894ce5f406c4a9f16082cc7e7390303d38,AUROC,0.8504353984579973,0.7854156536162139,0.9057361884221079,ESTIMATED,,2328,27,2282,2000,2000,1900,outcome_stratified_patient_group_cluster,20260710,1735766732,0.8504353984579973
surgery_P2_score_REMS,surgery,P2,score_REMS,,overall,surgery,validation_2024,score_component_available_subset_of_current_cohort,2712,f074c5b3e5fecbad2bda6d40a37266894ce5f406c4a9f16082cc7e7390303d38,AUPRC,0.14402680257424896,0.0671659399292859,0.30111439877270796,ESTIMATED,,2328,27,2282,2000,2000,1900,outcome_stratified_patient_group_cluster,20260710,1735766732,0.14402680257424896
surgery_P2_score_REMS,surgery,P2,score_REMS,,overall,surgery,validation_2024,score_component_available_subset_of_current_cohort,2712,f074c5b3e5fecbad2bda6d40a37266894ce5f406c4a9f16082cc7e7390303d38,Brier,0.13597905151960754,0.12935146375163847,0.14285306610260026,ESTIMATED,,2328,27,2282,2000,2000,1900,outcome_stratified_patient_group_cluster,20260710,1735766732,0.13597905151960754
surgery_P2_score_RTS,surgery,P2,score_RTS,,overall,surgery,validation_2024,score_component_available_subset_of_current_cohort,2712,a72050445859f1563b9ab073ae1060c07809e77c9c051d75fbcea6cf08d9391a,AUROC,0.6846431216385204,0.591007969267643,0.7774113371821221,ESTIMATED,,2688,31,2634,2000,2000,1900,outcome_stratified_patient_group_cluster,20260710,2934358849,0.6846431216385204
surgery_P2_score_RTS,surgery,P2,score_RTS,,overall,surgery,validation_2024,score_component_available_subset_of_current_cohort,2712,a72050445859f1563b9ab073ae1060c07809e77c9c051d75fbcea6cf08d9391a,AUPRC,0.19462911306127167,0.07679776544327441,0.3651388617288489,ESTIMATED,,2688,31,2634,2000,2000,1900,outcome_stratified_patient_group_cluster,20260710,2934358849,0.19462911306127167
surgery_P2_score_RTS,surgery,P2,score_RTS,,overall,surgery,validation_2024,score_component_available_subset_of_current_cohort,2712,a72050445859f1563b9ab073ae1060c07809e77c9c051d75fbcea6cf08d9391a,Brier,0.17038929347969475,0.1672118155033258,0.17361227437201812,ESTIMATED,,2688,31,2634,2000,2000,1900,outcome_stratified_patient_group_cluster,20260710,2934358849,0.17038929347969475
surgery_P2_score_rSI_GCS_alias,surgery,P2,score_rSI_GCS_alias,score_rSIG,overall,surgery,validation_2024,score_component_available_subset_of_current_cohort,2712,a72050445859f1563b9ab073ae1060c07809e77c9c051d75fbcea6cf08d9391a,AUROC,0.6545946799082156,0.5289429794709699,0.7722276482723005,ESTIMATED,,2688,31,2634,2000,2000,1900,outcome_stratified_patient_group_cluster,20260710,583162451,0.6545946799082156
surgery_P2_score_rSI_GCS_alias,surgery,P2,score_rSI_GCS_alias,score_rSIG,overall,surgery,validation_2024,score_component_available_subset_of_current_cohort,2712,a72050445859f1563b9ab073ae1060c07809e77c9c051d75fbcea6cf08d9391a,AUPRC,0.16573261664874364,0.0637650411360323,0.34851869712113026,ESTIMATED,,2688,31,2634,2000,2000,1900,outcome_stratified_patient_group_cluster,20260710,583162451,0.16573261664874364
surgery_P2_score_rSI_GCS_alias,surgery,P2,score_rSI_GCS_alias,score_rSIG,overall,surgery,validation_2024,score_component_available_subset_of_current_cohort,2712,a72050445859f1563b9ab073ae1060c07809e77c9c051d75fbcea6cf08d9391a,Brier,0.18410542467767588,0.1790679008218297,0.18898056274251013,ESTIMATED,,2688,31,2634,2000,2000,1900,outcome_stratified_patient_group_cluster,20260710,583162451,0.18410542467767588
surgery_P2_knn_classifier,surgery,P2,knn_classifier,,surgery,surgery,validation_2024,exact_current_cohort,2712,6af3fa1ceb5e20a24ee260bad7ba0bf2553730e01405fb0aa4916e71f7f0c8a0,AUROC,0.8260357407018473,0.743623119003419,0.8962607701035743,ESTIMATED,,2712,41,2657,2000,2000,1900,outcome_stratified_patient_group_cluster,20260710,4196524358,0.8260357407018473
surgery_P2_knn_classifier,surgery,P2,knn_classifier,,surgery,surgery,validation_2024,exact_current_cohort,2712,6af3fa1ceb5e20a24ee260bad7ba0bf2553730e01405fb0aa4916e71f7f0c8a0,AUPRC,0.27981136448573984,0.16813648828362587,0.4338746977713026,ESTIMATED,,2712,41,2657,2000,2000,1900,outcome_stratified_patient_group_cluster,20260710,4196524358,0.27981136448573984
surgery_P2_knn_classifier,surgery,P2,knn_classifier,,surgery,surgery,validation_2024,exact_current_cohort,2712,6af3fa1ceb5e20a24ee260bad7ba0bf2553730e01405fb0aa4916e71f7f0c8a0,Brier,0.012723056754389148,0.011501336863766483,0.013899850162995641,ESTIMATED,,2712,41,2657,2000,2000,1900,outcome_stratified_patient_group_cluster,20260710,4196524358,0.012723056754389148
surgery_P3_decision_tree,surgery,P3,decision_tree,,overall,surgery,validation_2024,exact_current_cohort,2712,6af3fa1ceb5e20a24ee260bad7ba0bf2553730e01405fb0aa4916e71f7f0c8a0,AUROC,0.9294018190298508,0.8648494628998508,0.9780881174313044,ESTIMATED,,2712,32,2657,2000,2000,1900,outcome_stratified_patient_group_cluster,20260710,3920357367,0.9294018190298508
surgery_P3_decision_tree,surgery,P3,decision_tree,,overall,surgery,validation_2024,exact_current_cohort,2712,6af3fa1ceb5e20a24ee260bad7ba0bf2553730e01405fb0aa4916e71f7f0c8a0,AUPRC,0.3828043995442859,0.248249203805777,0.5535129580994221,ESTIMATED,,2712,32,2657,2000,2000,1900,outcome_stratified_patient_group_cluster,20260710,3920357367,0.3828043995442859
surgery_P3_decision_tree,surgery,P3,decision_tree,,overall,surgery,validation_2024,exact_current_cohort,2712,6af3fa1ceb5e20a24ee260bad7ba0bf2553730e01405fb0aa4916e71f7f0c8a0,Brier,0.038966650786735904,0.03442437454316863,0.04363617709785,ESTIMATED,,2712,32,2657,2000,2000,1900,outcome_stratified_patient_group_cluster,20260710,3920357367,0.038966650786735904
surgery_P3_random_forest,surgery,P3,random_forest,,overall,surgery,validation_2024,exact_current_cohort,2712,6af3fa1ceb5e20a24ee260bad7ba0bf2553730e01405fb0aa4916e71f7f0c8a0,AUROC,0.9496735074626866,0.9106285446253525,0.9801911095258485,ESTIMATED,,2712,32,2657,2000,2000,1900,outcome_stratified_patient_group_cluster,20260710,4268548698,0.9496735074626866
surgery_P3_random_forest,surgery,P3,random_forest,,overall,surgery,validation_2024,exact_current_cohort,2712,6af3fa1ceb5e20a24ee260bad7ba0bf2553730e01405fb0aa4916e71f7f0c8a0,AUPRC,0.5701904211519252,0.4112302346463823,0.7880711262714233,ESTIMATED,,2712,32,2657,2000,2000,1900,outcome_stratified_patient_group_cluster,20260710,4268548698,0.5701904211519252
surgery_P3_random_forest,surgery,P3,random_forest,,overall,surgery,validation_2024,exact_current_cohort,2712,6af3fa1ceb5e20a24ee260bad7ba0bf2553730e01405fb0aa4916e71f7f0c8a0,Brier,0.01232429277444506,0.010082640040779595,0.01477996875516263,ESTIMATED,,2712,32,2657,2000,2000,1900,outcome_stratified_patient_group_cluster,20260710,4268548698,0.01232429277444506
surgery_P3_balanced_random_forest,surgery,P3,balanced_random_forest,,overall,surgery,validation_2024,exact_current_cohort,2712,6af3fa1ceb5e20a24ee260bad7ba0bf2553730e01405fb0aa4916e71f7f0c8a0,AUROC,0.939004197761194,0.8928459411988873,0.9769622205246591,ESTIMATED,,2712,32,2657,2000,2000,1900,outcome_stratified_patient_group_cluster,20260710,1017699298,0.939004197761194
surgery_P3_balanced_random_forest,surgery,P3,balanced_random_forest,,overall,surgery,validation_2024,exact_current_cohort,2712,6af3fa1ceb5e20a24ee260bad7ba0bf2553730e01405fb0aa4916e71f7f0c8a0,AUPRC,0.5894577651450271,0.4279293697309074,0.7669073292796964,ESTIMATED,,2712,32,2657,2000,2000,1900,outcome_stratified_patient_group_cluster,20260710,1017699298,0.5894577651450271
surgery_P3_balanced_random_forest,surgery,P3,balanced_random_forest,,overall,surgery,validation_2024,exact_current_cohort,2712,6af3fa1ceb5e20a24ee260bad7ba0bf2553730e01405fb0aa4916e71f7f0c8a0,Brier,0.03683481107929396,0.03312875588951658,0.04041960818052811,ESTIMATED,,2712,32,2657,2000,2000,1900,outcome_stratified_patient_group_cluster,20260710,1017699298,0.03683481107929396
surgery_P3_svm_rbf,surgery,P3,svm_rbf,,overall,surgery,validation_2024,exact_current_cohort,2712,6af3fa1ceb5e20a24ee260bad7ba0bf2553730e01405fb0aa4916e71f7f0c8a0,AUROC,0.9220149253731342,0.8764103776526162,0.9603238477653632,ESTIMATED,,2712,32,2657,2000,2000,1900,outcome_stratified_patient_group_cluster,20260710,1561853179,0.9220149253731342
surgery_P3_svm_rbf,surgery,P3,svm_rbf,,overall,surgery,validation_2024,exact_current_cohort,2712,6af3fa1ceb5e20a24ee260bad7ba0bf2553730e01405fb0aa4916e71f7f0c8a0,AUPRC,0.28172354068106514,0.15837318092328004,0.4350939856042782,ESTIMATED,,2712,32,2657,2000,2000,1900,outcome_stratified_patient_group_cluster,20260710,1561853179,0.28172354068106514
surgery_P3_svm_rbf,surgery,P3,svm_rbf,,overall,surgery,validation_2024,exact_current_cohort,2712,6af3fa1ceb5e20a24ee260bad7ba0bf2553730e01405fb0aa4916e71f7f0c8a0,Brier,0.01039867672036617,0.009570474134818464,0.01108516234085104,ESTIMATED,,2712,32,2657,2000,2000,1900,outcome_stratified_patient_group_cluster,20260710,1561853179,0.01039867672036617
surgery_P3_logistic_l1,surgery,P3,logistic_l1,,overall,surgery,validation_2024,exact_current_cohort,2712,6af3fa1ceb5e20a24ee260bad7ba0bf2553730e01405fb0aa4916e71f7f0c8a0,AUROC,0.8761077425373134,0.7758565904274053,0.9547759881037652,ESTIMATED,,2712,32,2657,2000,2000,1900,outcome_stratified_patient_group_cluster,20260710,1656443772,0.8761077425373134
surgery_P3_logistic_l1,surgery,P3,logistic_l1,,overall,surgery,validation_2024,exact_current_cohort,2712,6af3fa1ceb5e20a24ee260bad7ba0bf2553730e01405fb0aa4916e71f7f0c8a0,AUPRC,0.48172940661119373,0.312672522627894,0.6721052799303813,ESTIMATED,,2712,32,2657,2000,2000,1900,outcome_stratified_patient_group_cluster,20260710,1656443772,0.48172940661119373
surgery_P3_logistic_l1,surgery,P3,logistic_l1,,overall,surgery,validation_2024,exact_current_cohort,2712,6af3fa1ceb5e20a24ee260bad7ba0bf2553730e01405fb0aa4916e71f7f0c8a0,Brier,0.029447342410221778,0.024916889451188546,0.03428080484519407,ESTIMATED,,2712,32,2657,2000,2000,1900,outcome_stratified_patient_group_cluster,20260710,1656443772,0.029447342410221778
surgery_P3_logistic_l2,surgery,P3,logistic_l2,,overall,surgery,validation_2024,exact_current_cohort,2712,6af3fa1ceb5e20a24ee260bad7ba0bf2553730e01405fb0aa4916e71f7f0c8a0,AUROC,0.8758278917910448,0.7790458411430802,0.9572332486283004,ESTIMATED,,2712,32,2657,2000,2000,1900,outcome_stratified_patient_group_cluster,20260710,1208759194,0.8758278917910448
surgery_P3_logistic_l2,surgery,P3,logistic_l2,,overall,surgery,validation_2024,exact_current_cohort,2712,6af3fa1ceb5e20a24ee260bad7ba0bf2553730e01405fb0aa4916e71f7f0c8a0,AUPRC,0.45324456790179407,0.30062128690404294,0.6640159243399855,ESTIMATED,,2712,32,2657,2000,2000,1900,outcome_stratified_patient_group_cluster,20260710,1208759194,0.45324456790179407
surgery_P3_logistic_l2,surgery,P3,logistic_l2,,overall,surgery,validation_2024,exact_current_cohort,2712,6af3fa1ceb5e20a24ee260bad7ba0bf2553730e01405fb0aa4916e71f7f0c8a0,Brier,0.02922897928832426,0.02453222770485326,0.03411233949269589,ESTIMATED,,2712,32,2657,2000,2000,1900,outcome_stratified_patient_group_cluster,20260710,1208759194,0.02922897928832426
surgery_P3_score_NEWS2,surgery,P3,score_NEWS2,,overall,surgery,validation_2024,score_component_available_subset_of_current_cohort,2712,84d367bc0edcbc976197746cebb79a38c3db623cccfbedef30d11c68363d281f,AUROC,0.7433035714285714,0.6277762276785714,0.8493303571428571,ESTIMATED,,78,14,78,2000,2000,1900,outcome_stratified_patient_group_cluster,20260710,2194637103,0.7433035714285714
surgery_P3_score_NEWS2,surgery,P3,score_NEWS2,,overall,surgery,validation_2024,score_component_available_subset_of_current_cohort,2712,84d367bc0edcbc976197746cebb79a38c3db623cccfbedef30d11c68363d281f,AUPRC,0.3052148773899627,0.2335590918200407,0.5073769346255248,ESTIMATED,,78,14,78,2000,2000,1900,outcome_stratified_patient_group_cluster,20260710,2194637103,0.3052148773899627
surgery_P3_score_NEWS2,surgery,P3,score_NEWS2,,overall,surgery,validation_2024,score_component_available_subset_of_current_cohort,2712,84d367bc0edcbc976197746cebb79a38c3db623cccfbedef30d11c68363d281f,Brier,0.19547930843747688,0.16113020809840967,0.23025544155485694,ESTIMATED,,78,14,78,2000,2000,1900,outcome_stratified_patient_group_cluster,20260710,2194637103,0.19547930843747688
surgery_P3_score_rSIG,surgery,P3,score_rSIG,,overall,surgery,validation_2024,score_component_available_subset_of_current_cohort,2712,a72050445859f1563b9ab073ae1060c07809e77c9c051d75fbcea6cf08d9391a,AUROC,0.8228179325511156,0.7250882000223114,0.9080122200826061,ESTIMATED,,2688,27,2634,2000,2000,1900,outcome_stratified_patient_group_cluster,20260710,2711387633,0.8228179325511156
surgery_P3_score_rSIG,surgery,P3,score_rSIG,,overall,surgery,validation_2024,score_component_available_subset_of_current_cohort,2712,a72050445859f1563b9ab073ae1060c07809e77c9c051d75fbcea6cf08d9391a,AUPRC,0.45429605420419783,0.2660824096688789,0.6416658684095602,ESTIMATED,,2688,27,2634,2000,2000,1900,outcome_stratified_patient_group_cluster,20260710,2711387633,0.45429605420419783
surgery_P3_score_rSIG,surgery,P3,score_rSIG,,overall,surgery,validation_2024,score_component_available_subset_of_current_cohort,2712,a72050445859f1563b9ab073ae1060c07809e77c9c051d75fbcea6cf08d9391a,Brier,0.17627996918787336,0.17195366402279122,0.18069427302361535,ESTIMATED,,2688,27,2634,2000,2000,1900,outcome_stratified_patient_group_cluster,20260710,2711387633,0.17627996918787336
surgery_P3_score_rSIG_Age,surgery,P3,score_rSIG_Age,,overall,surgery,validation_2024,score_component_available_subset_of_current_cohort,2712,bc44d553aab8a61e7e305401570a342a68f7150af14b7f845adccc94316ce1e2,AUROC,0.8042527101970292,0.6906951249650263,0.9074814973417777,ESTIMATED,,2685,27,2631,2000,2000,1900,outcome_stratified_patient_group_cluster,20260710,1915839280,0.8042527101970292
surgery_P3_score_rSIG_Age,surgery,P3,score_rSIG_Age,,overall,surgery,validation_2024,score_component_available_subset_of_current_cohort,2712,bc44d553aab8a61e7e305401570a342a68f7150af14b7f845adccc94316ce1e2,AUPRC,0.4235929689014703,0.2378427664722683,0.6201380050035119,ESTIMATED,,2685,27,2631,2000,2000,1900,outcome_stratified_patient_group_cluster,20260710,1915839280,0.4235929689014703
surgery_P3_score_rSIG_Age,surgery,P3,score_rSIG_Age,,overall,surgery,validation_2024,score_component_available_subset_of_current_cohort,2712,bc44d553aab8a61e7e305401570a342a68f7150af14b7f845adccc94316ce1e2,Brier,0.14727840562416378,0.14155885551104697,0.15290830738621922,ESTIMATED,,2685,27,2631,2000,2000,1900,outcome_stratified_patient_group_cluster,20260710,1915839280,0.14727840562416378
surgery_P3_score_SIA_G,surgery,P3,score_SIA_G,,overall,surgery,validation_2024,score_component_available_subset_of_current_cohort,2712,bc44d553aab8a61e7e305401570a342a68f7150af14b7f845adccc94316ce1e2,AUROC,0.8042527101970292,0.6850947346986932,0.9098122411412792,ESTIMATED,,2685,27,2631,2000,2000,1900,outcome_stratified_patient_group_cluster,20260710,2377247751,0.8042527101970292
surgery_P3_score_SIA_G,surgery,P3,score_SIA_G,,overall,surgery,validation_2024,score_component_available_subset_of_current_cohort,2712,bc44d553aab8a61e7e305401570a342a68f7150af14b7f845adccc94316ce1e2,AUPRC,0.42359296890147036,0.24218478485572764,0.6283543366797636,ESTIMATED,,2685,27,2631,2000,2000,1900,outcome_stratified_patient_group_cluster,20260710,2377247751,0.42359296890147036
surgery_P3_score_SIA_G,surgery,P3,score_SIA_G,,overall,surgery,validation_2024,score_component_available_subset_of_current_cohort,2712,bc44d553aab8a61e7e305401570a342a68f7150af14b7f845adccc94316ce1e2,Brier,0.13720642699940766,0.13456194624530235,0.14000489802500024,ESTIMATED,,2685,27,2631,2000,2000,1900,outcome_stratified_patient_group_cluster,20260710,2377247751,0.13720642699940766
surgery_P3_score_SI_G,surgery,P3,score_SI_G,,overall,surgery,validation_2024,score_component_available_subset_of_current_cohort,2712,a72050445859f1563b9ab073ae1060c07809e77c9c051d75fbcea6cf08d9391a,AUROC,0.8228179325511156,0.7185782562114956,0.9071392803217077,ESTIMATED,,2688,27,2634,2000,2000,1900,outcome_stratified_patient_group_cluster,20260710,2157156794,0.8228179325511156
surgery_P3_score_SI_G,surgery,P3,score_SI_G,,overall,surgery,validation_2024,score_component_available_subset_of_current_cohort,2712,a72050445859f1563b9ab073ae1060c07809e77c9c051d75fbcea6cf08d9391a,AUPRC,0.4542960542041979,0.25133245217900557,0.6494985882141392,ESTIMATED,,2688,27,2634,2000,2000,1900,outcome_stratified_patient_group_cluster,20260710,2157156794,0.4542960542041979
surgery_P3_score_SI_G,surgery,P3,score_SI_G,,overall,surgery,validation_2024,score_component_available_subset_of_current_cohort,2712,a72050445859f1563b9ab073ae1060c07809e77c9c051d75fbcea6cf08d9391a,Brier,0.15469361227586506,0.15218500564130616,0.15720991837549417,ESTIMATED,,2688,27,2634,2000,2000,1900,outcome_stratified_patient_group_cluster,20260710,2157156794,0.15469361227586506
surgery_P3_score_SI,surgery,P3,score_SI,,overall,surgery,validation_2024,score_component_available_subset_of_current_cohort,2712,709111e83c26297bd9b4808d43e3d5c99c48307bf21995aaa969a763243a810e,AUROC,0.38493057294710187,0.2676683307284932,0.5086176538973333,ESTIMATED,,2689,27,2635,2000,2000,1900,outcome_stratified_patient_group_cluster,20260710,79115498,0.38493057294710187
surgery_P3_score_SI,surgery,P3,score_SI,,overall,surgery,validation_2024,score_component_available_subset_of_current_cohort,2712,709111e83c26297bd9b4808d43e3d5c99c48307bf21995aaa969a763243a810e,AUPRC,0.008629836292202145,0.00686589186702193,0.014947728359729549,ESTIMATED,,2689,27,2635,2000,2000,1900,outcome_stratified_patient_group_cluster,20260710,79115498,0.008629836292202145
surgery_P3_score_SI,surgery,P3,score_SI,,overall,surgery,validation_2024,score_component_available_subset_of_current_cohort,2712,709111e83c26297bd9b4808d43e3d5c99c48307bf21995aaa969a763243a810e,Brier,0.23749232284775215,0.23496793665128207,0.24009656070576815,ESTIMATED,,2689,27,2635,2000,2000,1900,outcome_stratified_patient_group_cluster,20260710,79115498,0.23749232284775215
surgery_P3_score_mSI,surgery,P3,score_mSI,,overall,surgery,validation_2024,score_component_available_subset_of_current_cohort,2712,1b3e771fceb84480288e8cc148b1fb73c596fc45e4e1832dd8babc7bb726070f,AUROC,0.4456988469146524,0.3169029751395835,0.5762828595559588,ESTIMATED,,2330,27,2284,2000,2000,1900,outcome_stratified_patient_group_cluster,20260710,1566568457,0.4456988469146524
surgery_P3_score_mSI,surgery,P3,score_mSI,,overall,surgery,validation_2024,score_component_available_subset_of_current_cohort,2712,1b3e771fceb84480288e8cc148b1fb73c596fc45e4e1832dd8babc7bb726070f,AUPRC,0.01768999705973079,0.009692697696882913,0.05017883509220739,ESTIMATED,,2330,27,2284,2000,2000,1900,outcome_stratified_patient_group_cluster,20260710,1566568457,0.01768999705973079
surgery_P3_score_mSI,surgery,P3,score_mSI,,overall,surgery,validation_2024,score_component_available_subset_of_current_cohort,2712,1b3e771fceb84480288e8cc148b1fb73c596fc45e4e1832dd8babc7bb726070f,Brier,0.22810325079764643,0.226193539035966,0.22996625646561028,ESTIMATED,,2330,27,2284,2000,2000,1900,outcome_stratified_patient_group_cluster,20260710,1566568457,0.22810325079764643
surgery_P3_score_aSI,surgery,P3,score_aSI,,overall,surgery,validation_2024,score_component_available_subset_of_current_cohort,2712,dd835c7516c3c5b4ffc28938c2745dedbbf0df4f009d25d9c697c005921f1ae6,AUROC,0.5288886103101973,0.41864508147283835,0.6348780896151462,ESTIMATED,,2686,27,2632,2000,2000,1900,outcome_stratified_patient_group_cluster,20260710,3677189612,0.5288886103101973
surgery_P3_score_aSI,surgery,P3,score_aSI,,overall,surgery,validation_2024,score_component_available_subset_of_current_cohort,2712,dd835c7516c3c5b4ffc28938c2745dedbbf0df4f009d25d9c697c005921f1ae6,AUPRC,0.011615020961641569,0.008962803184310414,0.02189467300663829,ESTIMATED,,2686,27,2632,2000,2000,1900,outcome_stratified_patient_group_cluster,20260710,3677189612,0.011615020961641569
surgery_P3_score_aSI,surgery,P3,score_aSI,,overall,surgery,validation_2024,score_component_available_subset_of_current_cohort,2712,dd835c7516c3c5b4ffc28938c2745dedbbf0df4f009d25d9c697c005921f1ae6,Brier,0.19503561460172825,0.1904653756348699,0.1996457697587899,ESTIMATED,,2686,27,2632,2000,2000,1900,outcome_stratified_patient_group_cluster,20260710,3677189612,0.19503561460172825
surgery_P3_score_rSI,surgery,P3,score_rSI,,overall,surgery,validation_2024,score_component_available_subset_of_current_cohort,2712,709111e83c26297bd9b4808d43e3d5c99c48307bf21995aaa969a763243a810e,AUROC,0.38493057294710187,0.2715850165182118,0.5097025613683434,ESTIMATED,,2689,27,2635,2000,2000,1900,outcome_stratified_patient_group_cluster,20260710,4148411289,0.38493057294710187
surgery_P3_score_rSI,surgery,P3,score_rSI,,overall,surgery,validation_2024,score_component_available_subset_of_current_cohort,2712,709111e83c26297bd9b4808d43e3d5c99c48307bf21995aaa969a763243a810e,AUPRC,0.008629836292202145,0.006921625248537405,0.015202983842543582,ESTIMATED,,2689,27,2635,2000,2000,1900,outcome_stratified_patient_group_cluster,20260710,4148411289,0.008629836292202145
surgery_P3_score_rSI,surgery,P3,score_rSI,,overall,surgery,validation_2024,score_component_available_subset_of_current_cohort,2712,709111e83c26297bd9b4808d43e3d5c99c48307bf21995aaa969a763243a810e,Brier,0.24748934278560455,0.24617310271763754,0.24880247465809316,ESTIMATED,,2689,27,2635,2000,2000,1900,outcome_stratified_patient_group_cluster,20260710,4148411289,0.24748934278560455
surgery_P3_score_rSI_sMS,surgery,P3,score_rSI_sMS,,overall,surgery,validation_2024,score_component_available_subset_of_current_cohort,2712,a72050445859f1563b9ab073ae1060c07809e77c9c051d75fbcea6cf08d9391a,AUROC,0.8250727239829082,0.7258817146093345,0.9112652518732536,ESTIMATED,,2688,27,2634,2000,2000,1900,outcome_stratified_patient_group_cluster,20260710,523370579,0.8250727239829082
surgery_P3_score_rSI_sMS,surgery,P3,score_rSI_sMS,,overall,surgery,validation_2024,score_component_available_subset_of_current_cohort,2712,a72050445859f1563b9ab073ae1060c07809e77c9c051d75fbcea6cf08d9391a,AUPRC,0.16337279178718364,0.0798108635817843,0.33779607465239997,ESTIMATED,,2688,27,2634,2000,2000,1900,outcome_stratified_patient_group_cluster,20260710,523370579,0.16337279178718364
surgery_P3_score_rSI_sMS,surgery,P3,score_rSI_sMS,,overall,surgery,validation_2024,score_component_available_subset_of_current_cohort,2712,a72050445859f1563b9ab073ae1060c07809e77c9c051d75fbcea6cf08d9391a,Brier,0.1798323969288042,0.17522916515506043,0.18426423358978777,ESTIMATED,,2688,27,2634,2000,2000,1900,outcome_stratified_patient_group_cluster,20260710,523370579,0.1798323969288042
surgery_P3_score_rSI_GCSM,surgery,P3,score_rSI_GCSM,,overall,surgery,validation_2024,score_component_available_subset_of_current_cohort,2712,a72050445859f1563b9ab073ae1060c07809e77c9c051d75fbcea6cf08d9391a,AUROC,0.770373154063496,0.6530812704068844,0.8779066859544085,ESTIMATED,,2688,27,2634,2000,2000,1900,outcome_stratified_patient_group_cluster,20260710,1615724807,0.770373154063496
surgery_P3_score_rSI_GCSM,surgery,P3,score_rSI_GCSM,,overall,surgery,validation_2024,score_component_available_subset_of_current_cohort,2712,a72050445859f1563b9ab073ae1060c07809e77c9c051d75fbcea6cf08d9391a,AUPRC,0.3775814710526639,0.2046130768640084,0.5922595324787796,ESTIMATED,,2688,27,2634,2000,2000,1900,outcome_stratified_patient_group_cluster,20260710,1615724807,0.3775814710526639
surgery_P3_score_rSI_GCSM,surgery,P3,score_rSI_GCSM,,overall,surgery,validation_2024,score_component_available_subset_of_current_cohort,2712,a72050445859f1563b9ab073ae1060c07809e77c9c051d75fbcea6cf08d9391a,Brier,0.1874757681208403,0.18321880327666565,0.19156166203019587,ESTIMATED,,2688,27,2634,2000,2000,1900,outcome_stratified_patient_group_cluster,20260710,1615724807,0.1874757681208403
surgery_P3_score_SIAVPU,surgery,P3,score_SIAVPU,,overall,surgery,validation_2024,score_component_available_subset_of_current_cohort,2712,709111e83c26297bd9b4808d43e3d5c99c48307bf21995aaa969a763243a810e,AUROC,0.8151209060299969,0.7106343177173544,0.9054989411706523,ESTIMATED,,2689,27,2635,2000,2000,1900,outcome_stratified_patient_group_cluster,20260710,2090456221,0.8151209060299969
surgery_P3_score_SIAVPU,surgery,P3,score_SIAVPU,,overall,surgery,validation_2024,score_component_available_subset_of_current_cohort,2712,709111e83c26297bd9b4808d43e3d5c99c48307bf21995aaa969a763243a810e,AUPRC,0.5258984867981199,0.3381620706435244,0.7082412979279148,ESTIMATED,,2689,27,2635,2000,2000,1900,outcome_stratified_patient_group_cluster,20260710,2090456221,0.5258984867981199
surgery_P3_score_SIAVPU,surgery,P3,score_SIAVPU,,overall,surgery,validation_2024,score_component_available_subset_of_current_cohort,2712,709111e83c26297bd9b4808d43e3d5c99c48307bf21995aaa969a763243a810e,Brier,0.23742521557669252,0.23574704228101623,0.23899440971037517,ESTIMATED,,2689,27,2635,2000,2000,1900,outcome_stratified_patient_group_cluster,20260710,2090456221,0.23742521557669252
surgery_P3_score_sMS,surgery,P3,score_sMS,,overall,surgery,validation_2024,score_component_available_subset_of_current_cohort,2712,506ace5309488640c63affda4c1d7df0d69c35b60cc99b5292cb85c6d83838ac,AUROC,0.8263263263263263,0.7330611059251746,0.9169473349522342,ESTIMATED,,2691,27,2637,2000,2000,1900,outcome_stratified_patient_group_cluster,20260710,3462617558,0.8263263263263263
surgery_P3_score_sMS,surgery,P3,score_sMS,,overall,surgery,validation_2024,score_component_available_subset_of_current_cohort,2712,506ace5309488640c63affda4c1d7df0d69c35b60cc99b5292cb85c6d83838ac,AUPRC,0.25334448160535117,0.1497053657617277,0.38346920414513636,ESTIMATED,,2691,27,2637,2000,2000,1900,outcome_stratified_patient_group_cluster,20260710,3462617558,0.25334448160535117
surgery_P3_score_sMS,surgery,P3,score_sMS,,overall,surgery,validation_2024,score_component_available_subset_of_current_cohort,2712,506ace5309488640c63affda4c1d7df0d69c35b60cc99b5292cb85c6d83838ac,Brier,0.13807354271762834,0.13520721621673518,0.14108509148232565,ESTIMATED,,2691,27,2637,2000,2000,1900,outcome_stratified_patient_group_cluster,20260710,3462617558,0.13807354271762834
surgery_P3_score_qSOFA,surgery,P3,score_qSOFA,,overall,surgery,validation_2024,score_component_available_subset_of_current_cohort,2712,709111e83c26297bd9b4808d43e3d5c99c48307bf21995aaa969a763243a810e,AUROC,0.8206722876144363,0.7350777120051671,0.8928165804842452,ESTIMATED,,2689,27,2635,2000,2000,1900,outcome_stratified_patient_group_cluster,20260710,2832558013,0.8206722876144363
surgery_P3_score_qSOFA,surgery,P3,score_qSOFA,,overall,surgery,validation_2024,score_component_available_subset_of_current_cohort,2712,709111e83c26297bd9b4808d43e3d5c99c48307bf21995aaa969a763243a810e,AUPRC,0.05776534180541271,0.031197181298824473,0.1362858400807525,ESTIMATED,,2689,27,2635,2000,2000,1900,outcome_stratified_patient_group_cluster,20260710,2832558013,0.05776534180541271
surgery_P3_score_qSOFA,surgery,P3,score_qSOFA,,overall,surgery,validation_2024,score_component_available_subset_of_current_cohort,2712,709111e83c26297bd9b4808d43e3d5c99c48307bf21995aaa969a763243a810e,Brier,0.12996556124652975,0.12378548138935336,0.13617351587798218,ESTIMATED,,2689,27,2635,2000,2000,1900,outcome_stratified_patient_group_cluster,20260710,2832558013,0.12996556124652975
surgery_P3_score_MEWS,surgery,P3,score_MEWS,,overall,surgery,validation_2024,score_component_available_subset_of_current_cohort,2712,8dedb1b75c54dae35cf87aa04927583eed9f65d09c4b831ff52271b9631e3ab5,AUROC,0.8210572466491293,0.714625049280364,0.9127769878468068,ESTIMATED,,2688,27,2634,2000,2000,1900,outcome_stratified_patient_group_cluster,20260710,314394549,0.8210572466491293
surgery_P3_score_MEWS,surgery,P3,score_MEWS,,overall,surgery,validation_2024,score_component_available_subset_of_current_cohort,2712,8dedb1b75c54dae35cf87aa04927583eed9f65d09c4b831ff52271b9631e3ab5,AUPRC,0.18872273853834934,0.09176462420140269,0.35857344900157034,ESTIMATED,,2688,27,2634,2000,2000,1900,outcome_stratified_patient_group_cluster,20260710,314394549,0.18872273853834934
surgery_P3_score_MEWS,surgery,P3,score_MEWS,,overall,surgery,validation_2024,score_component_available_subset_of_current_cohort,2712,8dedb1b75c54dae35cf87aa04927583eed9f65d09c4b831ff52271b9631e3ab5,Brier,0.11327714585889719,0.10862155391109234,0.11834085087122881,ESTIMATED,,2688,27,2634,2000,2000,1900,outcome_stratified_patient_group_cluster,20260710,314394549,0.11327714585889719
surgery_P3_score_REMS,surgery,P3,score_REMS,,overall,surgery,validation_2024,score_component_available_subset_of_current_cohort,2712,f074c5b3e5fecbad2bda6d40a37266894ce5f406c4a9f16082cc7e7390303d38,AUROC,0.8126418465401517,0.7041179797639844,0.9090333875131777,ESTIMATED,,2328,27,2282,2000,2000,1900,outcome_stratified_patient_group_cluster,20260710,3596032166,0.8126418465401517
surgery_P3_score_REMS,surgery,P3,score_REMS,,overall,surgery,validation_2024,score_component_available_subset_of_current_cohort,2712,f074c5b3e5fecbad2bda6d40a37266894ce5f406c4a9f16082cc7e7390303d38,AUPRC,0.3083188528295031,0.15882911421091128,0.48963124124629515,ESTIMATED,,2328,27,2282,2000,2000,1900,outcome_stratified_patient_group_cluster,20260710,3596032166,0.3083188528295031
surgery_P3_score_REMS,surgery,P3,score_REMS,,overall,surgery,validation_2024,score_component_available_subset_of_current_cohort,2712,f074c5b3e5fecbad2bda6d40a37266894ce5f406c4a9f16082cc7e7390303d38,Brier,0.12697666965529644,0.12081056223696311,0.13315241097059705,ESTIMATED,,2328,27,2282,2000,2000,1900,outcome_stratified_patient_group_cluster,20260710,3596032166,0.12697666965529644
surgery_P3_score_RTS,surgery,P3,score_RTS,,overall,surgery,validation_2024,score_component_available_subset_of_current_cohort,2712,a72050445859f1563b9ab073ae1060c07809e77c9c051d75fbcea6cf08d9391a,AUROC,0.8115370161593385,0.7070174873418321,0.9133398700991641,ESTIMATED,,2688,27,2634,2000,2000,1900,outcome_stratified_patient_group_cluster,20260710,2952983090,0.8115370161593385
surgery_P3_score_RTS,surgery,P3,score_RTS,,overall,surgery,validation_2024,score_component_available_subset_of_current_cohort,2712,a72050445859f1563b9ab073ae1060c07809e77c9c051d75fbcea6cf08d9391a,AUPRC,0.5556822303294078,0.37039294274716555,0.7432802114769845,ESTIMATED,,2688,27,2634,2000,2000,1900,outcome_stratified_patient_group_cluster,20260710,2952983090,0.5556822303294078
surgery_P3_score_RTS,surgery,P3,score_RTS,,overall,surgery,validation_2024,score_component_available_subset_of_current_cohort,2712,a72050445859f1563b9ab073ae1060c07809e77c9c051d75fbcea6cf08d9391a,Brier,0.14173394511437973,0.13897780305417612,0.14447679898553134,ESTIMATED,,2688,27,2634,2000,2000,1900,outcome_stratified_patient_group_cluster,20260710,2952983090,0.14173394511437973
surgery_P3_score_rSI_GCS_alias,surgery,P3,score_rSI_GCS_alias,score_rSIG,overall,surgery,validation_2024,score_component_available_subset_of_current_cohort,2712,a72050445859f1563b9ab073ae1060c07809e77c9c051d75fbcea6cf08d9391a,AUROC,0.8228179325511156,0.7250882000223114,0.9080122200826061,ESTIMATED,,2688,27,2634,2000,2000,1900,outcome_stratified_patient_group_cluster,20260710,2711387633,0.8228179325511156
surgery_P3_score_rSI_GCS_alias,surgery,P3,score_rSI_GCS_alias,score_rSIG,overall,surgery,validation_2024,score_component_available_subset_of_current_cohort,2712,a72050445859f1563b9ab073ae1060c07809e77c9c051d75fbcea6cf08d9391a,AUPRC,0.45429605420419783,0.2660824096688789,0.6416658684095602,ESTIMATED,,2688,27,2634,2000,2000,1900,outcome_stratified_patient_group_cluster,20260710,2711387633,0.45429605420419783
surgery_P3_score_rSI_GCS_alias,surgery,P3,score_rSI_GCS_alias,score_rSIG,overall,surgery,validation_2024,score_component_available_subset_of_current_cohort,2712,a72050445859f1563b9ab073ae1060c07809e77c9c051d75fbcea6cf08d9391a,Brier,0.17627996918787336,0.17195366402279122,0.18069427302361535,ESTIMATED,,2688,27,2634,2000,2000,1900,outcome_stratified_patient_group_cluster,20260710,2711387633,0.17627996918787336
surgery_P3_knn_classifier,surgery,P3,knn_classifier,,surgery,surgery,validation_2024,exact_current_cohort,2712,6af3fa1ceb5e20a24ee260bad7ba0bf2553730e01405fb0aa4916e71f7f0c8a0,AUROC,0.878399020522388,0.7947508398656215,0.9471812164611292,ESTIMATED,,2712,32,2657,2000,2000,1900,outcome_stratified_patient_group_cluster,20260710,2882945257,0.878399020522388
surgery_P3_knn_classifier,surgery,P3,knn_classifier,,surgery,surgery,validation_2024,exact_current_cohort,2712,6af3fa1ceb5e20a24ee260bad7ba0bf2553730e01405fb0aa4916e71f7f0c8a0,AUPRC,0.6519353034071304,0.48935753111897856,0.7974222443517219,ESTIMATED,,2712,32,2657,2000,2000,1900,outcome_stratified_patient_group_cluster,20260710,2882945257,0.6519353034071304
surgery_P3_knn_classifier,surgery,P3,knn_classifier,,surgery,surgery,validation_2024,exact_current_cohort,2712,6af3fa1ceb5e20a24ee260bad7ba0bf2553730e01405fb0aa4916e71f7f0c8a0,Brier,0.007537558677283878,0.006371317347443156,0.008792497841109614,ESTIMATED,,2712,32,2657,2000,2000,1900,outcome_stratified_patient_group_cluster,20260710,2882945257,0.007537558677283878
surgery_S1_decision_tree,surgery,S1,decision_tree,,overall,surgery,validation_2024,exact_current_cohort,2712,6af3fa1ceb5e20a24ee260bad7ba0bf2553730e01405fb0aa4916e71f7f0c8a0,AUROC,0.8445050747571756,0.7050780283340372,0.9542427334423469,ESTIMATED,,2712,17,2657,2000,2000,1900,outcome_stratified_patient_group_cluster,20260710,955836307,0.8445050747571756
surgery_S1_decision_tree,surgery,S1,decision_tree,,overall,surgery,validation_2024,exact_current_cohort,2712,6af3fa1ceb5e20a24ee260bad7ba0bf2553730e01405fb0aa4916e71f7f0c8a0,AUPRC,0.2501465694094839,0.08395868316932023,0.496801494429471,ESTIMATED,,2712,17,2657,2000,2000,1900,outcome_stratified_patient_group_cluster,20260710,955836307,0.2501465694094839
surgery_S1_decision_tree,surgery,S1,decision_tree,,overall,surgery,validation_2024,exact_current_cohort,2712,6af3fa1ceb5e20a24ee260bad7ba0bf2553730e01405fb0aa4916e71f7f0c8a0,Brier,0.05199313249771683,0.04603720862665012,0.057658986246112875,ESTIMATED,,2712,17,2657,2000,2000,1900,outcome_stratified_patient_group_cluster,20260710,955836307,0.05199313249771683
surgery_S1_random_forest,surgery,S1,random_forest,,overall,surgery,validation_2024,exact_current_cohort,2712,6af3fa1ceb5e20a24ee260bad7ba0bf2553730e01405fb0aa4916e71f7f0c8a0,AUROC,0.9666484775728473,0.9403639220274269,0.9889217312617334,ESTIMATED,,2712,17,2657,2000,2000,1900,outcome_stratified_patient_group_cluster,20260710,1940162503,0.9666484775728473
surgery_S1_random_forest,surgery,S1,random_forest,,overall,surgery,validation_2024,exact_current_cohort,2712,6af3fa1ceb5e20a24ee260bad7ba0bf2553730e01405fb0aa4916e71f7f0c8a0,AUPRC,0.41982470276598494,0.21424499772277605,0.6437715695424013,ESTIMATED,,2712,17,2657,2000,2000,1900,outcome_stratified_patient_group_cluster,20260710,1940162503,0.41982470276598494
surgery_S1_random_forest,surgery,S1,random_forest,,overall,surgery,validation_2024,exact_current_cohort,2712,6af3fa1ceb5e20a24ee260bad7ba0bf2553730e01405fb0aa4916e71f7f0c8a0,Brier,0.008305226637606944,0.006686762903703979,0.010019497832671613,ESTIMATED,,2712,17,2657,2000,2000,1900,outcome_stratified_patient_group_cluster,20260710,1940162503,0.008305226637606944
surgery_S1_balanced_random_forest,surgery,S1,balanced_random_forest,,overall,surgery,validation_2024,exact_current_cohort,2712,6af3fa1ceb5e20a24ee260bad7ba0bf2553730e01405fb0aa4916e71f7f0c8a0,AUROC,0.9487504092546108,0.9061833408199359,0.9833288897246678,ESTIMATED,,2712,17,2657,2000,2000,1900,outcome_stratified_patient_group_cluster,20260710,3138632323,0.9487504092546108
surgery_S1_balanced_random_forest,surgery,S1,balanced_random_forest,,overall,surgery,validation_2024,exact_current_cohort,2712,6af3fa1ceb5e20a24ee260bad7ba0bf2553730e01405fb0aa4916e71f7f0c8a0,AUPRC,0.340587585254097,0.15815463149635228,0.562166656025866,ESTIMATED,,2712,17,2657,2000,2000,1900,outcome_stratified_patient_group_cluster,20260710,3138632323,0.340587585254097
surgery_S1_balanced_random_forest,surgery,S1,balanced_random_forest,,overall,surgery,validation_2024,exact_current_cohort,2712,6af3fa1ceb5e20a24ee260bad7ba0bf2553730e01405fb0aa4916e71f7f0c8a0,Brier,0.04196775640512201,0.038456332659593785,0.04573425352046408,ESTIMATED,,2712,17,2657,2000,2000,1900,outcome_stratified_patient_group_cluster,20260710,3138632323,0.04196775640512201
surgery_S1_svm_rbf,surgery,S1,svm_rbf,,overall,surgery,validation_2024,exact_current_cohort,2712,6af3fa1ceb5e20a24ee260bad7ba0bf2553730e01405fb0aa4916e71f7f0c8a0,AUROC,0.9033504310815235,0.8310853801495462,0.9602332193260114,ESTIMATED,,2712,17,2657,2000,2000,1900,outcome_stratified_patient_group_cluster,20260710,3050794252,0.9033504310815235
surgery_S1_svm_rbf,surgery,S1,svm_rbf,,overall,surgery,validation_2024,exact_current_cohort,2712,6af3fa1ceb5e20a24ee260bad7ba0bf2553730e01405fb0aa4916e71f7f0c8a0,AUPRC,0.0620184602731579,0.03928876528130163,0.13352234683735628,ESTIMATED,,2712,17,2657,2000,2000,1900,outcome_stratified_patient_group_cluster,20260710,3050794252,0.0620184602731579
surgery_S1_svm_rbf,surgery,S1,svm_rbf,,overall,surgery,validation_2024,exact_current_cohort,2712,6af3fa1ceb5e20a24ee260bad7ba0bf2553730e01405fb0aa4916e71f7f0c8a0,Brier,0.00613703273231479,0.006025608453691593,0.006234772294785279,ESTIMATED,,2712,17,2657,2000,2000,1900,outcome_stratified_patient_group_cluster,20260710,3050794252,0.00613703273231479
surgery_S1_logistic_l1,surgery,S1,logistic_l1,,overall,surgery,validation_2024,exact_current_cohort,2712,6af3fa1ceb5e20a24ee260bad7ba0bf2553730e01405fb0aa4916e71f7f0c8a0,AUROC,0.7433373349339736,0.6140336909093529,0.8748463442757733,ESTIMATED,,2712,17,2657,2000,2000,1900,outcome_stratified_patient_group_cluster,20260710,4056386992,0.7433373349339736
surgery_S1_logistic_l1,surgery,S1,logistic_l1,,overall,surgery,validation_2024,exact_current_cohort,2712,6af3fa1ceb5e20a24ee260bad7ba0bf2553730e01405fb0aa4916e71f7f0c8a0,AUPRC,0.2438097821416122,0.07801042978241621,0.47598127222849224,ESTIMATED,,2712,17,2657,2000,2000,1900,outcome_stratified_patient_group_cluster,20260710,4056386992,0.2438097821416122
surgery_S1_logistic_l1,surgery,S1,logistic_l1,,overall,surgery,validation_2024,exact_current_cohort,2712,6af3fa1ceb5e20a24ee260bad7ba0bf2553730e01405fb0aa4916e71f7f0c8a0,Brier,0.02171696220437457,0.01790980555582888,0.02559542272831492,ESTIMATED,,2712,17,2657,2000,2000,1900,outcome_stratified_patient_group_cluster,20260710,4056386992,0.02171696220437457
surgery_S1_logistic_l2,surgery,S1,logistic_l2,,overall,surgery,validation_2024,exact_current_cohort,2712,6af3fa1ceb5e20a24ee260bad7ba0bf2553730e01405fb0aa4916e71f7f0c8a0,AUROC,0.7134126377823857,0.5591265089508265,0.8593549100604524,ESTIMATED,,2712,17,2657,2000,2000,1900,outcome_stratified_patient_group_cluster,20260710,653504219,0.7134126377823857
surgery_S1_logistic_l2,surgery,S1,logistic_l2,,overall,surgery,validation_2024,exact_current_cohort,2712,6af3fa1ceb5e20a24ee260bad7ba0bf2553730e01405fb0aa4916e71f7f0c8a0,AUPRC,0.24243662988724746,0.07076589335812385,0.4810302765699803,ESTIMATED,,2712,17,2657,2000,2000,1900,outcome_stratified_patient_group_cluster,20260710,653504219,0.24243662988724746
surgery_S1_logistic_l2,surgery,S1,logistic_l2,,overall,surgery,validation_2024,exact_current_cohort,2712,6af3fa1ceb5e20a24ee260bad7ba0bf2553730e01405fb0aa4916e71f7f0c8a0,Brier,0.02186358139370163,0.018129468288364214,0.025823734770314993,ESTIMATED,,2712,17,2657,2000,2000,1900,outcome_stratified_patient_group_cluster,20260710,653504219,0.02186358139370163
surgery_S1_score_NEWS2,surgery,S1,score_NEWS2,,overall,surgery,validation_2024,score_component_available_subset_of_current_cohort,2712,84d367bc0edcbc976197746cebb79a38c3db623cccfbedef30d11c68363d281f,AUROC,0.6232876712328768,0.3026712328767123,0.9219520547945204,ESTIMATED,,78,5,78,2000,2000,1900,outcome_stratified_patient_group_cluster,20260710,465966927,0.6232876712328768
surgery_S1_score_NEWS2,surgery,S1,score_NEWS2,,overall,surgery,validation_2024,score_component_available_subset_of_current_cohort,2712,84d367bc0edcbc976197746cebb79a38c3db623cccfbedef30d11c68363d281f,AUPRC,0.2942684766214178,0.06476605023280214,0.6699633699633699,ESTIMATED,,78,5,78,2000,2000,1900,outcome_stratified_patient_group_cluster,20260710,465966927,0.2942684766214178
surgery_S1_score_NEWS2,surgery,S1,score_NEWS2,,overall,surgery,validation_2024,score_component_available_subset_of_current_cohort,2712,84d367bc0edcbc976197746cebb79a38c3db623cccfbedef30d11c68363d281f,Brier,0.1888812064223555,0.15540238207888407,0.22364956166503777,ESTIMATED,,78,5,78,2000,2000,1900,outcome_stratified_patient_group_cluster,20260710,465966927,0.1888812064223555
surgery_S1_score_rSIG,surgery,S1,score_rSIG,,overall,surgery,validation_2024,score_component_available_subset_of_current_cohort,2712,a72050445859f1563b9ab073ae1060c07809e77c9c051d75fbcea6cf08d9391a,AUROC,0.5793315907393577,0.3238317322077165,0.8264873254334162,ESTIMATED,,2688,10,2634,2000,2000,1900,outcome_stratified_patient_group_cluster,20260710,2390412147,0.5793315907393577
surgery_S1_score_rSIG,surgery,S1,score_rSIG,,overall,surgery,validation_2024,score_component_available_subset_of_current_cohort,2712,a72050445859f1563b9ab073ae1060c07809e77c9c051d75fbcea6cf08d9391a,AUPRC,0.07242168227665942,0.005603556252226778,0.2972220489058254,ESTIMATED,,2688,10,2634,2000,2000,1900,outcome_stratified_patient_group_cluster,20260710,2390412147,0.07242168227665942
surgery_S1_score_rSIG,surgery,S1,score_rSIG,,overall,surgery,validation_2024,score_component_available_subset_of_current_cohort,2712,a72050445859f1563b9ab073ae1060c07809e77c9c051d75fbcea6cf08d9391a,Brier,0.1501439127370276,0.14510560877438705,0.1553391765913069,ESTIMATED,,2688,10,2634,2000,2000,1900,outcome_stratified_patient_group_cluster,20260710,2390412147,0.1501439127370276
surgery_S1_score_rSIG_Age,surgery,S1,score_rSIG_Age,,overall,surgery,validation_2024,score_component_available_subset_of_current_cohort,2712,bc44d553aab8a61e7e305401570a342a68f7150af14b7f845adccc94316ce1e2,AUROC,0.8020934579439253,0.653586161128869,0.9308575971407598,ESTIMATED,,2685,10,2631,2000,2000,1900,outcome_stratified_patient_group_cluster,20260710,2420485085,0.8020934579439253
surgery_S1_score_rSIG_Age,surgery,S1,score_rSIG_Age,,overall,surgery,validation_2024,score_component_available_subset_of_current_cohort,2712,bc44d553aab8a61e7e305401570a342a68f7150af14b7f845adccc94316ce1e2,AUPRC,0.06650650106391946,0.01202582466214346,0.2924769180887599,ESTIMATED,,2685,10,2631,2000,2000,1900,outcome_stratified_patient_group_cluster,20260710,2420485085,0.06650650106391946
surgery_S1_score_rSIG_Age,surgery,S1,score_rSIG_Age,,overall,surgery,validation_2024,score_component_available_subset_of_current_cohort,2712,bc44d553aab8a61e7e305401570a342a68f7150af14b7f845adccc94316ce1e2,Brier,0.1046726526910479,0.09831512225049789,0.11075049265200101,ESTIMATED,,2685,10,2631,2000,2000,1900,outcome_stratified_patient_group_cluster,20260710,2420485085,0.1046726526910479
surgery_S1_score_SIA_G,surgery,S1,score_SIA_G,,overall,surgery,validation_2024,score_component_available_subset_of_current_cohort,2712,bc44d553aab8a61e7e305401570a342a68f7150af14b7f845adccc94316ce1e2,AUROC,0.8020934579439252,0.655893585436896,0.9304113241126939,ESTIMATED,,2685,10,2631,2000,2000,1900,outcome_stratified_patient_group_cluster,20260710,1847194278,0.8020934579439252
surgery_S1_score_SIA_G,surgery,S1,score_SIA_G,,overall,surgery,validation_2024,score_component_available_subset_of_current_cohort,2712,bc44d553aab8a61e7e305401570a342a68f7150af14b7f845adccc94316ce1e2,AUPRC,0.06650650106391946,0.011593304094926142,0.28525558332127704,ESTIMATED,,2685,10,2631,2000,2000,1900,outcome_stratified_patient_group_cluster,20260710,1847194278,0.06650650106391946
surgery_S1_score_SIA_G,surgery,S1,score_SIA_G,,overall,surgery,validation_2024,score_component_available_subset_of_current_cohort,2712,bc44d553aab8a61e7e305401570a342a68f7150af14b7f845adccc94316ce1e2,Brier,0.09698892466958689,0.09360794437479007,0.10072439861429074,ESTIMATED,,2685,10,2631,2000,2000,1900,outcome_stratified_patient_group_cluster,20260710,1847194278,0.09698892466958689
surgery_S1_score_SI_G,surgery,S1,score_SI_G,,overall,surgery,validation_2024,score_component_available_subset_of_current_cohort,2712,a72050445859f1563b9ab073ae1060c07809e77c9c051d75fbcea6cf08d9391a,AUROC,0.5791635548917102,0.32415427877529307,0.8247235173843916,ESTIMATED,,2688,10,2634,2000,2000,1900,outcome_stratified_patient_group_cluster,20260710,1991423137,0.5791635548917102
surgery_S1_score_SI_G,surgery,S1,score_SI_G,,overall,surgery,validation_2024,score_component_available_subset_of_current_cohort,2712,a72050445859f1563b9ab073ae1060c07809e77c9c051d75fbcea6cf08d9391a,AUPRC,0.07242168227665942,0.006157401984953294,0.297323860373224,ESTIMATED,,2688,10,2634,2000,2000,1900,outcome_stratified_patient_group_cluster,20260710,1991423137,0.07242168227665942
surgery_S1_score_SI_G,surgery,S1,score_SI_G,,overall,surgery,validation_2024,score_component_available_subset_of_current_cohort,2712,a72050445859f1563b9ab073ae1060c07809e77c9c051d75fbcea6cf08d9391a,Brier,0.1307251520843601,0.12764946304457053,0.13393355564176146,ESTIMATED,,2688,10,2634,2000,2000,1900,outcome_stratified_patient_group_cluster,20260710,1991423137,0.1307251520843601
surgery_S1_score_SI,surgery,S1,score_SI,,overall,surgery,validation_2024,score_component_available_subset_of_current_cohort,2712,709111e83c26297bd9b4808d43e3d5c99c48307bf21995aaa969a763243a810e,AUROC,0.27252706233669277,0.11072189824705464,0.47501205564574556,ESTIMATED,,2689,10,2635,2000,2000,1900,outcome_stratified_patient_group_cluster,20260710,2614945761,0.27252706233669277
surgery_S1_score_SI,surgery,S1,score_SI,,overall,surgery,validation_2024,score_component_available_subset_of_current_cohort,2712,709111e83c26297bd9b4808d43e3d5c99c48307bf21995aaa969a763243a810e,AUPRC,0.10236740479603174,0.0023770521904720307,0.30254252008610844,ESTIMATED,,2689,10,2635,2000,2000,1900,outcome_stratified_patient_group_cluster,20260710,2614945761,0.10236740479603174
surgery_S1_score_SI,surgery,S1,score_SI,,overall,surgery,validation_2024,score_component_available_subset_of_current_cohort,2712,709111e83c26297bd9b4808d43e3d5c99c48307bf21995aaa969a763243a810e,Brier,0.20933406154507464,0.204686947085369,0.21382269197170684,ESTIMATED,,2689,10,2635,2000,2000,1900,outcome_stratified_patient_group_cluster,20260710,2614945761,0.20933406154507464
surgery_S1_score_mSI,surgery,S1,score_mSI,,overall,surgery,validation_2024,score_component_available_subset_of_current_cohort,2712,1b3e771fceb84480288e8cc148b1fb73c596fc45e4e1832dd8babc7bb726070f,AUROC,0.20884197424481782,0.0918693677811937,0.3638135734897095,ESTIMATED,,2330,9,2284,2000,2000,1900,outcome_stratified_patient_group_cluster,20260710,92840750,0.20884197424481782
surgery_S1_score_mSI,surgery,S1,score_mSI,,overall,surgery,validation_2024,score_component_available_subset_of_current_cohort,2712,1b3e771fceb84480288e8cc148b1fb73c596fc45e4e1832dd8babc7bb726070f,AUPRC,0.002525106839980793,0.002456765238521652,0.0038105589857871324,ESTIMATED,,2330,9,2284,2000,2000,1900,outcome_stratified_patient_group_cluster,20260710,92840750,0.002525106839980793
surgery_S1_score_mSI,surgery,S1,score_mSI,,overall,surgery,validation_2024,score_component_available_subset_of_current_cohort,2712,1b3e771fceb84480288e8cc148b1fb73c596fc45e4e1832dd8babc7bb726070f,Brier,0.1904204179441183,0.18707285754260072,0.19372137065161152,ESTIMATED,,2330,9,2284,2000,2000,1900,outcome_stratified_patient_group_cluster,20260710,92840750,0.1904204179441183
surgery_S1_score_aSI,surgery,S1,score_aSI,,overall,surgery,validation_2024,score_component_available_subset_of_current_cohort,2712,dd835c7516c3c5b4ffc28938c2745dedbbf0df4f009d25d9c697c005921f1ae6,AUROC,0.6150037369207773,0.45543981366833297,0.7650597032851645,ESTIMATED,,2686,10,2632,2000,2000,1900,outcome_stratified_patient_group_cluster,20260710,2803696996,0.6150037369207773
surgery_S1_score_aSI,surgery,S1,score_aSI,,overall,surgery,validation_2024,score_component_available_subset_of_current_cohort,2712,dd835c7516c3c5b4ffc28938c2745dedbbf0df4f009d25d9c697c005921f1ae6,AUPRC,0.1049966983344357,0.003960543904966886,0.3063025389337087,ESTIMATED,,2686,10,2632,2000,2000,1900,outcome_stratified_patient_group_cluster,20260710,2803696996,0.1049966983344357
surgery_S1_score_aSI,surgery,S1,score_aSI,,overall,surgery,validation_2024,score_component_available_subset_of_current_cohort,2712,dd835c7516c3c5b4ffc28938c2745dedbbf0df4f009d25d9c697c005921f1ae6,Brier,0.13664714276028908,0.1305094554995225,0.1433470045479523,ESTIMATED,,2686,10,2632,2000,2000,1900,outcome_stratified_patient_group_cluster,20260710,2803696996,0.13664714276028908
surgery_S1_score_rSI,surgery,S1,score_rSI,,overall,surgery,validation_2024,score_component_available_subset_of_current_cohort,2712,709111e83c26297bd9b4808d43e3d5c99c48307bf21995aaa969a763243a810e,AUROC,0.27252706233669277,0.11447272530432824,0.4751707229635364,ESTIMATED,,2689,10,2635,2000,2000,1900,outcome_stratified_patient_group_cluster,20260710,3704894791,0.27252706233669277
surgery_S1_score_rSI,surgery,S1,score_rSI,,overall,surgery,validation_2024,score_component_available_subset_of_current_cohort,2712,709111e83c26297bd9b4808d43e3d5c99c48307bf21995aaa969a763243a810e,AUPRC,0.10236740479603174,0.0023751081890613377,0.30250290852695844,ESTIMATED,,2689,10,2635,2000,2000,1900,outcome_stratified_patient_group_cluster,20260710,3704894791,0.10236740479603174
surgery_S1_score_rSI,surgery,S1,score_rSI,,overall,surgery,validation_2024,score_component_available_subset_of_current_cohort,2712,709111e83c26297bd9b4808d43e3d5c99c48307bf21995aaa969a763243a810e,Brier,0.22778478040376945,0.2243039964728962,0.23152405979926613,ESTIMATED,,2689,10,2635,2000,2000,1900,outcome_stratified_patient_group_cluster,20260710,3704894791,0.22778478040376945
surgery_S1_score_rSI_sMS,surgery,S1,score_rSI_sMS,,overall,surgery,validation_2024,score_component_available_subset_of_current_cohort,2712,a72050445859f1563b9ab073ae1060c07809e77c9c051d75fbcea6cf08d9391a,AUROC,0.6030619865571322,0.3596167391562041,0.8391844737365386,ESTIMATED,,2688,10,2634,2000,2000,1900,outcome_stratified_patient_group_cluster,20260710,4229545822,0.6030619865571322
surgery_S1_score_rSI_sMS,surgery,S1,score_rSI_sMS,,overall,surgery,validation_2024,score_component_available_subset_of_current_cohort,2712,a72050445859f1563b9ab073ae1060c07809e77c9c051d75fbcea6cf08d9391a,AUPRC,0.057596918597799696,0.008011426242873907,0.2732980965975872,ESTIMATED,,2688,10,2634,2000,2000,1900,outcome_stratified_patient_group_cluster,20260710,4229545822,0.057596918597799696
surgery_S1_score_rSI_sMS,surgery,S1,score_rSI_sMS,,overall,surgery,validation_2024,score_component_available_subset_of_current_cohort,2712,a72050445859f1563b9ab073ae1060c07809e77c9c051d75fbcea6cf08d9391a,Brier,0.14819970173370936,0.14290741820356506,0.15320224747615233,ESTIMATED,,2688,10,2634,2000,2000,1900,outcome_stratified_patient_group_cluster,20260710,4229545822,0.14819970173370936
surgery_S1_score_rSI_GCSM,surgery,S1,score_rSI_GCSM,,overall,surgery,validation_2024,score_component_available_subset_of_current_cohort,2712,a72050445859f1563b9ab073ae1060c07809e77c9c051d75fbcea6cf08d9391a,AUROC,0.5128267363704258,0.2913479472128449,0.7432387990378267,ESTIMATED,,2688,10,2634,2000,2000,1900,outcome_stratified_patient_group_cluster,20260710,1569107853,0.5128267363704258
surgery_S1_score_rSI_GCSM,surgery,S1,score_rSI_GCSM,,overall,surgery,validation_2024,score_component_available_subset_of_current_cohort,2712,a72050445859f1563b9ab073ae1060c07809e77c9c051d75fbcea6cf08d9391a,AUPRC,0.040583454914033174,0.006742084283064154,0.17573404807198087,ESTIMATED,,2688,10,2634,2000,2000,1900,outcome_stratified_patient_group_cluster,20260710,1569107853,0.040583454914033174
surgery_S1_score_rSI_GCSM,surgery,S1,score_rSI_GCSM,,overall,surgery,validation_2024,score_component_available_subset_of_current_cohort,2712,a72050445859f1563b9ab073ae1060c07809e77c9c051d75fbcea6cf08d9391a,Brier,0.158725510499905,0.15405738320413231,0.16368723886683412,ESTIMATED,,2688,10,2634,2000,2000,1900,outcome_stratified_patient_group_cluster,20260710,1569107853,0.158725510499905
surgery_S1_score_SIAVPU,surgery,S1,score_SIAVPU,,overall,surgery,validation_2024,score_component_available_subset_of_current_cohort,2712,709111e83c26297bd9b4808d43e3d5c99c48307bf21995aaa969a763243a810e,AUROC,0.7744307577454274,0.5491657041679614,0.933808077203235,ESTIMATED,,2689,10,2635,2000,2000,1900,outcome_stratified_patient_group_cluster,20260710,721009313,0.7744307577454274
surgery_S1_score_SIAVPU,surgery,S1,score_SIAVPU,,overall,surgery,validation_2024,score_component_available_subset_of_current_cohort,2712,709111e83c26297bd9b4808d43e3d5c99c48307bf21995aaa969a763243a810e,AUPRC,0.06638733956839137,0.016309054342207283,0.24157587505481506,ESTIMATED,,2689,10,2635,2000,2000,1900,outcome_stratified_patient_group_cluster,20260710,721009313,0.06638733956839137
surgery_S1_score_SIAVPU,surgery,S1,score_SIAVPU,,overall,surgery,validation_2024,score_component_available_subset_of_current_cohort,2712,709111e83c26297bd9b4808d43e3d5c99c48307bf21995aaa969a763243a810e,Brier,0.24757715454221002,0.24702231296892677,0.24815179526426623,ESTIMATED,,2689,10,2635,2000,2000,1900,outcome_stratified_patient_group_cluster,20260710,721009313,0.24757715454221002
surgery_S1_score_sMS,surgery,S1,score_sMS,,overall,surgery,validation_2024,score_component_available_subset_of_current_cohort,2712,506ace5309488640c63affda4c1d7df0d69c35b60cc99b5292cb85c6d83838ac,AUROC,0.7976388809099787,0.6792568810709717,0.9153302221243124,ESTIMATED,,2691,13,2637,2000,2000,1900,outcome_stratified_patient_group_cluster,20260710,253757948,0.7976388809099787
surgery_S1_score_sMS,surgery,S1,score_sMS,,overall,surgery,validation_2024,score_component_available_subset_of_current_cohort,2712,506ace5309488640c63affda4c1d7df0d69c35b60cc99b5292cb85c6d83838ac,AUPRC,0.08917489515315603,0.03056623653197218,0.18503287713736122,ESTIMATED,,2691,13,2637,2000,2000,1900,outcome_stratified_patient_group_cluster,20260710,253757948,0.08917489515315603
surgery_S1_score_sMS,surgery,S1,score_sMS,,overall,surgery,validation_2024,score_component_available_subset_of_current_cohort,2712,506ace5309488640c63affda4c1d7df0d69c35b60cc99b5292cb85c6d83838ac,Brier,0.12257354222453878,0.11922545900952079,0.12614305702363848,ESTIMATED,,2691,13,2637,2000,2000,1900,outcome_stratified_patient_group_cluster,20260710,253757948,0.12257354222453878
surgery_S1_score_qSOFA,surgery,S1,score_qSOFA,,overall,surgery,validation_2024,score_component_available_subset_of_current_cohort,2712,709111e83c26297bd9b4808d43e3d5c99c48307bf21995aaa969a763243a810e,AUROC,0.6539567002612915,0.4961346561785887,0.8125842979445149,ESTIMATED,,2689,10,2635,2000,2000,1900,outcome_stratified_patient_group_cluster,20260710,3218514470,0.6539567002612915
surgery_S1_score_qSOFA,surgery,S1,score_qSOFA,,overall,surgery,validation_2024,score_component_available_subset_of_current_cohort,2712,709111e83c26297bd9b4808d43e3d5c99c48307bf21995aaa969a763243a810e,AUPRC,0.025411825164953994,0.003701541430402372,0.16518204117831514,ESTIMATED,,2689,10,2635,2000,2000,1900,outcome_stratified_patient_group_cluster,20260710,3218514470,0.025411825164953994
surgery_S1_score_qSOFA,surgery,S1,score_qSOFA,,overall,surgery,validation_2024,score_component_available_subset_of_current_cohort,2712,709111e83c26297bd9b4808d43e3d5c99c48307bf21995aaa969a763243a810e,Brier,0.12355875653362672,0.1180855713735935,0.12939828590291394,ESTIMATED,,2689,10,2635,2000,2000,1900,outcome_stratified_patient_group_cluster,20260710,3218514470,0.12355875653362672
surgery_S1_score_MEWS,surgery,S1,score_MEWS,,overall,surgery,validation_2024,score_component_available_subset_of_current_cohort,2712,8dedb1b75c54dae35cf87aa04927583eed9f65d09c4b831ff52271b9631e3ab5,AUROC,0.6939880507841673,0.5166001107567485,0.8763765834953775,ESTIMATED,,2688,10,2634,2000,2000,1900,outcome_stratified_patient_group_cluster,20260710,2118876987,0.6939880507841673
surgery_S1_score_MEWS,surgery,S1,score_MEWS,,overall,surgery,validation_2024,score_component_available_subset_of_current_cohort,2712,8dedb1b75c54dae35cf87aa04927583eed9f65d09c4b831ff52271b9631e3ab5,AUPRC,0.059736084420042496,0.008389710574230708,0.270395645141848,ESTIMATED,,2688,10,2634,2000,2000,1900,outcome_stratified_patient_group_cluster,20260710,2118876987,0.059736084420042496
surgery_S1_score_MEWS,surgery,S1,score_MEWS,,overall,surgery,validation_2024,score_component_available_subset_of_current_cohort,2712,8dedb1b75c54dae35cf87aa04927583eed9f65d09c4b831ff52271b9631e3ab5,Brier,0.11605143475556756,0.11123249991253428,0.12113983984174799,ESTIMATED,,2688,10,2634,2000,2000,1900,outcome_stratified_patient_group_cluster,20260710,2118876987,0.11605143475556756
surgery_S1_score_REMS,surgery,S1,score_REMS,,overall,surgery,validation_2024,score_component_available_subset_of_current_cohort,2712,f074c5b3e5fecbad2bda6d40a37266894ce5f406c4a9f16082cc7e7390303d38,AUROC,0.8636145848306263,0.7355502283340855,0.9635281953784701,ESTIMATED,,2328,9,2282,2000,2000,1900,outcome_stratified_patient_group_cluster,20260710,3176626002,0.8636145848306263
surgery_S1_score_REMS,surgery,S1,score_REMS,,overall,surgery,validation_2024,score_component_available_subset_of_current_cohort,2712,f074c5b3e5fecbad2bda6d40a37266894ce5f406c4a9f16082cc7e7390303d38,AUPRC,0.06563666630806042,0.01695688961630851,0.26755884496622123,ESTIMATED,,2328,9,2282,2000,2000,1900,outcome_stratified_patient_group_cluster,20260710,3176626002,0.06563666630806042
surgery_S1_score_REMS,surgery,S1,score_REMS,,overall,surgery,validation_2024,score_component_available_subset_of_current_cohort,2712,f074c5b3e5fecbad2bda6d40a37266894ce5f406c4a9f16082cc7e7390303d38,Brier,0.11627047599793765,0.11017990730494667,0.12260840135795562,ESTIMATED,,2328,9,2282,2000,2000,1900,outcome_stratified_patient_group_cluster,20260710,3176626002,0.11627047599793765
surgery_S1_score_RTS,surgery,S1,score_RTS,,overall,surgery,validation_2024,score_component_available_subset_of_current_cohort,2712,a72050445859f1563b9ab073ae1060c07809e77c9c051d75fbcea6cf08d9391a,AUROC,0.7140776699029125,0.544775309758726,0.8820064220531998,ESTIMATED,,2688,10,2634,2000,2000,1900,outcome_stratified_patient_group_cluster,20260710,192642252,0.7140776699029125
surgery_S1_score_RTS,surgery,S1,score_RTS,,overall,surgery,validation_2024,score_component_available_subset_of_current_cohort,2712,a72050445859f1563b9ab073ae1060c07809e77c9c051d75fbcea6cf08d9391a,AUPRC,0.06792627669347308,0.013795557072329474,0.2118417735821715,ESTIMATED,,2688,10,2634,2000,2000,1900,outcome_stratified_patient_group_cluster,20260710,192642252,0.06792627669347308
surgery_S1_score_RTS,surgery,S1,score_RTS,,overall,surgery,validation_2024,score_component_available_subset_of_current_cohort,2712,a72050445859f1563b9ab073ae1060c07809e77c9c051d75fbcea6cf08d9391a,Brier,0.13166640330545767,0.1281514401662117,0.13534361797115083,ESTIMATED,,2688,10,2634,2000,2000,1900,outcome_stratified_patient_group_cluster,20260710,192642252,0.13166640330545767
surgery_S1_score_rSI_GCS_alias,surgery,S1,score_rSI_GCS_alias,score_rSIG,overall,surgery,validation_2024,score_component_available_subset_of_current_cohort,2712,a72050445859f1563b9ab073ae1060c07809e77c9c051d75fbcea6cf08d9391a,AUROC,0.5793315907393577,0.3238317322077165,0.8264873254334162,ESTIMATED,,2688,10,2634,2000,2000,1900,outcome_stratified_patient_group_cluster,20260710,2390412147,0.5793315907393577
surgery_S1_score_rSI_GCS_alias,surgery,S1,score_rSI_GCS_alias,score_rSIG,overall,surgery,validation_2024,score_component_available_subset_of_current_cohort,2712,a72050445859f1563b9ab073ae1060c07809e77c9c051d75fbcea6cf08d9391a,AUPRC,0.07242168227665942,0.005603556252226778,0.2972220489058254,ESTIMATED,,2688,10,2634,2000,2000,1900,outcome_stratified_patient_group_cluster,20260710,2390412147,0.07242168227665942
surgery_S1_score_rSI_GCS_alias,surgery,S1,score_rSI_GCS_alias,score_rSIG,overall,surgery,validation_2024,score_component_available_subset_of_current_cohort,2712,a72050445859f1563b9ab073ae1060c07809e77c9c051d75fbcea6cf08d9391a,Brier,0.1501439127370276,0.14510560877438705,0.1553391765913069,ESTIMATED,,2688,10,2634,2000,2000,1900,outcome_stratified_patient_group_cluster,20260710,2390412147,0.1501439127370276
surgery_S1_knn_classifier,surgery,S1,knn_classifier,,surgery,surgery,validation_2024,exact_current_cohort,2712,6af3fa1ceb5e20a24ee260bad7ba0bf2553730e01405fb0aa4916e71f7f0c8a0,AUROC,0.8019425952199061,0.675610276509106,0.9218738175711813,ESTIMATED,,2712,17,2657,2000,2000,1900,outcome_stratified_patient_group_cluster,20260710,3010227546,0.8019425952199061
surgery_S1_knn_classifier,surgery,S1,knn_classifier,,surgery,surgery,validation_2024,exact_current_cohort,2712,6af3fa1ceb5e20a24ee260bad7ba0bf2553730e01405fb0aa4916e71f7f0c8a0,AUPRC,0.2837407037918157,0.11272612155998905,0.5167330672686573,ESTIMATED,,2712,17,2657,2000,2000,1900,outcome_stratified_patient_group_cluster,20260710,3010227546,0.2837407037918157
surgery_S1_knn_classifier,surgery,S1,knn_classifier,,surgery,surgery,validation_2024,exact_current_cohort,2712,6af3fa1ceb5e20a24ee260bad7ba0bf2553730e01405fb0aa4916e71f7f0c8a0,Brier,0.005636168430806866,0.005222359394876149,0.0060053827463569485,ESTIMATED,,2712,17,2657,2000,2000,1900,outcome_stratified_patient_group_cluster,20260710,3010227546,0.005636168430806866
surgery_S2_decision_tree,surgery,S2,decision_tree,,overall,surgery,validation_2024,exact_current_cohort,2712,6af3fa1ceb5e20a24ee260bad7ba0bf2553730e01405fb0aa4916e71f7f0c8a0,AUROC,0.8297603546626983,0.708113139884374,0.926312400997972,ESTIMATED,,2712,24,2657,2000,2000,1900,outcome_stratified_patient_group_cluster,20260710,1083673349,0.8297603546626983
surgery_S2_decision_tree,surgery,S2,decision_tree,,overall,surgery,validation_2024,exact_current_cohort,2712,6af3fa1ceb5e20a24ee260bad7ba0bf2553730e01405fb0aa4916e71f7f0c8a0,AUPRC,0.20106624297220851,0.08218207098954955,0.3825007207834682,ESTIMATED,,2712,24,2657,2000,2000,1900,outcome_stratified_patient_group_cluster,20260710,1083673349,0.20106624297220851
surgery_S2_decision_tree,surgery,S2,decision_tree,,overall,surgery,validation_2024,exact_current_cohort,2712,6af3fa1ceb5e20a24ee260bad7ba0bf2553730e01405fb0aa4916e71f7f0c8a0,Brier,0.04976729471188005,0.04455948343400389,0.05503060165544165,ESTIMATED,,2712,24,2657,2000,2000,1900,outcome_stratified_patient_group_cluster,20260710,1083673349,0.04976729471188005
surgery_S2_random_forest,surgery,S2,random_forest,,overall,surgery,validation_2024,exact_current_cohort,2712,6af3fa1ceb5e20a24ee260bad7ba0bf2553730e01405fb0aa4916e71f7f0c8a0,AUROC,0.9576047867063493,0.9305028437751302,0.9800898958785491,ESTIMATED,,2712,24,2657,2000,2000,1900,outcome_stratified_patient_group_cluster,20260710,576692265,0.9576047867063493
surgery_S2_random_forest,surgery,S2,random_forest,,overall,surgery,validation_2024,exact_current_cohort,2712,6af3fa1ceb5e20a24ee260bad7ba0bf2553730e01405fb0aa4916e71f7f0c8a0,AUPRC,0.3925521744445184,0.23363448823910832,0.5873721002523421,ESTIMATED,,2712,24,2657,2000,2000,1900,outcome_stratified_patient_group_cluster,20260710,576692265,0.3925521744445184
surgery_S2_random_forest,surgery,S2,random_forest,,overall,surgery,validation_2024,exact_current_cohort,2712,6af3fa1ceb5e20a24ee260bad7ba0bf2553730e01405fb0aa4916e71f7f0c8a0,Brier,0.012442546703092751,0.010506730261643303,0.014457806404655172,ESTIMATED,,2712,24,2657,2000,2000,1900,outcome_stratified_patient_group_cluster,20260710,576692265,0.012442546703092751
surgery_S2_balanced_random_forest,surgery,S2,balanced_random_forest,,overall,surgery,validation_2024,exact_current_cohort,2712,6af3fa1ceb5e20a24ee260bad7ba0bf2553730e01405fb0aa4916e71f7f0c8a0,AUROC,0.9467850942460319,0.9121394266633733,0.9771079953771444,ESTIMATED,,2712,24,2657,2000,2000,1900,outcome_stratified_patient_group_cluster,20260710,1994879673,0.9467850942460319
surgery_S2_balanced_random_forest,surgery,S2,balanced_random_forest,,overall,surgery,validation_2024,exact_current_cohort,2712,6af3fa1ceb5e20a24ee260bad7ba0bf2553730e01405fb0aa4916e71f7f0c8a0,AUPRC,0.3180409144428187,0.17697907282219638,0.54389832635201,ESTIMATED,,2712,24,2657,2000,2000,1900,outcome_stratified_patient_group_cluster,20260710,1994879673,0.3180409144428187
surgery_S2_balanced_random_forest,surgery,S2,balanced_random_forest,,overall,surgery,validation_2024,exact_current_cohort,2712,6af3fa1ceb5e20a24ee260bad7ba0bf2553730e01405fb0aa4916e71f7f0c8a0,Brier,0.04124004818096984,0.0376696645602501,0.044992070984427715,ESTIMATED,,2712,24,2657,2000,2000,1900,outcome_stratified_patient_group_cluster,20260710,1994879673,0.04124004818096984
surgery_S2_svm_rbf,surgery,S2,svm_rbf,,overall,surgery,validation_2024,exact_current_cohort,2712,6af3fa1ceb5e20a24ee260bad7ba0bf2553730e01405fb0aa4916e71f7f0c8a0,AUROC,0.9108692956349206,0.8707837639064694,0.9445034388808462,ESTIMATED,,2712,24,2657,2000,2000,1900,outcome_stratified_patient_group_cluster,20260710,1180633166,0.9108692956349206
surgery_S2_svm_rbf,surgery,S2,svm_rbf,,overall,surgery,validation_2024,exact_current_cohort,2712,6af3fa1ceb5e20a24ee260bad7ba0bf2553730e01405fb0aa4916e71f7f0c8a0,AUPRC,0.06258100082231423,0.04583110629725628,0.10067586110263994,ESTIMATED,,2712,24,2657,2000,2000,1900,outcome_stratified_patient_group_cluster,20260710,1180633166,0.06258100082231423
surgery_S2_svm_rbf,surgery,S2,svm_rbf,,overall,surgery,validation_2024,exact_current_cohort,2712,6af3fa1ceb5e20a24ee260bad7ba0bf2553730e01405fb0aa4916e71f7f0c8a0,Brier,0.008787095996370968,0.008573763181055776,0.00905761562154307,ESTIMATED,,2712,24,2657,2000,2000,1900,outcome_stratified_patient_group_cluster,20260710,1180633166,0.008787095996370968
surgery_S2_logistic_l1,surgery,S2,logistic_l1,,overall,surgery,validation_2024,exact_current_cohort,2712,6af3fa1ceb5e20a24ee260bad7ba0bf2553730e01405fb0aa4916e71f7f0c8a0,AUROC,0.8678075396825397,0.7706953411284603,0.9450053895451556,ESTIMATED,,2712,24,2657,2000,2000,1900,outcome_stratified_patient_group_cluster,20260710,1539791235,0.8678075396825397
surgery_S2_logistic_l1,surgery,S2,logistic_l1,,overall,surgery,validation_2024,exact_current_cohort,2712,6af3fa1ceb5e20a24ee260bad7ba0bf2553730e01405fb0aa4916e71f7f0c8a0,AUPRC,0.367549810051556,0.19418607736201218,0.5937596033521221,ESTIMATED,,2712,24,2657,2000,2000,1900,outcome_stratified_patient_group_cluster,20260710,1539791235,0.367549810051556
surgery_S2_logistic_l1,surgery,S2,logistic_l1,,overall,surgery,validation_2024,exact_current_cohort,2712,6af3fa1ceb5e20a24ee260bad7ba0bf2553730e01405fb0aa4916e71f7f0c8a0,Brier,0.025726079656841788,0.021761457233344814,0.02988448153067642,ESTIMATED,,2712,24,2657,2000,2000,1900,outcome_stratified_patient_group_cluster,20260710,1539791235,0.025726079656841788
surgery_S2_logistic_l2,surgery,S2,logistic_l2,,overall,surgery,validation_2024,exact_current_cohort,2712,6af3fa1ceb5e20a24ee260bad7ba0bf2553730e01405fb0aa4916e71f7f0c8a0,AUROC,0.8570653521825398,0.749347144716973,0.9448849839515696,ESTIMATED,,2712,24,2657,2000,2000,1900,outcome_stratified_patient_group_cluster,20260710,1163482184,0.8570653521825398
surgery_S2_logistic_l2,surgery,S2,logistic_l2,,overall,surgery,validation_2024,exact_current_cohort,2712,6af3fa1ceb5e20a24ee260bad7ba0bf2553730e01405fb0aa4916e71f7f0c8a0,AUPRC,0.36311449107892757,0.18537241844578997,0.5686041687640652,ESTIMATED,,2712,24,2657,2000,2000,1900,outcome_stratified_patient_group_cluster,20260710,1163482184,0.36311449107892757
surgery_S2_logistic_l2,surgery,S2,logistic_l2,,overall,surgery,validation_2024,exact_current_cohort,2712,6af3fa1ceb5e20a24ee260bad7ba0bf2553730e01405fb0aa4916e71f7f0c8a0,Brier,0.02556673211067081,0.02154440472426876,0.029582836568316992,ESTIMATED,,2712,24,2657,2000,2000,1900,outcome_stratified_patient_group_cluster,20260710,1163482184,0.02556673211067081
surgery_S2_score_NEWS2,surgery,S2,score_NEWS2,,overall,surgery,validation_2024,score_component_available_subset_of_current_cohort,2712,84d367bc0edcbc976197746cebb79a38c3db623cccfbedef30d11c68363d281f,AUROC,0.6526785714285714,0.4401785714285714,0.8401785714285714,ESTIMATED,,78,8,78,2000,2000,1900,outcome_stratified_patient_group_cluster,20260710,4029511623,0.6526785714285714
surgery_S2_score_NEWS2,surgery,S2,score_NEWS2,,overall,surgery,validation_2024,score_component_available_subset_of_current_cohort,2712,84d367bc0edcbc976197746cebb79a38c3db623cccfbedef30d11c68363d281f,AUPRC,0.27352323555416863,0.11977680417700579,0.5325773327549641,ESTIMATED,,78,8,78,2000,2000,1900,outcome_stratified_patient_group_cluster,20260710,4029511623,0.27352323555416863
surgery_S2_score_NEWS2,surgery,S2,score_NEWS2,,overall,surgery,validation_2024,score_component_available_subset_of_current_cohort,2712,84d367bc0edcbc976197746cebb79a38c3db623cccfbedef30d11c68363d281f,Brier,0.2052080554894094,0.17448902235007235,0.23805348478227945,ESTIMATED,,78,8,78,2000,2000,1900,outcome_stratified_patient_group_cluster,20260710,4029511623,0.2052080554894094
surgery_S2_score_rSIG,surgery,S2,score_rSIG,,overall,surgery,validation_2024,score_component_available_subset_of_current_cohort,2712,a72050445859f1563b9ab073ae1060c07809e77c9c051d75fbcea6cf08d9391a,AUROC,0.6679807078203801,0.4982539284351642,0.8291777404611119,ESTIMATED,,2688,17,2634,2000,2000,1900,outcome_stratified_patient_group_cluster,20260710,3517841501,0.6679807078203801
surgery_S2_score_rSIG,surgery,S2,score_rSIG,,overall,surgery,validation_2024,score_component_available_subset_of_current_cohort,2712,a72050445859f1563b9ab073ae1060c07809e77c9c051d75fbcea6cf08d9391a,AUPRC,0.1290261513259542,0.0318572609514257,0.3505876617027048,ESTIMATED,,2688,17,2634,2000,2000,1900,outcome_stratified_patient_group_cluster,20260710,3517841501,0.1290261513259542
surgery_S2_score_rSIG,surgery,S2,score_rSIG,,overall,surgery,validation_2024,score_component_available_subset_of_current_cohort,2712,a72050445859f1563b9ab073ae1060c07809e77c9c051d75fbcea6cf08d9391a,Brier,0.16192826111149272,0.1567314118062803,0.1671222621338281,ESTIMATED,,2688,17,2634,2000,2000,1900,outcome_stratified_patient_group_cluster,20260710,3517841501,0.16192826111149272
surgery_S2_score_rSIG_Age,surgery,S2,score_rSIG_Age,,overall,surgery,validation_2024,score_component_available_subset_of_current_cohort,2712,bc44d553aab8a61e7e305401570a342a68f7150af14b7f845adccc94316ce1e2,AUROC,0.8493032895317048,0.7562136815792713,0.9281681178318303,ESTIMATED,,2685,17,2631,2000,2000,1900,outcome_stratified_patient_group_cluster,20260710,957604868,0.8493032895317048
surgery_S2_score_rSIG_Age,surgery,S2,score_rSIG_Age,,overall,surgery,validation_2024,score_component_available_subset_of_current_cohort,2712,bc44d553aab8a61e7e305401570a342a68f7150af14b7f845adccc94316ce1e2,AUPRC,0.13973029562103514,0.03857336714778474,0.37353206704859326,ESTIMATED,,2685,17,2631,2000,2000,1900,outcome_stratified_patient_group_cluster,20260710,957604868,0.13973029562103514
surgery_S2_score_rSIG_Age,surgery,S2,score_rSIG_Age,,overall,surgery,validation_2024,score_component_available_subset_of_current_cohort,2712,bc44d553aab8a61e7e305401570a342a68f7150af14b7f845adccc94316ce1e2,Brier,0.11132765508163087,0.10517514302877065,0.11741751182321689,ESTIMATED,,2685,17,2631,2000,2000,1900,outcome_stratified_patient_group_cluster,20260710,957604868,0.11132765508163087
surgery_S2_score_SIA_G,surgery,S2,score_SIA_G,,overall,surgery,validation_2024,score_component_available_subset_of_current_cohort,2712,bc44d553aab8a61e7e305401570a342a68f7150af14b7f845adccc94316ce1e2,AUROC,0.8493032895317048,0.7595647461661401,0.9300015850173907,ESTIMATED,,2685,17,2631,2000,2000,1900,outcome_stratified_patient_group_cluster,20260710,2730169185,0.8493032895317048
surgery_S2_score_SIA_G,surgery,S2,score_SIA_G,,overall,surgery,validation_2024,score_component_available_subset_of_current_cohort,2712,bc44d553aab8a61e7e305401570a342a68f7150af14b7f845adccc94316ce1e2,AUPRC,0.13973029562103514,0.040080343145405775,0.373042305755637,ESTIMATED,,2685,17,2631,2000,2000,1900,outcome_stratified_patient_group_cluster,20260710,2730169185,0.13973029562103514
surgery_S2_score_SIA_G,surgery,S2,score_SIA_G,,overall,surgery,validation_2024,score_component_available_subset_of_current_cohort,2712,bc44d553aab8a61e7e305401570a342a68f7150af14b7f845adccc94316ce1e2,Brier,0.10509190421557806,0.10123619766926903,0.10892321536504514,ESTIMATED,,2685,17,2631,2000,2000,1900,outcome_stratified_patient_group_cluster,20260710,2730169185,0.10509190421557806
surgery_S2_score_SI_G,surgery,S2,score_SI_G,,overall,surgery,validation_2024,score_component_available_subset_of_current_cohort,2712,a72050445859f1563b9ab073ae1060c07809e77c9c051d75fbcea6cf08d9391a,AUROC,0.6678816041579492,0.49482037168639964,0.8213874299314834,ESTIMATED,,2688,17,2634,2000,2000,1900,outcome_stratified_patient_group_cluster,20260710,2628796181,0.6678816041579492
surgery_S2_score_SI_G,surgery,S2,score_SI_G,,overall,surgery,validation_2024,score_component_available_subset_of_current_cohort,2712,a72050445859f1563b9ab073ae1060c07809e77c9c051d75fbcea6cf08d9391a,AUPRC,0.12902615132595424,0.03070290158449581,0.3472144634755381,ESTIMATED,,2688,17,2634,2000,2000,1900,outcome_stratified_patient_group_cluster,20260710,2628796181,0.12902615132595424
surgery_S2_score_SI_G,surgery,S2,score_SI_G,,overall,surgery,validation_2024,score_component_available_subset_of_current_cohort,2712,a72050445859f1563b9ab073ae1060c07809e77c9c051d75fbcea6cf08d9391a,Brier,0.1448218710183275,0.14162236919969495,0.1481296740463182,ESTIMATED,,2688,17,2634,2000,2000,1900,outcome_stratified_patient_group_cluster,20260710,2628796181,0.1448218710183275
surgery_S2_score_SI,surgery,S2,score_SI,,overall,surgery,validation_2024,score_component_available_subset_of_current_cohort,2712,709111e83c26297bd9b4808d43e3d5c99c48307bf21995aaa969a763243a810e,AUROC,0.3904103557590701,0.2398908899591751,0.543028429229611,ESTIMATED,,2689,17,2635,2000,2000,1900,outcome_stratified_patient_group_cluster,20260710,1265147389,0.3904103557590701
surgery_S2_score_SI,surgery,S2,score_SI,,overall,surgery,validation_2024,score_component_available_subset_of_current_cohort,2712,709111e83c26297bd9b4808d43e3d5c99c48307bf21995aaa969a763243a810e,AUPRC,0.06500562547068973,0.004479317834251577,0.1880547348340329,ESTIMATED,,2689,17,2635,2000,2000,1900,outcome_stratified_patient_group_cluster,20260710,1265147389,0.06500562547068973
surgery_S2_score_SI,surgery,S2,score_SI,,overall,surgery,validation_2024,score_component_available_subset_of_current_cohort,2712,709111e83c26297bd9b4808d43e3d5c99c48307bf21995aaa969a763243a810e,Brier,0.218902572728181,0.21452714946434054,0.22294930559709092,ESTIMATED,,2689,17,2635,2000,2000,1900,outcome_stratified_patient_group_cluster,20260710,1265147389,0.218902572728181
surgery_S2_score_mSI,surgery,S2,score_mSI,,overall,surgery,validation_2024,score_component_available_subset_of_current_cohort,2712,1b3e771fceb84480288e8cc148b1fb73c596fc45e4e1832dd8babc7bb726070f,AUROC,0.3682206136560069,0.2223849058985466,0.5310412458552589,ESTIMATED,,2330,16,2284,2000,2000,1900,outcome_stratified_patient_group_cluster,20260710,84541502,0.3682206136560069
surgery_S2_score_mSI,surgery,S2,score_mSI,,overall,surgery,validation_2024,score_component_available_subset_of_current_cohort,2712,1b3e771fceb84480288e8cc148b1fb73c596fc45e4e1832dd8babc7bb726070f,AUPRC,0.012316449889992582,0.004653540143925603,0.06991722383939225,ESTIMATED,,2330,16,2284,2000,2000,1900,outcome_stratified_patient_group_cluster,20260710,84541502,0.012316449889992582
surgery_S2_score_mSI,surgery,S2,score_mSI,,overall,surgery,validation_2024,score_component_available_subset_of_current_cohort,2712,1b3e771fceb84480288e8cc148b1fb73c596fc45e4e1832dd8babc7bb726070f,Brier,0.1988310481024631,0.19547948989718708,0.20206980613662057,ESTIMATED,,2330,16,2284,2000,2000,1900,outcome_stratified_patient_group_cluster,20260710,84541502,0.1988310481024631
surgery_S2_score_aSI,surgery,S2,score_aSI,,overall,surgery,validation_2024,score_component_available_subset_of_current_cohort,2712,dd835c7516c3c5b4ffc28938c2745dedbbf0df4f009d25d9c697c005921f1ae6,AUROC,0.6969453199039077,0.5831167972265636,0.8028587221954349,ESTIMATED,,2686,17,2632,2000,2000,1900,outcome_stratified_patient_group_cluster,20260710,1317124576,0.6969453199039077
surgery_S2_score_aSI,surgery,S2,score_aSI,,overall,surgery,validation_2024,score_component_available_subset_of_current_cohort,2712,dd835c7516c3c5b4ffc28938c2745dedbbf0df4f009d25d9c697c005921f1ae6,AUPRC,0.07040740712817088,0.009065881522571276,0.19386363520396696,ESTIMATED,,2686,17,2632,2000,2000,1900,outcome_stratified_patient_group_cluster,20260710,1317124576,0.07040740712817088
surgery_S2_score_aSI,surgery,S2,score_aSI,,overall,surgery,validation_2024,score_component_available_subset_of_current_cohort,2712,dd835c7516c3c5b4ffc28938c2745dedbbf0df4f009d25d9c697c005921f1ae6,Brier,0.14400105423226653,0.1377330443606114,0.15052721428587781,ESTIMATED,,2686,17,2632,2000,2000,1900,outcome_stratified_patient_group_cluster,20260710,1317124576,0.14400105423226653
surgery_S2_score_rSI,surgery,S2,score_rSI,,overall,surgery,validation_2024,score_component_available_subset_of_current_cohort,2712,709111e83c26297bd9b4808d43e3d5c99c48307bf21995aaa969a763243a810e,AUROC,0.3904103557590701,0.24752311900216742,0.5525358184175018,ESTIMATED,,2689,17,2635,2000,2000,1900,outcome_stratified_patient_group_cluster,20260710,3962307683,0.3904103557590701
surgery_S2_score_rSI,surgery,S2,score_rSI,,overall,surgery,validation_2024,score_component_available_subset_of_current_cohort,2712,709111e83c26297bd9b4808d43e3d5c99c48307bf21995aaa969a763243a810e,AUPRC,0.06500562547068973,0.0045028992376049334,0.18615046784937045,ESTIMATED,,2689,17,2635,2000,2000,1900,outcome_stratified_patient_group_cluster,20260710,3962307683,0.06500562547068973
surgery_S2_score_rSI,surgery,S2,score_rSI,,overall,surgery,validation_2024,score_component_available_subset_of_current_cohort,2712,709111e83c26297bd9b4808d43e3d5c99c48307bf21995aaa969a763243a810e,Brier,0.23491287246685225,0.2318834837611832,0.2378888662523903,ESTIMATED,,2689,17,2635,2000,2000,1900,outcome_stratified_patient_group_cluster,20260710,3962307683,0.23491287246685225
surgery_S2_score_rSI_sMS,surgery,S2,score_rSI_sMS,,overall,surgery,validation_2024,score_component_available_subset_of_current_cohort,2712,a72050445859f1563b9ab073ae1060c07809e77c9c051d75fbcea6cf08d9391a,AUROC,0.6911819763472593,0.5082478341805596,0.8590002724731144,ESTIMATED,,2688,17,2634,2000,2000,1900,outcome_stratified_patient_group_cluster,20260710,2925461928,0.6911819763472593
surgery_S2_score_rSI_sMS,surgery,S2,score_rSI_sMS,,overall,surgery,validation_2024,score_component_available_subset_of_current_cohort,2712,a72050445859f1563b9ab073ae1060c07809e77c9c051d75fbcea6cf08d9391a,AUPRC,0.07341748502596646,0.024704601091461657,0.2172093453851531,ESTIMATED,,2688,17,2634,2000,2000,1900,outcome_stratified_patient_group_cluster,20260710,2925461928,0.07341748502596646
surgery_S2_score_rSI_sMS,surgery,S2,score_rSI_sMS,,overall,surgery,validation_2024,score_component_available_subset_of_current_cohort,2712,a72050445859f1563b9ab073ae1060c07809e77c9c051d75fbcea6cf08d9391a,Brier,0.1598747562412557,0.15465945488165522,0.16493369365111346,ESTIMATED,,2688,17,2634,2000,2000,1900,outcome_stratified_patient_group_cluster,20260710,2925461928,0.1598747562412557
surgery_S2_score_rSI_GCSM,surgery,S2,score_rSI_GCSM,,overall,surgery,validation_2024,score_component_available_subset_of_current_cohort,2712,a72050445859f1563b9ab073ae1060c07809e77c9c051d75fbcea6cf08d9391a,AUROC,0.624727464928315,0.4545046778367246,0.7872673503989234,ESTIMATED,,2688,17,2634,2000,2000,1900,outcome_stratified_patient_group_cluster,20260710,3003368314,0.624727464928315
surgery_S2_score_rSI_GCSM,surgery,S2,score_rSI_GCSM,,overall,surgery,validation_2024,score_component_available_subset_of_current_cohort,2712,a72050445859f1563b9ab073ae1060c07809e77c9c051d75fbcea6cf08d9391a,AUPRC,0.07603736769919647,0.018412001257935306,0.23962336217528557,ESTIMATED,,2688,17,2634,2000,2000,1900,outcome_stratified_patient_group_cluster,20260710,3003368314,0.07603736769919647
surgery_S2_score_rSI_GCSM,surgery,S2,score_rSI_GCSM,,overall,surgery,validation_2024,score_component_available_subset_of_current_cohort,2712,a72050445859f1563b9ab073ae1060c07809e77c9c051d75fbcea6cf08d9391a,Brier,0.1710565974411401,0.16594112182626844,0.17616674521933076,ESTIMATED,,2688,17,2634,2000,2000,1900,outcome_stratified_patient_group_cluster,20260710,3003368314,0.1710565974411401
surgery_S2_score_SIAVPU,surgery,S2,score_SIAVPU,,overall,surgery,validation_2024,score_component_available_subset_of_current_cohort,2712,709111e83c26297bd9b4808d43e3d5c99c48307bf21995aaa969a763243a810e,AUROC,0.7014904015498415,0.5229551356740214,0.8653105213502191,ESTIMATED,,2689,17,2635,2000,2000,1900,outcome_stratified_patient_group_cluster,20260710,405232030,0.7014904015498415
surgery_S2_score_SIAVPU,surgery,S2,score_SIAVPU,,overall,surgery,validation_2024,score_component_available_subset_of_current_cohort,2712,709111e83c26297bd9b4808d43e3d5c99c48307bf21995aaa969a763243a810e,AUPRC,0.11527015380191373,0.03861875522863427,0.30033305557905343,ESTIMATED,,2689,17,2635,2000,2000,1900,outcome_stratified_patient_group_cluster,20260710,405232030,0.11527015380191373
surgery_S2_score_SIAVPU,surgery,S2,score_SIAVPU,,overall,surgery,validation_2024,score_component_available_subset_of_current_cohort,2712,709111e83c26297bd9b4808d43e3d5c99c48307bf21995aaa969a763243a810e,Brier,0.24808677163219725,0.24758463646165021,0.24857063775745258,ESTIMATED,,2689,17,2635,2000,2000,1900,outcome_stratified_patient_group_cluster,20260710,405232030,0.24808677163219725
surgery_S2_score_sMS,surgery,S2,score_sMS,,overall,surgery,validation_2024,score_component_available_subset_of_current_cohort,2712,506ace5309488640c63affda4c1d7df0d69c35b60cc99b5292cb85c6d83838ac,AUROC,0.7655653313365781,0.6641246461204943,0.8674234274809711,ESTIMATED,,2691,20,2637,2000,2000,1900,outcome_stratified_patient_group_cluster,20260710,4276459440,0.7655653313365781
surgery_S2_score_sMS,surgery,S2,score_sMS,,overall,surgery,validation_2024,score_component_available_subset_of_current_cohort,2712,506ace5309488640c63affda4c1d7df0d69c35b60cc99b5292cb85c6d83838ac,AUPRC,0.11536829112916071,0.0501229641819555,0.2171722307366471,ESTIMATED,,2691,20,2637,2000,2000,1900,outcome_stratified_patient_group_cluster,20260710,4276459440,0.11536829112916071
surgery_S2_score_sMS,surgery,S2,score_sMS,,overall,surgery,validation_2024,score_component_available_subset_of_current_cohort,2712,506ace5309488640c63affda4c1d7df0d69c35b60cc99b5292cb85c6d83838ac,Brier,0.13428101476289792,0.13111180657806987,0.13774084882864263,ESTIMATED,,2691,20,2637,2000,2000,1900,outcome_stratified_patient_group_cluster,20260710,4276459440,0.13428101476289792
surgery_S2_score_qSOFA,surgery,S2,score_qSOFA,,overall,surgery,validation_2024,score_component_available_subset_of_current_cohort,2712,709111e83c26297bd9b4808d43e3d5c99c48307bf21995aaa969a763243a810e,AUROC,0.6351928495949278,0.5147080739896555,0.7599048464708357,ESTIMATED,,2689,17,2635,2000,2000,1900,outcome_stratified_patient_group_cluster,20260710,935835949,0.6351928495949278
surgery_S2_score_qSOFA,surgery,S2,score_qSOFA,,overall,surgery,validation_2024,score_component_available_subset_of_current_cohort,2712,709111e83c26297bd9b4808d43e3d5c99c48307bf21995aaa969a763243a810e,AUPRC,0.02096268326996075,0.006946735110947144,0.1157197771457997,ESTIMATED,,2689,17,2635,2000,2000,1900,outcome_stratified_patient_group_cluster,20260710,935835949,0.02096268326996075
surgery_S2_score_qSOFA,surgery,S2,score_qSOFA,,overall,surgery,validation_2024,score_component_available_subset_of_current_cohort,2712,709111e83c26297bd9b4808d43e3d5c99c48307bf21995aaa969a763243a810e,Brier,0.14138733330329906,0.13571886261469754,0.1468370423122907,ESTIMATED,,2689,17,2635,2000,2000,1900,outcome_stratified_patient_group_cluster,20260710,935835949,0.14138733330329906
surgery_S2_score_MEWS,surgery,S2,score_MEWS,,overall,surgery,validation_2024,score_component_available_subset_of_current_cohort,2712,8dedb1b75c54dae35cf87aa04927583eed9f65d09c4b831ff52271b9631e3ab5,AUROC,0.7017970797454139,0.5525576246299575,0.8453765548590878,ESTIMATED,,2688,17,2634,2000,2000,1900,outcome_stratified_patient_group_cluster,20260710,436655171,0.7017970797454139
surgery_S2_score_MEWS,surgery,S2,score_MEWS,,overall,surgery,validation_2024,score_component_available_subset_of_current_cohort,2712,8dedb1b75c54dae35cf87aa04927583eed9f65d09c4b831ff52271b9631e3ab5,AUPRC,0.10068458512614382,0.029203727417950905,0.27767911593448136,ESTIMATED,,2688,17,2634,2000,2000,1900,outcome_stratified_patient_group_cluster,20260710,436655171,0.10068458512614382
surgery_S2_score_MEWS,surgery,S2,score_MEWS,,overall,surgery,validation_2024,score_component_available_subset_of_current_cohort,2712,8dedb1b75c54dae35cf87aa04927583eed9f65d09c4b831ff52271b9631e3ab5,Brier,0.13193028163342405,0.12724292004859758,0.13662137822156992,ESTIMATED,,2688,17,2634,2000,2000,1900,outcome_stratified_patient_group_cluster,20260710,436655171,0.13193028163342405
surgery_S2_score_REMS,surgery,S2,score_REMS,,overall,surgery,validation_2024,score_component_available_subset_of_current_cohort,2712,f074c5b3e5fecbad2bda6d40a37266894ce5f406c4a9f16082cc7e7390303d38,AUROC,0.844939446366782,0.7593204341392724,0.9250960859644376,ESTIMATED,,2328,16,2282,2000,2000,1900,outcome_stratified_patient_group_cluster,20260710,2804226746,0.844939446366782
surgery_S2_score_REMS,surgery,S2,score_REMS,,overall,surgery,validation_2024,score_component_available_subset_of_current_cohort,2712,f074c5b3e5fecbad2bda6d40a37266894ce5f406c4a9f16082cc7e7390303d38,AUPRC,0.08785667026640878,0.03234293979363547,0.23144803343479398,ESTIMATED,,2328,16,2282,2000,2000,1900,outcome_stratified_patient_group_cluster,20260710,2804226746,0.08785667026640878
surgery_S2_score_REMS,surgery,S2,score_REMS,,overall,surgery,validation_2024,score_component_available_subset_of_current_cohort,2712,f074c5b3e5fecbad2bda6d40a37266894ce5f406c4a9f16082cc7e7390303d38,Brier,0.12350231117941488,0.11722374768813872,0.12990025409777184,ESTIMATED,,2328,16,2282,2000,2000,1900,outcome_stratified_patient_group_cluster,20260710,2804226746,0.12350231117941488
surgery_S2_score_RTS,surgery,S2,score_RTS,,overall,surgery,validation_2024,score_component_available_subset_of_current_cohort,2712,a72050445859f1563b9ab073ae1060c07809e77c9c051d75fbcea6cf08d9391a,AUROC,0.6980641751271831,0.5665006774681869,0.8300519175053754,ESTIMATED,,2688,17,2634,2000,2000,1900,outcome_stratified_patient_group_cluster,20260710,3160025053,0.6980641751271831
surgery_S2_score_RTS,surgery,S2,score_RTS,,overall,surgery,validation_2024,score_component_available_subset_of_current_cohort,2712,a72050445859f1563b9ab073ae1060c07809e77c9c051d75fbcea6cf08d9391a,AUPRC,0.11233323777012386,0.03296527909150423,0.27509853008669605,ESTIMATED,,2688,17,2634,2000,2000,1900,outcome_stratified_patient_group_cluster,20260710,3160025053,0.11233323777012386
surgery_S2_score_RTS,surgery,S2,score_RTS,,overall,surgery,validation_2024,score_component_available_subset_of_current_cohort,2712,a72050445859f1563b9ab073ae1060c07809e77c9c051d75fbcea6cf08d9391a,Brier,0.1466994251366604,0.14338802683503374,0.15023250564487425,ESTIMATED,,2688,17,2634,2000,2000,1900,outcome_stratified_patient_group_cluster,20260710,3160025053,0.1466994251366604
surgery_S2_score_rSI_GCS_alias,surgery,S2,score_rSI_GCS_alias,score_rSIG,overall,surgery,validation_2024,score_component_available_subset_of_current_cohort,2712,a72050445859f1563b9ab073ae1060c07809e77c9c051d75fbcea6cf08d9391a,AUROC,0.6679807078203801,0.4982539284351642,0.8291777404611119,ESTIMATED,,2688,17,2634,2000,2000,1900,outcome_stratified_patient_group_cluster,20260710,3517841501,0.6679807078203801
surgery_S2_score_rSI_GCS_alias,surgery,S2,score_rSI_GCS_alias,score_rSIG,overall,surgery,validation_2024,score_component_available_subset_of_current_cohort,2712,a72050445859f1563b9ab073ae1060c07809e77c9c051d75fbcea6cf08d9391a,AUPRC,0.1290261513259542,0.0318572609514257,0.3505876617027048,ESTIMATED,,2688,17,2634,2000,2000,1900,outcome_stratified_patient_group_cluster,20260710,3517841501,0.1290261513259542
surgery_S2_score_rSI_GCS_alias,surgery,S2,score_rSI_GCS_alias,score_rSIG,overall,surgery,validation_2024,score_component_available_subset_of_current_cohort,2712,a72050445859f1563b9ab073ae1060c07809e77c9c051d75fbcea6cf08d9391a,Brier,0.16192826111149272,0.1567314118062803,0.1671222621338281,ESTIMATED,,2688,17,2634,2000,2000,1900,outcome_stratified_patient_group_cluster,20260710,3517841501,0.16192826111149272
surgery_S2_knn_classifier,surgery,S2,knn_classifier,,surgery,surgery,validation_2024,exact_current_cohort,2712,6af3fa1ceb5e20a24ee260bad7ba0bf2553730e01405fb0aa4916e71f7f0c8a0,AUROC,0.7834511408730158,0.6780109108772322,0.8871789057230705,ESTIMATED,,2712,24,2657,2000,2000,1900,outcome_stratified_patient_group_cluster,20260710,3407979953,0.7834511408730158
surgery_S2_knn_classifier,surgery,S2,knn_classifier,,surgery,surgery,validation_2024,exact_current_cohort,2712,6af3fa1ceb5e20a24ee260bad7ba0bf2553730e01405fb0aa4916e71f7f0c8a0,AUPRC,0.2462117285130535,0.11012348614436558,0.44874391775734773,ESTIMATED,,2712,24,2657,2000,2000,1900,outcome_stratified_patient_group_cluster,20260710,3407979953,0.2462117285130535
surgery_S2_knn_classifier,surgery,S2,knn_classifier,,surgery,surgery,validation_2024,exact_current_cohort,2712,6af3fa1ceb5e20a24ee260bad7ba0bf2553730e01405fb0aa4916e71f7f0c8a0,Brier,0.007781154092529038,0.007121966332615179,0.008398305696648881,ESTIMATED,,2712,24,2657,2000,2000,1900,outcome_stratified_patient_group_cluster,20260710,3407979953,0.007781154092529038
surgery_S3_decision_tree,surgery,S3,decision_tree,,overall,surgery,validation_2024,exact_current_cohort,2712,6af3fa1ceb5e20a24ee260bad7ba0bf2553730e01405fb0aa4916e71f7f0c8a0,AUROC,0.6833815004848836,0.6569915671878908,0.7090950785542653,ESTIMATED,,2712,521,2657,2000,2000,1900,outcome_stratified_patient_group_cluster,20260710,3771175287,0.6833815004848836
surgery_S3_decision_tree,surgery,S3,decision_tree,,overall,surgery,validation_2024,exact_current_cohort,2712,6af3fa1ceb5e20a24ee260bad7ba0bf2553730e01405fb0aa4916e71f7f0c8a0,AUPRC,0.33503307302513696,0.30607036511590646,0.3705036848244854,ESTIMATED,,2712,521,2657,2000,2000,1900,outcome_stratified_patient_group_cluster,20260710,3771175287,0.33503307302513696
surgery_S3_decision_tree,surgery,S3,decision_tree,,overall,surgery,validation_2024,exact_current_cohort,2712,6af3fa1ceb5e20a24ee260bad7ba0bf2553730e01405fb0aa4916e71f7f0c8a0,Brier,0.18531762045776637,0.17933348586881623,0.1915439904069718,ESTIMATED,,2712,521,2657,2000,2000,1900,outcome_stratified_patient_group_cluster,20260710,3771175287,0.18531762045776637
surgery_S3_random_forest,surgery,S3,random_forest,,overall,surgery,validation_2024,exact_current_cohort,2712,6af3fa1ceb5e20a24ee260bad7ba0bf2553730e01405fb0aa4916e71f7f0c8a0,AUROC,0.7397712330411184,0.7169635349924701,0.7630444393866521,ESTIMATED,,2712,521,2657,2000,2000,1900,outcome_stratified_patient_group_cluster,20260710,4081193411,0.7397712330411184
surgery_S3_random_forest,surgery,S3,random_forest,,overall,surgery,validation_2024,exact_current_cohort,2712,6af3fa1ceb5e20a24ee260bad7ba0bf2553730e01405fb0aa4916e71f7f0c8a0,AUPRC,0.3945187712422431,0.3613767090595505,0.43366220094841873,ESTIMATED,,2712,521,2657,2000,2000,1900,outcome_stratified_patient_group_cluster,20260710,4081193411,0.3945187712422431
surgery_S3_random_forest,surgery,S3,random_forest,,overall,surgery,validation_2024,exact_current_cohort,2712,6af3fa1ceb5e20a24ee260bad7ba0bf2553730e01405fb0aa4916e71f7f0c8a0,Brier,0.15304365766544067,0.14901585386284924,0.1570980730241198,ESTIMATED,,2712,521,2657,2000,2000,1900,outcome_stratified_patient_group_cluster,20260710,4081193411,0.15304365766544067
surgery_S3_balanced_random_forest,surgery,S3,balanced_random_forest,,overall,surgery,validation_2024,exact_current_cohort,2712,6af3fa1ceb5e20a24ee260bad7ba0bf2553730e01405fb0aa4916e71f7f0c8a0,AUROC,0.7370669227015771,0.7144725194786984,0.7600823253814479,ESTIMATED,,2712,521,2657,2000,2000,1900,outcome_stratified_patient_group_cluster,20260710,752864858,0.7370669227015771
surgery_S3_balanced_random_forest,surgery,S3,balanced_random_forest,,overall,surgery,validation_2024,exact_current_cohort,2712,6af3fa1ceb5e20a24ee260bad7ba0bf2553730e01405fb0aa4916e71f7f0c8a0,AUPRC,0.39168173867244643,0.35792809059084313,0.432137624647135,ESTIMATED,,2712,521,2657,2000,2000,1900,outcome_stratified_patient_group_cluster,20260710,752864858,0.39168173867244643
surgery_S3_balanced_random_forest,surgery,S3,balanced_random_forest,,overall,surgery,validation_2024,exact_current_cohort,2712,6af3fa1ceb5e20a24ee260bad7ba0bf2553730e01405fb0aa4916e71f7f0c8a0,Brier,0.15854924688238467,0.15443037840336982,0.16273182626317917,ESTIMATED,,2712,521,2657,2000,2000,1900,outcome_stratified_patient_group_cluster,20260710,752864858,0.15854924688238467
surgery_S3_svm_rbf,surgery,S3,svm_rbf,,overall,surgery,validation_2024,exact_current_cohort,2712,6af3fa1ceb5e20a24ee260bad7ba0bf2553730e01405fb0aa4916e71f7f0c8a0,AUROC,0.742105857937418,0.7162242835659337,0.7654635645897311,ESTIMATED,,2712,521,2657,2000,2000,1900,outcome_stratified_patient_group_cluster,20260710,1413407880,0.742105857937418
surgery_S3_svm_rbf,surgery,S3,svm_rbf,,overall,surgery,validation_2024,exact_current_cohort,2712,6af3fa1ceb5e20a24ee260bad7ba0bf2553730e01405fb0aa4916e71f7f0c8a0,AUPRC,0.43967525357747744,0.40084973354057446,0.48111649643351456,ESTIMATED,,2712,521,2657,2000,2000,1900,outcome_stratified_patient_group_cluster,20260710,1413407880,0.43967525357747744
surgery_S3_svm_rbf,surgery,S3,svm_rbf,,overall,surgery,validation_2024,exact_current_cohort,2712,6af3fa1ceb5e20a24ee260bad7ba0bf2553730e01405fb0aa4916e71f7f0c8a0,Brier,0.13481747044015704,0.12970620543529562,0.1401570180019416,ESTIMATED,,2712,521,2657,2000,2000,1900,outcome_stratified_patient_group_cluster,20260710,1413407880,0.13481747044015704
surgery_S3_logistic_l1,surgery,S3,logistic_l1,,overall,surgery,validation_2024,exact_current_cohort,2712,6af3fa1ceb5e20a24ee260bad7ba0bf2553730e01405fb0aa4916e71f7f0c8a0,AUROC,0.7168016777762106,0.6922437314229853,0.7414336441678873,ESTIMATED,,2712,521,2657,2000,2000,1900,outcome_stratified_patient_group_cluster,20260710,4083391530,0.7168016777762106
surgery_S3_logistic_l1,surgery,S3,logistic_l1,,overall,surgery,validation_2024,exact_current_cohort,2712,6af3fa1ceb5e20a24ee260bad7ba0bf2553730e01405fb0aa4916e71f7f0c8a0,AUPRC,0.36689887588860626,0.3372445605734312,0.40449809441366724,ESTIMATED,,2712,521,2657,2000,2000,1900,outcome_stratified_patient_group_cluster,20260710,4083391530,0.36689887588860626
surgery_S3_logistic_l1,surgery,S3,logistic_l1,,overall,surgery,validation_2024,exact_current_cohort,2712,6af3fa1ceb5e20a24ee260bad7ba0bf2553730e01405fb0aa4916e71f7f0c8a0,Brier,0.16688407585081078,0.1592979930256138,0.17421264837088354,ESTIMATED,,2712,521,2657,2000,2000,1900,outcome_stratified_patient_group_cluster,20260710,4083391530,0.16688407585081078
surgery_S3_logistic_l2,surgery,S3,logistic_l2,,overall,surgery,validation_2024,exact_current_cohort,2712,6af3fa1ceb5e20a24ee260bad7ba0bf2553730e01405fb0aa4916e71f7f0c8a0,AUROC,0.7149777794519719,0.6890380543204178,0.7392381779501029,ESTIMATED,,2712,521,2657,2000,2000,1900,outcome_stratified_patient_group_cluster,20260710,2828208697,0.7149777794519719
surgery_S3_logistic_l2,surgery,S3,logistic_l2,,overall,surgery,validation_2024,exact_current_cohort,2712,6af3fa1ceb5e20a24ee260bad7ba0bf2553730e01405fb0aa4916e71f7f0c8a0,AUPRC,0.365096908262302,0.33508805573721956,0.40343713814588517,ESTIMATED,,2712,521,2657,2000,2000,1900,outcome_stratified_patient_group_cluster,20260710,2828208697,0.365096908262302
surgery_S3_logistic_l2,surgery,S3,logistic_l2,,overall,surgery,validation_2024,exact_current_cohort,2712,6af3fa1ceb5e20a24ee260bad7ba0bf2553730e01405fb0aa4916e71f7f0c8a0,Brier,0.16736910115788883,0.16023519560272823,0.17495949996834928,ESTIMATED,,2712,521,2657,2000,2000,1900,outcome_stratified_patient_group_cluster,20260710,2828208697,0.16736910115788883
surgery_S3_score_NEWS2,surgery,S3,score_NEWS2,,overall,surgery,validation_2024,score_component_available_subset_of_current_cohort,2712,84d367bc0edcbc976197746cebb79a38c3db623cccfbedef30d11c68363d281f,AUROC,0.4873015873015873,0.3052910052910053,0.6534656084656084,ESTIMATED,,78,15,78,2000,2000,1900,outcome_stratified_patient_group_cluster,20260710,81619917,0.4873015873015873
surgery_S3_score_NEWS2,surgery,S3,score_NEWS2,,overall,surgery,validation_2024,score_component_available_subset_of_current_cohort,2712,84d367bc0edcbc976197746cebb79a38c3db623cccfbedef30d11c68363d281f,AUPRC,0.22850290726168943,0.1538855477412762,0.41586887943465894,ESTIMATED,,78,15,78,2000,2000,1900,outcome_stratified_patient_group_cluster,20260710,81619917,0.22850290726168943
surgery_S3_score_NEWS2,surgery,S3,score_NEWS2,,overall,surgery,validation_2024,score_component_available_subset_of_current_cohort,2712,84d367bc0edcbc976197746cebb79a38c3db623cccfbedef30d11c68363d281f,Brier,0.25626802641442586,0.24885298618173335,0.26325705412016714,ESTIMATED,,78,15,78,2000,2000,1900,outcome_stratified_patient_group_cluster,20260710,81619917,0.25626802641442586
surgery_S3_score_rSIG,surgery,S3,score_rSIG,,overall,surgery,validation_2024,score_component_available_subset_of_current_cohort,2712,a72050445859f1563b9ab073ae1060c07809e77c9c051d75fbcea6cf08d9391a,AUROC,0.4614532504346142,0.43428205230015543,0.4904710850566645,ESTIMATED,,2688,519,2634,2000,2000,1900,outcome_stratified_patient_group_cluster,20260710,1276887146,0.4614532504346142
surgery_S3_score_rSIG,surgery,S3,score_rSIG,,overall,surgery,validation_2024,score_component_available_subset_of_current_cohort,2712,a72050445859f1563b9ab073ae1060c07809e77c9c051d75fbcea6cf08d9391a,AUPRC,0.17973490380540075,0.16915393161019593,0.1943615026866742,ESTIMATED,,2688,519,2634,2000,2000,1900,outcome_stratified_patient_group_cluster,20260710,1276887146,0.17973490380540075
surgery_S3_score_rSIG,surgery,S3,score_rSIG,,overall,surgery,validation_2024,score_component_available_subset_of_current_cohort,2712,a72050445859f1563b9ab073ae1060c07809e77c9c051d75fbcea6cf08d9391a,Brier,0.24967051398494639,0.24777657051626217,0.25155116606932265,ESTIMATED,,2688,519,2634,2000,2000,1900,outcome_stratified_patient_group_cluster,20260710,1276887146,0.24967051398494639
surgery_S3_score_rSIG_Age,surgery,S3,score_rSIG_Age,,overall,surgery,validation_2024,score_component_available_subset_of_current_cohort,2712,bc44d553aab8a61e7e305401570a342a68f7150af14b7f845adccc94316ce1e2,AUROC,0.6069533177838624,0.5816667156325508,0.6316778728438271,ESTIMATED,,2685,519,2631,2000,2000,1900,outcome_stratified_patient_group_cluster,20260710,1859431218,0.6069533177838624
surgery_S3_score_rSIG_Age,surgery,S3,score_rSIG_Age,,overall,surgery,validation_2024,score_component_available_subset_of_current_cohort,2712,bc44d553aab8a61e7e305401570a342a68f7150af14b7f845adccc94316ce1e2,AUPRC,0.23879840227149923,0.222879067609641,0.2598630569579025,ESTIMATED,,2685,519,2631,2000,2000,1900,outcome_stratified_patient_group_cluster,20260710,1859431218,0.23879840227149923
surgery_S3_score_rSIG_Age,surgery,S3,score_rSIG_Age,,overall,surgery,validation_2024,score_component_available_subset_of_current_cohort,2712,bc44d553aab8a61e7e305401570a342a68f7150af14b7f845adccc94316ce1e2,Brier,0.22153334557718254,0.2163441767175153,0.22682076359664247,ESTIMATED,,2685,519,2631,2000,2000,1900,outcome_stratified_patient_group_cluster,20260710,1859431218,0.22153334557718254
surgery_S3_score_SIA_G,surgery,S3,score_SIA_G,,overall,surgery,validation_2024,score_component_available_subset_of_current_cohort,2712,bc44d553aab8a61e7e305401570a342a68f7150af14b7f845adccc94316ce1e2,AUROC,0.6069546521206168,0.5805293946888908,0.6328826860069822,ESTIMATED,,2685,519,2631,2000,2000,1900,outcome_stratified_patient_group_cluster,20260710,181703707,0.6069546521206168
surgery_S3_score_SIA_G,surgery,S3,score_SIA_G,,overall,surgery,validation_2024,score_component_available_subset_of_current_cohort,2712,bc44d553aab8a61e7e305401570a342a68f7150af14b7f845adccc94316ce1e2,AUPRC,0.2387931945471753,0.22197328846138384,0.26013845402023417,ESTIMATED,,2685,519,2631,2000,2000,1900,outcome_stratified_patient_group_cluster,20260710,181703707,0.2387931945471753
surgery_S3_score_SIA_G,surgery,S3,score_SIA_G,,overall,surgery,validation_2024,score_component_available_subset_of_current_cohort,2712,bc44d553aab8a61e7e305401570a342a68f7150af14b7f845adccc94316ce1e2,Brier,0.22790177995262814,0.22560196789466128,0.23026266691153438,ESTIMATED,,2685,519,2631,2000,2000,1900,outcome_stratified_patient_group_cluster,20260710,181703707,0.22790177995262814
surgery_S3_score_SI_G,surgery,S3,score_SI_G,,overall,surgery,validation_2024,score_component_available_subset_of_current_cohort,2712,a72050445859f1563b9ab073ae1060c07809e77c9c051d75fbcea6cf08d9391a,AUROC,0.4614501412884835,0.43214466690526343,0.49136466626067193,ESTIMATED,,2688,519,2634,2000,2000,1900,outcome_stratified_patient_group_cluster,20260710,4024848108,0.4614501412884835
surgery_S3_score_SI_G,surgery,S3,score_SI_G,,overall,surgery,validation_2024,score_component_available_subset_of_current_cohort,2712,a72050445859f1563b9ab073ae1060c07809e77c9c051d75fbcea6cf08d9391a,AUPRC,0.17973276865000398,0.16824429464289528,0.19516543214411528,ESTIMATED,,2688,519,2634,2000,2000,1900,outcome_stratified_patient_group_cluster,20260710,4024848108,0.17973276865000398
surgery_S3_score_SI_G,surgery,S3,score_SI_G,,overall,surgery,validation_2024,score_component_available_subset_of_current_cohort,2712,a72050445859f1563b9ab073ae1060c07809e77c9c051d75fbcea6cf08d9391a,Brier,0.2454677821547634,0.24458174743091873,0.24635781906043985,ESTIMATED,,2688,519,2634,2000,2000,1900,outcome_stratified_patient_group_cluster,20260710,4024848108,0.2454677821547634
surgery_S3_score_SI,surgery,S3,score_SI,,overall,surgery,validation_2024,score_component_available_subset_of_current_cohort,2712,709111e83c26297bd9b4808d43e3d5c99c48307bf21995aaa969a763243a810e,AUROC,0.4692842492208518,0.4401279438007637,0.49843428946459056,ESTIMATED,,2689,519,2635,2000,2000,1900,outcome_stratified_patient_group_cluster,20260710,2749380742,0.4692842492208518
surgery_S3_score_SI,surgery,S3,score_SI,,overall,surgery,validation_2024,score_component_available_subset_of_current_cohort,2712,709111e83c26297bd9b4808d43e3d5c99c48307bf21995aaa969a763243a810e,AUPRC,0.18818343721019837,0.17572581079409966,0.20841543939325788,ESTIMATED,,2689,519,2635,2000,2000,1900,outcome_stratified_patient_group_cluster,20260710,2749380742,0.18818343721019837
surgery_S3_score_SI,surgery,S3,score_SI,,overall,surgery,validation_2024,score_component_available_subset_of_current_cohort,2712,709111e83c26297bd9b4808d43e3d5c99c48307bf21995aaa969a763243a810e,Brier,0.25038093362731195,0.24897893826080528,0.25181654209015825,ESTIMATED,,2689,519,2635,2000,2000,1900,outcome_stratified_patient_group_cluster,20260710,2749380742,0.25038093362731195
surgery_S3_score_mSI,surgery,S3,score_mSI,,overall,surgery,validation_2024,score_component_available_subset_of_current_cohort,2712,1b3e771fceb84480288e8cc148b1fb73c596fc45e4e1832dd8babc7bb726070f,AUROC,0.46637434530135113,0.43713374114114073,0.49764280713829845,ESTIMATED,,2330,448,2284,2000,2000,1900,outcome_stratified_patient_group_cluster,20260710,3575587050,0.46637434530135113
surgery_S3_score_mSI,surgery,S3,score_mSI,,overall,surgery,validation_2024,score_component_available_subset_of_current_cohort,2712,1b3e771fceb84480288e8cc148b1fb73c596fc45e4e1832dd8babc7bb726070f,AUPRC,0.18362467267258287,0.17142542193301177,0.2019126250438234,ESTIMATED,,2330,448,2284,2000,2000,1900,outcome_stratified_patient_group_cluster,20260710,3575587050,0.18362467267258287
surgery_S3_score_mSI,surgery,S3,score_mSI,,overall,surgery,validation_2024,score_component_available_subset_of_current_cohort,2712,1b3e771fceb84480288e8cc148b1fb73c596fc45e4e1832dd8babc7bb726070f,Brier,0.24530489367153616,0.24377871169808032,0.2468725667312924,ESTIMATED,,2330,448,2284,2000,2000,1900,outcome_stratified_patient_group_cluster,20260710,3575587050,0.24530489367153616
surgery_S3_score_aSI,surgery,S3,score_aSI,,overall,surgery,validation_2024,score_component_available_subset_of_current_cohort,2712,dd835c7516c3c5b4ffc28938c2745dedbbf0df4f009d25d9c697c005921f1ae6,AUROC,0.61498586700312,0.5892831076309715,0.6403205270875217,ESTIMATED,,2686,519,2632,2000,2000,1900,outcome_stratified_patient_group_cluster,20260710,1658636333,0.61498586700312
surgery_S3_score_aSI,surgery,S3,score_aSI,,overall,surgery,validation_2024,score_component_available_subset_of_current_cohort,2712,dd835c7516c3c5b4ffc28938c2745dedbbf0df4f009d25d9c697c005921f1ae6,AUPRC,0.25383623521949195,0.23456578091623945,0.2792342714991914,ESTIMATED,,2686,519,2632,2000,2000,1900,outcome_stratified_patient_group_cluster,20260710,1658636333,0.25383623521949195
surgery_S3_score_aSI,surgery,S3,score_aSI,,overall,surgery,validation_2024,score_component_available_subset_of_current_cohort,2712,dd835c7516c3c5b4ffc28938c2745dedbbf0df4f009d25d9c697c005921f1ae6,Brier,0.2216251499064279,0.21663164918395275,0.22684019829731855,ESTIMATED,,2686,519,2632,2000,2000,1900,outcome_stratified_patient_group_cluster,20260710,1658636333,0.2216251499064279
surgery_S3_score_rSI,surgery,S3,score_rSI,,overall,surgery,validation_2024,score_component_available_subset_of_current_cohort,2712,709111e83c26297bd9b4808d43e3d5c99c48307bf21995aaa969a763243a810e,AUROC,0.4692842492208518,0.43909909324754837,0.4980609443637825,ESTIMATED,,2689,519,2635,2000,2000,1900,outcome_stratified_patient_group_cluster,20260710,3627615011,0.4692842492208518
surgery_S3_score_rSI,surgery,S3,score_rSI,,overall,surgery,validation_2024,score_component_available_subset_of_current_cohort,2712,709111e83c26297bd9b4808d43e3d5c99c48307bf21995aaa969a763243a810e,AUPRC,0.18818343721019837,0.17469149388707345,0.20705209188085424,ESTIMATED,,2689,519,2635,2000,2000,1900,outcome_stratified_patient_group_cluster,20260710,3627615011,0.18818343721019837
surgery_S3_score_rSI,surgery,S3,score_rSI,,overall,surgery,validation_2024,score_component_available_subset_of_current_cohort,2712,709111e83c26297bd9b4808d43e3d5c99c48307bf21995aaa969a763243a810e,Brier,0.25169135761888534,0.2503545120125443,0.2531224521670001,ESTIMATED,,2689,519,2635,2000,2000,1900,outcome_stratified_patient_group_cluster,20260710,3627615011,0.25169135761888534
surgery_S3_score_rSI_sMS,surgery,S3,score_rSI_sMS,,overall,surgery,validation_2024,score_component_available_subset_of_current_cohort,2712,a72050445859f1563b9ab073ae1060c07809e77c9c051d75fbcea6cf08d9391a,AUROC,0.4597552124834883,0.43222117492048767,0.4883974377390801,ESTIMATED,,2688,519,2634,2000,2000,1900,outcome_stratified_patient_group_cluster,20260710,2741094871,0.4597552124834883
surgery_S3_score_rSI_sMS,surgery,S3,score_rSI_sMS,,overall,surgery,validation_2024,score_component_available_subset_of_current_cohort,2712,a72050445859f1563b9ab073ae1060c07809e77c9c051d75fbcea6cf08d9391a,AUPRC,0.17913561122976002,0.16872699841751643,0.19391768084522093,ESTIMATED,,2688,519,2634,2000,2000,1900,outcome_stratified_patient_group_cluster,20260710,2741094871,0.17913561122976002
surgery_S3_score_rSI_sMS,surgery,S3,score_rSI_sMS,,overall,surgery,validation_2024,score_component_available_subset_of_current_cohort,2712,a72050445859f1563b9ab073ae1060c07809e77c9c051d75fbcea6cf08d9391a,Brier,0.24953262194888093,0.2475103150123521,0.2513947314543077,ESTIMATED,,2688,519,2634,2000,2000,1900,outcome_stratified_patient_group_cluster,20260710,2741094871,0.24953262194888093
surgery_S3_score_rSI_GCSM,surgery,S3,score_rSI_GCSM,,overall,surgery,validation_2024,score_component_available_subset_of_current_cohort,2712,a72050445859f1563b9ab073ae1060c07809e77c9c051d75fbcea6cf08d9391a,AUROC,0.4617810432695425,0.433013737748835,0.4902752998232716,ESTIMATED,,2688,519,2634,2000,2000,1900,outcome_stratified_patient_group_cluster,20260710,4120494263,0.4617810432695425
surgery_S3_score_rSI_GCSM,surgery,S3,score_rSI_GCSM,,overall,surgery,validation_2024,score_component_available_subset_of_current_cohort,2712,a72050445859f1563b9ab073ae1060c07809e77c9c051d75fbcea6cf08d9391a,AUPRC,0.18112239601250513,0.16957136792987468,0.19667044297286917,ESTIMATED,,2688,519,2634,2000,2000,1900,outcome_stratified_patient_group_cluster,20260710,4120494263,0.18112239601250513
surgery_S3_score_rSI_GCSM,surgery,S3,score_rSI_GCSM,,overall,surgery,validation_2024,score_component_available_subset_of_current_cohort,2712,a72050445859f1563b9ab073ae1060c07809e77c9c051d75fbcea6cf08d9391a,Brier,0.2501875834894464,0.24845968575672703,0.2519422676327937,ESTIMATED,,2688,519,2634,2000,2000,1900,outcome_stratified_patient_group_cluster,20260710,4120494263,0.2501875834894464
surgery_S3_score_SIAVPU,surgery,S3,score_SIAVPU,,overall,surgery,validation_2024,score_component_available_subset_of_current_cohort,2712,709111e83c26297bd9b4808d43e3d5c99c48307bf21995aaa969a763243a810e,AUROC,0.4748870124219742,0.44508654602435277,0.5041267778280938,ESTIMATED,,2689,519,2635,2000,2000,1900,outcome_stratified_patient_group_cluster,20260710,4130488751,0.4748870124219742
surgery_S3_score_SIAVPU,surgery,S3,score_SIAVPU,,overall,surgery,validation_2024,score_component_available_subset_of_current_cohort,2712,709111e83c26297bd9b4808d43e3d5c99c48307bf21995aaa969a763243a810e,AUPRC,0.19068576327287612,0.17698429422681536,0.20999766491997945,ESTIMATED,,2689,519,2635,2000,2000,1900,outcome_stratified_patient_group_cluster,20260710,4130488751,0.19068576327287612
surgery_S3_score_SIAVPU,surgery,S3,score_SIAVPU,,overall,surgery,validation_2024,score_component_available_subset_of_current_cohort,2712,709111e83c26297bd9b4808d43e3d5c99c48307bf21995aaa969a763243a810e,Brier,0.25073605095793894,0.2503854967464657,0.25109316339888926,ESTIMATED,,2689,519,2635,2000,2000,1900,outcome_stratified_patient_group_cluster,20260710,4130488751,0.25073605095793894
surgery_S3_score_sMS,surgery,S3,score_sMS,,overall,surgery,validation_2024,score_component_available_subset_of_current_cohort,2712,506ace5309488640c63affda4c1d7df0d69c35b60cc99b5292cb85c6d83838ac,AUROC,0.49098173637502357,0.48547842199770286,0.49708231987513435,ESTIMATED,,2691,519,2637,2000,2000,1900,outcome_stratified_patient_group_cluster,20260710,4088364722,0.49098173637502357
surgery_S3_score_sMS,surgery,S3,score_sMS,,overall,surgery,validation_2024,score_component_available_subset_of_current_cohort,2712,506ace5309488640c63affda4c1d7df0d69c35b60cc99b5292cb85c6d83838ac,AUPRC,0.19145662775971897,0.19018671743581902,0.19302190779852887,ESTIMATED,,2691,519,2637,2000,2000,1900,outcome_stratified_patient_group_cluster,20260710,4088364722,0.19145662775971897
surgery_S3_score_sMS,surgery,S3,score_sMS,,overall,surgery,validation_2024,score_component_available_subset_of_current_cohort,2712,506ace5309488640c63affda4c1d7df0d69c35b60cc99b5292cb85c6d83838ac,Brier,0.24186829184491704,0.24042468812428022,0.2433735443883051,ESTIMATED,,2691,519,2637,2000,2000,1900,outcome_stratified_patient_group_cluster,20260710,4088364722,0.24186829184491704
surgery_S3_score_qSOFA,surgery,S3,score_qSOFA,,overall,surgery,validation_2024,score_component_available_subset_of_current_cohort,2712,709111e83c26297bd9b4808d43e3d5c99c48307bf21995aaa969a763243a810e,AUROC,0.5089093701996928,0.48960432259919645,0.5295002186288134,ESTIMATED,,2689,519,2635,2000,2000,1900,outcome_stratified_patient_group_cluster,20260710,4186244379,0.5089093701996928
surgery_S3_score_qSOFA,surgery,S3,score_qSOFA,,overall,surgery,validation_2024,score_component_available_subset_of_current_cohort,2712,709111e83c26297bd9b4808d43e3d5c99c48307bf21995aaa969a763243a810e,AUPRC,0.19613785171684753,0.19001437711463234,0.2054417828074344,ESTIMATED,,2689,519,2635,2000,2000,1900,outcome_stratified_patient_group_cluster,20260710,4186244379,0.19613785171684753
surgery_S3_score_qSOFA,surgery,S3,score_qSOFA,,overall,surgery,validation_2024,score_component_available_subset_of_current_cohort,2712,709111e83c26297bd9b4808d43e3d5c99c48307bf21995aaa969a763243a810e,Brier,0.24378327802988212,0.24201086006897593,0.2454938660550848,ESTIMATED,,2689,519,2635,2000,2000,1900,outcome_stratified_patient_group_cluster,20260710,4186244379,0.24378327802988212
surgery_S3_score_MEWS,surgery,S3,score_MEWS,,overall,surgery,validation_2024,score_component_available_subset_of_current_cohort,2712,8dedb1b75c54dae35cf87aa04927583eed9f65d09c4b831ff52271b9631e3ab5,AUROC,0.5035333224957383,0.4800252250368279,0.5275319576728672,ESTIMATED,,2688,519,2634,2000,2000,1900,outcome_stratified_patient_group_cluster,20260710,2534263604,0.5035333224957383
surgery_S3_score_MEWS,surgery,S3,score_MEWS,,overall,surgery,validation_2024,score_component_available_subset_of_current_cohort,2712,8dedb1b75c54dae35cf87aa04927583eed9f65d09c4b831ff52271b9631e3ab5,AUPRC,0.1935691217250061,0.18561563652478646,0.20507219277488883,ESTIMATED,,2688,519,2634,2000,2000,1900,outcome_stratified_patient_group_cluster,20260710,2534263604,0.1935691217250061
surgery_S3_score_MEWS,surgery,S3,score_MEWS,,overall,surgery,validation_2024,score_component_available_subset_of_current_cohort,2712,8dedb1b75c54dae35cf87aa04927583eed9f65d09c4b831ff52271b9631e3ab5,Brier,0.23870898225852777,0.23668567389936793,0.24073412067763575,ESTIMATED,,2688,519,2634,2000,2000,1900,outcome_stratified_patient_group_cluster,20260710,2534263604,0.23870898225852777
surgery_S3_score_REMS,surgery,S3,score_REMS,,overall,surgery,validation_2024,score_component_available_subset_of_current_cohort,2712,f074c5b3e5fecbad2bda6d40a37266894ce5f406c4a9f16082cc7e7390303d38,AUROC,0.6107914608662615,0.5845074384508154,0.6370333519808262,ESTIMATED,,2328,448,2282,2000,2000,1900,outcome_stratified_patient_group_cluster,20260710,944706157,0.6107914608662615
surgery_S3_score_REMS,surgery,S3,score_REMS,,overall,surgery,validation_2024,score_component_available_subset_of_current_cohort,2712,f074c5b3e5fecbad2bda6d40a37266894ce5f406c4a9f16082cc7e7390303d38,AUPRC,0.23935261947908737,0.22365003867317987,0.25855766402141805,ESTIMATED,,2328,448,2282,2000,2000,1900,outcome_stratified_patient_group_cluster,20260710,944706157,0.23935261947908737
surgery_S3_score_REMS,surgery,S3,score_REMS,,overall,surgery,validation_2024,score_component_available_subset_of_current_cohort,2712,f074c5b3e5fecbad2bda6d40a37266894ce5f406c4a9f16082cc7e7390303d38,Brier,0.21896275609828636,0.2142118726563373,0.2237827874755381,ESTIMATED,,2328,448,2282,2000,2000,1900,outcome_stratified_patient_group_cluster,20260710,944706157,0.21896275609828636
surgery_S3_score_RTS,surgery,S3,score_RTS,,overall,surgery,validation_2024,score_component_available_subset_of_current_cohort,2712,a72050445859f1563b9ab073ae1060c07809e77c9c051d75fbcea6cf08d9391a,AUROC,0.49014178594683716,0.4756363701462249,0.5056136000715442,ESTIMATED,,2688,519,2634,2000,2000,1900,outcome_stratified_patient_group_cluster,20260710,2209479869,0.49014178594683716
surgery_S3_score_RTS,surgery,S3,score_RTS,,overall,surgery,validation_2024,score_component_available_subset_of_current_cohort,2712,a72050445859f1563b9ab073ae1060c07809e77c9c051d75fbcea6cf08d9391a,AUPRC,0.189268257035417,0.18673024533676505,0.19383782825048196,ESTIMATED,,2688,519,2634,2000,2000,1900,outcome_stratified_patient_group_cluster,20260710,2209479869,0.189268257035417
surgery_S3_score_RTS,surgery,S3,score_RTS,,overall,surgery,validation_2024,score_component_available_subset_of_current_cohort,2712,a72050445859f1563b9ab073ae1060c07809e77c9c051d75fbcea6cf08d9391a,Brier,0.24610080850029253,0.24503678445449045,0.24728354325449187,ESTIMATED,,2688,519,2634,2000,2000,1900,outcome_stratified_patient_group_cluster,20260710,2209479869,0.24610080850029253
surgery_S3_score_rSI_GCS_alias,surgery,S3,score_rSI_GCS_alias,score_rSIG,overall,surgery,validation_2024,score_component_available_subset_of_current_cohort,2712,a72050445859f1563b9ab073ae1060c07809e77c9c051d75fbcea6cf08d9391a,AUROC,0.4614532504346142,0.43428205230015543,0.4904710850566645,ESTIMATED,,2688,519,2634,2000,2000,1900,outcome_stratified_patient_group_cluster,20260710,1276887146,0.4614532504346142
surgery_S3_score_rSI_GCS_alias,surgery,S3,score_rSI_GCS_alias,score_rSIG,overall,surgery,validation_2024,score_component_available_subset_of_current_cohort,2712,a72050445859f1563b9ab073ae1060c07809e77c9c051d75fbcea6cf08d9391a,AUPRC,0.17973490380540075,0.16915393161019593,0.1943615026866742,ESTIMATED,,2688,519,2634,2000,2000,1900,outcome_stratified_patient_group_cluster,20260710,1276887146,0.17973490380540075
surgery_S3_score_rSI_GCS_alias,surgery,S3,score_rSI_GCS_alias,score_rSIG,overall,surgery,validation_2024,score_component_available_subset_of_current_cohort,2712,a72050445859f1563b9ab073ae1060c07809e77c9c051d75fbcea6cf08d9391a,Brier,0.24967051398494639,0.24777657051626217,0.25155116606932265,ESTIMATED,,2688,519,2634,2000,2000,1900,outcome_stratified_patient_group_cluster,20260710,1276887146,0.24967051398494639
surgery_S3_knn_classifier,surgery,S3,knn_classifier,,surgery,surgery,validation_2024,exact_current_cohort,2712,6af3fa1ceb5e20a24ee260bad7ba0bf2553730e01405fb0aa4916e71f7f0c8a0,AUROC,0.686050331534256,0.6610062920722665,0.7113515162766154,ESTIMATED,,2712,521,2657,2000,2000,1900,outcome_stratified_patient_group_cluster,20260710,2074521055,0.686050331534256
surgery_S3_knn_classifier,surgery,S3,knn_classifier,,surgery,surgery,validation_2024,exact_current_cohort,2712,6af3fa1ceb5e20a24ee260bad7ba0bf2553730e01405fb0aa4916e71f7f0c8a0,AUPRC,0.3568790536964248,0.32398548512354536,0.39558094087023593,ESTIMATED,,2712,521,2657,2000,2000,1900,outcome_stratified_patient_group_cluster,20260710,2074521055,0.3568790536964248
surgery_S3_knn_classifier,surgery,S3,knn_classifier,,surgery,surgery,validation_2024,exact_current_cohort,2712,6af3fa1ceb5e20a24ee260bad7ba0bf2553730e01405fb0aa4916e71f7f0c8a0,Brier,0.14444392436124662,0.1403095730264176,0.14838064277167207,ESTIMATED,,2712,521,2657,2000,2000,1900,outcome_stratified_patient_group_cluster,20260710,2074521055,0.14444392436124662
surgery_S4_decision_tree,surgery,S4,decision_tree,,overall,surgery,validation_2024,exact_current_cohort,2712,6af3fa1ceb5e20a24ee260bad7ba0bf2553730e01405fb0aa4916e71f7f0c8a0,AUROC,0.7900355476560764,0.748186326996023,0.8276608056609024,ESTIMATED,,2712,140,2657,2000,2000,1900,outcome_stratified_patient_group_cluster,20260710,3813383878,0.7900355476560764
surgery_S4_decision_tree,surgery,S4,decision_tree,,overall,surgery,validation_2024,exact_current_cohort,2712,6af3fa1ceb5e20a24ee260bad7ba0bf2553730e01405fb0aa4916e71f7f0c8a0,AUPRC,0.2527768476764134,0.19532764797379798,0.33423745862309084,ESTIMATED,,2712,140,2657,2000,2000,1900,outcome_stratified_patient_group_cluster,20260710,3813383878,0.2527768476764134
surgery_S4_decision_tree,surgery,S4,decision_tree,,overall,surgery,validation_2024,exact_current_cohort,2712,6af3fa1ceb5e20a24ee260bad7ba0bf2553730e01405fb0aa4916e71f7f0c8a0,Brier,0.10850933320072997,0.10349873432254834,0.11397113084496345,ESTIMATED,,2712,140,2657,2000,2000,1900,outcome_stratified_patient_group_cluster,20260710,3813383878,0.10850933320072997
surgery_S4_random_forest,surgery,S4,random_forest,,overall,surgery,validation_2024,exact_current_cohort,2712,6af3fa1ceb5e20a24ee260bad7ba0bf2553730e01405fb0aa4916e71f7f0c8a0,AUROC,0.86413019329038,0.8357663578878668,0.8918617192770992,ESTIMATED,,2712,140,2657,2000,2000,1900,outcome_stratified_patient_group_cluster,20260710,865084353,0.86413019329038
surgery_S4_random_forest,surgery,S4,random_forest,,overall,surgery,validation_2024,exact_current_cohort,2712,6af3fa1ceb5e20a24ee260bad7ba0bf2553730e01405fb0aa4916e71f7f0c8a0,AUPRC,0.37758618763846824,0.3096187515901846,0.46238091181102486,ESTIMATED,,2712,140,2657,2000,2000,1900,outcome_stratified_patient_group_cluster,20260710,865084353,0.37758618763846824
surgery_S4_random_forest,surgery,S4,random_forest,,overall,surgery,validation_2024,exact_current_cohort,2712,6af3fa1ceb5e20a24ee260bad7ba0bf2553730e01405fb0aa4916e71f7f0c8a0,Brier,0.05807800284969446,0.05480636062405482,0.06132603611888984,ESTIMATED,,2712,140,2657,2000,2000,1900,outcome_stratified_patient_group_cluster,20260710,865084353,0.05807800284969446
surgery_S4_balanced_random_forest,surgery,S4,balanced_random_forest,,overall,surgery,validation_2024,exact_current_cohort,2712,6af3fa1ceb5e20a24ee260bad7ba0bf2553730e01405fb0aa4916e71f7f0c8a0,AUROC,0.863352588313708,0.8345613851867341,0.8906468997945028,ESTIMATED,,2712,140,2657,2000,2000,1900,outcome_stratified_patient_group_cluster,20260710,544656959,0.863352588313708
surgery_S4_balanced_random_forest,surgery,S4,balanced_random_forest,,overall,surgery,validation_2024,exact_current_cohort,2712,6af3fa1ceb5e20a24ee260bad7ba0bf2553730e01405fb0aa4916e71f7f0c8a0,AUPRC,0.38569764725064204,0.3148805301129792,0.46996033987552577,ESTIMATED,,2712,140,2657,2000,2000,1900,outcome_stratified_patient_group_cluster,20260710,544656959,0.38569764725064204
surgery_S4_balanced_random_forest,surgery,S4,balanced_random_forest,,overall,surgery,validation_2024,exact_current_cohort,2712,6af3fa1ceb5e20a24ee260bad7ba0bf2553730e01405fb0aa4916e71f7f0c8a0,Brier,0.08682002093955785,0.08293349674130916,0.09076107223387622,ESTIMATED,,2712,140,2657,2000,2000,1900,outcome_stratified_patient_group_cluster,20260710,544656959,0.08682002093955785
surgery_S4_svm_rbf,surgery,S4,svm_rbf,,overall,surgery,validation_2024,exact_current_cohort,2712,6af3fa1ceb5e20a24ee260bad7ba0bf2553730e01405fb0aa4916e71f7f0c8a0,AUROC,0.8100533214841147,0.7763407357377596,0.8427543508043314,ESTIMATED,,2712,140,2657,2000,2000,1900,outcome_stratified_patient_group_cluster,20260710,3072378414,0.8100533214841147
surgery_S4_svm_rbf,surgery,S4,svm_rbf,,overall,surgery,validation_2024,exact_current_cohort,2712,6af3fa1ceb5e20a24ee260bad7ba0bf2553730e01405fb0aa4916e71f7f0c8a0,AUPRC,0.20303463417831313,0.16281375158587771,0.2723770476920475,ESTIMATED,,2712,140,2657,2000,2000,1900,outcome_stratified_patient_group_cluster,20260710,3072378414,0.20303463417831313
surgery_S4_svm_rbf,surgery,S4,svm_rbf,,overall,surgery,validation_2024,exact_current_cohort,2712,6af3fa1ceb5e20a24ee260bad7ba0bf2553730e01405fb0aa4916e71f7f0c8a0,Brier,0.04523075657753783,0.04359327381381648,0.046719486656069904,ESTIMATED,,2712,140,2657,2000,2000,1900,outcome_stratified_patient_group_cluster,20260710,3072378414,0.04523075657753783
surgery_S4_logistic_l1,surgery,S4,logistic_l1,,overall,surgery,validation_2024,exact_current_cohort,2712,6af3fa1ceb5e20a24ee260bad7ba0bf2553730e01405fb0aa4916e71f7f0c8a0,AUROC,0.8060514330148856,0.7577912906663065,0.8480326114188109,ESTIMATED,,2712,140,2657,2000,2000,1900,outcome_stratified_patient_group_cluster,20260710,1782565701,0.8060514330148856
surgery_S4_logistic_l1,surgery,S4,logistic_l1,,overall,surgery,validation_2024,exact_current_cohort,2712,6af3fa1ceb5e20a24ee260bad7ba0bf2553730e01405fb0aa4916e71f7f0c8a0,AUPRC,0.34154911447962727,0.2725371345916793,0.4326718271828468,ESTIMATED,,2712,140,2657,2000,2000,1900,outcome_stratified_patient_group_cluster,20260710,1782565701,0.34154911447962727
surgery_S4_logistic_l1,surgery,S4,logistic_l1,,overall,surgery,validation_2024,exact_current_cohort,2712,6af3fa1ceb5e20a24ee260bad7ba0bf2553730e01405fb0aa4916e71f7f0c8a0,Brier,0.09210009133888888,0.08585914655963792,0.0983390373510329,ESTIMATED,,2712,140,2657,2000,2000,1900,outcome_stratified_patient_group_cluster,20260710,1782565701,0.09210009133888888
surgery_S4_logistic_l2,surgery,S4,logistic_l2,,overall,surgery,validation_2024,exact_current_cohort,2712,6af3fa1ceb5e20a24ee260bad7ba0bf2553730e01405fb0aa4916e71f7f0c8a0,AUROC,0.7992446123083758,0.7503298484502883,0.8438367195204185,ESTIMATED,,2712,140,2657,2000,2000,1900,outcome_stratified_patient_group_cluster,20260710,29370557,0.7992446123083758
surgery_S4_logistic_l2,surgery,S4,logistic_l2,,overall,surgery,validation_2024,exact_current_cohort,2712,6af3fa1ceb5e20a24ee260bad7ba0bf2553730e01405fb0aa4916e71f7f0c8a0,AUPRC,0.3292011132936631,0.2594842160100251,0.41454866010476515,ESTIMATED,,2712,140,2657,2000,2000,1900,outcome_stratified_patient_group_cluster,20260710,29370557,0.3292011132936631
surgery_S4_logistic_l2,surgery,S4,logistic_l2,,overall,surgery,validation_2024,exact_current_cohort,2712,6af3fa1ceb5e20a24ee260bad7ba0bf2553730e01405fb0aa4916e71f7f0c8a0,Brier,0.0929931927789748,0.08707549656582937,0.09948274264130358,ESTIMATED,,2712,140,2657,2000,2000,1900,outcome_stratified_patient_group_cluster,20260710,29370557,0.0929931927789748
surgery_S4_score_NEWS2,surgery,S4,score_NEWS2,,overall,surgery,validation_2024,score_component_available_subset_of_current_cohort,2712,84d367bc0edcbc976197746cebb79a38c3db623cccfbedef30d11c68363d281f,AUROC,0.6894303363074811,0.561770761839396,0.8033716540837337,ESTIMATED,,78,31,78,2000,2000,1900,outcome_stratified_patient_group_cluster,20260710,598017644,0.6894303363074811
surgery_S4_score_NEWS2,surgery,S4,score_NEWS2,,overall,surgery,validation_2024,score_component_available_subset_of_current_cohort,2712,84d367bc0edcbc976197746cebb79a38c3db623cccfbedef30d11c68363d281f,AUPRC,0.6103206418812951,0.49427608593370703,0.7345885765943618,ESTIMATED,,78,31,78,2000,2000,1900,outcome_stratified_patient_group_cluster,20260710,598017644,0.6103206418812951
surgery_S4_score_NEWS2,surgery,S4,score_NEWS2,,overall,surgery,validation_2024,score_component_available_subset_of_current_cohort,2712,84d367bc0edcbc976197746cebb79a38c3db623cccfbedef30d11c68363d281f,Brier,0.22022575696221827,0.19983244251870302,0.24277681681664015,ESTIMATED,,78,31,78,2000,2000,1900,outcome_stratified_patient_group_cluster,20260710,598017644,0.22022575696221827
surgery_S4_score_rSIG,surgery,S4,score_rSIG,,overall,surgery,validation_2024,score_component_available_subset_of_current_cohort,2712,a72050445859f1563b9ab073ae1060c07809e77c9c051d75fbcea6cf08d9391a,AUROC,0.6148447270304702,0.5600752771912001,0.6696083616414961,ESTIMATED,,2688,134,2634,2000,2000,1900,outcome_stratified_patient_group_cluster,20260710,120639814,0.6148447270304702
surgery_S4_score_rSIG,surgery,S4,score_rSIG,,overall,surgery,validation_2024,score_component_available_subset_of_current_cohort,2712,a72050445859f1563b9ab073ae1060c07809e77c9c051d75fbcea6cf08d9391a,AUPRC,0.21370434220732318,0.15050316284463328,0.28613140339532844,ESTIMATED,,2688,134,2634,2000,2000,1900,outcome_stratified_patient_group_cluster,20260710,120639814,0.21370434220732318
surgery_S4_score_rSIG,surgery,S4,score_rSIG,,overall,surgery,validation_2024,score_component_available_subset_of_current_cohort,2712,a72050445859f1563b9ab073ae1060c07809e77c9c051d75fbcea6cf08d9391a,Brier,0.22811455257347138,0.2253993562630227,0.2309312964737066,ESTIMATED,,2688,134,2634,2000,2000,1900,outcome_stratified_patient_group_cluster,20260710,120639814,0.22811455257347138
surgery_S4_score_rSIG_Age,surgery,S4,score_rSIG_Age,,overall,surgery,validation_2024,score_component_available_subset_of_current_cohort,2712,bc44d553aab8a61e7e305401570a342a68f7150af14b7f845adccc94316ce1e2,AUROC,0.7304788289052581,0.6882779710863383,0.77376284946791,ESTIMATED,,2685,134,2631,2000,2000,1900,outcome_stratified_patient_group_cluster,20260710,1056212932,0.7304788289052581
surgery_S4_score_rSIG_Age,surgery,S4,score_rSIG_Age,,overall,surgery,validation_2024,score_component_available_subset_of_current_cohort,2712,bc44d553aab8a61e7e305401570a342a68f7150af14b7f845adccc94316ce1e2,AUPRC,0.22005136222293367,0.16416448498069716,0.289536418790044,ESTIMATED,,2685,134,2631,2000,2000,1900,outcome_stratified_patient_group_cluster,20260710,1056212932,0.22005136222293367
surgery_S4_score_rSIG_Age,surgery,S4,score_rSIG_Age,,overall,surgery,validation_2024,score_component_available_subset_of_current_cohort,2712,bc44d553aab8a61e7e305401570a342a68f7150af14b7f845adccc94316ce1e2,Brier,0.18807332150051295,0.1831697417006672,0.19322178985021018,ESTIMATED,,2685,134,2631,2000,2000,1900,outcome_stratified_patient_group_cluster,20260710,1056212932,0.18807332150051295
surgery_S4_score_SIA_G,surgery,S4,score_SIA_G,,overall,surgery,validation_2024,score_component_available_subset_of_current_cohort,2712,bc44d553aab8a61e7e305401570a342a68f7150af14b7f845adccc94316ce1e2,AUROC,0.7304788289052581,0.6865569790898127,0.7715734385468247,ESTIMATED,,2685,134,2631,2000,2000,1900,outcome_stratified_patient_group_cluster,20260710,3433091371,0.7304788289052581
surgery_S4_score_SIA_G,surgery,S4,score_SIA_G,,overall,surgery,validation_2024,score_component_available_subset_of_current_cohort,2712,bc44d553aab8a61e7e305401570a342a68f7150af14b7f845adccc94316ce1e2,AUPRC,0.2200513622229337,0.15895791597841966,0.29012047540344965,ESTIMATED,,2685,134,2631,2000,2000,1900,outcome_stratified_patient_group_cluster,20260710,3433091371,0.2200513622229337
surgery_S4_score_SIA_G,surgery,S4,score_SIA_G,,overall,surgery,validation_2024,score_component_available_subset_of_current_cohort,2712,bc44d553aab8a61e7e305401570a342a68f7150af14b7f845adccc94316ce1e2,Brier,0.18688142993046206,0.18436848800024147,0.18939554605865616,ESTIMATED,,2685,134,2631,2000,2000,1900,outcome_stratified_patient_group_cluster,20260710,3433091371,0.18688142993046206
surgery_S4_score_SI_G,surgery,S4,score_SI_G,,overall,surgery,validation_2024,score_component_available_subset_of_current_cohort,2712,a72050445859f1563b9ab073ae1060c07809e77c9c051d75fbcea6cf08d9391a,AUROC,0.6148447270304702,0.5578412055551277,0.6688932022162859,ESTIMATED,,2688,134,2634,2000,2000,1900,outcome_stratified_patient_group_cluster,20260710,9214624,0.6148447270304702
surgery_S4_score_SI_G,surgery,S4,score_SI_G,,overall,surgery,validation_2024,score_component_available_subset_of_current_cohort,2712,a72050445859f1563b9ab073ae1060c07809e77c9c051d75fbcea6cf08d9391a,AUPRC,0.2139404528632351,0.1505437794677749,0.28496063924228865,ESTIMATED,,2688,134,2634,2000,2000,1900,outcome_stratified_patient_group_cluster,20260710,9214624,0.2139404528632351
surgery_S4_score_SI_G,surgery,S4,score_SI_G,,overall,surgery,validation_2024,score_component_available_subset_of_current_cohort,2712,a72050445859f1563b9ab073ae1060c07809e77c9c051d75fbcea6cf08d9391a,Brier,0.21044571027198497,0.20871157770039164,0.21222893756528002,ESTIMATED,,2688,134,2634,2000,2000,1900,outcome_stratified_patient_group_cluster,20260710,9214624,0.21044571027198497
surgery_S4_score_SI,surgery,S4,score_SI,,overall,surgery,validation_2024,score_component_available_subset_of_current_cohort,2712,709111e83c26297bd9b4808d43e3d5c99c48307bf21995aaa969a763243a810e,AUROC,0.49813799704167755,0.4418761992361031,0.5510030646630034,ESTIMATED,,2689,135,2635,2000,2000,1900,outcome_stratified_patient_group_cluster,20260710,2567710921,0.49813799704167755
surgery_S4_score_SI,surgery,S4,score_SI,,overall,surgery,validation_2024,score_component_available_subset_of_current_cohort,2712,709111e83c26297bd9b4808d43e3d5c99c48307bf21995aaa969a763243a810e,AUPRC,0.08526742440824638,0.056098077432257344,0.12431499957816923,ESTIMATED,,2689,135,2635,2000,2000,1900,outcome_stratified_patient_group_cluster,20260710,2567710921,0.08526742440824638
surgery_S4_score_SI,surgery,S4,score_SI,,overall,surgery,validation_2024,score_component_available_subset_of_current_cohort,2712,709111e83c26297bd9b4808d43e3d5c99c48307bf21995aaa969a763243a810e,Brier,0.24383954399050828,0.24187358515038485,0.24594076598603662,ESTIMATED,,2689,135,2635,2000,2000,1900,outcome_stratified_patient_group_cluster,20260710,2567710921,0.24383954399050828
surgery_S4_score_mSI,surgery,S4,score_mSI,,overall,surgery,validation_2024,score_component_available_subset_of_current_cohort,2712,1b3e771fceb84480288e8cc148b1fb73c596fc45e4e1832dd8babc7bb726070f,AUROC,0.503430137319514,0.4414576641378602,0.5660951842544009,ESTIMATED,,2330,119,2284,2000,2000,1900,outcome_stratified_patient_group_cluster,20260710,550662894,0.503430137319514
surgery_S4_score_mSI,surgery,S4,score_mSI,,overall,surgery,validation_2024,score_component_available_subset_of_current_cohort,2712,1b3e771fceb84480288e8cc148b1fb73c596fc45e4e1832dd8babc7bb726070f,AUPRC,0.09906648736264252,0.06287871138932397,0.1507961256073064,ESTIMATED,,2330,119,2284,2000,2000,1900,outcome_stratified_patient_group_cluster,20260710,550662894,0.09906648736264252
surgery_S4_score_mSI,surgery,S4,score_mSI,,overall,surgery,validation_2024,score_component_available_subset_of_current_cohort,2712,1b3e771fceb84480288e8cc148b1fb73c596fc45e4e1832dd8babc7bb726070f,Brier,0.23527419233780936,0.23358113350701976,0.23688109811774538,ESTIMATED,,2330,119,2284,2000,2000,1900,outcome_stratified_patient_group_cluster,20260710,550662894,0.23527419233780936
surgery_S4_score_aSI,surgery,S4,score_aSI,,overall,surgery,validation_2024,score_component_available_subset_of_current_cohort,2712,dd835c7516c3c5b4ffc28938c2745dedbbf0df4f009d25d9c697c005921f1ae6,AUROC,0.6579075743717061,0.6169591502829935,0.7000358517171151,ESTIMATED,,2686,135,2632,2000,2000,1900,outcome_stratified_patient_group_cluster,20260710,3720507554,0.6579075743717061
surgery_S4_score_aSI,surgery,S4,score_aSI,,overall,surgery,validation_2024,score_component_available_subset_of_current_cohort,2712,dd835c7516c3c5b4ffc28938c2745dedbbf0df4f009d25d9c697c005921f1ae6,AUPRC,0.094184735811911,0.07357534625067601,0.13209325387723936,ESTIMATED,,2686,135,2632,2000,2000,1900,outcome_stratified_patient_group_cluster,20260710,3720507554,0.094184735811911
surgery_S4_score_aSI,surgery,S4,score_aSI,,overall,surgery,validation_2024,score_component_available_subset_of_current_cohort,2712,dd835c7516c3c5b4ffc28938c2745dedbbf0df4f009d25d9c697c005921f1ae6,Brier,0.20401509578840787,0.19951110381036807,0.20830402714889046,ESTIMATED,,2686,135,2632,2000,2000,1900,outcome_stratified_patient_group_cluster,20260710,3720507554,0.20401509578840787
surgery_S4_score_rSI,surgery,S4,score_rSI,,overall,surgery,validation_2024,score_component_available_subset_of_current_cohort,2712,709111e83c26297bd9b4808d43e3d5c99c48307bf21995aaa969a763243a810e,AUROC,0.49813799704167755,0.4433953396188826,0.5525899766186828,ESTIMATED,,2689,135,2635,2000,2000,1900,outcome_stratified_patient_group_cluster,20260710,4293315725,0.49813799704167755
surgery_S4_score_rSI,surgery,S4,score_rSI,,overall,surgery,validation_2024,score_component_available_subset_of_current_cohort,2712,709111e83c26297bd9b4808d43e3d5c99c48307bf21995aaa969a763243a810e,AUPRC,0.08526742440824638,0.057310452273304995,0.12784941339448852,ESTIMATED,,2689,135,2635,2000,2000,1900,outcome_stratified_patient_group_cluster,20260710,4293315725,0.08526742440824638
surgery_S4_score_rSI,surgery,S4,score_rSI,,overall,surgery,validation_2024,score_component_available_subset_of_current_cohort,2712,709111e83c26297bd9b4808d43e3d5c99c48307bf21995aaa969a763243a810e,Brier,0.24921337374324756,0.2483922734820466,0.2500279116145392,ESTIMATED,,2689,135,2635,2000,2000,1900,outcome_stratified_patient_group_cluster,20260710,4293315725,0.24921337374324756
surgery_S4_score_rSI_sMS,surgery,S4,score_rSI_sMS,,overall,surgery,validation_2024,score_component_available_subset_of_current_cohort,2712,a72050445859f1563b9ab073ae1060c07809e77c9c051d75fbcea6cf08d9391a,AUROC,0.6151369230589419,0.5586388681333146,0.6699063799450017,ESTIMATED,,2688,134,2634,2000,2000,1900,outcome_stratified_patient_group_cluster,20260710,177861567,0.6151369230589419
surgery_S4_score_rSI_sMS,surgery,S4,score_rSI_sMS,,overall,surgery,validation_2024,score_component_available_subset_of_current_cohort,2712,a72050445859f1563b9ab073ae1060c07809e77c9c051d75fbcea6cf08d9391a,AUPRC,0.18275371408052868,0.12682561091204156,0.2626833645593289,ESTIMATED,,2688,134,2634,2000,2000,1900,outcome_stratified_patient_group_cluster,20260710,177861567,0.18275371408052868
surgery_S4_score_rSI_sMS,surgery,S4,score_rSI_sMS,,overall,surgery,validation_2024,score_component_available_subset_of_current_cohort,2712,a72050445859f1563b9ab073ae1060c07809e77c9c051d75fbcea6cf08d9391a,Brier,0.2283487151857739,0.22559621759773527,0.23098946354988695,ESTIMATED,,2688,134,2634,2000,2000,1900,outcome_stratified_patient_group_cluster,20260710,177861567,0.2283487151857739
surgery_S4_score_rSI_GCSM,surgery,S4,score_rSI_GCSM,,overall,surgery,validation_2024,score_component_available_subset_of_current_cohort,2712,a72050445859f1563b9ab073ae1060c07809e77c9c051d75fbcea6cf08d9391a,AUROC,0.5907940719269744,0.5343708911336813,0.6459220260048832,ESTIMATED,,2688,134,2634,2000,2000,1900,outcome_stratified_patient_group_cluster,20260710,3350420290,0.5907940719269744
surgery_S4_score_rSI_GCSM,surgery,S4,score_rSI_GCSM,,overall,surgery,validation_2024,score_component_available_subset_of_current_cohort,2712,a72050445859f1563b9ab073ae1060c07809e77c9c051d75fbcea6cf08d9391a,AUPRC,0.18487637686278652,0.127068388294888,0.25862544345051475,ESTIMATED,,2688,134,2634,2000,2000,1900,outcome_stratified_patient_group_cluster,20260710,3350420290,0.18487637686278652
surgery_S4_score_rSI_GCSM,surgery,S4,score_rSI_GCSM,,overall,surgery,validation_2024,score_component_available_subset_of_current_cohort,2712,a72050445859f1563b9ab073ae1060c07809e77c9c051d75fbcea6cf08d9391a,Brier,0.23243359202629602,0.22996928565625147,0.23499931403677976,ESTIMATED,,2688,134,2634,2000,2000,1900,outcome_stratified_patient_group_cluster,20260710,3350420290,0.23243359202629602
surgery_S4_score_SIAVPU,surgery,S4,score_SIAVPU,,overall,surgery,validation_2024,score_component_available_subset_of_current_cohort,2712,709111e83c26297bd9b4808d43e3d5c99c48307bf21995aaa969a763243a810e,AUROC,0.5821775573537515,0.5270896840696365,0.6431200088167501,ESTIMATED,,2689,135,2635,2000,2000,1900,outcome_stratified_patient_group_cluster,20260710,1843421827,0.5821775573537515
surgery_S4_score_SIAVPU,surgery,S4,score_SIAVPU,,overall,surgery,validation_2024,score_component_available_subset_of_current_cohort,2712,709111e83c26297bd9b4808d43e3d5c99c48307bf21995aaa969a763243a810e,AUPRC,0.1846862632439869,0.1273378835247268,0.25443122116800343,ESTIMATED,,2689,135,2635,2000,2000,1900,outcome_stratified_patient_group_cluster,20260710,1843421827,0.1846862632439869
surgery_S4_score_SIAVPU,surgery,S4,score_SIAVPU,,overall,surgery,validation_2024,score_component_available_subset_of_current_cohort,2712,709111e83c26297bd9b4808d43e3d5c99c48307bf21995aaa969a763243a810e,Brier,0.24769791411597145,0.24706995304421278,0.24832371207186457,ESTIMATED,,2689,135,2635,2000,2000,1900,outcome_stratified_patient_group_cluster,20260710,1843421827,0.24769791411597145
surgery_S4_score_sMS,surgery,S4,score_sMS,,overall,surgery,validation_2024,score_component_available_subset_of_current_cohort,2712,506ace5309488640c63affda4c1d7df0d69c35b60cc99b5292cb85c6d83838ac,AUROC,0.61979406837537,0.5832670115713977,0.6568330380393793,ESTIMATED,,2691,134,2637,2000,2000,1900,outcome_stratified_patient_group_cluster,20260710,1260347724,0.61979406837537
surgery_S4_score_sMS,surgery,S4,score_sMS,,overall,surgery,validation_2024,score_component_available_subset_of_current_cohort,2712,506ace5309488640c63affda4c1d7df0d69c35b60cc99b5292cb85c6d83838ac,AUPRC,0.15927799983202318,0.11029293449905363,0.2178685996044677,ESTIMATED,,2691,134,2637,2000,2000,1900,outcome_stratified_patient_group_cluster,20260710,1260347724,0.15927799983202318
surgery_S4_score_sMS,surgery,S4,score_sMS,,overall,surgery,validation_2024,score_component_available_subset_of_current_cohort,2712,506ace5309488640c63affda4c1d7df0d69c35b60cc99b5292cb85c6d83838ac,Brier,0.19866072603106869,0.19664144899392394,0.20081776570471302,ESTIMATED,,2691,134,2637,2000,2000,1900,outcome_stratified_patient_group_cluster,20260710,1260347724,0.19866072603106869
surgery_S4_score_qSOFA,surgery,S4,score_qSOFA,,overall,surgery,validation_2024,score_component_available_subset_of_current_cohort,2712,709111e83c26297bd9b4808d43e3d5c99c48307bf21995aaa969a763243a810e,AUROC,0.6518329997969778,0.6084938932913946,0.6971734375356483,ESTIMATED,,2689,135,2635,2000,2000,1900,outcome_stratified_patient_group_cluster,20260710,2304916505,0.6518329997969778
surgery_S4_score_qSOFA,surgery,S4,score_qSOFA,,overall,surgery,validation_2024,score_component_available_subset_of_current_cohort,2712,709111e83c26297bd9b4808d43e3d5c99c48307bf21995aaa969a763243a810e,AUPRC,0.1268040451080045,0.09135634711651784,0.17400605755852613,ESTIMATED,,2689,135,2635,2000,2000,1900,outcome_stratified_patient_group_cluster,20260710,2304916505,0.1268040451080045
surgery_S4_score_qSOFA,surgery,S4,score_qSOFA,,overall,surgery,validation_2024,score_component_available_subset_of_current_cohort,2712,709111e83c26297bd9b4808d43e3d5c99c48307bf21995aaa969a763243a810e,Brier,0.19253128109667925,0.18806117456498045,0.19735474541875694,ESTIMATED,,2689,135,2635,2000,2000,1900,outcome_stratified_patient_group_cluster,20260710,2304916505,0.19253128109667925
surgery_S4_score_MEWS,surgery,S4,score_MEWS,,overall,surgery,validation_2024,score_component_available_subset_of_current_cohort,2712,8dedb1b75c54dae35cf87aa04927583eed9f65d09c4b831ff52271b9631e3ab5,AUROC,0.6243721982852416,0.5735858993362737,0.6716434556474326,ESTIMATED,,2688,135,2634,2000,2000,1900,outcome_stratified_patient_group_cluster,20260710,334901740,0.6243721982852416
surgery_S4_score_MEWS,surgery,S4,score_MEWS,,overall,surgery,validation_2024,score_component_available_subset_of_current_cohort,2712,8dedb1b75c54dae35cf87aa04927583eed9f65d09c4b831ff52271b9631e3ab5,AUPRC,0.1821136387792291,0.12808087785272293,0.24858018119208364,ESTIMATED,,2688,135,2634,2000,2000,1900,outcome_stratified_patient_group_cluster,20260710,334901740,0.1821136387792291
surgery_S4_score_MEWS,surgery,S4,score_MEWS,,overall,surgery,validation_2024,score_component_available_subset_of_current_cohort,2712,8dedb1b75c54dae35cf87aa04927583eed9f65d09c4b831ff52271b9631e3ab5,Brier,0.1811011416467505,0.17723912248059875,0.18507163736952695,ESTIMATED,,2688,135,2634,2000,2000,1900,outcome_stratified_patient_group_cluster,20260710,334901740,0.1811011416467505
surgery_S4_score_REMS,surgery,S4,score_REMS,,overall,surgery,validation_2024,score_component_available_subset_of_current_cohort,2712,f074c5b3e5fecbad2bda6d40a37266894ce5f406c4a9f16082cc7e7390303d38,AUROC,0.7137721451031521,0.6675121565602272,0.7597339303853687,ESTIMATED,,2328,118,2282,2000,2000,1900,outcome_stratified_patient_group_cluster,20260710,3918977363,0.7137721451031521
surgery_S4_score_REMS,surgery,S4,score_REMS,,overall,surgery,validation_2024,score_component_available_subset_of_current_cohort,2712,f074c5b3e5fecbad2bda6d40a37266894ce5f406c4a9f16082cc7e7390303d38,AUPRC,0.18257525585188594,0.12712590844312327,0.24974209173603204,ESTIMATED,,2328,118,2282,2000,2000,1900,outcome_stratified_patient_group_cluster,20260710,3918977363,0.18257525585188594
surgery_S4_score_REMS,surgery,S4,score_REMS,,overall,surgery,validation_2024,score_component_available_subset_of_current_cohort,2712,f074c5b3e5fecbad2bda6d40a37266894ce5f406c4a9f16082cc7e7390303d38,Brier,0.1694306275334265,0.16360075057307688,0.1752302230686847,ESTIMATED,,2328,118,2282,2000,2000,1900,outcome_stratified_patient_group_cluster,20260710,3918977363,0.1694306275334265
surgery_S4_score_RTS,surgery,S4,score_RTS,,overall,surgery,validation_2024,score_component_available_subset_of_current_cohort,2712,a72050445859f1563b9ab073ae1060c07809e77c9c051d75fbcea6cf08d9391a,AUROC,0.6302493016514918,0.5857209588626606,0.6737756555837926,ESTIMATED,,2688,134,2634,2000,2000,1900,outcome_stratified_patient_group_cluster,20260710,3886409773,0.6302493016514918
surgery_S4_score_RTS,surgery,S4,score_RTS,,overall,surgery,validation_2024,score_component_available_subset_of_current_cohort,2712,a72050445859f1563b9ab073ae1060c07809e77c9c051d75fbcea6cf08d9391a,AUPRC,0.22610326393414135,0.1584775553325738,0.30010195622992486,ESTIMATED,,2688,134,2634,2000,2000,1900,outcome_stratified_patient_group_cluster,20260710,3886409773,0.22610326393414135
surgery_S4_score_RTS,surgery,S4,score_RTS,,overall,surgery,validation_2024,score_component_available_subset_of_current_cohort,2712,a72050445859f1563b9ab073ae1060c07809e77c9c051d75fbcea6cf08d9391a,Brier,0.20278750651275917,0.20063604463341506,0.20516400491534653,ESTIMATED,,2688,134,2634,2000,2000,1900,outcome_stratified_patient_group_cluster,20260710,3886409773,0.20278750651275917
surgery_S4_score_rSI_GCS_alias,surgery,S4,score_rSI_GCS_alias,score_rSIG,overall,surgery,validation_2024,score_component_available_subset_of_current_cohort,2712,a72050445859f1563b9ab073ae1060c07809e77c9c051d75fbcea6cf08d9391a,AUROC,0.6148447270304702,0.5600752771912001,0.6696083616414961,ESTIMATED,,2688,134,2634,2000,2000,1900,outcome_stratified_patient_group_cluster,20260710,120639814,0.6148447270304702
surgery_S4_score_rSI_GCS_alias,surgery,S4,score_rSI_GCS_alias,score_rSIG,overall,surgery,validation_2024,score_component_available_subset_of_current_cohort,2712,a72050445859f1563b9ab073ae1060c07809e77c9c051d75fbcea6cf08d9391a,AUPRC,0.21370434220732318,0.15050316284463328,0.28613140339532844,ESTIMATED,,2688,134,2634,2000,2000,1900,outcome_stratified_patient_group_cluster,20260710,120639814,0.21370434220732318
surgery_S4_score_rSI_GCS_alias,surgery,S4,score_rSI_GCS_alias,score_rSIG,overall,surgery,validation_2024,score_component_available_subset_of_current_cohort,2712,a72050445859f1563b9ab073ae1060c07809e77c9c051d75fbcea6cf08d9391a,Brier,0.22811455257347138,0.2253993562630227,0.2309312964737066,ESTIMATED,,2688,134,2634,2000,2000,1900,outcome_stratified_patient_group_cluster,20260710,120639814,0.22811455257347138
surgery_S4_knn_classifier,surgery,S4,knn_classifier,,surgery,surgery,validation_2024,exact_current_cohort,2712,6af3fa1ceb5e20a24ee260bad7ba0bf2553730e01405fb0aa4916e71f7f0c8a0,AUROC,0.7775411019773385,0.734402655914976,0.8181560648423758,ESTIMATED,,2712,140,2657,2000,2000,1900,outcome_stratified_patient_group_cluster,20260710,1472680234,0.7775411019773385
surgery_S4_knn_classifier,surgery,S4,knn_classifier,,surgery,surgery,validation_2024,exact_current_cohort,2712,6af3fa1ceb5e20a24ee260bad7ba0bf2553730e01405fb0aa4916e71f7f0c8a0,AUPRC,0.32417500467679256,0.2540854706590155,0.4002815054374173,ESTIMATED,,2712,140,2657,2000,2000,1900,outcome_stratified_patient_group_cluster,20260710,1472680234,0.32417500467679256
surgery_S4_knn_classifier,surgery,S4,knn_classifier,,surgery,surgery,validation_2024,exact_current_cohort,2712,6af3fa1ceb5e20a24ee260bad7ba0bf2553730e01405fb0aa4916e71f7f0c8a0,Brier,0.04176759987199521,0.03916427891800874,0.04431246451224153,ESTIMATED,,2712,140,2657,2000,2000,1900,outcome_stratified_patient_group_cluster,20260710,1472680234,0.04176759987199521
surgery_S5_decision_tree,surgery,S5,decision_tree,,overall,surgery,validation_2024,exact_current_cohort,2712,6af3fa1ceb5e20a24ee260bad7ba0bf2553730e01405fb0aa4916e71f7f0c8a0,AUROC,0.606706025627449,0.41464075402177847,0.7935928817022244,ESTIMATED,,2712,14,2657,2000,2000,1900,outcome_stratified_patient_group_cluster,20260710,1179193763,0.606706025627449
surgery_S5_decision_tree,surgery,S5,decision_tree,,overall,surgery,validation_2024,exact_current_cohort,2712,6af3fa1ceb5e20a24ee260bad7ba0bf2553730e01405fb0aa4916e71f7f0c8a0,AUPRC,0.034676161708597115,0.00845970708406937,0.09750767648671795,ESTIMATED,,2712,14,2657,2000,2000,1900,outcome_stratified_patient_group_cluster,20260710,1179193763,0.034676161708597115
surgery_S5_decision_tree,surgery,S5,decision_tree,,overall,surgery,validation_2024,exact_current_cohort,2712,6af3fa1ceb5e20a24ee260bad7ba0bf2553730e01405fb0aa4916e71f7f0c8a0,Brier,0.06776162023401895,0.062093599849365286,0.07360574496509358,ESTIMATED,,2712,14,2657,2000,2000,1900,outcome_stratified_patient_group_cluster,20260710,1179193763,0.06776162023401895
surgery_S5_random_forest,surgery,S5,random_forest,,overall,surgery,validation_2024,exact_current_cohort,2712,6af3fa1ceb5e20a24ee260bad7ba0bf2553730e01405fb0aa4916e71f7f0c8a0,AUROC,0.9095361643545483,0.8422611598866465,0.9581202046879996,ESTIMATED,,2712,14,2657,2000,2000,1900,outcome_stratified_patient_group_cluster,20260710,3497255110,0.9095361643545483
surgery_S5_random_forest,surgery,S5,random_forest,,overall,surgery,validation_2024,exact_current_cohort,2712,6af3fa1ceb5e20a24ee260bad7ba0bf2553730e01405fb0aa4916e71f7f0c8a0,AUPRC,0.06897626588151377,0.03160677797772736,0.200687061895769,ESTIMATED,,2712,14,2657,2000,2000,1900,outcome_stratified_patient_group_cluster,20260710,3497255110,0.06897626588151377
surgery_S5_random_forest,surgery,S5,random_forest,,overall,surgery,validation_2024,exact_current_cohort,2712,6af3fa1ceb5e20a24ee260bad7ba0bf2553730e01405fb0aa4916e71f7f0c8a0,Brier,0.008085993375347732,0.007228811837898698,0.008969308985665534,ESTIMATED,,2712,14,2657,2000,2000,1900,outcome_stratified_patient_group_cluster,20260710,3497255110,0.008085993375347732
surgery_S5_balanced_random_forest,surgery,S5,balanced_random_forest,,overall,surgery,validation_2024,exact_current_cohort,2712,6af3fa1ceb5e20a24ee260bad7ba0bf2553730e01405fb0aa4916e71f7f0c8a0,AUROC,0.8815524727311236,0.8002157780549478,0.9488392133024821,ESTIMATED,,2712,14,2657,2000,2000,1900,outcome_stratified_patient_group_cluster,20260710,29414140,0.8815524727311236
surgery_S5_balanced_random_forest,surgery,S5,balanced_random_forest,,overall,surgery,validation_2024,exact_current_cohort,2712,6af3fa1ceb5e20a24ee260bad7ba0bf2553730e01405fb0aa4916e71f7f0c8a0,AUPRC,0.07024024988087825,0.026896030380606468,0.22291162230428463,ESTIMATED,,2712,14,2657,2000,2000,1900,outcome_stratified_patient_group_cluster,20260710,29414140,0.07024024988087825
surgery_S5_balanced_random_forest,surgery,S5,balanced_random_forest,,overall,surgery,validation_2024,exact_current_cohort,2712,6af3fa1ceb5e20a24ee260bad7ba0bf2553730e01405fb0aa4916e71f7f0c8a0,Brier,0.054506945537204234,0.05087766961944823,0.05812205470726354,ESTIMATED,,2712,14,2657,2000,2000,1900,outcome_stratified_patient_group_cluster,20260710,29414140,0.054506945537204234
surgery_S5_svm_rbf,surgery,S5,svm_rbf,,overall,surgery,validation_2024,exact_current_cohort,2712,6af3fa1ceb5e20a24ee260bad7ba0bf2553730e01405fb0aa4916e71f7f0c8a0,AUROC,0.8335274806735147,0.7321946861438714,0.9064784038486003,ESTIMATED,,2712,14,2657,2000,2000,1900,outcome_stratified_patient_group_cluster,20260710,2012075098,0.8335274806735147
surgery_S5_svm_rbf,surgery,S5,svm_rbf,,overall,surgery,validation_2024,exact_current_cohort,2712,6af3fa1ceb5e20a24ee260bad7ba0bf2553730e01405fb0aa4916e71f7f0c8a0,AUPRC,0.02410015787094494,0.014723875025994412,0.07230653102938452,ESTIMATED,,2712,14,2657,2000,2000,1900,outcome_stratified_patient_group_cluster,20260710,2012075098,0.02410015787094494
surgery_S5_svm_rbf,surgery,S5,svm_rbf,,overall,surgery,validation_2024,exact_current_cohort,2712,6af3fa1ceb5e20a24ee260bad7ba0bf2553730e01405fb0aa4916e71f7f0c8a0,Brier,0.005155114760019316,0.0050914310154675305,0.005218315205115346,ESTIMATED,,2712,14,2657,2000,2000,1900,outcome_stratified_patient_group_cluster,20260710,2012075098,0.005155114760019316
surgery_S5_logistic_l1,surgery,S5,logistic_l1,,overall,surgery,validation_2024,exact_current_cohort,2712,6af3fa1ceb5e20a24ee260bad7ba0bf2553730e01405fb0aa4916e71f7f0c8a0,AUROC,0.4965318225140316,0.287718360813888,0.6996652272604752,ESTIMATED,,2712,14,2657,2000,2000,1900,outcome_stratified_patient_group_cluster,20260710,326198302,0.4965318225140316
surgery_S5_logistic_l1,surgery,S5,logistic_l1,,overall,surgery,validation_2024,exact_current_cohort,2712,6af3fa1ceb5e20a24ee260bad7ba0bf2553730e01405fb0aa4916e71f7f0c8a0,AUPRC,0.010119522350428723,0.004920655413772066,0.029844565320873904,ESTIMATED,,2712,14,2657,2000,2000,1900,outcome_stratified_patient_group_cluster,20260710,326198302,0.010119522350428723
surgery_S5_logistic_l1,surgery,S5,logistic_l1,,overall,surgery,validation_2024,exact_current_cohort,2712,6af3fa1ceb5e20a24ee260bad7ba0bf2553730e01405fb0aa4916e71f7f0c8a0,Brier,0.04027562703201145,0.03559862962852647,0.045353445410895234,ESTIMATED,,2712,14,2657,2000,2000,1900,outcome_stratified_patient_group_cluster,20260710,326198302,0.04027562703201145
surgery_S5_logistic_l2,surgery,S5,logistic_l2,,overall,surgery,validation_2024,exact_current_cohort,2712,6af3fa1ceb5e20a24ee260bad7ba0bf2553730e01405fb0aa4916e71f7f0c8a0,AUROC,0.4986233188605316,0.29570868050648297,0.7038277049279759,ESTIMATED,,2712,14,2657,2000,2000,1900,outcome_stratified_patient_group_cluster,20260710,1827284897,0.4986233188605316
surgery_S5_logistic_l2,surgery,S5,logistic_l2,,overall,surgery,validation_2024,exact_current_cohort,2712,6af3fa1ceb5e20a24ee260bad7ba0bf2553730e01405fb0aa4916e71f7f0c8a0,AUPRC,0.010222190401802002,0.004955333210848824,0.03044287685329055,ESTIMATED,,2712,14,2657,2000,2000,1900,outcome_stratified_patient_group_cluster,20260710,1827284897,0.010222190401802002
surgery_S5_logistic_l2,surgery,S5,logistic_l2,,overall,surgery,validation_2024,exact_current_cohort,2712,6af3fa1ceb5e20a24ee260bad7ba0bf2553730e01405fb0aa4916e71f7f0c8a0,Brier,0.04031148357364572,0.03544791540143804,0.045143711689432896,ESTIMATED,,2712,14,2657,2000,2000,1900,outcome_stratified_patient_group_cluster,20260710,1827284897,0.04031148357364572
surgery_S5_score_NEWS2,surgery,S5,score_NEWS2,,overall,surgery,validation_2024,score_component_available_subset_of_current_cohort,2712,84d367bc0edcbc976197746cebb79a38c3db623cccfbedef30d11c68363d281f,AUROC,0.7269736842105263,0.4934210526315789,0.9342105263157895,ESTIMATED,,78,2,78,2000,2000,1900,outcome_stratified_patient_group_cluster,20260710,1319924152,0.7269736842105263
surgery_S5_score_NEWS2,surgery,S5,score_NEWS2,,overall,surgery,validation_2024,score_component_available_subset_of_current_cohort,2712,84d367bc0edcbc976197746cebb79a38c3db623cccfbedef30d11c68363d281f,AUPRC,0.06984478935698449,0.0425531914893617,0.25,ESTIMATED,,78,2,78,2000,2000,1900,outcome_stratified_patient_group_cluster,20260710,1319924152,0.06984478935698449
surgery_S5_score_NEWS2,surgery,S5,score_NEWS2,,overall,surgery,validation_2024,score_component_available_subset_of_current_cohort,2712,84d367bc0edcbc976197746cebb79a38c3db623cccfbedef30d11c68363d281f,Brier,0.2147897436082318,0.1919690627591217,0.2397068844604227,ESTIMATED,,78,2,78,2000,2000,1900,outcome_stratified_patient_group_cluster,20260710,1319924152,0.2147897436082318
surgery_S5_score_rSIG,surgery,S5,score_rSIG,,overall,surgery,validation_2024,score_component_available_subset_of_current_cohort,2712,a72050445859f1563b9ab073ae1060c07809e77c9c051d75fbcea6cf08d9391a,AUROC,0.5840365944734877,0.36045798236656934,0.7985427425463055,ESTIMATED,,2688,10,2634,2000,2000,1900,outcome_stratified_patient_group_cluster,20260710,2410975939,0.5840365944734877
surgery_S5_score_rSIG,surgery,S5,score_rSIG,,overall,surgery,validation_2024,score_component_available_subset_of_current_cohort,2712,a72050445859f1563b9ab073ae1060c07809e77c9c051d75fbcea6cf08d9391a,AUPRC,0.014554137836654532,0.004236313186838042,0.06950703404394873,ESTIMATED,,2688,10,2634,2000,2000,1900,outcome_stratified_patient_group_cluster,20260710,2410975939,0.014554137836654532
surgery_S5_score_rSIG,surgery,S5,score_rSIG,,overall,surgery,validation_2024,score_component_available_subset_of_current_cohort,2712,a72050445859f1563b9ab073ae1060c07809e77c9c051d75fbcea6cf08d9391a,Brier,0.19448163974223243,0.19008827538500034,0.19872657222448228,ESTIMATED,,2688,10,2634,2000,2000,1900,outcome_stratified_patient_group_cluster,20260710,2410975939,0.19448163974223243
surgery_S5_score_rSIG_Age,surgery,S5,score_rSIG_Age,,overall,surgery,validation_2024,score_component_available_subset_of_current_cohort,2712,bc44d553aab8a61e7e305401570a342a68f7150af14b7f845adccc94316ce1e2,AUROC,0.7474766355140187,0.5909145311241796,0.8955697685732321,ESTIMATED,,2685,10,2631,2000,2000,1900,outcome_stratified_patient_group_cluster,20260710,2353578478,0.7474766355140187
surgery_S5_score_rSIG_Age,surgery,S5,score_rSIG_Age,,overall,surgery,validation_2024,score_component_available_subset_of_current_cohort,2712,bc44d553aab8a61e7e305401570a342a68f7150af14b7f845adccc94316ce1e2,AUPRC,0.02131650932896722,0.007576131122850049,0.0787146161941366,ESTIMATED,,2685,10,2631,2000,2000,1900,outcome_stratified_patient_group_cluster,20260710,2353578478,0.02131650932896722
surgery_S5_score_rSIG_Age,surgery,S5,score_rSIG_Age,,overall,surgery,validation_2024,score_component_available_subset_of_current_cohort,2712,bc44d553aab8a61e7e305401570a342a68f7150af14b7f845adccc94316ce1e2,Brier,0.14656382149420813,0.14059724883688748,0.1523198853160118,ESTIMATED,,2685,10,2631,2000,2000,1900,outcome_stratified_patient_group_cluster,20260710,2353578478,0.14656382149420813
surgery_S5_score_SIA_G,surgery,S5,score_SIA_G,,overall,surgery,validation_2024,score_component_available_subset_of_current_cohort,2712,bc44d553aab8a61e7e305401570a342a68f7150af14b7f845adccc94316ce1e2,AUROC,0.7474766355140188,0.5850416349555644,0.8896841547009707,ESTIMATED,,2685,10,2631,2000,2000,1900,outcome_stratified_patient_group_cluster,20260710,3910224545,0.7474766355140188
surgery_S5_score_SIA_G,surgery,S5,score_SIA_G,,overall,surgery,validation_2024,score_component_available_subset_of_current_cohort,2712,bc44d553aab8a61e7e305401570a342a68f7150af14b7f845adccc94316ce1e2,AUPRC,0.02131650932896722,0.007602897944334339,0.08435800848908935,ESTIMATED,,2685,10,2631,2000,2000,1900,outcome_stratified_patient_group_cluster,20260710,3910224545,0.02131650932896722
surgery_S5_score_SIA_G,surgery,S5,score_SIA_G,,overall,surgery,validation_2024,score_component_available_subset_of_current_cohort,2712,bc44d553aab8a61e7e305401570a342a68f7150af14b7f845adccc94316ce1e2,Brier,0.14991010925652073,0.14681066187327582,0.15320265696650873,ESTIMATED,,2685,10,2631,2000,2000,1900,outcome_stratified_patient_group_cluster,20260710,3910224545,0.14991010925652073
surgery_S5_score_SI_G,surgery,S5,score_SI_G,,overall,surgery,validation_2024,score_component_available_subset_of_current_cohort,2712,a72050445859f1563b9ab073ae1060c07809e77c9c051d75fbcea6cf08d9391a,AUROC,0.5840365944734877,0.35823374389416696,0.7979391350751722,ESTIMATED,,2688,10,2634,2000,2000,1900,outcome_stratified_patient_group_cluster,20260710,3701952357,0.5840365944734877
surgery_S5_score_SI_G,surgery,S5,score_SI_G,,overall,surgery,validation_2024,score_component_available_subset_of_current_cohort,2712,a72050445859f1563b9ab073ae1060c07809e77c9c051d75fbcea6cf08d9391a,AUPRC,0.014554137836654532,0.00443704455960974,0.06171978837498029,ESTIMATED,,2688,10,2634,2000,2000,1900,outcome_stratified_patient_group_cluster,20260710,3701952357,0.014554137836654532
surgery_S5_score_SI_G,surgery,S5,score_SI_G,,overall,surgery,validation_2024,score_component_available_subset_of_current_cohort,2712,a72050445859f1563b9ab073ae1060c07809e77c9c051d75fbcea6cf08d9391a,Brier,0.18287552523600076,0.1804391269450043,0.18533846472900614,ESTIMATED,,2688,10,2634,2000,2000,1900,outcome_stratified_patient_group_cluster,20260710,3701952357,0.18287552523600076
surgery_S5_score_SI,surgery,S5,score_SI,,overall,surgery,validation_2024,score_component_available_subset_of_current_cohort,2712,709111e83c26297bd9b4808d43e3d5c99c48307bf21995aaa969a763243a810e,AUROC,0.4046659201194476,0.17274931742437014,0.6349008150628389,ESTIMATED,,2689,10,2635,2000,2000,1900,outcome_stratified_patient_group_cluster,20260710,1670922640,0.4046659201194476
surgery_S5_score_SI,surgery,S5,score_SI,,overall,surgery,validation_2024,score_component_available_subset_of_current_cohort,2712,709111e83c26297bd9b4808d43e3d5c99c48307bf21995aaa969a763243a810e,AUPRC,0.00497059022457242,0.0026486179121803692,0.016477649950737663,ESTIMATED,,2689,10,2635,2000,2000,1900,outcome_stratified_patient_group_cluster,20260710,1670922640,0.00497059022457242
surgery_S5_score_SI,surgery,S5,score_SI,,overall,surgery,validation_2024,score_component_available_subset_of_current_cohort,2712,709111e83c26297bd9b4808d43e3d5c99c48307bf21995aaa969a763243a810e,Brier,0.22669496092906313,0.22285185673153085,0.23034179992896958,ESTIMATED,,2689,10,2635,2000,2000,1900,outcome_stratified_patient_group_cluster,20260710,1670922640,0.22669496092906313
surgery_S5_score_mSI,surgery,S5,score_mSI,,overall,surgery,validation_2024,score_component_available_subset_of_current_cohort,2712,1b3e771fceb84480288e8cc148b1fb73c596fc45e4e1832dd8babc7bb726070f,AUROC,0.4514008620689655,0.2072411535969434,0.7014517900536529,ESTIMATED,,2330,10,2284,2000,2000,1900,outcome_stratified_patient_group_cluster,20260710,1228447092,0.4514008620689655
surgery_S5_score_mSI,surgery,S5,score_mSI,,overall,surgery,validation_2024,score_component_available_subset_of_current_cohort,2712,1b3e771fceb84480288e8cc148b1fb73c596fc45e4e1832dd8babc7bb726070f,AUPRC,0.01676364455183147,0.003867794107765275,0.08560001625658774,ESTIMATED,,2330,10,2284,2000,2000,1900,outcome_stratified_patient_group_cluster,20260710,1228447092,0.01676364455183147
surgery_S5_score_mSI,surgery,S5,score_mSI,,overall,surgery,validation_2024,score_component_available_subset_of_current_cohort,2712,1b3e771fceb84480288e8cc148b1fb73c596fc45e4e1832dd8babc7bb726070f,Brier,0.2092906717317728,0.20637087733871798,0.21220603826540915,ESTIMATED,,2330,10,2284,2000,2000,1900,outcome_stratified_patient_group_cluster,20260710,1228447092,0.2092906717317728
surgery_S5_score_aSI,surgery,S5,score_aSI,,overall,surgery,validation_2024,score_component_available_subset_of_current_cohort,2712,dd835c7516c3c5b4ffc28938c2745dedbbf0df4f009d25d9c697c005921f1ae6,AUROC,0.6140881913303439,0.4349992435014036,0.8034966405375139,ESTIMATED,,2686,10,2632,2000,2000,1900,outcome_stratified_patient_group_cluster,20260710,331488549,0.6140881913303439
surgery_S5_score_aSI,surgery,S5,score_aSI,,overall,surgery,validation_2024,score_component_available_subset_of_current_cohort,2712,dd835c7516c3c5b4ffc28938c2745dedbbf0df4f009d25d9c697c005921f1ae6,AUPRC,0.011111438473258834,0.004279245341873666,0.03842973906384857,ESTIMATED,,2686,10,2632,2000,2000,1900,outcome_stratified_patient_group_cluster,20260710,331488549,0.011111438473258834
surgery_S5_score_aSI,surgery,S5,score_aSI,,overall,surgery,validation_2024,score_component_available_subset_of_current_cohort,2712,dd835c7516c3c5b4ffc28938c2745dedbbf0df4f009d25d9c697c005921f1ae6,Brier,0.16304004572598776,0.15760554508371238,0.16882564664498995,ESTIMATED,,2686,10,2632,2000,2000,1900,outcome_stratified_patient_group_cluster,20260710,331488549,0.16304004572598776
surgery_S5_score_rSI,surgery,S5,score_rSI,,overall,surgery,validation_2024,score_component_available_subset_of_current_cohort,2712,709111e83c26297bd9b4808d43e3d5c99c48307bf21995aaa969a763243a810e,AUROC,0.4046659201194476,0.16758467174687403,0.6459672816805776,ESTIMATED,,2689,10,2635,2000,2000,1900,outcome_stratified_patient_group_cluster,20260710,1871004412,0.4046659201194476
surgery_S5_score_rSI,surgery,S5,score_rSI,,overall,surgery,validation_2024,score_component_available_subset_of_current_cohort,2712,709111e83c26297bd9b4808d43e3d5c99c48307bf21995aaa969a763243a810e,AUPRC,0.00497059022457242,0.0026660061402994767,0.017684545153806196,ESTIMATED,,2689,10,2635,2000,2000,1900,outcome_stratified_patient_group_cluster,20260710,1871004412,0.00497059022457242
surgery_S5_score_rSI,surgery,S5,score_rSI,,overall,surgery,validation_2024,score_component_available_subset_of_current_cohort,2712,709111e83c26297bd9b4808d43e3d5c99c48307bf21995aaa969a763243a810e,Brier,0.23675952781724469,0.2337187925063745,0.23987898841837194,ESTIMATED,,2689,10,2635,2000,2000,1900,outcome_stratified_patient_group_cluster,20260710,1871004412,0.23675952781724469
surgery_S5_score_rSI_sMS,surgery,S5,score_rSI_sMS,,overall,surgery,validation_2024,score_component_available_subset_of_current_cohort,2712,a72050445859f1563b9ab073ae1060c07809e77c9c051d75fbcea6cf08d9391a,AUROC,0.5731702763256161,0.34783667442127914,0.8005207473248697,ESTIMATED,,2688,10,2634,2000,2000,1900,outcome_stratified_patient_group_cluster,20260710,2315357790,0.5731702763256161
surgery_S5_score_rSI_sMS,surgery,S5,score_rSI_sMS,,overall,surgery,validation_2024,score_component_available_subset_of_current_cohort,2712,a72050445859f1563b9ab073ae1060c07809e77c9c051d75fbcea6cf08d9391a,AUPRC,0.05706854441363028,0.004145591063816324,0.30754884111729036,ESTIMATED,,2688,10,2634,2000,2000,1900,outcome_stratified_patient_group_cluster,20260710,2315357790,0.05706854441363028
surgery_S5_score_rSI_sMS,surgery,S5,score_rSI_sMS,,overall,surgery,validation_2024,score_component_available_subset_of_current_cohort,2712,a72050445859f1563b9ab073ae1060c07809e77c9c051d75fbcea6cf08d9391a,Brier,0.19486526077076158,0.19061547369910029,0.1989779792385198,ESTIMATED,,2688,10,2634,2000,2000,1900,outcome_stratified_patient_group_cluster,20260710,2315357790,0.19486526077076158
surgery_S5_score_rSI_GCSM,surgery,S5,score_rSI_GCSM,,overall,surgery,validation_2024,score_component_available_subset_of_current_cohort,2712,a72050445859f1563b9ab073ae1060c07809e77c9c051d75fbcea6cf08d9391a,AUROC,0.5393577296489918,0.3397404407316003,0.759089783299168,ESTIMATED,,2688,10,2634,2000,2000,1900,outcome_stratified_patient_group_cluster,20260710,1253015267,0.5393577296489918
surgery_S5_score_rSI_GCSM,surgery,S5,score_rSI_GCSM,,overall,surgery,validation_2024,score_component_available_subset_of_current_cohort,2712,a72050445859f1563b9ab073ae1060c07809e77c9c051d75fbcea6cf08d9391a,AUPRC,0.01645481742426144,0.00371113598379677,0.07448556486168638,ESTIMATED,,2688,10,2634,2000,2000,1900,outcome_stratified_patient_group_cluster,20260710,1253015267,0.01645481742426144
surgery_S5_score_rSI_GCSM,surgery,S5,score_rSI_GCSM,,overall,surgery,validation_2024,score_component_available_subset_of_current_cohort,2712,a72050445859f1563b9ab073ae1060c07809e77c9c051d75fbcea6cf08d9391a,Brier,0.20205316638007634,0.19785798241140287,0.20627816864627385,ESTIMATED,,2688,10,2634,2000,2000,1900,outcome_stratified_patient_group_cluster,20260710,1253015267,0.20205316638007634
surgery_S5_score_SIAVPU,surgery,S5,score_SIAVPU,,overall,surgery,validation_2024,score_component_available_subset_of_current_cohort,2712,709111e83c26297bd9b4808d43e3d5c99c48307bf21995aaa969a763243a810e,AUROC,0.34427025009331835,0.15097092806559823,0.5588324756135055,ESTIMATED,,2689,10,2635,2000,2000,1900,outcome_stratified_patient_group_cluster,20260710,2291277204,0.34427025009331835
surgery_S5_score_SIAVPU,surgery,S5,score_SIAVPU,,overall,surgery,validation_2024,score_component_available_subset_of_current_cohort,2712,709111e83c26297bd9b4808d43e3d5c99c48307bf21995aaa969a763243a810e,AUPRC,0.0032965662104097867,0.002508987887579697,0.007390741859009096,ESTIMATED,,2689,10,2635,2000,2000,1900,outcome_stratified_patient_group_cluster,20260710,2291277204,0.0032965662104097867
surgery_S5_score_SIAVPU,surgery,S5,score_SIAVPU,,overall,surgery,validation_2024,score_component_available_subset_of_current_cohort,2712,709111e83c26297bd9b4808d43e3d5c99c48307bf21995aaa969a763243a810e,Brier,0.2507257408861447,0.2503908889159289,0.2510997600373448,ESTIMATED,,2689,10,2635,2000,2000,1900,outcome_stratified_patient_group_cluster,20260710,2291277204,0.2507257408861447
surgery_S5_score_sMS,surgery,S5,score_sMS,,overall,surgery,validation_2024,score_component_available_subset_of_current_cohort,2712,506ace5309488640c63affda4c1d7df0d69c35b60cc99b5292cb85c6d83838ac,AUROC,0.6387355464378963,0.4886188711814758,0.7910152720753747,ESTIMATED,,2691,10,2637,2000,2000,1900,outcome_stratified_patient_group_cluster,20260710,1651980933,0.6387355464378963
surgery_S5_score_sMS,surgery,S5,score_sMS,,overall,surgery,validation_2024,score_component_available_subset_of_current_cohort,2712,506ace5309488640c63affda4c1d7df0d69c35b60cc99b5292cb85c6d83838ac,AUPRC,0.021351263470828687,0.0037229735515392085,0.07974902024650331,ESTIMATED,,2691,10,2637,2000,2000,1900,outcome_stratified_patient_group_cluster,20260710,1651980933,0.021351263470828687
surgery_S5_score_sMS,surgery,S5,score_sMS,,overall,surgery,validation_2024,score_component_available_subset_of_current_cohort,2712,506ace5309488640c63affda4c1d7df0d69c35b60cc99b5292cb85c6d83838ac,Brier,0.18369503116784527,0.18116707380523878,0.18641166600004486,ESTIMATED,,2691,10,2637,2000,2000,1900,outcome_stratified_patient_group_cluster,20260710,1651980933,0.18369503116784527
surgery_S5_score_qSOFA,surgery,S5,score_qSOFA,,overall,surgery,validation_2024,score_component_available_subset_of_current_cohort,2712,709111e83c26297bd9b4808d43e3d5c99c48307bf21995aaa969a763243a810e,AUROC,0.6043486375513252,0.4453149026307929,0.7661758263106395,ESTIMATED,,2689,10,2635,2000,2000,1900,outcome_stratified_patient_group_cluster,20260710,2928310838,0.6043486375513252
surgery_S5_score_qSOFA,surgery,S5,score_qSOFA,,overall,surgery,validation_2024,score_component_available_subset_of_current_cohort,2712,709111e83c26297bd9b4808d43e3d5c99c48307bf21995aaa969a763243a810e,AUPRC,0.024362751476808026,0.003532990006238316,0.1640742226525876,ESTIMATED,,2689,10,2635,2000,2000,1900,outcome_stratified_patient_group_cluster,20260710,2928310838,0.024362751476808026
surgery_S5_score_qSOFA,surgery,S5,score_qSOFA,,overall,surgery,validation_2024,score_component_available_subset_of_current_cohort,2712,709111e83c26297bd9b4808d43e3d5c99c48307bf21995aaa969a763243a810e,Brier,0.16106815607532105,0.1561061188812964,0.16627808207841804,ESTIMATED,,2689,10,2635,2000,2000,1900,outcome_stratified_patient_group_cluster,20260710,2928310838,0.16106815607532105
surgery_S5_score_MEWS,surgery,S5,score_MEWS,,overall,surgery,validation_2024,score_component_available_subset_of_current_cohort,2712,8dedb1b75c54dae35cf87aa04927583eed9f65d09c4b831ff52271b9631e3ab5,AUROC,0.6364637789395072,0.45525700221546084,0.8285630171402367,ESTIMATED,,2688,10,2634,2000,2000,1900,outcome_stratified_patient_group_cluster,20260710,1370885850,0.6364637789395072
surgery_S5_score_MEWS,surgery,S5,score_MEWS,,overall,surgery,validation_2024,score_component_available_subset_of_current_cohort,2712,8dedb1b75c54dae35cf87aa04927583eed9f65d09c4b831ff52271b9631e3ab5,AUPRC,0.03270748117877181,0.0056873934158554245,0.16213413568120938,ESTIMATED,,2688,10,2634,2000,2000,1900,outcome_stratified_patient_group_cluster,20260710,1370885850,0.03270748117877181
surgery_S5_score_MEWS,surgery,S5,score_MEWS,,overall,surgery,validation_2024,score_component_available_subset_of_current_cohort,2712,8dedb1b75c54dae35cf87aa04927583eed9f65d09c4b831ff52271b9631e3ab5,Brier,0.14664984727908387,0.14214464585634007,0.15121249696976014,ESTIMATED,,2688,10,2634,2000,2000,1900,outcome_stratified_patient_group_cluster,20260710,1370885850,0.14664984727908387
surgery_S5_score_REMS,surgery,S5,score_REMS,,overall,surgery,validation_2024,score_component_available_subset_of_current_cohort,2712,f074c5b3e5fecbad2bda6d40a37266894ce5f406c4a9f16082cc7e7390303d38,AUROC,0.7891501294219155,0.695258415966887,0.8850472576575954,ESTIMATED,,2328,10,2282,2000,2000,1900,outcome_stratified_patient_group_cluster,20260710,1946257375,0.7891501294219155
surgery_S5_score_REMS,surgery,S5,score_REMS,,overall,surgery,validation_2024,score_component_available_subset_of_current_cohort,2712,f074c5b3e5fecbad2bda6d40a37266894ce5f406c4a9f16082cc7e7390303d38,AUPRC,0.01665766941240627,0.008267162704149593,0.0565271308678708,ESTIMATED,,2328,10,2282,2000,2000,1900,outcome_stratified_patient_group_cluster,20260710,1946257375,0.01665766941240627
surgery_S5_score_REMS,surgery,S5,score_REMS,,overall,surgery,validation_2024,score_component_available_subset_of_current_cohort,2712,f074c5b3e5fecbad2bda6d40a37266894ce5f406c4a9f16082cc7e7390303d38,Brier,0.14484781079748815,0.13855448911897625,0.15092649825827473,ESTIMATED,,2328,10,2282,2000,2000,1900,outcome_stratified_patient_group_cluster,20260710,1946257375,0.14484781079748815
surgery_S5_score_RTS,surgery,S5,score_RTS,,overall,surgery,validation_2024,score_component_available_subset_of_current_cohort,2712,a72050445859f1563b9ab073ae1060c07809e77c9c051d75fbcea6cf08d9391a,AUROC,0.6015309932785661,0.4391286398979545,0.7690375315406455,ESTIMATED,,2688,10,2634,2000,2000,1900,outcome_stratified_patient_group_cluster,20260710,450538994,0.6015309932785661
surgery_S5_score_RTS,surgery,S5,score_RTS,,overall,surgery,validation_2024,score_component_available_subset_of_current_cohort,2712,a72050445859f1563b9ab073ae1060c07809e77c9c051d75fbcea6cf08d9391a,AUPRC,0.02036530337941628,0.0037313432835820895,0.09740258570323172,ESTIMATED,,2688,10,2634,2000,2000,1900,outcome_stratified_patient_group_cluster,20260710,450538994,0.02036530337941628
surgery_S5_score_RTS,surgery,S5,score_RTS,,overall,surgery,validation_2024,score_component_available_subset_of_current_cohort,2712,a72050445859f1563b9ab073ae1060c07809e77c9c051d75fbcea6cf08d9391a,Brier,0.19017612146584625,0.18760114291994937,0.19295835592069885,ESTIMATED,,2688,10,2634,2000,2000,1900,outcome_stratified_patient_group_cluster,20260710,450538994,0.19017612146584625
surgery_S5_score_rSI_GCS_alias,surgery,S5,score_rSI_GCS_alias,score_rSIG,overall,surgery,validation_2024,score_component_available_subset_of_current_cohort,2712,a72050445859f1563b9ab073ae1060c07809e77c9c051d75fbcea6cf08d9391a,AUROC,0.5840365944734877,0.36045798236656934,0.7985427425463055,ESTIMATED,,2688,10,2634,2000,2000,1900,outcome_stratified_patient_group_cluster,20260710,2410975939,0.5840365944734877
surgery_S5_score_rSI_GCS_alias,surgery,S5,score_rSI_GCS_alias,score_rSIG,overall,surgery,validation_2024,score_component_available_subset_of_current_cohort,2712,a72050445859f1563b9ab073ae1060c07809e77c9c051d75fbcea6cf08d9391a,AUPRC,0.014554137836654532,0.004236313186838042,0.06950703404394873,ESTIMATED,,2688,10,2634,2000,2000,1900,outcome_stratified_patient_group_cluster,20260710,2410975939,0.014554137836654532
surgery_S5_score_rSI_GCS_alias,surgery,S5,score_rSI_GCS_alias,score_rSIG,overall,surgery,validation_2024,score_component_available_subset_of_current_cohort,2712,a72050445859f1563b9ab073ae1060c07809e77c9c051d75fbcea6cf08d9391a,Brier,0.19448163974223243,0.19008827538500034,0.19872657222448228,ESTIMATED,,2688,10,2634,2000,2000,1900,outcome_stratified_patient_group_cluster,20260710,2410975939,0.19448163974223243
surgery_S5_knn_classifier,surgery,S5,knn_classifier,,surgery,surgery,validation_2024,exact_current_cohort,2712,6af3fa1ceb5e20a24ee260bad7ba0bf2553730e01405fb0aa4916e71f7f0c8a0,AUROC,0.5830376998835116,0.47154460202526133,0.6967922476771548,ESTIMATED,,2712,14,2657,2000,2000,1900,outcome_stratified_patient_group_cluster,20260710,3566641541,0.5830376998835116
surgery_S5_knn_classifier,surgery,S5,knn_classifier,,surgery,surgery,validation_2024,exact_current_cohort,2712,6af3fa1ceb5e20a24ee260bad7ba0bf2553730e01405fb0aa4916e71f7f0c8a0,AUPRC,0.042013259067895464,0.005160339107998526,0.20653619654220487,ESTIMATED,,2712,14,2657,2000,2000,1900,outcome_stratified_patient_group_cluster,20260710,3566641541,0.042013259067895464
surgery_S5_knn_classifier,surgery,S5,knn_classifier,,surgery,surgery,validation_2024,exact_current_cohort,2712,6af3fa1ceb5e20a24ee260bad7ba0bf2553730e01405fb0aa4916e71f7f0c8a0,Brier,0.005178887283177007,0.0048458627636160075,0.00545108450678184,ESTIMATED,,2712,14,2657,2000,2000,1900,outcome_stratified_patient_group_cluster,20260710,3566641541,0.005178887283177007
surgery_S6_decision_tree,surgery,S6,decision_tree,,overall,surgery,validation_2024,exact_current_cohort,2712,6af3fa1ceb5e20a24ee260bad7ba0bf2553730e01405fb0aa4916e71f7f0c8a0,AUROC,0.6859238451935081,0.5825019323462016,0.7775678269135196,ESTIMATED,,2712,42,2657,2000,2000,1900,outcome_stratified_patient_group_cluster,20260710,1457318545,0.6859238451935081
surgery_S6_decision_tree,surgery,S6,decision_tree,,overall,surgery,validation_2024,exact_current_cohort,2712,6af3fa1ceb5e20a24ee260bad7ba0bf2553730e01405fb0aa4916e71f7f0c8a0,AUPRC,0.05129367901702409,0.028846853652057344,0.10454898756160884,ESTIMATED,,2712,42,2657,2000,2000,1900,outcome_stratified_patient_group_cluster,20260710,1457318545,0.05129367901702409
surgery_S6_decision_tree,surgery,S6,decision_tree,,overall,surgery,validation_2024,exact_current_cohort,2712,6af3fa1ceb5e20a24ee260bad7ba0bf2553730e01405fb0aa4916e71f7f0c8a0,Brier,0.08691635403822534,0.0813955120423261,0.09265408596129375,ESTIMATED,,2712,42,2657,2000,2000,1900,outcome_stratified_patient_group_cluster,20260710,1457318545,0.08691635403822534
surgery_S6_random_forest,surgery,S6,random_forest,,overall,surgery,validation_2024,exact_current_cohort,2712,6af3fa1ceb5e20a24ee260bad7ba0bf2553730e01405fb0aa4916e71f7f0c8a0,AUROC,0.8509274121633672,0.7960029821226201,0.8988256936711992,ESTIMATED,,2712,42,2657,2000,2000,1900,outcome_stratified_patient_group_cluster,20260710,911593239,0.8509274121633672
surgery_S6_random_forest,surgery,S6,random_forest,,overall,surgery,validation_2024,exact_current_cohort,2712,6af3fa1ceb5e20a24ee260bad7ba0bf2553730e01405fb0aa4916e71f7f0c8a0,AUPRC,0.08773028159970857,0.059777627207928355,0.1568014261671173,ESTIMATED,,2712,42,2657,2000,2000,1900,outcome_stratified_patient_group_cluster,20260710,911593239,0.08773028159970857
surgery_S6_random_forest,surgery,S6,random_forest,,overall,surgery,validation_2024,exact_current_cohort,2712,6af3fa1ceb5e20a24ee260bad7ba0bf2553730e01405fb0aa4916e71f7f0c8a0,Brier,0.0242332941689099,0.022849201780511,0.02577746369031654,ESTIMATED,,2712,42,2657,2000,2000,1900,outcome_stratified_patient_group_cluster,20260710,911593239,0.0242332941689099
surgery_S6_balanced_random_forest,surgery,S6,balanced_random_forest,,overall,surgery,validation_2024,exact_current_cohort,2712,6af3fa1ceb5e20a24ee260bad7ba0bf2553730e01405fb0aa4916e71f7f0c8a0,AUROC,0.8306670233636526,0.7759482118208322,0.8799120614161703,ESTIMATED,,2712,42,2657,2000,2000,1900,outcome_stratified_patient_group_cluster,20260710,1055854936,0.8306670233636526
surgery_S6_balanced_random_forest,surgery,S6,balanced_random_forest,,overall,surgery,validation_2024,exact_current_cohort,2712,6af3fa1ceb5e20a24ee260bad7ba0bf2553730e01405fb0aa4916e71f7f0c8a0,AUPRC,0.08860337916338366,0.05211003239171289,0.1792545231492606,ESTIMATED,,2712,42,2657,2000,2000,1900,outcome_stratified_patient_group_cluster,20260710,1055854936,0.08860337916338366
surgery_S6_balanced_random_forest,surgery,S6,balanced_random_forest,,overall,surgery,validation_2024,exact_current_cohort,2712,6af3fa1ceb5e20a24ee260bad7ba0bf2553730e01405fb0aa4916e71f7f0c8a0,Brier,0.06699360759836609,0.06396266898450104,0.07016003873688453,ESTIMATED,,2712,42,2657,2000,2000,1900,outcome_stratified_patient_group_cluster,20260710,1055854936,0.06699360759836609
surgery_S6_svm_rbf,surgery,S6,svm_rbf,,overall,surgery,validation_2024,exact_current_cohort,2712,6af3fa1ceb5e20a24ee260bad7ba0bf2553730e01405fb0aa4916e71f7f0c8a0,AUROC,0.8395755305867666,0.7910138583509526,0.8799119614235192,ESTIMATED,,2712,42,2657,2000,2000,1900,outcome_stratified_patient_group_cluster,20260710,3623222971,0.8395755305867666
surgery_S6_svm_rbf,surgery,S6,svm_rbf,,overall,surgery,validation_2024,exact_current_cohort,2712,6af3fa1ceb5e20a24ee260bad7ba0bf2553730e01405fb0aa4916e71f7f0c8a0,AUPRC,0.08891695503201583,0.049627713650780225,0.185134859401684,ESTIMATED,,2712,42,2657,2000,2000,1900,outcome_stratified_patient_group_cluster,20260710,3623222971,0.08891695503201583
surgery_S6_svm_rbf,surgery,S6,svm_rbf,,overall,surgery,validation_2024,exact_current_cohort,2712,6af3fa1ceb5e20a24ee260bad7ba0bf2553730e01405fb0aa4916e71f7f0c8a0,Brier,0.014887832872902695,0.014545722908309897,0.015156343434491501,ESTIMATED,,2712,42,2657,2000,2000,1900,outcome_stratified_patient_group_cluster,20260710,3623222971,0.014887832872902695
surgery_S6_logistic_l1,surgery,S6,logistic_l1,,overall,surgery,validation_2024,exact_current_cohort,2712,6af3fa1ceb5e20a24ee260bad7ba0bf2553730e01405fb0aa4916e71f7f0c8a0,AUROC,0.7350811485642947,0.6387117013575893,0.8247929690127959,ESTIMATED,,2712,42,2657,2000,2000,1900,outcome_stratified_patient_group_cluster,20260710,3293890212,0.7350811485642947
surgery_S6_logistic_l1,surgery,S6,logistic_l1,,overall,surgery,validation_2024,exact_current_cohort,2712,6af3fa1ceb5e20a24ee260bad7ba0bf2553730e01405fb0aa4916e71f7f0c8a0,AUPRC,0.08154488568658842,0.04827705690784375,0.1696403961914618,ESTIMATED,,2712,42,2657,2000,2000,1900,outcome_stratified_patient_group_cluster,20260710,3293890212,0.08154488568658842
surgery_S6_logistic_l1,surgery,S6,logistic_l1,,overall,surgery,validation_2024,exact_current_cohort,2712,6af3fa1ceb5e20a24ee260bad7ba0bf2553730e01405fb0aa4916e71f7f0c8a0,Brier,0.050696522463165555,0.046408361498624665,0.05526323382558056,ESTIMATED,,2712,42,2657,2000,2000,1900,outcome_stratified_patient_group_cluster,20260710,3293890212,0.050696522463165555
surgery_S6_logistic_l2,surgery,S6,logistic_l2,,overall,surgery,validation_2024,exact_current_cohort,2712,6af3fa1ceb5e20a24ee260bad7ba0bf2553730e01405fb0aa4916e71f7f0c8a0,AUROC,0.7187176743356518,0.6206872557940374,0.8100896164222232,ESTIMATED,,2712,42,2657,2000,2000,1900,outcome_stratified_patient_group_cluster,20260710,842754306,0.7187176743356518
surgery_S6_logistic_l2,surgery,S6,logistic_l2,,overall,surgery,validation_2024,exact_current_cohort,2712,6af3fa1ceb5e20a24ee260bad7ba0bf2553730e01405fb0aa4916e71f7f0c8a0,AUPRC,0.07843706601961889,0.04552427704639775,0.1607266760050033,ESTIMATED,,2712,42,2657,2000,2000,1900,outcome_stratified_patient_group_cluster,20260710,842754306,0.07843706601961889
surgery_S6_logistic_l2,surgery,S6,logistic_l2,,overall,surgery,validation_2024,exact_current_cohort,2712,6af3fa1ceb5e20a24ee260bad7ba0bf2553730e01405fb0aa4916e71f7f0c8a0,Brier,0.050775352020625386,0.04642238688808689,0.055482619700243624,ESTIMATED,,2712,42,2657,2000,2000,1900,outcome_stratified_patient_group_cluster,20260710,842754306,0.050775352020625386
surgery_S6_score_NEWS2,surgery,S6,score_NEWS2,,overall,surgery,validation_2024,score_component_available_subset_of_current_cohort,2712,84d367bc0edcbc976197746cebb79a38c3db623cccfbedef30d11c68363d281f,AUROC,0.7107142857142857,0.5375,0.8678794642857142,ESTIMATED,,78,8,78,2000,2000,1900,outcome_stratified_patient_group_cluster,20260710,3207005256,0.7107142857142857
surgery_S6_score_NEWS2,surgery,S6,score_NEWS2,,overall,surgery,validation_2024,score_component_available_subset_of_current_cohort,2712,84d367bc0edcbc976197746cebb79a38c3db623cccfbedef30d11c68363d281f,AUPRC,0.2625092387287509,0.13898348627158205,0.5877068922924902,ESTIMATED,,78,8,78,2000,2000,1900,outcome_stratified_patient_group_cluster,20260710,3207005256,0.2625092387287509
surgery_S6_score_NEWS2,surgery,S6,score_NEWS2,,overall,surgery,validation_2024,score_component_available_subset_of_current_cohort,2712,84d367bc0edcbc976197746cebb79a38c3db623cccfbedef30d11c68363d281f,Brier,0.22736992802446898,0.21453252062330885,0.24117751264745926,ESTIMATED,,78,8,78,2000,2000,1900,outcome_stratified_patient_group_cluster,20260710,3207005256,0.22736992802446898
surgery_S6_score_rSIG,surgery,S6,score_rSIG,,overall,surgery,validation_2024,score_component_available_subset_of_current_cohort,2712,a72050445859f1563b9ab073ae1060c07809e77c9c051d75fbcea6cf08d9391a,AUROC,0.5676123489425982,0.4731899223678767,0.6589034538930639,ESTIMATED,,2688,40,2634,2000,2000,1900,outcome_stratified_patient_group_cluster,20260710,1772445491,0.5676123489425982
surgery_S6_score_rSIG,surgery,S6,score_rSIG,,overall,surgery,validation_2024,score_component_available_subset_of_current_cohort,2712,a72050445859f1563b9ab073ae1060c07809e77c9c051d75fbcea6cf08d9391a,AUPRC,0.06434768203687645,0.017555826954388336,0.15123154097583313,ESTIMATED,,2688,40,2634,2000,2000,1900,outcome_stratified_patient_group_cluster,20260710,1772445491,0.06434768203687645
surgery_S6_score_rSIG,surgery,S6,score_rSIG,,overall,surgery,validation_2024,score_component_available_subset_of_current_cohort,2712,a72050445859f1563b9ab073ae1060c07809e77c9c051d75fbcea6cf08d9391a,Brier,0.2222874167185904,0.2190310996242649,0.22553110855360672,ESTIMATED,,2688,40,2634,2000,2000,1900,outcome_stratified_patient_group_cluster,20260710,1772445491,0.2222874167185904
surgery_S6_score_rSIG_Age,surgery,S6,score_rSIG_Age,,overall,surgery,validation_2024,score_component_available_subset_of_current_cohort,2712,bc44d553aab8a61e7e305401570a342a68f7150af14b7f845adccc94316ce1e2,AUROC,0.6755103969754253,0.5890377139468792,0.7543269604209585,ESTIMATED,,2685,40,2631,2000,2000,1900,outcome_stratified_patient_group_cluster,20260710,3799750405,0.6755103969754253
surgery_S6_score_rSIG_Age,surgery,S6,score_rSIG_Age,,overall,surgery,validation_2024,score_component_available_subset_of_current_cohort,2712,bc44d553aab8a61e7e305401570a342a68f7150af14b7f845adccc94316ce1e2,AUPRC,0.07759345482491924,0.023316923670792328,0.16272672734096444,ESTIMATED,,2685,40,2631,2000,2000,1900,outcome_stratified_patient_group_cluster,20260710,3799750405,0.07759345482491924
surgery_S6_score_rSIG_Age,surgery,S6,score_rSIG_Age,,overall,surgery,validation_2024,score_component_available_subset_of_current_cohort,2712,bc44d553aab8a61e7e305401570a342a68f7150af14b7f845adccc94316ce1e2,Brier,0.19848792758101508,0.1939543122877356,0.20299639886877352,ESTIMATED,,2685,40,2631,2000,2000,1900,outcome_stratified_patient_group_cluster,20260710,3799750405,0.19848792758101508
surgery_S6_score_SIA_G,surgery,S6,score_SIA_G,,overall,surgery,validation_2024,score_component_available_subset_of_current_cohort,2712,bc44d553aab8a61e7e305401570a342a68f7150af14b7f845adccc94316ce1e2,AUROC,0.6755103969754253,0.5858774155272568,0.7543717690655766,ESTIMATED,,2685,40,2631,2000,2000,1900,outcome_stratified_patient_group_cluster,20260710,2896992128,0.6755103969754253
surgery_S6_score_SIA_G,surgery,S6,score_SIA_G,,overall,surgery,validation_2024,score_component_available_subset_of_current_cohort,2712,bc44d553aab8a61e7e305401570a342a68f7150af14b7f845adccc94316ce1e2,AUPRC,0.07759345482491924,0.02270859104729866,0.15689764320367752,ESTIMATED,,2685,40,2631,2000,2000,1900,outcome_stratified_patient_group_cluster,20260710,2896992128,0.07759345482491924
surgery_S6_score_SIA_G,surgery,S6,score_SIA_G,,overall,surgery,validation_2024,score_component_available_subset_of_current_cohort,2712,bc44d553aab8a61e7e305401570a342a68f7150af14b7f845adccc94316ce1e2,Brier,0.20142328127664264,0.19936760257680644,0.20354574539203985,ESTIMATED,,2685,40,2631,2000,2000,1900,outcome_stratified_patient_group_cluster,20260710,2896992128,0.20142328127664264
surgery_S6_score_SI_G,surgery,S6,score_SI_G,,overall,surgery,validation_2024,score_component_available_subset_of_current_cohort,2712,a72050445859f1563b9ab073ae1060c07809e77c9c051d75fbcea6cf08d9391a,AUROC,0.5676406722054381,0.4767582533860045,0.6619413771213462,ESTIMATED,,2688,40,2634,2000,2000,1900,outcome_stratified_patient_group_cluster,20260710,1186251586,0.5676406722054381
surgery_S6_score_SI_G,surgery,S6,score_SI_G,,overall,surgery,validation_2024,score_component_available_subset_of_current_cohort,2712,a72050445859f1563b9ab073ae1060c07809e77c9c051d75fbcea6cf08d9391a,AUPRC,0.06435008863182172,0.017764143819702104,0.1465289417217438,ESTIMATED,,2688,40,2634,2000,2000,1900,outcome_stratified_patient_group_cluster,20260710,1186251586,0.06435008863182172
surgery_S6_score_SI_G,surgery,S6,score_SI_G,,overall,surgery,validation_2024,score_component_available_subset_of_current_cohort,2712,a72050445859f1563b9ab073ae1060c07809e77c9c051d75fbcea6cf08d9391a,Brier,0.21748219252999518,0.21582425553826673,0.21926065788563706,ESTIMATED,,2688,40,2634,2000,2000,1900,outcome_stratified_patient_group_cluster,20260710,1186251586,0.21748219252999518
surgery_S6_score_SI,surgery,S6,score_SI,,overall,surgery,validation_2024,score_component_available_subset_of_current_cohort,2712,709111e83c26297bd9b4808d43e3d5c99c48307bf21995aaa969a763243a810e,AUROC,0.5055403065359958,0.4199580749837677,0.5946436679471819,ESTIMATED,,2689,41,2635,2000,2000,1900,outcome_stratified_patient_group_cluster,20260710,2827361011,0.5055403065359958
surgery_S6_score_SI,surgery,S6,score_SI,,overall,surgery,validation_2024,score_component_available_subset_of_current_cohort,2712,709111e83c26297bd9b4808d43e3d5c99c48307bf21995aaa969a763243a810e,AUPRC,0.01556153194937457,0.013046313117299693,0.021456618921888854,ESTIMATED,,2689,41,2635,2000,2000,1900,outcome_stratified_patient_group_cluster,20260710,2827361011,0.01556153194937457
surgery_S6_score_SI,surgery,S6,score_SI,,overall,surgery,validation_2024,score_component_available_subset_of_current_cohort,2712,709111e83c26297bd9b4808d43e3d5c99c48307bf21995aaa969a763243a810e,Brier,0.24188873156511284,0.2393540845423702,0.2444182632523842,ESTIMATED,,2689,41,2635,2000,2000,1900,outcome_stratified_patient_group_cluster,20260710,2827361011,0.24188873156511284
surgery_S6_score_mSI,surgery,S6,score_mSI,,overall,surgery,validation_2024,score_component_available_subset_of_current_cohort,2712,1b3e771fceb84480288e8cc148b1fb73c596fc45e4e1832dd8babc7bb726070f,AUROC,0.5467931937172774,0.44510481693113263,0.6449035752343943,ESTIMATED,,2330,38,2284,2000,2000,1900,outcome_stratified_patient_group_cluster,20260710,2817795223,0.5467931937172774
surgery_S6_score_mSI,surgery,S6,score_mSI,,overall,surgery,validation_2024,score_component_available_subset_of_current_cohort,2712,1b3e771fceb84480288e8cc148b1fb73c596fc45e4e1832dd8babc7bb726070f,AUPRC,0.024898270607788025,0.016896612021692216,0.04629581531985779,ESTIMATED,,2330,38,2284,2000,2000,1900,outcome_stratified_patient_group_cluster,20260710,2817795223,0.024898270607788025
surgery_S6_score_mSI,surgery,S6,score_mSI,,overall,surgery,validation_2024,score_component_available_subset_of_current_cohort,2712,1b3e771fceb84480288e8cc148b1fb73c596fc45e4e1832dd8babc7bb726070f,Brier,0.23172405905636562,0.22983251244511008,0.23362710892050328,ESTIMATED,,2330,38,2284,2000,2000,1900,outcome_stratified_patient_group_cluster,20260710,2817795223,0.23172405905636562
surgery_S6_score_aSI,surgery,S6,score_aSI,,overall,surgery,validation_2024,score_component_available_subset_of_current_cohort,2712,dd835c7516c3c5b4ffc28938c2745dedbbf0df4f009d25d9c697c005921f1ae6,AUROC,0.6309557840379916,0.5447741110804314,0.7083771772119776,ESTIMATED,,2686,41,2632,2000,2000,1900,outcome_stratified_patient_group_cluster,20260710,136058986,0.6309557840379916
surgery_S6_score_aSI,surgery,S6,score_aSI,,overall,surgery,validation_2024,score_component_available_subset_of_current_cohort,2712,dd835c7516c3c5b4ffc28938c2745dedbbf0df4f009d25d9c697c005921f1ae6,AUPRC,0.022926188223774204,0.017923751367696184,0.03180221290483042,ESTIMATED,,2686,41,2632,2000,2000,1900,outcome_stratified_patient_group_cluster,20260710,136058986,0.022926188223774204
surgery_S6_score_aSI,surgery,S6,score_aSI,,overall,surgery,validation_2024,score_component_available_subset_of_current_cohort,2712,dd835c7516c3c5b4ffc28938c2745dedbbf0df4f009d25d9c697c005921f1ae6,Brier,0.20885962115621703,0.20506435932060701,0.21276888723844026,ESTIMATED,,2686,41,2632,2000,2000,1900,outcome_stratified_patient_group_cluster,20260710,136058986,0.20885962115621703
surgery_S6_score_rSI,surgery,S6,score_rSI,,overall,surgery,validation_2024,score_component_available_subset_of_current_cohort,2712,709111e83c26297bd9b4808d43e3d5c99c48307bf21995aaa969a763243a810e,AUROC,0.5055403065359958,0.4188559165504567,0.5948842658452527,ESTIMATED,,2689,41,2635,2000,2000,1900,outcome_stratified_patient_group_cluster,20260710,218354894,0.5055403065359958
surgery_S6_score_rSI,surgery,S6,score_rSI,,overall,surgery,validation_2024,score_component_available_subset_of_current_cohort,2712,709111e83c26297bd9b4808d43e3d5c99c48307bf21995aaa969a763243a810e,AUPRC,0.01556153194937457,0.012962541068370746,0.02151168988181358,ESTIMATED,,2689,41,2635,2000,2000,1900,outcome_stratified_patient_group_cluster,20260710,218354894,0.01556153194937457
surgery_S6_score_rSI,surgery,S6,score_rSI,,overall,surgery,validation_2024,score_component_available_subset_of_current_cohort,2712,709111e83c26297bd9b4808d43e3d5c99c48307bf21995aaa969a763243a810e,Brier,0.24539863085889924,0.24325670594104498,0.2475762221129632,ESTIMATED,,2689,41,2635,2000,2000,1900,outcome_stratified_patient_group_cluster,20260710,218354894,0.24539863085889924
surgery_S6_score_rSI_sMS,surgery,S6,score_rSI_sMS,,overall,surgery,validation_2024,score_component_available_subset_of_current_cohort,2712,a72050445859f1563b9ab073ae1060c07809e77c9c051d75fbcea6cf08d9391a,AUROC,0.5790030211480363,0.48353247612366995,0.6765822080859886,ESTIMATED,,2688,40,2634,2000,2000,1900,outcome_stratified_patient_group_cluster,20260710,2357360414,0.5790030211480363
surgery_S6_score_rSI_sMS,surgery,S6,score_rSI_sMS,,overall,surgery,validation_2024,score_component_available_subset_of_current_cohort,2712,a72050445859f1563b9ab073ae1060c07809e77c9c051d75fbcea6cf08d9391a,AUPRC,0.06086760009993769,0.02540095086696581,0.1569202805381093,ESTIMATED,,2688,40,2634,2000,2000,1900,outcome_stratified_patient_group_cluster,20260710,2357360414,0.06086760009993769
surgery_S6_score_rSI_sMS,surgery,S6,score_rSI_sMS,,overall,surgery,validation_2024,score_component_available_subset_of_current_cohort,2712,a72050445859f1563b9ab073ae1060c07809e77c9c051d75fbcea6cf08d9391a,Brier,0.22113423233751933,0.21772601787065918,0.22440888405251067,ESTIMATED,,2688,40,2634,2000,2000,1900,outcome_stratified_patient_group_cluster,20260710,2357360414,0.22113423233751933
surgery_S6_score_rSI_GCSM,surgery,S6,score_rSI_GCSM,,overall,surgery,validation_2024,score_component_available_subset_of_current_cohort,2712,a72050445859f1563b9ab073ae1060c07809e77c9c051d75fbcea6cf08d9391a,AUROC,0.5462943731117824,0.45643287736778104,0.6394196218099824,ESTIMATED,,2688,40,2634,2000,2000,1900,outcome_stratified_patient_group_cluster,20260710,76612303,0.5462943731117824
surgery_S6_score_rSI_GCSM,surgery,S6,score_rSI_GCSM,,overall,surgery,validation_2024,score_component_available_subset_of_current_cohort,2712,a72050445859f1563b9ab073ae1060c07809e77c9c051d75fbcea6cf08d9391a,AUPRC,0.08672485028988605,0.0179519030342935,0.1717927112562512,ESTIMATED,,2688,40,2634,2000,2000,1900,outcome_stratified_patient_group_cluster,20260710,76612303,0.08672485028988605
surgery_S6_score_rSI_GCSM,surgery,S6,score_rSI_GCSM,,overall,surgery,validation_2024,score_component_available_subset_of_current_cohort,2712,a72050445859f1563b9ab073ae1060c07809e77c9c051d75fbcea6cf08d9391a,Brier,0.2268100315197699,0.22374028955837819,0.2297997847827409,ESTIMATED,,2688,40,2634,2000,2000,1900,outcome_stratified_patient_group_cluster,20260710,76612303,0.2268100315197699
surgery_S6_score_SIAVPU,surgery,S6,score_SIAVPU,,overall,surgery,validation_2024,score_component_available_subset_of_current_cohort,2712,709111e83c26297bd9b4808d43e3d5c99c48307bf21995aaa969a763243a810e,AUROC,0.4135979294082971,0.3253007073899789,0.505624731106867,ESTIMATED,,2689,41,2635,2000,2000,1900,outcome_stratified_patient_group_cluster,20260710,7135328,0.4135979294082971
surgery_S6_score_SIAVPU,surgery,S6,score_SIAVPU,,overall,surgery,validation_2024,score_component_available_subset_of_current_cohort,2712,709111e83c26297bd9b4808d43e3d5c99c48307bf21995aaa969a763243a810e,AUPRC,0.012560368689513303,0.010932316221292282,0.017047667552163005,ESTIMATED,,2689,41,2635,2000,2000,1900,outcome_stratified_patient_group_cluster,20260710,7135328,0.012560368689513303
surgery_S6_score_SIAVPU,surgery,S6,score_SIAVPU,,overall,surgery,validation_2024,score_component_available_subset_of_current_cohort,2712,709111e83c26297bd9b4808d43e3d5c99c48307bf21995aaa969a763243a810e,Brier,0.2502554090266229,0.2501622293563917,0.25034697409155987,ESTIMATED,,2689,41,2635,2000,2000,1900,outcome_stratified_patient_group_cluster,20260710,7135328,0.2502554090266229
surgery_S6_score_sMS,surgery,S6,score_sMS,,overall,surgery,validation_2024,score_component_available_subset_of_current_cohort,2712,506ace5309488640c63affda4c1d7df0d69c35b60cc99b5292cb85c6d83838ac,AUROC,0.5888061109015466,0.5349325991110215,0.652278187353561,ESTIMATED,,2691,40,2637,2000,2000,1900,outcome_stratified_patient_group_cluster,20260710,662921393,0.5888061109015466
surgery_S6_score_sMS,surgery,S6,score_sMS,,overall,surgery,validation_2024,score_component_available_subset_of_current_cohort,2712,506ace5309488640c63affda4c1d7df0d69c35b60cc99b5292cb85c6d83838ac,AUPRC,0.04026946634283591,0.018896487954533893,0.08391087147941949,ESTIMATED,,2691,40,2637,2000,2000,1900,outcome_stratified_patient_group_cluster,20260710,662921393,0.04026946634283591
surgery_S6_score_sMS,surgery,S6,score_sMS,,overall,surgery,validation_2024,score_component_available_subset_of_current_cohort,2712,506ace5309488640c63affda4c1d7df0d69c35b60cc99b5292cb85c6d83838ac,Brier,0.20853353157233803,0.20653814347512953,0.2105987248968619,ESTIMATED,,2691,40,2637,2000,2000,1900,outcome_stratified_patient_group_cluster,20260710,662921393,0.20853353157233803
surgery_S6_score_qSOFA,surgery,S6,score_qSOFA,,overall,surgery,validation_2024,score_component_available_subset_of_current_cohort,2712,709111e83c26297bd9b4808d43e3d5c99c48307bf21995aaa969a763243a810e,AUROC,0.6173550217375285,0.5353421743063153,0.6979743872156136,ESTIMATED,,2689,41,2635,2000,2000,1900,outcome_stratified_patient_group_cluster,20260710,1725616706,0.6173550217375285
surgery_S6_score_qSOFA,surgery,S6,score_qSOFA,,overall,surgery,validation_2024,score_component_available_subset_of_current_cohort,2712,709111e83c26297bd9b4808d43e3d5c99c48307bf21995aaa969a763243a810e,AUPRC,0.045507961661571616,0.020572175769607296,0.11226612491812274,ESTIMATED,,2689,41,2635,2000,2000,1900,outcome_stratified_patient_group_cluster,20260710,1725616706,0.045507961661571616
surgery_S6_score_qSOFA,surgery,S6,score_qSOFA,,overall,surgery,validation_2024,score_component_available_subset_of_current_cohort,2712,709111e83c26297bd9b4808d43e3d5c99c48307bf21995aaa969a763243a810e,Brier,0.20992391392721763,0.20654713229691696,0.2134766321207104,ESTIMATED,,2689,41,2635,2000,2000,1900,outcome_stratified_patient_group_cluster,20260710,1725616706,0.20992391392721763
surgery_S6_score_MEWS,surgery,S6,score_MEWS,,overall,surgery,validation_2024,score_component_available_subset_of_current_cohort,2712,8dedb1b75c54dae35cf87aa04927583eed9f65d09c4b831ff52271b9631e3ab5,AUROC,0.5719913017037235,0.489642834398939,0.6566801843717986,ESTIMATED,,2688,41,2634,2000,2000,1900,outcome_stratified_patient_group_cluster,20260710,804984501,0.5719913017037235
surgery_S6_score_MEWS,surgery,S6,score_MEWS,,overall,surgery,validation_2024,score_component_available_subset_of_current_cohort,2712,8dedb1b75c54dae35cf87aa04927583eed9f65d09c4b831ff52271b9631e3ab5,AUPRC,0.03833039919374129,0.017757572269090416,0.10516164403362838,ESTIMATED,,2688,41,2634,2000,2000,1900,outcome_stratified_patient_group_cluster,20260710,804984501,0.03833039919374129
surgery_S6_score_MEWS,surgery,S6,score_MEWS,,overall,surgery,validation_2024,score_component_available_subset_of_current_cohort,2712,8dedb1b75c54dae35cf87aa04927583eed9f65d09c4b831ff52271b9631e3ab5,Brier,0.19680384944797544,0.19375371473231864,0.20013441943820595,ESTIMATED,,2688,41,2634,2000,2000,1900,outcome_stratified_patient_group_cluster,20260710,804984501,0.19680384944797544
surgery_S6_score_REMS,surgery,S6,score_REMS,,overall,surgery,validation_2024,score_component_available_subset_of_current_cohort,2712,f074c5b3e5fecbad2bda6d40a37266894ce5f406c4a9f16082cc7e7390303d38,AUROC,0.6828954663961213,0.6098051788608431,0.7526764467011513,ESTIMATED,,2328,37,2282,2000,2000,1900,outcome_stratified_patient_group_cluster,20260710,4065419442,0.6828954663961213
surgery_S6_score_REMS,surgery,S6,score_REMS,,overall,surgery,validation_2024,score_component_available_subset_of_current_cohort,2712,f074c5b3e5fecbad2bda6d40a37266894ce5f406c4a9f16082cc7e7390303d38,AUPRC,0.05975761721204917,0.023141342955441627,0.12620500977522733,ESTIMATED,,2328,37,2282,2000,2000,1900,outcome_stratified_patient_group_cluster,20260710,4065419442,0.05975761721204917
surgery_S6_score_REMS,surgery,S6,score_REMS,,overall,surgery,validation_2024,score_component_available_subset_of_current_cohort,2712,f074c5b3e5fecbad2bda6d40a37266894ce5f406c4a9f16082cc7e7390303d38,Brier,0.19823779628810317,0.19425955874224038,0.2022513357961832,ESTIMATED,,2328,37,2282,2000,2000,1900,outcome_stratified_patient_group_cluster,20260710,4065419442,0.19823779628810317
surgery_S6_score_RTS,surgery,S6,score_RTS,,overall,surgery,validation_2024,score_component_available_subset_of_current_cohort,2712,a72050445859f1563b9ab073ae1060c07809e77c9c051d75fbcea6cf08d9391a,AUROC,0.5605976208459215,0.49386820894205863,0.6330068475604668,ESTIMATED,,2688,40,2634,2000,2000,1900,outcome_stratified_patient_group_cluster,20260710,712776113,0.5605976208459215
surgery_S6_score_RTS,surgery,S6,score_RTS,,overall,surgery,validation_2024,score_component_available_subset_of_current_cohort,2712,a72050445859f1563b9ab073ae1060c07809e77c9c051d75fbcea6cf08d9391a,AUPRC,0.06896808738506377,0.023506750625858684,0.1462931277829975,ESTIMATED,,2688,40,2634,2000,2000,1900,outcome_stratified_patient_group_cluster,20260710,712776113,0.06896808738506377
surgery_S6_score_RTS,surgery,S6,score_RTS,,overall,surgery,validation_2024,score_component_available_subset_of_current_cohort,2712,a72050445859f1563b9ab073ae1060c07809e77c9c051d75fbcea6cf08d9391a,Brier,0.2174752536092519,0.21549295477518535,0.21958940667327356,ESTIMATED,,2688,40,2634,2000,2000,1900,outcome_stratified_patient_group_cluster,20260710,712776113,0.2174752536092519
surgery_S6_score_rSI_GCS_alias,surgery,S6,score_rSI_GCS_alias,score_rSIG,overall,surgery,validation_2024,score_component_available_subset_of_current_cohort,2712,a72050445859f1563b9ab073ae1060c07809e77c9c051d75fbcea6cf08d9391a,AUROC,0.5676123489425982,0.4731899223678767,0.6589034538930639,ESTIMATED,,2688,40,2634,2000,2000,1900,outcome_stratified_patient_group_cluster,20260710,1772445491,0.5676123489425982
surgery_S6_score_rSI_GCS_alias,surgery,S6,score_rSI_GCS_alias,score_rSIG,overall,surgery,validation_2024,score_component_available_subset_of_current_cohort,2712,a72050445859f1563b9ab073ae1060c07809e77c9c051d75fbcea6cf08d9391a,AUPRC,0.06434768203687645,0.017555826954388336,0.15123154097583313,ESTIMATED,,2688,40,2634,2000,2000,1900,outcome_stratified_patient_group_cluster,20260710,1772445491,0.06434768203687645
surgery_S6_score_rSI_GCS_alias,surgery,S6,score_rSI_GCS_alias,score_rSIG,overall,surgery,validation_2024,score_component_available_subset_of_current_cohort,2712,a72050445859f1563b9ab073ae1060c07809e77c9c051d75fbcea6cf08d9391a,Brier,0.2222874167185904,0.2190310996242649,0.22553110855360672,ESTIMATED,,2688,40,2634,2000,2000,1900,outcome_stratified_patient_group_cluster,20260710,1772445491,0.2222874167185904
surgery_S6_knn_classifier,surgery,S6,knn_classifier,,surgery,surgery,validation_2024,exact_current_cohort,2712,6af3fa1ceb5e20a24ee260bad7ba0bf2553730e01405fb0aa4916e71f7f0c8a0,AUROC,0.6916354556803994,0.6100384139251075,0.770364355105602,ESTIMATED,,2712,42,2657,2000,2000,1900,outcome_stratified_patient_group_cluster,20260710,4133196322,0.6916354556803994
surgery_S6_knn_classifier,surgery,S6,knn_classifier,,surgery,surgery,validation_2024,exact_current_cohort,2712,6af3fa1ceb5e20a24ee260bad7ba0bf2553730e01405fb0aa4916e71f7f0c8a0,AUPRC,0.09610317472351206,0.04190100265588694,0.19850262050086562,ESTIMATED,,2712,42,2657,2000,2000,1900,outcome_stratified_patient_group_cluster,20260710,4133196322,0.09610317472351206
surgery_S6_knn_classifier,surgery,S6,knn_classifier,,surgery,surgery,validation_2024,exact_current_cohort,2712,6af3fa1ceb5e20a24ee260bad7ba0bf2553730e01405fb0aa4916e71f7f0c8a0,Brier,0.014817391065938247,0.014286232316441636,0.015297165608770088,ESTIMATED,,2712,42,2657,2000,2000,1900,outcome_stratified_patient_group_cluster,20260710,4133196322,0.014817391065938247
