task_id,group,outcome,kind,analysis,Experiment,arm,split,probability_layer,presentation,completion_status,Features included,feature_set_id,feature_count,AUROC[CI],AUPRC[CI],N,events,AUROC,AUROC_lower_ci,AUROC_upper_ci,AUPRC,AUPRC_lower_ci,AUPRC_upper_ci,Brier,Brier_lower_ci,Brier_upper_ci,F1,net benefit,threshold_mean,threshold_min,threshold_max,sensitivity,specificity,PPV,NPV,TP,FP,TN,FN,AUROC_status,AUPRC_status,Brier_status,cohort_identity_sha256,Interpretation,source_result_root,source_result_receipt_sha256,source_validation_path,source_validation_sha256
surgery__P1__01_standardization,surgery,P1,ablation,01_standardization,01_standardization / logistic_scaled,logistic_scaled,oof_2020_2023,RAW_RECORDED_PREDICTIONS,raw,VALIDATED_COMPUTED,Full locked input feature order,d5d5e2d8a0734a0ce9af97a6606994868307c154f09eee30ee788ada6108d568,764,"0.445744 [0.199467, 0.697391]","0.00347606 [0.000879333, 0.0182596]",8731,9,0.445743840607404,0.1994674672904401,0.6973911656008607,0.0034760639473884816,0.00087933268161086,0.018259563685564514,0.0027501234542081855,0.0020662395394289183,0.0035773648334673706,0.0,-0.001718016263887298,0.5,0.5,0.5,0.0,0.9982802109607888,0.0,0.9989674162459844,0,15,8707,9,ESTIMATED,ESTIMATED,ESTIMATED,1932ab87fa0d7e44ab97647eaaf7048d214482266e54e2c6f8f2735bc7bcc360,"Descriptive arm estimate. CI is an individual-arm CI, not a paired-difference CI; no significance claim for a delta. Raw layer; operating point is the recorded P104 comparator rule, not a final clinical threshold.",D:\Codex_分拆Prompt嚴格無到院\outputs\v2\specialty_opname_v1\p1_04_extension_20260905\runs\surgery__P1__01_standardization,e7ab33b5fe2ddfb3b6642960b57454c30dcb722f67d4813f81f3215e28705de0,D:\Codex_分拆Prompt嚴格無到院\outputs\v2\specialty_opname_v1\p1_04_extension_20260905\local_dispatch_full\validations\surgery__P1__01_standardization\e7ab33b5fe2ddfb3_3c510f4d0008.report.json,9f02a74b830f1e9ae55f470151365d131666178a6d5de2166ca67c45018a98e2
surgery__P1__01_standardization,surgery,P1,ablation,01_standardization,01_standardization / logistic_scaled,logistic_scaled,validation_2024,RAW_RECORDED_PREDICTIONS,raw,VALIDATED_COMPUTED,Full locked input feature order,d5d5e2d8a0734a0ce9af97a6606994868307c154f09eee30ee788ada6108d568,764,"0.923583 [0.825105, 0.998722]","0.429169 [0.171814, 0.811512]",2712,9,0.9235828503309081,0.8251051888026989,0.9987224343944999,0.42916934001166024,0.171813694116988,0.8115121401668012,0.002695390849989935,0.001322471161634648,0.0043886546147225815,0.5555555555555556,0.0003687315634218289,0.5,0.5,0.5,0.5555555555555556,0.998520162782094,0.5555555555555556,0.998520162782094,5,4,2699,4,ESTIMATED,ESTIMATED,ESTIMATED,275a2492f4ab239e2924d96e5ac4b4b8de9740d648fcdb97738717fab3e688ae,"Descriptive arm estimate. CI is an individual-arm CI, not a paired-difference CI; no significance claim for a delta. Raw layer; operating point is the recorded P104 comparator rule, not a final clinical threshold.",D:\Codex_分拆Prompt嚴格無到院\outputs\v2\specialty_opname_v1\p1_04_extension_20260905\runs\surgery__P1__01_standardization,e7ab33b5fe2ddfb3b6642960b57454c30dcb722f67d4813f81f3215e28705de0,D:\Codex_分拆Prompt嚴格無到院\outputs\v2\specialty_opname_v1\p1_04_extension_20260905\local_dispatch_full\validations\surgery__P1__01_standardization\e7ab33b5fe2ddfb3_3c510f4d0008.report.json,9f02a74b830f1e9ae55f470151365d131666178a6d5de2166ca67c45018a98e2
surgery__P1__01_standardization,surgery,P1,ablation,01_standardization,01_standardization / logistic_unscaled,logistic_unscaled,oof_2020_2023,RAW_RECORDED_PREDICTIONS,raw,VALIDATED_COMPUTED,Full locked input feature order,d5d5e2d8a0734a0ce9af97a6606994868307c154f09eee30ee788ada6108d568,764,"0.660921 [0.477012, 0.84995]","0.0357887 [0.00287956, 0.188171]",8731,9,0.6609212973578944,0.4770121640915186,0.8499500448802554,0.03578866272813783,0.0028795629340450956,0.18817060758527301,0.0021491850678930047,0.0014626576413626715,0.0028933166312985403,0.15384615384615385,-0.001488947428702325,0.5,0.5,0.5,0.2222222222222222,0.9982802109607888,0.11764705882352941,0.9991966949736056,2,15,8707,7,ESTIMATED,ESTIMATED,ESTIMATED,1932ab87fa0d7e44ab97647eaaf7048d214482266e54e2c6f8f2735bc7bcc360,"Descriptive arm estimate. CI is an individual-arm CI, not a paired-difference CI; no significance claim for a delta. Raw layer; operating point is the recorded P104 comparator rule, not a final clinical threshold.",D:\Codex_分拆Prompt嚴格無到院\outputs\v2\specialty_opname_v1\p1_04_extension_20260905\runs\surgery__P1__01_standardization,e7ab33b5fe2ddfb3b6642960b57454c30dcb722f67d4813f81f3215e28705de0,D:\Codex_分拆Prompt嚴格無到院\outputs\v2\specialty_opname_v1\p1_04_extension_20260905\local_dispatch_full\validations\surgery__P1__01_standardization\e7ab33b5fe2ddfb3_3c510f4d0008.report.json,9f02a74b830f1e9ae55f470151365d131666178a6d5de2166ca67c45018a98e2
surgery__P1__01_standardization,surgery,P1,ablation,01_standardization,01_standardization / logistic_unscaled,logistic_unscaled,validation_2024,RAW_RECORDED_PREDICTIONS,raw,VALIDATED_COMPUTED,Full locked input feature order,d5d5e2d8a0734a0ce9af97a6606994868307c154f09eee30ee788ada6108d568,764,"0.913779 [0.766186, 0.997574]","0.470867 [0.185511, 0.780344]",2712,9,0.9137789287622805,0.7661862519854777,0.9975744641568737,0.47086686768655794,0.18551134354119062,0.7803436291305558,0.003982341044001294,0.0021438792541104887,0.005958208679687057,0.36363636363636365,-0.0018436578171091445,0.5,0.5,0.5,0.4444444444444444,0.9966703662597114,0.3076923076923077,0.9981474620229714,4,9,2694,5,ESTIMATED,ESTIMATED,ESTIMATED,275a2492f4ab239e2924d96e5ac4b4b8de9740d648fcdb97738717fab3e688ae,"Descriptive arm estimate. CI is an individual-arm CI, not a paired-difference CI; no significance claim for a delta. Raw layer; operating point is the recorded P104 comparator rule, not a final clinical threshold.",D:\Codex_分拆Prompt嚴格無到院\outputs\v2\specialty_opname_v1\p1_04_extension_20260905\runs\surgery__P1__01_standardization,e7ab33b5fe2ddfb3b6642960b57454c30dcb722f67d4813f81f3215e28705de0,D:\Codex_分拆Prompt嚴格無到院\outputs\v2\specialty_opname_v1\p1_04_extension_20260905\local_dispatch_full\validations\surgery__P1__01_standardization\e7ab33b5fe2ddfb3_3c510f4d0008.report.json,9f02a74b830f1e9ae55f470151365d131666178a6d5de2166ca67c45018a98e2
surgery__P1__02_time_variables,surgery,P1,ablation,02_time_variables,02_time_variables / locked_full,locked_full,oof_2020_2023,RAW_RECORDED_PREDICTIONS,raw,VALIDATED_COMPUTED,Full locked input feature order,d5d5e2d8a0734a0ce9af97a6606994868307c154f09eee30ee788ada6108d568,764,"0.962419 [0.91463, 0.998411]","0.177373 [0.0748634, 0.439122]",8731,9,0.9624194246987184,0.9146295149662338,0.9984107401067732,0.177372565678338,0.07486341540399058,0.43912175747791626,0.0009840552865293232,0.0008892541482503523,0.0010788316534954647,0.0,-0.00011453441759248655,0.5,0.5,0.5,0.0,0.9998853473973859,0.0,0.9989690721649485,0,1,8721,9,ESTIMATED,ESTIMATED,ESTIMATED,1932ab87fa0d7e44ab97647eaaf7048d214482266e54e2c6f8f2735bc7bcc360,"Descriptive arm estimate. CI is an individual-arm CI, not a paired-difference CI; no significance claim for a delta. Raw layer; operating point is the recorded P104 comparator rule, not a final clinical threshold. Primary amended time contrast uses the exact corrected plan; old20 results are secondary evidence only.",D:\Codex_分拆Prompt嚴格無到院\outputs\v2\specialty_opname_v1\time_interval_complete_successor_20260905\runs\surgery__P1__02_time_variables,b5ccb88df925550e16119390fda0bc6df34aa59d701bbf573ec12667bef3bc5e,D:\Codex_分拆Prompt嚴格無到院\outputs\v2\specialty_opname_v1\time_interval_complete_successor_20260905\runs\surgery__P1__02_time_variables\validation_report.json,096e4a4da5b790d896771c68c49cf397892e42f0a3372bf5054742c1c461cc38
surgery__P1__02_time_variables,surgery,P1,ablation,02_time_variables,02_time_variables / locked_full,locked_full,validation_2024,RAW_RECORDED_PREDICTIONS,raw,VALIDATED_COMPUTED,Full locked input feature order,d5d5e2d8a0734a0ce9af97a6606994868307c154f09eee30ee788ada6108d568,764,"0.96658 [0.908112, 0.997408]","0.261247 [0.143121, 0.575463]",2712,9,0.9665803428289556,0.9081123768577135,0.9974075272129801,0.26124708624708626,0.1431212947637544,0.5754630150984316,0.0029070521270473954,0.0024287016402163657,0.003321868185756498,0.0,0.0,0.5,0.5,0.5,0.0,1.0,,0.9966814159292036,0,0,2703,9,ESTIMATED,ESTIMATED,ESTIMATED,275a2492f4ab239e2924d96e5ac4b4b8de9740d648fcdb97738717fab3e688ae,"Descriptive arm estimate. CI is an individual-arm CI, not a paired-difference CI; no significance claim for a delta. Raw layer; operating point is the recorded P104 comparator rule, not a final clinical threshold. Primary amended time contrast uses the exact corrected plan; old20 results are secondary evidence only.",D:\Codex_分拆Prompt嚴格無到院\outputs\v2\specialty_opname_v1\time_interval_complete_successor_20260905\runs\surgery__P1__02_time_variables,b5ccb88df925550e16119390fda0bc6df34aa59d701bbf573ec12667bef3bc5e,D:\Codex_分拆Prompt嚴格無到院\outputs\v2\specialty_opname_v1\time_interval_complete_successor_20260905\runs\surgery__P1__02_time_variables\validation_report.json,096e4a4da5b790d896771c68c49cf397892e42f0a3372bf5054742c1c461cc38
surgery__P1__02_time_variables,surgery,P1,ablation,02_time_variables,02_time_variables / without_time_intervals_complete,without_time_intervals_complete,oof_2020_2023,RAW_RECORDED_PREDICTIONS,raw,VALIDATED_COMPUTED,Exact corrected time-plan inputs; original time group and six transport-interval aliases excluded,4134699b4820dc78a3efecb755bbe61150f1bbeb88a8b157c8816e5bec8558f4,738,"0.964662 [0.918354, 0.99852]","0.173654 [0.073382, 0.451152]",8731,9,0.9646615200387271,0.9183542607378504,0.9985200487441147,0.17365396971777647,0.07338199503719293,0.4511517297590411,0.0009834241766232498,0.0008887846614760411,0.0010821729755330634,0.0,-0.00011453441759248655,0.5,0.5,0.5,0.0,0.9998853473973859,0.0,0.9989690721649485,0,1,8721,9,ESTIMATED,ESTIMATED,ESTIMATED,1932ab87fa0d7e44ab97647eaaf7048d214482266e54e2c6f8f2735bc7bcc360,"Descriptive arm estimate. CI is an individual-arm CI, not a paired-difference CI; no significance claim for a delta. Raw layer; operating point is the recorded P104 comparator rule, not a final clinical threshold. Primary amended time contrast uses the exact corrected plan; old20 results are secondary evidence only.",D:\Codex_分拆Prompt嚴格無到院\outputs\v2\specialty_opname_v1\time_interval_complete_successor_20260905\runs\surgery__P1__02_time_variables,b5ccb88df925550e16119390fda0bc6df34aa59d701bbf573ec12667bef3bc5e,D:\Codex_分拆Prompt嚴格無到院\outputs\v2\specialty_opname_v1\time_interval_complete_successor_20260905\runs\surgery__P1__02_time_variables\validation_report.json,096e4a4da5b790d896771c68c49cf397892e42f0a3372bf5054742c1c461cc38
surgery__P1__02_time_variables,surgery,P1,ablation,02_time_variables,02_time_variables / without_time_intervals_complete,without_time_intervals_complete,validation_2024,RAW_RECORDED_PREDICTIONS,raw,VALIDATED_COMPUTED,Exact corrected time-plan inputs; original time group and six transport-interval aliases excluded,4134699b4820dc78a3efecb755bbe61150f1bbeb88a8b157c8816e5bec8558f4,738,"0.967197 [0.909094, 0.997782]","0.280946 [0.156779, 0.58345]",2712,9,0.9671969416697497,0.9090944487636166,0.9977819058899714,0.28094626744999973,0.1567792492769548,0.5834500197887643,0.0029230694375869735,0.002496891707511291,0.003310992667570207,0.0,0.0,0.5,0.5,0.5,0.0,1.0,,0.9966814159292036,0,0,2703,9,ESTIMATED,ESTIMATED,ESTIMATED,275a2492f4ab239e2924d96e5ac4b4b8de9740d648fcdb97738717fab3e688ae,"Descriptive arm estimate. CI is an individual-arm CI, not a paired-difference CI; no significance claim for a delta. Raw layer; operating point is the recorded P104 comparator rule, not a final clinical threshold. Primary amended time contrast uses the exact corrected plan; old20 results are secondary evidence only.",D:\Codex_分拆Prompt嚴格無到院\outputs\v2\specialty_opname_v1\time_interval_complete_successor_20260905\runs\surgery__P1__02_time_variables,b5ccb88df925550e16119390fda0bc6df34aa59d701bbf573ec12667bef3bc5e,D:\Codex_分拆Prompt嚴格無到院\outputs\v2\specialty_opname_v1\time_interval_complete_successor_20260905\runs\surgery__P1__02_time_variables\validation_report.json,096e4a4da5b790d896771c68c49cf397892e42f0a3372bf5054742c1c461cc38
surgery__P1__03_emt_treatment,surgery,P1,ablation,03_emt_treatment,03_emt_treatment / locked_full,locked_full,oof_2020_2023,RAW_RECORDED_PREDICTIONS,raw,VALIDATED_COMPUTED,Full locked input feature order,d5d5e2d8a0734a0ce9af97a6606994868307c154f09eee30ee788ada6108d568,764,"0.962419 [0.91463, 0.998411]","0.177373 [0.0748634, 0.439122]",8731,9,0.9624194246987184,0.9146295149662338,0.9984107401067732,0.177372565678338,0.07486341540399058,0.43912175747791626,0.0009840552865293232,0.0008892541482503523,0.0010788316534954647,0.0,-0.00011453441759248655,0.5,0.5,0.5,0.0,0.9998853473973859,0.0,0.9989690721649485,0,1,8721,9,ESTIMATED,ESTIMATED,ESTIMATED,1932ab87fa0d7e44ab97647eaaf7048d214482266e54e2c6f8f2735bc7bcc360,"Descriptive arm estimate. CI is an individual-arm CI, not a paired-difference CI; no significance claim for a delta. Raw layer; operating point is the recorded P104 comparator rule, not a final clinical threshold.",D:\Codex_分拆Prompt嚴格無到院\outputs\v2\.p104rv\sweep_20260906T171453Z_account-09_v2\t12\r,9ec6a2a54904fbe879fe890d8657be17c67190d5f2d9ded514d0e2b598411d34,D:\Codex_分拆Prompt嚴格無到院\outputs\v2\.p104k10\cloud_validation_index_20260906T211456Z\task_surgery__P1__03_emt_treatment_validation.json,a1ca50c802cf9d2ee3c5ed01334dc745b00688d6b5d45fb8868970e34cceb857
surgery__P1__03_emt_treatment,surgery,P1,ablation,03_emt_treatment,03_emt_treatment / locked_full,locked_full,validation_2024,RAW_RECORDED_PREDICTIONS,raw,VALIDATED_COMPUTED,Full locked input feature order,d5d5e2d8a0734a0ce9af97a6606994868307c154f09eee30ee788ada6108d568,764,"0.96658 [0.908112, 0.997408]","0.261247 [0.143121, 0.575463]",2712,9,0.9665803428289556,0.9081123768577135,0.9974075272129801,0.26124708624708626,0.1431212947637544,0.5754630150984316,0.0029070521270473954,0.0024287016402163657,0.003321868185756498,0.0,0.0,0.5,0.5,0.5,0.0,1.0,,0.9966814159292036,0,0,2703,9,ESTIMATED,ESTIMATED,ESTIMATED,275a2492f4ab239e2924d96e5ac4b4b8de9740d648fcdb97738717fab3e688ae,"Descriptive arm estimate. CI is an individual-arm CI, not a paired-difference CI; no significance claim for a delta. Raw layer; operating point is the recorded P104 comparator rule, not a final clinical threshold.",D:\Codex_分拆Prompt嚴格無到院\outputs\v2\.p104rv\sweep_20260906T171453Z_account-09_v2\t12\r,9ec6a2a54904fbe879fe890d8657be17c67190d5f2d9ded514d0e2b598411d34,D:\Codex_分拆Prompt嚴格無到院\outputs\v2\.p104k10\cloud_validation_index_20260906T211456Z\task_surgery__P1__03_emt_treatment_validation.json,a1ca50c802cf9d2ee3c5ed01334dc745b00688d6b5d45fb8868970e34cceb857
surgery__P1__03_emt_treatment,surgery,P1,ablation,03_emt_treatment,03_emt_treatment / without_emt_treatment,without_emt_treatment,oof_2020_2023,RAW_RECORDED_PREDICTIONS,raw,VALIDATED_COMPUTED,Full inputs excluding source-defined emt_treatment,8729234a9522c03841d126bd593d462cbbdfe532c85f62a35343b36e9241d6fd,672,"0.960585 [0.910488, 0.998494]","0.173579 [0.0721691, 0.452748]",8731,9,0.9605849830568932,0.9104882813521719,0.9984941505772135,0.1735791960590385,0.07216914076386857,0.45274823996716956,0.0009812881794553164,0.0008677839394358343,0.0010820366424796472,0.0,-0.00011453441759248655,0.5,0.5,0.5,0.0,0.9998853473973859,0.0,0.9989690721649485,0,1,8721,9,ESTIMATED,ESTIMATED,ESTIMATED,1932ab87fa0d7e44ab97647eaaf7048d214482266e54e2c6f8f2735bc7bcc360,"Descriptive arm estimate. CI is an individual-arm CI, not a paired-difference CI; no significance claim for a delta. Raw layer; operating point is the recorded P104 comparator rule, not a final clinical threshold.",D:\Codex_分拆Prompt嚴格無到院\outputs\v2\.p104rv\sweep_20260906T171453Z_account-09_v2\t12\r,9ec6a2a54904fbe879fe890d8657be17c67190d5f2d9ded514d0e2b598411d34,D:\Codex_分拆Prompt嚴格無到院\outputs\v2\.p104k10\cloud_validation_index_20260906T211456Z\task_surgery__P1__03_emt_treatment_validation.json,a1ca50c802cf9d2ee3c5ed01334dc745b00688d6b5d45fb8868970e34cceb857
surgery__P1__03_emt_treatment,surgery,P1,ablation,03_emt_treatment,03_emt_treatment / without_emt_treatment,without_emt_treatment,validation_2024,RAW_RECORDED_PREDICTIONS,raw,VALIDATED_COMPUTED,Full inputs excluding source-defined emt_treatment,8729234a9522c03841d126bd593d462cbbdfe532c85f62a35343b36e9241d6fd,672,"0.968595 [0.913838, 0.997646]","0.2751 [0.143514, 0.592393]",2712,9,0.9685945657088831,0.913838237330774,0.9976464977639956,0.2750999232634175,0.14351403776392854,0.5923927712366177,0.0028951954936168372,0.0024463516254131885,0.0033229127770884256,0.0,0.0,0.5,0.5,0.5,0.0,1.0,,0.9966814159292036,0,0,2703,9,ESTIMATED,ESTIMATED,ESTIMATED,275a2492f4ab239e2924d96e5ac4b4b8de9740d648fcdb97738717fab3e688ae,"Descriptive arm estimate. CI is an individual-arm CI, not a paired-difference CI; no significance claim for a delta. Raw layer; operating point is the recorded P104 comparator rule, not a final clinical threshold.",D:\Codex_分拆Prompt嚴格無到院\outputs\v2\.p104rv\sweep_20260906T171453Z_account-09_v2\t12\r,9ec6a2a54904fbe879fe890d8657be17c67190d5f2d9ded514d0e2b598411d34,D:\Codex_分拆Prompt嚴格無到院\outputs\v2\.p104k10\cloud_validation_index_20260906T211456Z\task_surgery__P1__03_emt_treatment_validation.json,a1ca50c802cf9d2ee3c5ed01334dc745b00688d6b5d45fb8868970e34cceb857
surgery__P1__04_gcs_consciousness,surgery,P1,ablation,04_gcs_consciousness,04_gcs_consciousness / locked_full,locked_full,oof_2020_2023,RAW_RECORDED_PREDICTIONS,raw,VALIDATED_COMPUTED,Full locked input feature order,d5d5e2d8a0734a0ce9af97a6606994868307c154f09eee30ee788ada6108d568,764,"0.962419 [0.91463, 0.998411]","0.177373 [0.0748634, 0.439122]",8731,9,0.9624194246987184,0.9146295149662338,0.9984107401067732,0.177372565678338,0.07486341540399058,0.43912175747791626,0.0009840552865293232,0.0008892541482503523,0.0010788316534954647,0.0,-0.00011453441759248655,0.5,0.5,0.5,0.0,0.9998853473973859,0.0,0.9989690721649485,0,1,8721,9,ESTIMATED,ESTIMATED,ESTIMATED,1932ab87fa0d7e44ab97647eaaf7048d214482266e54e2c6f8f2735bc7bcc360,"Descriptive arm estimate. CI is an individual-arm CI, not a paired-difference CI; no significance claim for a delta. Raw layer; operating point is the recorded P104 comparator rule, not a final clinical threshold.",D:\Codex_分拆Prompt嚴格無到院\outputs\v2\.p104rv\sweep_20260906T151250Z_account-10_v2\t12\r,30545bdce844831f38b7a3c6dce8ec8a2ce442225edf96178d8eefc62fa32221,D:\Codex_分拆Prompt嚴格無到院\outputs\v2\.p104k10\cloud_validation_index_20260906T211456Z\task_surgery__P1__04_gcs_consciousness_validation.json,6a8ff9c722fafedca9de2a3fd450f477f65026ec8e0f40a645fbc30c3a972b50
surgery__P1__04_gcs_consciousness,surgery,P1,ablation,04_gcs_consciousness,04_gcs_consciousness / locked_full,locked_full,validation_2024,RAW_RECORDED_PREDICTIONS,raw,VALIDATED_COMPUTED,Full locked input feature order,d5d5e2d8a0734a0ce9af97a6606994868307c154f09eee30ee788ada6108d568,764,"0.96658 [0.908112, 0.997408]","0.261247 [0.143121, 0.575463]",2712,9,0.9665803428289556,0.9081123768577135,0.9974075272129801,0.26124708624708626,0.1431212947637544,0.5754630150984316,0.0029070521270473954,0.0024287016402163657,0.003321868185756498,0.0,0.0,0.5,0.5,0.5,0.0,1.0,,0.9966814159292036,0,0,2703,9,ESTIMATED,ESTIMATED,ESTIMATED,275a2492f4ab239e2924d96e5ac4b4b8de9740d648fcdb97738717fab3e688ae,"Descriptive arm estimate. CI is an individual-arm CI, not a paired-difference CI; no significance claim for a delta. Raw layer; operating point is the recorded P104 comparator rule, not a final clinical threshold.",D:\Codex_分拆Prompt嚴格無到院\outputs\v2\.p104rv\sweep_20260906T151250Z_account-10_v2\t12\r,30545bdce844831f38b7a3c6dce8ec8a2ce442225edf96178d8eefc62fa32221,D:\Codex_分拆Prompt嚴格無到院\outputs\v2\.p104k10\cloud_validation_index_20260906T211456Z\task_surgery__P1__04_gcs_consciousness_validation.json,6a8ff9c722fafedca9de2a3fd450f477f65026ec8e0f40a645fbc30c3a972b50
surgery__P1__04_gcs_consciousness,surgery,P1,ablation,04_gcs_consciousness,04_gcs_consciousness / without_gcs_consciousness,without_gcs_consciousness,oof_2020_2023,RAW_RECORDED_PREDICTIONS,raw,VALIDATED_COMPUTED,Full inputs excluding source-defined gcs_consciousness,96da2f388f093d3a5dad841e1d389aeeb55c27e3fb7bdbd9924937a80904969d,705,"0.962419 [0.914134, 0.998584]","0.177373 [0.0711084, 0.45642]",8731,9,0.9624194246987184,0.9141339412377608,0.9985840720198709,0.177372565678338,0.07110837617146425,0.4564197555340617,0.000985541655534712,0.0008879540517670577,0.0010906572566896531,0.0,-0.00011453441759248655,0.5,0.5,0.5,0.0,0.9998853473973859,0.0,0.9989690721649485,0,1,8721,9,ESTIMATED,ESTIMATED,ESTIMATED,1932ab87fa0d7e44ab97647eaaf7048d214482266e54e2c6f8f2735bc7bcc360,"Descriptive arm estimate. CI is an individual-arm CI, not a paired-difference CI; no significance claim for a delta. Raw layer; operating point is the recorded P104 comparator rule, not a final clinical threshold.",D:\Codex_分拆Prompt嚴格無到院\outputs\v2\.p104rv\sweep_20260906T151250Z_account-10_v2\t12\r,30545bdce844831f38b7a3c6dce8ec8a2ce442225edf96178d8eefc62fa32221,D:\Codex_分拆Prompt嚴格無到院\outputs\v2\.p104k10\cloud_validation_index_20260906T211456Z\task_surgery__P1__04_gcs_consciousness_validation.json,6a8ff9c722fafedca9de2a3fd450f477f65026ec8e0f40a645fbc30c3a972b50
surgery__P1__04_gcs_consciousness,surgery,P1,ablation,04_gcs_consciousness,04_gcs_consciousness / without_gcs_consciousness,without_gcs_consciousness,validation_2024,RAW_RECORDED_PREDICTIONS,raw,VALIDATED_COMPUTED,Full inputs excluding source-defined gcs_consciousness,96da2f388f093d3a5dad841e1d389aeeb55c27e3fb7bdbd9924937a80904969d,705,"0.96658 [0.908154, 0.997262]","0.261247 [0.136582, 0.583976]",2712,9,0.9665803428289556,0.9081535701730723,0.9972616051257822,0.26124708624708626,0.13658198388152257,0.5839760074469325,0.002906827643786479,0.002445053930990375,0.003324594951029215,0.0,0.0,0.5,0.5,0.5,0.0,1.0,,0.9966814159292036,0,0,2703,9,ESTIMATED,ESTIMATED,ESTIMATED,275a2492f4ab239e2924d96e5ac4b4b8de9740d648fcdb97738717fab3e688ae,"Descriptive arm estimate. CI is an individual-arm CI, not a paired-difference CI; no significance claim for a delta. Raw layer; operating point is the recorded P104 comparator rule, not a final clinical threshold.",D:\Codex_分拆Prompt嚴格無到院\outputs\v2\.p104rv\sweep_20260906T151250Z_account-10_v2\t12\r,30545bdce844831f38b7a3c6dce8ec8a2ce442225edf96178d8eefc62fa32221,D:\Codex_分拆Prompt嚴格無到院\outputs\v2\.p104k10\cloud_validation_index_20260906T211456Z\task_surgery__P1__04_gcs_consciousness_validation.json,6a8ff9c722fafedca9de2a3fd450f477f65026ec8e0f40a645fbc30c3a972b50
surgery__P1__05_shock_index_rsig,surgery,P1,ablation,05_shock_index_rsig,05_shock_index_rsig / locked_full,locked_full,oof_2020_2023,RAW_RECORDED_PREDICTIONS,raw,VALIDATED_COMPUTED,Full locked input feature order,d5d5e2d8a0734a0ce9af97a6606994868307c154f09eee30ee788ada6108d568,764,"0.962419 [0.91463, 0.998411]","0.177373 [0.0748634, 0.439122]",8731,9,0.9624194246987184,0.9146295149662338,0.9984107401067732,0.177372565678338,0.07486341540399058,0.43912175747791626,0.0009840552865293232,0.0008892541482503523,0.0010788316534954647,0.0,-0.00011453441759248655,0.5,0.5,0.5,0.0,0.9998853473973859,0.0,0.9989690721649485,0,1,8721,9,ESTIMATED,ESTIMATED,ESTIMATED,1932ab87fa0d7e44ab97647eaaf7048d214482266e54e2c6f8f2735bc7bcc360,"Descriptive arm estimate. CI is an individual-arm CI, not a paired-difference CI; no significance claim for a delta. Raw layer; operating point is the recorded P104 comparator rule, not a final clinical threshold.",D:\Codex_分拆Prompt嚴格無到院\outputs\v2\.p104rv\sweep_20260906T211456Z_account-01_v2\t13\r,91ca7912ced37e967a06d3bbc031863530141a14e46d1c17ab9dde442e0191e2,D:\Codex_分拆Prompt嚴格無到院\outputs\v2\.p104k10\cloud_validation_index_20260906T211456Z\task_surgery__P1__05_shock_index_rsig_validation.json,fb89c6089115cda4f886238d0c6397cf05d4c4f2814a2384e17b44c8f5a43b03
surgery__P1__05_shock_index_rsig,surgery,P1,ablation,05_shock_index_rsig,05_shock_index_rsig / locked_full,locked_full,validation_2024,RAW_RECORDED_PREDICTIONS,raw,VALIDATED_COMPUTED,Full locked input feature order,d5d5e2d8a0734a0ce9af97a6606994868307c154f09eee30ee788ada6108d568,764,"0.96658 [0.908112, 0.997408]","0.261247 [0.143121, 0.575463]",2712,9,0.9665803428289556,0.9081123768577135,0.9974075272129801,0.26124708624708626,0.1431212947637544,0.5754630150984316,0.0029070521270473954,0.0024287016402163657,0.003321868185756498,0.0,0.0,0.5,0.5,0.5,0.0,1.0,,0.9966814159292036,0,0,2703,9,ESTIMATED,ESTIMATED,ESTIMATED,275a2492f4ab239e2924d96e5ac4b4b8de9740d648fcdb97738717fab3e688ae,"Descriptive arm estimate. CI is an individual-arm CI, not a paired-difference CI; no significance claim for a delta. Raw layer; operating point is the recorded P104 comparator rule, not a final clinical threshold.",D:\Codex_分拆Prompt嚴格無到院\outputs\v2\.p104rv\sweep_20260906T211456Z_account-01_v2\t13\r,91ca7912ced37e967a06d3bbc031863530141a14e46d1c17ab9dde442e0191e2,D:\Codex_分拆Prompt嚴格無到院\outputs\v2\.p104k10\cloud_validation_index_20260906T211456Z\task_surgery__P1__05_shock_index_rsig_validation.json,fb89c6089115cda4f886238d0c6397cf05d4c4f2814a2384e17b44c8f5a43b03
surgery__P1__05_shock_index_rsig,surgery,P1,ablation,05_shock_index_rsig,05_shock_index_rsig / without_shock_index_rsig,without_shock_index_rsig,oof_2020_2023,RAW_RECORDED_PREDICTIONS,raw,VALIDATED_COMPUTED,Full inputs excluding source-defined shock_index_rsig,622faa177bc7a5c0a0264d57f4d33dd05051258db8a5647c23291c4a5c87f257,741,"0.968929 [0.929496, 0.997206]","0.114726 [0.047384, 0.334885]",8731,9,0.9689291446915845,0.9294963244130865,0.9972056252825675,0.11472648115829978,0.047384043370694226,0.3348846587834653,0.0010363759580390537,0.0009470833065199192,0.001134399034740249,0.0,0.0,0.5,0.5,0.5,0.0,1.0,,0.9989691902416676,0,0,8722,9,ESTIMATED,ESTIMATED,ESTIMATED,1932ab87fa0d7e44ab97647eaaf7048d214482266e54e2c6f8f2735bc7bcc360,"Descriptive arm estimate. CI is an individual-arm CI, not a paired-difference CI; no significance claim for a delta. Raw layer; operating point is the recorded P104 comparator rule, not a final clinical threshold.",D:\Codex_分拆Prompt嚴格無到院\outputs\v2\.p104rv\sweep_20260906T211456Z_account-01_v2\t13\r,91ca7912ced37e967a06d3bbc031863530141a14e46d1c17ab9dde442e0191e2,D:\Codex_分拆Prompt嚴格無到院\outputs\v2\.p104k10\cloud_validation_index_20260906T211456Z\task_surgery__P1__05_shock_index_rsig_validation.json,fb89c6089115cda4f886238d0c6397cf05d4c4f2814a2384e17b44c8f5a43b03
surgery__P1__05_shock_index_rsig,surgery,P1,ablation,05_shock_index_rsig,05_shock_index_rsig / without_shock_index_rsig,without_shock_index_rsig,validation_2024,RAW_RECORDED_PREDICTIONS,raw,VALIDATED_COMPUTED,Full inputs excluding source-defined shock_index_rsig,622faa177bc7a5c0a0264d57f4d33dd05051258db8a5647c23291c4a5c87f257,741,"0.979981 [0.944505, 0.998143]","0.299988 [0.168064, 0.606744]",2712,9,0.9799810909688823,0.9445047860708834,0.9981433518007449,0.2999877077654855,0.16806446713001688,0.6067439431913115,0.0028032139960927987,0.002437689016424243,0.003183154053059529,0.0,0.0,0.5,0.5,0.5,0.0,1.0,,0.9966814159292036,0,0,2703,9,ESTIMATED,ESTIMATED,ESTIMATED,275a2492f4ab239e2924d96e5ac4b4b8de9740d648fcdb97738717fab3e688ae,"Descriptive arm estimate. CI is an individual-arm CI, not a paired-difference CI; no significance claim for a delta. Raw layer; operating point is the recorded P104 comparator rule, not a final clinical threshold.",D:\Codex_分拆Prompt嚴格無到院\outputs\v2\.p104rv\sweep_20260906T211456Z_account-01_v2\t13\r,91ca7912ced37e967a06d3bbc031863530141a14e46d1c17ab9dde442e0191e2,D:\Codex_分拆Prompt嚴格無到院\outputs\v2\.p104k10\cloud_validation_index_20260906T211456Z\task_surgery__P1__05_shock_index_rsig_validation.json,fb89c6089115cda4f886238d0c6397cf05d4c4f2814a2384e17b44c8f5a43b03
surgery__P1__06_vital_only_vs_full,surgery,P1,ablation,06_vital_only_vs_full,06_vital_only_vs_full / locked_full,locked_full,oof_2020_2023,RAW_RECORDED_PREDICTIONS,raw,VALIDATED_COMPUTED,Full locked input feature order,d5d5e2d8a0734a0ce9af97a6606994868307c154f09eee30ee788ada6108d568,764,"0.962419 [0.91463, 0.998411]","0.177373 [0.0748634, 0.439122]",8731,9,0.9624194246987184,0.9146295149662338,0.9984107401067732,0.177372565678338,0.07486341540399058,0.43912175747791626,0.0009840552865293232,0.0008892541482503523,0.0010788316534954647,0.0,-0.00011453441759248655,0.5,0.5,0.5,0.0,0.9998853473973859,0.0,0.9989690721649485,0,1,8721,9,ESTIMATED,ESTIMATED,ESTIMATED,1932ab87fa0d7e44ab97647eaaf7048d214482266e54e2c6f8f2735bc7bcc360,"Descriptive arm estimate. CI is an individual-arm CI, not a paired-difference CI; no significance claim for a delta. Raw layer; operating point is the recorded P104 comparator rule, not a final clinical threshold.",D:\Codex_分拆Prompt嚴格無到院\outputs\v2\.p104rv\sweep_20260906T191424Z_account-02_v2\t13\r,b9237b944094d65e130b5f268d12636b2eed82fb5bdec017aac11b73d12ae39f,D:\Codex_分拆Prompt嚴格無到院\outputs\v2\.p104k10\cloud_validation_index_20260906T211456Z\task_surgery__P1__06_vital_only_vs_full_validation.json,42db83fbe7b6ecbe60c0982dd882f84eb2dc96c484c2d88853d2cc1fe45f6cf0
surgery__P1__06_vital_only_vs_full,surgery,P1,ablation,06_vital_only_vs_full,06_vital_only_vs_full / locked_full,locked_full,validation_2024,RAW_RECORDED_PREDICTIONS,raw,VALIDATED_COMPUTED,Full locked input feature order,d5d5e2d8a0734a0ce9af97a6606994868307c154f09eee30ee788ada6108d568,764,"0.96658 [0.908112, 0.997408]","0.261247 [0.143121, 0.575463]",2712,9,0.9665803428289556,0.9081123768577135,0.9974075272129801,0.26124708624708626,0.1431212947637544,0.5754630150984316,0.0029070521270473954,0.0024287016402163657,0.003321868185756498,0.0,0.0,0.5,0.5,0.5,0.0,1.0,,0.9966814159292036,0,0,2703,9,ESTIMATED,ESTIMATED,ESTIMATED,275a2492f4ab239e2924d96e5ac4b4b8de9740d648fcdb97738717fab3e688ae,"Descriptive arm estimate. CI is an individual-arm CI, not a paired-difference CI; no significance claim for a delta. Raw layer; operating point is the recorded P104 comparator rule, not a final clinical threshold.",D:\Codex_分拆Prompt嚴格無到院\outputs\v2\.p104rv\sweep_20260906T191424Z_account-02_v2\t13\r,b9237b944094d65e130b5f268d12636b2eed82fb5bdec017aac11b73d12ae39f,D:\Codex_分拆Prompt嚴格無到院\outputs\v2\.p104k10\cloud_validation_index_20260906T211456Z\task_surgery__P1__06_vital_only_vs_full_validation.json,42db83fbe7b6ecbe60c0982dd882f84eb2dc96c484c2d88853d2cc1fe45f6cf0
surgery__P1__06_vital_only_vs_full,surgery,P1,ablation,06_vital_only_vs_full,06_vital_only_vs_full / vital_only,vital_only,oof_2020_2023,RAW_RECORDED_PREDICTIONS,raw,VALIDATED_COMPUTED,Source-defined seven vital inputs,b7159d74cac9585de4a626c67f6e0ab787e218710adc8d4911e7cc0c608ac2c8,7,"0.899297 [0.800743, 0.974894]","0.0442898 [0.00679378, 0.246775]",8731,9,0.8992967973706336,0.8007428435761187,0.9748937540163054,0.04428977103991316,0.006793777528922404,0.24677529078753452,0.0010212227812075143,0.0009799913090967887,0.001052791565242382,0.0,0.0,0.5,0.5,0.5,0.0,1.0,,0.9989691902416676,0,0,8722,9,ESTIMATED,ESTIMATED,ESTIMATED,1932ab87fa0d7e44ab97647eaaf7048d214482266e54e2c6f8f2735bc7bcc360,"Descriptive arm estimate. CI is an individual-arm CI, not a paired-difference CI; no significance claim for a delta. Raw layer; operating point is the recorded P104 comparator rule, not a final clinical threshold.",D:\Codex_分拆Prompt嚴格無到院\outputs\v2\.p104rv\sweep_20260906T191424Z_account-02_v2\t13\r,b9237b944094d65e130b5f268d12636b2eed82fb5bdec017aac11b73d12ae39f,D:\Codex_分拆Prompt嚴格無到院\outputs\v2\.p104k10\cloud_validation_index_20260906T211456Z\task_surgery__P1__06_vital_only_vs_full_validation.json,42db83fbe7b6ecbe60c0982dd882f84eb2dc96c484c2d88853d2cc1fe45f6cf0
surgery__P1__06_vital_only_vs_full,surgery,P1,ablation,06_vital_only_vs_full,06_vital_only_vs_full / vital_only,vital_only,validation_2024,RAW_RECORDED_PREDICTIONS,raw,VALIDATED_COMPUTED,Source-defined seven vital inputs,b7159d74cac9585de4a626c67f6e0ab787e218710adc8d4911e7cc0c608ac2c8,7,"0.900399 [0.726118, 0.992513]","0.232033 [0.0784594, 0.565159]",2712,9,0.9003987339170468,0.726118439910325,0.9925131994993489,0.23203331807142893,0.07845936358152499,0.5651591289550028,0.003101741593809008,0.0028909644420714205,0.003285937778130135,0.0,0.0,0.5,0.5,0.5,0.0,1.0,,0.9966814159292036,0,0,2703,9,ESTIMATED,ESTIMATED,ESTIMATED,275a2492f4ab239e2924d96e5ac4b4b8de9740d648fcdb97738717fab3e688ae,"Descriptive arm estimate. CI is an individual-arm CI, not a paired-difference CI; no significance claim for a delta. Raw layer; operating point is the recorded P104 comparator rule, not a final clinical threshold.",D:\Codex_分拆Prompt嚴格無到院\outputs\v2\.p104rv\sweep_20260906T191424Z_account-02_v2\t13\r,b9237b944094d65e130b5f268d12636b2eed82fb5bdec017aac11b73d12ae39f,D:\Codex_分拆Prompt嚴格無到院\outputs\v2\.p104k10\cloud_validation_index_20260906T211456Z\task_surgery__P1__06_vital_only_vs_full_validation.json,42db83fbe7b6ecbe60c0982dd882f84eb2dc96c484c2d88853d2cc1fe45f6cf0
surgery__P1__07_logistic_vs_xgboost,surgery,P1,ablation,07_logistic_vs_xgboost,07_logistic_vs_xgboost / logistic_l2,logistic_l2,oof_2020_2023,RAW_RECORDED_PREDICTIONS,raw,VALIDATED_COMPUTED,Full locked input feature order,d5d5e2d8a0734a0ce9af97a6606994868307c154f09eee30ee788ada6108d568,764,"0.445744 [0.203276, 0.704969]","0.00347606 [0.000887503, 0.0192293]",8731,9,0.445743840607404,0.20327572711729536,0.7049690721890759,0.0034760639473884816,0.0008875030584813352,0.019229338137778194,0.0027501234542081855,0.002090527276551652,0.0035369248036416076,0.0,-0.001718016263887298,0.5,0.5,0.5,0.0,0.9982802109607888,0.0,0.9989674162459844,0,15,8707,9,ESTIMATED,ESTIMATED,ESTIMATED,1932ab87fa0d7e44ab97647eaaf7048d214482266e54e2c6f8f2735bc7bcc360,"Descriptive arm estimate. CI is an individual-arm CI, not a paired-difference CI; no significance claim for a delta. Raw layer; operating point is the recorded P104 comparator rule, not a final clinical threshold.",D:\Codex_分拆Prompt嚴格無到院\outputs\v2\.p104k10\failed_revalidation_20260906T211456Z\f09\repo\outputs\v2\specialty_opname_v1\p1_04_extension_20260905\runs\surgery__P1__07_logistic_vs_xgboost,d34eb56790eb110273ca365007b8dd6f6fa24fc2de93ff0c86694fd61b131591,D:\Codex_分拆Prompt嚴格無到院\outputs\v2\.p104k10\cloud_validation_index_20260906T211456Z\task_surgery__P1__07_logistic_vs_xgboost_validation.json,c9a37472ba497c583f929706d27ed0f6524cff67ad02194bceb1a6f015dbc1e8
surgery__P1__07_logistic_vs_xgboost,surgery,P1,ablation,07_logistic_vs_xgboost,07_logistic_vs_xgboost / logistic_l2,logistic_l2,validation_2024,RAW_RECORDED_PREDICTIONS,raw,VALIDATED_COMPUTED,Full locked input feature order,d5d5e2d8a0734a0ce9af97a6606994868307c154f09eee30ee788ada6108d568,764,"0.923583 [0.818272, 0.997937]","0.429169 [0.179452, 0.78189]",2712,9,0.9235828503309081,0.8182722130580304,0.9979372292153033,0.42916934001166024,0.17945234809750515,0.7818900093627534,0.002695390849989935,0.0013709886271002852,0.00431362802946274,0.5555555555555556,0.0003687315634218289,0.5,0.5,0.5,0.5555555555555556,0.998520162782094,0.5555555555555556,0.998520162782094,5,4,2699,4,ESTIMATED,ESTIMATED,ESTIMATED,275a2492f4ab239e2924d96e5ac4b4b8de9740d648fcdb97738717fab3e688ae,"Descriptive arm estimate. CI is an individual-arm CI, not a paired-difference CI; no significance claim for a delta. Raw layer; operating point is the recorded P104 comparator rule, not a final clinical threshold.",D:\Codex_分拆Prompt嚴格無到院\outputs\v2\.p104k10\failed_revalidation_20260906T211456Z\f09\repo\outputs\v2\specialty_opname_v1\p1_04_extension_20260905\runs\surgery__P1__07_logistic_vs_xgboost,d34eb56790eb110273ca365007b8dd6f6fa24fc2de93ff0c86694fd61b131591,D:\Codex_分拆Prompt嚴格無到院\outputs\v2\.p104k10\cloud_validation_index_20260906T211456Z\task_surgery__P1__07_logistic_vs_xgboost_validation.json,c9a37472ba497c583f929706d27ed0f6524cff67ad02194bceb1a6f015dbc1e8
surgery__P1__07_logistic_vs_xgboost,surgery,P1,ablation,07_logistic_vs_xgboost,07_logistic_vs_xgboost / xgboost,xgboost,oof_2020_2023,RAW_RECORDED_PREDICTIONS,raw,VALIDATED_COMPUTED,Full locked input feature order,d5d5e2d8a0734a0ce9af97a6606994868307c154f09eee30ee788ada6108d568,764,"0.934317 [0.820676, 0.998431]","0.220581 [0.0815676, 0.548902]",8731,9,0.9343167978802007,0.8206756001444244,0.9984308006179787,0.2205810901448936,0.08156758095102871,0.5489016465453196,0.0009240120768458376,0.0006732491398058399,0.0011924772513994227,0.15384615384615385,-0.0002290688351849731,0.5,0.5,0.5,0.1111111111111111,0.9996560421921578,0.25,0.9990833046866048,1,3,8719,8,ESTIMATED,ESTIMATED,ESTIMATED,1932ab87fa0d7e44ab97647eaaf7048d214482266e54e2c6f8f2735bc7bcc360,"Descriptive arm estimate. CI is an individual-arm CI, not a paired-difference CI; no significance claim for a delta. Raw layer; operating point is the recorded P104 comparator rule, not a final clinical threshold.",D:\Codex_分拆Prompt嚴格無到院\outputs\v2\.p104k10\failed_revalidation_20260906T211456Z\f09\repo\outputs\v2\specialty_opname_v1\p1_04_extension_20260905\runs\surgery__P1__07_logistic_vs_xgboost,d34eb56790eb110273ca365007b8dd6f6fa24fc2de93ff0c86694fd61b131591,D:\Codex_分拆Prompt嚴格無到院\outputs\v2\.p104k10\cloud_validation_index_20260906T211456Z\task_surgery__P1__07_logistic_vs_xgboost_validation.json,c9a37472ba497c583f929706d27ed0f6524cff67ad02194bceb1a6f015dbc1e8
surgery__P1__07_logistic_vs_xgboost,surgery,P1,ablation,07_logistic_vs_xgboost,07_logistic_vs_xgboost / xgboost,xgboost,validation_2024,RAW_RECORDED_PREDICTIONS,raw,VALIDATED_COMPUTED,Full locked input feature order,d5d5e2d8a0734a0ce9af97a6606994868307c154f09eee30ee788ada6108d568,764,"0.96395 [0.899247, 0.997607]","0.253691 [0.145316, 0.525604]",2712,9,0.9639495211082336,0.8992469127482735,0.997607339849856,0.2536912883900503,0.1453156962234343,0.5256037829588553,0.0033040450246910207,0.0023458713296243745,0.004439814072324893,0.14285714285714285,-0.0011061946902654867,0.5,0.5,0.5,0.1111111111111111,0.998520162782094,0.2,0.9970446989287034,1,4,2699,8,ESTIMATED,ESTIMATED,ESTIMATED,275a2492f4ab239e2924d96e5ac4b4b8de9740d648fcdb97738717fab3e688ae,"Descriptive arm estimate. CI is an individual-arm CI, not a paired-difference CI; no significance claim for a delta. Raw layer; operating point is the recorded P104 comparator rule, not a final clinical threshold.",D:\Codex_分拆Prompt嚴格無到院\outputs\v2\.p104k10\failed_revalidation_20260906T211456Z\f09\repo\outputs\v2\specialty_opname_v1\p1_04_extension_20260905\runs\surgery__P1__07_logistic_vs_xgboost,d34eb56790eb110273ca365007b8dd6f6fa24fc2de93ff0c86694fd61b131591,D:\Codex_分拆Prompt嚴格無到院\outputs\v2\.p104k10\cloud_validation_index_20260906T211456Z\task_surgery__P1__07_logistic_vs_xgboost_validation.json,c9a37472ba497c583f929706d27ed0f6524cff67ad02194bceb1a6f015dbc1e8
surgery__P1__08_median_vs_knn,surgery,P1,ablation,08_median_vs_knn,08_median_vs_knn / knn,knn,oof_2020_2023,RAW_RECORDED_PREDICTIONS,raw,VALIDATED_COMPUTED,Full locked input feature order,d5d5e2d8a0734a0ce9af97a6606994868307c154f09eee30ee788ada6108d568,764,"0.934865 [0.848325, 0.994409]","0.118074 [0.0408288, 0.29635]",8731,9,0.9348645825371348,0.848325231725649,0.9944086360570649,0.11807432472091633,0.04082883762730485,0.29635006875169917,0.0010702682458448931,0.0009744202383566063,0.0011906599348703543,0.0,-0.00011453441759248655,0.5,0.5,0.5,0.0,0.9998853473973859,0.0,0.9989690721649485,0,1,8721,9,ESTIMATED,ESTIMATED,ESTIMATED,1932ab87fa0d7e44ab97647eaaf7048d214482266e54e2c6f8f2735bc7bcc360,"Descriptive arm estimate. CI is an individual-arm CI, not a paired-difference CI; no significance claim for a delta. Raw layer; operating point is the recorded P104 comparator rule, not a final clinical threshold.",D:\Codex_分拆Prompt嚴格無到院\outputs\v2\.p104rv\sweep_20260906T161352Z_account-04_v3\t13\r,db927ef7bcb7eb07e759b6c4e2a9fa98a211c5a98d7f6d986ba719c6b06d5053,D:\Codex_分拆Prompt嚴格無到院\outputs\v2\.p104k10\cloud_validation_index_20260906T211456Z\task_surgery__P1__08_median_vs_knn_validation.json,6372c46b746b5d1187417c740614942a3a0763e4b76076e5fd7b8863a19d7482
surgery__P1__08_median_vs_knn,surgery,P1,ablation,08_median_vs_knn,08_median_vs_knn / knn,knn,validation_2024,RAW_RECORDED_PREDICTIONS,raw,VALIDATED_COMPUTED,Full locked input feature order,d5d5e2d8a0734a0ce9af97a6606994868307c154f09eee30ee788ada6108d568,764,"0.976281 [0.930726, 0.99926]","0.542149 [0.300548, 0.843979]",2712,9,0.9762814979241172,0.9307259657640936,0.9992595677109543,0.5421489621489621,0.30054804910714666,0.8439793271372213,0.0024342033739007227,0.0019376821448739727,0.0029441757613906357,0.0,0.0,0.5,0.5,0.5,0.0,1.0,,0.9966814159292036,0,0,2703,9,ESTIMATED,ESTIMATED,ESTIMATED,275a2492f4ab239e2924d96e5ac4b4b8de9740d648fcdb97738717fab3e688ae,"Descriptive arm estimate. CI is an individual-arm CI, not a paired-difference CI; no significance claim for a delta. Raw layer; operating point is the recorded P104 comparator rule, not a final clinical threshold.",D:\Codex_分拆Prompt嚴格無到院\outputs\v2\.p104rv\sweep_20260906T161352Z_account-04_v3\t13\r,db927ef7bcb7eb07e759b6c4e2a9fa98a211c5a98d7f6d986ba719c6b06d5053,D:\Codex_分拆Prompt嚴格無到院\outputs\v2\.p104k10\cloud_validation_index_20260906T211456Z\task_surgery__P1__08_median_vs_knn_validation.json,6372c46b746b5d1187417c740614942a3a0763e4b76076e5fd7b8863a19d7482
surgery__P1__08_median_vs_knn,surgery,P1,ablation,08_median_vs_knn,08_median_vs_knn / median,median,oof_2020_2023,RAW_RECORDED_PREDICTIONS,raw,VALIDATED_COMPUTED,Full locked input feature order,d5d5e2d8a0734a0ce9af97a6606994868307c154f09eee30ee788ada6108d568,764,"0.962419 [0.920053, 0.998572]","0.177373 [0.0742962, 0.461966]",8731,9,0.9624194246987184,0.9200529945606876,0.9985716316233267,0.177372565678338,0.07429616712783527,0.4619655497599235,0.0009840552865293232,0.0008932478595780602,0.0010775583305181733,0.0,-0.00011453441759248655,0.5,0.5,0.5,0.0,0.9998853473973859,0.0,0.9989690721649485,0,1,8721,9,ESTIMATED,ESTIMATED,ESTIMATED,1932ab87fa0d7e44ab97647eaaf7048d214482266e54e2c6f8f2735bc7bcc360,"Descriptive arm estimate. CI is an individual-arm CI, not a paired-difference CI; no significance claim for a delta. Raw layer; operating point is the recorded P104 comparator rule, not a final clinical threshold.",D:\Codex_分拆Prompt嚴格無到院\outputs\v2\.p104rv\sweep_20260906T161352Z_account-04_v3\t13\r,db927ef7bcb7eb07e759b6c4e2a9fa98a211c5a98d7f6d986ba719c6b06d5053,D:\Codex_分拆Prompt嚴格無到院\outputs\v2\.p104k10\cloud_validation_index_20260906T211456Z\task_surgery__P1__08_median_vs_knn_validation.json,6372c46b746b5d1187417c740614942a3a0763e4b76076e5fd7b8863a19d7482
surgery__P1__08_median_vs_knn,surgery,P1,ablation,08_median_vs_knn,08_median_vs_knn / median,median,validation_2024,RAW_RECORDED_PREDICTIONS,raw,VALIDATED_COMPUTED,Full locked input feature order,d5d5e2d8a0734a0ce9af97a6606994868307c154f09eee30ee788ada6108d568,764,"0.96658 [0.907063, 0.997404]","0.261247 [0.130995, 0.565036]",2712,9,0.9665803428289556,0.9070630477022751,0.9974036089487103,0.26124708624708626,0.13099452542304696,0.5650362021822594,0.0029070521270473954,0.0024442933479775775,0.0033266366158688563,0.0,0.0,0.5,0.5,0.5,0.0,1.0,,0.9966814159292036,0,0,2703,9,ESTIMATED,ESTIMATED,ESTIMATED,275a2492f4ab239e2924d96e5ac4b4b8de9740d648fcdb97738717fab3e688ae,"Descriptive arm estimate. CI is an individual-arm CI, not a paired-difference CI; no significance claim for a delta. Raw layer; operating point is the recorded P104 comparator rule, not a final clinical threshold.",D:\Codex_分拆Prompt嚴格無到院\outputs\v2\.p104rv\sweep_20260906T161352Z_account-04_v3\t13\r,db927ef7bcb7eb07e759b6c4e2a9fa98a211c5a98d7f6d986ba719c6b06d5053,D:\Codex_分拆Prompt嚴格無到院\outputs\v2\.p104k10\cloud_validation_index_20260906T211456Z\task_surgery__P1__08_median_vs_knn_validation.json,6372c46b746b5d1187417c740614942a3a0763e4b76076e5fd7b8863a19d7482
surgery__P1__09_class_weight_smotenc_threshold,surgery,P1,ablation,09_class_weight_smotenc_threshold,09_class_weight_smotenc_threshold / class_weight,class_weight,oof_2020_2023,RAW_RECORDED_PREDICTIONS,raw,VALIDATED_COMPUTED,Full locked input feature order,d5d5e2d8a0734a0ce9af97a6606994868307c154f09eee30ee788ada6108d568,764,"0.445744 [0.200747, 0.709216]","0.00347606 [0.000879919, 0.0189931]",8731,9,0.445743840607404,0.20074717603212222,0.7092157227082565,0.0034760639473884816,0.0008799185624322478,0.018993052552411335,0.0027501234542081855,0.0020587803214826466,0.0035298553148325144,0.0,-0.001718016263887298,0.5,0.5,0.5,0.0,0.9982802109607888,0.0,0.9989674162459844,0,15,8707,9,ESTIMATED,ESTIMATED,ESTIMATED,1932ab87fa0d7e44ab97647eaaf7048d214482266e54e2c6f8f2735bc7bcc360,"Descriptive arm estimate. CI is an individual-arm CI, not a paired-difference CI; no significance claim for a delta. Raw layer; operating point is the recorded P104 comparator rule, not a final clinical threshold.",D:\Codex_分拆Prompt嚴格無到院\outputs\v2\specialty_opname_v1\p1_04_extension_20260905\runs\surgery__P1__09_class_weight_smotenc_threshold,4df900cdfaa321cdbf1d5f08d2e4ccf649c5c05b5e2e8857fe12b4cbbc4b2479,D:\Codex_分拆Prompt嚴格無到院\outputs\v2\specialty_opname_v1\p1_04_extension_20260905\local_dispatch_full\validations\surgery__P1__09_class_weight_smotenc_threshold\4df900cdfaa321cd_3c510f4d0008.report.json,8f92f61e7fdf942232b526218a4781f249c15ccb09f19729ed77d480246c42e3
surgery__P1__09_class_weight_smotenc_threshold,surgery,P1,ablation,09_class_weight_smotenc_threshold,09_class_weight_smotenc_threshold / class_weight,class_weight,validation_2024,RAW_RECORDED_PREDICTIONS,raw,VALIDATED_COMPUTED,Full locked input feature order,d5d5e2d8a0734a0ce9af97a6606994868307c154f09eee30ee788ada6108d568,764,"0.923583 [0.824697, 0.998239]","0.429169 [0.172173, 0.801092]",2712,9,0.9235828503309081,0.8246970491958205,0.9982387120852905,0.42916934001166024,0.17217334356619177,0.8010921717171715,0.002695390849989935,0.0012616999956189185,0.004268260032851712,0.5555555555555556,0.0003687315634218289,0.5,0.5,0.5,0.5555555555555556,0.998520162782094,0.5555555555555556,0.998520162782094,5,4,2699,4,ESTIMATED,ESTIMATED,ESTIMATED,275a2492f4ab239e2924d96e5ac4b4b8de9740d648fcdb97738717fab3e688ae,"Descriptive arm estimate. CI is an individual-arm CI, not a paired-difference CI; no significance claim for a delta. Raw layer; operating point is the recorded P104 comparator rule, not a final clinical threshold.",D:\Codex_分拆Prompt嚴格無到院\outputs\v2\specialty_opname_v1\p1_04_extension_20260905\runs\surgery__P1__09_class_weight_smotenc_threshold,4df900cdfaa321cdbf1d5f08d2e4ccf649c5c05b5e2e8857fe12b4cbbc4b2479,D:\Codex_分拆Prompt嚴格無到院\outputs\v2\specialty_opname_v1\p1_04_extension_20260905\local_dispatch_full\validations\surgery__P1__09_class_weight_smotenc_threshold\4df900cdfaa321cd_3c510f4d0008.report.json,8f92f61e7fdf942232b526218a4781f249c15ccb09f19729ed77d480246c42e3
surgery__P1__09_class_weight_smotenc_threshold,surgery,P1,ablation,09_class_weight_smotenc_threshold,09_class_weight_smotenc_threshold / smotenc,smotenc,oof_2020_2023,RAW_RECORDED_PREDICTIONS,raw,VALIDATED_COMPUTED,Full locked input feature order,d5d5e2d8a0734a0ce9af97a6606994868307c154f09eee30ee788ada6108d568,764,"0.49642 [0.266945, 0.719399]","0.00280247 [0.000866675, 0.0133738]",8731,9,0.496420290962827,0.2669453528517928,0.7193992863890993,0.0028024745819387594,0.000866674673070197,0.013373765361762654,0.001664201935753397,0.001223955768757262,0.0021842716457188306,0.0,-0.0005726720879624327,0.5,0.5,0.5,0.0,0.9994267369869296,0.0,0.9989685995874399,0,5,8717,9,ESTIMATED,ESTIMATED,ESTIMATED,1932ab87fa0d7e44ab97647eaaf7048d214482266e54e2c6f8f2735bc7bcc360,"Descriptive arm estimate. CI is an individual-arm CI, not a paired-difference CI; no significance claim for a delta. Raw layer; operating point is the recorded P104 comparator rule, not a final clinical threshold.",D:\Codex_分拆Prompt嚴格無到院\outputs\v2\specialty_opname_v1\p1_04_extension_20260905\runs\surgery__P1__09_class_weight_smotenc_threshold,4df900cdfaa321cdbf1d5f08d2e4ccf649c5c05b5e2e8857fe12b4cbbc4b2479,D:\Codex_分拆Prompt嚴格無到院\outputs\v2\specialty_opname_v1\p1_04_extension_20260905\local_dispatch_full\validations\surgery__P1__09_class_weight_smotenc_threshold\4df900cdfaa321cd_3c510f4d0008.report.json,8f92f61e7fdf942232b526218a4781f249c15ccb09f19729ed77d480246c42e3
surgery__P1__09_class_weight_smotenc_threshold,surgery,P1,ablation,09_class_weight_smotenc_threshold,09_class_weight_smotenc_threshold / smotenc,smotenc,validation_2024,RAW_RECORDED_PREDICTIONS,raw,VALIDATED_COMPUTED,Full locked input feature order,d5d5e2d8a0734a0ce9af97a6606994868307c154f09eee30ee788ada6108d568,764,"0.764151 [0.55286, 0.940591]","0.392062 [0.099606, 0.715817]",2712,9,0.7641509433962264,0.5528603682899943,0.9405908401255165,0.39206211922905493,0.09960600442605315,0.7158166979672724,0.0030978500512246513,0.0018395284053586325,0.004519657184415036,0.3076923076923077,0.0,0.5,0.5,0.5,0.2222222222222222,0.9992600813910469,0.5,0.9974150664697193,2,2,2701,7,ESTIMATED,ESTIMATED,ESTIMATED,275a2492f4ab239e2924d96e5ac4b4b8de9740d648fcdb97738717fab3e688ae,"Descriptive arm estimate. CI is an individual-arm CI, not a paired-difference CI; no significance claim for a delta. Raw layer; operating point is the recorded P104 comparator rule, not a final clinical threshold.",D:\Codex_分拆Prompt嚴格無到院\outputs\v2\specialty_opname_v1\p1_04_extension_20260905\runs\surgery__P1__09_class_weight_smotenc_threshold,4df900cdfaa321cdbf1d5f08d2e4ccf649c5c05b5e2e8857fe12b4cbbc4b2479,D:\Codex_分拆Prompt嚴格無到院\outputs\v2\specialty_opname_v1\p1_04_extension_20260905\local_dispatch_full\validations\surgery__P1__09_class_weight_smotenc_threshold\4df900cdfaa321cd_3c510f4d0008.report.json,8f92f61e7fdf942232b526218a4781f249c15ccb09f19729ed77d480246c42e3
surgery__P1__09_class_weight_smotenc_threshold,surgery,P1,ablation,09_class_weight_smotenc_threshold,09_class_weight_smotenc_threshold / threshold_shift,threshold_shift,oof_2020_2023,RAW_RECORDED_PREDICTIONS,raw,VALIDATED_COMPUTED,Full locked input feature order,d5d5e2d8a0734a0ce9af97a6606994868307c154f09eee30ee788ada6108d568,764,"0.38829 [0.132855, 0.669627]","0.00523975 [0.000741421, 0.0272407]",8731,9,0.38829014751968205,0.13285514874448212,0.669627047830163,0.005239751254614653,0.0007414211532694999,0.027240719677399588,0.001782910981756099,0.0012840277583881956,0.002348202295533857,0.0,-7.017786250075973e-05,0.03851576219885842,0.014199800632752911,0.0497999729141798,0.0,0.9981655583581748,0.0,0.9989672977624785,0,16,8706,9,ESTIMATED,ESTIMATED,ESTIMATED,1932ab87fa0d7e44ab97647eaaf7048d214482266e54e2c6f8f2735bc7bcc360,"Descriptive arm estimate. CI is an individual-arm CI, not a paired-difference CI; no significance claim for a delta. Raw layer; operating point is the recorded P104 comparator rule, not a final clinical threshold.",D:\Codex_分拆Prompt嚴格無到院\outputs\v2\specialty_opname_v1\p1_04_extension_20260905\runs\surgery__P1__09_class_weight_smotenc_threshold,4df900cdfaa321cdbf1d5f08d2e4ccf649c5c05b5e2e8857fe12b4cbbc4b2479,D:\Codex_分拆Prompt嚴格無到院\outputs\v2\specialty_opname_v1\p1_04_extension_20260905\local_dispatch_full\validations\surgery__P1__09_class_weight_smotenc_threshold\4df900cdfaa321cd_3c510f4d0008.report.json,8f92f61e7fdf942232b526218a4781f249c15ccb09f19729ed77d480246c42e3
surgery__P1__09_class_weight_smotenc_threshold,surgery,P1,ablation,09_class_weight_smotenc_threshold,09_class_weight_smotenc_threshold / threshold_shift,threshold_shift,validation_2024,RAW_RECORDED_PREDICTIONS,raw,VALIDATED_COMPUTED,Full locked input feature order,d5d5e2d8a0734a0ce9af97a6606994868307c154f09eee30ee788ada6108d568,764,"0.880585 [0.687772, 0.997083]","0.398771 [0.142325, 0.789812]",2712,9,0.8805853578328606,0.6877719254975521,0.9970834055743977,0.3987714513495727,0.14232462594433667,0.7898115191485523,0.0022489788496697955,0.0007867301675219664,0.0037302681747054664,0.5263157894736842,0.0017588251101963428,0.04398917487853636,0.043989174878536354,0.043989174878536354,0.5555555555555556,0.9981502034776175,0.5,0.9985196150999259,5,5,2698,4,ESTIMATED,ESTIMATED,ESTIMATED,275a2492f4ab239e2924d96e5ac4b4b8de9740d648fcdb97738717fab3e688ae,"Descriptive arm estimate. CI is an individual-arm CI, not a paired-difference CI; no significance claim for a delta. Raw layer; operating point is the recorded P104 comparator rule, not a final clinical threshold.",D:\Codex_分拆Prompt嚴格無到院\outputs\v2\specialty_opname_v1\p1_04_extension_20260905\runs\surgery__P1__09_class_weight_smotenc_threshold,4df900cdfaa321cdbf1d5f08d2e4ccf649c5c05b5e2e8857fe12b4cbbc4b2479,D:\Codex_分拆Prompt嚴格無到院\outputs\v2\specialty_opname_v1\p1_04_extension_20260905\local_dispatch_full\validations\surgery__P1__09_class_weight_smotenc_threshold\4df900cdfaa321cd_3c510f4d0008.report.json,8f92f61e7fdf942232b526218a4781f249c15ccb09f19729ed77d480246c42e3
surgery__P1__10_prehospital_vs_ed_early,surgery,P1,ablation,10_prehospital_vs_ed_early,10_prehospital_vs_ed_early / locked_full,locked_full,oof_2020_2023,RAW_RECORDED_PREDICTIONS,raw,VALIDATED_COMPUTED,Full locked input feature order,d5d5e2d8a0734a0ce9af97a6606994868307c154f09eee30ee788ada6108d568,764,"0.962419 [0.91463, 0.998411]","0.177373 [0.0748634, 0.439122]",8731,9,0.9624194246987184,0.9146295149662338,0.9984107401067732,0.177372565678338,0.07486341540399058,0.43912175747791626,0.0009840552865293232,0.0008892541482503523,0.0010788316534954647,0.0,-0.00011453441759248655,0.5,0.5,0.5,0.0,0.9998853473973859,0.0,0.9989690721649485,0,1,8721,9,ESTIMATED,ESTIMATED,ESTIMATED,1932ab87fa0d7e44ab97647eaaf7048d214482266e54e2c6f8f2735bc7bcc360,"Descriptive arm estimate. CI is an individual-arm CI, not a paired-difference CI; no significance claim for a delta. Raw layer; operating point is the recorded P104 comparator rule, not a final clinical threshold.",D:\Codex_分拆Prompt嚴格無到院\outputs\v2\.p104rv\sweep_20260906T151250Z_account-05_v2\t13\r,15435477d2bedb0b7a837429c3eac53d455d3990fb7bc99955cd9a97bae157e2,D:\Codex_分拆Prompt嚴格無到院\outputs\v2\.p104k10\cloud_validation_index_20260906T211456Z\task_surgery__P1__10_prehospital_vs_ed_early_validation.json,06046f359e2eb20c40d9639276e1c0542db24a5c08dc592fbfcc5593b5f75f15
surgery__P1__10_prehospital_vs_ed_early,surgery,P1,ablation,10_prehospital_vs_ed_early,10_prehospital_vs_ed_early / locked_full,locked_full,validation_2024,RAW_RECORDED_PREDICTIONS,raw,VALIDATED_COMPUTED,Full locked input feature order,d5d5e2d8a0734a0ce9af97a6606994868307c154f09eee30ee788ada6108d568,764,"0.96658 [0.908112, 0.997408]","0.261247 [0.143121, 0.575463]",2712,9,0.9665803428289556,0.9081123768577135,0.9974075272129801,0.26124708624708626,0.1431212947637544,0.5754630150984316,0.0029070521270473954,0.0024287016402163657,0.003321868185756498,0.0,0.0,0.5,0.5,0.5,0.0,1.0,,0.9966814159292036,0,0,2703,9,ESTIMATED,ESTIMATED,ESTIMATED,275a2492f4ab239e2924d96e5ac4b4b8de9740d648fcdb97738717fab3e688ae,"Descriptive arm estimate. CI is an individual-arm CI, not a paired-difference CI; no significance claim for a delta. Raw layer; operating point is the recorded P104 comparator rule, not a final clinical threshold.",D:\Codex_分拆Prompt嚴格無到院\outputs\v2\.p104rv\sweep_20260906T151250Z_account-05_v2\t13\r,15435477d2bedb0b7a837429c3eac53d455d3990fb7bc99955cd9a97bae157e2,D:\Codex_分拆Prompt嚴格無到院\outputs\v2\.p104k10\cloud_validation_index_20260906T211456Z\task_surgery__P1__10_prehospital_vs_ed_early_validation.json,06046f359e2eb20c40d9639276e1c0542db24a5c08dc592fbfcc5593b5f75f15
surgery__P1__10_prehospital_vs_ed_early,surgery,P1,ablation,10_prehospital_vs_ed_early,10_prehospital_vs_ed_early / plus_ed_early,plus_ed_early,oof_2020_2023,RAW_RECORDED_PREDICTIONS,raw,VALIDATED_COMPUTED,Full prehospital inputs plus separately labelled ED-early comparator inputs,a13b2333d99c92de94917b98c1bf5db5969fce60a635c467dff6a04ee3da0e03,790,"0.945311 [0.86808, 0.998087]","0.132924 [0.0573517, 0.347046]",8731,9,0.9453107085530842,0.8680800903641096,0.9980874531739576,0.13292436545653918,0.057351718395594074,0.3470459846362964,0.0010144046676892101,0.0009591293162483977,0.0010788535948653766,0.0,0.0,0.5,0.5,0.5,0.0,1.0,,0.9989691902416676,0,0,8722,9,ESTIMATED,ESTIMATED,ESTIMATED,1932ab87fa0d7e44ab97647eaaf7048d214482266e54e2c6f8f2735bc7bcc360,"Descriptive arm estimate. CI is an individual-arm CI, not a paired-difference CI; no significance claim for a delta. Raw layer; operating point is the recorded P104 comparator rule, not a final clinical threshold.",D:\Codex_分拆Prompt嚴格無到院\outputs\v2\.p104rv\sweep_20260906T151250Z_account-05_v2\t13\r,15435477d2bedb0b7a837429c3eac53d455d3990fb7bc99955cd9a97bae157e2,D:\Codex_分拆Prompt嚴格無到院\outputs\v2\.p104k10\cloud_validation_index_20260906T211456Z\task_surgery__P1__10_prehospital_vs_ed_early_validation.json,06046f359e2eb20c40d9639276e1c0542db24a5c08dc592fbfcc5593b5f75f15
surgery__P1__10_prehospital_vs_ed_early,surgery,P1,ablation,10_prehospital_vs_ed_early,10_prehospital_vs_ed_early / plus_ed_early,plus_ed_early,validation_2024,RAW_RECORDED_PREDICTIONS,raw,VALIDATED_COMPUTED,Full prehospital inputs plus separately labelled ED-early comparator inputs,a13b2333d99c92de94917b98c1bf5db5969fce60a635c467dff6a04ee3da0e03,790,"0.955934 [0.875901, 0.997507]","0.318178 [0.141665, 0.666118]",2712,9,0.9559337361779092,0.8759008650080079,0.997506743104929,0.31817773386043274,0.14166474708085447,0.6661178994243508,0.002806087706180872,0.0022993258565278435,0.003253643569258214,0.0,0.0,0.5,0.5,0.5,0.0,1.0,,0.9966814159292036,0,0,2703,9,ESTIMATED,ESTIMATED,ESTIMATED,275a2492f4ab239e2924d96e5ac4b4b8de9740d648fcdb97738717fab3e688ae,"Descriptive arm estimate. CI is an individual-arm CI, not a paired-difference CI; no significance claim for a delta. Raw layer; operating point is the recorded P104 comparator rule, not a final clinical threshold.",D:\Codex_分拆Prompt嚴格無到院\outputs\v2\.p104rv\sweep_20260906T151250Z_account-05_v2\t13\r,15435477d2bedb0b7a837429c3eac53d455d3990fb7bc99955cd9a97bae157e2,D:\Codex_分拆Prompt嚴格無到院\outputs\v2\.p104k10\cloud_validation_index_20260906T211456Z\task_surgery__P1__10_prehospital_vs_ed_early_validation.json,06046f359e2eb20c40d9639276e1c0542db24a5c08dc592fbfcc5593b5f75f15
surgery__P1__11_collaborator_variables,surgery,P1,ablation,11_collaborator_variables,11_collaborator_variables / locked_full,locked_full,oof_2020_2023,RAW_RECORDED_PREDICTIONS,raw,VALIDATED_COMPUTED,Full locked input feature order,d5d5e2d8a0734a0ce9af97a6606994868307c154f09eee30ee788ada6108d568,764,"0.962419 [0.91463, 0.998411]","0.177373 [0.0748634, 0.439122]",8731,9,0.9624194246987184,0.9146295149662338,0.9984107401067732,0.177372565678338,0.07486341540399058,0.43912175747791626,0.0009840552865293232,0.0008892541482503523,0.0010788316534954647,0.0,-0.00011453441759248655,0.5,0.5,0.5,0.0,0.9998853473973859,0.0,0.9989690721649485,0,1,8721,9,ESTIMATED,ESTIMATED,ESTIMATED,1932ab87fa0d7e44ab97647eaaf7048d214482266e54e2c6f8f2735bc7bcc360,"Descriptive arm estimate. CI is an individual-arm CI, not a paired-difference CI; no significance claim for a delta. Raw layer; operating point is the recorded P104 comparator rule, not a final clinical threshold.",D:\Codex_分拆Prompt嚴格無到院\outputs\v2\.p104rv\sweep_20260906T151250Z_account-06_v2\t13\r,27300cf1bc8e8b3dabcbff422df133df93a83ad6836300c4c67b86a83d061cf1,D:\Codex_分拆Prompt嚴格無到院\outputs\v2\.p104k10\cloud_validation_index_20260906T211456Z\task_surgery__P1__11_collaborator_variables_validation.json,945ad2ed9933d49528ae09897e7fd6e94c4bfe309a157c487ea6ff456548299f
surgery__P1__11_collaborator_variables,surgery,P1,ablation,11_collaborator_variables,11_collaborator_variables / locked_full,locked_full,validation_2024,RAW_RECORDED_PREDICTIONS,raw,VALIDATED_COMPUTED,Full locked input feature order,d5d5e2d8a0734a0ce9af97a6606994868307c154f09eee30ee788ada6108d568,764,"0.96658 [0.908112, 0.997408]","0.261247 [0.143121, 0.575463]",2712,9,0.9665803428289556,0.9081123768577135,0.9974075272129801,0.26124708624708626,0.1431212947637544,0.5754630150984316,0.0029070521270473954,0.0024287016402163657,0.003321868185756498,0.0,0.0,0.5,0.5,0.5,0.0,1.0,,0.9966814159292036,0,0,2703,9,ESTIMATED,ESTIMATED,ESTIMATED,275a2492f4ab239e2924d96e5ac4b4b8de9740d648fcdb97738717fab3e688ae,"Descriptive arm estimate. CI is an individual-arm CI, not a paired-difference CI; no significance claim for a delta. Raw layer; operating point is the recorded P104 comparator rule, not a final clinical threshold.",D:\Codex_分拆Prompt嚴格無到院\outputs\v2\.p104rv\sweep_20260906T151250Z_account-06_v2\t13\r,27300cf1bc8e8b3dabcbff422df133df93a83ad6836300c4c67b86a83d061cf1,D:\Codex_分拆Prompt嚴格無到院\outputs\v2\.p104k10\cloud_validation_index_20260906T211456Z\task_surgery__P1__11_collaborator_variables_validation.json,945ad2ed9933d49528ae09897e7fd6e94c4bfe309a157c487ea6ff456548299f
surgery__P1__11_collaborator_variables,surgery,P1,ablation,11_collaborator_variables,11_collaborator_variables / without_collaborator_variables_exact,without_collaborator_variables_exact,oof_2020_2023,RAW_RECORDED_PREDICTIONS,raw,VALIDATED_COMPUTED,Full inputs excluding source-defined collaborator_variables_exact,b99f46275695791d2b4760ac050107910386b57ca1ee6453e725319cacf616b2,754,"0.964598 [0.920894, 0.99695]","0.11706 [0.0423321, 0.30597]",8731,9,0.9645978241483859,0.9208942733377539,0.9969499892584656,0.11706005161241038,0.04233207132278183,0.30596984937776867,0.0010286957026652015,0.0009503630295900943,0.0011203795054573397,0.0,-0.00011453441759248655,0.5,0.5,0.5,0.0,0.9998853473973859,0.0,0.9989690721649485,0,1,8721,9,ESTIMATED,ESTIMATED,ESTIMATED,1932ab87fa0d7e44ab97647eaaf7048d214482266e54e2c6f8f2735bc7bcc360,"Descriptive arm estimate. CI is an individual-arm CI, not a paired-difference CI; no significance claim for a delta. Raw layer; operating point is the recorded P104 comparator rule, not a final clinical threshold.",D:\Codex_分拆Prompt嚴格無到院\outputs\v2\.p104rv\sweep_20260906T151250Z_account-06_v2\t13\r,27300cf1bc8e8b3dabcbff422df133df93a83ad6836300c4c67b86a83d061cf1,D:\Codex_分拆Prompt嚴格無到院\outputs\v2\.p104k10\cloud_validation_index_20260906T211456Z\task_surgery__P1__11_collaborator_variables_validation.json,945ad2ed9933d49528ae09897e7fd6e94c4bfe309a157c487ea6ff456548299f
surgery__P1__11_collaborator_variables,surgery,P1,ablation,11_collaborator_variables,11_collaborator_variables / without_collaborator_variables_exact,without_collaborator_variables_exact,validation_2024,RAW_RECORDED_PREDICTIONS,raw,VALIDATED_COMPUTED,Full inputs excluding source-defined collaborator_variables_exact,b99f46275695791d2b4760ac050107910386b57ca1ee6453e725319cacf616b2,754,"0.972376 [0.921665, 0.99835]","0.311715 [0.177053, 0.636529]",2712,9,0.9723763719324208,0.9216649147760072,0.9983498289449582,0.31171498786441315,0.17705281803370476,0.6365292861784086,0.0027091732090395236,0.0022345801958870617,0.0031869131505817866,0.0,0.0,0.5,0.5,0.5,0.0,1.0,,0.9966814159292036,0,0,2703,9,ESTIMATED,ESTIMATED,ESTIMATED,275a2492f4ab239e2924d96e5ac4b4b8de9740d648fcdb97738717fab3e688ae,"Descriptive arm estimate. CI is an individual-arm CI, not a paired-difference CI; no significance claim for a delta. Raw layer; operating point is the recorded P104 comparator rule, not a final clinical threshold.",D:\Codex_分拆Prompt嚴格無到院\outputs\v2\.p104rv\sweep_20260906T151250Z_account-06_v2\t13\r,27300cf1bc8e8b3dabcbff422df133df93a83ad6836300c4c67b86a83d061cf1,D:\Codex_分拆Prompt嚴格無到院\outputs\v2\.p104k10\cloud_validation_index_20260906T211456Z\task_surgery__P1__11_collaborator_variables_validation.json,945ad2ed9933d49528ae09897e7fd6e94c4bfe309a157c487ea6ff456548299f
surgery__P1__12_remove_distance,surgery,P1,ablation,12_remove_distance,12_remove_distance / locked_full,locked_full,oof_2020_2023,RAW_RECORDED_PREDICTIONS,raw,VALIDATED_COMPUTED,Full locked input feature order,d5d5e2d8a0734a0ce9af97a6606994868307c154f09eee30ee788ada6108d568,764,"0.962419 [0.91463, 0.998411]","0.177373 [0.0748634, 0.439122]",8731,9,0.9624194246987184,0.9146295149662338,0.9984107401067732,0.177372565678338,0.07486341540399058,0.43912175747791626,0.0009840552865293232,0.0008892541482503523,0.0010788316534954647,0.0,-0.00011453441759248655,0.5,0.5,0.5,0.0,0.9998853473973859,0.0,0.9989690721649485,0,1,8721,9,ESTIMATED,ESTIMATED,ESTIMATED,1932ab87fa0d7e44ab97647eaaf7048d214482266e54e2c6f8f2735bc7bcc360,"Descriptive arm estimate. CI is an individual-arm CI, not a paired-difference CI; no significance claim for a delta. Raw layer; operating point is the recorded P104 comparator rule, not a final clinical threshold.",D:\Codex_分拆Prompt嚴格無到院\outputs\v2\.p104rv\sweep_20260906T171453Z_account-07_v2\t13\r,2751b36bcdd33f174d97136965b4630c633373da3451720840dd78c4dfb04a48,D:\Codex_分拆Prompt嚴格無到院\outputs\v2\.p104k10\cloud_validation_index_20260906T211456Z\task_surgery__P1__12_remove_distance_validation.json,5c616e195f8427132876a9b6508378bb2b6a13dd9f176eece7f368d8fd86b839
surgery__P1__12_remove_distance,surgery,P1,ablation,12_remove_distance,12_remove_distance / locked_full,locked_full,validation_2024,RAW_RECORDED_PREDICTIONS,raw,VALIDATED_COMPUTED,Full locked input feature order,d5d5e2d8a0734a0ce9af97a6606994868307c154f09eee30ee788ada6108d568,764,"0.96658 [0.908112, 0.997408]","0.261247 [0.143121, 0.575463]",2712,9,0.9665803428289556,0.9081123768577135,0.9974075272129801,0.26124708624708626,0.1431212947637544,0.5754630150984316,0.0029070521270473954,0.0024287016402163657,0.003321868185756498,0.0,0.0,0.5,0.5,0.5,0.0,1.0,,0.9966814159292036,0,0,2703,9,ESTIMATED,ESTIMATED,ESTIMATED,275a2492f4ab239e2924d96e5ac4b4b8de9740d648fcdb97738717fab3e688ae,"Descriptive arm estimate. CI is an individual-arm CI, not a paired-difference CI; no significance claim for a delta. Raw layer; operating point is the recorded P104 comparator rule, not a final clinical threshold.",D:\Codex_分拆Prompt嚴格無到院\outputs\v2\.p104rv\sweep_20260906T171453Z_account-07_v2\t13\r,2751b36bcdd33f174d97136965b4630c633373da3451720840dd78c4dfb04a48,D:\Codex_分拆Prompt嚴格無到院\outputs\v2\.p104k10\cloud_validation_index_20260906T211456Z\task_surgery__P1__12_remove_distance_validation.json,5c616e195f8427132876a9b6508378bb2b6a13dd9f176eece7f368d8fd86b839
surgery__P1__12_remove_distance,surgery,P1,ablation,12_remove_distance,12_remove_distance / without_distance,without_distance,oof_2020_2023,RAW_RECORDED_PREDICTIONS,raw,VALIDATED_COMPUTED,Full inputs excluding source-defined distance,b536524057bac4c3a9a2df49d51ed66f7aaaf993958d9bf190a45c54ec06df08,752,"0.962177 [0.9148, 0.998284]","0.177094 [0.0637567, 0.479936]",8731,9,0.962177380315422,0.9147996043142511,0.9982842380440177,0.17709350074728403,0.06375668305906448,0.47993552772240994,0.0009772245894742037,0.0008322807786698092,0.0010939300537144009,0.0,-0.00011453441759248655,0.5,0.5,0.5,0.0,0.9998853473973859,0.0,0.9989690721649485,0,1,8721,9,ESTIMATED,ESTIMATED,ESTIMATED,1932ab87fa0d7e44ab97647eaaf7048d214482266e54e2c6f8f2735bc7bcc360,"Descriptive arm estimate. CI is an individual-arm CI, not a paired-difference CI; no significance claim for a delta. Raw layer; operating point is the recorded P104 comparator rule, not a final clinical threshold.",D:\Codex_分拆Prompt嚴格無到院\outputs\v2\.p104rv\sweep_20260906T171453Z_account-07_v2\t13\r,2751b36bcdd33f174d97136965b4630c633373da3451720840dd78c4dfb04a48,D:\Codex_分拆Prompt嚴格無到院\outputs\v2\.p104k10\cloud_validation_index_20260906T211456Z\task_surgery__P1__12_remove_distance_validation.json,5c616e195f8427132876a9b6508378bb2b6a13dd9f176eece7f368d8fd86b839
surgery__P1__12_remove_distance,surgery,P1,ablation,12_remove_distance,12_remove_distance / without_distance,without_distance,validation_2024,RAW_RECORDED_PREDICTIONS,raw,VALIDATED_COMPUTED,Full inputs excluding source-defined distance,b536524057bac4c3a9a2df49d51ed66f7aaaf993958d9bf190a45c54ec06df08,752,"0.968636 [0.915007, 0.99737]","0.25963 [0.133253, 0.567086]",2712,9,0.9686356722982694,0.9150073481734927,0.997370417591412,0.25963008730308784,0.13325335516788325,0.5670861804317682,0.0028894204011838277,0.0024603673633463085,0.003279379872282912,0.0,0.0,0.5,0.5,0.5,0.0,1.0,,0.9966814159292036,0,0,2703,9,ESTIMATED,ESTIMATED,ESTIMATED,275a2492f4ab239e2924d96e5ac4b4b8de9740d648fcdb97738717fab3e688ae,"Descriptive arm estimate. CI is an individual-arm CI, not a paired-difference CI; no significance claim for a delta. Raw layer; operating point is the recorded P104 comparator rule, not a final clinical threshold.",D:\Codex_分拆Prompt嚴格無到院\outputs\v2\.p104rv\sweep_20260906T171453Z_account-07_v2\t13\r,2751b36bcdd33f174d97136965b4630c633373da3451720840dd78c4dfb04a48,D:\Codex_分拆Prompt嚴格無到院\outputs\v2\.p104k10\cloud_validation_index_20260906T211456Z\task_surgery__P1__12_remove_distance_validation.json,5c616e195f8427132876a9b6508378bb2b6a13dd9f176eece7f368d8fd86b839
surgery__P2__01_standardization,surgery,P2,ablation,01_standardization,01_standardization / logistic_scaled,logistic_scaled,oof_2020_2023,RAW_RECORDED_PREDICTIONS,raw,VALIDATED_COMPUTED,Full locked input feature order,d5d5e2d8a0734a0ce9af97a6606994868307c154f09eee30ee788ada6108d568,764,"0.822478 [0.777598, 0.862817]","0.178404 [0.115681, 0.255244]",8731,120,0.8224780319746061,0.7775983058714071,0.8628174870520865,0.1784043945688256,0.11568107951213535,0.2552437025352496,0.05371860246162874,0.049442098804120836,0.057850992465250176,0.14793741109530584,-0.054861986026801056,0.5,0.5,0.5,0.43333333333333335,0.938334688189525,0.08919382504288165,0.9916543937162494,52,531,8080,68,ESTIMATED,ESTIMATED,ESTIMATED,130bc8455e784aaee6dc8388642d0acdd1930bbe7cc625bb9771c4ca288a7be7,"Descriptive arm estimate. CI is an individual-arm CI, not a paired-difference CI; no significance claim for a delta. Raw layer; operating point is the recorded P104 comparator rule, not a final clinical threshold.",D:\Codex_分拆Prompt嚴格無到院\outputs\v2\specialty_opname_v1\p1_04_extension_20260905\runs\surgery__P2__01_standardization,064ce5d6652e6a75d8153af5c20e9ad617a4be3b76c85713ab04c8fdaaa4972b,D:\Codex_分拆Prompt嚴格無到院\outputs\v2\specialty_opname_v1\p1_04_extension_20260905\local_dispatch_full\validations\surgery__P2__01_standardization\064ce5d6652e6a75_3c510f4d0008.report.json,9e96b164e1685cceb8fb7d649773703cdc517463dc21d03c1aa7cc1d7c489540
surgery__P2__01_standardization,surgery,P2,ablation,01_standardization,01_standardization / logistic_scaled,logistic_scaled,validation_2024,RAW_RECORDED_PREDICTIONS,raw,VALIDATED_COMPUTED,Full locked input feature order,d5d5e2d8a0734a0ce9af97a6606994868307c154f09eee30ee788ada6108d568,764,"0.736711 [0.635962, 0.827645]","0.19293 [0.0888926, 0.329409]",2712,41,0.7367113805919041,0.6359622428626017,0.8276450113924093,0.1929301718675316,0.08889263709335252,0.3294089229202709,0.07275847828417112,0.06437159256981605,0.08157452743732957,0.1259259259259259,-0.07190265486725664,0.5,0.5,0.5,0.4146341463414634,0.9206289779108948,0.07423580786026202,0.9903342730567861,17,212,2459,24,ESTIMATED,ESTIMATED,ESTIMATED,21ebd3380ad1406a8f533d9a1de9595edd1deb562833aa9f07147c175011bf44,"Descriptive arm estimate. CI is an individual-arm CI, not a paired-difference CI; no significance claim for a delta. Raw layer; operating point is the recorded P104 comparator rule, not a final clinical threshold.",D:\Codex_分拆Prompt嚴格無到院\outputs\v2\specialty_opname_v1\p1_04_extension_20260905\runs\surgery__P2__01_standardization,064ce5d6652e6a75d8153af5c20e9ad617a4be3b76c85713ab04c8fdaaa4972b,D:\Codex_分拆Prompt嚴格無到院\outputs\v2\specialty_opname_v1\p1_04_extension_20260905\local_dispatch_full\validations\surgery__P2__01_standardization\064ce5d6652e6a75_3c510f4d0008.report.json,9e96b164e1685cceb8fb7d649773703cdc517463dc21d03c1aa7cc1d7c489540
surgery__P2__01_standardization,surgery,P2,ablation,01_standardization,01_standardization / logistic_unscaled,logistic_unscaled,oof_2020_2023,RAW_RECORDED_PREDICTIONS,raw,VALIDATED_COMPUTED,Full locked input feature order,d5d5e2d8a0734a0ce9af97a6606994868307c154f09eee30ee788ada6108d568,764,"0.861126 [0.825969, 0.894546]","0.159441 [0.107334, 0.234961]",8731,120,0.8611262725970658,0.8259689776619195,0.8945457384835821,0.15944077546082036,0.10733380080280282,0.2349611713654654,0.056304446941152254,0.052366698608206086,0.06042489337908486,0.14304291287386217,-0.06173405108235024,0.5,0.5,0.5,0.4583333333333333,0.9310184647543839,0.0847457627118644,0.9919574362781489,55,594,8017,65,ESTIMATED,ESTIMATED,ESTIMATED,130bc8455e784aaee6dc8388642d0acdd1930bbe7cc625bb9771c4ca288a7be7,"Descriptive arm estimate. CI is an individual-arm CI, not a paired-difference CI; no significance claim for a delta. Raw layer; operating point is the recorded P104 comparator rule, not a final clinical threshold.",D:\Codex_分拆Prompt嚴格無到院\outputs\v2\specialty_opname_v1\p1_04_extension_20260905\runs\surgery__P2__01_standardization,064ce5d6652e6a75d8153af5c20e9ad617a4be3b76c85713ab04c8fdaaa4972b,D:\Codex_分拆Prompt嚴格無到院\outputs\v2\specialty_opname_v1\p1_04_extension_20260905\local_dispatch_full\validations\surgery__P2__01_standardization\064ce5d6652e6a75_3c510f4d0008.report.json,9e96b164e1685cceb8fb7d649773703cdc517463dc21d03c1aa7cc1d7c489540
surgery__P2__01_standardization,surgery,P2,ablation,01_standardization,01_standardization / logistic_unscaled,logistic_unscaled,validation_2024,RAW_RECORDED_PREDICTIONS,raw,VALIDATED_COMPUTED,Full locked input feature order,d5d5e2d8a0734a0ce9af97a6606994868307c154f09eee30ee788ada6108d568,764,"0.780433 [0.697297, 0.858094]","0.195688 [0.0927142, 0.340417]",2712,41,0.7804330158614203,0.6972971252653075,0.8580937175074607,0.19568757370008405,0.0927141568138185,0.34041700647252365,0.07349516241061266,0.06542080193150368,0.08181051213611112,0.13793103448275862,-0.07706489675516225,0.5,0.5,0.5,0.4878048780487805,0.9142643204792212,0.08032128514056225,0.9914738124238733,20,229,2442,21,ESTIMATED,ESTIMATED,ESTIMATED,21ebd3380ad1406a8f533d9a1de9595edd1deb562833aa9f07147c175011bf44,"Descriptive arm estimate. CI is an individual-arm CI, not a paired-difference CI; no significance claim for a delta. Raw layer; operating point is the recorded P104 comparator rule, not a final clinical threshold.",D:\Codex_分拆Prompt嚴格無到院\outputs\v2\specialty_opname_v1\p1_04_extension_20260905\runs\surgery__P2__01_standardization,064ce5d6652e6a75d8153af5c20e9ad617a4be3b76c85713ab04c8fdaaa4972b,D:\Codex_分拆Prompt嚴格無到院\outputs\v2\specialty_opname_v1\p1_04_extension_20260905\local_dispatch_full\validations\surgery__P2__01_standardization\064ce5d6652e6a75_3c510f4d0008.report.json,9e96b164e1685cceb8fb7d649773703cdc517463dc21d03c1aa7cc1d7c489540
surgery__P2__02_time_variables,surgery,P2,ablation,02_time_variables,02_time_variables / locked_full,locked_full,oof_2020_2023,RAW_RECORDED_PREDICTIONS,raw,VALIDATED_COMPUTED,Full locked input feature order,d5d5e2d8a0734a0ce9af97a6606994868307c154f09eee30ee788ada6108d568,764,"0.93904 [0.924175, 0.95325]","0.302333 [0.226822, 0.390103]",8731,120,0.939040181163628,0.9241750904237925,0.9532496328152877,0.30233259584687333,0.22682233485078074,0.39010321836536815,0.011255446687565805,0.010518581327698246,0.011974603034556152,0.14492753623188406,0.0002290688351849731,0.5,0.5,0.5,0.08333333333333333,0.9990709557542677,0.5555555555555556,0.9873751865029267,10,8,8603,110,ESTIMATED,ESTIMATED,ESTIMATED,130bc8455e784aaee6dc8388642d0acdd1930bbe7cc625bb9771c4ca288a7be7,"Descriptive arm estimate. CI is an individual-arm CI, not a paired-difference CI; no significance claim for a delta. Raw layer; operating point is the recorded P104 comparator rule, not a final clinical threshold. Primary amended time contrast uses the exact corrected plan; old20 results are secondary evidence only.",D:\Codex_分拆Prompt嚴格無到院\outputs\v2\specialty_opname_v1\time_interval_complete_successor_20260905\runs\surgery__P2__02_time_variables,44f31349454aaa47d0d36727921b791ebf644c0cf8185c81609f8217be98dce3,D:\Codex_分拆Prompt嚴格無到院\outputs\v2\specialty_opname_v1\time_interval_complete_successor_20260905\runs\surgery__P2__02_time_variables\validation_report.json,ed5bce23431ad93351b2485d83277f5e60a85fbeb22c7684ac8fcaaf70d7d4f0
surgery__P2__02_time_variables,surgery,P2,ablation,02_time_variables,02_time_variables / locked_full,locked_full,validation_2024,RAW_RECORDED_PREDICTIONS,raw,VALIDATED_COMPUTED,Full locked input feature order,d5d5e2d8a0734a0ce9af97a6606994868307c154f09eee30ee788ada6108d568,764,"0.920652 [0.877361, 0.956573]","0.369779 [0.236885, 0.527355]",2712,41,0.9206518066678232,0.8773610154456215,0.9565734878793375,0.36977913513121524,0.23688452130598525,0.5273545051636597,0.011737739166374965,0.009983760876512315,0.013476734717013869,0.3728813559322034,0.0014749262536873156,0.5,0.5,0.5,0.2682926829268293,0.997379258704605,0.6111111111111112,0.9888641425389755,11,7,2664,30,ESTIMATED,ESTIMATED,ESTIMATED,21ebd3380ad1406a8f533d9a1de9595edd1deb562833aa9f07147c175011bf44,"Descriptive arm estimate. CI is an individual-arm CI, not a paired-difference CI; no significance claim for a delta. Raw layer; operating point is the recorded P104 comparator rule, not a final clinical threshold. Primary amended time contrast uses the exact corrected plan; old20 results are secondary evidence only.",D:\Codex_分拆Prompt嚴格無到院\outputs\v2\specialty_opname_v1\time_interval_complete_successor_20260905\runs\surgery__P2__02_time_variables,44f31349454aaa47d0d36727921b791ebf644c0cf8185c81609f8217be98dce3,D:\Codex_分拆Prompt嚴格無到院\outputs\v2\specialty_opname_v1\time_interval_complete_successor_20260905\runs\surgery__P2__02_time_variables\validation_report.json,ed5bce23431ad93351b2485d83277f5e60a85fbeb22c7684ac8fcaaf70d7d4f0
surgery__P2__02_time_variables,surgery,P2,ablation,02_time_variables,02_time_variables / without_time_intervals_complete,without_time_intervals_complete,oof_2020_2023,RAW_RECORDED_PREDICTIONS,raw,VALIDATED_COMPUTED,Exact corrected time-plan inputs; original time group and six transport-interval aliases excluded,4134699b4820dc78a3efecb755bbe61150f1bbeb88a8b157c8816e5bec8558f4,738,"0.933136 [0.915945, 0.947638]","0.289195 [0.214195, 0.376573]",8731,120,0.9331359114311152,0.9159447866252332,0.9476376184948733,0.2891953085830239,0.21419533904014518,0.3765732333408334,0.011336049947379053,0.010551531796816928,0.012097050121194993,0.2097902097902098,0.0008017409231474057,0.5,0.5,0.5,0.125,0.9990709557542677,0.6521739130434783,0.9879421221864951,15,8,8603,105,ESTIMATED,ESTIMATED,ESTIMATED,130bc8455e784aaee6dc8388642d0acdd1930bbe7cc625bb9771c4ca288a7be7,"Descriptive arm estimate. CI is an individual-arm CI, not a paired-difference CI; no significance claim for a delta. Raw layer; operating point is the recorded P104 comparator rule, not a final clinical threshold. Primary amended time contrast uses the exact corrected plan; old20 results are secondary evidence only.",D:\Codex_分拆Prompt嚴格無到院\outputs\v2\specialty_opname_v1\time_interval_complete_successor_20260905\runs\surgery__P2__02_time_variables,44f31349454aaa47d0d36727921b791ebf644c0cf8185c81609f8217be98dce3,D:\Codex_分拆Prompt嚴格無到院\outputs\v2\specialty_opname_v1\time_interval_complete_successor_20260905\runs\surgery__P2__02_time_variables\validation_report.json,ed5bce23431ad93351b2485d83277f5e60a85fbeb22c7684ac8fcaaf70d7d4f0
surgery__P2__02_time_variables,surgery,P2,ablation,02_time_variables,02_time_variables / without_time_intervals_complete,without_time_intervals_complete,validation_2024,RAW_RECORDED_PREDICTIONS,raw,VALIDATED_COMPUTED,Exact corrected time-plan inputs; original time group and six transport-interval aliases excluded,4134699b4820dc78a3efecb755bbe61150f1bbeb88a8b157c8816e5bec8558f4,738,"0.910018 [0.864948, 0.949385]","0.38547 [0.249165, 0.541972]",2712,41,0.9100181716905151,0.8649477716059799,0.94938477728072,0.38546960104706396,0.2491646048993434,0.5419721807015635,0.011944768846038399,0.010068615341213808,0.013801523732351295,0.4444444444444444,0.0022123893805309734,0.5,0.5,0.5,0.34146341463414637,0.9970048670909771,0.6363636363636364,0.9899628252788104,14,8,2663,27,ESTIMATED,ESTIMATED,ESTIMATED,21ebd3380ad1406a8f533d9a1de9595edd1deb562833aa9f07147c175011bf44,"Descriptive arm estimate. CI is an individual-arm CI, not a paired-difference CI; no significance claim for a delta. Raw layer; operating point is the recorded P104 comparator rule, not a final clinical threshold. Primary amended time contrast uses the exact corrected plan; old20 results are secondary evidence only.",D:\Codex_分拆Prompt嚴格無到院\outputs\v2\specialty_opname_v1\time_interval_complete_successor_20260905\runs\surgery__P2__02_time_variables,44f31349454aaa47d0d36727921b791ebf644c0cf8185c81609f8217be98dce3,D:\Codex_分拆Prompt嚴格無到院\outputs\v2\specialty_opname_v1\time_interval_complete_successor_20260905\runs\surgery__P2__02_time_variables\validation_report.json,ed5bce23431ad93351b2485d83277f5e60a85fbeb22c7684ac8fcaaf70d7d4f0
surgery__P2__03_emt_treatment,surgery,P2,ablation,03_emt_treatment,03_emt_treatment / locked_full,locked_full,oof_2020_2023,RAW_RECORDED_PREDICTIONS,raw,VALIDATED_COMPUTED,Full locked input feature order,d5d5e2d8a0734a0ce9af97a6606994868307c154f09eee30ee788ada6108d568,764,"0.93904 [0.924175, 0.95325]","0.302333 [0.226822, 0.390103]",8731,120,0.939040181163628,0.9241750904237925,0.9532496328152877,0.30233259584687333,0.22682233485078074,0.39010321836536815,0.011255446687565805,0.010518581327698246,0.011974603034556152,0.14492753623188406,0.0002290688351849731,0.5,0.5,0.5,0.08333333333333333,0.9990709557542677,0.5555555555555556,0.9873751865029267,10,8,8603,110,ESTIMATED,ESTIMATED,ESTIMATED,130bc8455e784aaee6dc8388642d0acdd1930bbe7cc625bb9771c4ca288a7be7,"Descriptive arm estimate. CI is an individual-arm CI, not a paired-difference CI; no significance claim for a delta. Raw layer; operating point is the recorded P104 comparator rule, not a final clinical threshold.",D:\Codex_分拆Prompt嚴格無到院\outputs\v2\.p104rv\sweep_20260906T151250Z_account-05_v2\t15\r,3b5e1b75df22ee2ca6b2c598571a79483a815ce1f22f107938faaa8addef4304,D:\Codex_分拆Prompt嚴格無到院\outputs\v2\.p104k10\cloud_validation_index_20260906T211456Z\task_surgery__P2__03_emt_treatment_validation.json,c994857c523578597c7e3e39b232d57714313ca4409ecf463f7dce0ce597bf71
surgery__P2__03_emt_treatment,surgery,P2,ablation,03_emt_treatment,03_emt_treatment / locked_full,locked_full,validation_2024,RAW_RECORDED_PREDICTIONS,raw,VALIDATED_COMPUTED,Full locked input feature order,d5d5e2d8a0734a0ce9af97a6606994868307c154f09eee30ee788ada6108d568,764,"0.920652 [0.877361, 0.956573]","0.369779 [0.236885, 0.527355]",2712,41,0.9206518066678232,0.8773610154456215,0.9565734878793375,0.36977913513121524,0.23688452130598525,0.5273545051636597,0.011737739166374965,0.009983760876512315,0.013476734717013869,0.3728813559322034,0.0014749262536873156,0.5,0.5,0.5,0.2682926829268293,0.997379258704605,0.6111111111111112,0.9888641425389755,11,7,2664,30,ESTIMATED,ESTIMATED,ESTIMATED,21ebd3380ad1406a8f533d9a1de9595edd1deb562833aa9f07147c175011bf44,"Descriptive arm estimate. CI is an individual-arm CI, not a paired-difference CI; no significance claim for a delta. Raw layer; operating point is the recorded P104 comparator rule, not a final clinical threshold.",D:\Codex_分拆Prompt嚴格無到院\outputs\v2\.p104rv\sweep_20260906T151250Z_account-05_v2\t15\r,3b5e1b75df22ee2ca6b2c598571a79483a815ce1f22f107938faaa8addef4304,D:\Codex_分拆Prompt嚴格無到院\outputs\v2\.p104k10\cloud_validation_index_20260906T211456Z\task_surgery__P2__03_emt_treatment_validation.json,c994857c523578597c7e3e39b232d57714313ca4409ecf463f7dce0ce597bf71
surgery__P2__03_emt_treatment,surgery,P2,ablation,03_emt_treatment,03_emt_treatment / without_emt_treatment,without_emt_treatment,oof_2020_2023,RAW_RECORDED_PREDICTIONS,raw,VALIDATED_COMPUTED,Full inputs excluding source-defined emt_treatment,8729234a9522c03841d126bd593d462cbbdfe532c85f62a35343b36e9241d6fd,672,"0.938527 [0.924183, 0.95232]","0.282131 [0.210317, 0.367386]",8731,120,0.9385272713196299,0.924182631056388,0.952319605970992,0.2821309684500073,0.2103171974573128,0.3673860014753122,0.01144071464065496,0.010706139783275505,0.01217728684860742,0.14492753623188406,0.0002290688351849731,0.5,0.5,0.5,0.08333333333333333,0.9990709557542677,0.5555555555555556,0.9873751865029267,10,8,8603,110,ESTIMATED,ESTIMATED,ESTIMATED,130bc8455e784aaee6dc8388642d0acdd1930bbe7cc625bb9771c4ca288a7be7,"Descriptive arm estimate. CI is an individual-arm CI, not a paired-difference CI; no significance claim for a delta. Raw layer; operating point is the recorded P104 comparator rule, not a final clinical threshold.",D:\Codex_分拆Prompt嚴格無到院\outputs\v2\.p104rv\sweep_20260906T151250Z_account-05_v2\t15\r,3b5e1b75df22ee2ca6b2c598571a79483a815ce1f22f107938faaa8addef4304,D:\Codex_分拆Prompt嚴格無到院\outputs\v2\.p104k10\cloud_validation_index_20260906T211456Z\task_surgery__P2__03_emt_treatment_validation.json,c994857c523578597c7e3e39b232d57714313ca4409ecf463f7dce0ce597bf71
surgery__P2__03_emt_treatment,surgery,P2,ablation,03_emt_treatment,03_emt_treatment / without_emt_treatment,without_emt_treatment,validation_2024,RAW_RECORDED_PREDICTIONS,raw,VALIDATED_COMPUTED,Full inputs excluding source-defined emt_treatment,8729234a9522c03841d126bd593d462cbbdfe532c85f62a35343b36e9241d6fd,672,"0.919962 [0.877647, 0.957031]","0.362373 [0.232831, 0.518051]",2712,41,0.9199623782085817,0.8776467040216843,0.9570307891538188,0.3623728921318235,0.23283111955851546,0.5180512834945847,0.011879868582394393,0.010155676106557321,0.013587697687527768,0.3103448275862069,0.0003687315634218289,0.5,0.5,0.5,0.21951219512195122,0.9970048670909771,0.5294117647058824,0.9881261595547309,9,8,2663,32,ESTIMATED,ESTIMATED,ESTIMATED,21ebd3380ad1406a8f533d9a1de9595edd1deb562833aa9f07147c175011bf44,"Descriptive arm estimate. CI is an individual-arm CI, not a paired-difference CI; no significance claim for a delta. Raw layer; operating point is the recorded P104 comparator rule, not a final clinical threshold.",D:\Codex_分拆Prompt嚴格無到院\outputs\v2\.p104rv\sweep_20260906T151250Z_account-05_v2\t15\r,3b5e1b75df22ee2ca6b2c598571a79483a815ce1f22f107938faaa8addef4304,D:\Codex_分拆Prompt嚴格無到院\outputs\v2\.p104k10\cloud_validation_index_20260906T211456Z\task_surgery__P2__03_emt_treatment_validation.json,c994857c523578597c7e3e39b232d57714313ca4409ecf463f7dce0ce597bf71
surgery__P2__04_gcs_consciousness,surgery,P2,ablation,04_gcs_consciousness,04_gcs_consciousness / locked_full,locked_full,oof_2020_2023,RAW_RECORDED_PREDICTIONS,raw,VALIDATED_COMPUTED,Full locked input feature order,d5d5e2d8a0734a0ce9af97a6606994868307c154f09eee30ee788ada6108d568,764,"0.93904 [0.924175, 0.95325]","0.302333 [0.226822, 0.390103]",8731,120,0.939040181163628,0.9241750904237925,0.9532496328152877,0.30233259584687333,0.22682233485078074,0.39010321836536815,0.011255446687565805,0.010518581327698246,0.011974603034556152,0.14492753623188406,0.0002290688351849731,0.5,0.5,0.5,0.08333333333333333,0.9990709557542677,0.5555555555555556,0.9873751865029267,10,8,8603,110,ESTIMATED,ESTIMATED,ESTIMATED,130bc8455e784aaee6dc8388642d0acdd1930bbe7cc625bb9771c4ca288a7be7,"Descriptive arm estimate. CI is an individual-arm CI, not a paired-difference CI; no significance claim for a delta. Raw layer; operating point is the recorded P104 comparator rule, not a final clinical threshold.",D:\Codex_分拆Prompt嚴格無到院\outputs\v2\.p104rv\sweep_20260906T151250Z_account-06_v2\t15\r,267bdea96494c24bbe00345f8f968cdd80562866754de38b5ffbdb84f6086749,D:\Codex_分拆Prompt嚴格無到院\outputs\v2\.p104k10\cloud_validation_index_20260906T211456Z\task_surgery__P2__04_gcs_consciousness_validation.json,1f6b49fdb89ac48e1ed0460499be4e91295055c9daef017d4fe9999975de9bd1
surgery__P2__04_gcs_consciousness,surgery,P2,ablation,04_gcs_consciousness,04_gcs_consciousness / locked_full,locked_full,validation_2024,RAW_RECORDED_PREDICTIONS,raw,VALIDATED_COMPUTED,Full locked input feature order,d5d5e2d8a0734a0ce9af97a6606994868307c154f09eee30ee788ada6108d568,764,"0.920652 [0.877361, 0.956573]","0.369779 [0.236885, 0.527355]",2712,41,0.9206518066678232,0.8773610154456215,0.9565734878793375,0.36977913513121524,0.23688452130598525,0.5273545051636597,0.011737739166374965,0.009983760876512315,0.013476734717013869,0.3728813559322034,0.0014749262536873156,0.5,0.5,0.5,0.2682926829268293,0.997379258704605,0.6111111111111112,0.9888641425389755,11,7,2664,30,ESTIMATED,ESTIMATED,ESTIMATED,21ebd3380ad1406a8f533d9a1de9595edd1deb562833aa9f07147c175011bf44,"Descriptive arm estimate. CI is an individual-arm CI, not a paired-difference CI; no significance claim for a delta. Raw layer; operating point is the recorded P104 comparator rule, not a final clinical threshold.",D:\Codex_分拆Prompt嚴格無到院\outputs\v2\.p104rv\sweep_20260906T151250Z_account-06_v2\t15\r,267bdea96494c24bbe00345f8f968cdd80562866754de38b5ffbdb84f6086749,D:\Codex_分拆Prompt嚴格無到院\outputs\v2\.p104k10\cloud_validation_index_20260906T211456Z\task_surgery__P2__04_gcs_consciousness_validation.json,1f6b49fdb89ac48e1ed0460499be4e91295055c9daef017d4fe9999975de9bd1
surgery__P2__04_gcs_consciousness,surgery,P2,ablation,04_gcs_consciousness,04_gcs_consciousness / without_gcs_consciousness,without_gcs_consciousness,oof_2020_2023,RAW_RECORDED_PREDICTIONS,raw,VALIDATED_COMPUTED,Full inputs excluding source-defined gcs_consciousness,96da2f388f093d3a5dad841e1d389aeeb55c27e3fb7bdbd9924937a80904969d,705,"0.93804 [0.922902, 0.950954]","0.283712 [0.211613, 0.371625]",8731,120,0.9380395230906206,0.9229022756667857,0.9509541014530927,0.2837120863243186,0.2116134499445725,0.37162490687440486,0.011445832137868376,0.01067013970243476,0.012180944881798422,0.18571428571428572,0.0006872065055549192,0.5,0.5,0.5,0.10833333333333334,0.9991870862849843,0.65,0.9877166800596946,13,7,8604,107,ESTIMATED,ESTIMATED,ESTIMATED,130bc8455e784aaee6dc8388642d0acdd1930bbe7cc625bb9771c4ca288a7be7,"Descriptive arm estimate. CI is an individual-arm CI, not a paired-difference CI; no significance claim for a delta. Raw layer; operating point is the recorded P104 comparator rule, not a final clinical threshold.",D:\Codex_分拆Prompt嚴格無到院\outputs\v2\.p104rv\sweep_20260906T151250Z_account-06_v2\t15\r,267bdea96494c24bbe00345f8f968cdd80562866754de38b5ffbdb84f6086749,D:\Codex_分拆Prompt嚴格無到院\outputs\v2\.p104k10\cloud_validation_index_20260906T211456Z\task_surgery__P2__04_gcs_consciousness_validation.json,1f6b49fdb89ac48e1ed0460499be4e91295055c9daef017d4fe9999975de9bd1
surgery__P2__04_gcs_consciousness,surgery,P2,ablation,04_gcs_consciousness,04_gcs_consciousness / without_gcs_consciousness,without_gcs_consciousness,validation_2024,RAW_RECORDED_PREDICTIONS,raw,VALIDATED_COMPUTED,Full inputs excluding source-defined gcs_consciousness,96da2f388f093d3a5dad841e1d389aeeb55c27e3fb7bdbd9924937a80904969d,705,"0.918177 [0.878065, 0.955251]","0.319726 [0.203575, 0.48522]",2712,41,0.918177169416771,0.8780654476544885,0.9552506864132044,0.31972595914611673,0.20357543419854776,0.48521971007884973,0.012388659555153241,0.010543687752413721,0.014283118545089606,0.3548387096774194,0.0003687315634218289,0.5,0.5,0.5,0.2682926829268293,0.9962560838637214,0.5238095238095238,0.9888517279821628,11,10,2661,30,ESTIMATED,ESTIMATED,ESTIMATED,21ebd3380ad1406a8f533d9a1de9595edd1deb562833aa9f07147c175011bf44,"Descriptive arm estimate. CI is an individual-arm CI, not a paired-difference CI; no significance claim for a delta. Raw layer; operating point is the recorded P104 comparator rule, not a final clinical threshold.",D:\Codex_分拆Prompt嚴格無到院\outputs\v2\.p104rv\sweep_20260906T151250Z_account-06_v2\t15\r,267bdea96494c24bbe00345f8f968cdd80562866754de38b5ffbdb84f6086749,D:\Codex_分拆Prompt嚴格無到院\outputs\v2\.p104k10\cloud_validation_index_20260906T211456Z\task_surgery__P2__04_gcs_consciousness_validation.json,1f6b49fdb89ac48e1ed0460499be4e91295055c9daef017d4fe9999975de9bd1
surgery__P2__05_shock_index_rsig,surgery,P2,ablation,05_shock_index_rsig,05_shock_index_rsig / locked_full,locked_full,oof_2020_2023,RAW_RECORDED_PREDICTIONS,raw,VALIDATED_COMPUTED,Full locked input feature order,d5d5e2d8a0734a0ce9af97a6606994868307c154f09eee30ee788ada6108d568,764,"0.93904 [0.924175, 0.95325]","0.302333 [0.226822, 0.390103]",8731,120,0.939040181163628,0.9241750904237925,0.9532496328152877,0.30233259584687333,0.22682233485078074,0.39010321836536815,0.011255446687565805,0.010518581327698246,0.011974603034556152,0.14492753623188406,0.0002290688351849731,0.5,0.5,0.5,0.08333333333333333,0.9990709557542677,0.5555555555555556,0.9873751865029267,10,8,8603,110,ESTIMATED,ESTIMATED,ESTIMATED,130bc8455e784aaee6dc8388642d0acdd1930bbe7cc625bb9771c4ca288a7be7,"Descriptive arm estimate. CI is an individual-arm CI, not a paired-difference CI; no significance claim for a delta. Raw layer; operating point is the recorded P104 comparator rule, not a final clinical threshold.",D:\Codex_分拆Prompt嚴格無到院\outputs\v2\.p104rv\sweep_20260906T171453Z_account-07_v2\t15\r,ed6d922353d87e8bc41f653fd31ec8a9f375fbf7081abcabaa8da250bc9d6f13,D:\Codex_分拆Prompt嚴格無到院\outputs\v2\.p104k10\cloud_validation_index_20260906T211456Z\task_surgery__P2__05_shock_index_rsig_validation.json,ff3892b3df0c352a022fd82cc41c09d1588124643899bfe967ca4edbea00636b
surgery__P2__05_shock_index_rsig,surgery,P2,ablation,05_shock_index_rsig,05_shock_index_rsig / locked_full,locked_full,validation_2024,RAW_RECORDED_PREDICTIONS,raw,VALIDATED_COMPUTED,Full locked input feature order,d5d5e2d8a0734a0ce9af97a6606994868307c154f09eee30ee788ada6108d568,764,"0.920652 [0.877361, 0.956573]","0.369779 [0.236885, 0.527355]",2712,41,0.9206518066678232,0.8773610154456215,0.9565734878793375,0.36977913513121524,0.23688452130598525,0.5273545051636597,0.011737739166374965,0.009983760876512315,0.013476734717013869,0.3728813559322034,0.0014749262536873156,0.5,0.5,0.5,0.2682926829268293,0.997379258704605,0.6111111111111112,0.9888641425389755,11,7,2664,30,ESTIMATED,ESTIMATED,ESTIMATED,21ebd3380ad1406a8f533d9a1de9595edd1deb562833aa9f07147c175011bf44,"Descriptive arm estimate. CI is an individual-arm CI, not a paired-difference CI; no significance claim for a delta. Raw layer; operating point is the recorded P104 comparator rule, not a final clinical threshold.",D:\Codex_分拆Prompt嚴格無到院\outputs\v2\.p104rv\sweep_20260906T171453Z_account-07_v2\t15\r,ed6d922353d87e8bc41f653fd31ec8a9f375fbf7081abcabaa8da250bc9d6f13,D:\Codex_分拆Prompt嚴格無到院\outputs\v2\.p104k10\cloud_validation_index_20260906T211456Z\task_surgery__P2__05_shock_index_rsig_validation.json,ff3892b3df0c352a022fd82cc41c09d1588124643899bfe967ca4edbea00636b
surgery__P2__05_shock_index_rsig,surgery,P2,ablation,05_shock_index_rsig,05_shock_index_rsig / without_shock_index_rsig,without_shock_index_rsig,oof_2020_2023,RAW_RECORDED_PREDICTIONS,raw,VALIDATED_COMPUTED,Full inputs excluding source-defined shock_index_rsig,622faa177bc7a5c0a0264d57f4d33dd05051258db8a5647c23291c4a5c87f257,741,"0.93403 [0.916667, 0.949469]","0.285899 [0.210108, 0.371858]",8731,120,0.9340301165176325,0.9166671569908434,0.9494686204744479,0.2858986999415113,0.21010773288062817,0.3718581539577914,0.01140322359210566,0.010666284942611995,0.01214045257538395,0.145985401459854,0.0003436032527774596,0.5,0.5,0.5,0.08333333333333333,0.9991870862849843,0.5882352941176471,0.987376635299518,10,7,8604,110,ESTIMATED,ESTIMATED,ESTIMATED,130bc8455e784aaee6dc8388642d0acdd1930bbe7cc625bb9771c4ca288a7be7,"Descriptive arm estimate. CI is an individual-arm CI, not a paired-difference CI; no significance claim for a delta. Raw layer; operating point is the recorded P104 comparator rule, not a final clinical threshold.",D:\Codex_分拆Prompt嚴格無到院\outputs\v2\.p104rv\sweep_20260906T171453Z_account-07_v2\t15\r,ed6d922353d87e8bc41f653fd31ec8a9f375fbf7081abcabaa8da250bc9d6f13,D:\Codex_分拆Prompt嚴格無到院\outputs\v2\.p104k10\cloud_validation_index_20260906T211456Z\task_surgery__P2__05_shock_index_rsig_validation.json,ff3892b3df0c352a022fd82cc41c09d1588124643899bfe967ca4edbea00636b
surgery__P2__05_shock_index_rsig,surgery,P2,ablation,05_shock_index_rsig,05_shock_index_rsig / without_shock_index_rsig,without_shock_index_rsig,validation_2024,RAW_RECORDED_PREDICTIONS,raw,VALIDATED_COMPUTED,Full inputs excluding source-defined shock_index_rsig,622faa177bc7a5c0a0264d57f4d33dd05051258db8a5647c23291c4a5c87f257,741,"0.931304 [0.898799, 0.959673]","0.365111 [0.231329, 0.525282]",2712,41,0.9313037046506744,0.898799255703081,0.9596732123624578,0.365110817821775,0.23132945595877105,0.5252816180801917,0.011805585677417817,0.009991346385261862,0.013487906276135421,0.3728813559322034,0.0014749262536873156,0.5,0.5,0.5,0.2682926829268293,0.997379258704605,0.6111111111111112,0.9888641425389755,11,7,2664,30,ESTIMATED,ESTIMATED,ESTIMATED,21ebd3380ad1406a8f533d9a1de9595edd1deb562833aa9f07147c175011bf44,"Descriptive arm estimate. CI is an individual-arm CI, not a paired-difference CI; no significance claim for a delta. Raw layer; operating point is the recorded P104 comparator rule, not a final clinical threshold.",D:\Codex_分拆Prompt嚴格無到院\outputs\v2\.p104rv\sweep_20260906T171453Z_account-07_v2\t15\r,ed6d922353d87e8bc41f653fd31ec8a9f375fbf7081abcabaa8da250bc9d6f13,D:\Codex_分拆Prompt嚴格無到院\outputs\v2\.p104k10\cloud_validation_index_20260906T211456Z\task_surgery__P2__05_shock_index_rsig_validation.json,ff3892b3df0c352a022fd82cc41c09d1588124643899bfe967ca4edbea00636b
surgery__P2__06_vital_only_vs_full,surgery,P2,ablation,06_vital_only_vs_full,06_vital_only_vs_full / locked_full,locked_full,oof_2020_2023,RAW_RECORDED_PREDICTIONS,raw,VALIDATED_COMPUTED,Full locked input feature order,d5d5e2d8a0734a0ce9af97a6606994868307c154f09eee30ee788ada6108d568,764,"0.93904 [0.924175, 0.95325]","0.302333 [0.226822, 0.390103]",8731,120,0.939040181163628,0.9241750904237925,0.9532496328152877,0.30233259584687333,0.22682233485078074,0.39010321836536815,0.011255446687565805,0.010518581327698246,0.011974603034556152,0.14492753623188406,0.0002290688351849731,0.5,0.5,0.5,0.08333333333333333,0.9990709557542677,0.5555555555555556,0.9873751865029267,10,8,8603,110,ESTIMATED,ESTIMATED,ESTIMATED,130bc8455e784aaee6dc8388642d0acdd1930bbe7cc625bb9771c4ca288a7be7,"Descriptive arm estimate. CI is an individual-arm CI, not a paired-difference CI; no significance claim for a delta. Raw layer; operating point is the recorded P104 comparator rule, not a final clinical threshold.",D:\Codex_分拆Prompt嚴格無到院\outputs\v2\.p104rv\sweep_20260906T171453Z_account-08_v2\t15\r,5eaa82269aa0c2319414024cdac1c98ce576cba6d7bed159f0428cc0a4e48bf3,D:\Codex_分拆Prompt嚴格無到院\outputs\v2\.p104k10\cloud_validation_index_20260906T211456Z\task_surgery__P2__06_vital_only_vs_full_validation.json,28642b38708af9e4acaf61d73534dbb5d8ecfec20aa5d15edef3d258cfa31fb3
surgery__P2__06_vital_only_vs_full,surgery,P2,ablation,06_vital_only_vs_full,06_vital_only_vs_full / locked_full,locked_full,validation_2024,RAW_RECORDED_PREDICTIONS,raw,VALIDATED_COMPUTED,Full locked input feature order,d5d5e2d8a0734a0ce9af97a6606994868307c154f09eee30ee788ada6108d568,764,"0.920652 [0.877361, 0.956573]","0.369779 [0.236885, 0.527355]",2712,41,0.9206518066678232,0.8773610154456215,0.9565734878793375,0.36977913513121524,0.23688452130598525,0.5273545051636597,0.011737739166374965,0.009983760876512315,0.013476734717013869,0.3728813559322034,0.0014749262536873156,0.5,0.5,0.5,0.2682926829268293,0.997379258704605,0.6111111111111112,0.9888641425389755,11,7,2664,30,ESTIMATED,ESTIMATED,ESTIMATED,21ebd3380ad1406a8f533d9a1de9595edd1deb562833aa9f07147c175011bf44,"Descriptive arm estimate. CI is an individual-arm CI, not a paired-difference CI; no significance claim for a delta. Raw layer; operating point is the recorded P104 comparator rule, not a final clinical threshold.",D:\Codex_分拆Prompt嚴格無到院\outputs\v2\.p104rv\sweep_20260906T171453Z_account-08_v2\t15\r,5eaa82269aa0c2319414024cdac1c98ce576cba6d7bed159f0428cc0a4e48bf3,D:\Codex_分拆Prompt嚴格無到院\outputs\v2\.p104k10\cloud_validation_index_20260906T211456Z\task_surgery__P2__06_vital_only_vs_full_validation.json,28642b38708af9e4acaf61d73534dbb5d8ecfec20aa5d15edef3d258cfa31fb3
surgery__P2__06_vital_only_vs_full,surgery,P2,ablation,06_vital_only_vs_full,06_vital_only_vs_full / vital_only,vital_only,oof_2020_2023,RAW_RECORDED_PREDICTIONS,raw,VALIDATED_COMPUTED,Source-defined seven vital inputs,b7159d74cac9585de4a626c67f6e0ab787e218710adc8d4911e7cc0c608ac2c8,7,"0.750006 [0.696971, 0.797445]","0.189923 [0.123381, 0.272777]",8731,120,0.7500058065265358,0.6969710660168568,0.7974450495391635,0.189923063415548,0.12338065734651973,0.2727769569913561,0.012135621721726036,0.011476254255608014,0.01277920987650893,0.09230769230769231,0.0002290688351849731,0.5,0.5,0.5,0.05,0.9995354778771339,0.6,0.9869281045751634,6,4,8607,114,ESTIMATED,ESTIMATED,ESTIMATED,130bc8455e784aaee6dc8388642d0acdd1930bbe7cc625bb9771c4ca288a7be7,"Descriptive arm estimate. CI is an individual-arm CI, not a paired-difference CI; no significance claim for a delta. Raw layer; operating point is the recorded P104 comparator rule, not a final clinical threshold.",D:\Codex_分拆Prompt嚴格無到院\outputs\v2\.p104rv\sweep_20260906T171453Z_account-08_v2\t15\r,5eaa82269aa0c2319414024cdac1c98ce576cba6d7bed159f0428cc0a4e48bf3,D:\Codex_分拆Prompt嚴格無到院\outputs\v2\.p104k10\cloud_validation_index_20260906T211456Z\task_surgery__P2__06_vital_only_vs_full_validation.json,28642b38708af9e4acaf61d73534dbb5d8ecfec20aa5d15edef3d258cfa31fb3
surgery__P2__06_vital_only_vs_full,surgery,P2,ablation,06_vital_only_vs_full,06_vital_only_vs_full / vital_only,vital_only,validation_2024,RAW_RECORDED_PREDICTIONS,raw,VALIDATED_COMPUTED,Source-defined seven vital inputs,b7159d74cac9585de4a626c67f6e0ab787e218710adc8d4911e7cc0c608ac2c8,7,"0.816589 [0.724202, 0.896909]","0.259537 [0.146977, 0.407764]",2712,41,0.8165892010848226,0.724201867835907,0.8969092819798558,0.25953708398798636,0.1469766079858995,0.4077640312210965,0.012988103626279113,0.011322713651841107,0.01459220857085434,0.23529411764705882,0.0007374631268436578,0.5,0.5,0.5,0.14634146341463414,0.9985024335454886,0.6,0.9870466321243523,6,4,2667,35,ESTIMATED,ESTIMATED,ESTIMATED,21ebd3380ad1406a8f533d9a1de9595edd1deb562833aa9f07147c175011bf44,"Descriptive arm estimate. CI is an individual-arm CI, not a paired-difference CI; no significance claim for a delta. Raw layer; operating point is the recorded P104 comparator rule, not a final clinical threshold.",D:\Codex_分拆Prompt嚴格無到院\outputs\v2\.p104rv\sweep_20260906T171453Z_account-08_v2\t15\r,5eaa82269aa0c2319414024cdac1c98ce576cba6d7bed159f0428cc0a4e48bf3,D:\Codex_分拆Prompt嚴格無到院\outputs\v2\.p104k10\cloud_validation_index_20260906T211456Z\task_surgery__P2__06_vital_only_vs_full_validation.json,28642b38708af9e4acaf61d73534dbb5d8ecfec20aa5d15edef3d258cfa31fb3
surgery__P2__07_logistic_vs_xgboost,surgery,P2,ablation,07_logistic_vs_xgboost,07_logistic_vs_xgboost / logistic_l2,logistic_l2,oof_2020_2023,RAW_RECORDED_PREDICTIONS,raw,VALIDATED_COMPUTED,Full locked input feature order,d5d5e2d8a0734a0ce9af97a6606994868307c154f09eee30ee788ada6108d568,764,"0.822478 [0.776612, 0.863945]","0.178404 [0.117365, 0.259389]",8731,120,0.8224780319746061,0.7766120972348027,0.8639446592296695,0.1784043945688256,0.11736508106367775,0.2593886085013282,0.05371860246162874,0.049815621668057745,0.05766735922296758,0.14793741109530584,-0.054861986026801056,0.5,0.5,0.5,0.43333333333333335,0.938334688189525,0.08919382504288165,0.9916543937162494,52,531,8080,68,ESTIMATED,ESTIMATED,ESTIMATED,130bc8455e784aaee6dc8388642d0acdd1930bbe7cc625bb9771c4ca288a7be7,"Descriptive arm estimate. CI is an individual-arm CI, not a paired-difference CI; no significance claim for a delta. Raw layer; operating point is the recorded P104 comparator rule, not a final clinical threshold.",D:\Codex_分拆Prompt嚴格無到院\outputs\v2\.p104k10\failed_revalidation_20260906T211456Z\f15\repo\outputs\v2\specialty_opname_v1\p1_04_extension_20260905\runs\surgery__P2__07_logistic_vs_xgboost,bda14827ac617dc65a01d77c70f80918df75e451f9b64576db0bddefa1962281,D:\Codex_分拆Prompt嚴格無到院\outputs\v2\.p104k10\cloud_validation_index_20260906T211456Z\task_surgery__P2__07_logistic_vs_xgboost_validation.json,acfbcb78f830faeb90b4daf276f80059d168935f0e2ec1dd42e6a3c66b5146f5
surgery__P2__07_logistic_vs_xgboost,surgery,P2,ablation,07_logistic_vs_xgboost,07_logistic_vs_xgboost / logistic_l2,logistic_l2,validation_2024,RAW_RECORDED_PREDICTIONS,raw,VALIDATED_COMPUTED,Full locked input feature order,d5d5e2d8a0734a0ce9af97a6606994868307c154f09eee30ee788ada6108d568,764,"0.736711 [0.640483, 0.828484]","0.19293 [0.0915355, 0.337285]",2712,41,0.7367113805919041,0.6404829946661972,0.828483732178152,0.1929301718675316,0.09153553334765635,0.33728482831622963,0.07275847828417112,0.0641602128577921,0.08124731446985017,0.1259259259259259,-0.07190265486725664,0.5,0.5,0.5,0.4146341463414634,0.9206289779108948,0.07423580786026202,0.9903342730567861,17,212,2459,24,ESTIMATED,ESTIMATED,ESTIMATED,21ebd3380ad1406a8f533d9a1de9595edd1deb562833aa9f07147c175011bf44,"Descriptive arm estimate. CI is an individual-arm CI, not a paired-difference CI; no significance claim for a delta. Raw layer; operating point is the recorded P104 comparator rule, not a final clinical threshold.",D:\Codex_分拆Prompt嚴格無到院\outputs\v2\.p104k10\failed_revalidation_20260906T211456Z\f15\repo\outputs\v2\specialty_opname_v1\p1_04_extension_20260905\runs\surgery__P2__07_logistic_vs_xgboost,bda14827ac617dc65a01d77c70f80918df75e451f9b64576db0bddefa1962281,D:\Codex_分拆Prompt嚴格無到院\outputs\v2\.p104k10\cloud_validation_index_20260906T211456Z\task_surgery__P2__07_logistic_vs_xgboost_validation.json,acfbcb78f830faeb90b4daf276f80059d168935f0e2ec1dd42e6a3c66b5146f5
surgery__P2__07_logistic_vs_xgboost,surgery,P2,ablation,07_logistic_vs_xgboost,07_logistic_vs_xgboost / xgboost,xgboost,oof_2020_2023,RAW_RECORDED_PREDICTIONS,raw,VALIDATED_COMPUTED,Full locked input feature order,d5d5e2d8a0734a0ce9af97a6606994868307c154f09eee30ee788ada6108d568,764,"0.938503 [0.923018, 0.952757]","0.289959 [0.218607, 0.372401]",8731,120,0.9385030774590639,0.9230176809231179,0.9527568804742147,0.28995944095457105,0.21860674935826263,0.3724011753166432,0.01140895808893499,0.010574726605429203,0.012253227629756556,0.21768707482993196,0.0005726720879624327,0.5,0.5,0.5,0.13333333333333333,0.9987225641621182,0.5925925925925926,0.9880514705882353,16,11,8600,104,ESTIMATED,ESTIMATED,ESTIMATED,130bc8455e784aaee6dc8388642d0acdd1930bbe7cc625bb9771c4ca288a7be7,"Descriptive arm estimate. CI is an individual-arm CI, not a paired-difference CI; no significance claim for a delta. Raw layer; operating point is the recorded P104 comparator rule, not a final clinical threshold.",D:\Codex_分拆Prompt嚴格無到院\outputs\v2\.p104k10\failed_revalidation_20260906T211456Z\f15\repo\outputs\v2\specialty_opname_v1\p1_04_extension_20260905\runs\surgery__P2__07_logistic_vs_xgboost,bda14827ac617dc65a01d77c70f80918df75e451f9b64576db0bddefa1962281,D:\Codex_分拆Prompt嚴格無到院\outputs\v2\.p104k10\cloud_validation_index_20260906T211456Z\task_surgery__P2__07_logistic_vs_xgboost_validation.json,acfbcb78f830faeb90b4daf276f80059d168935f0e2ec1dd42e6a3c66b5146f5
surgery__P2__07_logistic_vs_xgboost,surgery,P2,ablation,07_logistic_vs_xgboost,07_logistic_vs_xgboost / xgboost,xgboost,validation_2024,RAW_RECORDED_PREDICTIONS,raw,VALIDATED_COMPUTED,Full locked input feature order,d5d5e2d8a0734a0ce9af97a6606994868307c154f09eee30ee788ada6108d568,764,"0.921296 [0.875209, 0.95842]","0.433754 [0.287601, 0.586891]",2712,41,0.9212955776132078,0.8752090132841361,0.9584200966663267,0.43375366717733477,0.2876007203954778,0.586890574037045,0.011692660798737818,0.009502043964906946,0.013921581319538183,0.43478260869565216,0.0007374631268436578,0.5,0.5,0.5,0.36585365853658536,0.9951329090228379,0.5357142857142857,0.9903129657228018,15,13,2658,26,ESTIMATED,ESTIMATED,ESTIMATED,21ebd3380ad1406a8f533d9a1de9595edd1deb562833aa9f07147c175011bf44,"Descriptive arm estimate. CI is an individual-arm CI, not a paired-difference CI; no significance claim for a delta. Raw layer; operating point is the recorded P104 comparator rule, not a final clinical threshold.",D:\Codex_分拆Prompt嚴格無到院\outputs\v2\.p104k10\failed_revalidation_20260906T211456Z\f15\repo\outputs\v2\specialty_opname_v1\p1_04_extension_20260905\runs\surgery__P2__07_logistic_vs_xgboost,bda14827ac617dc65a01d77c70f80918df75e451f9b64576db0bddefa1962281,D:\Codex_分拆Prompt嚴格無到院\outputs\v2\.p104k10\cloud_validation_index_20260906T211456Z\task_surgery__P2__07_logistic_vs_xgboost_validation.json,acfbcb78f830faeb90b4daf276f80059d168935f0e2ec1dd42e6a3c66b5146f5
surgery__P2__08_median_vs_knn,surgery,P2,ablation,08_median_vs_knn,08_median_vs_knn / knn,knn,oof_2020_2023,RAW_RECORDED_PREDICTIONS,raw,VALIDATED_COMPUTED,Full locked input feature order,d5d5e2d8a0734a0ce9af97a6606994868307c154f09eee30ee788ada6108d568,764,"0.938495 [0.923036, 0.952138]","0.280638 [0.210077, 0.362802]",8731,120,0.9384953354236829,0.9230361683039535,0.9521377861394384,0.2806381503599066,0.21007656532823957,0.3628016721384,0.011475075046751144,0.010727557278163428,0.012212194212817868,0.14814814814814814,0.0005726720879624327,0.5,0.5,0.5,0.08333333333333333,0.9994193473464174,0.6666666666666666,0.9873795318953649,10,5,8606,110,ESTIMATED,ESTIMATED,ESTIMATED,130bc8455e784aaee6dc8388642d0acdd1930bbe7cc625bb9771c4ca288a7be7,"Descriptive arm estimate. CI is an individual-arm CI, not a paired-difference CI; no significance claim for a delta. Raw layer; operating point is the recorded P104 comparator rule, not a final clinical threshold.",D:\Codex_分拆Prompt嚴格無到院\outputs\v2\.p104rv\sweep_20260906T151250Z_account-10_v2\t15\r,80b221c09e489b94477900eeb9990210420ea89c9e020ed5824aab491d8e0f65,D:\Codex_分拆Prompt嚴格無到院\outputs\v2\.p104k10\cloud_validation_index_20260906T211456Z\task_surgery__P2__08_median_vs_knn_validation.json,1410e3b15d6d9f037be1ad14f7644316bacafa72d968a18042659f4297bcf865
surgery__P2__08_median_vs_knn,surgery,P2,ablation,08_median_vs_knn,08_median_vs_knn / knn,knn,validation_2024,RAW_RECORDED_PREDICTIONS,raw,VALIDATED_COMPUTED,Full locked input feature order,d5d5e2d8a0734a0ce9af97a6606994868307c154f09eee30ee788ada6108d568,764,"0.918474 [0.872451, 0.954973]","0.41267 [0.277313, 0.556373]",2712,41,0.9184739432568417,0.8724512496290625,0.9549726111050347,0.41266979445168867,0.2773132407815828,0.5563732548012017,0.011663865273439804,0.009850703548887747,0.013603667902503877,0.417910447761194,0.0007374631268436578,0.5,0.5,0.5,0.34146341463414637,0.9955073006364658,0.5384615384615384,0.9899478778853313,14,12,2659,27,ESTIMATED,ESTIMATED,ESTIMATED,21ebd3380ad1406a8f533d9a1de9595edd1deb562833aa9f07147c175011bf44,"Descriptive arm estimate. CI is an individual-arm CI, not a paired-difference CI; no significance claim for a delta. Raw layer; operating point is the recorded P104 comparator rule, not a final clinical threshold.",D:\Codex_分拆Prompt嚴格無到院\outputs\v2\.p104rv\sweep_20260906T151250Z_account-10_v2\t15\r,80b221c09e489b94477900eeb9990210420ea89c9e020ed5824aab491d8e0f65,D:\Codex_分拆Prompt嚴格無到院\outputs\v2\.p104k10\cloud_validation_index_20260906T211456Z\task_surgery__P2__08_median_vs_knn_validation.json,1410e3b15d6d9f037be1ad14f7644316bacafa72d968a18042659f4297bcf865
surgery__P2__08_median_vs_knn,surgery,P2,ablation,08_median_vs_knn,08_median_vs_knn / median,median,oof_2020_2023,RAW_RECORDED_PREDICTIONS,raw,VALIDATED_COMPUTED,Full locked input feature order,d5d5e2d8a0734a0ce9af97a6606994868307c154f09eee30ee788ada6108d568,764,"0.93904 [0.92377, 0.952786]","0.302333 [0.229692, 0.390623]",8731,120,0.939040181163628,0.9237702827373316,0.9527863133919581,0.30233259584687333,0.22969233351312227,0.3906227122933411,0.011255446687565805,0.01050885657254252,0.011952295120381099,0.14492753623188406,0.0002290688351849731,0.5,0.5,0.5,0.08333333333333333,0.9990709557542677,0.5555555555555556,0.9873751865029267,10,8,8603,110,ESTIMATED,ESTIMATED,ESTIMATED,130bc8455e784aaee6dc8388642d0acdd1930bbe7cc625bb9771c4ca288a7be7,"Descriptive arm estimate. CI is an individual-arm CI, not a paired-difference CI; no significance claim for a delta. Raw layer; operating point is the recorded P104 comparator rule, not a final clinical threshold.",D:\Codex_分拆Prompt嚴格無到院\outputs\v2\.p104rv\sweep_20260906T151250Z_account-10_v2\t15\r,80b221c09e489b94477900eeb9990210420ea89c9e020ed5824aab491d8e0f65,D:\Codex_分拆Prompt嚴格無到院\outputs\v2\.p104k10\cloud_validation_index_20260906T211456Z\task_surgery__P2__08_median_vs_knn_validation.json,1410e3b15d6d9f037be1ad14f7644316bacafa72d968a18042659f4297bcf865
surgery__P2__08_median_vs_knn,surgery,P2,ablation,08_median_vs_knn,08_median_vs_knn / median,median,validation_2024,RAW_RECORDED_PREDICTIONS,raw,VALIDATED_COMPUTED,Full locked input feature order,d5d5e2d8a0734a0ce9af97a6606994868307c154f09eee30ee788ada6108d568,764,"0.920652 [0.878111, 0.957748]","0.369779 [0.235366, 0.537899]",2712,41,0.9206518066678232,0.8781105334735276,0.9577479705141542,0.36977913513121524,0.23536573257043986,0.5378994002343985,0.011737739166374965,0.009874499840342412,0.013513423233034784,0.3728813559322034,0.0014749262536873156,0.5,0.5,0.5,0.2682926829268293,0.997379258704605,0.6111111111111112,0.9888641425389755,11,7,2664,30,ESTIMATED,ESTIMATED,ESTIMATED,21ebd3380ad1406a8f533d9a1de9595edd1deb562833aa9f07147c175011bf44,"Descriptive arm estimate. CI is an individual-arm CI, not a paired-difference CI; no significance claim for a delta. Raw layer; operating point is the recorded P104 comparator rule, not a final clinical threshold.",D:\Codex_分拆Prompt嚴格無到院\outputs\v2\.p104rv\sweep_20260906T151250Z_account-10_v2\t15\r,80b221c09e489b94477900eeb9990210420ea89c9e020ed5824aab491d8e0f65,D:\Codex_分拆Prompt嚴格無到院\outputs\v2\.p104k10\cloud_validation_index_20260906T211456Z\task_surgery__P2__08_median_vs_knn_validation.json,1410e3b15d6d9f037be1ad14f7644316bacafa72d968a18042659f4297bcf865
surgery__P2__09_class_weight_smotenc_threshold,surgery,P2,ablation,09_class_weight_smotenc_threshold,09_class_weight_smotenc_threshold / class_weight,class_weight,oof_2020_2023,RAW_RECORDED_PREDICTIONS,raw,VALIDATED_COMPUTED,Full locked input feature order,d5d5e2d8a0734a0ce9af97a6606994868307c154f09eee30ee788ada6108d568,764,"0.822478 [0.777728, 0.864486]","0.178404 [0.120783, 0.250543]",8731,120,0.8224780319746061,0.7777284980267497,0.8644861443648889,0.1784043945688256,0.12078321763329809,0.2505433867300828,0.05371860246162874,0.0499297208856625,0.05756680686828228,0.14793741109530584,-0.054861986026801056,0.5,0.5,0.5,0.43333333333333335,0.938334688189525,0.08919382504288165,0.9916543937162494,52,531,8080,68,ESTIMATED,ESTIMATED,ESTIMATED,130bc8455e784aaee6dc8388642d0acdd1930bbe7cc625bb9771c4ca288a7be7,"Descriptive arm estimate. CI is an individual-arm CI, not a paired-difference CI; no significance claim for a delta. Raw layer; operating point is the recorded P104 comparator rule, not a final clinical threshold.",D:\Codex_分拆Prompt嚴格無到院\outputs\v2\specialty_opname_v1\p1_04_extension_20260905\runs\surgery__P2__09_class_weight_smotenc_threshold,57d058c34c7572a2047150428c5e66482bfdcde989a3482654637a7b85031a68,D:\Codex_分拆Prompt嚴格無到院\outputs\v2\specialty_opname_v1\p1_04_extension_20260905\local_dispatch_full\validations\surgery__P2__09_class_weight_smotenc_threshold\57d058c34c7572a2_3c510f4d0008.report.json,da2ab7994ea3b287d393a2f017ae84992c1581be666e2dc83937b1e69d9c5b5b
surgery__P2__09_class_weight_smotenc_threshold,surgery,P2,ablation,09_class_weight_smotenc_threshold,09_class_weight_smotenc_threshold / class_weight,class_weight,validation_2024,RAW_RECORDED_PREDICTIONS,raw,VALIDATED_COMPUTED,Full locked input feature order,d5d5e2d8a0734a0ce9af97a6606994868307c154f09eee30ee788ada6108d568,764,"0.736711 [0.642668, 0.830423]","0.19293 [0.0939792, 0.343332]",2712,41,0.7367113805919041,0.6426677378122064,0.8304232909471654,0.1929301718675316,0.0939791812565253,0.3433321048738192,0.07275847828417112,0.06447811958188314,0.0815150654072296,0.1259259259259259,-0.07190265486725664,0.5,0.5,0.5,0.4146341463414634,0.9206289779108948,0.07423580786026202,0.9903342730567861,17,212,2459,24,ESTIMATED,ESTIMATED,ESTIMATED,21ebd3380ad1406a8f533d9a1de9595edd1deb562833aa9f07147c175011bf44,"Descriptive arm estimate. CI is an individual-arm CI, not a paired-difference CI; no significance claim for a delta. Raw layer; operating point is the recorded P104 comparator rule, not a final clinical threshold.",D:\Codex_分拆Prompt嚴格無到院\outputs\v2\specialty_opname_v1\p1_04_extension_20260905\runs\surgery__P2__09_class_weight_smotenc_threshold,57d058c34c7572a2047150428c5e66482bfdcde989a3482654637a7b85031a68,D:\Codex_分拆Prompt嚴格無到院\outputs\v2\specialty_opname_v1\p1_04_extension_20260905\local_dispatch_full\validations\surgery__P2__09_class_weight_smotenc_threshold\57d058c34c7572a2_3c510f4d0008.report.json,da2ab7994ea3b287d393a2f017ae84992c1581be666e2dc83937b1e69d9c5b5b
surgery__P2__09_class_weight_smotenc_threshold,surgery,P2,ablation,09_class_weight_smotenc_threshold,09_class_weight_smotenc_threshold / smotenc,smotenc,oof_2020_2023,RAW_RECORDED_PREDICTIONS,raw,VALIDATED_COMPUTED,Full locked input feature order,d5d5e2d8a0734a0ce9af97a6606994868307c154f09eee30ee788ada6108d568,764,"0.798501 [0.754949, 0.837572]","0.127449 [0.0764764, 0.187633]",8731,120,0.7985009483993343,0.7549486964829834,0.8375719612841452,0.1274488664462145,0.07647635894051151,0.1876325367871704,0.028533813820429906,0.02603250952922066,0.031212287645208028,0.14207650273224043,-0.02221967701294239,0.5,0.5,0.5,0.21666666666666667,0.9744512832423644,0.10569105691056911,0.9889216263995286,26,220,8391,94,ESTIMATED,ESTIMATED,ESTIMATED,130bc8455e784aaee6dc8388642d0acdd1930bbe7cc625bb9771c4ca288a7be7,"Descriptive arm estimate. CI is an individual-arm CI, not a paired-difference CI; no significance claim for a delta. Raw layer; operating point is the recorded P104 comparator rule, not a final clinical threshold.",D:\Codex_分拆Prompt嚴格無到院\outputs\v2\specialty_opname_v1\p1_04_extension_20260905\runs\surgery__P2__09_class_weight_smotenc_threshold,57d058c34c7572a2047150428c5e66482bfdcde989a3482654637a7b85031a68,D:\Codex_分拆Prompt嚴格無到院\outputs\v2\specialty_opname_v1\p1_04_extension_20260905\local_dispatch_full\validations\surgery__P2__09_class_weight_smotenc_threshold\57d058c34c7572a2_3c510f4d0008.report.json,da2ab7994ea3b287d393a2f017ae84992c1581be666e2dc83937b1e69d9c5b5b
surgery__P2__09_class_weight_smotenc_threshold,surgery,P2,ablation,09_class_weight_smotenc_threshold,09_class_weight_smotenc_threshold / smotenc,smotenc,validation_2024,RAW_RECORDED_PREDICTIONS,raw,VALIDATED_COMPUTED,Full locked input feature order,d5d5e2d8a0734a0ce9af97a6606994868307c154f09eee30ee788ada6108d568,764,"0.724603 [0.631701, 0.8196]","0.179859 [0.0823824, 0.305678]",2712,41,0.7246030079170129,0.6317008358985434,0.8195997417163234,0.17985928568091042,0.08238239743023745,0.30567832567961456,0.03243870602659786,0.027597381075871088,0.03712617776994069,0.17647058823529413,-0.026179941002949854,0.5,0.5,0.5,0.2926829268292683,0.968925496068888,0.12631578947368421,0.9889186090943829,12,83,2588,29,ESTIMATED,ESTIMATED,ESTIMATED,21ebd3380ad1406a8f533d9a1de9595edd1deb562833aa9f07147c175011bf44,"Descriptive arm estimate. CI is an individual-arm CI, not a paired-difference CI; no significance claim for a delta. Raw layer; operating point is the recorded P104 comparator rule, not a final clinical threshold.",D:\Codex_分拆Prompt嚴格無到院\outputs\v2\specialty_opname_v1\p1_04_extension_20260905\runs\surgery__P2__09_class_weight_smotenc_threshold,57d058c34c7572a2047150428c5e66482bfdcde989a3482654637a7b85031a68,D:\Codex_分拆Prompt嚴格無到院\outputs\v2\specialty_opname_v1\p1_04_extension_20260905\local_dispatch_full\validations\surgery__P2__09_class_weight_smotenc_threshold\57d058c34c7572a2_3c510f4d0008.report.json,da2ab7994ea3b287d393a2f017ae84992c1581be666e2dc83937b1e69d9c5b5b
surgery__P2__09_class_weight_smotenc_threshold,surgery,P2,ablation,09_class_weight_smotenc_threshold,09_class_weight_smotenc_threshold / threshold_shift,threshold_shift,oof_2020_2023,RAW_RECORDED_PREDICTIONS,raw,VALIDATED_COMPUTED,Full locked input feature order,d5d5e2d8a0734a0ce9af97a6606994868307c154f09eee30ee788ada6108d568,764,"0.855149 [0.81721, 0.890253]","0.217779 [0.153402, 0.303388]",8731,120,0.8551494212828552,0.8172099882605801,0.8902526905427111,0.2177789780854023,0.15340239173954837,0.3033878470422768,0.014456235342271397,0.013007110124446372,0.015874427065767395,0.2706766917293233,0.0006012905127765595,0.21931575775140152,0.19815686036146035,0.23434575717814934,0.3,0.9872256416211822,0.2465753424657534,0.9902154921374491,36,110,8501,84,ESTIMATED,ESTIMATED,ESTIMATED,130bc8455e784aaee6dc8388642d0acdd1930bbe7cc625bb9771c4ca288a7be7,"Descriptive arm estimate. CI is an individual-arm CI, not a paired-difference CI; no significance claim for a delta. Raw layer; operating point is the recorded P104 comparator rule, not a final clinical threshold.",D:\Codex_分拆Prompt嚴格無到院\outputs\v2\specialty_opname_v1\p1_04_extension_20260905\runs\surgery__P2__09_class_weight_smotenc_threshold,57d058c34c7572a2047150428c5e66482bfdcde989a3482654637a7b85031a68,D:\Codex_分拆Prompt嚴格無到院\outputs\v2\specialty_opname_v1\p1_04_extension_20260905\local_dispatch_full\validations\surgery__P2__09_class_weight_smotenc_threshold\57d058c34c7572a2_3c510f4d0008.report.json,da2ab7994ea3b287d393a2f017ae84992c1581be666e2dc83937b1e69d9c5b5b
surgery__P2__09_class_weight_smotenc_threshold,surgery,P2,ablation,09_class_weight_smotenc_threshold,09_class_weight_smotenc_threshold / threshold_shift,threshold_shift,validation_2024,RAW_RECORDED_PREDICTIONS,raw,VALIDATED_COMPUTED,Full locked input feature order,d5d5e2d8a0734a0ce9af97a6606994868307c154f09eee30ee788ada6108d568,764,"0.792003 [0.693425, 0.87956]","0.308922 [0.180538, 0.46709]",2712,41,0.7920026298727982,0.6934251010336018,0.8795596075264732,0.3089215834705884,0.18053786259250654,0.4670897530011342,0.01648461714443796,0.01337554908348003,0.019755499842306422,0.30357142857142855,0.0010069396182830616,0.20901349344432466,0.20901349344432474,0.20901349344432474,0.4146341463414634,0.9797828528640958,0.23943661971830985,0.9909125331313896,17,54,2617,24,ESTIMATED,ESTIMATED,ESTIMATED,21ebd3380ad1406a8f533d9a1de9595edd1deb562833aa9f07147c175011bf44,"Descriptive arm estimate. CI is an individual-arm CI, not a paired-difference CI; no significance claim for a delta. Raw layer; operating point is the recorded P104 comparator rule, not a final clinical threshold.",D:\Codex_分拆Prompt嚴格無到院\outputs\v2\specialty_opname_v1\p1_04_extension_20260905\runs\surgery__P2__09_class_weight_smotenc_threshold,57d058c34c7572a2047150428c5e66482bfdcde989a3482654637a7b85031a68,D:\Codex_分拆Prompt嚴格無到院\outputs\v2\specialty_opname_v1\p1_04_extension_20260905\local_dispatch_full\validations\surgery__P2__09_class_weight_smotenc_threshold\57d058c34c7572a2_3c510f4d0008.report.json,da2ab7994ea3b287d393a2f017ae84992c1581be666e2dc83937b1e69d9c5b5b
surgery__P2__10_prehospital_vs_ed_early,surgery,P2,ablation,10_prehospital_vs_ed_early,10_prehospital_vs_ed_early / locked_full,locked_full,oof_2020_2023,RAW_RECORDED_PREDICTIONS,raw,VALIDATED_COMPUTED,Full locked input feature order,d5d5e2d8a0734a0ce9af97a6606994868307c154f09eee30ee788ada6108d568,764,"0.93904 [0.924175, 0.95325]","0.302333 [0.226822, 0.390103]",8731,120,0.939040181163628,0.9241750904237925,0.9532496328152877,0.30233259584687333,0.22682233485078074,0.39010321836536815,0.011255446687565805,0.010518581327698246,0.011974603034556152,0.14492753623188406,0.0002290688351849731,0.5,0.5,0.5,0.08333333333333333,0.9990709557542677,0.5555555555555556,0.9873751865029267,10,8,8603,110,ESTIMATED,ESTIMATED,ESTIMATED,130bc8455e784aaee6dc8388642d0acdd1930bbe7cc625bb9771c4ca288a7be7,"Descriptive arm estimate. CI is an individual-arm CI, not a paired-difference CI; no significance claim for a delta. Raw layer; operating point is the recorded P104 comparator rule, not a final clinical threshold.",D:\Codex_分拆Prompt嚴格無到院\outputs\v2\.p104rv\sweep_20260906T211456Z_account-01_v2\t16\r,9f6f6b04d95e43a8a0205c45466b02796340a4552a2811defdb83f3b0ab0b253,D:\Codex_分拆Prompt嚴格無到院\outputs\v2\.p104k10\cloud_validation_index_20260906T211456Z\task_surgery__P2__10_prehospital_vs_ed_early_validation.json,871075533a52be55fbea813a0c0ae4c68bee14040597531a8896caedfc64b7bd
surgery__P2__10_prehospital_vs_ed_early,surgery,P2,ablation,10_prehospital_vs_ed_early,10_prehospital_vs_ed_early / locked_full,locked_full,validation_2024,RAW_RECORDED_PREDICTIONS,raw,VALIDATED_COMPUTED,Full locked input feature order,d5d5e2d8a0734a0ce9af97a6606994868307c154f09eee30ee788ada6108d568,764,"0.920652 [0.877361, 0.956573]","0.369779 [0.236885, 0.527355]",2712,41,0.9206518066678232,0.8773610154456215,0.9565734878793375,0.36977913513121524,0.23688452130598525,0.5273545051636597,0.011737739166374965,0.009983760876512315,0.013476734717013869,0.3728813559322034,0.0014749262536873156,0.5,0.5,0.5,0.2682926829268293,0.997379258704605,0.6111111111111112,0.9888641425389755,11,7,2664,30,ESTIMATED,ESTIMATED,ESTIMATED,21ebd3380ad1406a8f533d9a1de9595edd1deb562833aa9f07147c175011bf44,"Descriptive arm estimate. CI is an individual-arm CI, not a paired-difference CI; no significance claim for a delta. Raw layer; operating point is the recorded P104 comparator rule, not a final clinical threshold.",D:\Codex_分拆Prompt嚴格無到院\outputs\v2\.p104rv\sweep_20260906T211456Z_account-01_v2\t16\r,9f6f6b04d95e43a8a0205c45466b02796340a4552a2811defdb83f3b0ab0b253,D:\Codex_分拆Prompt嚴格無到院\outputs\v2\.p104k10\cloud_validation_index_20260906T211456Z\task_surgery__P2__10_prehospital_vs_ed_early_validation.json,871075533a52be55fbea813a0c0ae4c68bee14040597531a8896caedfc64b7bd
surgery__P2__10_prehospital_vs_ed_early,surgery,P2,ablation,10_prehospital_vs_ed_early,10_prehospital_vs_ed_early / plus_ed_early,plus_ed_early,oof_2020_2023,RAW_RECORDED_PREDICTIONS,raw,VALIDATED_COMPUTED,Full prehospital inputs plus separately labelled ED-early comparator inputs,a13b2333d99c92de94917b98c1bf5db5969fce60a635c467dff6a04ee3da0e03,790,"0.936369 [0.921343, 0.950354]","0.279478 [0.208091, 0.370082]",8731,120,0.9363691789571479,0.9213426207792289,0.9503543277688804,0.27947768887374724,0.2080914081563668,0.37008221167120253,0.01142798381819855,0.010649960122541158,0.012164292032198012,0.18439716312056736,0.0005726720879624327,0.5,0.5,0.5,0.10833333333333334,0.9990709557542677,0.6190476190476191,0.987715269804822,13,8,8603,107,ESTIMATED,ESTIMATED,ESTIMATED,130bc8455e784aaee6dc8388642d0acdd1930bbe7cc625bb9771c4ca288a7be7,"Descriptive arm estimate. CI is an individual-arm CI, not a paired-difference CI; no significance claim for a delta. Raw layer; operating point is the recorded P104 comparator rule, not a final clinical threshold.",D:\Codex_分拆Prompt嚴格無到院\outputs\v2\.p104rv\sweep_20260906T211456Z_account-01_v2\t16\r,9f6f6b04d95e43a8a0205c45466b02796340a4552a2811defdb83f3b0ab0b253,D:\Codex_分拆Prompt嚴格無到院\outputs\v2\.p104k10\cloud_validation_index_20260906T211456Z\task_surgery__P2__10_prehospital_vs_ed_early_validation.json,871075533a52be55fbea813a0c0ae4c68bee14040597531a8896caedfc64b7bd
surgery__P2__10_prehospital_vs_ed_early,surgery,P2,ablation,10_prehospital_vs_ed_early,10_prehospital_vs_ed_early / plus_ed_early,plus_ed_early,validation_2024,RAW_RECORDED_PREDICTIONS,raw,VALIDATED_COMPUTED,Full prehospital inputs plus separately labelled ED-early comparator inputs,a13b2333d99c92de94917b98c1bf5db5969fce60a635c467dff6a04ee3da0e03,790,"0.925487 [0.882433, 0.961234]","0.436992 [0.294898, 0.586325]",2712,41,0.9254869373852855,0.8824326340685307,0.9612337801312062,0.4369920776599895,0.2948982019721672,0.5863245417459112,0.011121487795383076,0.0093496642079577,0.012966874559041242,0.4067796610169492,0.0022123893805309734,0.5,0.5,0.5,0.2926829268292683,0.9977536503182328,0.6666666666666666,0.9892353377876764,12,6,2665,29,ESTIMATED,ESTIMATED,ESTIMATED,21ebd3380ad1406a8f533d9a1de9595edd1deb562833aa9f07147c175011bf44,"Descriptive arm estimate. CI is an individual-arm CI, not a paired-difference CI; no significance claim for a delta. Raw layer; operating point is the recorded P104 comparator rule, not a final clinical threshold.",D:\Codex_分拆Prompt嚴格無到院\outputs\v2\.p104rv\sweep_20260906T211456Z_account-01_v2\t16\r,9f6f6b04d95e43a8a0205c45466b02796340a4552a2811defdb83f3b0ab0b253,D:\Codex_分拆Prompt嚴格無到院\outputs\v2\.p104k10\cloud_validation_index_20260906T211456Z\task_surgery__P2__10_prehospital_vs_ed_early_validation.json,871075533a52be55fbea813a0c0ae4c68bee14040597531a8896caedfc64b7bd
surgery__P2__11_collaborator_variables,surgery,P2,ablation,11_collaborator_variables,11_collaborator_variables / locked_full,locked_full,oof_2020_2023,RAW_RECORDED_PREDICTIONS,raw,VALIDATED_COMPUTED,Full locked input feature order,d5d5e2d8a0734a0ce9af97a6606994868307c154f09eee30ee788ada6108d568,764,"0.93904 [0.924175, 0.95325]","0.302333 [0.226822, 0.390103]",8731,120,0.939040181163628,0.9241750904237925,0.9532496328152877,0.30233259584687333,0.22682233485078074,0.39010321836536815,0.011255446687565805,0.010518581327698246,0.011974603034556152,0.14492753623188406,0.0002290688351849731,0.5,0.5,0.5,0.08333333333333333,0.9990709557542677,0.5555555555555556,0.9873751865029267,10,8,8603,110,ESTIMATED,ESTIMATED,ESTIMATED,130bc8455e784aaee6dc8388642d0acdd1930bbe7cc625bb9771c4ca288a7be7,"Descriptive arm estimate. CI is an individual-arm CI, not a paired-difference CI; no significance claim for a delta. Raw layer; operating point is the recorded P104 comparator rule, not a final clinical threshold.",D:\Codex_分拆Prompt嚴格無到院\outputs\v2\.p104rv\sweep_20260906T191424Z_account-02_v2\t16\r,746978afb8bf0d0cb394c2d06c3f3611a5f83919a3796bec5caa44b7aa165edb,D:\Codex_分拆Prompt嚴格無到院\outputs\v2\.p104k10\cloud_validation_index_20260906T211456Z\task_surgery__P2__11_collaborator_variables_validation.json,95ba735663eb12fe0717c4a2434c0f6ecd4d3761f1ae5f73693ec73098ff4589
surgery__P2__11_collaborator_variables,surgery,P2,ablation,11_collaborator_variables,11_collaborator_variables / locked_full,locked_full,validation_2024,RAW_RECORDED_PREDICTIONS,raw,VALIDATED_COMPUTED,Full locked input feature order,d5d5e2d8a0734a0ce9af97a6606994868307c154f09eee30ee788ada6108d568,764,"0.920652 [0.877361, 0.956573]","0.369779 [0.236885, 0.527355]",2712,41,0.9206518066678232,0.8773610154456215,0.9565734878793375,0.36977913513121524,0.23688452130598525,0.5273545051636597,0.011737739166374965,0.009983760876512315,0.013476734717013869,0.3728813559322034,0.0014749262536873156,0.5,0.5,0.5,0.2682926829268293,0.997379258704605,0.6111111111111112,0.9888641425389755,11,7,2664,30,ESTIMATED,ESTIMATED,ESTIMATED,21ebd3380ad1406a8f533d9a1de9595edd1deb562833aa9f07147c175011bf44,"Descriptive arm estimate. CI is an individual-arm CI, not a paired-difference CI; no significance claim for a delta. Raw layer; operating point is the recorded P104 comparator rule, not a final clinical threshold.",D:\Codex_分拆Prompt嚴格無到院\outputs\v2\.p104rv\sweep_20260906T191424Z_account-02_v2\t16\r,746978afb8bf0d0cb394c2d06c3f3611a5f83919a3796bec5caa44b7aa165edb,D:\Codex_分拆Prompt嚴格無到院\outputs\v2\.p104k10\cloud_validation_index_20260906T211456Z\task_surgery__P2__11_collaborator_variables_validation.json,95ba735663eb12fe0717c4a2434c0f6ecd4d3761f1ae5f73693ec73098ff4589
surgery__P2__11_collaborator_variables,surgery,P2,ablation,11_collaborator_variables,11_collaborator_variables / without_collaborator_variables_exact,without_collaborator_variables_exact,oof_2020_2023,RAW_RECORDED_PREDICTIONS,raw,VALIDATED_COMPUTED,Full inputs excluding source-defined collaborator_variables_exact,b99f46275695791d2b4760ac050107910386b57ca1ee6453e725319cacf616b2,754,"0.939211 [0.925193, 0.952504]","0.29025 [0.214992, 0.377027]",8731,120,0.9392105059420122,0.9251933302851396,0.9525040170816444,0.2902495877337086,0.21499243180328803,0.3770268950644206,0.011327387386422591,0.01054334781822624,0.012086668894011122,0.18705035971223022,0.0008017409231474057,0.5,0.5,0.5,0.10833333333333334,0.9993032168157009,0.6842105263157895,0.9877180899908172,13,6,8605,107,ESTIMATED,ESTIMATED,ESTIMATED,130bc8455e784aaee6dc8388642d0acdd1930bbe7cc625bb9771c4ca288a7be7,"Descriptive arm estimate. CI is an individual-arm CI, not a paired-difference CI; no significance claim for a delta. Raw layer; operating point is the recorded P104 comparator rule, not a final clinical threshold.",D:\Codex_分拆Prompt嚴格無到院\outputs\v2\.p104rv\sweep_20260906T191424Z_account-02_v2\t16\r,746978afb8bf0d0cb394c2d06c3f3611a5f83919a3796bec5caa44b7aa165edb,D:\Codex_分拆Prompt嚴格無到院\outputs\v2\.p104k10\cloud_validation_index_20260906T211456Z\task_surgery__P2__11_collaborator_variables_validation.json,95ba735663eb12fe0717c4a2434c0f6ecd4d3761f1ae5f73693ec73098ff4589
surgery__P2__11_collaborator_variables,surgery,P2,ablation,11_collaborator_variables,11_collaborator_variables / without_collaborator_variables_exact,without_collaborator_variables_exact,validation_2024,RAW_RECORDED_PREDICTIONS,raw,VALIDATED_COMPUTED,Full inputs excluding source-defined collaborator_variables_exact,b99f46275695791d2b4760ac050107910386b57ca1ee6453e725319cacf616b2,754,"0.920501 [0.874487, 0.955851]","0.385707 [0.243132, 0.549684]",2712,41,0.920501136872095,0.874486968908413,0.955850882119275,0.3857068633656871,0.2431317536954583,0.549683906902709,0.011721083738312824,0.009837113689640355,0.013586225788048014,0.41935483870967744,0.0018436578171091445,0.5,0.5,0.5,0.3170731707317073,0.9970048670909771,0.6190476190476191,0.9895949461166852,13,8,2663,28,ESTIMATED,ESTIMATED,ESTIMATED,21ebd3380ad1406a8f533d9a1de9595edd1deb562833aa9f07147c175011bf44,"Descriptive arm estimate. CI is an individual-arm CI, not a paired-difference CI; no significance claim for a delta. Raw layer; operating point is the recorded P104 comparator rule, not a final clinical threshold.",D:\Codex_分拆Prompt嚴格無到院\outputs\v2\.p104rv\sweep_20260906T191424Z_account-02_v2\t16\r,746978afb8bf0d0cb394c2d06c3f3611a5f83919a3796bec5caa44b7aa165edb,D:\Codex_分拆Prompt嚴格無到院\outputs\v2\.p104k10\cloud_validation_index_20260906T211456Z\task_surgery__P2__11_collaborator_variables_validation.json,95ba735663eb12fe0717c4a2434c0f6ecd4d3761f1ae5f73693ec73098ff4589
surgery__P2__12_remove_distance,surgery,P2,ablation,12_remove_distance,12_remove_distance / locked_full,locked_full,oof_2020_2023,RAW_RECORDED_PREDICTIONS,raw,VALIDATED_COMPUTED,Full locked input feature order,d5d5e2d8a0734a0ce9af97a6606994868307c154f09eee30ee788ada6108d568,764,"0.93904 [0.924175, 0.95325]","0.302333 [0.226822, 0.390103]",8731,120,0.939040181163628,0.9241750904237925,0.9532496328152877,0.30233259584687333,0.22682233485078074,0.39010321836536815,0.011255446687565805,0.010518581327698246,0.011974603034556152,0.14492753623188406,0.0002290688351849731,0.5,0.5,0.5,0.08333333333333333,0.9990709557542677,0.5555555555555556,0.9873751865029267,10,8,8603,110,ESTIMATED,ESTIMATED,ESTIMATED,130bc8455e784aaee6dc8388642d0acdd1930bbe7cc625bb9771c4ca288a7be7,"Descriptive arm estimate. CI is an individual-arm CI, not a paired-difference CI; no significance claim for a delta. Raw layer; operating point is the recorded P104 comparator rule, not a final clinical threshold.",D:\Codex_分拆Prompt嚴格無到院\outputs\v2\.p104rv\sweep_20260906T171453Z_account-03_v2\t16\r,20a801eb6e3e83c7d2d96de71240bdd2d395205ff17a21ab5e301f84db4fee8f,D:\Codex_分拆Prompt嚴格無到院\outputs\v2\.p104k10\cloud_validation_index_20260906T211456Z\task_surgery__P2__12_remove_distance_validation.json,2c9111e697f68a65f9cc370f72a9483f51092b8f8ab36bfe3093af0d60b21664
surgery__P2__12_remove_distance,surgery,P2,ablation,12_remove_distance,12_remove_distance / locked_full,locked_full,validation_2024,RAW_RECORDED_PREDICTIONS,raw,VALIDATED_COMPUTED,Full locked input feature order,d5d5e2d8a0734a0ce9af97a6606994868307c154f09eee30ee788ada6108d568,764,"0.920652 [0.877361, 0.956573]","0.369779 [0.236885, 0.527355]",2712,41,0.9206518066678232,0.8773610154456215,0.9565734878793375,0.36977913513121524,0.23688452130598525,0.5273545051636597,0.011737739166374965,0.009983760876512315,0.013476734717013869,0.3728813559322034,0.0014749262536873156,0.5,0.5,0.5,0.2682926829268293,0.997379258704605,0.6111111111111112,0.9888641425389755,11,7,2664,30,ESTIMATED,ESTIMATED,ESTIMATED,21ebd3380ad1406a8f533d9a1de9595edd1deb562833aa9f07147c175011bf44,"Descriptive arm estimate. CI is an individual-arm CI, not a paired-difference CI; no significance claim for a delta. Raw layer; operating point is the recorded P104 comparator rule, not a final clinical threshold.",D:\Codex_分拆Prompt嚴格無到院\outputs\v2\.p104rv\sweep_20260906T171453Z_account-03_v2\t16\r,20a801eb6e3e83c7d2d96de71240bdd2d395205ff17a21ab5e301f84db4fee8f,D:\Codex_分拆Prompt嚴格無到院\outputs\v2\.p104k10\cloud_validation_index_20260906T211456Z\task_surgery__P2__12_remove_distance_validation.json,2c9111e697f68a65f9cc370f72a9483f51092b8f8ab36bfe3093af0d60b21664
surgery__P2__12_remove_distance,surgery,P2,ablation,12_remove_distance,12_remove_distance / without_distance,without_distance,oof_2020_2023,RAW_RECORDED_PREDICTIONS,raw,VALIDATED_COMPUTED,Full inputs excluding source-defined distance,b536524057bac4c3a9a2df49d51ed66f7aaaf993958d9bf190a45c54ec06df08,752,"0.938212 [0.923284, 0.952979]","0.288153 [0.21421, 0.376918]",8731,120,0.93821178337785,0.9232839086870269,0.9529788596623961,0.2881531799544956,0.21421029263066127,0.3769183212910804,0.01133809749562316,0.010552024477100068,0.012116956875782512,0.18309859154929578,0.0004581376703699462,0.5,0.5,0.5,0.10833333333333334,0.9989548252235513,0.5909090909090909,0.987713859226088,13,9,8602,107,ESTIMATED,ESTIMATED,ESTIMATED,130bc8455e784aaee6dc8388642d0acdd1930bbe7cc625bb9771c4ca288a7be7,"Descriptive arm estimate. CI is an individual-arm CI, not a paired-difference CI; no significance claim for a delta. Raw layer; operating point is the recorded P104 comparator rule, not a final clinical threshold.",D:\Codex_分拆Prompt嚴格無到院\outputs\v2\.p104rv\sweep_20260906T171453Z_account-03_v2\t16\r,20a801eb6e3e83c7d2d96de71240bdd2d395205ff17a21ab5e301f84db4fee8f,D:\Codex_分拆Prompt嚴格無到院\outputs\v2\.p104k10\cloud_validation_index_20260906T211456Z\task_surgery__P2__12_remove_distance_validation.json,2c9111e697f68a65f9cc370f72a9483f51092b8f8ab36bfe3093af0d60b21664
surgery__P2__12_remove_distance,surgery,P2,ablation,12_remove_distance,12_remove_distance / without_distance,without_distance,validation_2024,RAW_RECORDED_PREDICTIONS,raw,VALIDATED_COMPUTED,Full inputs excluding source-defined distance,b536524057bac4c3a9a2df49d51ed66f7aaaf993958d9bf190a45c54ec06df08,752,"0.918994 [0.874793, 0.955055]","0.392155 [0.25239, 0.550754]",2712,41,0.9189944389148121,0.8747927644078335,0.9550553660190474,0.39215504013889774,0.25239018768775406,0.5507543130653403,0.011722044271145782,0.009770263579218981,0.013707336252270077,0.4067796610169492,0.0022123893805309734,0.5,0.5,0.5,0.2926829268292683,0.9977536503182328,0.6666666666666666,0.9892353377876764,12,6,2665,29,ESTIMATED,ESTIMATED,ESTIMATED,21ebd3380ad1406a8f533d9a1de9595edd1deb562833aa9f07147c175011bf44,"Descriptive arm estimate. CI is an individual-arm CI, not a paired-difference CI; no significance claim for a delta. Raw layer; operating point is the recorded P104 comparator rule, not a final clinical threshold.",D:\Codex_分拆Prompt嚴格無到院\outputs\v2\.p104rv\sweep_20260906T171453Z_account-03_v2\t16\r,20a801eb6e3e83c7d2d96de71240bdd2d395205ff17a21ab5e301f84db4fee8f,D:\Codex_分拆Prompt嚴格無到院\outputs\v2\.p104k10\cloud_validation_index_20260906T211456Z\task_surgery__P2__12_remove_distance_validation.json,2c9111e697f68a65f9cc370f72a9483f51092b8f8ab36bfe3093af0d60b21664
surgery__P3__01_standardization,surgery,P3,ablation,01_standardization,01_standardization / logistic_scaled,logistic_scaled,oof_2020_2023,RAW_RECORDED_PREDICTIONS,raw,VALIDATED_COMPUTED,Full locked input feature order,d5d5e2d8a0734a0ce9af97a6606994868307c154f09eee30ee788ada6108d568,764,"0.799068 [0.71096, 0.879334]","0.235138 [0.142193, 0.364675]",8731,56,0.7990675174969123,0.7109601450481456,0.8793343598492811,0.2351381637489498,0.14219285859079656,0.3646747162454141,0.014314540260650158,0.0122103587413047,0.016387959200699923,0.2436548223350254,-0.010651700836101249,0.5,0.5,0.5,0.42857142857142855,0.9865129682997118,0.1702127659574468,0.9962747380675204,24,117,8558,32,ESTIMATED,ESTIMATED,ESTIMATED,c42a4719722ee0c224b5fadf049344c464798fd56614702960c820c014c78731,"Descriptive arm estimate. CI is an individual-arm CI, not a paired-difference CI; no significance claim for a delta. Raw layer; operating point is the recorded P104 comparator rule, not a final clinical threshold.",D:\Codex_分拆Prompt嚴格無到院\outputs\v2\specialty_opname_v1\p1_04_extension_20260905\runs\surgery__P3__01_standardization,94153f118eb8ed59bd2ce22961f3e6002e10d48a059f24deb1fe4ae594a9446d,D:\Codex_分拆Prompt嚴格無到院\outputs\v2\specialty_opname_v1\p1_04_extension_20260905\local_dispatch_full\validations\surgery__P3__01_standardization\94153f118eb8ed59_3c510f4d0008.report.json,9da9a289ccc1b7aa404b9bcfc5c00d948cd4be7365a6c6b9c9cc236aa1a06c04
surgery__P3__01_standardization,surgery,P3,ablation,01_standardization,01_standardization / logistic_scaled,logistic_scaled,validation_2024,RAW_RECORDED_PREDICTIONS,raw,VALIDATED_COMPUTED,Full locked input feature order,d5d5e2d8a0734a0ce9af97a6606994868307c154f09eee30ee788ada6108d568,764,"0.801026 [0.681161, 0.91414]","0.399947 [0.242851, 0.593964]",2712,32,0.8010261194029851,0.6811609852438066,0.9141395305901358,0.39994729105623145,0.24285097299450822,0.593964118957443,0.023515275775891874,0.01893044964766295,0.028654645793339664,0.35,-0.01696165191740413,0.5,0.5,0.5,0.65625,0.975,0.23863636363636365,0.9958079268292683,21,67,2613,11,ESTIMATED,ESTIMATED,ESTIMATED,8362377c52501bcb78d857c69f7a66e78bcb3e8291d74a36208230b84f828621,"Descriptive arm estimate. CI is an individual-arm CI, not a paired-difference CI; no significance claim for a delta. Raw layer; operating point is the recorded P104 comparator rule, not a final clinical threshold.",D:\Codex_分拆Prompt嚴格無到院\outputs\v2\specialty_opname_v1\p1_04_extension_20260905\runs\surgery__P3__01_standardization,94153f118eb8ed59bd2ce22961f3e6002e10d48a059f24deb1fe4ae594a9446d,D:\Codex_分拆Prompt嚴格無到院\outputs\v2\specialty_opname_v1\p1_04_extension_20260905\local_dispatch_full\validations\surgery__P3__01_standardization\94153f118eb8ed59_3c510f4d0008.report.json,9da9a289ccc1b7aa404b9bcfc5c00d948cd4be7365a6c6b9c9cc236aa1a06c04
surgery__P3__01_standardization,surgery,P3,ablation,01_standardization,01_standardization / logistic_unscaled,logistic_unscaled,oof_2020_2023,RAW_RECORDED_PREDICTIONS,raw,VALIDATED_COMPUTED,Full locked input feature order,d5d5e2d8a0734a0ce9af97a6606994868307c154f09eee30ee788ada6108d568,764,"0.89009 [0.828561, 0.942547]","0.260381 [0.161304, 0.402036]",8731,56,0.8900895430218196,0.8285608737680863,0.9425474931804904,0.26038099122213654,0.16130399989015537,0.4020364653907358,0.01297319478903018,0.011148571666647107,0.014911476547173178,0.28125,-0.009391822242583897,0.5,0.5,0.5,0.48214285714285715,0.9874351585014409,0.19852941176470587,0.9966259453170448,27,109,8566,29,ESTIMATED,ESTIMATED,ESTIMATED,c42a4719722ee0c224b5fadf049344c464798fd56614702960c820c014c78731,"Descriptive arm estimate. CI is an individual-arm CI, not a paired-difference CI; no significance claim for a delta. Raw layer; operating point is the recorded P104 comparator rule, not a final clinical threshold.",D:\Codex_分拆Prompt嚴格無到院\outputs\v2\specialty_opname_v1\p1_04_extension_20260905\runs\surgery__P3__01_standardization,94153f118eb8ed59bd2ce22961f3e6002e10d48a059f24deb1fe4ae594a9446d,D:\Codex_分拆Prompt嚴格無到院\outputs\v2\specialty_opname_v1\p1_04_extension_20260905\local_dispatch_full\validations\surgery__P3__01_standardization\94153f118eb8ed59_3c510f4d0008.report.json,9da9a289ccc1b7aa404b9bcfc5c00d948cd4be7365a6c6b9c9cc236aa1a06c04
surgery__P3__01_standardization,surgery,P3,ablation,01_standardization,01_standardization / logistic_unscaled,logistic_unscaled,validation_2024,RAW_RECORDED_PREDICTIONS,raw,VALIDATED_COMPUTED,Full locked input feature order,d5d5e2d8a0734a0ce9af97a6606994868307c154f09eee30ee788ada6108d568,764,"0.889325 [0.808566, 0.951667]","0.47437 [0.302438, 0.659474]",2712,32,0.8893248600746269,0.8085664561195627,0.9516669123578968,0.47437010418070913,0.3024381950598141,0.6594741711077171,0.02440301414218985,0.019766210801900948,0.029069292543073683,0.3387096774193548,-0.018436578171091445,0.5,0.5,0.5,0.65625,0.9735074626865672,0.22826086956521738,0.9958015267175573,21,71,2609,11,ESTIMATED,ESTIMATED,ESTIMATED,8362377c52501bcb78d857c69f7a66e78bcb3e8291d74a36208230b84f828621,"Descriptive arm estimate. CI is an individual-arm CI, not a paired-difference CI; no significance claim for a delta. Raw layer; operating point is the recorded P104 comparator rule, not a final clinical threshold.",D:\Codex_分拆Prompt嚴格無到院\outputs\v2\specialty_opname_v1\p1_04_extension_20260905\runs\surgery__P3__01_standardization,94153f118eb8ed59bd2ce22961f3e6002e10d48a059f24deb1fe4ae594a9446d,D:\Codex_分拆Prompt嚴格無到院\outputs\v2\specialty_opname_v1\p1_04_extension_20260905\local_dispatch_full\validations\surgery__P3__01_standardization\94153f118eb8ed59_3c510f4d0008.report.json,9da9a289ccc1b7aa404b9bcfc5c00d948cd4be7365a6c6b9c9cc236aa1a06c04
surgery__P3__02_time_variables,surgery,P3,ablation,02_time_variables,02_time_variables / locked_full,locked_full,oof_2020_2023,RAW_RECORDED_PREDICTIONS,raw,VALIDATED_COMPUTED,Full locked input feature order,d5d5e2d8a0734a0ce9af97a6606994868307c154f09eee30ee788ada6108d568,764,"0.954755 [0.929512, 0.97762]","0.407221 [0.298322, 0.53918]",8731,56,0.9547550432276657,0.9295121651643939,0.9776200052455747,0.4072211387766869,0.29832157638038537,0.5391798597133661,0.00488244309008644,0.004194027387649102,0.005497360279042777,0.32,0.0005726720879624327,0.5,0.5,0.5,0.21428571428571427,0.999193083573487,0.631578947368421,0.9949494949494949,12,7,8668,44,ESTIMATED,ESTIMATED,ESTIMATED,c42a4719722ee0c224b5fadf049344c464798fd56614702960c820c014c78731,"Descriptive arm estimate. CI is an individual-arm CI, not a paired-difference CI; no significance claim for a delta. Raw layer; operating point is the recorded P104 comparator rule, not a final clinical threshold. Primary amended time contrast uses the exact corrected plan; old20 results are secondary evidence only.",D:\Codex_分拆Prompt嚴格無到院\outputs\v2\specialty_opname_v1\time_interval_complete_successor_20260905\runs\surgery__P3__02_time_variables,fa57c0e3a40bac96c4c63dc8fc133036b623b9d38fdc0f177d43e8a31ae56429,D:\Codex_分拆Prompt嚴格無到院\outputs\v2\specialty_opname_v1\time_interval_complete_successor_20260905\runs\surgery__P3__02_time_variables\validation_report.json,ecd67eb01746b8945612c16ad93ec9bb808987a3e4a46fbd94db098274c24afa
surgery__P3__02_time_variables,surgery,P3,ablation,02_time_variables,02_time_variables / locked_full,locked_full,validation_2024,RAW_RECORDED_PREDICTIONS,raw,VALIDATED_COMPUTED,Full locked input feature order,d5d5e2d8a0734a0ce9af97a6606994868307c154f09eee30ee788ada6108d568,764,"0.945021 [0.887101, 0.985259]","0.582494 [0.422066, 0.800266]",2712,32,0.9450209888059702,0.8871011498328525,0.9852588475086468,0.5824944976066049,0.4220661758450076,0.8002660897425761,0.006004757861441242,0.004162317936368275,0.00795209660700344,0.7272727272727273,0.006268436578171091,0.5,0.5,0.5,0.625,0.9988805970149254,0.8695652173913043,0.9955373744886575,20,3,2677,12,ESTIMATED,ESTIMATED,ESTIMATED,8362377c52501bcb78d857c69f7a66e78bcb3e8291d74a36208230b84f828621,"Descriptive arm estimate. CI is an individual-arm CI, not a paired-difference CI; no significance claim for a delta. Raw layer; operating point is the recorded P104 comparator rule, not a final clinical threshold. Primary amended time contrast uses the exact corrected plan; old20 results are secondary evidence only.",D:\Codex_分拆Prompt嚴格無到院\outputs\v2\specialty_opname_v1\time_interval_complete_successor_20260905\runs\surgery__P3__02_time_variables,fa57c0e3a40bac96c4c63dc8fc133036b623b9d38fdc0f177d43e8a31ae56429,D:\Codex_分拆Prompt嚴格無到院\outputs\v2\specialty_opname_v1\time_interval_complete_successor_20260905\runs\surgery__P3__02_time_variables\validation_report.json,ecd67eb01746b8945612c16ad93ec9bb808987a3e4a46fbd94db098274c24afa
surgery__P3__02_time_variables,surgery,P3,ablation,02_time_variables,02_time_variables / without_time_intervals_complete,without_time_intervals_complete,oof_2020_2023,RAW_RECORDED_PREDICTIONS,raw,VALIDATED_COMPUTED,Exact corrected time-plan inputs; original time group and six transport-interval aliases excluded,4134699b4820dc78a3efecb755bbe61150f1bbeb88a8b157c8816e5bec8558f4,738,"0.945755 [0.913911, 0.972837]","0.415489 [0.297292, 0.539803]",8731,56,0.9457554549197201,0.913911288087184,0.9728373852634211,0.4154892498269697,0.29729196295430305,0.5398032612134949,0.004858031540243787,0.0042030223068440335,0.0055304939278721125,0.273972602739726,0.0003436032527774596,0.5,0.5,0.5,0.17857142857142858,0.999193083573487,0.5882352941176471,0.9947211383979803,10,7,8668,46,ESTIMATED,ESTIMATED,ESTIMATED,c42a4719722ee0c224b5fadf049344c464798fd56614702960c820c014c78731,"Descriptive arm estimate. CI is an individual-arm CI, not a paired-difference CI; no significance claim for a delta. Raw layer; operating point is the recorded P104 comparator rule, not a final clinical threshold. Primary amended time contrast uses the exact corrected plan; old20 results are secondary evidence only.",D:\Codex_分拆Prompt嚴格無到院\outputs\v2\specialty_opname_v1\time_interval_complete_successor_20260905\runs\surgery__P3__02_time_variables,fa57c0e3a40bac96c4c63dc8fc133036b623b9d38fdc0f177d43e8a31ae56429,D:\Codex_分拆Prompt嚴格無到院\outputs\v2\specialty_opname_v1\time_interval_complete_successor_20260905\runs\surgery__P3__02_time_variables\validation_report.json,ecd67eb01746b8945612c16ad93ec9bb808987a3e4a46fbd94db098274c24afa
surgery__P3__02_time_variables,surgery,P3,ablation,02_time_variables,02_time_variables / without_time_intervals_complete,without_time_intervals_complete,validation_2024,RAW_RECORDED_PREDICTIONS,raw,VALIDATED_COMPUTED,Exact corrected time-plan inputs; original time group and six transport-interval aliases excluded,4134699b4820dc78a3efecb755bbe61150f1bbeb88a8b157c8816e5bec8558f4,738,"0.924802 [0.859391, 0.975118]","0.589406 [0.412609, 0.802197]",2712,32,0.9248017723880597,0.8593908678470505,0.9751175951045892,0.5894055705502181,0.4126088458234311,0.8021972287468616,0.006054422144870484,0.004257349156329123,0.008128111751605261,0.6666666666666666,0.005162241887905605,0.5,0.5,0.5,0.5625,0.9985074626865672,0.8181818181818182,0.9947955390334573,18,4,2676,14,ESTIMATED,ESTIMATED,ESTIMATED,8362377c52501bcb78d857c69f7a66e78bcb3e8291d74a36208230b84f828621,"Descriptive arm estimate. CI is an individual-arm CI, not a paired-difference CI; no significance claim for a delta. Raw layer; operating point is the recorded P104 comparator rule, not a final clinical threshold. Primary amended time contrast uses the exact corrected plan; old20 results are secondary evidence only.",D:\Codex_分拆Prompt嚴格無到院\outputs\v2\specialty_opname_v1\time_interval_complete_successor_20260905\runs\surgery__P3__02_time_variables,fa57c0e3a40bac96c4c63dc8fc133036b623b9d38fdc0f177d43e8a31ae56429,D:\Codex_分拆Prompt嚴格無到院\outputs\v2\specialty_opname_v1\time_interval_complete_successor_20260905\runs\surgery__P3__02_time_variables\validation_report.json,ecd67eb01746b8945612c16ad93ec9bb808987a3e4a46fbd94db098274c24afa
surgery__P3__03_emt_treatment,surgery,P3,ablation,03_emt_treatment,03_emt_treatment / locked_full,locked_full,oof_2020_2023,RAW_RECORDED_PREDICTIONS,raw,VALIDATED_COMPUTED,Full locked input feature order,d5d5e2d8a0734a0ce9af97a6606994868307c154f09eee30ee788ada6108d568,764,"0.954755 [0.929512, 0.97762]","0.407221 [0.298322, 0.53918]",8731,56,0.9547550432276657,0.9295121651643939,0.9776200052455747,0.4072211387766869,0.29832157638038537,0.5391798597133661,0.00488244309008644,0.0041940273876491015,0.005497360279042777,0.32,0.0005726720879624327,0.5,0.5,0.5,0.21428571428571427,0.999193083573487,0.631578947368421,0.9949494949494949,12,7,8668,44,ESTIMATED,ESTIMATED,ESTIMATED,c42a4719722ee0c224b5fadf049344c464798fd56614702960c820c014c78731,"Descriptive arm estimate. CI is an individual-arm CI, not a paired-difference CI; no significance claim for a delta. Raw layer; operating point is the recorded P104 comparator rule, not a final clinical threshold.",D:\Codex_分拆Prompt嚴格無到院\outputs\v2\.p104rv\sweep_20260906T211456Z_account-01_v2\t18\r,d3d8d3a0a657af443513f50ba3d5b6d7e1bebd64ff3f415d9fa2913556d21b20,D:\Codex_分拆Prompt嚴格無到院\outputs\v2\.p104k10\cloud_validation_index_20260906T211456Z\task_surgery__P3__03_emt_treatment_validation.json,277eece1e3a55b55097cda24a4fcbd98aa5a34fe0a3d9093b003271f00e5bfd3
surgery__P3__03_emt_treatment,surgery,P3,ablation,03_emt_treatment,03_emt_treatment / locked_full,locked_full,validation_2024,RAW_RECORDED_PREDICTIONS,raw,VALIDATED_COMPUTED,Full locked input feature order,d5d5e2d8a0734a0ce9af97a6606994868307c154f09eee30ee788ada6108d568,764,"0.945021 [0.887101, 0.985259]","0.582494 [0.422066, 0.800266]",2712,32,0.9450209888059702,0.8871011498328525,0.9852588475086468,0.5824944976066049,0.4220661758450076,0.8002660897425761,0.006004757861441242,0.004162317936368274,0.00795209660700344,0.7272727272727273,0.006268436578171091,0.5,0.5,0.5,0.625,0.9988805970149254,0.8695652173913043,0.9955373744886575,20,3,2677,12,ESTIMATED,ESTIMATED,ESTIMATED,8362377c52501bcb78d857c69f7a66e78bcb3e8291d74a36208230b84f828621,"Descriptive arm estimate. CI is an individual-arm CI, not a paired-difference CI; no significance claim for a delta. Raw layer; operating point is the recorded P104 comparator rule, not a final clinical threshold.",D:\Codex_分拆Prompt嚴格無到院\outputs\v2\.p104rv\sweep_20260906T211456Z_account-01_v2\t18\r,d3d8d3a0a657af443513f50ba3d5b6d7e1bebd64ff3f415d9fa2913556d21b20,D:\Codex_分拆Prompt嚴格無到院\outputs\v2\.p104k10\cloud_validation_index_20260906T211456Z\task_surgery__P3__03_emt_treatment_validation.json,277eece1e3a55b55097cda24a4fcbd98aa5a34fe0a3d9093b003271f00e5bfd3
surgery__P3__03_emt_treatment,surgery,P3,ablation,03_emt_treatment,03_emt_treatment / without_emt_treatment,without_emt_treatment,oof_2020_2023,RAW_RECORDED_PREDICTIONS,raw,VALIDATED_COMPUTED,Full inputs excluding source-defined emt_treatment,8729234a9522c03841d126bd593d462cbbdfe532c85f62a35343b36e9241d6fd,672,"0.9472 [0.914105, 0.97409]","0.363919 [0.253859, 0.506397]",8731,56,0.9472004940304652,0.9141049922999405,0.9740895437651709,0.3639189980187786,0.2538590649122685,0.5063965237546176,0.004996077965414453,0.004342188150364201,0.005623089616198031,0.3055555555555556,0.0006872065055549192,0.5,0.5,0.5,0.19642857142857142,0.9994236311239193,0.6875,0.9948364888123924,11,5,8670,45,ESTIMATED,ESTIMATED,ESTIMATED,c42a4719722ee0c224b5fadf049344c464798fd56614702960c820c014c78731,"Descriptive arm estimate. CI is an individual-arm CI, not a paired-difference CI; no significance claim for a delta. Raw layer; operating point is the recorded P104 comparator rule, not a final clinical threshold.",D:\Codex_分拆Prompt嚴格無到院\outputs\v2\.p104rv\sweep_20260906T211456Z_account-01_v2\t18\r,d3d8d3a0a657af443513f50ba3d5b6d7e1bebd64ff3f415d9fa2913556d21b20,D:\Codex_分拆Prompt嚴格無到院\outputs\v2\.p104k10\cloud_validation_index_20260906T211456Z\task_surgery__P3__03_emt_treatment_validation.json,277eece1e3a55b55097cda24a4fcbd98aa5a34fe0a3d9093b003271f00e5bfd3
surgery__P3__03_emt_treatment,surgery,P3,ablation,03_emt_treatment,03_emt_treatment / without_emt_treatment,without_emt_treatment,validation_2024,RAW_RECORDED_PREDICTIONS,raw,VALIDATED_COMPUTED,Full inputs excluding source-defined emt_treatment,8729234a9522c03841d126bd593d462cbbdfe532c85f62a35343b36e9241d6fd,672,"0.932987 [0.877294, 0.978873]","0.635514 [0.474009, 0.81295]",2712,32,0.932987406716418,0.8772938424834764,0.9788728318607124,0.6355141041930955,0.4740086538893293,0.8129500355331023,0.006028650643404154,0.004331848700466076,0.007833260942389066,0.6545454545454545,0.004793510324483776,0.5,0.5,0.5,0.5625,0.9981343283582089,0.782608695652174,0.9947936035701004,18,5,2675,14,ESTIMATED,ESTIMATED,ESTIMATED,8362377c52501bcb78d857c69f7a66e78bcb3e8291d74a36208230b84f828621,"Descriptive arm estimate. CI is an individual-arm CI, not a paired-difference CI; no significance claim for a delta. Raw layer; operating point is the recorded P104 comparator rule, not a final clinical threshold.",D:\Codex_分拆Prompt嚴格無到院\outputs\v2\.p104rv\sweep_20260906T211456Z_account-01_v2\t18\r,d3d8d3a0a657af443513f50ba3d5b6d7e1bebd64ff3f415d9fa2913556d21b20,D:\Codex_分拆Prompt嚴格無到院\outputs\v2\.p104k10\cloud_validation_index_20260906T211456Z\task_surgery__P3__03_emt_treatment_validation.json,277eece1e3a55b55097cda24a4fcbd98aa5a34fe0a3d9093b003271f00e5bfd3
surgery__P3__04_gcs_consciousness,surgery,P3,ablation,04_gcs_consciousness,04_gcs_consciousness / locked_full,locked_full,oof_2020_2023,RAW_RECORDED_PREDICTIONS,raw,VALIDATED_COMPUTED,Full locked input feature order,d5d5e2d8a0734a0ce9af97a6606994868307c154f09eee30ee788ada6108d568,764,"0.954755 [0.929512, 0.97762]","0.407221 [0.298322, 0.53918]",8731,56,0.9547550432276657,0.9295121651643939,0.9776200052455747,0.4072211387766869,0.29832157638038537,0.5391798597133661,0.00488244309008644,0.0041940273876491015,0.005497360279042777,0.32,0.0005726720879624327,0.5,0.5,0.5,0.21428571428571427,0.999193083573487,0.631578947368421,0.9949494949494949,12,7,8668,44,ESTIMATED,ESTIMATED,ESTIMATED,c42a4719722ee0c224b5fadf049344c464798fd56614702960c820c014c78731,"Descriptive arm estimate. CI is an individual-arm CI, not a paired-difference CI; no significance claim for a delta. Raw layer; operating point is the recorded P104 comparator rule, not a final clinical threshold.",D:\Codex_分拆Prompt嚴格無到院\outputs\v2\.p104rv\sweep_20260906T191424Z_account-02_v2\t18\r,7f01c0e0f9c2b452e08ac1ebfed0990758dc3a2dd1e077433fd24eddf779f8b9,D:\Codex_分拆Prompt嚴格無到院\outputs\v2\.p104k10\cloud_validation_index_20260906T211456Z\task_surgery__P3__04_gcs_consciousness_validation.json,430d32b1ae4a78dca9a679c3a46b9b1350dd32794eb30266ff3b1d189a98af8b
surgery__P3__04_gcs_consciousness,surgery,P3,ablation,04_gcs_consciousness,04_gcs_consciousness / locked_full,locked_full,validation_2024,RAW_RECORDED_PREDICTIONS,raw,VALIDATED_COMPUTED,Full locked input feature order,d5d5e2d8a0734a0ce9af97a6606994868307c154f09eee30ee788ada6108d568,764,"0.945021 [0.887101, 0.985259]","0.582494 [0.422066, 0.800266]",2712,32,0.9450209888059702,0.8871011498328525,0.9852588475086468,0.5824944976066049,0.4220661758450076,0.8002660897425761,0.006004757861441242,0.004162317936368274,0.00795209660700344,0.7272727272727273,0.006268436578171091,0.5,0.5,0.5,0.625,0.9988805970149254,0.8695652173913043,0.9955373744886575,20,3,2677,12,ESTIMATED,ESTIMATED,ESTIMATED,8362377c52501bcb78d857c69f7a66e78bcb3e8291d74a36208230b84f828621,"Descriptive arm estimate. CI is an individual-arm CI, not a paired-difference CI; no significance claim for a delta. Raw layer; operating point is the recorded P104 comparator rule, not a final clinical threshold.",D:\Codex_分拆Prompt嚴格無到院\outputs\v2\.p104rv\sweep_20260906T191424Z_account-02_v2\t18\r,7f01c0e0f9c2b452e08ac1ebfed0990758dc3a2dd1e077433fd24eddf779f8b9,D:\Codex_分拆Prompt嚴格無到院\outputs\v2\.p104k10\cloud_validation_index_20260906T211456Z\task_surgery__P3__04_gcs_consciousness_validation.json,430d32b1ae4a78dca9a679c3a46b9b1350dd32794eb30266ff3b1d189a98af8b
surgery__P3__04_gcs_consciousness,surgery,P3,ablation,04_gcs_consciousness,04_gcs_consciousness / without_gcs_consciousness,without_gcs_consciousness,oof_2020_2023,RAW_RECORDED_PREDICTIONS,raw,VALIDATED_COMPUTED,Full inputs excluding source-defined gcs_consciousness,96da2f388f093d3a5dad841e1d389aeeb55c27e3fb7bdbd9924937a80904969d,705,"0.952857 [0.924255, 0.97641]","0.418617 [0.2999, 0.554427]",8731,56,0.952857142857143,0.9242548393206096,0.9764096963544934,0.4186167159808872,0.29989964842840156,0.5544270202289425,0.004830696846029229,0.004155314967004641,0.005469313955102857,0.35135135135135137,0.0009162753407398924,0.5,0.5,0.5,0.23214285714285715,0.9994236311239193,0.7222222222222222,0.9950648456329623,13,5,8670,43,ESTIMATED,ESTIMATED,ESTIMATED,c42a4719722ee0c224b5fadf049344c464798fd56614702960c820c014c78731,"Descriptive arm estimate. CI is an individual-arm CI, not a paired-difference CI; no significance claim for a delta. Raw layer; operating point is the recorded P104 comparator rule, not a final clinical threshold.",D:\Codex_分拆Prompt嚴格無到院\outputs\v2\.p104rv\sweep_20260906T191424Z_account-02_v2\t18\r,7f01c0e0f9c2b452e08ac1ebfed0990758dc3a2dd1e077433fd24eddf779f8b9,D:\Codex_分拆Prompt嚴格無到院\outputs\v2\.p104k10\cloud_validation_index_20260906T211456Z\task_surgery__P3__04_gcs_consciousness_validation.json,430d32b1ae4a78dca9a679c3a46b9b1350dd32794eb30266ff3b1d189a98af8b
surgery__P3__04_gcs_consciousness,surgery,P3,ablation,04_gcs_consciousness,04_gcs_consciousness / without_gcs_consciousness,without_gcs_consciousness,validation_2024,RAW_RECORDED_PREDICTIONS,raw,VALIDATED_COMPUTED,Full inputs excluding source-defined gcs_consciousness,96da2f388f093d3a5dad841e1d389aeeb55c27e3fb7bdbd9924937a80904969d,705,"0.941231 [0.883544, 0.983353]","0.603231 [0.427174, 0.79839]",2712,32,0.941231343283582,0.8835437592743242,0.983352510214137,0.6032314148494267,0.42717366931254025,0.7983899745714979,0.006024675149648923,0.004323362128307991,0.00806535500111531,0.6779661016949152,0.004793510324483776,0.5,0.5,0.5,0.625,0.9973880597014926,0.7407407407407407,0.9955307262569832,20,7,2673,12,ESTIMATED,ESTIMATED,ESTIMATED,8362377c52501bcb78d857c69f7a66e78bcb3e8291d74a36208230b84f828621,"Descriptive arm estimate. CI is an individual-arm CI, not a paired-difference CI; no significance claim for a delta. Raw layer; operating point is the recorded P104 comparator rule, not a final clinical threshold.",D:\Codex_分拆Prompt嚴格無到院\outputs\v2\.p104rv\sweep_20260906T191424Z_account-02_v2\t18\r,7f01c0e0f9c2b452e08ac1ebfed0990758dc3a2dd1e077433fd24eddf779f8b9,D:\Codex_分拆Prompt嚴格無到院\outputs\v2\.p104k10\cloud_validation_index_20260906T211456Z\task_surgery__P3__04_gcs_consciousness_validation.json,430d32b1ae4a78dca9a679c3a46b9b1350dd32794eb30266ff3b1d189a98af8b
surgery__P3__05_shock_index_rsig,surgery,P3,ablation,05_shock_index_rsig,05_shock_index_rsig / locked_full,locked_full,oof_2020_2023,RAW_RECORDED_PREDICTIONS,raw,VALIDATED_COMPUTED,Full locked input feature order,d5d5e2d8a0734a0ce9af97a6606994868307c154f09eee30ee788ada6108d568,764,"0.954755 [0.929512, 0.97762]","0.407221 [0.298322, 0.53918]",8731,56,0.9547550432276657,0.9295121651643939,0.9776200052455747,0.4072211387766869,0.29832157638038537,0.5391798597133661,0.00488244309008644,0.0041940273876491015,0.005497360279042777,0.32,0.0005726720879624327,0.5,0.5,0.5,0.21428571428571427,0.999193083573487,0.631578947368421,0.9949494949494949,12,7,8668,44,ESTIMATED,ESTIMATED,ESTIMATED,c42a4719722ee0c224b5fadf049344c464798fd56614702960c820c014c78731,"Descriptive arm estimate. CI is an individual-arm CI, not a paired-difference CI; no significance claim for a delta. Raw layer; operating point is the recorded P104 comparator rule, not a final clinical threshold.",D:\Codex_分拆Prompt嚴格無到院\outputs\v2\.p104rv\sweep_20260906T171453Z_account-03_v2\t18\r,3fb45540530c8ac3946dc96e8b59d0cef441c00ee63910be850bbdc1361f926f,D:\Codex_分拆Prompt嚴格無到院\outputs\v2\.p104k10\cloud_validation_index_20260906T211456Z\task_surgery__P3__05_shock_index_rsig_validation.json,36a51220b3146af17433e69ef9c863987720a35317ca2e5581646c2911c05b0e
surgery__P3__05_shock_index_rsig,surgery,P3,ablation,05_shock_index_rsig,05_shock_index_rsig / locked_full,locked_full,validation_2024,RAW_RECORDED_PREDICTIONS,raw,VALIDATED_COMPUTED,Full locked input feature order,d5d5e2d8a0734a0ce9af97a6606994868307c154f09eee30ee788ada6108d568,764,"0.945021 [0.887101, 0.985259]","0.582494 [0.422066, 0.800266]",2712,32,0.9450209888059702,0.8871011498328525,0.9852588475086468,0.5824944976066049,0.4220661758450076,0.8002660897425761,0.006004757861441242,0.004162317936368274,0.00795209660700344,0.7272727272727273,0.006268436578171091,0.5,0.5,0.5,0.625,0.9988805970149254,0.8695652173913043,0.9955373744886575,20,3,2677,12,ESTIMATED,ESTIMATED,ESTIMATED,8362377c52501bcb78d857c69f7a66e78bcb3e8291d74a36208230b84f828621,"Descriptive arm estimate. CI is an individual-arm CI, not a paired-difference CI; no significance claim for a delta. Raw layer; operating point is the recorded P104 comparator rule, not a final clinical threshold.",D:\Codex_分拆Prompt嚴格無到院\outputs\v2\.p104rv\sweep_20260906T171453Z_account-03_v2\t18\r,3fb45540530c8ac3946dc96e8b59d0cef441c00ee63910be850bbdc1361f926f,D:\Codex_分拆Prompt嚴格無到院\outputs\v2\.p104k10\cloud_validation_index_20260906T211456Z\task_surgery__P3__05_shock_index_rsig_validation.json,36a51220b3146af17433e69ef9c863987720a35317ca2e5581646c2911c05b0e
surgery__P3__05_shock_index_rsig,surgery,P3,ablation,05_shock_index_rsig,05_shock_index_rsig / without_shock_index_rsig,without_shock_index_rsig,oof_2020_2023,RAW_RECORDED_PREDICTIONS,raw,VALIDATED_COMPUTED,Full inputs excluding source-defined shock_index_rsig,622faa177bc7a5c0a0264d57f4d33dd05051258db8a5647c23291c4a5c87f257,741,"0.958016 [0.931319, 0.979489]","0.402187 [0.284361, 0.534787]",8731,56,0.958015644298065,0.9313192859406448,0.9794887329233002,0.4021866170927075,0.28436070096881494,0.5347869451526613,0.004877240282860747,0.004221022834738645,0.005526187914319064,0.3116883116883117,0.0003436032527774596,0.5,0.5,0.5,0.21428571428571427,0.9989625360230547,0.5714285714285714,0.9949483352468427,12,9,8666,44,ESTIMATED,ESTIMATED,ESTIMATED,c42a4719722ee0c224b5fadf049344c464798fd56614702960c820c014c78731,"Descriptive arm estimate. CI is an individual-arm CI, not a paired-difference CI; no significance claim for a delta. Raw layer; operating point is the recorded P104 comparator rule, not a final clinical threshold.",D:\Codex_分拆Prompt嚴格無到院\outputs\v2\.p104rv\sweep_20260906T171453Z_account-03_v2\t18\r,3fb45540530c8ac3946dc96e8b59d0cef441c00ee63910be850bbdc1361f926f,D:\Codex_分拆Prompt嚴格無到院\outputs\v2\.p104k10\cloud_validation_index_20260906T211456Z\task_surgery__P3__05_shock_index_rsig_validation.json,36a51220b3146af17433e69ef9c863987720a35317ca2e5581646c2911c05b0e
surgery__P3__05_shock_index_rsig,surgery,P3,ablation,05_shock_index_rsig,05_shock_index_rsig / without_shock_index_rsig,without_shock_index_rsig,validation_2024,RAW_RECORDED_PREDICTIONS,raw,VALIDATED_COMPUTED,Full inputs excluding source-defined shock_index_rsig,622faa177bc7a5c0a0264d57f4d33dd05051258db8a5647c23291c4a5c87f257,741,"0.961707 [0.923732, 0.990132]","0.603366 [0.441415, 0.809062]",2712,32,0.9617070895522388,0.9237316146761552,0.9901319234026167,0.603365607652358,0.4414147497005539,0.8090620394645798,0.006038648558340799,0.0042815328277673505,0.007902254865589865,0.6666666666666666,0.005162241887905605,0.5,0.5,0.5,0.5625,0.9985074626865672,0.8181818181818182,0.9947955390334573,18,4,2676,14,ESTIMATED,ESTIMATED,ESTIMATED,8362377c52501bcb78d857c69f7a66e78bcb3e8291d74a36208230b84f828621,"Descriptive arm estimate. CI is an individual-arm CI, not a paired-difference CI; no significance claim for a delta. Raw layer; operating point is the recorded P104 comparator rule, not a final clinical threshold.",D:\Codex_分拆Prompt嚴格無到院\outputs\v2\.p104rv\sweep_20260906T171453Z_account-03_v2\t18\r,3fb45540530c8ac3946dc96e8b59d0cef441c00ee63910be850bbdc1361f926f,D:\Codex_分拆Prompt嚴格無到院\outputs\v2\.p104k10\cloud_validation_index_20260906T211456Z\task_surgery__P3__05_shock_index_rsig_validation.json,36a51220b3146af17433e69ef9c863987720a35317ca2e5581646c2911c05b0e
surgery__P3__06_vital_only_vs_full,surgery,P3,ablation,06_vital_only_vs_full,06_vital_only_vs_full / locked_full,locked_full,oof_2020_2023,RAW_RECORDED_PREDICTIONS,raw,VALIDATED_COMPUTED,Full locked input feature order,d5d5e2d8a0734a0ce9af97a6606994868307c154f09eee30ee788ada6108d568,764,"0.954755 [0.929512, 0.97762]","0.407221 [0.298322, 0.53918]",8731,56,0.9547550432276657,0.9295121651643939,0.9776200052455747,0.4072211387766869,0.29832157638038537,0.5391798597133661,0.00488244309008644,0.0041940273876491015,0.005497360279042777,0.32,0.0005726720879624327,0.5,0.5,0.5,0.21428571428571427,0.999193083573487,0.631578947368421,0.9949494949494949,12,7,8668,44,ESTIMATED,ESTIMATED,ESTIMATED,c42a4719722ee0c224b5fadf049344c464798fd56614702960c820c014c78731,"Descriptive arm estimate. CI is an individual-arm CI, not a paired-difference CI; no significance claim for a delta. Raw layer; operating point is the recorded P104 comparator rule, not a final clinical threshold.",D:\Codex_分拆Prompt嚴格無到院\outputs\v2\.p104rv\sweep_20260906T161352Z_account-04_v3\t18\r,20f98e13064776d78f9465b8ecc7227038094a045e1aff614d4fd82befcdefb2,D:\Codex_分拆Prompt嚴格無到院\outputs\v2\.p104k10\cloud_validation_index_20260906T211456Z\task_surgery__P3__06_vital_only_vs_full_validation.json,905c466488da28ae3b1932d77bd18a6d3c8f2e66e8cd40a767e9478593c5c9c4
surgery__P3__06_vital_only_vs_full,surgery,P3,ablation,06_vital_only_vs_full,06_vital_only_vs_full / locked_full,locked_full,validation_2024,RAW_RECORDED_PREDICTIONS,raw,VALIDATED_COMPUTED,Full locked input feature order,d5d5e2d8a0734a0ce9af97a6606994868307c154f09eee30ee788ada6108d568,764,"0.945021 [0.887101, 0.985259]","0.582494 [0.422066, 0.800266]",2712,32,0.9450209888059702,0.8871011498328525,0.9852588475086468,0.5824944976066049,0.4220661758450076,0.8002660897425761,0.006004757861441242,0.004162317936368274,0.00795209660700344,0.7272727272727273,0.006268436578171091,0.5,0.5,0.5,0.625,0.9988805970149254,0.8695652173913043,0.9955373744886575,20,3,2677,12,ESTIMATED,ESTIMATED,ESTIMATED,8362377c52501bcb78d857c69f7a66e78bcb3e8291d74a36208230b84f828621,"Descriptive arm estimate. CI is an individual-arm CI, not a paired-difference CI; no significance claim for a delta. Raw layer; operating point is the recorded P104 comparator rule, not a final clinical threshold.",D:\Codex_分拆Prompt嚴格無到院\outputs\v2\.p104rv\sweep_20260906T161352Z_account-04_v3\t18\r,20f98e13064776d78f9465b8ecc7227038094a045e1aff614d4fd82befcdefb2,D:\Codex_分拆Prompt嚴格無到院\outputs\v2\.p104k10\cloud_validation_index_20260906T211456Z\task_surgery__P3__06_vital_only_vs_full_validation.json,905c466488da28ae3b1932d77bd18a6d3c8f2e66e8cd40a767e9478593c5c9c4
surgery__P3__06_vital_only_vs_full,surgery,P3,ablation,06_vital_only_vs_full,06_vital_only_vs_full / vital_only,vital_only,oof_2020_2023,RAW_RECORDED_PREDICTIONS,raw,VALIDATED_COMPUTED,Source-defined seven vital inputs,b7159d74cac9585de4a626c67f6e0ab787e218710adc8d4911e7cc0c608ac2c8,7,"0.877069 [0.81671, 0.92595]","0.258649 [0.159237, 0.388069]",8731,56,0.8770687525730751,0.8167097024744259,0.9259500242736556,0.25864873310472103,0.15923708394135438,0.3880694898500473,0.005469045514709306,0.004843484082210438,0.006067713391128683,0.22535211267605634,0.00011453441759248655,0.5,0.5,0.5,0.14285714285714285,0.999193083573487,0.5333333333333333,0.9944928866452502,8,7,8668,48,ESTIMATED,ESTIMATED,ESTIMATED,c42a4719722ee0c224b5fadf049344c464798fd56614702960c820c014c78731,"Descriptive arm estimate. CI is an individual-arm CI, not a paired-difference CI; no significance claim for a delta. Raw layer; operating point is the recorded P104 comparator rule, not a final clinical threshold.",D:\Codex_分拆Prompt嚴格無到院\outputs\v2\.p104rv\sweep_20260906T161352Z_account-04_v3\t18\r,20f98e13064776d78f9465b8ecc7227038094a045e1aff614d4fd82befcdefb2,D:\Codex_分拆Prompt嚴格無到院\outputs\v2\.p104k10\cloud_validation_index_20260906T211456Z\task_surgery__P3__06_vital_only_vs_full_validation.json,905c466488da28ae3b1932d77bd18a6d3c8f2e66e8cd40a767e9478593c5c9c4
surgery__P3__06_vital_only_vs_full,surgery,P3,ablation,06_vital_only_vs_full,06_vital_only_vs_full / vital_only,vital_only,validation_2024,RAW_RECORDED_PREDICTIONS,raw,VALIDATED_COMPUTED,Source-defined seven vital inputs,b7159d74cac9585de4a626c67f6e0ab787e218710adc8d4911e7cc0c608ac2c8,7,"0.909142 [0.842404, 0.967197]","0.550411 [0.397203, 0.71917]",2712,32,0.9091417910447761,0.8424036740845815,0.9671969882873006,0.5504109092710446,0.3972031911373167,0.7191702624610311,0.007403984465726652,0.005901983761219371,0.008888616118665761,0.5833333333333334,0.004424778761061947,0.5,0.5,0.5,0.4375,0.9992537313432835,0.875,0.9933234421364985,14,2,2678,18,ESTIMATED,ESTIMATED,ESTIMATED,8362377c52501bcb78d857c69f7a66e78bcb3e8291d74a36208230b84f828621,"Descriptive arm estimate. CI is an individual-arm CI, not a paired-difference CI; no significance claim for a delta. Raw layer; operating point is the recorded P104 comparator rule, not a final clinical threshold.",D:\Codex_分拆Prompt嚴格無到院\outputs\v2\.p104rv\sweep_20260906T161352Z_account-04_v3\t18\r,20f98e13064776d78f9465b8ecc7227038094a045e1aff614d4fd82befcdefb2,D:\Codex_分拆Prompt嚴格無到院\outputs\v2\.p104k10\cloud_validation_index_20260906T211456Z\task_surgery__P3__06_vital_only_vs_full_validation.json,905c466488da28ae3b1932d77bd18a6d3c8f2e66e8cd40a767e9478593c5c9c4
surgery__P3__07_logistic_vs_xgboost,surgery,P3,ablation,07_logistic_vs_xgboost,07_logistic_vs_xgboost / logistic_l2,logistic_l2,oof_2020_2023,RAW_RECORDED_PREDICTIONS,raw,VALIDATED_COMPUTED,Full locked input feature order,d5d5e2d8a0734a0ce9af97a6606994868307c154f09eee30ee788ada6108d568,764,"0.799068 [0.708693, 0.875317]","0.235138 [0.137633, 0.361721]",8731,56,0.7990675174969123,0.7086933211399374,0.8753170646624958,0.2351381637489498,0.1376330859732103,0.3617214167554246,0.014314540260650158,0.012382798041165783,0.01638101938078496,0.2436548223350254,-0.010651700836101249,0.5,0.5,0.5,0.42857142857142855,0.9865129682997118,0.1702127659574468,0.9962747380675204,24,117,8558,32,ESTIMATED,ESTIMATED,ESTIMATED,c42a4719722ee0c224b5fadf049344c464798fd56614702960c820c014c78731,"Descriptive arm estimate. CI is an individual-arm CI, not a paired-difference CI; no significance claim for a delta. Raw layer; operating point is the recorded P104 comparator rule, not a final clinical threshold.",D:\Codex_分拆Prompt嚴格無到院\outputs\v2\.p104k10\failed_revalidation_20260906T211456Z\f11\repo\outputs\v2\specialty_opname_v1\p1_04_extension_20260905\runs\surgery__P3__07_logistic_vs_xgboost,302aa6550d19d90a5067758427e80be25c520660c48d67f49a2bc6ca4c208f12,D:\Codex_分拆Prompt嚴格無到院\outputs\v2\.p104k10\cloud_validation_index_20260906T211456Z\task_surgery__P3__07_logistic_vs_xgboost_validation.json,0ac25dad6935e2aadbe4e277fb430b418a87ba11f1ceacfef3e9f1f2d38cd6e2
surgery__P3__07_logistic_vs_xgboost,surgery,P3,ablation,07_logistic_vs_xgboost,07_logistic_vs_xgboost / logistic_l2,logistic_l2,validation_2024,RAW_RECORDED_PREDICTIONS,raw,VALIDATED_COMPUTED,Full locked input feature order,d5d5e2d8a0734a0ce9af97a6606994868307c154f09eee30ee788ada6108d568,764,"0.801026 [0.676628, 0.909603]","0.399947 [0.249463, 0.596437]",2712,32,0.8010261194029851,0.6766281264780424,0.9096030286830228,0.39994729105623145,0.24946348379088498,0.5964369487386042,0.023515275775891874,0.01866302309704107,0.028538316855792046,0.35,-0.01696165191740413,0.5,0.5,0.5,0.65625,0.975,0.23863636363636365,0.9958079268292683,21,67,2613,11,ESTIMATED,ESTIMATED,ESTIMATED,8362377c52501bcb78d857c69f7a66e78bcb3e8291d74a36208230b84f828621,"Descriptive arm estimate. CI is an individual-arm CI, not a paired-difference CI; no significance claim for a delta. Raw layer; operating point is the recorded P104 comparator rule, not a final clinical threshold.",D:\Codex_分拆Prompt嚴格無到院\outputs\v2\.p104k10\failed_revalidation_20260906T211456Z\f11\repo\outputs\v2\specialty_opname_v1\p1_04_extension_20260905\runs\surgery__P3__07_logistic_vs_xgboost,302aa6550d19d90a5067758427e80be25c520660c48d67f49a2bc6ca4c208f12,D:\Codex_分拆Prompt嚴格無到院\outputs\v2\.p104k10\cloud_validation_index_20260906T211456Z\task_surgery__P3__07_logistic_vs_xgboost_validation.json,0ac25dad6935e2aadbe4e277fb430b418a87ba11f1ceacfef3e9f1f2d38cd6e2
surgery__P3__07_logistic_vs_xgboost,surgery,P3,ablation,07_logistic_vs_xgboost,07_logistic_vs_xgboost / xgboost,xgboost,oof_2020_2023,RAW_RECORDED_PREDICTIONS,raw,VALIDATED_COMPUTED,Full locked input feature order,d5d5e2d8a0734a0ce9af97a6606994868307c154f09eee30ee788ada6108d568,764,"0.960276 [0.935227, 0.980147]","0.358301 [0.252899, 0.485027]",8731,56,0.9602758336764099,0.9352268572235324,0.9801469983354223,0.35830109661079,0.25289883498181304,0.4850270404739834,0.005450359139896628,0.004619192880065163,0.006297160179966816,0.3076923076923077,-0.0008017409231474057,0.5,0.5,0.5,0.25,0.997579250720461,0.4,0.9951701931922723,14,21,8654,42,ESTIMATED,ESTIMATED,ESTIMATED,c42a4719722ee0c224b5fadf049344c464798fd56614702960c820c014c78731,"Descriptive arm estimate. CI is an individual-arm CI, not a paired-difference CI; no significance claim for a delta. Raw layer; operating point is the recorded P104 comparator rule, not a final clinical threshold.",D:\Codex_分拆Prompt嚴格無到院\outputs\v2\.p104k10\failed_revalidation_20260906T211456Z\f11\repo\outputs\v2\specialty_opname_v1\p1_04_extension_20260905\runs\surgery__P3__07_logistic_vs_xgboost,302aa6550d19d90a5067758427e80be25c520660c48d67f49a2bc6ca4c208f12,D:\Codex_分拆Prompt嚴格無到院\outputs\v2\.p104k10\cloud_validation_index_20260906T211456Z\task_surgery__P3__07_logistic_vs_xgboost_validation.json,0ac25dad6935e2aadbe4e277fb430b418a87ba11f1ceacfef3e9f1f2d38cd6e2
surgery__P3__07_logistic_vs_xgboost,surgery,P3,ablation,07_logistic_vs_xgboost,07_logistic_vs_xgboost / xgboost,xgboost,validation_2024,RAW_RECORDED_PREDICTIONS,raw,VALIDATED_COMPUTED,Full locked input feature order,d5d5e2d8a0734a0ce9af97a6606994868307c154f09eee30ee788ada6108d568,764,"0.937605 [0.889981, 0.977549]","0.508163 [0.349432, 0.712053]",2712,32,0.9376049440298508,0.8899814510170163,0.977548592225244,0.5081627129670407,0.3494315412961039,0.7120527479235125,0.008053234113404653,0.005595236823400738,0.010772271100440583,0.6060606060606061,0.0022123893805309734,0.5,0.5,0.5,0.625,0.994776119402985,0.5882352941176471,0.9955190440627334,20,14,2666,12,ESTIMATED,ESTIMATED,ESTIMATED,8362377c52501bcb78d857c69f7a66e78bcb3e8291d74a36208230b84f828621,"Descriptive arm estimate. CI is an individual-arm CI, not a paired-difference CI; no significance claim for a delta. Raw layer; operating point is the recorded P104 comparator rule, not a final clinical threshold.",D:\Codex_分拆Prompt嚴格無到院\outputs\v2\.p104k10\failed_revalidation_20260906T211456Z\f11\repo\outputs\v2\specialty_opname_v1\p1_04_extension_20260905\runs\surgery__P3__07_logistic_vs_xgboost,302aa6550d19d90a5067758427e80be25c520660c48d67f49a2bc6ca4c208f12,D:\Codex_分拆Prompt嚴格無到院\outputs\v2\.p104k10\cloud_validation_index_20260906T211456Z\task_surgery__P3__07_logistic_vs_xgboost_validation.json,0ac25dad6935e2aadbe4e277fb430b418a87ba11f1ceacfef3e9f1f2d38cd6e2
surgery__P3__08_median_vs_knn,surgery,P3,ablation,08_median_vs_knn,08_median_vs_knn / knn,knn,oof_2020_2023,RAW_RECORDED_PREDICTIONS,raw,VALIDATED_COMPUTED,Full locked input feature order,d5d5e2d8a0734a0ce9af97a6606994868307c154f09eee30ee788ada6108d568,764,"0.957079 [0.925736, 0.979008]","0.407115 [0.292413, 0.538741]",8731,56,0.957079044874434,0.9257361625589924,0.9790079198458117,0.4071149369716536,0.29241266136504057,0.5387410406799313,0.0048661357196671425,0.00419591626591121,0.005512217605692934,0.32,0.0005726720879624327,0.5,0.5,0.5,0.21428571428571427,0.999193083573487,0.631578947368421,0.9949494949494949,12,7,8668,44,ESTIMATED,ESTIMATED,ESTIMATED,c42a4719722ee0c224b5fadf049344c464798fd56614702960c820c014c78731,"Descriptive arm estimate. CI is an individual-arm CI, not a paired-difference CI; no significance claim for a delta. Raw layer; operating point is the recorded P104 comparator rule, not a final clinical threshold.",D:\Codex_分拆Prompt嚴格無到院\outputs\v2\.p104rv\sweep_20260906T151250Z_account-06_v2\t18\r,40cb018b73d349226abcf5d055579a09deb9cd81d74905acc42649410318860c,D:\Codex_分拆Prompt嚴格無到院\outputs\v2\.p104k10\cloud_validation_index_20260906T211456Z\task_surgery__P3__08_median_vs_knn_validation.json,2388f3a5facffcc6aa10c2df2d067a64c952adeb09672ec4ade1ef830c510039
surgery__P3__08_median_vs_knn,surgery,P3,ablation,08_median_vs_knn,08_median_vs_knn / knn,knn,validation_2024,RAW_RECORDED_PREDICTIONS,raw,VALIDATED_COMPUTED,Full locked input feature order,d5d5e2d8a0734a0ce9af97a6606994868307c154f09eee30ee788ada6108d568,764,"0.953848 [0.911925, 0.986639]","0.593174 [0.42947, 0.80069]",2712,32,0.953847947761194,0.9119253596495245,0.986638844486864,0.5931743787771862,0.4294702925919927,0.8006904077321533,0.005908592934009555,0.0041236334488242475,0.007914189416720466,0.75,0.00663716814159292,0.5,0.5,0.5,0.65625,0.9988805970149254,0.875,0.9959077380952381,21,3,2677,11,ESTIMATED,ESTIMATED,ESTIMATED,8362377c52501bcb78d857c69f7a66e78bcb3e8291d74a36208230b84f828621,"Descriptive arm estimate. CI is an individual-arm CI, not a paired-difference CI; no significance claim for a delta. Raw layer; operating point is the recorded P104 comparator rule, not a final clinical threshold.",D:\Codex_分拆Prompt嚴格無到院\outputs\v2\.p104rv\sweep_20260906T151250Z_account-06_v2\t18\r,40cb018b73d349226abcf5d055579a09deb9cd81d74905acc42649410318860c,D:\Codex_分拆Prompt嚴格無到院\outputs\v2\.p104k10\cloud_validation_index_20260906T211456Z\task_surgery__P3__08_median_vs_knn_validation.json,2388f3a5facffcc6aa10c2df2d067a64c952adeb09672ec4ade1ef830c510039
surgery__P3__08_median_vs_knn,surgery,P3,ablation,08_median_vs_knn,08_median_vs_knn / median,median,oof_2020_2023,RAW_RECORDED_PREDICTIONS,raw,VALIDATED_COMPUTED,Full locked input feature order,d5d5e2d8a0734a0ce9af97a6606994868307c154f09eee30ee788ada6108d568,764,"0.954755 [0.927462, 0.978106]","0.407221 [0.292893, 0.545185]",8731,56,0.9547550432276657,0.9274617097467021,0.9781057510700663,0.4072211387766869,0.29289296046047986,0.5451845743727286,0.00488244309008644,0.004199826830803488,0.005516251815797633,0.32,0.0005726720879624327,0.5,0.5,0.5,0.21428571428571427,0.999193083573487,0.631578947368421,0.9949494949494949,12,7,8668,44,ESTIMATED,ESTIMATED,ESTIMATED,c42a4719722ee0c224b5fadf049344c464798fd56614702960c820c014c78731,"Descriptive arm estimate. CI is an individual-arm CI, not a paired-difference CI; no significance claim for a delta. Raw layer; operating point is the recorded P104 comparator rule, not a final clinical threshold.",D:\Codex_分拆Prompt嚴格無到院\outputs\v2\.p104rv\sweep_20260906T151250Z_account-06_v2\t18\r,40cb018b73d349226abcf5d055579a09deb9cd81d74905acc42649410318860c,D:\Codex_分拆Prompt嚴格無到院\outputs\v2\.p104k10\cloud_validation_index_20260906T211456Z\task_surgery__P3__08_median_vs_knn_validation.json,2388f3a5facffcc6aa10c2df2d067a64c952adeb09672ec4ade1ef830c510039
surgery__P3__08_median_vs_knn,surgery,P3,ablation,08_median_vs_knn,08_median_vs_knn / median,median,validation_2024,RAW_RECORDED_PREDICTIONS,raw,VALIDATED_COMPUTED,Full locked input feature order,d5d5e2d8a0734a0ce9af97a6606994868307c154f09eee30ee788ada6108d568,764,"0.945021 [0.88572, 0.985447]","0.582494 [0.417668, 0.795182]",2712,32,0.9450209888059702,0.8857202156781298,0.9854470476084217,0.5824944976066049,0.41766849901715547,0.795181557295045,0.006004757861441242,0.004230355787302581,0.008015689811960323,0.7272727272727273,0.006268436578171091,0.5,0.5,0.5,0.625,0.9988805970149254,0.8695652173913043,0.9955373744886575,20,3,2677,12,ESTIMATED,ESTIMATED,ESTIMATED,8362377c52501bcb78d857c69f7a66e78bcb3e8291d74a36208230b84f828621,"Descriptive arm estimate. CI is an individual-arm CI, not a paired-difference CI; no significance claim for a delta. Raw layer; operating point is the recorded P104 comparator rule, not a final clinical threshold.",D:\Codex_分拆Prompt嚴格無到院\outputs\v2\.p104rv\sweep_20260906T151250Z_account-06_v2\t18\r,40cb018b73d349226abcf5d055579a09deb9cd81d74905acc42649410318860c,D:\Codex_分拆Prompt嚴格無到院\outputs\v2\.p104k10\cloud_validation_index_20260906T211456Z\task_surgery__P3__08_median_vs_knn_validation.json,2388f3a5facffcc6aa10c2df2d067a64c952adeb09672ec4ade1ef830c510039
surgery__P3__09_class_weight_smotenc_threshold,surgery,P3,ablation,09_class_weight_smotenc_threshold,09_class_weight_smotenc_threshold / class_weight,class_weight,oof_2020_2023,RAW_RECORDED_PREDICTIONS,raw,VALIDATED_COMPUTED,Full locked input feature order,d5d5e2d8a0734a0ce9af97a6606994868307c154f09eee30ee788ada6108d568,764,"0.799068 [0.708535, 0.877696]","0.235138 [0.134723, 0.365817]",8731,56,0.7990675174969123,0.708535195629953,0.877695522179055,0.2351381637489498,0.13472322326349592,0.3658166836080423,0.014314540260650158,0.012235737801255326,0.016346817340816597,0.2436548223350254,-0.010651700836101249,0.5,0.5,0.5,0.42857142857142855,0.9865129682997118,0.1702127659574468,0.9962747380675204,24,117,8558,32,ESTIMATED,ESTIMATED,ESTIMATED,c42a4719722ee0c224b5fadf049344c464798fd56614702960c820c014c78731,"Descriptive arm estimate. CI is an individual-arm CI, not a paired-difference CI; no significance claim for a delta. Raw layer; operating point is the recorded P104 comparator rule, not a final clinical threshold.",D:\Codex_分拆Prompt嚴格無到院\outputs\v2\specialty_opname_v1\p1_04_extension_20260905\runs\surgery__P3__09_class_weight_smotenc_threshold,24a287039fcd71ab10cf486973b970cd1f6ad0911f4fe3e1edf5928d4866ad8a,D:\Codex_分拆Prompt嚴格無到院\outputs\v2\specialty_opname_v1\p1_04_extension_20260905\local_dispatch_full\validations\surgery__P3__09_class_weight_smotenc_threshold\24a287039fcd71ab_3c510f4d0008.report.json,4047158e0968c24f4a57119e8fec0aabc68775e1dd96cbec30f63b7da1c4d718
surgery__P3__09_class_weight_smotenc_threshold,surgery,P3,ablation,09_class_weight_smotenc_threshold,09_class_weight_smotenc_threshold / class_weight,class_weight,validation_2024,RAW_RECORDED_PREDICTIONS,raw,VALIDATED_COMPUTED,Full locked input feature order,d5d5e2d8a0734a0ce9af97a6606994868307c154f09eee30ee788ada6108d568,764,"0.801026 [0.682942, 0.907518]","0.399947 [0.243458, 0.592422]",2712,32,0.8010261194029851,0.6829424560154039,0.907518247323975,0.39994729105623145,0.24345844515874684,0.592421993982072,0.023515275775891874,0.018995299608458627,0.028596078310276652,0.35,-0.01696165191740413,0.5,0.5,0.5,0.65625,0.975,0.23863636363636365,0.9958079268292683,21,67,2613,11,ESTIMATED,ESTIMATED,ESTIMATED,8362377c52501bcb78d857c69f7a66e78bcb3e8291d74a36208230b84f828621,"Descriptive arm estimate. CI is an individual-arm CI, not a paired-difference CI; no significance claim for a delta. Raw layer; operating point is the recorded P104 comparator rule, not a final clinical threshold.",D:\Codex_分拆Prompt嚴格無到院\outputs\v2\specialty_opname_v1\p1_04_extension_20260905\runs\surgery__P3__09_class_weight_smotenc_threshold,24a287039fcd71ab10cf486973b970cd1f6ad0911f4fe3e1edf5928d4866ad8a,D:\Codex_分拆Prompt嚴格無到院\outputs\v2\specialty_opname_v1\p1_04_extension_20260905\local_dispatch_full\validations\surgery__P3__09_class_weight_smotenc_threshold\24a287039fcd71ab_3c510f4d0008.report.json,4047158e0968c24f4a57119e8fec0aabc68775e1dd96cbec30f63b7da1c4d718
surgery__P3__09_class_weight_smotenc_threshold,surgery,P3,ablation,09_class_weight_smotenc_threshold,09_class_weight_smotenc_threshold / smotenc,smotenc,oof_2020_2023,RAW_RECORDED_PREDICTIONS,raw,VALIDATED_COMPUTED,Full locked input feature order,d5d5e2d8a0734a0ce9af97a6606994868307c154f09eee30ee788ada6108d568,764,"0.851908 [0.786512, 0.911997]","0.223285 [0.129834, 0.356014]",8731,56,0.8519081926718814,0.7865123409793173,0.9119966852936324,0.2232850392198362,0.12983433507972963,0.35601355804657214,0.008852199547861693,0.0073490811184027845,0.010400770924490241,0.2992125984251969,-0.003779635780552056,0.5,0.5,0.5,0.3392857142857143,0.9940057636887608,0.2676056338028169,0.9957274826789838,19,52,8623,37,ESTIMATED,ESTIMATED,ESTIMATED,c42a4719722ee0c224b5fadf049344c464798fd56614702960c820c014c78731,"Descriptive arm estimate. CI is an individual-arm CI, not a paired-difference CI; no significance claim for a delta. Raw layer; operating point is the recorded P104 comparator rule, not a final clinical threshold.",D:\Codex_分拆Prompt嚴格無到院\outputs\v2\specialty_opname_v1\p1_04_extension_20260905\runs\surgery__P3__09_class_weight_smotenc_threshold,24a287039fcd71ab10cf486973b970cd1f6ad0911f4fe3e1edf5928d4866ad8a,D:\Codex_分拆Prompt嚴格無到院\outputs\v2\specialty_opname_v1\p1_04_extension_20260905\local_dispatch_full\validations\surgery__P3__09_class_weight_smotenc_threshold\24a287039fcd71ab_3c510f4d0008.report.json,4047158e0968c24f4a57119e8fec0aabc68775e1dd96cbec30f63b7da1c4d718
surgery__P3__09_class_weight_smotenc_threshold,surgery,P3,ablation,09_class_weight_smotenc_threshold,09_class_weight_smotenc_threshold / smotenc,smotenc,validation_2024,RAW_RECORDED_PREDICTIONS,raw,VALIDATED_COMPUTED,Full locked input feature order,d5d5e2d8a0734a0ce9af97a6606994868307c154f09eee30ee788ada6108d568,764,"0.845085 [0.754973, 0.926689]","0.445112 [0.271088, 0.646474]",2712,32,0.8450851212686568,0.7549734291164895,0.9266886256532287,0.44511178110129224,0.27108800908520725,0.646474347822438,0.014283114437302699,0.010960994646969046,0.018107506350004143,0.4,-0.0058997050147492625,0.5,0.5,0.5,0.5,0.9880597014925373,0.3333333333333333,0.993993993993994,16,32,2648,16,ESTIMATED,ESTIMATED,ESTIMATED,8362377c52501bcb78d857c69f7a66e78bcb3e8291d74a36208230b84f828621,"Descriptive arm estimate. CI is an individual-arm CI, not a paired-difference CI; no significance claim for a delta. Raw layer; operating point is the recorded P104 comparator rule, not a final clinical threshold.",D:\Codex_分拆Prompt嚴格無到院\outputs\v2\specialty_opname_v1\p1_04_extension_20260905\runs\surgery__P3__09_class_weight_smotenc_threshold,24a287039fcd71ab10cf486973b970cd1f6ad0911f4fe3e1edf5928d4866ad8a,D:\Codex_分拆Prompt嚴格無到院\outputs\v2\specialty_opname_v1\p1_04_extension_20260905\local_dispatch_full\validations\surgery__P3__09_class_weight_smotenc_threshold\24a287039fcd71ab_3c510f4d0008.report.json,4047158e0968c24f4a57119e8fec0aabc68775e1dd96cbec30f63b7da1c4d718
surgery__P3__09_class_weight_smotenc_threshold,surgery,P3,ablation,09_class_weight_smotenc_threshold,09_class_weight_smotenc_threshold / threshold_shift,threshold_shift,oof_2020_2023,RAW_RECORDED_PREDICTIONS,raw,VALIDATED_COMPUTED,Full locked input feature order,d5d5e2d8a0734a0ce9af97a6606994868307c154f09eee30ee788ada6108d568,764,"0.795835 [0.703448, 0.878187]","0.226912 [0.141508, 0.364656]",8731,56,0.7958347056401811,0.7034481136581554,0.8781873079894388,0.22691199429770212,0.14150842211962175,0.3646564800721062,0.0077520046507968034,0.006510834153232253,0.00909029834874895,0.3076923076923077,0.0005207509613061326,0.21000290441086364,0.18249713640413684,0.24782187628894117,0.39285714285714285,0.992507204610951,0.25287356321839083,0.9960666358167515,22,65,8610,34,ESTIMATED,ESTIMATED,ESTIMATED,c42a4719722ee0c224b5fadf049344c464798fd56614702960c820c014c78731,"Descriptive arm estimate. CI is an individual-arm CI, not a paired-difference CI; no significance claim for a delta. Raw layer; operating point is the recorded P104 comparator rule, not a final clinical threshold.",D:\Codex_分拆Prompt嚴格無到院\outputs\v2\specialty_opname_v1\p1_04_extension_20260905\runs\surgery__P3__09_class_weight_smotenc_threshold,24a287039fcd71ab10cf486973b970cd1f6ad0911f4fe3e1edf5928d4866ad8a,D:\Codex_分拆Prompt嚴格無到院\outputs\v2\specialty_opname_v1\p1_04_extension_20260905\local_dispatch_full\validations\surgery__P3__09_class_weight_smotenc_threshold\24a287039fcd71ab_3c510f4d0008.report.json,4047158e0968c24f4a57119e8fec0aabc68775e1dd96cbec30f63b7da1c4d718
surgery__P3__09_class_weight_smotenc_threshold,surgery,P3,ablation,09_class_weight_smotenc_threshold,09_class_weight_smotenc_threshold / threshold_shift,threshold_shift,validation_2024,RAW_RECORDED_PREDICTIONS,raw,VALIDATED_COMPUTED,Full locked input feature order,d5d5e2d8a0734a0ce9af97a6606994868307c154f09eee30ee788ada6108d568,764,"0.807713 [0.684272, 0.91576]","0.424255 [0.267072, 0.628697]",2712,32,0.8077133861940298,0.6842721026023347,0.9157596254992935,0.4242553730927182,0.2670716727414489,0.6286968208488082,0.010394342161384506,0.0074781213105037355,0.013431786086068232,0.4691358024691358,0.0032619899538339644,0.25286681066244654,0.25286681066244654,0.25286681066244654,0.59375,0.9888059701492538,0.3877551020408163,0.9951182876455126,19,30,2650,13,ESTIMATED,ESTIMATED,ESTIMATED,8362377c52501bcb78d857c69f7a66e78bcb3e8291d74a36208230b84f828621,"Descriptive arm estimate. CI is an individual-arm CI, not a paired-difference CI; no significance claim for a delta. Raw layer; operating point is the recorded P104 comparator rule, not a final clinical threshold.",D:\Codex_分拆Prompt嚴格無到院\outputs\v2\specialty_opname_v1\p1_04_extension_20260905\runs\surgery__P3__09_class_weight_smotenc_threshold,24a287039fcd71ab10cf486973b970cd1f6ad0911f4fe3e1edf5928d4866ad8a,D:\Codex_分拆Prompt嚴格無到院\outputs\v2\specialty_opname_v1\p1_04_extension_20260905\local_dispatch_full\validations\surgery__P3__09_class_weight_smotenc_threshold\24a287039fcd71ab_3c510f4d0008.report.json,4047158e0968c24f4a57119e8fec0aabc68775e1dd96cbec30f63b7da1c4d718
surgery__P3__10_prehospital_vs_ed_early,surgery,P3,ablation,10_prehospital_vs_ed_early,10_prehospital_vs_ed_early / locked_full,locked_full,oof_2020_2023,RAW_RECORDED_PREDICTIONS,raw,VALIDATED_COMPUTED,Full locked input feature order,d5d5e2d8a0734a0ce9af97a6606994868307c154f09eee30ee788ada6108d568,764,"0.954755 [0.929512, 0.97762]","0.407221 [0.298322, 0.53918]",8731,56,0.9547550432276657,0.9295121651643939,0.9776200052455747,0.4072211387766869,0.29832157638038537,0.5391798597133661,0.00488244309008644,0.0041940273876491015,0.005497360279042777,0.32,0.0005726720879624327,0.5,0.5,0.5,0.21428571428571427,0.999193083573487,0.631578947368421,0.9949494949494949,12,7,8668,44,ESTIMATED,ESTIMATED,ESTIMATED,c42a4719722ee0c224b5fadf049344c464798fd56614702960c820c014c78731,"Descriptive arm estimate. CI is an individual-arm CI, not a paired-difference CI; no significance claim for a delta. Raw layer; operating point is the recorded P104 comparator rule, not a final clinical threshold.",D:\Codex_分拆Prompt嚴格無到院\outputs\v2\.p104rv\sweep_20260906T171453Z_account-07_v2\t18\r,b4c37accf82a5a3538fa08f4a166b10063953f50b92e35c3531b963a3daf7c57,D:\Codex_分拆Prompt嚴格無到院\outputs\v2\.p104k10\cloud_validation_index_20260906T211456Z\task_surgery__P3__10_prehospital_vs_ed_early_validation.json,0c38209c0e34b468faaf0fd3d5a34b00ea3fbff238d46081b9d3520ed1c9fa06
surgery__P3__10_prehospital_vs_ed_early,surgery,P3,ablation,10_prehospital_vs_ed_early,10_prehospital_vs_ed_early / locked_full,locked_full,validation_2024,RAW_RECORDED_PREDICTIONS,raw,VALIDATED_COMPUTED,Full locked input feature order,d5d5e2d8a0734a0ce9af97a6606994868307c154f09eee30ee788ada6108d568,764,"0.945021 [0.887101, 0.985259]","0.582494 [0.422066, 0.800266]",2712,32,0.9450209888059702,0.8871011498328525,0.9852588475086468,0.5824944976066049,0.4220661758450076,0.8002660897425761,0.006004757861441242,0.004162317936368274,0.00795209660700344,0.7272727272727273,0.006268436578171091,0.5,0.5,0.5,0.625,0.9988805970149254,0.8695652173913043,0.9955373744886575,20,3,2677,12,ESTIMATED,ESTIMATED,ESTIMATED,8362377c52501bcb78d857c69f7a66e78bcb3e8291d74a36208230b84f828621,"Descriptive arm estimate. CI is an individual-arm CI, not a paired-difference CI; no significance claim for a delta. Raw layer; operating point is the recorded P104 comparator rule, not a final clinical threshold.",D:\Codex_分拆Prompt嚴格無到院\outputs\v2\.p104rv\sweep_20260906T171453Z_account-07_v2\t18\r,b4c37accf82a5a3538fa08f4a166b10063953f50b92e35c3531b963a3daf7c57,D:\Codex_分拆Prompt嚴格無到院\outputs\v2\.p104k10\cloud_validation_index_20260906T211456Z\task_surgery__P3__10_prehospital_vs_ed_early_validation.json,0c38209c0e34b468faaf0fd3d5a34b00ea3fbff238d46081b9d3520ed1c9fa06
surgery__P3__10_prehospital_vs_ed_early,surgery,P3,ablation,10_prehospital_vs_ed_early,10_prehospital_vs_ed_early / plus_ed_early,plus_ed_early,oof_2020_2023,RAW_RECORDED_PREDICTIONS,raw,VALIDATED_COMPUTED,Full prehospital inputs plus separately labelled ED-early comparator inputs,a13b2333d99c92de94917b98c1bf5db5969fce60a635c467dff6a04ee3da0e03,790,"0.957026 [0.929093, 0.979501]","0.400423 [0.292152, 0.539937]",8731,56,0.9570255249073691,0.9290932186462242,0.9795012761009946,0.4004227017024475,0.29215194923906207,0.5399370499781059,0.004895143734169183,0.004246826461150432,0.005478792233721028,0.2535211267605634,0.0003436032527774596,0.5,0.5,0.5,0.16071428571428573,0.9993083573487032,0.6,0.9946076181734741,9,6,8669,47,ESTIMATED,ESTIMATED,ESTIMATED,c42a4719722ee0c224b5fadf049344c464798fd56614702960c820c014c78731,"Descriptive arm estimate. CI is an individual-arm CI, not a paired-difference CI; no significance claim for a delta. Raw layer; operating point is the recorded P104 comparator rule, not a final clinical threshold.",D:\Codex_分拆Prompt嚴格無到院\outputs\v2\.p104rv\sweep_20260906T171453Z_account-07_v2\t18\r,b4c37accf82a5a3538fa08f4a166b10063953f50b92e35c3531b963a3daf7c57,D:\Codex_分拆Prompt嚴格無到院\outputs\v2\.p104k10\cloud_validation_index_20260906T211456Z\task_surgery__P3__10_prehospital_vs_ed_early_validation.json,0c38209c0e34b468faaf0fd3d5a34b00ea3fbff238d46081b9d3520ed1c9fa06
surgery__P3__10_prehospital_vs_ed_early,surgery,P3,ablation,10_prehospital_vs_ed_early,10_prehospital_vs_ed_early / plus_ed_early,plus_ed_early,validation_2024,RAW_RECORDED_PREDICTIONS,raw,VALIDATED_COMPUTED,Full prehospital inputs plus separately labelled ED-early comparator inputs,a13b2333d99c92de94917b98c1bf5db5969fce60a635c467dff6a04ee3da0e03,790,"0.940823 [0.885713, 0.983419]","0.559033 [0.414691, 0.777652]",2712,32,0.9408232276119403,0.885713328682005,0.9834191019524285,0.5590325157689886,0.4146910361742317,0.7776523967630801,0.006048169428382703,0.004144815111357728,0.007933268223384702,0.6666666666666666,0.005162241887905605,0.5,0.5,0.5,0.5625,0.9985074626865672,0.8181818181818182,0.9947955390334573,18,4,2676,14,ESTIMATED,ESTIMATED,ESTIMATED,8362377c52501bcb78d857c69f7a66e78bcb3e8291d74a36208230b84f828621,"Descriptive arm estimate. CI is an individual-arm CI, not a paired-difference CI; no significance claim for a delta. Raw layer; operating point is the recorded P104 comparator rule, not a final clinical threshold.",D:\Codex_分拆Prompt嚴格無到院\outputs\v2\.p104rv\sweep_20260906T171453Z_account-07_v2\t18\r,b4c37accf82a5a3538fa08f4a166b10063953f50b92e35c3531b963a3daf7c57,D:\Codex_分拆Prompt嚴格無到院\outputs\v2\.p104k10\cloud_validation_index_20260906T211456Z\task_surgery__P3__10_prehospital_vs_ed_early_validation.json,0c38209c0e34b468faaf0fd3d5a34b00ea3fbff238d46081b9d3520ed1c9fa06
surgery__P3__11_collaborator_variables,surgery,P3,ablation,11_collaborator_variables,11_collaborator_variables / locked_full,locked_full,oof_2020_2023,RAW_RECORDED_PREDICTIONS,raw,VALIDATED_COMPUTED,Full locked input feature order,d5d5e2d8a0734a0ce9af97a6606994868307c154f09eee30ee788ada6108d568,764,"0.954755 [0.929512, 0.97762]","0.407221 [0.298322, 0.53918]",8731,56,0.9547550432276657,0.9295121651643939,0.9776200052455747,0.4072211387766869,0.29832157638038537,0.5391798597133661,0.00488244309008644,0.0041940273876491015,0.005497360279042777,0.32,0.0005726720879624327,0.5,0.5,0.5,0.21428571428571427,0.999193083573487,0.631578947368421,0.9949494949494949,12,7,8668,44,ESTIMATED,ESTIMATED,ESTIMATED,c42a4719722ee0c224b5fadf049344c464798fd56614702960c820c014c78731,"Descriptive arm estimate. CI is an individual-arm CI, not a paired-difference CI; no significance claim for a delta. Raw layer; operating point is the recorded P104 comparator rule, not a final clinical threshold.",D:\Codex_分拆Prompt嚴格無到院\outputs\v2\.p104rv\sweep_20260906T171453Z_account-08_v2\t18\r,bd1098468a6d844aa072c158f0d319ddac445ace8ff122561a8974b05ff7093e,D:\Codex_分拆Prompt嚴格無到院\outputs\v2\.p104k10\cloud_validation_index_20260906T211456Z\task_surgery__P3__11_collaborator_variables_validation.json,29e194d19ec7b7df02c5b9fee8ed1e99596817a4aad8e4e787cf53a1612427e5
surgery__P3__11_collaborator_variables,surgery,P3,ablation,11_collaborator_variables,11_collaborator_variables / locked_full,locked_full,validation_2024,RAW_RECORDED_PREDICTIONS,raw,VALIDATED_COMPUTED,Full locked input feature order,d5d5e2d8a0734a0ce9af97a6606994868307c154f09eee30ee788ada6108d568,764,"0.945021 [0.887101, 0.985259]","0.582494 [0.422066, 0.800266]",2712,32,0.9450209888059702,0.8871011498328525,0.9852588475086468,0.5824944976066049,0.4220661758450076,0.8002660897425761,0.006004757861441242,0.004162317936368274,0.00795209660700344,0.7272727272727273,0.006268436578171091,0.5,0.5,0.5,0.625,0.9988805970149254,0.8695652173913043,0.9955373744886575,20,3,2677,12,ESTIMATED,ESTIMATED,ESTIMATED,8362377c52501bcb78d857c69f7a66e78bcb3e8291d74a36208230b84f828621,"Descriptive arm estimate. CI is an individual-arm CI, not a paired-difference CI; no significance claim for a delta. Raw layer; operating point is the recorded P104 comparator rule, not a final clinical threshold.",D:\Codex_分拆Prompt嚴格無到院\outputs\v2\.p104rv\sweep_20260906T171453Z_account-08_v2\t18\r,bd1098468a6d844aa072c158f0d319ddac445ace8ff122561a8974b05ff7093e,D:\Codex_分拆Prompt嚴格無到院\outputs\v2\.p104k10\cloud_validation_index_20260906T211456Z\task_surgery__P3__11_collaborator_variables_validation.json,29e194d19ec7b7df02c5b9fee8ed1e99596817a4aad8e4e787cf53a1612427e5
surgery__P3__11_collaborator_variables,surgery,P3,ablation,11_collaborator_variables,11_collaborator_variables / without_collaborator_variables_exact,without_collaborator_variables_exact,oof_2020_2023,RAW_RECORDED_PREDICTIONS,raw,VALIDATED_COMPUTED,Full inputs excluding source-defined collaborator_variables_exact,b99f46275695791d2b4760ac050107910386b57ca1ee6453e725319cacf616b2,754,"0.94536 [0.91384, 0.973775]","0.402555 [0.28781, 0.538072]",8731,56,0.9453602305475504,0.9138401390129015,0.9737753762873931,0.40255506470765023,0.28781046883196737,0.5380722236305671,0.004854005174870376,0.0042342830803751815,0.005477644405906266,0.3055555555555556,0.0006872065055549192,0.5,0.5,0.5,0.19642857142857142,0.9994236311239193,0.6875,0.9948364888123924,11,5,8670,45,ESTIMATED,ESTIMATED,ESTIMATED,c42a4719722ee0c224b5fadf049344c464798fd56614702960c820c014c78731,"Descriptive arm estimate. CI is an individual-arm CI, not a paired-difference CI; no significance claim for a delta. Raw layer; operating point is the recorded P104 comparator rule, not a final clinical threshold.",D:\Codex_分拆Prompt嚴格無到院\outputs\v2\.p104rv\sweep_20260906T171453Z_account-08_v2\t18\r,bd1098468a6d844aa072c158f0d319ddac445ace8ff122561a8974b05ff7093e,D:\Codex_分拆Prompt嚴格無到院\outputs\v2\.p104k10\cloud_validation_index_20260906T211456Z\task_surgery__P3__11_collaborator_variables_validation.json,29e194d19ec7b7df02c5b9fee8ed1e99596817a4aad8e4e787cf53a1612427e5
surgery__P3__11_collaborator_variables,surgery,P3,ablation,11_collaborator_variables,11_collaborator_variables / without_collaborator_variables_exact,without_collaborator_variables_exact,validation_2024,RAW_RECORDED_PREDICTIONS,raw,VALIDATED_COMPUTED,Full inputs excluding source-defined collaborator_variables_exact,b99f46275695791d2b4760ac050107910386b57ca1ee6453e725319cacf616b2,754,"0.956915 [0.915869, 0.987179]","0.626287 [0.46459, 0.811002]",2712,32,0.9569146455223881,0.9158686620482382,0.9871786133045792,0.6262873412391678,0.46458960979274716,0.8110015784897966,0.005999267771636327,0.004251624953000969,0.00787041521539608,0.7017543859649122,0.0055309734513274336,0.5,0.5,0.5,0.625,0.9981343283582089,0.8,0.9955340528470413,20,5,2675,12,ESTIMATED,ESTIMATED,ESTIMATED,8362377c52501bcb78d857c69f7a66e78bcb3e8291d74a36208230b84f828621,"Descriptive arm estimate. CI is an individual-arm CI, not a paired-difference CI; no significance claim for a delta. Raw layer; operating point is the recorded P104 comparator rule, not a final clinical threshold.",D:\Codex_分拆Prompt嚴格無到院\outputs\v2\.p104rv\sweep_20260906T171453Z_account-08_v2\t18\r,bd1098468a6d844aa072c158f0d319ddac445ace8ff122561a8974b05ff7093e,D:\Codex_分拆Prompt嚴格無到院\outputs\v2\.p104k10\cloud_validation_index_20260906T211456Z\task_surgery__P3__11_collaborator_variables_validation.json,29e194d19ec7b7df02c5b9fee8ed1e99596817a4aad8e4e787cf53a1612427e5
surgery__P3__12_remove_distance,surgery,P3,ablation,12_remove_distance,12_remove_distance / locked_full,locked_full,oof_2020_2023,RAW_RECORDED_PREDICTIONS,raw,VALIDATED_COMPUTED,Full locked input feature order,d5d5e2d8a0734a0ce9af97a6606994868307c154f09eee30ee788ada6108d568,764,"0.954755 [0.929512, 0.97762]","0.407221 [0.298322, 0.53918]",8731,56,0.9547550432276657,0.9295121651643939,0.9776200052455747,0.4072211387766869,0.29832157638038537,0.5391798597133661,0.00488244309008644,0.0041940273876491015,0.005497360279042777,0.32,0.0005726720879624327,0.5,0.5,0.5,0.21428571428571427,0.999193083573487,0.631578947368421,0.9949494949494949,12,7,8668,44,ESTIMATED,ESTIMATED,ESTIMATED,c42a4719722ee0c224b5fadf049344c464798fd56614702960c820c014c78731,"Descriptive arm estimate. CI is an individual-arm CI, not a paired-difference CI; no significance claim for a delta. Raw layer; operating point is the recorded P104 comparator rule, not a final clinical threshold.",D:\Codex_分拆Prompt嚴格無到院\outputs\v2\.p104rv\sweep_20260906T171453Z_account-09_v2\t18\r,a660df25382ac29b44b2d890329fcda2c49e332eb54fcb5086b213bfc4a7167f,D:\Codex_分拆Prompt嚴格無到院\outputs\v2\.p104k10\cloud_validation_index_20260906T211456Z\task_surgery__P3__12_remove_distance_validation.json,8f7c531906a722dabda58f29f7bdb397d4536897e1276940297bd4351c323879
surgery__P3__12_remove_distance,surgery,P3,ablation,12_remove_distance,12_remove_distance / locked_full,locked_full,validation_2024,RAW_RECORDED_PREDICTIONS,raw,VALIDATED_COMPUTED,Full locked input feature order,d5d5e2d8a0734a0ce9af97a6606994868307c154f09eee30ee788ada6108d568,764,"0.945021 [0.887101, 0.985259]","0.582494 [0.422066, 0.800266]",2712,32,0.9450209888059702,0.8871011498328525,0.9852588475086468,0.5824944976066049,0.4220661758450076,0.8002660897425761,0.006004757861441242,0.004162317936368274,0.00795209660700344,0.7272727272727273,0.006268436578171091,0.5,0.5,0.5,0.625,0.9988805970149254,0.8695652173913043,0.9955373744886575,20,3,2677,12,ESTIMATED,ESTIMATED,ESTIMATED,8362377c52501bcb78d857c69f7a66e78bcb3e8291d74a36208230b84f828621,"Descriptive arm estimate. CI is an individual-arm CI, not a paired-difference CI; no significance claim for a delta. Raw layer; operating point is the recorded P104 comparator rule, not a final clinical threshold.",D:\Codex_分拆Prompt嚴格無到院\outputs\v2\.p104rv\sweep_20260906T171453Z_account-09_v2\t18\r,a660df25382ac29b44b2d890329fcda2c49e332eb54fcb5086b213bfc4a7167f,D:\Codex_分拆Prompt嚴格無到院\outputs\v2\.p104k10\cloud_validation_index_20260906T211456Z\task_surgery__P3__12_remove_distance_validation.json,8f7c531906a722dabda58f29f7bdb397d4536897e1276940297bd4351c323879
surgery__P3__12_remove_distance,surgery,P3,ablation,12_remove_distance,12_remove_distance / without_distance,without_distance,oof_2020_2023,RAW_RECORDED_PREDICTIONS,raw,VALIDATED_COMPUTED,Full inputs excluding source-defined distance,b536524057bac4c3a9a2df49d51ed66f7aaaf993958d9bf190a45c54ec06df08,752,"0.950498 [0.918114, 0.975112]","0.391917 [0.280289, 0.523174]",8731,56,0.9504981473857554,0.9181140598077255,0.9751120859830342,0.3919167688486409,0.28028932863994305,0.5231736621473272,0.004956266890571737,0.004279769911228513,0.005590758644452874,0.29333333333333333,0.0003436032527774596,0.5,0.5,0.5,0.19642857142857142,0.9990778097982709,0.5789473684210527,0.9948347107438017,11,8,8667,45,ESTIMATED,ESTIMATED,ESTIMATED,c42a4719722ee0c224b5fadf049344c464798fd56614702960c820c014c78731,"Descriptive arm estimate. CI is an individual-arm CI, not a paired-difference CI; no significance claim for a delta. Raw layer; operating point is the recorded P104 comparator rule, not a final clinical threshold.",D:\Codex_分拆Prompt嚴格無到院\outputs\v2\.p104rv\sweep_20260906T171453Z_account-09_v2\t18\r,a660df25382ac29b44b2d890329fcda2c49e332eb54fcb5086b213bfc4a7167f,D:\Codex_分拆Prompt嚴格無到院\outputs\v2\.p104k10\cloud_validation_index_20260906T211456Z\task_surgery__P3__12_remove_distance_validation.json,8f7c531906a722dabda58f29f7bdb397d4536897e1276940297bd4351c323879
surgery__P3__12_remove_distance,surgery,P3,ablation,12_remove_distance,12_remove_distance / without_distance,without_distance,validation_2024,RAW_RECORDED_PREDICTIONS,raw,VALIDATED_COMPUTED,Full inputs excluding source-defined distance,b536524057bac4c3a9a2df49d51ed66f7aaaf993958d9bf190a45c54ec06df08,752,"0.94909 [0.908129, 0.984493]","0.587328 [0.429141, 0.797591]",2712,32,0.9490904850746269,0.908128798374441,0.9844925148831055,0.5873284969472431,0.42914128159780507,0.7975911144609531,0.00614673451103865,0.004348480335362228,0.008026261891517464,0.6415094339622641,0.004793510324483776,0.5,0.5,0.5,0.53125,0.9985074626865672,0.8095238095238095,0.9944258639910813,17,4,2676,15,ESTIMATED,ESTIMATED,ESTIMATED,8362377c52501bcb78d857c69f7a66e78bcb3e8291d74a36208230b84f828621,"Descriptive arm estimate. CI is an individual-arm CI, not a paired-difference CI; no significance claim for a delta. Raw layer; operating point is the recorded P104 comparator rule, not a final clinical threshold.",D:\Codex_分拆Prompt嚴格無到院\outputs\v2\.p104rv\sweep_20260906T171453Z_account-09_v2\t18\r,a660df25382ac29b44b2d890329fcda2c49e332eb54fcb5086b213bfc4a7167f,D:\Codex_分拆Prompt嚴格無到院\outputs\v2\.p104k10\cloud_validation_index_20260906T211456Z\task_surgery__P3__12_remove_distance_validation.json,8f7c531906a722dabda58f29f7bdb397d4536897e1276940297bd4351c323879
surgery__S1__01_standardization,surgery,S1,ablation,01_standardization,01_standardization / logistic_scaled,logistic_scaled,oof_2020_2023,RAW_RECORDED_PREDICTIONS,raw,VALIDATED_COMPUTED,Full locked input feature order,d5d5e2d8a0734a0ce9af97a6606994868307c154f09eee30ee788ada6108d568,764,"0.702149 [0.58707, 0.806551]","0.0941807 [0.0271578, 0.233325]",8731,33,0.7021485259585972,0.5870696471307164,0.8065510279978184,0.09418066707470565,0.027157829633644676,0.23332529001030522,0.013282638539729759,0.011378971822048941,0.015032446941202118,0.10909090909090909,-0.013056923605543466,0.5,0.5,0.5,0.2727272727272727,0.9858588181191078,0.06818181818181818,0.9972089777881149,9,123,8575,24,ESTIMATED,ESTIMATED,ESTIMATED,e36be2ccf01e9f9066972174040cb96ae5a7f44a48be310e6ecef55e34ed0a92,"Descriptive arm estimate. CI is an individual-arm CI, not a paired-difference CI; no significance claim for a delta. Raw layer; operating point is the recorded P104 comparator rule, not a final clinical threshold.",D:\Codex_分拆Prompt嚴格無到院\outputs\v2\specialty_opname_v1\p1_04_extension_20260905\runs\surgery__S1__01_standardization,6f0781a769c7bb3b0fa860cff4c33d63be043fee78112be177ed68725e484bfc,D:\Codex_分拆Prompt嚴格無到院\outputs\v2\specialty_opname_v1\p1_04_extension_20260905\local_dispatch_full\validations\surgery__S1__01_standardization\6f0781a769c7bb3b_3c510f4d0008.report.json,f85d17aafb5dcf6123158974e326789e2c54d8a7ce7d601af00e49ae95c1f1a2
surgery__S1__01_standardization,surgery,S1,ablation,01_standardization,01_standardization / logistic_scaled,logistic_scaled,validation_2024,RAW_RECORDED_PREDICTIONS,raw,VALIDATED_COMPUTED,Full locked input feature order,d5d5e2d8a0734a0ce9af97a6606994868307c154f09eee30ee788ada6108d568,764,"0.921281 [0.8003, 0.992438]","0.455377 [0.246118, 0.701429]",2712,17,0.9212812397686347,0.8003004544073584,0.9924375963602805,0.45537685409467177,0.24611770818305265,0.7014291260855172,0.017706405394230355,0.013679093584567177,0.02226135006410643,0.27906976744186046,-0.016592920353982302,0.5,0.5,0.5,0.7058823529411765,0.9788497217068646,0.17391304347826086,0.9981082103670071,12,57,2638,5,ESTIMATED,ESTIMATED,ESTIMATED,435b8e63ad8401164262620952d03dcad8d1703894308692be9e580ed2f46fa7,"Descriptive arm estimate. CI is an individual-arm CI, not a paired-difference CI; no significance claim for a delta. Raw layer; operating point is the recorded P104 comparator rule, not a final clinical threshold.",D:\Codex_分拆Prompt嚴格無到院\outputs\v2\specialty_opname_v1\p1_04_extension_20260905\runs\surgery__S1__01_standardization,6f0781a769c7bb3b0fa860cff4c33d63be043fee78112be177ed68725e484bfc,D:\Codex_分拆Prompt嚴格無到院\outputs\v2\specialty_opname_v1\p1_04_extension_20260905\local_dispatch_full\validations\surgery__S1__01_standardization\6f0781a769c7bb3b_3c510f4d0008.report.json,f85d17aafb5dcf6123158974e326789e2c54d8a7ce7d601af00e49ae95c1f1a2
surgery__S1__01_standardization,surgery,S1,ablation,01_standardization,01_standardization / logistic_unscaled,logistic_unscaled,oof_2020_2023,RAW_RECORDED_PREDICTIONS,raw,VALIDATED_COMPUTED,Full locked input feature order,d5d5e2d8a0734a0ce9af97a6606994868307c154f09eee30ee788ada6108d568,764,"0.82554 [0.739394, 0.899988]","0.128448 [0.048249, 0.269792]",8731,33,0.8255398315182174,0.739393660497364,0.8999876235430275,0.1284483373118479,0.04824901638940411,0.2697924573128369,0.011631566178316287,0.009813502497338734,0.01341481173553557,0.1643835616438356,-0.010193563165731303,0.5,0.5,0.5,0.36363636363636365,0.9883881352034951,0.10619469026548672,0.997563239730796,12,101,8597,21,ESTIMATED,ESTIMATED,ESTIMATED,e36be2ccf01e9f9066972174040cb96ae5a7f44a48be310e6ecef55e34ed0a92,"Descriptive arm estimate. CI is an individual-arm CI, not a paired-difference CI; no significance claim for a delta. Raw layer; operating point is the recorded P104 comparator rule, not a final clinical threshold.",D:\Codex_分拆Prompt嚴格無到院\outputs\v2\specialty_opname_v1\p1_04_extension_20260905\runs\surgery__S1__01_standardization,6f0781a769c7bb3b0fa860cff4c33d63be043fee78112be177ed68725e484bfc,D:\Codex_分拆Prompt嚴格無到院\outputs\v2\specialty_opname_v1\p1_04_extension_20260905\local_dispatch_full\validations\surgery__S1__01_standardization\6f0781a769c7bb3b_3c510f4d0008.report.json,f85d17aafb5dcf6123158974e326789e2c54d8a7ce7d601af00e49ae95c1f1a2
surgery__S1__01_standardization,surgery,S1,ablation,01_standardization,01_standardization / logistic_unscaled,logistic_unscaled,validation_2024,RAW_RECORDED_PREDICTIONS,raw,VALIDATED_COMPUTED,Full locked input feature order,d5d5e2d8a0734a0ce9af97a6606994868307c154f09eee30ee788ada6108d568,764,"0.920834 [0.848746, 0.978084]","0.363788 [0.166081, 0.63909]",2712,17,0.9208337880606787,0.8487457547785954,0.9780841381430911,0.36378750271159244,0.166081306401865,0.6390903920836505,0.012470864410448066,0.009402185677798205,0.016084443229047226,0.27586206896551724,-0.009218289085545723,0.5,0.5,0.5,0.47058823529411764,0.9877551020408163,0.1951219512195122,0.9966304754773493,8,33,2662,9,ESTIMATED,ESTIMATED,ESTIMATED,435b8e63ad8401164262620952d03dcad8d1703894308692be9e580ed2f46fa7,"Descriptive arm estimate. CI is an individual-arm CI, not a paired-difference CI; no significance claim for a delta. Raw layer; operating point is the recorded P104 comparator rule, not a final clinical threshold.",D:\Codex_分拆Prompt嚴格無到院\outputs\v2\specialty_opname_v1\p1_04_extension_20260905\runs\surgery__S1__01_standardization,6f0781a769c7bb3b0fa860cff4c33d63be043fee78112be177ed68725e484bfc,D:\Codex_分拆Prompt嚴格無到院\outputs\v2\specialty_opname_v1\p1_04_extension_20260905\local_dispatch_full\validations\surgery__S1__01_standardization\6f0781a769c7bb3b_3c510f4d0008.report.json,f85d17aafb5dcf6123158974e326789e2c54d8a7ce7d601af00e49ae95c1f1a2
surgery__S1__02_time_variables,surgery,S1,ablation,02_time_variables,02_time_variables / locked_full,locked_full,oof_2020_2023,RAW_RECORDED_PREDICTIONS,raw,VALIDATED_COMPUTED,Full locked input feature order,d5d5e2d8a0734a0ce9af97a6606994868307c154f09eee30ee788ada6108d568,764,"0.954434 [0.931305, 0.974947]","0.243424 [0.12479, 0.412101]",8731,33,0.9544339694949031,0.931304903141554,0.974947037132584,0.24342415339674625,0.12478953023101595,0.4121009650077827,0.0032885802223158976,0.0028829572200323693,0.003633944659708231,0.16216216216216217,0.0002290688351849731,0.5,0.5,0.5,0.09090909090909091,0.9998850310416187,0.75,0.996562392574768,3,1,8697,30,ESTIMATED,ESTIMATED,ESTIMATED,e36be2ccf01e9f9066972174040cb96ae5a7f44a48be310e6ecef55e34ed0a92,"Descriptive arm estimate. CI is an individual-arm CI, not a paired-difference CI; no significance claim for a delta. Raw layer; operating point is the recorded P104 comparator rule, not a final clinical threshold. Primary amended time contrast uses the exact corrected plan; old20 results are secondary evidence only.",D:\Codex_分拆Prompt嚴格無到院\outputs\v2\specialty_opname_v1\time_interval_complete_successor_20260905\runs\surgery__S1__02_time_variables,8a6dd34f1aa66d94ed12fdb0d2ed225d62f3e628247ede565c22ff5774270611,D:\Codex_分拆Prompt嚴格無到院\outputs\v2\specialty_opname_v1\time_interval_complete_successor_20260905\runs\surgery__S1__02_time_variables\validation_report.json,abc9b4309b460ae95c8d397d4d04fef67868e7ce7fe5d3290d93e434d0b7e7ae
surgery__S1__02_time_variables,surgery,S1,ablation,02_time_variables,02_time_variables / locked_full,locked_full,validation_2024,RAW_RECORDED_PREDICTIONS,raw,VALIDATED_COMPUTED,Full locked input feature order,d5d5e2d8a0734a0ce9af97a6606994868307c154f09eee30ee788ada6108d568,764,"0.962872 [0.929711, 0.988132]","0.414868 [0.217735, 0.651498]",2712,17,0.9628724216959511,0.9297114685226724,0.9881322056420321,0.4148676546316449,0.21773478071953256,0.6514977829288672,0.00465440222634957,0.0035007930866619457,0.005903146262969018,0.34782608695652173,0.0007374631268436578,0.5,0.5,0.5,0.23529411764705882,0.9992578849721707,0.6666666666666666,0.9951958610495196,4,2,2693,13,ESTIMATED,ESTIMATED,ESTIMATED,435b8e63ad8401164262620952d03dcad8d1703894308692be9e580ed2f46fa7,"Descriptive arm estimate. CI is an individual-arm CI, not a paired-difference CI; no significance claim for a delta. Raw layer; operating point is the recorded P104 comparator rule, not a final clinical threshold. Primary amended time contrast uses the exact corrected plan; old20 results are secondary evidence only.",D:\Codex_分拆Prompt嚴格無到院\outputs\v2\specialty_opname_v1\time_interval_complete_successor_20260905\runs\surgery__S1__02_time_variables,8a6dd34f1aa66d94ed12fdb0d2ed225d62f3e628247ede565c22ff5774270611,D:\Codex_分拆Prompt嚴格無到院\outputs\v2\specialty_opname_v1\time_interval_complete_successor_20260905\runs\surgery__S1__02_time_variables\validation_report.json,abc9b4309b460ae95c8d397d4d04fef67868e7ce7fe5d3290d93e434d0b7e7ae
surgery__S1__02_time_variables,surgery,S1,ablation,02_time_variables,02_time_variables / without_time_intervals_complete,without_time_intervals_complete,oof_2020_2023,RAW_RECORDED_PREDICTIONS,raw,VALIDATED_COMPUTED,Exact corrected time-plan inputs; original time group and six transport-interval aliases excluded,4134699b4820dc78a3efecb755bbe61150f1bbeb88a8b157c8816e5bec8558f4,738,"0.945247 [0.914117, 0.970876]","0.259594 [0.129866, 0.431109]",8731,33,0.9452469045478933,0.914117262300813,0.9708760609494193,0.25959356280201806,0.12986596545758014,0.4311085939894127,0.0032626549231563836,0.0028615070733340265,0.003618153102972224,0.15789473684210525,0.00011453441759248655,0.5,0.5,0.5,0.09090909090909091,0.9997700620832375,0.6,0.9965619986247994,3,2,8696,30,ESTIMATED,ESTIMATED,ESTIMATED,e36be2ccf01e9f9066972174040cb96ae5a7f44a48be310e6ecef55e34ed0a92,"Descriptive arm estimate. CI is an individual-arm CI, not a paired-difference CI; no significance claim for a delta. Raw layer; operating point is the recorded P104 comparator rule, not a final clinical threshold. Primary amended time contrast uses the exact corrected plan; old20 results are secondary evidence only.",D:\Codex_分拆Prompt嚴格無到院\outputs\v2\specialty_opname_v1\time_interval_complete_successor_20260905\runs\surgery__S1__02_time_variables,8a6dd34f1aa66d94ed12fdb0d2ed225d62f3e628247ede565c22ff5774270611,D:\Codex_分拆Prompt嚴格無到院\outputs\v2\specialty_opname_v1\time_interval_complete_successor_20260905\runs\surgery__S1__02_time_variables\validation_report.json,abc9b4309b460ae95c8d397d4d04fef67868e7ce7fe5d3290d93e434d0b7e7ae
surgery__S1__02_time_variables,surgery,S1,ablation,02_time_variables,02_time_variables / without_time_intervals_complete,without_time_intervals_complete,validation_2024,RAW_RECORDED_PREDICTIONS,raw,VALIDATED_COMPUTED,Exact corrected time-plan inputs; original time group and six transport-interval aliases excluded,4134699b4820dc78a3efecb755bbe61150f1bbeb88a8b157c8816e5bec8558f4,738,"0.968678 [0.942068, 0.990004]","0.458458 [0.2404, 0.691987]",2712,17,0.9686783804430863,0.9420684962510572,0.9900038655854132,0.4584576825053238,0.2404001478908905,0.691987275573043,0.004559645657068332,0.0032762759605770367,0.005851814516008501,0.38461538461538464,0.0003687315634218289,0.5,0.5,0.5,0.29411764705882354,0.9985157699443413,0.5555555555555556,0.9955604883462819,5,4,2691,12,ESTIMATED,ESTIMATED,ESTIMATED,435b8e63ad8401164262620952d03dcad8d1703894308692be9e580ed2f46fa7,"Descriptive arm estimate. CI is an individual-arm CI, not a paired-difference CI; no significance claim for a delta. Raw layer; operating point is the recorded P104 comparator rule, not a final clinical threshold. Primary amended time contrast uses the exact corrected plan; old20 results are secondary evidence only.",D:\Codex_分拆Prompt嚴格無到院\outputs\v2\specialty_opname_v1\time_interval_complete_successor_20260905\runs\surgery__S1__02_time_variables,8a6dd34f1aa66d94ed12fdb0d2ed225d62f3e628247ede565c22ff5774270611,D:\Codex_分拆Prompt嚴格無到院\outputs\v2\specialty_opname_v1\time_interval_complete_successor_20260905\runs\surgery__S1__02_time_variables\validation_report.json,abc9b4309b460ae95c8d397d4d04fef67868e7ce7fe5d3290d93e434d0b7e7ae
surgery__S1__03_emt_treatment,surgery,S1,ablation,03_emt_treatment,03_emt_treatment / locked_full,locked_full,oof_2020_2023,RAW_RECORDED_PREDICTIONS,raw,VALIDATED_COMPUTED,Full locked input feature order,d5d5e2d8a0734a0ce9af97a6606994868307c154f09eee30ee788ada6108d568,764,"0.954434 [0.931305, 0.974947]","0.243424 [0.12479, 0.412101]",8731,33,0.9544339694949031,0.931304903141554,0.974947037132584,0.24342415339674625,0.12478953023101595,0.4121009650077827,0.0032885802223158976,0.0028829572200323693,0.003633944659708231,0.16216216216216217,0.0002290688351849731,0.5,0.5,0.5,0.09090909090909091,0.9998850310416187,0.75,0.996562392574768,3,1,8697,30,ESTIMATED,ESTIMATED,ESTIMATED,e36be2ccf01e9f9066972174040cb96ae5a7f44a48be310e6ecef55e34ed0a92,"Descriptive arm estimate. CI is an individual-arm CI, not a paired-difference CI; no significance claim for a delta. Raw layer; operating point is the recorded P104 comparator rule, not a final clinical threshold.",D:\Codex_分拆Prompt嚴格無到院\outputs\v2\.p104rv\sweep_20260906T151250Z_account-06_v2\t20\r,840b10defd793be8944adc1433431282e0485e96a1492d0e00a860db1e805871,D:\Codex_分拆Prompt嚴格無到院\outputs\v2\.p104k10\cloud_validation_index_20260906T211456Z\task_surgery__S1__03_emt_treatment_validation.json,ad5152e4d03585ddbae5fa790bf86250bb360624ac5facf316b6a451cc321f58
surgery__S1__03_emt_treatment,surgery,S1,ablation,03_emt_treatment,03_emt_treatment / locked_full,locked_full,validation_2024,RAW_RECORDED_PREDICTIONS,raw,VALIDATED_COMPUTED,Full locked input feature order,d5d5e2d8a0734a0ce9af97a6606994868307c154f09eee30ee788ada6108d568,764,"0.962872 [0.929711, 0.988132]","0.414868 [0.217735, 0.651498]",2712,17,0.9628724216959511,0.9297114685226724,0.9881322056420321,0.4148676546316449,0.21773478071953256,0.6514977829288672,0.00465440222634957,0.0035007930866619457,0.005903146262969018,0.34782608695652173,0.0007374631268436578,0.5,0.5,0.5,0.23529411764705882,0.9992578849721707,0.6666666666666666,0.9951958610495196,4,2,2693,13,ESTIMATED,ESTIMATED,ESTIMATED,435b8e63ad8401164262620952d03dcad8d1703894308692be9e580ed2f46fa7,"Descriptive arm estimate. CI is an individual-arm CI, not a paired-difference CI; no significance claim for a delta. Raw layer; operating point is the recorded P104 comparator rule, not a final clinical threshold.",D:\Codex_分拆Prompt嚴格無到院\outputs\v2\.p104rv\sweep_20260906T151250Z_account-06_v2\t20\r,840b10defd793be8944adc1433431282e0485e96a1492d0e00a860db1e805871,D:\Codex_分拆Prompt嚴格無到院\outputs\v2\.p104k10\cloud_validation_index_20260906T211456Z\task_surgery__S1__03_emt_treatment_validation.json,ad5152e4d03585ddbae5fa790bf86250bb360624ac5facf316b6a451cc321f58
surgery__S1__03_emt_treatment,surgery,S1,ablation,03_emt_treatment,03_emt_treatment / without_emt_treatment,without_emt_treatment,oof_2020_2023,RAW_RECORDED_PREDICTIONS,raw,VALIDATED_COMPUTED,Full inputs excluding source-defined emt_treatment,8729234a9522c03841d126bd593d462cbbdfe532c85f62a35343b36e9241d6fd,672,"0.952183 [0.927558, 0.974643]","0.274384 [0.147832, 0.44636]",8731,33,0.9521833650368947,0.9275580867434898,0.9746434506151386,0.2743837703336034,0.1478323854045449,0.4463604523378828,0.003219837896699048,0.0028318569535227436,0.003557585448574643,0.16666666666666666,0.0003436032527774596,0.5,0.5,0.5,0.09090909090909091,1.0,1.0,0.9965627864344638,3,0,8698,30,ESTIMATED,ESTIMATED,ESTIMATED,e36be2ccf01e9f9066972174040cb96ae5a7f44a48be310e6ecef55e34ed0a92,"Descriptive arm estimate. CI is an individual-arm CI, not a paired-difference CI; no significance claim for a delta. Raw layer; operating point is the recorded P104 comparator rule, not a final clinical threshold.",D:\Codex_分拆Prompt嚴格無到院\outputs\v2\.p104rv\sweep_20260906T151250Z_account-06_v2\t20\r,840b10defd793be8944adc1433431282e0485e96a1492d0e00a860db1e805871,D:\Codex_分拆Prompt嚴格無到院\outputs\v2\.p104k10\cloud_validation_index_20260906T211456Z\task_surgery__S1__03_emt_treatment_validation.json,ad5152e4d03585ddbae5fa790bf86250bb360624ac5facf316b6a451cc321f58
surgery__S1__03_emt_treatment,surgery,S1,ablation,03_emt_treatment,03_emt_treatment / without_emt_treatment,without_emt_treatment,validation_2024,RAW_RECORDED_PREDICTIONS,raw,VALIDATED_COMPUTED,Full inputs excluding source-defined emt_treatment,8729234a9522c03841d126bd593d462cbbdfe532c85f62a35343b36e9241d6fd,672,"0.966256 [0.93367, 0.990675]","0.417199 [0.218942, 0.666244]",2712,17,0.9662555931463495,0.9336704613999832,0.9906749360061161,0.41719869005650795,0.21894226500966038,0.666244027475326,0.004569722495234555,0.003383233697838078,0.005789579790709961,0.34782608695652173,0.0007374631268436578,0.5,0.5,0.5,0.23529411764705882,0.9992578849721707,0.6666666666666666,0.9951958610495196,4,2,2693,13,ESTIMATED,ESTIMATED,ESTIMATED,435b8e63ad8401164262620952d03dcad8d1703894308692be9e580ed2f46fa7,"Descriptive arm estimate. CI is an individual-arm CI, not a paired-difference CI; no significance claim for a delta. Raw layer; operating point is the recorded P104 comparator rule, not a final clinical threshold.",D:\Codex_分拆Prompt嚴格無到院\outputs\v2\.p104rv\sweep_20260906T151250Z_account-06_v2\t20\r,840b10defd793be8944adc1433431282e0485e96a1492d0e00a860db1e805871,D:\Codex_分拆Prompt嚴格無到院\outputs\v2\.p104k10\cloud_validation_index_20260906T211456Z\task_surgery__S1__03_emt_treatment_validation.json,ad5152e4d03585ddbae5fa790bf86250bb360624ac5facf316b6a451cc321f58
surgery__S1__04_gcs_consciousness,surgery,S1,ablation,04_gcs_consciousness,04_gcs_consciousness / locked_full,locked_full,oof_2020_2023,RAW_RECORDED_PREDICTIONS,raw,VALIDATED_COMPUTED,Full locked input feature order,d5d5e2d8a0734a0ce9af97a6606994868307c154f09eee30ee788ada6108d568,764,"0.954434 [0.931305, 0.974947]","0.243424 [0.12479, 0.412101]",8731,33,0.9544339694949031,0.931304903141554,0.974947037132584,0.24342415339674625,0.12478953023101595,0.4121009650077827,0.0032885802223158976,0.0028829572200323693,0.003633944659708231,0.16216216216216217,0.0002290688351849731,0.5,0.5,0.5,0.09090909090909091,0.9998850310416187,0.75,0.996562392574768,3,1,8697,30,ESTIMATED,ESTIMATED,ESTIMATED,e36be2ccf01e9f9066972174040cb96ae5a7f44a48be310e6ecef55e34ed0a92,"Descriptive arm estimate. CI is an individual-arm CI, not a paired-difference CI; no significance claim for a delta. Raw layer; operating point is the recorded P104 comparator rule, not a final clinical threshold.",D:\Codex_分拆Prompt嚴格無到院\outputs\v2\.p104rv\sweep_20260906T171453Z_account-07_v2\t20\r,1f9c10658ff1c8c38e9d0642e4cc03a4709bcc48ad56fb507262c2d088a68aed,D:\Codex_分拆Prompt嚴格無到院\outputs\v2\.p104k10\cloud_validation_index_20260906T211456Z\task_surgery__S1__04_gcs_consciousness_validation.json,25403c393fde98d576357cf6e1ab32af0092ef3faf1b37b50bdb5614d4b9a306
surgery__S1__04_gcs_consciousness,surgery,S1,ablation,04_gcs_consciousness,04_gcs_consciousness / locked_full,locked_full,validation_2024,RAW_RECORDED_PREDICTIONS,raw,VALIDATED_COMPUTED,Full locked input feature order,d5d5e2d8a0734a0ce9af97a6606994868307c154f09eee30ee788ada6108d568,764,"0.962872 [0.929711, 0.988132]","0.414868 [0.217735, 0.651498]",2712,17,0.9628724216959511,0.9297114685226724,0.9881322056420321,0.4148676546316449,0.21773478071953256,0.6514977829288672,0.00465440222634957,0.0035007930866619457,0.005903146262969018,0.34782608695652173,0.0007374631268436578,0.5,0.5,0.5,0.23529411764705882,0.9992578849721707,0.6666666666666666,0.9951958610495196,4,2,2693,13,ESTIMATED,ESTIMATED,ESTIMATED,435b8e63ad8401164262620952d03dcad8d1703894308692be9e580ed2f46fa7,"Descriptive arm estimate. CI is an individual-arm CI, not a paired-difference CI; no significance claim for a delta. Raw layer; operating point is the recorded P104 comparator rule, not a final clinical threshold.",D:\Codex_分拆Prompt嚴格無到院\outputs\v2\.p104rv\sweep_20260906T171453Z_account-07_v2\t20\r,1f9c10658ff1c8c38e9d0642e4cc03a4709bcc48ad56fb507262c2d088a68aed,D:\Codex_分拆Prompt嚴格無到院\outputs\v2\.p104k10\cloud_validation_index_20260906T211456Z\task_surgery__S1__04_gcs_consciousness_validation.json,25403c393fde98d576357cf6e1ab32af0092ef3faf1b37b50bdb5614d4b9a306
surgery__S1__04_gcs_consciousness,surgery,S1,ablation,04_gcs_consciousness,04_gcs_consciousness / without_gcs_consciousness,without_gcs_consciousness,oof_2020_2023,RAW_RECORDED_PREDICTIONS,raw,VALIDATED_COMPUTED,Full inputs excluding source-defined gcs_consciousness,96da2f388f093d3a5dad841e1d389aeeb55c27e3fb7bdbd9924937a80904969d,705,"0.953002 [0.92569, 0.975831]","0.263897 [0.137527, 0.432094]",8731,33,0.9530020833768822,0.9256904594500199,0.9758306902070106,0.26389745720559576,0.13752652402957447,0.4320937139822098,0.003266688186278059,0.002878944372682561,0.003594674092634535,0.16666666666666666,0.0003436032527774596,0.5,0.5,0.5,0.09090909090909091,1.0,1.0,0.9965627864344638,3,0,8698,30,ESTIMATED,ESTIMATED,ESTIMATED,e36be2ccf01e9f9066972174040cb96ae5a7f44a48be310e6ecef55e34ed0a92,"Descriptive arm estimate. CI is an individual-arm CI, not a paired-difference CI; no significance claim for a delta. Raw layer; operating point is the recorded P104 comparator rule, not a final clinical threshold.",D:\Codex_分拆Prompt嚴格無到院\outputs\v2\.p104rv\sweep_20260906T171453Z_account-07_v2\t20\r,1f9c10658ff1c8c38e9d0642e4cc03a4709bcc48ad56fb507262c2d088a68aed,D:\Codex_分拆Prompt嚴格無到院\outputs\v2\.p104k10\cloud_validation_index_20260906T211456Z\task_surgery__S1__04_gcs_consciousness_validation.json,25403c393fde98d576357cf6e1ab32af0092ef3faf1b37b50bdb5614d4b9a306
surgery__S1__04_gcs_consciousness,surgery,S1,ablation,04_gcs_consciousness,04_gcs_consciousness / without_gcs_consciousness,without_gcs_consciousness,validation_2024,RAW_RECORDED_PREDICTIONS,raw,VALIDATED_COMPUTED,Full inputs excluding source-defined gcs_consciousness,96da2f388f093d3a5dad841e1d389aeeb55c27e3fb7bdbd9924937a80904969d,705,"0.970119 [0.943433, 0.991268]","0.401441 [0.219062, 0.646661]",2712,17,0.9701189566735786,0.9434330498158966,0.9912678407101154,0.40144144038451945,0.219062045152599,0.6466613234247726,0.004712646014975836,0.003543536791476574,0.0059118716622558265,0.34782608695652173,0.0007374631268436578,0.5,0.5,0.5,0.23529411764705882,0.9992578849721707,0.6666666666666666,0.9951958610495196,4,2,2693,13,ESTIMATED,ESTIMATED,ESTIMATED,435b8e63ad8401164262620952d03dcad8d1703894308692be9e580ed2f46fa7,"Descriptive arm estimate. CI is an individual-arm CI, not a paired-difference CI; no significance claim for a delta. Raw layer; operating point is the recorded P104 comparator rule, not a final clinical threshold.",D:\Codex_分拆Prompt嚴格無到院\outputs\v2\.p104rv\sweep_20260906T171453Z_account-07_v2\t20\r,1f9c10658ff1c8c38e9d0642e4cc03a4709bcc48ad56fb507262c2d088a68aed,D:\Codex_分拆Prompt嚴格無到院\outputs\v2\.p104k10\cloud_validation_index_20260906T211456Z\task_surgery__S1__04_gcs_consciousness_validation.json,25403c393fde98d576357cf6e1ab32af0092ef3faf1b37b50bdb5614d4b9a306
surgery__S1__05_shock_index_rsig,surgery,S1,ablation,05_shock_index_rsig,05_shock_index_rsig / locked_full,locked_full,oof_2020_2023,RAW_RECORDED_PREDICTIONS,raw,VALIDATED_COMPUTED,Full locked input feature order,d5d5e2d8a0734a0ce9af97a6606994868307c154f09eee30ee788ada6108d568,764,"0.954434 [0.931305, 0.974947]","0.243424 [0.12479, 0.412101]",8731,33,0.9544339694949031,0.931304903141554,0.974947037132584,0.24342415339674625,0.12478953023101595,0.4121009650077827,0.0032885802223158976,0.0028829572200323693,0.003633944659708231,0.16216216216216217,0.0002290688351849731,0.5,0.5,0.5,0.09090909090909091,0.9998850310416187,0.75,0.996562392574768,3,1,8697,30,ESTIMATED,ESTIMATED,ESTIMATED,e36be2ccf01e9f9066972174040cb96ae5a7f44a48be310e6ecef55e34ed0a92,"Descriptive arm estimate. CI is an individual-arm CI, not a paired-difference CI; no significance claim for a delta. Raw layer; operating point is the recorded P104 comparator rule, not a final clinical threshold.",D:\Codex_分拆Prompt嚴格無到院\outputs\v2\.p104rv\sweep_20260906T171453Z_account-08_v2\t20\r,2d43ee39e3a564df98387ad0c5bd243705861a474e97b33ef3e994322ed800e3,D:\Codex_分拆Prompt嚴格無到院\outputs\v2\.p104k10\cloud_validation_index_20260906T211456Z\task_surgery__S1__05_shock_index_rsig_validation.json,6ab8972a838d430585a1bfe10158ce82e9fa6e6749fc2ad172b72e16a7ed5834
surgery__S1__05_shock_index_rsig,surgery,S1,ablation,05_shock_index_rsig,05_shock_index_rsig / locked_full,locked_full,validation_2024,RAW_RECORDED_PREDICTIONS,raw,VALIDATED_COMPUTED,Full locked input feature order,d5d5e2d8a0734a0ce9af97a6606994868307c154f09eee30ee788ada6108d568,764,"0.962872 [0.929711, 0.988132]","0.414868 [0.217735, 0.651498]",2712,17,0.9628724216959511,0.9297114685226724,0.9881322056420321,0.4148676546316449,0.21773478071953256,0.6514977829288672,0.00465440222634957,0.0035007930866619457,0.005903146262969018,0.34782608695652173,0.0007374631268436578,0.5,0.5,0.5,0.23529411764705882,0.9992578849721707,0.6666666666666666,0.9951958610495196,4,2,2693,13,ESTIMATED,ESTIMATED,ESTIMATED,435b8e63ad8401164262620952d03dcad8d1703894308692be9e580ed2f46fa7,"Descriptive arm estimate. CI is an individual-arm CI, not a paired-difference CI; no significance claim for a delta. Raw layer; operating point is the recorded P104 comparator rule, not a final clinical threshold.",D:\Codex_分拆Prompt嚴格無到院\outputs\v2\.p104rv\sweep_20260906T171453Z_account-08_v2\t20\r,2d43ee39e3a564df98387ad0c5bd243705861a474e97b33ef3e994322ed800e3,D:\Codex_分拆Prompt嚴格無到院\outputs\v2\.p104k10\cloud_validation_index_20260906T211456Z\task_surgery__S1__05_shock_index_rsig_validation.json,6ab8972a838d430585a1bfe10158ce82e9fa6e6749fc2ad172b72e16a7ed5834
surgery__S1__05_shock_index_rsig,surgery,S1,ablation,05_shock_index_rsig,05_shock_index_rsig / without_shock_index_rsig,without_shock_index_rsig,oof_2020_2023,RAW_RECORDED_PREDICTIONS,raw,VALIDATED_COMPUTED,Full inputs excluding source-defined shock_index_rsig,622faa177bc7a5c0a0264d57f4d33dd05051258db8a5647c23291c4a5c87f257,741,"0.946201 [0.91508, 0.971784]","0.287706 [0.146907, 0.451857]",8731,33,0.9462014952932405,0.9150798594386622,0.97178415150215,0.2877056596012036,0.14690695158999645,0.4518572744058079,0.003180985174797376,0.0028036375035155035,0.0035380631408988145,0.16666666666666666,0.0003436032527774596,0.5,0.5,0.5,0.09090909090909091,1.0,1.0,0.9965627864344638,3,0,8698,30,ESTIMATED,ESTIMATED,ESTIMATED,e36be2ccf01e9f9066972174040cb96ae5a7f44a48be310e6ecef55e34ed0a92,"Descriptive arm estimate. CI is an individual-arm CI, not a paired-difference CI; no significance claim for a delta. Raw layer; operating point is the recorded P104 comparator rule, not a final clinical threshold.",D:\Codex_分拆Prompt嚴格無到院\outputs\v2\.p104rv\sweep_20260906T171453Z_account-08_v2\t20\r,2d43ee39e3a564df98387ad0c5bd243705861a474e97b33ef3e994322ed800e3,D:\Codex_分拆Prompt嚴格無到院\outputs\v2\.p104k10\cloud_validation_index_20260906T211456Z\task_surgery__S1__05_shock_index_rsig_validation.json,6ab8972a838d430585a1bfe10158ce82e9fa6e6749fc2ad172b72e16a7ed5834
surgery__S1__05_shock_index_rsig,surgery,S1,ablation,05_shock_index_rsig,05_shock_index_rsig / without_shock_index_rsig,without_shock_index_rsig,validation_2024,RAW_RECORDED_PREDICTIONS,raw,VALIDATED_COMPUTED,Full inputs excluding source-defined shock_index_rsig,622faa177bc7a5c0a0264d57f4d33dd05051258db8a5647c23291c4a5c87f257,741,"0.977431 [0.959276, 0.992237]","0.474266 [0.263822, 0.711984]",2712,17,0.9774309723889556,0.959276387212892,0.9922372572494589,0.4742662373394046,0.26382204043385077,0.711984358514139,0.00443411071982457,0.0032296358523922555,0.005637290155886944,0.43478260869565216,0.0014749262536873156,0.5,0.5,0.5,0.29411764705882354,0.9996289424860854,0.8333333333333334,0.9955654101995566,5,1,2694,12,ESTIMATED,ESTIMATED,ESTIMATED,435b8e63ad8401164262620952d03dcad8d1703894308692be9e580ed2f46fa7,"Descriptive arm estimate. CI is an individual-arm CI, not a paired-difference CI; no significance claim for a delta. Raw layer; operating point is the recorded P104 comparator rule, not a final clinical threshold.",D:\Codex_分拆Prompt嚴格無到院\outputs\v2\.p104rv\sweep_20260906T171453Z_account-08_v2\t20\r,2d43ee39e3a564df98387ad0c5bd243705861a474e97b33ef3e994322ed800e3,D:\Codex_分拆Prompt嚴格無到院\outputs\v2\.p104k10\cloud_validation_index_20260906T211456Z\task_surgery__S1__05_shock_index_rsig_validation.json,6ab8972a838d430585a1bfe10158ce82e9fa6e6749fc2ad172b72e16a7ed5834
surgery__S1__06_vital_only_vs_full,surgery,S1,ablation,06_vital_only_vs_full,06_vital_only_vs_full / locked_full,locked_full,oof_2020_2023,RAW_RECORDED_PREDICTIONS,raw,VALIDATED_COMPUTED,Full locked input feature order,d5d5e2d8a0734a0ce9af97a6606994868307c154f09eee30ee788ada6108d568,764,"0.954434 [0.931305, 0.974947]","0.243424 [0.12479, 0.412101]",8731,33,0.9544339694949031,0.931304903141554,0.974947037132584,0.24342415339674625,0.12478953023101595,0.4121009650077827,0.0032885802223158976,0.0028829572200323693,0.003633944659708231,0.16216216216216217,0.0002290688351849731,0.5,0.5,0.5,0.09090909090909091,0.9998850310416187,0.75,0.996562392574768,3,1,8697,30,ESTIMATED,ESTIMATED,ESTIMATED,e36be2ccf01e9f9066972174040cb96ae5a7f44a48be310e6ecef55e34ed0a92,"Descriptive arm estimate. CI is an individual-arm CI, not a paired-difference CI; no significance claim for a delta. Raw layer; operating point is the recorded P104 comparator rule, not a final clinical threshold.",D:\Codex_分拆Prompt嚴格無到院\outputs\v2\.p104rv\sweep_20260906T171453Z_account-09_v2\t20\r,93b78159c1c68a3896e8e8de95d9430daa8713628019de5d60e8b4d726a1703e,D:\Codex_分拆Prompt嚴格無到院\outputs\v2\.p104k10\cloud_validation_index_20260906T211456Z\task_surgery__S1__06_vital_only_vs_full_validation.json,7c8ccc590ac9c02744b01b9c4e442d20a9b20561b338127995bc083c018e52d2
surgery__S1__06_vital_only_vs_full,surgery,S1,ablation,06_vital_only_vs_full,06_vital_only_vs_full / locked_full,locked_full,validation_2024,RAW_RECORDED_PREDICTIONS,raw,VALIDATED_COMPUTED,Full locked input feature order,d5d5e2d8a0734a0ce9af97a6606994868307c154f09eee30ee788ada6108d568,764,"0.962872 [0.929711, 0.988132]","0.414868 [0.217735, 0.651498]",2712,17,0.9628724216959511,0.9297114685226724,0.9881322056420321,0.4148676546316449,0.21773478071953256,0.6514977829288672,0.00465440222634957,0.0035007930866619457,0.005903146262969018,0.34782608695652173,0.0007374631268436578,0.5,0.5,0.5,0.23529411764705882,0.9992578849721707,0.6666666666666666,0.9951958610495196,4,2,2693,13,ESTIMATED,ESTIMATED,ESTIMATED,435b8e63ad8401164262620952d03dcad8d1703894308692be9e580ed2f46fa7,"Descriptive arm estimate. CI is an individual-arm CI, not a paired-difference CI; no significance claim for a delta. Raw layer; operating point is the recorded P104 comparator rule, not a final clinical threshold.",D:\Codex_分拆Prompt嚴格無到院\outputs\v2\.p104rv\sweep_20260906T171453Z_account-09_v2\t20\r,93b78159c1c68a3896e8e8de95d9430daa8713628019de5d60e8b4d726a1703e,D:\Codex_分拆Prompt嚴格無到院\outputs\v2\.p104k10\cloud_validation_index_20260906T211456Z\task_surgery__S1__06_vital_only_vs_full_validation.json,7c8ccc590ac9c02744b01b9c4e442d20a9b20561b338127995bc083c018e52d2
surgery__S1__06_vital_only_vs_full,surgery,S1,ablation,06_vital_only_vs_full,06_vital_only_vs_full / vital_only,vital_only,oof_2020_2023,RAW_RECORDED_PREDICTIONS,raw,VALIDATED_COMPUTED,Source-defined seven vital inputs,b7159d74cac9585de4a626c67f6e0ab787e218710adc8d4911e7cc0c608ac2c8,7,"0.769858 [0.656697, 0.872197]","0.104769 [0.038761, 0.220468]",8731,33,0.7698582746294864,0.6566967178614822,0.8721968190778462,0.1047690051951238,0.0387610409759148,0.22046820159368075,0.0036317615914071826,0.003345139003238267,0.003873200575097626,0.05714285714285714,0.0,0.5,0.5,0.5,0.030303030303030304,0.9998850310416187,0.5,0.9963340588841791,1,1,8697,32,ESTIMATED,ESTIMATED,ESTIMATED,e36be2ccf01e9f9066972174040cb96ae5a7f44a48be310e6ecef55e34ed0a92,"Descriptive arm estimate. CI is an individual-arm CI, not a paired-difference CI; no significance claim for a delta. Raw layer; operating point is the recorded P104 comparator rule, not a final clinical threshold.",D:\Codex_分拆Prompt嚴格無到院\outputs\v2\.p104rv\sweep_20260906T171453Z_account-09_v2\t20\r,93b78159c1c68a3896e8e8de95d9430daa8713628019de5d60e8b4d726a1703e,D:\Codex_分拆Prompt嚴格無到院\outputs\v2\.p104k10\cloud_validation_index_20260906T211456Z\task_surgery__S1__06_vital_only_vs_full_validation.json,7c8ccc590ac9c02744b01b9c4e442d20a9b20561b338127995bc083c018e52d2
surgery__S1__06_vital_only_vs_full,surgery,S1,ablation,06_vital_only_vs_full,06_vital_only_vs_full / vital_only,vital_only,validation_2024,RAW_RECORDED_PREDICTIONS,raw,VALIDATED_COMPUTED,Source-defined seven vital inputs,b7159d74cac9585de4a626c67f6e0ab787e218710adc8d4911e7cc0c608ac2c8,7,"0.86583 [0.736999, 0.965623]","0.358354 [0.169933, 0.575844]",2712,17,0.8658299683509767,0.7369987183486497,0.9656226025792635,0.3583543674753175,0.16993337572407946,0.5758444615522963,0.004925885279299482,0.0039045381439856397,0.005752458452186797,0.21052631578947367,0.0007374631268436578,0.5,0.5,0.5,0.11764705882352941,1.0,1.0,0.9944649446494465,2,0,2695,15,ESTIMATED,ESTIMATED,ESTIMATED,435b8e63ad8401164262620952d03dcad8d1703894308692be9e580ed2f46fa7,"Descriptive arm estimate. CI is an individual-arm CI, not a paired-difference CI; no significance claim for a delta. Raw layer; operating point is the recorded P104 comparator rule, not a final clinical threshold.",D:\Codex_分拆Prompt嚴格無到院\outputs\v2\.p104rv\sweep_20260906T171453Z_account-09_v2\t20\r,93b78159c1c68a3896e8e8de95d9430daa8713628019de5d60e8b4d726a1703e,D:\Codex_分拆Prompt嚴格無到院\outputs\v2\.p104k10\cloud_validation_index_20260906T211456Z\task_surgery__S1__06_vital_only_vs_full_validation.json,7c8ccc590ac9c02744b01b9c4e442d20a9b20561b338127995bc083c018e52d2
surgery__S1__07_logistic_vs_xgboost,surgery,S1,ablation,07_logistic_vs_xgboost,07_logistic_vs_xgboost / logistic_l2,logistic_l2,oof_2020_2023,RAW_RECORDED_PREDICTIONS,raw,VALIDATED_COMPUTED,Full locked input feature order,d5d5e2d8a0734a0ce9af97a6606994868307c154f09eee30ee788ada6108d568,764,"0.702149 [0.592101, 0.801217]","0.0941807 [0.0280079, 0.231426]",8731,33,0.7021485259585972,0.5921005872472005,0.8012168892322791,0.09418066707470565,0.02800791920340011,0.23142581613826188,0.013282638539729759,0.011473421625598234,0.015162720699732166,0.10909090909090909,-0.013056923605543466,0.5,0.5,0.5,0.2727272727272727,0.9858588181191078,0.06818181818181818,0.9972089777881149,9,123,8575,24,ESTIMATED,ESTIMATED,ESTIMATED,e36be2ccf01e9f9066972174040cb96ae5a7f44a48be310e6ecef55e34ed0a92,"Descriptive arm estimate. CI is an individual-arm CI, not a paired-difference CI; no significance claim for a delta. Raw layer; operating point is the recorded P104 comparator rule, not a final clinical threshold.",D:\Codex_分拆Prompt嚴格無到院\outputs\v2\.p104k10\failed_revalidation_20260906T211456Z\f13\repo\outputs\v2\specialty_opname_v1\p1_04_extension_20260905\runs\surgery__S1__07_logistic_vs_xgboost,cf03ee8bfbaa74edc2b1af2012dcce210087caaaa3e96a797b0da459971bcc5c,D:\Codex_分拆Prompt嚴格無到院\outputs\v2\.p104k10\cloud_validation_index_20260906T211456Z\task_surgery__S1__07_logistic_vs_xgboost_validation.json,174ff197c62d52bc6e4e7c821f75ee8f3afd3b22df0fa2eb0116d93eb68855b6
surgery__S1__07_logistic_vs_xgboost,surgery,S1,ablation,07_logistic_vs_xgboost,07_logistic_vs_xgboost / logistic_l2,logistic_l2,validation_2024,RAW_RECORDED_PREDICTIONS,raw,VALIDATED_COMPUTED,Full locked input feature order,d5d5e2d8a0734a0ce9af97a6606994868307c154f09eee30ee788ada6108d568,764,"0.921281 [0.806615, 0.993975]","0.455377 [0.259652, 0.722283]",2712,17,0.9212812397686347,0.8066146514426172,0.993974753732163,0.45537685409467177,0.25965230364386194,0.7222833574695158,0.017706405394230355,0.013531216862336074,0.021962055183270535,0.27906976744186046,-0.016592920353982302,0.5,0.5,0.5,0.7058823529411765,0.9788497217068646,0.17391304347826086,0.9981082103670071,12,57,2638,5,ESTIMATED,ESTIMATED,ESTIMATED,435b8e63ad8401164262620952d03dcad8d1703894308692be9e580ed2f46fa7,"Descriptive arm estimate. CI is an individual-arm CI, not a paired-difference CI; no significance claim for a delta. Raw layer; operating point is the recorded P104 comparator rule, not a final clinical threshold.",D:\Codex_分拆Prompt嚴格無到院\outputs\v2\.p104k10\failed_revalidation_20260906T211456Z\f13\repo\outputs\v2\specialty_opname_v1\p1_04_extension_20260905\runs\surgery__S1__07_logistic_vs_xgboost,cf03ee8bfbaa74edc2b1af2012dcce210087caaaa3e96a797b0da459971bcc5c,D:\Codex_分拆Prompt嚴格無到院\outputs\v2\.p104k10\cloud_validation_index_20260906T211456Z\task_surgery__S1__07_logistic_vs_xgboost_validation.json,174ff197c62d52bc6e4e7c821f75ee8f3afd3b22df0fa2eb0116d93eb68855b6
surgery__S1__07_logistic_vs_xgboost,surgery,S1,ablation,07_logistic_vs_xgboost,07_logistic_vs_xgboost / xgboost,xgboost,oof_2020_2023,RAW_RECORDED_PREDICTIONS,raw,VALIDATED_COMPUTED,Full locked input feature order,d5d5e2d8a0734a0ce9af97a6606994868307c154f09eee30ee788ada6108d568,764,"0.956427 [0.935094, 0.974481]","0.188592 [0.0966062, 0.357137]",8731,33,0.9564267647735112,0.9350943977240351,0.9744814885302455,0.1885921133189427,0.09660619080806446,0.3571368276896711,0.0033768402054044264,0.0030548001945164137,0.003692831390062972,0.05555555555555555,-0.00011453441759248655,0.5,0.5,0.5,0.030303030303030304,0.9997700620832375,0.3333333333333333,0.9963336388634281,1,2,8696,32,ESTIMATED,ESTIMATED,ESTIMATED,e36be2ccf01e9f9066972174040cb96ae5a7f44a48be310e6ecef55e34ed0a92,"Descriptive arm estimate. CI is an individual-arm CI, not a paired-difference CI; no significance claim for a delta. Raw layer; operating point is the recorded P104 comparator rule, not a final clinical threshold.",D:\Codex_分拆Prompt嚴格無到院\outputs\v2\.p104k10\failed_revalidation_20260906T211456Z\f13\repo\outputs\v2\specialty_opname_v1\p1_04_extension_20260905\runs\surgery__S1__07_logistic_vs_xgboost,cf03ee8bfbaa74edc2b1af2012dcce210087caaaa3e96a797b0da459971bcc5c,D:\Codex_分拆Prompt嚴格無到院\outputs\v2\.p104k10\cloud_validation_index_20260906T211456Z\task_surgery__S1__07_logistic_vs_xgboost_validation.json,174ff197c62d52bc6e4e7c821f75ee8f3afd3b22df0fa2eb0116d93eb68855b6
surgery__S1__07_logistic_vs_xgboost,surgery,S1,ablation,07_logistic_vs_xgboost,07_logistic_vs_xgboost / xgboost,xgboost,validation_2024,RAW_RECORDED_PREDICTIONS,raw,VALIDATED_COMPUTED,Full locked input feature order,d5d5e2d8a0734a0ce9af97a6606994868307c154f09eee30ee788ada6108d568,764,"0.972258 [0.937501, 0.992839]","0.47963 [0.267643, 0.695568]",2712,17,0.9722579941067335,0.9375006625763619,0.9928394643192413,0.47962987439597754,0.26764345296201786,0.6955680420434643,0.004572449150971327,0.0036817948339721365,0.005496458539557455,0.3,0.0011061946902654867,0.5,0.5,0.5,0.17647058823529413,1.0,1.0,0.9948320413436692,3,0,2695,14,ESTIMATED,ESTIMATED,ESTIMATED,435b8e63ad8401164262620952d03dcad8d1703894308692be9e580ed2f46fa7,"Descriptive arm estimate. CI is an individual-arm CI, not a paired-difference CI; no significance claim for a delta. Raw layer; operating point is the recorded P104 comparator rule, not a final clinical threshold.",D:\Codex_分拆Prompt嚴格無到院\outputs\v2\.p104k10\failed_revalidation_20260906T211456Z\f13\repo\outputs\v2\specialty_opname_v1\p1_04_extension_20260905\runs\surgery__S1__07_logistic_vs_xgboost,cf03ee8bfbaa74edc2b1af2012dcce210087caaaa3e96a797b0da459971bcc5c,D:\Codex_分拆Prompt嚴格無到院\outputs\v2\.p104k10\cloud_validation_index_20260906T211456Z\task_surgery__S1__07_logistic_vs_xgboost_validation.json,174ff197c62d52bc6e4e7c821f75ee8f3afd3b22df0fa2eb0116d93eb68855b6
surgery__S1__08_median_vs_knn,surgery,S1,ablation,08_median_vs_knn,08_median_vs_knn / knn,knn,oof_2020_2023,RAW_RECORDED_PREDICTIONS,raw,VALIDATED_COMPUTED,Full locked input feature order,d5d5e2d8a0734a0ce9af97a6606994868307c154f09eee30ee788ada6108d568,764,"0.953887 [0.930497, 0.974556]","0.257749 [0.139012, 0.428275]",8731,33,0.9538869959656348,0.9304969192811752,0.9745564658332344,0.2577488193221581,0.13901240002752185,0.42827485317741104,0.003285240535828199,0.0028639587987439375,0.003669786625790559,0.2,0.00011453441759248655,0.5,0.5,0.5,0.12121212121212122,0.9996550931248563,0.5714285714285714,0.9966758367721229,4,3,8695,29,ESTIMATED,ESTIMATED,ESTIMATED,e36be2ccf01e9f9066972174040cb96ae5a7f44a48be310e6ecef55e34ed0a92,"Descriptive arm estimate. CI is an individual-arm CI, not a paired-difference CI; no significance claim for a delta. Raw layer; operating point is the recorded P104 comparator rule, not a final clinical threshold.",D:\Codex_分拆Prompt嚴格無到院\outputs\v2\.p104rv\sweep_20260906T211456Z_account-01_v2\t21\r,fcafb92eb69c762b22eac933386cebe9657df201f02b929f5f2fea6cf75ed31b,D:\Codex_分拆Prompt嚴格無到院\outputs\v2\.p104k10\cloud_validation_index_20260906T211456Z\task_surgery__S1__08_median_vs_knn_validation.json,2bb291b5dd2ed8d61e77c7f8d2655bccc380d878e64c8a7357c0293ba07a8989
surgery__S1__08_median_vs_knn,surgery,S1,ablation,08_median_vs_knn,08_median_vs_knn / knn,knn,validation_2024,RAW_RECORDED_PREDICTIONS,raw,VALIDATED_COMPUTED,Full locked input feature order,d5d5e2d8a0734a0ce9af97a6606994868307c154f09eee30ee788ada6108d568,764,"0.972105 [0.947114, 0.992169]","0.490106 [0.280408, 0.723039]",2712,17,0.972105205718651,0.9471135245887384,0.9921686498169141,0.4901055345071107,0.280407516803281,0.7230388765629829,0.004515482373924263,0.0032309057691602395,0.005841360547892036,0.42857142857142855,0.0003687315634218289,0.5,0.5,0.5,0.35294117647058826,0.9981447124304267,0.5454545454545454,0.9959274342835986,6,5,2690,11,ESTIMATED,ESTIMATED,ESTIMATED,435b8e63ad8401164262620952d03dcad8d1703894308692be9e580ed2f46fa7,"Descriptive arm estimate. CI is an individual-arm CI, not a paired-difference CI; no significance claim for a delta. Raw layer; operating point is the recorded P104 comparator rule, not a final clinical threshold.",D:\Codex_分拆Prompt嚴格無到院\outputs\v2\.p104rv\sweep_20260906T211456Z_account-01_v2\t21\r,fcafb92eb69c762b22eac933386cebe9657df201f02b929f5f2fea6cf75ed31b,D:\Codex_分拆Prompt嚴格無到院\outputs\v2\.p104k10\cloud_validation_index_20260906T211456Z\task_surgery__S1__08_median_vs_knn_validation.json,2bb291b5dd2ed8d61e77c7f8d2655bccc380d878e64c8a7357c0293ba07a8989
surgery__S1__08_median_vs_knn,surgery,S1,ablation,08_median_vs_knn,08_median_vs_knn / median,median,oof_2020_2023,RAW_RECORDED_PREDICTIONS,raw,VALIDATED_COMPUTED,Full locked input feature order,d5d5e2d8a0734a0ce9af97a6606994868307c154f09eee30ee788ada6108d568,764,"0.954434 [0.931809, 0.975049]","0.243424 [0.11971, 0.406263]",8731,33,0.9544339694949031,0.9318090017858085,0.9750488546289968,0.24342415339674625,0.11971046372874787,0.40626318513802184,0.0032885802223158976,0.0029031520862172495,0.0036477578679497986,0.16216216216216217,0.0002290688351849731,0.5,0.5,0.5,0.09090909090909091,0.9998850310416187,0.75,0.996562392574768,3,1,8697,30,ESTIMATED,ESTIMATED,ESTIMATED,e36be2ccf01e9f9066972174040cb96ae5a7f44a48be310e6ecef55e34ed0a92,"Descriptive arm estimate. CI is an individual-arm CI, not a paired-difference CI; no significance claim for a delta. Raw layer; operating point is the recorded P104 comparator rule, not a final clinical threshold.",D:\Codex_分拆Prompt嚴格無到院\outputs\v2\.p104rv\sweep_20260906T211456Z_account-01_v2\t21\r,fcafb92eb69c762b22eac933386cebe9657df201f02b929f5f2fea6cf75ed31b,D:\Codex_分拆Prompt嚴格無到院\outputs\v2\.p104k10\cloud_validation_index_20260906T211456Z\task_surgery__S1__08_median_vs_knn_validation.json,2bb291b5dd2ed8d61e77c7f8d2655bccc380d878e64c8a7357c0293ba07a8989
surgery__S1__08_median_vs_knn,surgery,S1,ablation,08_median_vs_knn,08_median_vs_knn / median,median,validation_2024,RAW_RECORDED_PREDICTIONS,raw,VALIDATED_COMPUTED,Full locked input feature order,d5d5e2d8a0734a0ce9af97a6606994868307c154f09eee30ee788ada6108d568,764,"0.962872 [0.932237, 0.989023]","0.414868 [0.213598, 0.657792]",2712,17,0.9628724216959511,0.9322371849361625,0.9890226538060184,0.4148676546316449,0.21359806769546366,0.6577922703900313,0.00465440222634957,0.0034984579074710523,0.00590848521739723,0.34782608695652173,0.0007374631268436578,0.5,0.5,0.5,0.23529411764705882,0.9992578849721707,0.6666666666666666,0.9951958610495196,4,2,2693,13,ESTIMATED,ESTIMATED,ESTIMATED,435b8e63ad8401164262620952d03dcad8d1703894308692be9e580ed2f46fa7,"Descriptive arm estimate. CI is an individual-arm CI, not a paired-difference CI; no significance claim for a delta. Raw layer; operating point is the recorded P104 comparator rule, not a final clinical threshold.",D:\Codex_分拆Prompt嚴格無到院\outputs\v2\.p104rv\sweep_20260906T211456Z_account-01_v2\t21\r,fcafb92eb69c762b22eac933386cebe9657df201f02b929f5f2fea6cf75ed31b,D:\Codex_分拆Prompt嚴格無到院\outputs\v2\.p104k10\cloud_validation_index_20260906T211456Z\task_surgery__S1__08_median_vs_knn_validation.json,2bb291b5dd2ed8d61e77c7f8d2655bccc380d878e64c8a7357c0293ba07a8989
surgery__S1__09_class_weight_smotenc_threshold,surgery,S1,ablation,09_class_weight_smotenc_threshold,09_class_weight_smotenc_threshold / class_weight,class_weight,oof_2020_2023,RAW_RECORDED_PREDICTIONS,raw,VALIDATED_COMPUTED,Full locked input feature order,d5d5e2d8a0734a0ce9af97a6606994868307c154f09eee30ee788ada6108d568,764,"0.702149 [0.588723, 0.811587]","0.0941807 [0.0260563, 0.237918]",8731,33,0.7021485259585972,0.5887234543679715,0.8115873033541192,0.09418066707470565,0.026056281493900664,0.2379180347346228,0.013282638539729759,0.011443788682499201,0.015129679613785037,0.10909090909090909,-0.013056923605543466,0.5,0.5,0.5,0.2727272727272727,0.9858588181191078,0.06818181818181818,0.9972089777881149,9,123,8575,24,ESTIMATED,ESTIMATED,ESTIMATED,e36be2ccf01e9f9066972174040cb96ae5a7f44a48be310e6ecef55e34ed0a92,"Descriptive arm estimate. CI is an individual-arm CI, not a paired-difference CI; no significance claim for a delta. Raw layer; operating point is the recorded P104 comparator rule, not a final clinical threshold.",D:\Codex_分拆Prompt嚴格無到院\outputs\v2\specialty_opname_v1\p1_04_extension_20260905\runs\surgery__S1__09_class_weight_smotenc_threshold,43c432e3eae25f36d05300317ed696a700f4866e87795c1e90654f01c78d01f3,D:\Codex_分拆Prompt嚴格無到院\outputs\v2\specialty_opname_v1\p1_04_extension_20260905\local_dispatch_full\validations\surgery__S1__09_class_weight_smotenc_threshold\43c432e3eae25f36_3c510f4d0008.report.json,2eba52ba493ea804bc2b0d8b88f46f9ccbf5e6f6dd94bba9c3cd5e73b9536290
surgery__S1__09_class_weight_smotenc_threshold,surgery,S1,ablation,09_class_weight_smotenc_threshold,09_class_weight_smotenc_threshold / class_weight,class_weight,validation_2024,RAW_RECORDED_PREDICTIONS,raw,VALIDATED_COMPUTED,Full locked input feature order,d5d5e2d8a0734a0ce9af97a6606994868307c154f09eee30ee788ada6108d568,764,"0.921281 [0.810203, 0.993365]","0.455377 [0.260786, 0.710723]",2712,17,0.9212812397686347,0.8102032880896429,0.9933654649657573,0.45537685409467177,0.26078601916475774,0.7107226088927877,0.017706405394230355,0.01371421397118192,0.021978682531219842,0.27906976744186046,-0.016592920353982302,0.5,0.5,0.5,0.7058823529411765,0.9788497217068646,0.17391304347826086,0.9981082103670071,12,57,2638,5,ESTIMATED,ESTIMATED,ESTIMATED,435b8e63ad8401164262620952d03dcad8d1703894308692be9e580ed2f46fa7,"Descriptive arm estimate. CI is an individual-arm CI, not a paired-difference CI; no significance claim for a delta. Raw layer; operating point is the recorded P104 comparator rule, not a final clinical threshold.",D:\Codex_分拆Prompt嚴格無到院\outputs\v2\specialty_opname_v1\p1_04_extension_20260905\runs\surgery__S1__09_class_weight_smotenc_threshold,43c432e3eae25f36d05300317ed696a700f4866e87795c1e90654f01c78d01f3,D:\Codex_分拆Prompt嚴格無到院\outputs\v2\specialty_opname_v1\p1_04_extension_20260905\local_dispatch_full\validations\surgery__S1__09_class_weight_smotenc_threshold\43c432e3eae25f36_3c510f4d0008.report.json,2eba52ba493ea804bc2b0d8b88f46f9ccbf5e6f6dd94bba9c3cd5e73b9536290
surgery__S1__09_class_weight_smotenc_threshold,surgery,S1,ablation,09_class_weight_smotenc_threshold,09_class_weight_smotenc_threshold / smotenc,smotenc,oof_2020_2023,RAW_RECORDED_PREDICTIONS,raw,VALIDATED_COMPUTED,Full locked input feature order,d5d5e2d8a0734a0ce9af97a6606994868307c154f09eee30ee788ada6108d568,764,"0.733922 [0.629471, 0.82891]","0.0778567 [0.0276345, 0.205291]",8731,33,0.7339217653657755,0.629471448541725,0.828910338840573,0.07785670144405571,0.027634513516142697,0.2052910026535807,0.008086258578752576,0.0066426905548140945,0.009534652509414283,0.15053763440860216,-0.005268583209254381,0.5,0.5,0.5,0.21212121212121213,0.9939066452057944,0.11666666666666667,0.9970014992503748,7,53,8645,26,ESTIMATED,ESTIMATED,ESTIMATED,e36be2ccf01e9f9066972174040cb96ae5a7f44a48be310e6ecef55e34ed0a92,"Descriptive arm estimate. CI is an individual-arm CI, not a paired-difference CI; no significance claim for a delta. Raw layer; operating point is the recorded P104 comparator rule, not a final clinical threshold.",D:\Codex_分拆Prompt嚴格無到院\outputs\v2\specialty_opname_v1\p1_04_extension_20260905\runs\surgery__S1__09_class_weight_smotenc_threshold,43c432e3eae25f36d05300317ed696a700f4866e87795c1e90654f01c78d01f3,D:\Codex_分拆Prompt嚴格無到院\outputs\v2\specialty_opname_v1\p1_04_extension_20260905\local_dispatch_full\validations\surgery__S1__09_class_weight_smotenc_threshold\43c432e3eae25f36_3c510f4d0008.report.json,2eba52ba493ea804bc2b0d8b88f46f9ccbf5e6f6dd94bba9c3cd5e73b9536290
surgery__S1__09_class_weight_smotenc_threshold,surgery,S1,ablation,09_class_weight_smotenc_threshold,09_class_weight_smotenc_threshold / smotenc,smotenc,validation_2024,RAW_RECORDED_PREDICTIONS,raw,VALIDATED_COMPUTED,Full locked input feature order,d5d5e2d8a0734a0ce9af97a6606994868307c154f09eee30ee788ada6108d568,764,"0.818749 [0.661, 0.943053]","0.248425 [0.0955081, 0.49243]",2712,17,0.8187493179089818,0.6609996217811652,0.9430530607862833,0.24842473428517267,0.09550812246160227,0.49243000286438726,0.010528527760689257,0.007667047361468787,0.013801573324107664,0.2916666666666667,-0.006268436578171091,0.5,0.5,0.5,0.4117647058823529,0.9910946196660483,0.22580645161290322,0.9962700484893696,7,24,2671,10,ESTIMATED,ESTIMATED,ESTIMATED,435b8e63ad8401164262620952d03dcad8d1703894308692be9e580ed2f46fa7,"Descriptive arm estimate. CI is an individual-arm CI, not a paired-difference CI; no significance claim for a delta. Raw layer; operating point is the recorded P104 comparator rule, not a final clinical threshold.",D:\Codex_分拆Prompt嚴格無到院\outputs\v2\specialty_opname_v1\p1_04_extension_20260905\runs\surgery__S1__09_class_weight_smotenc_threshold,43c432e3eae25f36d05300317ed696a700f4866e87795c1e90654f01c78d01f3,D:\Codex_分拆Prompt嚴格無到院\outputs\v2\specialty_opname_v1\p1_04_extension_20260905\local_dispatch_full\validations\surgery__S1__09_class_weight_smotenc_threshold\43c432e3eae25f36_3c510f4d0008.report.json,2eba52ba493ea804bc2b0d8b88f46f9ccbf5e6f6dd94bba9c3cd5e73b9536290
surgery__S1__09_class_weight_smotenc_threshold,surgery,S1,ablation,09_class_weight_smotenc_threshold,09_class_weight_smotenc_threshold / threshold_shift,threshold_shift,oof_2020_2023,RAW_RECORDED_PREDICTIONS,raw,VALIDATED_COMPUTED,Full locked input feature order,d5d5e2d8a0734a0ce9af97a6606994868307c154f09eee30ee788ada6108d568,764,"0.713503 [0.587894, 0.828555]","0.121947 [0.0330725, 0.273273]",8731,33,0.7135025815757019,0.5878937820877219,0.8285550237678105,0.12194724909384329,0.033072464669212355,0.27327310478473954,0.004546473317028212,0.003781895566852222,0.005371386432241772,0.19047619047619047,9.16086529907072e-05,0.14471854860339717,0.12092590562422798,0.16881293780039716,0.24242424242424243,0.9950563347896068,0.1568627450980392,0.9971198156682027,8,43,8655,25,ESTIMATED,ESTIMATED,ESTIMATED,e36be2ccf01e9f9066972174040cb96ae5a7f44a48be310e6ecef55e34ed0a92,"Descriptive arm estimate. CI is an individual-arm CI, not a paired-difference CI; no significance claim for a delta. Raw layer; operating point is the recorded P104 comparator rule, not a final clinical threshold.",D:\Codex_分拆Prompt嚴格無到院\outputs\v2\specialty_opname_v1\p1_04_extension_20260905\runs\surgery__S1__09_class_weight_smotenc_threshold,43c432e3eae25f36d05300317ed696a700f4866e87795c1e90654f01c78d01f3,D:\Codex_分拆Prompt嚴格無到院\outputs\v2\specialty_opname_v1\p1_04_extension_20260905\local_dispatch_full\validations\surgery__S1__09_class_weight_smotenc_threshold\43c432e3eae25f36_3c510f4d0008.report.json,2eba52ba493ea804bc2b0d8b88f46f9ccbf5e6f6dd94bba9c3cd5e73b9536290
surgery__S1__09_class_weight_smotenc_threshold,surgery,S1,ablation,09_class_weight_smotenc_threshold,09_class_weight_smotenc_threshold / threshold_shift,threshold_shift,validation_2024,RAW_RECORDED_PREDICTIONS,raw,VALIDATED_COMPUTED,Full locked input feature order,d5d5e2d8a0734a0ce9af97a6606994868307c154f09eee30ee788ada6108d568,764,"0.926705 [0.812883, 0.994113]","0.490435 [0.272923, 0.755749]",2712,17,0.9267052275455636,0.8128827444124199,0.9941132146830507,0.4904351739556738,0.27292316870129485,0.7557486453139028,0.005567707371623166,0.003286640542398671,0.00813764860014317,0.4444444444444444,0.002883205896892834,0.14327069170343473,0.14327069170343476,0.14327069170343476,0.7058823529411765,0.9907235621521335,0.32432432432432434,0.9981308411214953,12,25,2670,5,ESTIMATED,ESTIMATED,ESTIMATED,435b8e63ad8401164262620952d03dcad8d1703894308692be9e580ed2f46fa7,"Descriptive arm estimate. CI is an individual-arm CI, not a paired-difference CI; no significance claim for a delta. Raw layer; operating point is the recorded P104 comparator rule, not a final clinical threshold.",D:\Codex_分拆Prompt嚴格無到院\outputs\v2\specialty_opname_v1\p1_04_extension_20260905\runs\surgery__S1__09_class_weight_smotenc_threshold,43c432e3eae25f36d05300317ed696a700f4866e87795c1e90654f01c78d01f3,D:\Codex_分拆Prompt嚴格無到院\outputs\v2\specialty_opname_v1\p1_04_extension_20260905\local_dispatch_full\validations\surgery__S1__09_class_weight_smotenc_threshold\43c432e3eae25f36_3c510f4d0008.report.json,2eba52ba493ea804bc2b0d8b88f46f9ccbf5e6f6dd94bba9c3cd5e73b9536290
surgery__S1__10_prehospital_vs_ed_early,surgery,S1,ablation,10_prehospital_vs_ed_early,10_prehospital_vs_ed_early / locked_full,locked_full,oof_2020_2023,RAW_RECORDED_PREDICTIONS,raw,VALIDATED_COMPUTED,Full locked input feature order,d5d5e2d8a0734a0ce9af97a6606994868307c154f09eee30ee788ada6108d568,764,"0.954434 [0.931305, 0.974947]","0.243424 [0.12479, 0.412101]",8731,33,0.9544339694949031,0.931304903141554,0.974947037132584,0.24342415339674625,0.12478953023101595,0.4121009650077827,0.0032885802223158976,0.0028829572200323693,0.003633944659708231,0.16216216216216217,0.0002290688351849731,0.5,0.5,0.5,0.09090909090909091,0.9998850310416187,0.75,0.996562392574768,3,1,8697,30,ESTIMATED,ESTIMATED,ESTIMATED,e36be2ccf01e9f9066972174040cb96ae5a7f44a48be310e6ecef55e34ed0a92,"Descriptive arm estimate. CI is an individual-arm CI, not a paired-difference CI; no significance claim for a delta. Raw layer; operating point is the recorded P104 comparator rule, not a final clinical threshold.",D:\Codex_分拆Prompt嚴格無到院\outputs\v2\.p104rv\sweep_20260906T191424Z_account-02_v2\t21\r,7daa3644740934b85da1e77ba6387dd6fe7f76a631f1e0117d0dc0c2cffd859a,D:\Codex_分拆Prompt嚴格無到院\outputs\v2\.p104k10\cloud_validation_index_20260906T211456Z\task_surgery__S1__10_prehospital_vs_ed_early_validation.json,c4e2cff7f8dc11b6b191270efeacb4ec0269f5f9014db0516b5d40a99da73b08
surgery__S1__10_prehospital_vs_ed_early,surgery,S1,ablation,10_prehospital_vs_ed_early,10_prehospital_vs_ed_early / locked_full,locked_full,validation_2024,RAW_RECORDED_PREDICTIONS,raw,VALIDATED_COMPUTED,Full locked input feature order,d5d5e2d8a0734a0ce9af97a6606994868307c154f09eee30ee788ada6108d568,764,"0.962872 [0.929711, 0.988132]","0.414868 [0.217735, 0.651498]",2712,17,0.9628724216959511,0.9297114685226724,0.9881322056420321,0.4148676546316449,0.21773478071953256,0.6514977829288672,0.00465440222634957,0.0035007930866619457,0.005903146262969018,0.34782608695652173,0.0007374631268436578,0.5,0.5,0.5,0.23529411764705882,0.9992578849721707,0.6666666666666666,0.9951958610495196,4,2,2693,13,ESTIMATED,ESTIMATED,ESTIMATED,435b8e63ad8401164262620952d03dcad8d1703894308692be9e580ed2f46fa7,"Descriptive arm estimate. CI is an individual-arm CI, not a paired-difference CI; no significance claim for a delta. Raw layer; operating point is the recorded P104 comparator rule, not a final clinical threshold.",D:\Codex_分拆Prompt嚴格無到院\outputs\v2\.p104rv\sweep_20260906T191424Z_account-02_v2\t21\r,7daa3644740934b85da1e77ba6387dd6fe7f76a631f1e0117d0dc0c2cffd859a,D:\Codex_分拆Prompt嚴格無到院\outputs\v2\.p104k10\cloud_validation_index_20260906T211456Z\task_surgery__S1__10_prehospital_vs_ed_early_validation.json,c4e2cff7f8dc11b6b191270efeacb4ec0269f5f9014db0516b5d40a99da73b08
surgery__S1__10_prehospital_vs_ed_early,surgery,S1,ablation,10_prehospital_vs_ed_early,10_prehospital_vs_ed_early / plus_ed_early,plus_ed_early,oof_2020_2023,RAW_RECORDED_PREDICTIONS,raw,VALIDATED_COMPUTED,Full prehospital inputs plus separately labelled ED-early comparator inputs,a13b2333d99c92de94917b98c1bf5db5969fce60a635c467dff6a04ee3da0e03,790,"0.952689 [0.926908, 0.974334]","0.299955 [0.158956, 0.483809]",8731,33,0.952688531672206,0.9269082732768957,0.9743343227687398,0.2999552585116311,0.1589561994677913,0.48380891839711615,0.0031515445651167794,0.0027682964225597077,0.003514315439988911,0.1111111111111111,0.00011453441759248655,0.5,0.5,0.5,0.06060606060606061,0.9998850310416187,0.6666666666666666,0.9964482126489459,2,1,8697,31,ESTIMATED,ESTIMATED,ESTIMATED,e36be2ccf01e9f9066972174040cb96ae5a7f44a48be310e6ecef55e34ed0a92,"Descriptive arm estimate. CI is an individual-arm CI, not a paired-difference CI; no significance claim for a delta. Raw layer; operating point is the recorded P104 comparator rule, not a final clinical threshold.",D:\Codex_分拆Prompt嚴格無到院\outputs\v2\.p104rv\sweep_20260906T191424Z_account-02_v2\t21\r,7daa3644740934b85da1e77ba6387dd6fe7f76a631f1e0117d0dc0c2cffd859a,D:\Codex_分拆Prompt嚴格無到院\outputs\v2\.p104k10\cloud_validation_index_20260906T211456Z\task_surgery__S1__10_prehospital_vs_ed_early_validation.json,c4e2cff7f8dc11b6b191270efeacb4ec0269f5f9014db0516b5d40a99da73b08
surgery__S1__10_prehospital_vs_ed_early,surgery,S1,ablation,10_prehospital_vs_ed_early,10_prehospital_vs_ed_early / plus_ed_early,plus_ed_early,validation_2024,RAW_RECORDED_PREDICTIONS,raw,VALIDATED_COMPUTED,Full prehospital inputs plus separately labelled ED-early comparator inputs,a13b2333d99c92de94917b98c1bf5db5969fce60a635c467dff6a04ee3da0e03,790,"0.981469 [0.964089, 0.993814]","0.512011 [0.292948, 0.741236]",2712,17,0.9814689512168503,0.9640893897654914,0.9938144144638614,0.5120110200314114,0.29294790790558095,0.7412361230632897,0.004403618236265852,0.002949889959586764,0.0059091752009488045,0.4444444444444444,0.0007374631268436578,0.5,0.5,0.5,0.35294117647058826,0.9985157699443413,0.6,0.9959289415247965,6,4,2691,11,ESTIMATED,ESTIMATED,ESTIMATED,435b8e63ad8401164262620952d03dcad8d1703894308692be9e580ed2f46fa7,"Descriptive arm estimate. CI is an individual-arm CI, not a paired-difference CI; no significance claim for a delta. Raw layer; operating point is the recorded P104 comparator rule, not a final clinical threshold.",D:\Codex_分拆Prompt嚴格無到院\outputs\v2\.p104rv\sweep_20260906T191424Z_account-02_v2\t21\r,7daa3644740934b85da1e77ba6387dd6fe7f76a631f1e0117d0dc0c2cffd859a,D:\Codex_分拆Prompt嚴格無到院\outputs\v2\.p104k10\cloud_validation_index_20260906T211456Z\task_surgery__S1__10_prehospital_vs_ed_early_validation.json,c4e2cff7f8dc11b6b191270efeacb4ec0269f5f9014db0516b5d40a99da73b08
surgery__S1__11_collaborator_variables,surgery,S1,ablation,11_collaborator_variables,11_collaborator_variables / locked_full,locked_full,oof_2020_2023,RAW_RECORDED_PREDICTIONS,raw,VALIDATED_COMPUTED,Full locked input feature order,d5d5e2d8a0734a0ce9af97a6606994868307c154f09eee30ee788ada6108d568,764,"0.954434 [0.931305, 0.974947]","0.243424 [0.12479, 0.412101]",8731,33,0.9544339694949031,0.931304903141554,0.974947037132584,0.24342415339674625,0.12478953023101595,0.4121009650077827,0.0032885802223158976,0.0028829572200323693,0.003633944659708231,0.16216216216216217,0.0002290688351849731,0.5,0.5,0.5,0.09090909090909091,0.9998850310416187,0.75,0.996562392574768,3,1,8697,30,ESTIMATED,ESTIMATED,ESTIMATED,e36be2ccf01e9f9066972174040cb96ae5a7f44a48be310e6ecef55e34ed0a92,"Descriptive arm estimate. CI is an individual-arm CI, not a paired-difference CI; no significance claim for a delta. Raw layer; operating point is the recorded P104 comparator rule, not a final clinical threshold.",D:\Codex_分拆Prompt嚴格無到院\outputs\v2\.p104rv\sweep_20260906T171453Z_account-03_v2\t21\r,0409c2d9f4ed578d1157eb9407d2b29e6cc615c7a4ae23a090d8c9a5ad8ccf81,D:\Codex_分拆Prompt嚴格無到院\outputs\v2\.p104k10\cloud_validation_index_20260906T211456Z\task_surgery__S1__11_collaborator_variables_validation.json,f160d7b0e2b956de19cca6dc348e03580828b53873eced5bbf4bdfec11bbe02e
surgery__S1__11_collaborator_variables,surgery,S1,ablation,11_collaborator_variables,11_collaborator_variables / locked_full,locked_full,validation_2024,RAW_RECORDED_PREDICTIONS,raw,VALIDATED_COMPUTED,Full locked input feature order,d5d5e2d8a0734a0ce9af97a6606994868307c154f09eee30ee788ada6108d568,764,"0.962872 [0.929711, 0.988132]","0.414868 [0.217735, 0.651498]",2712,17,0.9628724216959511,0.9297114685226724,0.9881322056420321,0.4148676546316449,0.21773478071953256,0.6514977829288672,0.00465440222634957,0.0035007930866619457,0.005903146262969018,0.34782608695652173,0.0007374631268436578,0.5,0.5,0.5,0.23529411764705882,0.9992578849721707,0.6666666666666666,0.9951958610495196,4,2,2693,13,ESTIMATED,ESTIMATED,ESTIMATED,435b8e63ad8401164262620952d03dcad8d1703894308692be9e580ed2f46fa7,"Descriptive arm estimate. CI is an individual-arm CI, not a paired-difference CI; no significance claim for a delta. Raw layer; operating point is the recorded P104 comparator rule, not a final clinical threshold.",D:\Codex_分拆Prompt嚴格無到院\outputs\v2\.p104rv\sweep_20260906T171453Z_account-03_v2\t21\r,0409c2d9f4ed578d1157eb9407d2b29e6cc615c7a4ae23a090d8c9a5ad8ccf81,D:\Codex_分拆Prompt嚴格無到院\outputs\v2\.p104k10\cloud_validation_index_20260906T211456Z\task_surgery__S1__11_collaborator_variables_validation.json,f160d7b0e2b956de19cca6dc348e03580828b53873eced5bbf4bdfec11bbe02e
surgery__S1__11_collaborator_variables,surgery,S1,ablation,11_collaborator_variables,11_collaborator_variables / without_collaborator_variables_exact,without_collaborator_variables_exact,oof_2020_2023,RAW_RECORDED_PREDICTIONS,raw,VALIDATED_COMPUTED,Full inputs excluding source-defined collaborator_variables_exact,b99f46275695791d2b4760ac050107910386b57ca1ee6453e725319cacf616b2,754,"0.950393 [0.922723, 0.973652]","0.275803 [0.146859, 0.445201]",8731,33,0.9503926364124111,0.9227233229006301,0.9736518236546996,0.27580279706256744,0.14685856233268138,0.44520114587610354,0.003220339544147661,0.0028439485515952424,0.0035436332280540076,0.16666666666666666,0.0003436032527774596,0.5,0.5,0.5,0.09090909090909091,1.0,1.0,0.9965627864344638,3,0,8698,30,ESTIMATED,ESTIMATED,ESTIMATED,e36be2ccf01e9f9066972174040cb96ae5a7f44a48be310e6ecef55e34ed0a92,"Descriptive arm estimate. CI is an individual-arm CI, not a paired-difference CI; no significance claim for a delta. Raw layer; operating point is the recorded P104 comparator rule, not a final clinical threshold.",D:\Codex_分拆Prompt嚴格無到院\outputs\v2\.p104rv\sweep_20260906T171453Z_account-03_v2\t21\r,0409c2d9f4ed578d1157eb9407d2b29e6cc615c7a4ae23a090d8c9a5ad8ccf81,D:\Codex_分拆Prompt嚴格無到院\outputs\v2\.p104k10\cloud_validation_index_20260906T211456Z\task_surgery__S1__11_collaborator_variables_validation.json,f160d7b0e2b956de19cca6dc348e03580828b53873eced5bbf4bdfec11bbe02e
surgery__S1__11_collaborator_variables,surgery,S1,ablation,11_collaborator_variables,11_collaborator_variables / without_collaborator_variables_exact,without_collaborator_variables_exact,validation_2024,RAW_RECORDED_PREDICTIONS,raw,VALIDATED_COMPUTED,Full inputs excluding source-defined collaborator_variables_exact,b99f46275695791d2b4760ac050107910386b57ca1ee6453e725319cacf616b2,754,"0.972978 [0.948973, 0.99162]","0.466122 [0.265914, 0.690349]",2712,17,0.9729782822219797,0.9489728616084114,0.991620019957766,0.46612189282948185,0.2659141240581708,0.6903494733965376,0.004483734947927518,0.0033403666173548847,0.005653566751571352,0.34782608695652173,0.0007374631268436578,0.5,0.5,0.5,0.23529411764705882,0.9992578849721707,0.6666666666666666,0.9951958610495196,4,2,2693,13,ESTIMATED,ESTIMATED,ESTIMATED,435b8e63ad8401164262620952d03dcad8d1703894308692be9e580ed2f46fa7,"Descriptive arm estimate. CI is an individual-arm CI, not a paired-difference CI; no significance claim for a delta. Raw layer; operating point is the recorded P104 comparator rule, not a final clinical threshold.",D:\Codex_分拆Prompt嚴格無到院\outputs\v2\.p104rv\sweep_20260906T171453Z_account-03_v2\t21\r,0409c2d9f4ed578d1157eb9407d2b29e6cc615c7a4ae23a090d8c9a5ad8ccf81,D:\Codex_分拆Prompt嚴格無到院\outputs\v2\.p104k10\cloud_validation_index_20260906T211456Z\task_surgery__S1__11_collaborator_variables_validation.json,f160d7b0e2b956de19cca6dc348e03580828b53873eced5bbf4bdfec11bbe02e
surgery__S1__12_remove_distance,surgery,S1,ablation,12_remove_distance,12_remove_distance / locked_full,locked_full,oof_2020_2023,RAW_RECORDED_PREDICTIONS,raw,VALIDATED_COMPUTED,Full locked input feature order,d5d5e2d8a0734a0ce9af97a6606994868307c154f09eee30ee788ada6108d568,764,"0.954434 [0.931305, 0.974947]","0.243424 [0.12479, 0.412101]",8731,33,0.9544339694949031,0.931304903141554,0.974947037132584,0.24342415339674625,0.12478953023101595,0.4121009650077827,0.0032885802223158976,0.0028829572200323693,0.003633944659708231,0.16216216216216217,0.0002290688351849731,0.5,0.5,0.5,0.09090909090909091,0.9998850310416187,0.75,0.996562392574768,3,1,8697,30,ESTIMATED,ESTIMATED,ESTIMATED,e36be2ccf01e9f9066972174040cb96ae5a7f44a48be310e6ecef55e34ed0a92,"Descriptive arm estimate. CI is an individual-arm CI, not a paired-difference CI; no significance claim for a delta. Raw layer; operating point is the recorded P104 comparator rule, not a final clinical threshold.",D:\Codex_分拆Prompt嚴格無到院\outputs\v2\.p104rv\sweep_20260906T161352Z_account-04_v3\t21\r,58f9392c2e6717ad044a7278b189ff3b8da832f391ff122dfb1f13cb1252e6a5,D:\Codex_分拆Prompt嚴格無到院\outputs\v2\.p104k10\cloud_validation_index_20260906T211456Z\task_surgery__S1__12_remove_distance_validation.json,15d3428290a3d67ac7889e30dad1c1dff7598e796d65ce3733903e6b826e250e
surgery__S1__12_remove_distance,surgery,S1,ablation,12_remove_distance,12_remove_distance / locked_full,locked_full,validation_2024,RAW_RECORDED_PREDICTIONS,raw,VALIDATED_COMPUTED,Full locked input feature order,d5d5e2d8a0734a0ce9af97a6606994868307c154f09eee30ee788ada6108d568,764,"0.962872 [0.929711, 0.988132]","0.414868 [0.217735, 0.651498]",2712,17,0.9628724216959511,0.9297114685226724,0.9881322056420321,0.4148676546316449,0.21773478071953256,0.6514977829288672,0.00465440222634957,0.0035007930866619457,0.005903146262969018,0.34782608695652173,0.0007374631268436578,0.5,0.5,0.5,0.23529411764705882,0.9992578849721707,0.6666666666666666,0.9951958610495196,4,2,2693,13,ESTIMATED,ESTIMATED,ESTIMATED,435b8e63ad8401164262620952d03dcad8d1703894308692be9e580ed2f46fa7,"Descriptive arm estimate. CI is an individual-arm CI, not a paired-difference CI; no significance claim for a delta. Raw layer; operating point is the recorded P104 comparator rule, not a final clinical threshold.",D:\Codex_分拆Prompt嚴格無到院\outputs\v2\.p104rv\sweep_20260906T161352Z_account-04_v3\t21\r,58f9392c2e6717ad044a7278b189ff3b8da832f391ff122dfb1f13cb1252e6a5,D:\Codex_分拆Prompt嚴格無到院\outputs\v2\.p104k10\cloud_validation_index_20260906T211456Z\task_surgery__S1__12_remove_distance_validation.json,15d3428290a3d67ac7889e30dad1c1dff7598e796d65ce3733903e6b826e250e
surgery__S1__12_remove_distance,surgery,S1,ablation,12_remove_distance,12_remove_distance / without_distance,without_distance,oof_2020_2023,RAW_RECORDED_PREDICTIONS,raw,VALIDATED_COMPUTED,Full inputs excluding source-defined distance,b536524057bac4c3a9a2df49d51ed66f7aaaf993958d9bf190a45c54ec06df08,752,"0.954681 [0.929888, 0.975714]","0.266771 [0.140532, 0.444554]",8731,33,0.9546813269508143,0.929888258064844,0.9757144124394386,0.26677105624239966,0.1405321921650997,0.44455425771150686,0.0032256449145278356,0.002798483071458216,0.0035795346348787725,0.16216216216216217,0.0002290688351849731,0.5,0.5,0.5,0.09090909090909091,0.9998850310416187,0.75,0.996562392574768,3,1,8697,30,ESTIMATED,ESTIMATED,ESTIMATED,e36be2ccf01e9f9066972174040cb96ae5a7f44a48be310e6ecef55e34ed0a92,"Descriptive arm estimate. CI is an individual-arm CI, not a paired-difference CI; no significance claim for a delta. Raw layer; operating point is the recorded P104 comparator rule, not a final clinical threshold.",D:\Codex_分拆Prompt嚴格無到院\outputs\v2\.p104rv\sweep_20260906T161352Z_account-04_v3\t21\r,58f9392c2e6717ad044a7278b189ff3b8da832f391ff122dfb1f13cb1252e6a5,D:\Codex_分拆Prompt嚴格無到院\outputs\v2\.p104k10\cloud_validation_index_20260906T211456Z\task_surgery__S1__12_remove_distance_validation.json,15d3428290a3d67ac7889e30dad1c1dff7598e796d65ce3733903e6b826e250e
surgery__S1__12_remove_distance,surgery,S1,ablation,12_remove_distance,12_remove_distance / without_distance,without_distance,validation_2024,RAW_RECORDED_PREDICTIONS,raw,VALIDATED_COMPUTED,Full inputs excluding source-defined distance,b536524057bac4c3a9a2df49d51ed66f7aaaf993958d9bf190a45c54ec06df08,752,"0.967958 [0.940691, 0.990166]","0.464828 [0.266731, 0.695935]",2712,17,0.9679580923278401,0.9406905926717374,0.9901655658710282,0.4648275751031834,0.26673104011181664,0.6959353286565645,0.00447906853748283,0.0032243658720168614,0.005638402039823645,0.4166666666666667,0.0011061946902654867,0.5,0.5,0.5,0.29411764705882354,0.9992578849721707,0.7142857142857143,0.9955637707948244,5,2,2693,12,ESTIMATED,ESTIMATED,ESTIMATED,435b8e63ad8401164262620952d03dcad8d1703894308692be9e580ed2f46fa7,"Descriptive arm estimate. CI is an individual-arm CI, not a paired-difference CI; no significance claim for a delta. Raw layer; operating point is the recorded P104 comparator rule, not a final clinical threshold.",D:\Codex_分拆Prompt嚴格無到院\outputs\v2\.p104rv\sweep_20260906T161352Z_account-04_v3\t21\r,58f9392c2e6717ad044a7278b189ff3b8da832f391ff122dfb1f13cb1252e6a5,D:\Codex_分拆Prompt嚴格無到院\outputs\v2\.p104k10\cloud_validation_index_20260906T211456Z\task_surgery__S1__12_remove_distance_validation.json,15d3428290a3d67ac7889e30dad1c1dff7598e796d65ce3733903e6b826e250e
surgery__S2__01_standardization,surgery,S2,ablation,01_standardization,01_standardization / logistic_scaled,logistic_scaled,oof_2020_2023,RAW_RECORDED_PREDICTIONS,raw,VALIDATED_COMPUTED,Full locked input feature order,d5d5e2d8a0734a0ce9af97a6606994868307c154f09eee30ee788ada6108d568,764,"0.780581 [0.696783, 0.857438]","0.0864182 [0.0440295, 0.17225]",8731,52,0.7805811109043048,0.6967825237319689,0.8574375074075566,0.08641816149420106,0.0440294845664739,0.17224958069345594,0.02348672667226544,0.021093215715611454,0.02627890643159257,0.1232876712328767,-0.023365021188867255,0.5,0.5,0.5,0.34615384615384615,0.9744210162461113,0.075,0.9959957602167,18,222,8457,34,ESTIMATED,ESTIMATED,ESTIMATED,3b8e5e950942afa497fb5c1add095e6bc2632c086131c4326c07bb9f3f57eafa,"Descriptive arm estimate. CI is an individual-arm CI, not a paired-difference CI; no significance claim for a delta. Raw layer; operating point is the recorded P104 comparator rule, not a final clinical threshold.",D:\Codex_分拆Prompt嚴格無到院\outputs\v2\specialty_opname_v1\p1_04_extension_20260905\runs\surgery__S2__01_standardization,98405362515ee5d9dc2057959e2d722654846f3e67756ad8d0fd549a930d3824,D:\Codex_分拆Prompt嚴格無到院\outputs\v2\specialty_opname_v1\p1_04_extension_20260905\local_dispatch_full\validations\surgery__S2__01_standardization\98405362515ee5d9_3c510f4d0008.report.json,35ffe13c4fda987c0daf56cbfe2fd5014c8258455cb23bc4d863421d73f05899
surgery__S2__01_standardization,surgery,S2,ablation,01_standardization,01_standardization / logistic_scaled,logistic_scaled,validation_2024,RAW_RECORDED_PREDICTIONS,raw,VALIDATED_COMPUTED,Full locked input feature order,d5d5e2d8a0734a0ce9af97a6606994868307c154f09eee30ee788ada6108d568,764,"0.771345 [0.644011, 0.890408]","0.194038 [0.081726, 0.39162]",2712,24,0.7713448660714286,0.6440109546397711,0.8904076713621156,0.19403821472285393,0.0817259845837048,0.39162035776880727,0.024914193900830064,0.02012487770564783,0.03019172934181805,0.2222222222222222,-0.019542772861356934,0.5,0.5,0.5,0.4583333333333333,0.9761904761904762,0.14666666666666667,0.9950701554797118,11,64,2624,13,ESTIMATED,ESTIMATED,ESTIMATED,ad7ca72b10793842ba8fdc8859126bc4bad1b65e1030d4fb45bc7f9bdd76145c,"Descriptive arm estimate. CI is an individual-arm CI, not a paired-difference CI; no significance claim for a delta. Raw layer; operating point is the recorded P104 comparator rule, not a final clinical threshold.",D:\Codex_分拆Prompt嚴格無到院\outputs\v2\specialty_opname_v1\p1_04_extension_20260905\runs\surgery__S2__01_standardization,98405362515ee5d9dc2057959e2d722654846f3e67756ad8d0fd549a930d3824,D:\Codex_分拆Prompt嚴格無到院\outputs\v2\specialty_opname_v1\p1_04_extension_20260905\local_dispatch_full\validations\surgery__S2__01_standardization\98405362515ee5d9_3c510f4d0008.report.json,35ffe13c4fda987c0daf56cbfe2fd5014c8258455cb23bc4d863421d73f05899
surgery__S2__01_standardization,surgery,S2,ablation,01_standardization,01_standardization / logistic_unscaled,logistic_unscaled,oof_2020_2023,RAW_RECORDED_PREDICTIONS,raw,VALIDATED_COMPUTED,Full locked input feature order,d5d5e2d8a0734a0ce9af97a6606994868307c154f09eee30ee788ada6108d568,764,"0.849016 [0.788321, 0.903887]","0.0960097 [0.0476685, 0.198396]",8731,52,0.8490155281980378,0.788320933844771,0.9038867306994998,0.09600972052270053,0.04766848501424894,0.19839566109998816,0.02144209633302533,0.018922816114610448,0.0238591041710156,0.11940298507462686,-0.021074332837017522,0.5,0.5,0.5,0.3076923076923077,0.9769558704919922,0.07407407407407407,0.9957721667645332,16,200,8479,36,ESTIMATED,ESTIMATED,ESTIMATED,3b8e5e950942afa497fb5c1add095e6bc2632c086131c4326c07bb9f3f57eafa,"Descriptive arm estimate. CI is an individual-arm CI, not a paired-difference CI; no significance claim for a delta. Raw layer; operating point is the recorded P104 comparator rule, not a final clinical threshold.",D:\Codex_分拆Prompt嚴格無到院\outputs\v2\specialty_opname_v1\p1_04_extension_20260905\runs\surgery__S2__01_standardization,98405362515ee5d9dc2057959e2d722654846f3e67756ad8d0fd549a930d3824,D:\Codex_分拆Prompt嚴格無到院\outputs\v2\specialty_opname_v1\p1_04_extension_20260905\local_dispatch_full\validations\surgery__S2__01_standardization\98405362515ee5d9_3c510f4d0008.report.json,35ffe13c4fda987c0daf56cbfe2fd5014c8258455cb23bc4d863421d73f05899
surgery__S2__01_standardization,surgery,S2,ablation,01_standardization,01_standardization / logistic_unscaled,logistic_unscaled,validation_2024,RAW_RECORDED_PREDICTIONS,raw,VALIDATED_COMPUTED,Full locked input feature order,d5d5e2d8a0734a0ce9af97a6606994868307c154f09eee30ee788ada6108d568,764,"0.83662 [0.742277, 0.920928]","0.23442 [0.0962847, 0.449619]",2712,24,0.8366195436507936,0.7422765973708806,0.9209276781292436,0.23441985123263956,0.09628465587769823,0.4496189342592436,0.01920729749882169,0.015303317045424125,0.02320862821444741,0.23684210526315788,-0.012536873156342183,0.5,0.5,0.5,0.375,0.9840029761904762,0.17307692307692307,0.9943609022556391,9,43,2645,15,ESTIMATED,ESTIMATED,ESTIMATED,ad7ca72b10793842ba8fdc8859126bc4bad1b65e1030d4fb45bc7f9bdd76145c,"Descriptive arm estimate. CI is an individual-arm CI, not a paired-difference CI; no significance claim for a delta. Raw layer; operating point is the recorded P104 comparator rule, not a final clinical threshold.",D:\Codex_分拆Prompt嚴格無到院\outputs\v2\specialty_opname_v1\p1_04_extension_20260905\runs\surgery__S2__01_standardization,98405362515ee5d9dc2057959e2d722654846f3e67756ad8d0fd549a930d3824,D:\Codex_分拆Prompt嚴格無到院\outputs\v2\specialty_opname_v1\p1_04_extension_20260905\local_dispatch_full\validations\surgery__S2__01_standardization\98405362515ee5d9_3c510f4d0008.report.json,35ffe13c4fda987c0daf56cbfe2fd5014c8258455cb23bc4d863421d73f05899
surgery__S2__02_time_variables,surgery,S2,ablation,02_time_variables,02_time_variables / locked_full,locked_full,oof_2020_2023,RAW_RECORDED_PREDICTIONS,raw,VALIDATED_COMPUTED,Full locked input feature order,d5d5e2d8a0734a0ce9af97a6606994868307c154f09eee30ee788ada6108d568,764,"0.946777 [0.921842, 0.968814]","0.224287 [0.141633, 0.372108]",8731,52,0.9467769239632358,0.9218419752031315,0.9688139227803209,0.22428705124381892,0.1416332687265943,0.3721076078106122,0.005162959520454831,0.004790289273111896,0.0055171581330985845,0.0,-0.00011453441759248655,0.5,0.5,0.5,0.0,0.99988477935246,0.0,0.9940435280641466,0,1,8678,52,ESTIMATED,ESTIMATED,ESTIMATED,3b8e5e950942afa497fb5c1add095e6bc2632c086131c4326c07bb9f3f57eafa,"Descriptive arm estimate. CI is an individual-arm CI, not a paired-difference CI; no significance claim for a delta. Raw layer; operating point is the recorded P104 comparator rule, not a final clinical threshold. Primary amended time contrast uses the exact corrected plan; old20 results are secondary evidence only.",D:\Codex_分拆Prompt嚴格無到院\outputs\v2\specialty_opname_v1\time_interval_complete_successor_20260905\runs\surgery__S2__02_time_variables,d3bd3be1288dbcf99a6c0e3679a8368a20da7555b6c259fa45dcc18f8910577b,D:\Codex_分拆Prompt嚴格無到院\outputs\v2\specialty_opname_v1\time_interval_complete_successor_20260905\runs\surgery__S2__02_time_variables\validation_report.json,1b6284fffdadb00883d2dcd0342fe7e8e3e6af8593d04a4a942e88eaa3c65b68
surgery__S2__02_time_variables,surgery,S2,ablation,02_time_variables,02_time_variables / locked_full,locked_full,validation_2024,RAW_RECORDED_PREDICTIONS,raw,VALIDATED_COMPUTED,Full locked input feature order,d5d5e2d8a0734a0ce9af97a6606994868307c154f09eee30ee788ada6108d568,764,"0.944568 [0.907965, 0.974505]","0.425205 [0.244714, 0.626546]",2712,24,0.9445684523809523,0.9079654601567788,0.9745049100530278,0.4252054919188533,0.244714106504399,0.626546315119716,0.0064471872079073,0.005355663880819726,0.007621946139239993,0.2222222222222222,0.0011061946902654867,0.5,0.5,0.5,0.125,1.0,1.0,0.9922480620155039,3,0,2688,21,ESTIMATED,ESTIMATED,ESTIMATED,ad7ca72b10793842ba8fdc8859126bc4bad1b65e1030d4fb45bc7f9bdd76145c,"Descriptive arm estimate. CI is an individual-arm CI, not a paired-difference CI; no significance claim for a delta. Raw layer; operating point is the recorded P104 comparator rule, not a final clinical threshold. Primary amended time contrast uses the exact corrected plan; old20 results are secondary evidence only.",D:\Codex_分拆Prompt嚴格無到院\outputs\v2\specialty_opname_v1\time_interval_complete_successor_20260905\runs\surgery__S2__02_time_variables,d3bd3be1288dbcf99a6c0e3679a8368a20da7555b6c259fa45dcc18f8910577b,D:\Codex_分拆Prompt嚴格無到院\outputs\v2\specialty_opname_v1\time_interval_complete_successor_20260905\runs\surgery__S2__02_time_variables\validation_report.json,1b6284fffdadb00883d2dcd0342fe7e8e3e6af8593d04a4a942e88eaa3c65b68
surgery__S2__02_time_variables,surgery,S2,ablation,02_time_variables,02_time_variables / without_time_intervals_complete,without_time_intervals_complete,oof_2020_2023,RAW_RECORDED_PREDICTIONS,raw,VALIDATED_COMPUTED,Exact corrected time-plan inputs; original time group and six transport-interval aliases excluded,4134699b4820dc78a3efecb755bbe61150f1bbeb88a8b157c8816e5bec8558f4,738,"0.95073 [0.92628, 0.970877]","0.243037 [0.149965, 0.3833]",8731,52,0.9507298784865326,0.9262803105146472,0.9708772880107669,0.24303704188023556,0.1499645249855849,0.38329961386127426,0.005159836818111109,0.004802157162238572,0.005522140804496335,0.0,-0.00011453441759248655,0.5,0.5,0.5,0.0,0.99988477935246,0.0,0.9940435280641466,0,1,8678,52,ESTIMATED,ESTIMATED,ESTIMATED,3b8e5e950942afa497fb5c1add095e6bc2632c086131c4326c07bb9f3f57eafa,"Descriptive arm estimate. CI is an individual-arm CI, not a paired-difference CI; no significance claim for a delta. Raw layer; operating point is the recorded P104 comparator rule, not a final clinical threshold. Primary amended time contrast uses the exact corrected plan; old20 results are secondary evidence only.",D:\Codex_分拆Prompt嚴格無到院\outputs\v2\specialty_opname_v1\time_interval_complete_successor_20260905\runs\surgery__S2__02_time_variables,d3bd3be1288dbcf99a6c0e3679a8368a20da7555b6c259fa45dcc18f8910577b,D:\Codex_分拆Prompt嚴格無到院\outputs\v2\specialty_opname_v1\time_interval_complete_successor_20260905\runs\surgery__S2__02_time_variables\validation_report.json,1b6284fffdadb00883d2dcd0342fe7e8e3e6af8593d04a4a942e88eaa3c65b68
surgery__S2__02_time_variables,surgery,S2,ablation,02_time_variables,02_time_variables / without_time_intervals_complete,without_time_intervals_complete,validation_2024,RAW_RECORDED_PREDICTIONS,raw,VALIDATED_COMPUTED,Exact corrected time-plan inputs; original time group and six transport-interval aliases excluded,4134699b4820dc78a3efecb755bbe61150f1bbeb88a8b157c8816e5bec8558f4,738,"0.945809 [0.909911, 0.976138]","0.415059 [0.238145, 0.63262]",2712,24,0.9458085317460317,0.9099108009784153,0.9761381230132946,0.41505925550587214,0.23814472424424515,0.6326198494236518,0.006494765057084771,0.005214059337963934,0.0077351280039788676,0.26666666666666666,0.0007374631268436578,0.5,0.5,0.5,0.16666666666666666,0.9992559523809523,0.6666666666666666,0.9926090169992609,4,2,2686,20,ESTIMATED,ESTIMATED,ESTIMATED,ad7ca72b10793842ba8fdc8859126bc4bad1b65e1030d4fb45bc7f9bdd76145c,"Descriptive arm estimate. CI is an individual-arm CI, not a paired-difference CI; no significance claim for a delta. Raw layer; operating point is the recorded P104 comparator rule, not a final clinical threshold. Primary amended time contrast uses the exact corrected plan; old20 results are secondary evidence only.",D:\Codex_分拆Prompt嚴格無到院\outputs\v2\specialty_opname_v1\time_interval_complete_successor_20260905\runs\surgery__S2__02_time_variables,d3bd3be1288dbcf99a6c0e3679a8368a20da7555b6c259fa45dcc18f8910577b,D:\Codex_分拆Prompt嚴格無到院\outputs\v2\specialty_opname_v1\time_interval_complete_successor_20260905\runs\surgery__S2__02_time_variables\validation_report.json,1b6284fffdadb00883d2dcd0342fe7e8e3e6af8593d04a4a942e88eaa3c65b68
surgery__S2__03_emt_treatment,surgery,S2,ablation,03_emt_treatment,03_emt_treatment / locked_full,locked_full,oof_2020_2023,RAW_RECORDED_PREDICTIONS,raw,VALIDATED_COMPUTED,Full locked input feature order,d5d5e2d8a0734a0ce9af97a6606994868307c154f09eee30ee788ada6108d568,764,"0.946777 [0.921842, 0.968814]","0.224287 [0.141633, 0.372108]",8731,52,0.9467769239632358,0.9218419752031315,0.9688139227803209,0.22428705124381892,0.1416332687265943,0.3721076078106122,0.005162959520454831,0.004790289273111896,0.0055171581330985845,0.0,-0.00011453441759248655,0.5,0.5,0.5,0.0,0.99988477935246,0.0,0.9940435280641466,0,1,8678,52,ESTIMATED,ESTIMATED,ESTIMATED,3b8e5e950942afa497fb5c1add095e6bc2632c086131c4326c07bb9f3f57eafa,"Descriptive arm estimate. CI is an individual-arm CI, not a paired-difference CI; no significance claim for a delta. Raw layer; operating point is the recorded P104 comparator rule, not a final clinical threshold.",D:\Codex_分拆Prompt嚴格無到院\outputs\v2\.p104rv\sweep_20260906T171453Z_account-08_v2\t22\r,01cb63652205ba53e4e611bab0cf960fb31732ed03d909b1db9b5a8c00904bd5,D:\Codex_分拆Prompt嚴格無到院\outputs\v2\.p104k10\cloud_validation_index_20260906T211456Z\task_surgery__S2__03_emt_treatment_validation.json,6861e95bee77e35c1f55d685661a5077652d168a27fa84e73358efcc321c0d4d
surgery__S2__03_emt_treatment,surgery,S2,ablation,03_emt_treatment,03_emt_treatment / locked_full,locked_full,validation_2024,RAW_RECORDED_PREDICTIONS,raw,VALIDATED_COMPUTED,Full locked input feature order,d5d5e2d8a0734a0ce9af97a6606994868307c154f09eee30ee788ada6108d568,764,"0.944568 [0.907965, 0.974505]","0.425205 [0.244714, 0.626546]",2712,24,0.9445684523809523,0.9079654601567788,0.9745049100530278,0.4252054919188533,0.244714106504399,0.626546315119716,0.0064471872079073,0.005355663880819726,0.007621946139239993,0.2222222222222222,0.0011061946902654867,0.5,0.5,0.5,0.125,1.0,1.0,0.9922480620155039,3,0,2688,21,ESTIMATED,ESTIMATED,ESTIMATED,ad7ca72b10793842ba8fdc8859126bc4bad1b65e1030d4fb45bc7f9bdd76145c,"Descriptive arm estimate. CI is an individual-arm CI, not a paired-difference CI; no significance claim for a delta. Raw layer; operating point is the recorded P104 comparator rule, not a final clinical threshold.",D:\Codex_分拆Prompt嚴格無到院\outputs\v2\.p104rv\sweep_20260906T171453Z_account-08_v2\t22\r,01cb63652205ba53e4e611bab0cf960fb31732ed03d909b1db9b5a8c00904bd5,D:\Codex_分拆Prompt嚴格無到院\outputs\v2\.p104k10\cloud_validation_index_20260906T211456Z\task_surgery__S2__03_emt_treatment_validation.json,6861e95bee77e35c1f55d685661a5077652d168a27fa84e73358efcc321c0d4d
surgery__S2__03_emt_treatment,surgery,S2,ablation,03_emt_treatment,03_emt_treatment / without_emt_treatment,without_emt_treatment,oof_2020_2023,RAW_RECORDED_PREDICTIONS,raw,VALIDATED_COMPUTED,Full inputs excluding source-defined emt_treatment,8729234a9522c03841d126bd593d462cbbdfe532c85f62a35343b36e9241d6fd,672,"0.948764 [0.919608, 0.96887]","0.219577 [0.131819, 0.348799]",8731,52,0.9487644801333014,0.9196081694970484,0.968869694283403,0.21957697013080973,0.13181943992874925,0.3487993836511347,0.0051961624060993606,0.00482935081482189,0.005564748495436016,0.0,-0.00011453441759248655,0.5,0.5,0.5,0.0,0.99988477935246,0.0,0.9940435280641466,0,1,8678,52,ESTIMATED,ESTIMATED,ESTIMATED,3b8e5e950942afa497fb5c1add095e6bc2632c086131c4326c07bb9f3f57eafa,"Descriptive arm estimate. CI is an individual-arm CI, not a paired-difference CI; no significance claim for a delta. Raw layer; operating point is the recorded P104 comparator rule, not a final clinical threshold.",D:\Codex_分拆Prompt嚴格無到院\outputs\v2\.p104rv\sweep_20260906T171453Z_account-08_v2\t22\r,01cb63652205ba53e4e611bab0cf960fb31732ed03d909b1db9b5a8c00904bd5,D:\Codex_分拆Prompt嚴格無到院\outputs\v2\.p104k10\cloud_validation_index_20260906T211456Z\task_surgery__S2__03_emt_treatment_validation.json,6861e95bee77e35c1f55d685661a5077652d168a27fa84e73358efcc321c0d4d
surgery__S2__03_emt_treatment,surgery,S2,ablation,03_emt_treatment,03_emt_treatment / without_emt_treatment,without_emt_treatment,validation_2024,RAW_RECORDED_PREDICTIONS,raw,VALIDATED_COMPUTED,Full inputs excluding source-defined emt_treatment,8729234a9522c03841d126bd593d462cbbdfe532c85f62a35343b36e9241d6fd,672,"0.943375 [0.905129, 0.975318]","0.417623 [0.247174, 0.635876]",2712,24,0.9433748759920635,0.9051291640544228,0.9753179007967061,0.41762340708124385,0.24717390026572003,0.6358759091151215,0.006568600400021742,0.005463052054636454,0.007653054408127619,0.14285714285714285,0.0,0.5,0.5,0.5,0.08333333333333333,0.9992559523809523,0.5,0.9918759231905465,2,2,2686,22,ESTIMATED,ESTIMATED,ESTIMATED,ad7ca72b10793842ba8fdc8859126bc4bad1b65e1030d4fb45bc7f9bdd76145c,"Descriptive arm estimate. CI is an individual-arm CI, not a paired-difference CI; no significance claim for a delta. Raw layer; operating point is the recorded P104 comparator rule, not a final clinical threshold.",D:\Codex_分拆Prompt嚴格無到院\outputs\v2\.p104rv\sweep_20260906T171453Z_account-08_v2\t22\r,01cb63652205ba53e4e611bab0cf960fb31732ed03d909b1db9b5a8c00904bd5,D:\Codex_分拆Prompt嚴格無到院\outputs\v2\.p104k10\cloud_validation_index_20260906T211456Z\task_surgery__S2__03_emt_treatment_validation.json,6861e95bee77e35c1f55d685661a5077652d168a27fa84e73358efcc321c0d4d
surgery__S2__04_gcs_consciousness,surgery,S2,ablation,04_gcs_consciousness,04_gcs_consciousness / locked_full,locked_full,oof_2020_2023,RAW_RECORDED_PREDICTIONS,raw,VALIDATED_COMPUTED,Full locked input feature order,d5d5e2d8a0734a0ce9af97a6606994868307c154f09eee30ee788ada6108d568,764,"0.946777 [0.921842, 0.968814]","0.224287 [0.141633, 0.372108]",8731,52,0.9467769239632358,0.9218419752031315,0.9688139227803209,0.22428705124381892,0.1416332687265943,0.3721076078106122,0.005162959520454831,0.004790289273111896,0.0055171581330985845,0.0,-0.00011453441759248655,0.5,0.5,0.5,0.0,0.99988477935246,0.0,0.9940435280641466,0,1,8678,52,ESTIMATED,ESTIMATED,ESTIMATED,3b8e5e950942afa497fb5c1add095e6bc2632c086131c4326c07bb9f3f57eafa,"Descriptive arm estimate. CI is an individual-arm CI, not a paired-difference CI; no significance claim for a delta. Raw layer; operating point is the recorded P104 comparator rule, not a final clinical threshold.",D:\Codex_分拆Prompt嚴格無到院\outputs\v2\.p104rv\sweep_20260906T171453Z_account-09_v2\t22\r,60d5220a30db46a43d096ebd9fb22d667fff2780bcc96fb5514838f0bcca3375,D:\Codex_分拆Prompt嚴格無到院\outputs\v2\.p104k10\cloud_validation_index_20260906T211456Z\task_surgery__S2__04_gcs_consciousness_validation.json,7b1adf7e3f2223ac7ffe23c3efc849707b2cc251b1e87ff9cf31eed6cc11c875
surgery__S2__04_gcs_consciousness,surgery,S2,ablation,04_gcs_consciousness,04_gcs_consciousness / locked_full,locked_full,validation_2024,RAW_RECORDED_PREDICTIONS,raw,VALIDATED_COMPUTED,Full locked input feature order,d5d5e2d8a0734a0ce9af97a6606994868307c154f09eee30ee788ada6108d568,764,"0.944568 [0.907965, 0.974505]","0.425205 [0.244714, 0.626546]",2712,24,0.9445684523809523,0.9079654601567788,0.9745049100530278,0.4252054919188533,0.244714106504399,0.626546315119716,0.0064471872079073,0.005355663880819726,0.007621946139239993,0.2222222222222222,0.0011061946902654867,0.5,0.5,0.5,0.125,1.0,1.0,0.9922480620155039,3,0,2688,21,ESTIMATED,ESTIMATED,ESTIMATED,ad7ca72b10793842ba8fdc8859126bc4bad1b65e1030d4fb45bc7f9bdd76145c,"Descriptive arm estimate. CI is an individual-arm CI, not a paired-difference CI; no significance claim for a delta. Raw layer; operating point is the recorded P104 comparator rule, not a final clinical threshold.",D:\Codex_分拆Prompt嚴格無到院\outputs\v2\.p104rv\sweep_20260906T171453Z_account-09_v2\t22\r,60d5220a30db46a43d096ebd9fb22d667fff2780bcc96fb5514838f0bcca3375,D:\Codex_分拆Prompt嚴格無到院\outputs\v2\.p104k10\cloud_validation_index_20260906T211456Z\task_surgery__S2__04_gcs_consciousness_validation.json,7b1adf7e3f2223ac7ffe23c3efc849707b2cc251b1e87ff9cf31eed6cc11c875
surgery__S2__04_gcs_consciousness,surgery,S2,ablation,04_gcs_consciousness,04_gcs_consciousness / without_gcs_consciousness,without_gcs_consciousness,oof_2020_2023,RAW_RECORDED_PREDICTIONS,raw,VALIDATED_COMPUTED,Full inputs excluding source-defined gcs_consciousness,96da2f388f093d3a5dad841e1d389aeeb55c27e3fb7bdbd9924937a80904969d,705,"0.944796 [0.916356, 0.966503]","0.238685 [0.143636, 0.384502]",8731,52,0.9447960151382205,0.916356378615477,0.9665030017465105,0.2386850723619443,0.14363578470414015,0.3845017754292395,0.0051727272540001935,0.004774276827784529,0.005526116690787965,0.0,-0.00011453441759248655,0.5,0.5,0.5,0.0,0.99988477935246,0.0,0.9940435280641466,0,1,8678,52,ESTIMATED,ESTIMATED,ESTIMATED,3b8e5e950942afa497fb5c1add095e6bc2632c086131c4326c07bb9f3f57eafa,"Descriptive arm estimate. CI is an individual-arm CI, not a paired-difference CI; no significance claim for a delta. Raw layer; operating point is the recorded P104 comparator rule, not a final clinical threshold.",D:\Codex_分拆Prompt嚴格無到院\outputs\v2\.p104rv\sweep_20260906T171453Z_account-09_v2\t22\r,60d5220a30db46a43d096ebd9fb22d667fff2780bcc96fb5514838f0bcca3375,D:\Codex_分拆Prompt嚴格無到院\outputs\v2\.p104k10\cloud_validation_index_20260906T211456Z\task_surgery__S2__04_gcs_consciousness_validation.json,7b1adf7e3f2223ac7ffe23c3efc849707b2cc251b1e87ff9cf31eed6cc11c875
surgery__S2__04_gcs_consciousness,surgery,S2,ablation,04_gcs_consciousness,04_gcs_consciousness / without_gcs_consciousness,without_gcs_consciousness,validation_2024,RAW_RECORDED_PREDICTIONS,raw,VALIDATED_COMPUTED,Full inputs excluding source-defined gcs_consciousness,96da2f388f093d3a5dad841e1d389aeeb55c27e3fb7bdbd9924937a80904969d,705,"0.948041 [0.909993, 0.977013]","0.465325 [0.278729, 0.671952]",2712,24,0.9480406746031746,0.9099928000743218,0.9770133608585013,0.46532520878318934,0.27872933506477837,0.6719515054704923,0.0063696039008488544,0.005176994736097092,0.007553344148829421,0.2857142857142857,0.0014749262536873156,0.5,0.5,0.5,0.16666666666666666,1.0,1.0,0.9926144756277696,4,0,2688,20,ESTIMATED,ESTIMATED,ESTIMATED,ad7ca72b10793842ba8fdc8859126bc4bad1b65e1030d4fb45bc7f9bdd76145c,"Descriptive arm estimate. CI is an individual-arm CI, not a paired-difference CI; no significance claim for a delta. Raw layer; operating point is the recorded P104 comparator rule, not a final clinical threshold.",D:\Codex_分拆Prompt嚴格無到院\outputs\v2\.p104rv\sweep_20260906T171453Z_account-09_v2\t22\r,60d5220a30db46a43d096ebd9fb22d667fff2780bcc96fb5514838f0bcca3375,D:\Codex_分拆Prompt嚴格無到院\outputs\v2\.p104k10\cloud_validation_index_20260906T211456Z\task_surgery__S2__04_gcs_consciousness_validation.json,7b1adf7e3f2223ac7ffe23c3efc849707b2cc251b1e87ff9cf31eed6cc11c875
surgery__S2__05_shock_index_rsig,surgery,S2,ablation,05_shock_index_rsig,05_shock_index_rsig / locked_full,locked_full,oof_2020_2023,RAW_RECORDED_PREDICTIONS,raw,VALIDATED_COMPUTED,Full locked input feature order,d5d5e2d8a0734a0ce9af97a6606994868307c154f09eee30ee788ada6108d568,764,"0.946777 [0.921842, 0.968814]","0.224287 [0.141633, 0.372108]",8731,52,0.9467769239632358,0.9218419752031315,0.9688139227803209,0.22428705124381892,0.1416332687265943,0.3721076078106122,0.005162959520454831,0.004790289273111896,0.0055171581330985845,0.0,-0.00011453441759248655,0.5,0.5,0.5,0.0,0.99988477935246,0.0,0.9940435280641466,0,1,8678,52,ESTIMATED,ESTIMATED,ESTIMATED,3b8e5e950942afa497fb5c1add095e6bc2632c086131c4326c07bb9f3f57eafa,"Descriptive arm estimate. CI is an individual-arm CI, not a paired-difference CI; no significance claim for a delta. Raw layer; operating point is the recorded P104 comparator rule, not a final clinical threshold.",D:\Codex_分拆Prompt嚴格無到院\outputs\v2\.p104rv\sweep_20260906T151250Z_account-10_v2\t22\r,8b7de256d82b5caf8815e0ba7f8313447b1e657b91d966db29689d87553431f2,D:\Codex_分拆Prompt嚴格無到院\outputs\v2\.p104k10\cloud_validation_index_20260906T211456Z\task_surgery__S2__05_shock_index_rsig_validation.json,a7a9f41705970849432edb84069726fcda2d45d7bebd0a65b7f52e2ec0780fd8
surgery__S2__05_shock_index_rsig,surgery,S2,ablation,05_shock_index_rsig,05_shock_index_rsig / locked_full,locked_full,validation_2024,RAW_RECORDED_PREDICTIONS,raw,VALIDATED_COMPUTED,Full locked input feature order,d5d5e2d8a0734a0ce9af97a6606994868307c154f09eee30ee788ada6108d568,764,"0.944568 [0.907965, 0.974505]","0.425205 [0.244714, 0.626546]",2712,24,0.9445684523809523,0.9079654601567788,0.9745049100530278,0.4252054919188533,0.244714106504399,0.626546315119716,0.0064471872079073,0.005355663880819726,0.007621946139239993,0.2222222222222222,0.0011061946902654867,0.5,0.5,0.5,0.125,1.0,1.0,0.9922480620155039,3,0,2688,21,ESTIMATED,ESTIMATED,ESTIMATED,ad7ca72b10793842ba8fdc8859126bc4bad1b65e1030d4fb45bc7f9bdd76145c,"Descriptive arm estimate. CI is an individual-arm CI, not a paired-difference CI; no significance claim for a delta. Raw layer; operating point is the recorded P104 comparator rule, not a final clinical threshold.",D:\Codex_分拆Prompt嚴格無到院\outputs\v2\.p104rv\sweep_20260906T151250Z_account-10_v2\t22\r,8b7de256d82b5caf8815e0ba7f8313447b1e657b91d966db29689d87553431f2,D:\Codex_分拆Prompt嚴格無到院\outputs\v2\.p104k10\cloud_validation_index_20260906T211456Z\task_surgery__S2__05_shock_index_rsig_validation.json,a7a9f41705970849432edb84069726fcda2d45d7bebd0a65b7f52e2ec0780fd8
surgery__S2__05_shock_index_rsig,surgery,S2,ablation,05_shock_index_rsig,05_shock_index_rsig / without_shock_index_rsig,without_shock_index_rsig,oof_2020_2023,RAW_RECORDED_PREDICTIONS,raw,VALIDATED_COMPUTED,Full inputs excluding source-defined shock_index_rsig,622faa177bc7a5c0a0264d57f4d33dd05051258db8a5647c23291c4a5c87f257,741,"0.938058 [0.902294, 0.964321]","0.238719 [0.143257, 0.365922]",8731,52,0.9380578230388116,0.902294014158556,0.9643205546425465,0.23871942581733463,0.14325674791826185,0.36592188183853414,0.005159301556844517,0.004779773650890509,0.005528364421429023,0.037037037037037035,0.0,0.5,0.5,0.5,0.019230769230769232,0.99988477935246,0.5,0.9941574063466606,1,1,8678,51,ESTIMATED,ESTIMATED,ESTIMATED,3b8e5e950942afa497fb5c1add095e6bc2632c086131c4326c07bb9f3f57eafa,"Descriptive arm estimate. CI is an individual-arm CI, not a paired-difference CI; no significance claim for a delta. Raw layer; operating point is the recorded P104 comparator rule, not a final clinical threshold.",D:\Codex_分拆Prompt嚴格無到院\outputs\v2\.p104rv\sweep_20260906T151250Z_account-10_v2\t22\r,8b7de256d82b5caf8815e0ba7f8313447b1e657b91d966db29689d87553431f2,D:\Codex_分拆Prompt嚴格無到院\outputs\v2\.p104k10\cloud_validation_index_20260906T211456Z\task_surgery__S2__05_shock_index_rsig_validation.json,a7a9f41705970849432edb84069726fcda2d45d7bebd0a65b7f52e2ec0780fd8
surgery__S2__05_shock_index_rsig,surgery,S2,ablation,05_shock_index_rsig,05_shock_index_rsig / without_shock_index_rsig,without_shock_index_rsig,validation_2024,RAW_RECORDED_PREDICTIONS,raw,VALIDATED_COMPUTED,Full inputs excluding source-defined shock_index_rsig,622faa177bc7a5c0a0264d57f4d33dd05051258db8a5647c23291c4a5c87f257,741,"0.94911 [0.910213, 0.979841]","0.469729 [0.288237, 0.669259]",2712,24,0.9491102430555556,0.9102129487166908,0.9798407612074237,0.46972934067746674,0.2882373670783411,0.669258538224545,0.006406814868920839,0.005325468250684521,0.007529356731631301,0.15384615384615385,0.0007374631268436578,0.5,0.5,0.5,0.08333333333333333,1.0,1.0,0.9918819188191882,2,0,2688,22,ESTIMATED,ESTIMATED,ESTIMATED,ad7ca72b10793842ba8fdc8859126bc4bad1b65e1030d4fb45bc7f9bdd76145c,"Descriptive arm estimate. CI is an individual-arm CI, not a paired-difference CI; no significance claim for a delta. Raw layer; operating point is the recorded P104 comparator rule, not a final clinical threshold.",D:\Codex_分拆Prompt嚴格無到院\outputs\v2\.p104rv\sweep_20260906T151250Z_account-10_v2\t22\r,8b7de256d82b5caf8815e0ba7f8313447b1e657b91d966db29689d87553431f2,D:\Codex_分拆Prompt嚴格無到院\outputs\v2\.p104k10\cloud_validation_index_20260906T211456Z\task_surgery__S2__05_shock_index_rsig_validation.json,a7a9f41705970849432edb84069726fcda2d45d7bebd0a65b7f52e2ec0780fd8
surgery__S2__06_vital_only_vs_full,surgery,S2,ablation,06_vital_only_vs_full,06_vital_only_vs_full / locked_full,locked_full,oof_2020_2023,RAW_RECORDED_PREDICTIONS,raw,VALIDATED_COMPUTED,Full locked input feature order,d5d5e2d8a0734a0ce9af97a6606994868307c154f09eee30ee788ada6108d568,764,"0.946777 [0.921842, 0.968814]","0.224287 [0.141633, 0.372108]",8731,52,0.9467769239632358,0.9218419752031315,0.9688139227803209,0.22428705124381892,0.1416332687265943,0.3721076078106122,0.005162959520454831,0.004790289273111896,0.0055171581330985845,0.0,-0.00011453441759248655,0.5,0.5,0.5,0.0,0.99988477935246,0.0,0.9940435280641466,0,1,8678,52,ESTIMATED,ESTIMATED,ESTIMATED,3b8e5e950942afa497fb5c1add095e6bc2632c086131c4326c07bb9f3f57eafa,"Descriptive arm estimate. CI is an individual-arm CI, not a paired-difference CI; no significance claim for a delta. Raw layer; operating point is the recorded P104 comparator rule, not a final clinical threshold.",D:\Codex_分拆Prompt嚴格無到院\outputs\v2\.p104rv\sweep_20260906T211456Z_account-01_v2\t23\r,40ff72c49f5ac97d6e0626c150aaaf9f9468316fc76a7b87897baac3572a6e9e,D:\Codex_分拆Prompt嚴格無到院\outputs\v2\.p104k10\cloud_validation_index_20260906T211456Z\task_surgery__S2__06_vital_only_vs_full_validation.json,7999d5f260d506fd5c987453336764d7cd11882a0d35395c384ecafc27fff2b0
surgery__S2__06_vital_only_vs_full,surgery,S2,ablation,06_vital_only_vs_full,06_vital_only_vs_full / locked_full,locked_full,validation_2024,RAW_RECORDED_PREDICTIONS,raw,VALIDATED_COMPUTED,Full locked input feature order,d5d5e2d8a0734a0ce9af97a6606994868307c154f09eee30ee788ada6108d568,764,"0.944568 [0.907965, 0.974505]","0.425205 [0.244714, 0.626546]",2712,24,0.9445684523809523,0.9079654601567788,0.9745049100530278,0.4252054919188533,0.244714106504399,0.626546315119716,0.0064471872079073,0.005355663880819726,0.007621946139239993,0.2222222222222222,0.0011061946902654867,0.5,0.5,0.5,0.125,1.0,1.0,0.9922480620155039,3,0,2688,21,ESTIMATED,ESTIMATED,ESTIMATED,ad7ca72b10793842ba8fdc8859126bc4bad1b65e1030d4fb45bc7f9bdd76145c,"Descriptive arm estimate. CI is an individual-arm CI, not a paired-difference CI; no significance claim for a delta. Raw layer; operating point is the recorded P104 comparator rule, not a final clinical threshold.",D:\Codex_分拆Prompt嚴格無到院\outputs\v2\.p104rv\sweep_20260906T211456Z_account-01_v2\t23\r,40ff72c49f5ac97d6e0626c150aaaf9f9468316fc76a7b87897baac3572a6e9e,D:\Codex_分拆Prompt嚴格無到院\outputs\v2\.p104k10\cloud_validation_index_20260906T211456Z\task_surgery__S2__06_vital_only_vs_full_validation.json,7999d5f260d506fd5c987453336764d7cd11882a0d35395c384ecafc27fff2b0
surgery__S2__06_vital_only_vs_full,surgery,S2,ablation,06_vital_only_vs_full,06_vital_only_vs_full / vital_only,vital_only,oof_2020_2023,RAW_RECORDED_PREDICTIONS,raw,VALIDATED_COMPUTED,Source-defined seven vital inputs,b7159d74cac9585de4a626c67f6e0ab787e218710adc8d4911e7cc0c608ac2c8,7,"0.799041 [0.724955, 0.866817]","0.0999946 [0.0566641, 0.193464]",8731,52,0.7990407881092292,0.7249545378255997,0.8668167546073071,0.09999457373674484,0.056664131742671514,0.19346398664774764,0.0056511592101347215,0.005321430913858316,0.005942356844850911,0.0,-0.0002290688351849731,0.5,0.5,0.5,0.0,0.9997695587049199,0.0,0.9940428456867911,0,2,8677,52,ESTIMATED,ESTIMATED,ESTIMATED,3b8e5e950942afa497fb5c1add095e6bc2632c086131c4326c07bb9f3f57eafa,"Descriptive arm estimate. CI is an individual-arm CI, not a paired-difference CI; no significance claim for a delta. Raw layer; operating point is the recorded P104 comparator rule, not a final clinical threshold.",D:\Codex_分拆Prompt嚴格無到院\outputs\v2\.p104rv\sweep_20260906T211456Z_account-01_v2\t23\r,40ff72c49f5ac97d6e0626c150aaaf9f9468316fc76a7b87897baac3572a6e9e,D:\Codex_分拆Prompt嚴格無到院\outputs\v2\.p104k10\cloud_validation_index_20260906T211456Z\task_surgery__S2__06_vital_only_vs_full_validation.json,7999d5f260d506fd5c987453336764d7cd11882a0d35395c384ecafc27fff2b0
surgery__S2__06_vital_only_vs_full,surgery,S2,ablation,06_vital_only_vs_full,06_vital_only_vs_full / vital_only,vital_only,validation_2024,RAW_RECORDED_PREDICTIONS,raw,VALIDATED_COMPUTED,Source-defined seven vital inputs,b7159d74cac9585de4a626c67f6e0ab787e218710adc8d4911e7cc0c608ac2c8,7,"0.856848 [0.754038, 0.943268]","0.306171 [0.148105, 0.498264]",2712,24,0.8568483382936509,0.7540381220396257,0.9432676479488669,0.3061707281231448,0.14810475351603225,0.49826446015410064,0.007212760491641189,0.006152015861594308,0.008174683637834475,0.15384615384615385,0.0007374631268436578,0.5,0.5,0.5,0.08333333333333333,1.0,1.0,0.9918819188191882,2,0,2688,22,ESTIMATED,ESTIMATED,ESTIMATED,ad7ca72b10793842ba8fdc8859126bc4bad1b65e1030d4fb45bc7f9bdd76145c,"Descriptive arm estimate. CI is an individual-arm CI, not a paired-difference CI; no significance claim for a delta. Raw layer; operating point is the recorded P104 comparator rule, not a final clinical threshold.",D:\Codex_分拆Prompt嚴格無到院\outputs\v2\.p104rv\sweep_20260906T211456Z_account-01_v2\t23\r,40ff72c49f5ac97d6e0626c150aaaf9f9468316fc76a7b87897baac3572a6e9e,D:\Codex_分拆Prompt嚴格無到院\outputs\v2\.p104k10\cloud_validation_index_20260906T211456Z\task_surgery__S2__06_vital_only_vs_full_validation.json,7999d5f260d506fd5c987453336764d7cd11882a0d35395c384ecafc27fff2b0
surgery__S2__07_logistic_vs_xgboost,surgery,S2,ablation,07_logistic_vs_xgboost,07_logistic_vs_xgboost / logistic_l2,logistic_l2,oof_2020_2023,RAW_RECORDED_PREDICTIONS,raw,VALIDATED_COMPUTED,Full locked input feature order,d5d5e2d8a0734a0ce9af97a6606994868307c154f09eee30ee788ada6108d568,764,"0.780581 [0.692149, 0.85616]","0.0864182 [0.0441084, 0.172247]",8731,52,0.7805811109043048,0.6921491787285732,0.8561600933778151,0.08641816149420106,0.04410835637780297,0.17224748453477917,0.02348672667226544,0.021011544704749356,0.026278364832459142,0.1232876712328767,-0.023365021188867255,0.5,0.5,0.5,0.34615384615384615,0.9744210162461113,0.075,0.9959957602167,18,222,8457,34,ESTIMATED,ESTIMATED,ESTIMATED,3b8e5e950942afa497fb5c1add095e6bc2632c086131c4326c07bb9f3f57eafa,"Descriptive arm estimate. CI is an individual-arm CI, not a paired-difference CI; no significance claim for a delta. Raw layer; operating point is the recorded P104 comparator rule, not a final clinical threshold.",D:\Codex_分拆Prompt嚴格無到院\outputs\v2\.p104k10\failed_revalidation_20260906T211456Z\f02\repo\outputs\v2\specialty_opname_v1\p1_04_extension_20260905\runs\surgery__S2__07_logistic_vs_xgboost,ccac93ceb1fca0eea008319954fdffe30380775cfd111affad39b544e8f1cc81,D:\Codex_分拆Prompt嚴格無到院\outputs\v2\.p104k10\cloud_validation_index_20260906T211456Z\task_surgery__S2__07_logistic_vs_xgboost_validation.json,b4e423d969733a55a1ba3561eb41841a74192b63c7074f5abd620a489c87aa07
surgery__S2__07_logistic_vs_xgboost,surgery,S2,ablation,07_logistic_vs_xgboost,07_logistic_vs_xgboost / logistic_l2,logistic_l2,validation_2024,RAW_RECORDED_PREDICTIONS,raw,VALIDATED_COMPUTED,Full locked input feature order,d5d5e2d8a0734a0ce9af97a6606994868307c154f09eee30ee788ada6108d568,764,"0.771345 [0.648864, 0.888331]","0.194038 [0.0844495, 0.383956]",2712,24,0.7713448660714286,0.6488636871663948,0.88833066765774,0.19403821472285393,0.08444951759460724,0.38395556550387205,0.024914193900830064,0.020185419236961284,0.030028539306671105,0.2222222222222222,-0.019542772861356934,0.5,0.5,0.5,0.4583333333333333,0.9761904761904762,0.14666666666666667,0.9950701554797118,11,64,2624,13,ESTIMATED,ESTIMATED,ESTIMATED,ad7ca72b10793842ba8fdc8859126bc4bad1b65e1030d4fb45bc7f9bdd76145c,"Descriptive arm estimate. CI is an individual-arm CI, not a paired-difference CI; no significance claim for a delta. Raw layer; operating point is the recorded P104 comparator rule, not a final clinical threshold.",D:\Codex_分拆Prompt嚴格無到院\outputs\v2\.p104k10\failed_revalidation_20260906T211456Z\f02\repo\outputs\v2\specialty_opname_v1\p1_04_extension_20260905\runs\surgery__S2__07_logistic_vs_xgboost,ccac93ceb1fca0eea008319954fdffe30380775cfd111affad39b544e8f1cc81,D:\Codex_分拆Prompt嚴格無到院\outputs\v2\.p104k10\cloud_validation_index_20260906T211456Z\task_surgery__S2__07_logistic_vs_xgboost_validation.json,b4e423d969733a55a1ba3561eb41841a74192b63c7074f5abd620a489c87aa07
surgery__S2__07_logistic_vs_xgboost,surgery,S2,ablation,07_logistic_vs_xgboost,07_logistic_vs_xgboost / xgboost,xgboost,oof_2020_2023,RAW_RECORDED_PREDICTIONS,raw,VALIDATED_COMPUTED,Full locked input feature order,d5d5e2d8a0734a0ce9af97a6606994868307c154f09eee30ee788ada6108d568,764,"0.945849 [0.918845, 0.9671]","0.179345 [0.111886, 0.306612]",8731,52,0.9458485114378651,0.9188446226562148,0.9671004213011651,0.17934460882517114,0.11188585676112771,0.30661240212250046,0.005403159694556276,0.004920605177471156,0.0058459350939929385,0.1016949152542373,-0.00011453441759248655,0.5,0.5,0.5,0.057692307692307696,0.9995391174098398,0.42857142857142855,0.9943833104080697,3,4,8675,49,ESTIMATED,ESTIMATED,ESTIMATED,3b8e5e950942afa497fb5c1add095e6bc2632c086131c4326c07bb9f3f57eafa,"Descriptive arm estimate. CI is an individual-arm CI, not a paired-difference CI; no significance claim for a delta. Raw layer; operating point is the recorded P104 comparator rule, not a final clinical threshold.",D:\Codex_分拆Prompt嚴格無到院\outputs\v2\.p104k10\failed_revalidation_20260906T211456Z\f02\repo\outputs\v2\specialty_opname_v1\p1_04_extension_20260905\runs\surgery__S2__07_logistic_vs_xgboost,ccac93ceb1fca0eea008319954fdffe30380775cfd111affad39b544e8f1cc81,D:\Codex_分拆Prompt嚴格無到院\outputs\v2\.p104k10\cloud_validation_index_20260906T211456Z\task_surgery__S2__07_logistic_vs_xgboost_validation.json,b4e423d969733a55a1ba3561eb41841a74192b63c7074f5abd620a489c87aa07
surgery__S2__07_logistic_vs_xgboost,surgery,S2,ablation,07_logistic_vs_xgboost,07_logistic_vs_xgboost / xgboost,xgboost,validation_2024,RAW_RECORDED_PREDICTIONS,raw,VALIDATED_COMPUTED,Full locked input feature order,d5d5e2d8a0734a0ce9af97a6606994868307c154f09eee30ee788ada6108d568,764,"0.957915 [0.927893, 0.982799]","0.384007 [0.227531, 0.589477]",2712,24,0.9579148065476191,0.9278931814619009,0.9827993516044584,0.38400737779551186,0.22753092265610886,0.5894774957217079,0.006743736357993367,0.00552512961209469,0.007916510806785031,0.26666666666666666,0.0007374631268436578,0.5,0.5,0.5,0.16666666666666666,0.9992559523809523,0.6666666666666666,0.9926090169992609,4,2,2686,20,ESTIMATED,ESTIMATED,ESTIMATED,ad7ca72b10793842ba8fdc8859126bc4bad1b65e1030d4fb45bc7f9bdd76145c,"Descriptive arm estimate. CI is an individual-arm CI, not a paired-difference CI; no significance claim for a delta. Raw layer; operating point is the recorded P104 comparator rule, not a final clinical threshold.",D:\Codex_分拆Prompt嚴格無到院\outputs\v2\.p104k10\failed_revalidation_20260906T211456Z\f02\repo\outputs\v2\specialty_opname_v1\p1_04_extension_20260905\runs\surgery__S2__07_logistic_vs_xgboost,ccac93ceb1fca0eea008319954fdffe30380775cfd111affad39b544e8f1cc81,D:\Codex_分拆Prompt嚴格無到院\outputs\v2\.p104k10\cloud_validation_index_20260906T211456Z\task_surgery__S2__07_logistic_vs_xgboost_validation.json,b4e423d969733a55a1ba3561eb41841a74192b63c7074f5abd620a489c87aa07
surgery__S2__08_median_vs_knn,surgery,S2,ablation,08_median_vs_knn,08_median_vs_knn / knn,knn,oof_2020_2023,RAW_RECORDED_PREDICTIONS,raw,VALIDATED_COMPUTED,Full locked input feature order,d5d5e2d8a0734a0ce9af97a6606994868307c154f09eee30ee788ada6108d568,764,"0.942385 [0.912296, 0.965618]","0.233165 [0.144279, 0.376988]",8731,52,0.9423852446666134,0.9122958351134363,0.9656181165613287,0.23316496323939934,0.14427940208527562,0.37698809204838496,0.0051479553733465005,0.004745644515864529,0.00551812893718523,0.037037037037037035,0.0,0.5,0.5,0.5,0.019230769230769232,0.99988477935246,0.5,0.9941574063466606,1,1,8678,51,ESTIMATED,ESTIMATED,ESTIMATED,3b8e5e950942afa497fb5c1add095e6bc2632c086131c4326c07bb9f3f57eafa,"Descriptive arm estimate. CI is an individual-arm CI, not a paired-difference CI; no significance claim for a delta. Raw layer; operating point is the recorded P104 comparator rule, not a final clinical threshold.",D:\Codex_分拆Prompt嚴格無到院\outputs\v2\.p104rv\sweep_20260906T171453Z_account-03_v2\t23\r,1307b8ced972c16bac8da961532df14eb4945632b8ca0ac1e9725b16e4e930e7,D:\Codex_分拆Prompt嚴格無到院\outputs\v2\.p104k10\cloud_validation_index_20260906T211456Z\task_surgery__S2__08_median_vs_knn_validation.json,a7f06e9f7295f3d0e4c35d8e8fa57f074cc9ec1dc4fa50ded620e13a26302af1
surgery__S2__08_median_vs_knn,surgery,S2,ablation,08_median_vs_knn,08_median_vs_knn / knn,knn,validation_2024,RAW_RECORDED_PREDICTIONS,raw,VALIDATED_COMPUTED,Full locked input feature order,d5d5e2d8a0734a0ce9af97a6606994868307c154f09eee30ee788ada6108d568,764,"0.94863 [0.917084, 0.976988]","0.441891 [0.266419, 0.653348]",2712,24,0.9486297123015874,0.9170844639027437,0.9769881467160855,0.44189134534028707,0.2664192938668219,0.6533476045322314,0.006388488555014245,0.0051691809466646995,0.007571281681360554,0.21428571428571427,0.0007374631268436578,0.5,0.5,0.5,0.125,0.9996279761904762,0.75,0.992245199409158,3,1,2687,21,ESTIMATED,ESTIMATED,ESTIMATED,ad7ca72b10793842ba8fdc8859126bc4bad1b65e1030d4fb45bc7f9bdd76145c,"Descriptive arm estimate. CI is an individual-arm CI, not a paired-difference CI; no significance claim for a delta. Raw layer; operating point is the recorded P104 comparator rule, not a final clinical threshold.",D:\Codex_分拆Prompt嚴格無到院\outputs\v2\.p104rv\sweep_20260906T171453Z_account-03_v2\t23\r,1307b8ced972c16bac8da961532df14eb4945632b8ca0ac1e9725b16e4e930e7,D:\Codex_分拆Prompt嚴格無到院\outputs\v2\.p104k10\cloud_validation_index_20260906T211456Z\task_surgery__S2__08_median_vs_knn_validation.json,a7f06e9f7295f3d0e4c35d8e8fa57f074cc9ec1dc4fa50ded620e13a26302af1
surgery__S2__08_median_vs_knn,surgery,S2,ablation,08_median_vs_knn,08_median_vs_knn / median,median,oof_2020_2023,RAW_RECORDED_PREDICTIONS,raw,VALIDATED_COMPUTED,Full locked input feature order,d5d5e2d8a0734a0ce9af97a6606994868307c154f09eee30ee788ada6108d568,764,"0.946777 [0.92166, 0.967125]","0.224287 [0.140035, 0.360246]",8731,52,0.9467769239632358,0.9216601314733941,0.9671248341367555,0.22428705124381892,0.14003460089386857,0.3602462484987161,0.005162959520454831,0.004808135064188954,0.005511734751563912,0.0,-0.00011453441759248655,0.5,0.5,0.5,0.0,0.99988477935246,0.0,0.9940435280641466,0,1,8678,52,ESTIMATED,ESTIMATED,ESTIMATED,3b8e5e950942afa497fb5c1add095e6bc2632c086131c4326c07bb9f3f57eafa,"Descriptive arm estimate. CI is an individual-arm CI, not a paired-difference CI; no significance claim for a delta. Raw layer; operating point is the recorded P104 comparator rule, not a final clinical threshold.",D:\Codex_分拆Prompt嚴格無到院\outputs\v2\.p104rv\sweep_20260906T171453Z_account-03_v2\t23\r,1307b8ced972c16bac8da961532df14eb4945632b8ca0ac1e9725b16e4e930e7,D:\Codex_分拆Prompt嚴格無到院\outputs\v2\.p104k10\cloud_validation_index_20260906T211456Z\task_surgery__S2__08_median_vs_knn_validation.json,a7f06e9f7295f3d0e4c35d8e8fa57f074cc9ec1dc4fa50ded620e13a26302af1
surgery__S2__08_median_vs_knn,surgery,S2,ablation,08_median_vs_knn,08_median_vs_knn / median,median,validation_2024,RAW_RECORDED_PREDICTIONS,raw,VALIDATED_COMPUTED,Full locked input feature order,d5d5e2d8a0734a0ce9af97a6606994868307c154f09eee30ee788ada6108d568,764,"0.944568 [0.907777, 0.974197]","0.425205 [0.24232, 0.635278]",2712,24,0.9445684523809523,0.9077772633592839,0.9741972046343451,0.4252054919188533,0.24231951006909513,0.6352779425636406,0.0064471872079073,0.00529053053671763,0.007599413808108232,0.2222222222222222,0.0011061946902654867,0.5,0.5,0.5,0.125,1.0,1.0,0.9922480620155039,3,0,2688,21,ESTIMATED,ESTIMATED,ESTIMATED,ad7ca72b10793842ba8fdc8859126bc4bad1b65e1030d4fb45bc7f9bdd76145c,"Descriptive arm estimate. CI is an individual-arm CI, not a paired-difference CI; no significance claim for a delta. Raw layer; operating point is the recorded P104 comparator rule, not a final clinical threshold.",D:\Codex_分拆Prompt嚴格無到院\outputs\v2\.p104rv\sweep_20260906T171453Z_account-03_v2\t23\r,1307b8ced972c16bac8da961532df14eb4945632b8ca0ac1e9725b16e4e930e7,D:\Codex_分拆Prompt嚴格無到院\outputs\v2\.p104k10\cloud_validation_index_20260906T211456Z\task_surgery__S2__08_median_vs_knn_validation.json,a7f06e9f7295f3d0e4c35d8e8fa57f074cc9ec1dc4fa50ded620e13a26302af1
surgery__S2__09_class_weight_smotenc_threshold,surgery,S2,ablation,09_class_weight_smotenc_threshold,09_class_weight_smotenc_threshold / class_weight,class_weight,oof_2020_2023,RAW_RECORDED_PREDICTIONS,raw,VALIDATED_COMPUTED,Full locked input feature order,d5d5e2d8a0734a0ce9af97a6606994868307c154f09eee30ee788ada6108d568,764,"0.780581 [0.69343, 0.858763]","0.0864182 [0.042395, 0.174677]",8731,52,0.7805811109043048,0.6934302978453128,0.8587633088338975,0.08641816149420106,0.04239495424569987,0.1746765460092619,0.02348672667226544,0.02086229346403185,0.026219091801465685,0.1232876712328767,-0.023365021188867255,0.5,0.5,0.5,0.34615384615384615,0.9744210162461113,0.075,0.9959957602167,18,222,8457,34,ESTIMATED,ESTIMATED,ESTIMATED,3b8e5e950942afa497fb5c1add095e6bc2632c086131c4326c07bb9f3f57eafa,"Descriptive arm estimate. CI is an individual-arm CI, not a paired-difference CI; no significance claim for a delta. Raw layer; operating point is the recorded P104 comparator rule, not a final clinical threshold.",D:\Codex_分拆Prompt嚴格無到院\outputs\v2\specialty_opname_v1\p1_04_extension_20260905\runs\surgery__S2__09_class_weight_smotenc_threshold,41ab4625f6e1847b8a272ea53e7467cb6a2e86b8a4f9cbfe2c23be97dd938467,D:\Codex_分拆Prompt嚴格無到院\outputs\v2\specialty_opname_v1\p1_04_extension_20260905\local_dispatch_full\validations\surgery__S2__09_class_weight_smotenc_threshold\41ab4625f6e1847b_3c510f4d0008.report.json,5b5a463501fd1ef4ed38631987f491703e51607f9b8e3e2486554cc8d2e1f5d1
surgery__S2__09_class_weight_smotenc_threshold,surgery,S2,ablation,09_class_weight_smotenc_threshold,09_class_weight_smotenc_threshold / class_weight,class_weight,validation_2024,RAW_RECORDED_PREDICTIONS,raw,VALIDATED_COMPUTED,Full locked input feature order,d5d5e2d8a0734a0ce9af97a6606994868307c154f09eee30ee788ada6108d568,764,"0.771345 [0.645101, 0.883287]","0.194038 [0.0811061, 0.384471]",2712,24,0.7713448660714286,0.6451009295227524,0.883286548861704,0.19403821472285393,0.08110608584966864,0.3844714378813398,0.024914193900830064,0.020084995637092488,0.0301161603852402,0.2222222222222222,-0.019542772861356934,0.5,0.5,0.5,0.4583333333333333,0.9761904761904762,0.14666666666666667,0.9950701554797118,11,64,2624,13,ESTIMATED,ESTIMATED,ESTIMATED,ad7ca72b10793842ba8fdc8859126bc4bad1b65e1030d4fb45bc7f9bdd76145c,"Descriptive arm estimate. CI is an individual-arm CI, not a paired-difference CI; no significance claim for a delta. Raw layer; operating point is the recorded P104 comparator rule, not a final clinical threshold.",D:\Codex_分拆Prompt嚴格無到院\outputs\v2\specialty_opname_v1\p1_04_extension_20260905\runs\surgery__S2__09_class_weight_smotenc_threshold,41ab4625f6e1847b8a272ea53e7467cb6a2e86b8a4f9cbfe2c23be97dd938467,D:\Codex_分拆Prompt嚴格無到院\outputs\v2\specialty_opname_v1\p1_04_extension_20260905\local_dispatch_full\validations\surgery__S2__09_class_weight_smotenc_threshold\41ab4625f6e1847b_3c510f4d0008.report.json,5b5a463501fd1ef4ed38631987f491703e51607f9b8e3e2486554cc8d2e1f5d1
surgery__S2__09_class_weight_smotenc_threshold,surgery,S2,ablation,09_class_weight_smotenc_threshold,09_class_weight_smotenc_threshold / smotenc,smotenc,oof_2020_2023,RAW_RECORDED_PREDICTIONS,raw,VALIDATED_COMPUTED,Full locked input feature order,d5d5e2d8a0734a0ce9af97a6606994868307c154f09eee30ee788ada6108d568,764,"0.772438 [0.691375, 0.847533]","0.0899472 [0.0474431, 0.1794]",8731,52,0.7724381132175809,0.691374607003829,0.8475328427236523,0.08994721758265199,0.04744309453208645,0.17939989386786181,0.01351695392407149,0.011706620821584792,0.015378220619457815,0.20606060606060606,-0.009048218989806437,0.5,0.5,0.5,0.3269230769230769,0.9889388178361562,0.1504424778761062,0.9959387328846601,17,96,8583,35,ESTIMATED,ESTIMATED,ESTIMATED,3b8e5e950942afa497fb5c1add095e6bc2632c086131c4326c07bb9f3f57eafa,"Descriptive arm estimate. CI is an individual-arm CI, not a paired-difference CI; no significance claim for a delta. Raw layer; operating point is the recorded P104 comparator rule, not a final clinical threshold.",D:\Codex_分拆Prompt嚴格無到院\outputs\v2\specialty_opname_v1\p1_04_extension_20260905\runs\surgery__S2__09_class_weight_smotenc_threshold,41ab4625f6e1847b8a272ea53e7467cb6a2e86b8a4f9cbfe2c23be97dd938467,D:\Codex_分拆Prompt嚴格無到院\outputs\v2\specialty_opname_v1\p1_04_extension_20260905\local_dispatch_full\validations\surgery__S2__09_class_weight_smotenc_threshold\41ab4625f6e1847b_3c510f4d0008.report.json,5b5a463501fd1ef4ed38631987f491703e51607f9b8e3e2486554cc8d2e1f5d1
surgery__S2__09_class_weight_smotenc_threshold,surgery,S2,ablation,09_class_weight_smotenc_threshold,09_class_weight_smotenc_threshold / smotenc,smotenc,validation_2024,RAW_RECORDED_PREDICTIONS,raw,VALIDATED_COMPUTED,Full locked input feature order,d5d5e2d8a0734a0ce9af97a6606994868307c154f09eee30ee788ada6108d568,764,"0.748775 [0.631619, 0.856127]","0.0765023 [0.0300748, 0.21358]",2712,24,0.7487754216269842,0.6316188994178125,0.8561266898227305,0.07650232623737858,0.03007481017173214,0.21358042317493123,0.015405476148206865,0.012439876656521437,0.018809273683168683,0.14545454545454545,-0.008480825958702065,0.5,0.5,0.5,0.16666666666666666,0.9899553571428571,0.12903225806451613,0.9925400969787392,4,27,2661,20,ESTIMATED,ESTIMATED,ESTIMATED,ad7ca72b10793842ba8fdc8859126bc4bad1b65e1030d4fb45bc7f9bdd76145c,"Descriptive arm estimate. CI is an individual-arm CI, not a paired-difference CI; no significance claim for a delta. Raw layer; operating point is the recorded P104 comparator rule, not a final clinical threshold.",D:\Codex_分拆Prompt嚴格無到院\outputs\v2\specialty_opname_v1\p1_04_extension_20260905\runs\surgery__S2__09_class_weight_smotenc_threshold,41ab4625f6e1847b8a272ea53e7467cb6a2e86b8a4f9cbfe2c23be97dd938467,D:\Codex_分拆Prompt嚴格無到院\outputs\v2\specialty_opname_v1\p1_04_extension_20260905\local_dispatch_full\validations\surgery__S2__09_class_weight_smotenc_threshold\41ab4625f6e1847b_3c510f4d0008.report.json,5b5a463501fd1ef4ed38631987f491703e51607f9b8e3e2486554cc8d2e1f5d1
surgery__S2__09_class_weight_smotenc_threshold,surgery,S2,ablation,09_class_weight_smotenc_threshold,09_class_weight_smotenc_threshold / threshold_shift,threshold_shift,oof_2020_2023,RAW_RECORDED_PREDICTIONS,raw,VALIDATED_COMPUTED,Full locked input feature order,d5d5e2d8a0734a0ce9af97a6606994868307c154f09eee30ee788ada6108d568,764,"0.771157 [0.682572, 0.85335]","0.107892 [0.0539168, 0.212363]",8731,52,0.7711573914045396,0.6825719916173603,0.8533497530767921,0.10789247971348663,0.05391678076808396,0.21236309885320703,0.008262028229801033,0.007100183672674992,0.009514301101236008,0.17687074829931973,-0.0004093083036828214,0.16563000153889698,0.14251639113768844,0.18357397483476537,0.25,0.9905519069017168,0.1368421052631579,0.9954840203798054,13,82,8597,39,ESTIMATED,ESTIMATED,ESTIMATED,3b8e5e950942afa497fb5c1add095e6bc2632c086131c4326c07bb9f3f57eafa,"Descriptive arm estimate. CI is an individual-arm CI, not a paired-difference CI; no significance claim for a delta. Raw layer; operating point is the recorded P104 comparator rule, not a final clinical threshold.",D:\Codex_分拆Prompt嚴格無到院\outputs\v2\specialty_opname_v1\p1_04_extension_20260905\runs\surgery__S2__09_class_weight_smotenc_threshold,41ab4625f6e1847b8a272ea53e7467cb6a2e86b8a4f9cbfe2c23be97dd938467,D:\Codex_分拆Prompt嚴格無到院\outputs\v2\specialty_opname_v1\p1_04_extension_20260905\local_dispatch_full\validations\surgery__S2__09_class_weight_smotenc_threshold\41ab4625f6e1847b_3c510f4d0008.report.json,5b5a463501fd1ef4ed38631987f491703e51607f9b8e3e2486554cc8d2e1f5d1
surgery__S2__09_class_weight_smotenc_threshold,surgery,S2,ablation,09_class_weight_smotenc_threshold,09_class_weight_smotenc_threshold / threshold_shift,threshold_shift,validation_2024,RAW_RECORDED_PREDICTIONS,raw,VALIDATED_COMPUTED,Full locked input feature order,d5d5e2d8a0734a0ce9af97a6606994868307c154f09eee30ee788ada6108d568,764,"0.846618 [0.741679, 0.934476]","0.285947 [0.138332, 0.498408]",2712,24,0.846617683531746,0.7416785973905362,0.9344762990602542,0.28594745086207995,0.1383321202020355,0.49840816774414665,0.01003039552724043,0.007363978900446761,0.012898802953769873,0.3384615384615385,0.0021341829336025435,0.14802004121623094,0.1480200412162309,0.1480200412162309,0.4583333333333333,0.9888392857142857,0.2682926829268293,0.9951329090228379,11,30,2658,13,ESTIMATED,ESTIMATED,ESTIMATED,ad7ca72b10793842ba8fdc8859126bc4bad1b65e1030d4fb45bc7f9bdd76145c,"Descriptive arm estimate. CI is an individual-arm CI, not a paired-difference CI; no significance claim for a delta. Raw layer; operating point is the recorded P104 comparator rule, not a final clinical threshold.",D:\Codex_分拆Prompt嚴格無到院\outputs\v2\specialty_opname_v1\p1_04_extension_20260905\runs\surgery__S2__09_class_weight_smotenc_threshold,41ab4625f6e1847b8a272ea53e7467cb6a2e86b8a4f9cbfe2c23be97dd938467,D:\Codex_分拆Prompt嚴格無到院\outputs\v2\specialty_opname_v1\p1_04_extension_20260905\local_dispatch_full\validations\surgery__S2__09_class_weight_smotenc_threshold\41ab4625f6e1847b_3c510f4d0008.report.json,5b5a463501fd1ef4ed38631987f491703e51607f9b8e3e2486554cc8d2e1f5d1
surgery__S2__10_prehospital_vs_ed_early,surgery,S2,ablation,10_prehospital_vs_ed_early,10_prehospital_vs_ed_early / locked_full,locked_full,oof_2020_2023,RAW_RECORDED_PREDICTIONS,raw,VALIDATED_COMPUTED,Full locked input feature order,d5d5e2d8a0734a0ce9af97a6606994868307c154f09eee30ee788ada6108d568,764,"0.946777 [0.921842, 0.968814]","0.224287 [0.141633, 0.372108]",8731,52,0.9467769239632358,0.9218419752031315,0.9688139227803209,0.22428705124381892,0.1416332687265943,0.3721076078106122,0.005162959520454831,0.004790289273111896,0.0055171581330985845,0.0,-0.00011453441759248655,0.5,0.5,0.5,0.0,0.99988477935246,0.0,0.9940435280641466,0,1,8678,52,ESTIMATED,ESTIMATED,ESTIMATED,3b8e5e950942afa497fb5c1add095e6bc2632c086131c4326c07bb9f3f57eafa,"Descriptive arm estimate. CI is an individual-arm CI, not a paired-difference CI; no significance claim for a delta. Raw layer; operating point is the recorded P104 comparator rule, not a final clinical threshold.",D:\Codex_分拆Prompt嚴格無到院\outputs\v2\.p104rv\sweep_20260906T161352Z_account-04_v3\t23\r,81da8586340273934a79aac1097caf5a26551e5594905bbb92e09fdc018ae317,D:\Codex_分拆Prompt嚴格無到院\outputs\v2\.p104k10\cloud_validation_index_20260906T211456Z\task_surgery__S2__10_prehospital_vs_ed_early_validation.json,d876b5343fb3c25f08523b103d84a0a2d828297dc1e9a137cfa73b2e45dd5e23
surgery__S2__10_prehospital_vs_ed_early,surgery,S2,ablation,10_prehospital_vs_ed_early,10_prehospital_vs_ed_early / locked_full,locked_full,validation_2024,RAW_RECORDED_PREDICTIONS,raw,VALIDATED_COMPUTED,Full locked input feature order,d5d5e2d8a0734a0ce9af97a6606994868307c154f09eee30ee788ada6108d568,764,"0.944568 [0.907965, 0.974505]","0.425205 [0.244714, 0.626546]",2712,24,0.9445684523809523,0.9079654601567788,0.9745049100530278,0.4252054919188533,0.244714106504399,0.626546315119716,0.0064471872079073,0.005355663880819726,0.007621946139239993,0.2222222222222222,0.0011061946902654867,0.5,0.5,0.5,0.125,1.0,1.0,0.9922480620155039,3,0,2688,21,ESTIMATED,ESTIMATED,ESTIMATED,ad7ca72b10793842ba8fdc8859126bc4bad1b65e1030d4fb45bc7f9bdd76145c,"Descriptive arm estimate. CI is an individual-arm CI, not a paired-difference CI; no significance claim for a delta. Raw layer; operating point is the recorded P104 comparator rule, not a final clinical threshold.",D:\Codex_分拆Prompt嚴格無到院\outputs\v2\.p104rv\sweep_20260906T161352Z_account-04_v3\t23\r,81da8586340273934a79aac1097caf5a26551e5594905bbb92e09fdc018ae317,D:\Codex_分拆Prompt嚴格無到院\outputs\v2\.p104k10\cloud_validation_index_20260906T211456Z\task_surgery__S2__10_prehospital_vs_ed_early_validation.json,d876b5343fb3c25f08523b103d84a0a2d828297dc1e9a137cfa73b2e45dd5e23
surgery__S2__10_prehospital_vs_ed_early,surgery,S2,ablation,10_prehospital_vs_ed_early,10_prehospital_vs_ed_early / plus_ed_early,plus_ed_early,oof_2020_2023,RAW_RECORDED_PREDICTIONS,raw,VALIDATED_COMPUTED,Full prehospital inputs plus separately labelled ED-early comparator inputs,a13b2333d99c92de94917b98c1bf5db5969fce60a635c467dff6a04ee3da0e03,790,"0.943989 [0.911209, 0.967383]","0.250678 [0.155035, 0.380915]",8731,52,0.9439894706054403,0.9112091991364822,0.9673826475923633,0.2506781027091231,0.15503494946264415,0.38091522236916603,0.00511416231635766,0.004734045106071114,0.005470178958272834,0.0,0.0,0.5,0.5,0.5,0.0,1.0,,0.9940442102851907,0,0,8679,52,ESTIMATED,ESTIMATED,ESTIMATED,3b8e5e950942afa497fb5c1add095e6bc2632c086131c4326c07bb9f3f57eafa,"Descriptive arm estimate. CI is an individual-arm CI, not a paired-difference CI; no significance claim for a delta. Raw layer; operating point is the recorded P104 comparator rule, not a final clinical threshold.",D:\Codex_分拆Prompt嚴格無到院\outputs\v2\.p104rv\sweep_20260906T161352Z_account-04_v3\t23\r,81da8586340273934a79aac1097caf5a26551e5594905bbb92e09fdc018ae317,D:\Codex_分拆Prompt嚴格無到院\outputs\v2\.p104k10\cloud_validation_index_20260906T211456Z\task_surgery__S2__10_prehospital_vs_ed_early_validation.json,d876b5343fb3c25f08523b103d84a0a2d828297dc1e9a137cfa73b2e45dd5e23
surgery__S2__10_prehospital_vs_ed_early,surgery,S2,ablation,10_prehospital_vs_ed_early,10_prehospital_vs_ed_early / plus_ed_early,plus_ed_early,validation_2024,RAW_RECORDED_PREDICTIONS,raw,VALIDATED_COMPUTED,Full prehospital inputs plus separately labelled ED-early comparator inputs,a13b2333d99c92de94917b98c1bf5db5969fce60a635c467dff6a04ee3da0e03,790,"0.949947 [0.915599, 0.977703]","0.465822 [0.277752, 0.669652]",2712,24,0.9499472966269842,0.9155990508334896,0.9777031220738565,0.46582152069804134,0.277751674836578,0.6696523419397608,0.006357507537621079,0.005067702711780066,0.007614549013165354,0.375,0.0014749262536873156,0.5,0.5,0.5,0.25,0.9992559523809523,0.75,0.9933431952662722,6,2,2686,18,ESTIMATED,ESTIMATED,ESTIMATED,ad7ca72b10793842ba8fdc8859126bc4bad1b65e1030d4fb45bc7f9bdd76145c,"Descriptive arm estimate. CI is an individual-arm CI, not a paired-difference CI; no significance claim for a delta. Raw layer; operating point is the recorded P104 comparator rule, not a final clinical threshold.",D:\Codex_分拆Prompt嚴格無到院\outputs\v2\.p104rv\sweep_20260906T161352Z_account-04_v3\t23\r,81da8586340273934a79aac1097caf5a26551e5594905bbb92e09fdc018ae317,D:\Codex_分拆Prompt嚴格無到院\outputs\v2\.p104k10\cloud_validation_index_20260906T211456Z\task_surgery__S2__10_prehospital_vs_ed_early_validation.json,d876b5343fb3c25f08523b103d84a0a2d828297dc1e9a137cfa73b2e45dd5e23
surgery__S2__11_collaborator_variables,surgery,S2,ablation,11_collaborator_variables,11_collaborator_variables / locked_full,locked_full,oof_2020_2023,RAW_RECORDED_PREDICTIONS,raw,VALIDATED_COMPUTED,Full locked input feature order,d5d5e2d8a0734a0ce9af97a6606994868307c154f09eee30ee788ada6108d568,764,"0.946777 [0.921842, 0.968814]","0.224287 [0.141633, 0.372108]",8731,52,0.9467769239632358,0.9218419752031315,0.9688139227803209,0.22428705124381892,0.1416332687265943,0.3721076078106122,0.005162959520454831,0.004790289273111896,0.0055171581330985845,0.0,-0.00011453441759248655,0.5,0.5,0.5,0.0,0.99988477935246,0.0,0.9940435280641466,0,1,8678,52,ESTIMATED,ESTIMATED,ESTIMATED,3b8e5e950942afa497fb5c1add095e6bc2632c086131c4326c07bb9f3f57eafa,"Descriptive arm estimate. CI is an individual-arm CI, not a paired-difference CI; no significance claim for a delta. Raw layer; operating point is the recorded P104 comparator rule, not a final clinical threshold.",D:\Codex_分拆Prompt嚴格無到院\outputs\v2\.p104rv\sweep_20260906T151250Z_account-05_v2\t23\r,1dc7854a2641b9e766ccc32f116f705f6853e65a9ab30ba3fb301d99e3d0e295,D:\Codex_分拆Prompt嚴格無到院\outputs\v2\.p104k10\cloud_validation_index_20260906T211456Z\task_surgery__S2__11_collaborator_variables_validation.json,b1cb2c9f1d39e1ae17169309a8606951856a62a069f1ff017df0513ffc511b97
surgery__S2__11_collaborator_variables,surgery,S2,ablation,11_collaborator_variables,11_collaborator_variables / locked_full,locked_full,validation_2024,RAW_RECORDED_PREDICTIONS,raw,VALIDATED_COMPUTED,Full locked input feature order,d5d5e2d8a0734a0ce9af97a6606994868307c154f09eee30ee788ada6108d568,764,"0.944568 [0.907965, 0.974505]","0.425205 [0.244714, 0.626546]",2712,24,0.9445684523809523,0.9079654601567788,0.9745049100530278,0.4252054919188533,0.244714106504399,0.626546315119716,0.0064471872079073,0.005355663880819726,0.007621946139239993,0.2222222222222222,0.0011061946902654867,0.5,0.5,0.5,0.125,1.0,1.0,0.9922480620155039,3,0,2688,21,ESTIMATED,ESTIMATED,ESTIMATED,ad7ca72b10793842ba8fdc8859126bc4bad1b65e1030d4fb45bc7f9bdd76145c,"Descriptive arm estimate. CI is an individual-arm CI, not a paired-difference CI; no significance claim for a delta. Raw layer; operating point is the recorded P104 comparator rule, not a final clinical threshold.",D:\Codex_分拆Prompt嚴格無到院\outputs\v2\.p104rv\sweep_20260906T151250Z_account-05_v2\t23\r,1dc7854a2641b9e766ccc32f116f705f6853e65a9ab30ba3fb301d99e3d0e295,D:\Codex_分拆Prompt嚴格無到院\outputs\v2\.p104k10\cloud_validation_index_20260906T211456Z\task_surgery__S2__11_collaborator_variables_validation.json,b1cb2c9f1d39e1ae17169309a8606951856a62a069f1ff017df0513ffc511b97
surgery__S2__11_collaborator_variables,surgery,S2,ablation,11_collaborator_variables,11_collaborator_variables / without_collaborator_variables_exact,without_collaborator_variables_exact,oof_2020_2023,RAW_RECORDED_PREDICTIONS,raw,VALIDATED_COMPUTED,Full inputs excluding source-defined collaborator_variables_exact,b99f46275695791d2b4760ac050107910386b57ca1ee6453e725319cacf616b2,754,"0.94502 [0.916265, 0.966749]","0.221558 [0.135548, 0.362423]",8731,52,0.9450198090882501,0.9162651032299778,0.9667490141977865,0.2215582891240524,0.1355482322600366,0.362422622392708,0.005174182034036927,0.00479228575073907,0.005536963899153947,0.0,-0.00011453441759248655,0.5,0.5,0.5,0.0,0.99988477935246,0.0,0.9940435280641466,0,1,8678,52,ESTIMATED,ESTIMATED,ESTIMATED,3b8e5e950942afa497fb5c1add095e6bc2632c086131c4326c07bb9f3f57eafa,"Descriptive arm estimate. CI is an individual-arm CI, not a paired-difference CI; no significance claim for a delta. Raw layer; operating point is the recorded P104 comparator rule, not a final clinical threshold.",D:\Codex_分拆Prompt嚴格無到院\outputs\v2\.p104rv\sweep_20260906T151250Z_account-05_v2\t23\r,1dc7854a2641b9e766ccc32f116f705f6853e65a9ab30ba3fb301d99e3d0e295,D:\Codex_分拆Prompt嚴格無到院\outputs\v2\.p104k10\cloud_validation_index_20260906T211456Z\task_surgery__S2__11_collaborator_variables_validation.json,b1cb2c9f1d39e1ae17169309a8606951856a62a069f1ff017df0513ffc511b97
surgery__S2__11_collaborator_variables,surgery,S2,ablation,11_collaborator_variables,11_collaborator_variables / without_collaborator_variables_exact,without_collaborator_variables_exact,validation_2024,RAW_RECORDED_PREDICTIONS,raw,VALIDATED_COMPUTED,Full inputs excluding source-defined collaborator_variables_exact,b99f46275695791d2b4760ac050107910386b57ca1ee6453e725319cacf616b2,754,"0.95066 [0.91834, 0.978529]","0.432435 [0.2621, 0.645684]",2712,24,0.9506603422619048,0.9183402508878993,0.9785287232655734,0.43243489510279287,0.2620998686148078,0.6456835676635072,0.0064975056239528015,0.005307790757482865,0.007644553100847128,0.21428571428571427,0.0007374631268436578,0.5,0.5,0.5,0.125,0.9996279761904762,0.75,0.992245199409158,3,1,2687,21,ESTIMATED,ESTIMATED,ESTIMATED,ad7ca72b10793842ba8fdc8859126bc4bad1b65e1030d4fb45bc7f9bdd76145c,"Descriptive arm estimate. CI is an individual-arm CI, not a paired-difference CI; no significance claim for a delta. Raw layer; operating point is the recorded P104 comparator rule, not a final clinical threshold.",D:\Codex_分拆Prompt嚴格無到院\outputs\v2\.p104rv\sweep_20260906T151250Z_account-05_v2\t23\r,1dc7854a2641b9e766ccc32f116f705f6853e65a9ab30ba3fb301d99e3d0e295,D:\Codex_分拆Prompt嚴格無到院\outputs\v2\.p104k10\cloud_validation_index_20260906T211456Z\task_surgery__S2__11_collaborator_variables_validation.json,b1cb2c9f1d39e1ae17169309a8606951856a62a069f1ff017df0513ffc511b97
surgery__S2__12_remove_distance,surgery,S2,ablation,12_remove_distance,12_remove_distance / locked_full,locked_full,oof_2020_2023,RAW_RECORDED_PREDICTIONS,raw,VALIDATED_COMPUTED,Full locked input feature order,d5d5e2d8a0734a0ce9af97a6606994868307c154f09eee30ee788ada6108d568,764,"0.946777 [0.921842, 0.968814]","0.224287 [0.141633, 0.372108]",8731,52,0.9467769239632358,0.9218419752031315,0.9688139227803209,0.22428705124381892,0.1416332687265943,0.3721076078106122,0.005162959520454831,0.004790289273111896,0.0055171581330985845,0.0,-0.00011453441759248655,0.5,0.5,0.5,0.0,0.99988477935246,0.0,0.9940435280641466,0,1,8678,52,ESTIMATED,ESTIMATED,ESTIMATED,3b8e5e950942afa497fb5c1add095e6bc2632c086131c4326c07bb9f3f57eafa,"Descriptive arm estimate. CI is an individual-arm CI, not a paired-difference CI; no significance claim for a delta. Raw layer; operating point is the recorded P104 comparator rule, not a final clinical threshold.",D:\Codex_分拆Prompt嚴格無到院\outputs\v2\.p104rv\sweep_20260906T151250Z_account-06_v2\t23\r,cab3f69eac73c56c24c547095d6ed179fbdd3bb136c705e907291ea644d86650,D:\Codex_分拆Prompt嚴格無到院\outputs\v2\.p104k10\cloud_validation_index_20260906T211456Z\task_surgery__S2__12_remove_distance_validation.json,127ebe967c6dd773af1c1be0d1c53769eefc4e132bdfa6fbfd8f3b2e18e2db2b
surgery__S2__12_remove_distance,surgery,S2,ablation,12_remove_distance,12_remove_distance / locked_full,locked_full,validation_2024,RAW_RECORDED_PREDICTIONS,raw,VALIDATED_COMPUTED,Full locked input feature order,d5d5e2d8a0734a0ce9af97a6606994868307c154f09eee30ee788ada6108d568,764,"0.944568 [0.907965, 0.974505]","0.425205 [0.244714, 0.626546]",2712,24,0.9445684523809523,0.9079654601567788,0.9745049100530278,0.4252054919188533,0.244714106504399,0.626546315119716,0.0064471872079073,0.005355663880819726,0.007621946139239993,0.2222222222222222,0.0011061946902654867,0.5,0.5,0.5,0.125,1.0,1.0,0.9922480620155039,3,0,2688,21,ESTIMATED,ESTIMATED,ESTIMATED,ad7ca72b10793842ba8fdc8859126bc4bad1b65e1030d4fb45bc7f9bdd76145c,"Descriptive arm estimate. CI is an individual-arm CI, not a paired-difference CI; no significance claim for a delta. Raw layer; operating point is the recorded P104 comparator rule, not a final clinical threshold.",D:\Codex_分拆Prompt嚴格無到院\outputs\v2\.p104rv\sweep_20260906T151250Z_account-06_v2\t23\r,cab3f69eac73c56c24c547095d6ed179fbdd3bb136c705e907291ea644d86650,D:\Codex_分拆Prompt嚴格無到院\outputs\v2\.p104k10\cloud_validation_index_20260906T211456Z\task_surgery__S2__12_remove_distance_validation.json,127ebe967c6dd773af1c1be0d1c53769eefc4e132bdfa6fbfd8f3b2e18e2db2b
surgery__S2__12_remove_distance,surgery,S2,ablation,12_remove_distance,12_remove_distance / without_distance,without_distance,oof_2020_2023,RAW_RECORDED_PREDICTIONS,raw,VALIDATED_COMPUTED,Full inputs excluding source-defined distance,b536524057bac4c3a9a2df49d51ed66f7aaaf993958d9bf190a45c54ec06df08,752,"0.950045 [0.928754, 0.967624]","0.215885 [0.13219, 0.349822]",8731,52,0.9500452019463426,0.9287542457650444,0.9676238619843297,0.2158850596177125,0.1321899592712431,0.34982151426949876,0.005182144884792833,0.004802885181178758,0.005546772100555482,0.037037037037037035,0.0,0.5,0.5,0.5,0.019230769230769232,0.99988477935246,0.5,0.9941574063466606,1,1,8678,51,ESTIMATED,ESTIMATED,ESTIMATED,3b8e5e950942afa497fb5c1add095e6bc2632c086131c4326c07bb9f3f57eafa,"Descriptive arm estimate. CI is an individual-arm CI, not a paired-difference CI; no significance claim for a delta. Raw layer; operating point is the recorded P104 comparator rule, not a final clinical threshold.",D:\Codex_分拆Prompt嚴格無到院\outputs\v2\.p104rv\sweep_20260906T151250Z_account-06_v2\t23\r,cab3f69eac73c56c24c547095d6ed179fbdd3bb136c705e907291ea644d86650,D:\Codex_分拆Prompt嚴格無到院\outputs\v2\.p104k10\cloud_validation_index_20260906T211456Z\task_surgery__S2__12_remove_distance_validation.json,127ebe967c6dd773af1c1be0d1c53769eefc4e132bdfa6fbfd8f3b2e18e2db2b
surgery__S2__12_remove_distance,surgery,S2,ablation,12_remove_distance,12_remove_distance / without_distance,without_distance,validation_2024,RAW_RECORDED_PREDICTIONS,raw,VALIDATED_COMPUTED,Full inputs excluding source-defined distance,b536524057bac4c3a9a2df49d51ed66f7aaaf993958d9bf190a45c54ec06df08,752,"0.939422 [0.895144, 0.972472]","0.432087 [0.25273, 0.642973]",2712,24,0.939422123015873,0.89514399928689,0.9724716701030899,0.4320869549254873,0.2527302208845505,0.6429726253138368,0.006539292079550335,0.005398216027536135,0.007621370645653753,0.15384615384615385,0.0007374631268436578,0.5,0.5,0.5,0.08333333333333333,1.0,1.0,0.9918819188191882,2,0,2688,22,ESTIMATED,ESTIMATED,ESTIMATED,ad7ca72b10793842ba8fdc8859126bc4bad1b65e1030d4fb45bc7f9bdd76145c,"Descriptive arm estimate. CI is an individual-arm CI, not a paired-difference CI; no significance claim for a delta. Raw layer; operating point is the recorded P104 comparator rule, not a final clinical threshold.",D:\Codex_分拆Prompt嚴格無到院\outputs\v2\.p104rv\sweep_20260906T151250Z_account-06_v2\t23\r,cab3f69eac73c56c24c547095d6ed179fbdd3bb136c705e907291ea644d86650,D:\Codex_分拆Prompt嚴格無到院\outputs\v2\.p104k10\cloud_validation_index_20260906T211456Z\task_surgery__S2__12_remove_distance_validation.json,127ebe967c6dd773af1c1be0d1c53769eefc4e132bdfa6fbfd8f3b2e18e2db2b
surgery__S3__01_standardization,surgery,S3,ablation,01_standardization,01_standardization / logistic_scaled,logistic_scaled,oof_2020_2023,RAW_RECORDED_PREDICTIONS,raw,VALIDATED_COMPUTED,Full locked input feature order,d5d5e2d8a0734a0ce9af97a6606994868307c154f09eee30ee788ada6108d568,764,"0.744572 [0.730919, 0.758768]","0.38308 [0.365238, 0.403538]",8731,1613,0.7445719286626451,0.7309189297314225,0.7587681474523383,0.38307960957168896,0.36523811144617535,0.40353793592629156,0.19550702294219202,0.19045132544607926,0.2004259205989211,0.4637425611637646,-0.09391822242583897,0.5,0.5,0.5,0.6522008679479231,0.7370047766226469,0.359781121751026,0.9033924573790253,1052,1872,5246,561,ESTIMATED,ESTIMATED,ESTIMATED,cdeda8b89cb382da0875dc3f5f746b4add6ab4242dce65d69170fe4395e3bd1b,"Descriptive arm estimate. CI is an individual-arm CI, not a paired-difference CI; no significance claim for a delta. Raw layer; operating point is the recorded P104 comparator rule, not a final clinical threshold.",D:\Codex_分拆Prompt嚴格無到院\outputs\v2\specialty_opname_v1\p1_04_extension_20260905\runs\surgery__S3__01_standardization,88d3a7ede399df75d97a8771c49c0834df488ebfb1eebadb2de3e0e0489b683c,D:\Codex_分拆Prompt嚴格無到院\outputs\v2\specialty_opname_v1\p1_04_extension_20260905\local_dispatch_full\validations\surgery__S3__01_standardization\88d3a7ede399df75_3c510f4d0008.report.json,8514c15ff7de27222f760c349bb5a005c32dc1bf138980d29164615ac271a9de
surgery__S3__01_standardization,surgery,S3,ablation,01_standardization,01_standardization / logistic_scaled,logistic_scaled,validation_2024,RAW_RECORDED_PREDICTIONS,raw,VALIDATED_COMPUTED,Full locked input feature order,d5d5e2d8a0734a0ce9af97a6606994868307c154f09eee30ee788ada6108d568,764,"0.694284 [0.667361, 0.719218]","0.349412 [0.319692, 0.386357]",2712,521,0.6942837169330826,0.6673605918516707,0.719218025119455,0.349412104012072,0.3196923261973751,0.3863568762770533,0.2187432250020181,0.20920677431660356,0.22846420809477364,0.41924851680949243,-0.13274336283185842,0.5,0.5,0.5,0.6103646833013435,0.6905522592423551,0.3192771084337349,0.8817016317016317,318,678,1513,203,ESTIMATED,ESTIMATED,ESTIMATED,1343830167fd3476b203c5fca6918f96aea4a030b0c48711870a461bbef21e10,"Descriptive arm estimate. CI is an individual-arm CI, not a paired-difference CI; no significance claim for a delta. Raw layer; operating point is the recorded P104 comparator rule, not a final clinical threshold.",D:\Codex_分拆Prompt嚴格無到院\outputs\v2\specialty_opname_v1\p1_04_extension_20260905\runs\surgery__S3__01_standardization,88d3a7ede399df75d97a8771c49c0834df488ebfb1eebadb2de3e0e0489b683c,D:\Codex_分拆Prompt嚴格無到院\outputs\v2\specialty_opname_v1\p1_04_extension_20260905\local_dispatch_full\validations\surgery__S3__01_standardization\88d3a7ede399df75_3c510f4d0008.report.json,8514c15ff7de27222f760c349bb5a005c32dc1bf138980d29164615ac271a9de
surgery__S3__01_standardization,surgery,S3,ablation,01_standardization,01_standardization / logistic_unscaled,logistic_unscaled,oof_2020_2023,RAW_RECORDED_PREDICTIONS,raw,VALIDATED_COMPUTED,Full locked input feature order,d5d5e2d8a0734a0ce9af97a6606994868307c154f09eee30ee788ada6108d568,764,"0.764491 [0.751487, 0.777141]","0.409353 [0.389587, 0.432597]",8731,1613,0.7644914780808572,0.7514866382260198,0.777141201445896,0.4093527342517144,0.389586822128182,0.43259716825319733,0.18990022210747198,0.18517132261731628,0.19454028713876753,0.4729997795900375,-0.08910777688695452,0.5,0.5,0.5,0.6652200867947923,0.7399550435515594,0.36696306429548564,0.9070087825038746,1073,1851,5267,540,ESTIMATED,ESTIMATED,ESTIMATED,cdeda8b89cb382da0875dc3f5f746b4add6ab4242dce65d69170fe4395e3bd1b,"Descriptive arm estimate. CI is an individual-arm CI, not a paired-difference CI; no significance claim for a delta. Raw layer; operating point is the recorded P104 comparator rule, not a final clinical threshold.",D:\Codex_分拆Prompt嚴格無到院\outputs\v2\specialty_opname_v1\p1_04_extension_20260905\runs\surgery__S3__01_standardization,88d3a7ede399df75d97a8771c49c0834df488ebfb1eebadb2de3e0e0489b683c,D:\Codex_分拆Prompt嚴格無到院\outputs\v2\specialty_opname_v1\p1_04_extension_20260905\local_dispatch_full\validations\surgery__S3__01_standardization\88d3a7ede399df75_3c510f4d0008.report.json,8514c15ff7de27222f760c349bb5a005c32dc1bf138980d29164615ac271a9de
surgery__S3__01_standardization,surgery,S3,ablation,01_standardization,01_standardization / logistic_unscaled,logistic_unscaled,validation_2024,RAW_RECORDED_PREDICTIONS,raw,VALIDATED_COMPUTED,Full locked input feature order,d5d5e2d8a0734a0ce9af97a6606994868307c154f09eee30ee788ada6108d568,764,"0.719368 [0.694851, 0.742495]","0.372795 [0.341317, 0.411681]",2712,521,0.7193684511143564,0.69485137587342,0.7424948153731633,0.3727954332076037,0.34131695843707316,0.411681244908003,0.21694395165383012,0.20823436860333172,0.2259728336152629,0.4233947870311507,-0.14233038348082597,0.5,0.5,0.5,0.6391554702495201,0.6718393427658603,0.31653992395437264,0.8867469879518072,333,719,1472,188,ESTIMATED,ESTIMATED,ESTIMATED,1343830167fd3476b203c5fca6918f96aea4a030b0c48711870a461bbef21e10,"Descriptive arm estimate. CI is an individual-arm CI, not a paired-difference CI; no significance claim for a delta. Raw layer; operating point is the recorded P104 comparator rule, not a final clinical threshold.",D:\Codex_分拆Prompt嚴格無到院\outputs\v2\specialty_opname_v1\p1_04_extension_20260905\runs\surgery__S3__01_standardization,88d3a7ede399df75d97a8771c49c0834df488ebfb1eebadb2de3e0e0489b683c,D:\Codex_分拆Prompt嚴格無到院\outputs\v2\specialty_opname_v1\p1_04_extension_20260905\local_dispatch_full\validations\surgery__S3__01_standardization\88d3a7ede399df75_3c510f4d0008.report.json,8514c15ff7de27222f760c349bb5a005c32dc1bf138980d29164615ac271a9de
surgery__S3__02_time_variables,surgery,S3,ablation,02_time_variables,02_time_variables / locked_full,locked_full,oof_2020_2023,RAW_RECORDED_PREDICTIONS,raw,VALIDATED_COMPUTED,Full locked input feature order,d5d5e2d8a0734a0ce9af97a6606994868307c154f09eee30ee788ada6108d568,764,"0.79096 [0.778558, 0.802239]","0.462028 [0.440072, 0.485914]",8731,1613,0.7909602664638099,0.7785576863211479,0.8022387256547202,0.46202768676985884,0.4400722186661306,0.4859135931919223,0.13214881595063419,0.12888102635500248,0.13553998426203778,0.4631578947368421,-0.002176153934257244,0.5,0.5,0.5,0.43645381277123374,0.8984265243045799,0.4933426769446391,0.8755476451259584,704,723,6395,909,ESTIMATED,ESTIMATED,ESTIMATED,cdeda8b89cb382da0875dc3f5f746b4add6ab4242dce65d69170fe4395e3bd1b,"Descriptive arm estimate. CI is an individual-arm CI, not a paired-difference CI; no significance claim for a delta. Raw layer; operating point is the recorded P104 comparator rule, not a final clinical threshold. Primary amended time contrast uses the exact corrected plan; old20 results are secondary evidence only.",D:\Codex_分拆Prompt嚴格無到院\outputs\v2\specialty_opname_v1\time_interval_complete_successor_20260905\runs\surgery__S3__02_time_variables,c9bc3ca0475647a4f71c46c19e6f420551d6015ac31d81fe636509291bd12173,D:\Codex_分拆Prompt嚴格無到院\outputs\v2\specialty_opname_v1\time_interval_complete_successor_20260905\runs\surgery__S3__02_time_variables\validation_report.json,f992ac1a78f07081acb94913299daa90a2ff97a5aec50077bb503ccbdd79dfce
surgery__S3__02_time_variables,surgery,S3,ablation,02_time_variables,02_time_variables / locked_full,locked_full,validation_2024,RAW_RECORDED_PREDICTIONS,raw,VALIDATED_COMPUTED,Full locked input feature order,d5d5e2d8a0734a0ce9af97a6606994868307c154f09eee30ee788ada6108d568,764,"0.752583 [0.728931, 0.774047]","0.429943 [0.391587, 0.470177]",2712,521,0.7525831989354461,0.72893081864265,0.7740469757539702,0.42994326082517786,0.391586878046779,0.47017733386259064,0.14510323020320387,0.13946875690022525,0.15136850074664013,0.43248730964467,-0.014011799410029498,0.5,0.5,0.5,0.4088291746641075,0.8854404381560931,0.45905172413793105,0.8629893238434164,213,251,1940,308,ESTIMATED,ESTIMATED,ESTIMATED,1343830167fd3476b203c5fca6918f96aea4a030b0c48711870a461bbef21e10,"Descriptive arm estimate. CI is an individual-arm CI, not a paired-difference CI; no significance claim for a delta. Raw layer; operating point is the recorded P104 comparator rule, not a final clinical threshold. Primary amended time contrast uses the exact corrected plan; old20 results are secondary evidence only.",D:\Codex_分拆Prompt嚴格無到院\outputs\v2\specialty_opname_v1\time_interval_complete_successor_20260905\runs\surgery__S3__02_time_variables,c9bc3ca0475647a4f71c46c19e6f420551d6015ac31d81fe636509291bd12173,D:\Codex_分拆Prompt嚴格無到院\outputs\v2\specialty_opname_v1\time_interval_complete_successor_20260905\runs\surgery__S3__02_time_variables\validation_report.json,f992ac1a78f07081acb94913299daa90a2ff97a5aec50077bb503ccbdd79dfce
surgery__S3__02_time_variables,surgery,S3,ablation,02_time_variables,02_time_variables / without_time_intervals_complete,without_time_intervals_complete,oof_2020_2023,RAW_RECORDED_PREDICTIONS,raw,VALIDATED_COMPUTED,Exact corrected time-plan inputs; original time group and six transport-interval aliases excluded,4134699b4820dc78a3efecb755bbe61150f1bbeb88a8b157c8816e5bec8558f4,738,"0.789573 [0.777977, 0.801863]","0.462886 [0.439843, 0.486644]",8731,1613,0.789572535734959,0.7779769966494348,0.801862603435331,0.4628859350062076,0.43984314646957934,0.4866439761521844,0.13252240472631055,0.12927013765910805,0.13598261144871626,0.46363334440385257,-0.0002290688351849731,0.5,0.5,0.5,0.43273403595784254,0.9016577690362462,0.49928469241773965,0.8752216009818629,698,700,6418,915,ESTIMATED,ESTIMATED,ESTIMATED,cdeda8b89cb382da0875dc3f5f746b4add6ab4242dce65d69170fe4395e3bd1b,"Descriptive arm estimate. CI is an individual-arm CI, not a paired-difference CI; no significance claim for a delta. Raw layer; operating point is the recorded P104 comparator rule, not a final clinical threshold. Primary amended time contrast uses the exact corrected plan; old20 results are secondary evidence only.",D:\Codex_分拆Prompt嚴格無到院\outputs\v2\specialty_opname_v1\time_interval_complete_successor_20260905\runs\surgery__S3__02_time_variables,c9bc3ca0475647a4f71c46c19e6f420551d6015ac31d81fe636509291bd12173,D:\Codex_分拆Prompt嚴格無到院\outputs\v2\specialty_opname_v1\time_interval_complete_successor_20260905\runs\surgery__S3__02_time_variables\validation_report.json,f992ac1a78f07081acb94913299daa90a2ff97a5aec50077bb503ccbdd79dfce
surgery__S3__02_time_variables,surgery,S3,ablation,02_time_variables,02_time_variables / without_time_intervals_complete,without_time_intervals_complete,validation_2024,RAW_RECORDED_PREDICTIONS,raw,VALIDATED_COMPUTED,Exact corrected time-plan inputs; original time group and six transport-interval aliases excluded,4134699b4820dc78a3efecb755bbe61150f1bbeb88a8b157c8816e5bec8558f4,738,"0.748546 [0.725681, 0.772207]","0.424458 [0.38901, 0.467458]",2712,521,0.7485455681110387,0.7256812645715836,0.7722066101898384,0.42445809471740525,0.38901036866188515,0.46745778031847846,0.14757162180029929,0.14150973739896924,0.15365123430790956,0.42828282828282827,-0.016592920353982302,0.5,0.5,0.5,0.4069097888675624,0.882701962574167,0.4520255863539446,0.862238074008025,212,257,1934,309,ESTIMATED,ESTIMATED,ESTIMATED,1343830167fd3476b203c5fca6918f96aea4a030b0c48711870a461bbef21e10,"Descriptive arm estimate. CI is an individual-arm CI, not a paired-difference CI; no significance claim for a delta. Raw layer; operating point is the recorded P104 comparator rule, not a final clinical threshold. Primary amended time contrast uses the exact corrected plan; old20 results are secondary evidence only.",D:\Codex_分拆Prompt嚴格無到院\outputs\v2\specialty_opname_v1\time_interval_complete_successor_20260905\runs\surgery__S3__02_time_variables,c9bc3ca0475647a4f71c46c19e6f420551d6015ac31d81fe636509291bd12173,D:\Codex_分拆Prompt嚴格無到院\outputs\v2\specialty_opname_v1\time_interval_complete_successor_20260905\runs\surgery__S3__02_time_variables\validation_report.json,f992ac1a78f07081acb94913299daa90a2ff97a5aec50077bb503ccbdd79dfce
surgery__S3__03_emt_treatment,surgery,S3,ablation,03_emt_treatment,03_emt_treatment / locked_full,locked_full,oof_2020_2023,RAW_RECORDED_PREDICTIONS,raw,VALIDATED_COMPUTED,Full locked input feature order,d5d5e2d8a0734a0ce9af97a6606994868307c154f09eee30ee788ada6108d568,764,"0.79096 [0.778558, 0.802239]","0.462028 [0.440072, 0.485914]",8731,1613,0.7909602664638099,0.7785576863211479,0.8022387256547202,0.46202768676985884,0.4400722186661306,0.4859135931919223,0.13214881595063419,0.12888102635500248,0.13553998426203778,0.4631578947368421,-0.002176153934257244,0.5,0.5,0.5,0.43645381277123374,0.8984265243045799,0.4933426769446391,0.8755476451259584,704,723,6395,909,ESTIMATED,ESTIMATED,ESTIMATED,cdeda8b89cb382da0875dc3f5f746b4add6ab4242dce65d69170fe4395e3bd1b,"Descriptive arm estimate. CI is an individual-arm CI, not a paired-difference CI; no significance claim for a delta. Raw layer; operating point is the recorded P104 comparator rule, not a final clinical threshold.",D:\Codex_分拆Prompt嚴格無到院\outputs\v2\.p104rv\sweep_20260906T151250Z_account-10_v2\t24\r,6f518a545aa41421772e056f6b858998542fb794b2a8a8f30e89e117a2a99688,D:\Codex_分拆Prompt嚴格無到院\outputs\v2\.p104k10\cloud_validation_index_20260906T211456Z\task_surgery__S3__03_emt_treatment_validation.json,6bba343084694eea9101d262380ba8d2c017773d68c9e3a17ae1e157654e7cff
surgery__S3__03_emt_treatment,surgery,S3,ablation,03_emt_treatment,03_emt_treatment / locked_full,locked_full,validation_2024,RAW_RECORDED_PREDICTIONS,raw,VALIDATED_COMPUTED,Full locked input feature order,d5d5e2d8a0734a0ce9af97a6606994868307c154f09eee30ee788ada6108d568,764,"0.752583 [0.728931, 0.774047]","0.429943 [0.391587, 0.470177]",2712,521,0.7525831989354461,0.72893081864265,0.7740469757539702,0.42994326082517786,0.391586878046779,0.47017733386259064,0.14510323020320387,0.13946875690022525,0.15136850074664013,0.43248730964467,-0.014011799410029498,0.5,0.5,0.5,0.4088291746641075,0.8854404381560931,0.45905172413793105,0.8629893238434164,213,251,1940,308,ESTIMATED,ESTIMATED,ESTIMATED,1343830167fd3476b203c5fca6918f96aea4a030b0c48711870a461bbef21e10,"Descriptive arm estimate. CI is an individual-arm CI, not a paired-difference CI; no significance claim for a delta. Raw layer; operating point is the recorded P104 comparator rule, not a final clinical threshold.",D:\Codex_分拆Prompt嚴格無到院\outputs\v2\.p104rv\sweep_20260906T151250Z_account-10_v2\t24\r,6f518a545aa41421772e056f6b858998542fb794b2a8a8f30e89e117a2a99688,D:\Codex_分拆Prompt嚴格無到院\outputs\v2\.p104k10\cloud_validation_index_20260906T211456Z\task_surgery__S3__03_emt_treatment_validation.json,6bba343084694eea9101d262380ba8d2c017773d68c9e3a17ae1e157654e7cff
surgery__S3__03_emt_treatment,surgery,S3,ablation,03_emt_treatment,03_emt_treatment / without_emt_treatment,without_emt_treatment,oof_2020_2023,RAW_RECORDED_PREDICTIONS,raw,VALIDATED_COMPUTED,Full inputs excluding source-defined emt_treatment,8729234a9522c03841d126bd593d462cbbdfe532c85f62a35343b36e9241d6fd,672,"0.787827 [0.775632, 0.799571]","0.457465 [0.435838, 0.48064]",8731,1613,0.7878266584701743,0.7756322741627655,0.7995712065467235,0.4574650413220461,0.4358382276688009,0.4806402020006729,0.13353762458002863,0.13036946499632826,0.1369217796785319,0.4716672125777923,0.0,0.5,0.5,0.5,0.4463732176069436,0.8988479910087103,0.5,0.8775202304210671,720,720,6398,893,ESTIMATED,ESTIMATED,ESTIMATED,cdeda8b89cb382da0875dc3f5f746b4add6ab4242dce65d69170fe4395e3bd1b,"Descriptive arm estimate. CI is an individual-arm CI, not a paired-difference CI; no significance claim for a delta. Raw layer; operating point is the recorded P104 comparator rule, not a final clinical threshold.",D:\Codex_分拆Prompt嚴格無到院\outputs\v2\.p104rv\sweep_20260906T151250Z_account-10_v2\t24\r,6f518a545aa41421772e056f6b858998542fb794b2a8a8f30e89e117a2a99688,D:\Codex_分拆Prompt嚴格無到院\outputs\v2\.p104k10\cloud_validation_index_20260906T211456Z\task_surgery__S3__03_emt_treatment_validation.json,6bba343084694eea9101d262380ba8d2c017773d68c9e3a17ae1e157654e7cff
surgery__S3__03_emt_treatment,surgery,S3,ablation,03_emt_treatment,03_emt_treatment / without_emt_treatment,without_emt_treatment,validation_2024,RAW_RECORDED_PREDICTIONS,raw,VALIDATED_COMPUTED,Full inputs excluding source-defined emt_treatment,8729234a9522c03841d126bd593d462cbbdfe532c85f62a35343b36e9241d6fd,672,"0.748557 [0.724308, 0.771904]","0.416084 [0.381913, 0.459734]",2712,521,0.7485569565251672,0.7243083745752322,0.7719042728722342,0.4160841775402046,0.38191320833733383,0.45973377757733863,0.14786828356234769,0.1421245360258437,0.15410987278734015,0.4365482233502538,-0.012536873156342183,0.5,0.5,0.5,0.4126679462571977,0.8863532633500685,0.46336206896551724,0.8638790035587188,215,249,1942,306,ESTIMATED,ESTIMATED,ESTIMATED,1343830167fd3476b203c5fca6918f96aea4a030b0c48711870a461bbef21e10,"Descriptive arm estimate. CI is an individual-arm CI, not a paired-difference CI; no significance claim for a delta. Raw layer; operating point is the recorded P104 comparator rule, not a final clinical threshold.",D:\Codex_分拆Prompt嚴格無到院\outputs\v2\.p104rv\sweep_20260906T151250Z_account-10_v2\t24\r,6f518a545aa41421772e056f6b858998542fb794b2a8a8f30e89e117a2a99688,D:\Codex_分拆Prompt嚴格無到院\outputs\v2\.p104k10\cloud_validation_index_20260906T211456Z\task_surgery__S3__03_emt_treatment_validation.json,6bba343084694eea9101d262380ba8d2c017773d68c9e3a17ae1e157654e7cff
surgery__S3__04_gcs_consciousness,surgery,S3,ablation,04_gcs_consciousness,04_gcs_consciousness / locked_full,locked_full,oof_2020_2023,RAW_RECORDED_PREDICTIONS,raw,VALIDATED_COMPUTED,Full locked input feature order,d5d5e2d8a0734a0ce9af97a6606994868307c154f09eee30ee788ada6108d568,764,"0.79096 [0.778558, 0.802239]","0.462028 [0.440072, 0.485914]",8731,1613,0.7909602664638099,0.7785576863211479,0.8022387256547202,0.46202768676985884,0.4400722186661306,0.4859135931919223,0.13214881595063419,0.12888102635500248,0.13553998426203778,0.4631578947368421,-0.002176153934257244,0.5,0.5,0.5,0.43645381277123374,0.8984265243045799,0.4933426769446391,0.8755476451259584,704,723,6395,909,ESTIMATED,ESTIMATED,ESTIMATED,cdeda8b89cb382da0875dc3f5f746b4add6ab4242dce65d69170fe4395e3bd1b,"Descriptive arm estimate. CI is an individual-arm CI, not a paired-difference CI; no significance claim for a delta. Raw layer; operating point is the recorded P104 comparator rule, not a final clinical threshold.",D:\Codex_分拆Prompt嚴格無到院\outputs\v2\.p104rv\sweep_20260906T211456Z_account-01_v2\t25\r,080ac7ba9724138b4cc6ae59a4121fbd3c39d44e6ac037616d2cffc3729af42f,D:\Codex_分拆Prompt嚴格無到院\outputs\v2\.p104k10\cloud_validation_index_20260906T211456Z\task_surgery__S3__04_gcs_consciousness_validation.json,680ae20eb77a388cc789ddd465cda0f23b380f6c7566aaff7d32c197457f0441
surgery__S3__04_gcs_consciousness,surgery,S3,ablation,04_gcs_consciousness,04_gcs_consciousness / locked_full,locked_full,validation_2024,RAW_RECORDED_PREDICTIONS,raw,VALIDATED_COMPUTED,Full locked input feature order,d5d5e2d8a0734a0ce9af97a6606994868307c154f09eee30ee788ada6108d568,764,"0.752583 [0.728931, 0.774047]","0.429943 [0.391587, 0.470177]",2712,521,0.7525831989354461,0.72893081864265,0.7740469757539702,0.42994326082517786,0.391586878046779,0.47017733386259064,0.14510323020320387,0.13946875690022525,0.15136850074664013,0.43248730964467,-0.014011799410029498,0.5,0.5,0.5,0.4088291746641075,0.8854404381560931,0.45905172413793105,0.8629893238434164,213,251,1940,308,ESTIMATED,ESTIMATED,ESTIMATED,1343830167fd3476b203c5fca6918f96aea4a030b0c48711870a461bbef21e10,"Descriptive arm estimate. CI is an individual-arm CI, not a paired-difference CI; no significance claim for a delta. Raw layer; operating point is the recorded P104 comparator rule, not a final clinical threshold.",D:\Codex_分拆Prompt嚴格無到院\outputs\v2\.p104rv\sweep_20260906T211456Z_account-01_v2\t25\r,080ac7ba9724138b4cc6ae59a4121fbd3c39d44e6ac037616d2cffc3729af42f,D:\Codex_分拆Prompt嚴格無到院\outputs\v2\.p104k10\cloud_validation_index_20260906T211456Z\task_surgery__S3__04_gcs_consciousness_validation.json,680ae20eb77a388cc789ddd465cda0f23b380f6c7566aaff7d32c197457f0441
surgery__S3__04_gcs_consciousness,surgery,S3,ablation,04_gcs_consciousness,04_gcs_consciousness / without_gcs_consciousness,without_gcs_consciousness,oof_2020_2023,RAW_RECORDED_PREDICTIONS,raw,VALIDATED_COMPUTED,Full inputs excluding source-defined gcs_consciousness,96da2f388f093d3a5dad841e1d389aeeb55c27e3fb7bdbd9924937a80904969d,705,"0.794032 [0.782138, 0.805632]","0.469435 [0.446921, 0.493409]",8731,1613,0.7940322091492157,0.7821382846688398,0.8056324542536192,0.4694351860222355,0.44692118328911573,0.493408712590206,0.13214349287154803,0.12880693993480855,0.13536971377153467,0.47810574116120663,0.0004581376703699462,0.5,0.5,0.5,0.4569125852448853,0.897021635290812,0.501360544217687,0.8793554606803471,737,733,6385,876,ESTIMATED,ESTIMATED,ESTIMATED,cdeda8b89cb382da0875dc3f5f746b4add6ab4242dce65d69170fe4395e3bd1b,"Descriptive arm estimate. CI is an individual-arm CI, not a paired-difference CI; no significance claim for a delta. Raw layer; operating point is the recorded P104 comparator rule, not a final clinical threshold.",D:\Codex_分拆Prompt嚴格無到院\outputs\v2\.p104rv\sweep_20260906T211456Z_account-01_v2\t25\r,080ac7ba9724138b4cc6ae59a4121fbd3c39d44e6ac037616d2cffc3729af42f,D:\Codex_分拆Prompt嚴格無到院\outputs\v2\.p104k10\cloud_validation_index_20260906T211456Z\task_surgery__S3__04_gcs_consciousness_validation.json,680ae20eb77a388cc789ddd465cda0f23b380f6c7566aaff7d32c197457f0441
surgery__S3__04_gcs_consciousness,surgery,S3,ablation,04_gcs_consciousness,04_gcs_consciousness / without_gcs_consciousness,without_gcs_consciousness,validation_2024,RAW_RECORDED_PREDICTIONS,raw,VALIDATED_COMPUTED,Full inputs excluding source-defined gcs_consciousness,96da2f388f093d3a5dad841e1d389aeeb55c27e3fb7bdbd9924937a80904969d,705,"0.749171 [0.726274, 0.772351]","0.42388 [0.39033, 0.466319]",2712,521,0.7491710548562388,0.7262736324297552,0.7723506697533004,0.42388048912687243,0.39032997162091804,0.4663194670386521,0.1471713975490054,0.1412758896030346,0.1530725915243123,0.4306122448979592,-0.01364306784660767,0.5,0.5,0.5,0.4049904030710173,0.8868096759470562,0.4596949891067538,0.8624056813138038,211,248,1943,310,ESTIMATED,ESTIMATED,ESTIMATED,1343830167fd3476b203c5fca6918f96aea4a030b0c48711870a461bbef21e10,"Descriptive arm estimate. CI is an individual-arm CI, not a paired-difference CI; no significance claim for a delta. Raw layer; operating point is the recorded P104 comparator rule, not a final clinical threshold.",D:\Codex_分拆Prompt嚴格無到院\outputs\v2\.p104rv\sweep_20260906T211456Z_account-01_v2\t25\r,080ac7ba9724138b4cc6ae59a4121fbd3c39d44e6ac037616d2cffc3729af42f,D:\Codex_分拆Prompt嚴格無到院\outputs\v2\.p104k10\cloud_validation_index_20260906T211456Z\task_surgery__S3__04_gcs_consciousness_validation.json,680ae20eb77a388cc789ddd465cda0f23b380f6c7566aaff7d32c197457f0441
surgery__S3__05_shock_index_rsig,surgery,S3,ablation,05_shock_index_rsig,05_shock_index_rsig / locked_full,locked_full,oof_2020_2023,RAW_RECORDED_PREDICTIONS,raw,VALIDATED_COMPUTED,Full locked input feature order,d5d5e2d8a0734a0ce9af97a6606994868307c154f09eee30ee788ada6108d568,764,"0.79096 [0.778558, 0.802239]","0.462028 [0.440072, 0.485914]",8731,1613,0.7909602664638099,0.7785576863211479,0.8022387256547202,0.46202768676985884,0.4400722186661306,0.4859135931919223,0.13214881595063419,0.12888102635500248,0.13553998426203778,0.4631578947368421,-0.002176153934257244,0.5,0.5,0.5,0.43645381277123374,0.8984265243045799,0.4933426769446391,0.8755476451259584,704,723,6395,909,ESTIMATED,ESTIMATED,ESTIMATED,cdeda8b89cb382da0875dc3f5f746b4add6ab4242dce65d69170fe4395e3bd1b,"Descriptive arm estimate. CI is an individual-arm CI, not a paired-difference CI; no significance claim for a delta. Raw layer; operating point is the recorded P104 comparator rule, not a final clinical threshold.",D:\Codex_分拆Prompt嚴格無到院\outputs\v2\.p104rv\sweep_20260906T191424Z_account-02_v2\t25\r,b8dc4a0cc7cbcdb1f0299101514038a774ebd6fac96b403e4d543ec4ddff50ad,D:\Codex_分拆Prompt嚴格無到院\outputs\v2\.p104k10\cloud_validation_index_20260906T211456Z\task_surgery__S3__05_shock_index_rsig_validation.json,a3083ed64eba65053a7896eadb2b1c5a787126520c8c4b07b4981228bfc50fa3
surgery__S3__05_shock_index_rsig,surgery,S3,ablation,05_shock_index_rsig,05_shock_index_rsig / locked_full,locked_full,validation_2024,RAW_RECORDED_PREDICTIONS,raw,VALIDATED_COMPUTED,Full locked input feature order,d5d5e2d8a0734a0ce9af97a6606994868307c154f09eee30ee788ada6108d568,764,"0.752583 [0.728931, 0.774047]","0.429943 [0.391587, 0.470177]",2712,521,0.7525831989354461,0.72893081864265,0.7740469757539702,0.42994326082517786,0.391586878046779,0.47017733386259064,0.14510323020320387,0.13946875690022525,0.15136850074664013,0.43248730964467,-0.014011799410029498,0.5,0.5,0.5,0.4088291746641075,0.8854404381560931,0.45905172413793105,0.8629893238434164,213,251,1940,308,ESTIMATED,ESTIMATED,ESTIMATED,1343830167fd3476b203c5fca6918f96aea4a030b0c48711870a461bbef21e10,"Descriptive arm estimate. CI is an individual-arm CI, not a paired-difference CI; no significance claim for a delta. Raw layer; operating point is the recorded P104 comparator rule, not a final clinical threshold.",D:\Codex_分拆Prompt嚴格無到院\outputs\v2\.p104rv\sweep_20260906T191424Z_account-02_v2\t25\r,b8dc4a0cc7cbcdb1f0299101514038a774ebd6fac96b403e4d543ec4ddff50ad,D:\Codex_分拆Prompt嚴格無到院\outputs\v2\.p104k10\cloud_validation_index_20260906T211456Z\task_surgery__S3__05_shock_index_rsig_validation.json,a3083ed64eba65053a7896eadb2b1c5a787126520c8c4b07b4981228bfc50fa3
surgery__S3__05_shock_index_rsig,surgery,S3,ablation,05_shock_index_rsig,05_shock_index_rsig / without_shock_index_rsig,without_shock_index_rsig,oof_2020_2023,RAW_RECORDED_PREDICTIONS,raw,VALIDATED_COMPUTED,Full inputs excluding source-defined shock_index_rsig,622faa177bc7a5c0a0264d57f4d33dd05051258db8a5647c23291c4a5c87f257,741,"0.794403 [0.782432, 0.805691]","0.470731 [0.448178, 0.495316]",8731,1613,0.7944031590754176,0.7824316224311667,0.8056907001427291,0.47073131500040316,0.448178139220178,0.49531569421488547,0.132399023170099,0.12919135761482523,0.1359142300842353,0.4702457956015524,-0.0028633604398121634,0.5,0.5,0.5,0.45071295722256666,0.894352346164653,0.49154834347532117,0.877826806398235,727,752,6366,886,ESTIMATED,ESTIMATED,ESTIMATED,cdeda8b89cb382da0875dc3f5f746b4add6ab4242dce65d69170fe4395e3bd1b,"Descriptive arm estimate. CI is an individual-arm CI, not a paired-difference CI; no significance claim for a delta. Raw layer; operating point is the recorded P104 comparator rule, not a final clinical threshold.",D:\Codex_分拆Prompt嚴格無到院\outputs\v2\.p104rv\sweep_20260906T191424Z_account-02_v2\t25\r,b8dc4a0cc7cbcdb1f0299101514038a774ebd6fac96b403e4d543ec4ddff50ad,D:\Codex_分拆Prompt嚴格無到院\outputs\v2\.p104k10\cloud_validation_index_20260906T211456Z\task_surgery__S3__05_shock_index_rsig_validation.json,a3083ed64eba65053a7896eadb2b1c5a787126520c8c4b07b4981228bfc50fa3
surgery__S3__05_shock_index_rsig,surgery,S3,ablation,05_shock_index_rsig,05_shock_index_rsig / without_shock_index_rsig,without_shock_index_rsig,validation_2024,RAW_RECORDED_PREDICTIONS,raw,VALIDATED_COMPUTED,Full inputs excluding source-defined shock_index_rsig,622faa177bc7a5c0a0264d57f4d33dd05051258db8a5647c23291c4a5c87f257,741,"0.755461 [0.732354, 0.778164]","0.439316 [0.40397, 0.483423]",2712,521,0.7554609635824797,0.7323540617014941,0.7781639069486835,0.4393162048941307,0.40397021997901844,0.4834232100636193,0.14566276915131032,0.13954948199665304,0.15135014375066658,0.44557477110885046,-0.008849557522123894,0.5,0.5,0.5,0.42034548944337813,0.8890917389319946,0.474025974025974,0.8657777777777778,219,243,1948,302,ESTIMATED,ESTIMATED,ESTIMATED,1343830167fd3476b203c5fca6918f96aea4a030b0c48711870a461bbef21e10,"Descriptive arm estimate. CI is an individual-arm CI, not a paired-difference CI; no significance claim for a delta. Raw layer; operating point is the recorded P104 comparator rule, not a final clinical threshold.",D:\Codex_分拆Prompt嚴格無到院\outputs\v2\.p104rv\sweep_20260906T191424Z_account-02_v2\t25\r,b8dc4a0cc7cbcdb1f0299101514038a774ebd6fac96b403e4d543ec4ddff50ad,D:\Codex_分拆Prompt嚴格無到院\outputs\v2\.p104k10\cloud_validation_index_20260906T211456Z\task_surgery__S3__05_shock_index_rsig_validation.json,a3083ed64eba65053a7896eadb2b1c5a787126520c8c4b07b4981228bfc50fa3
surgery__S3__06_vital_only_vs_full,surgery,S3,ablation,06_vital_only_vs_full,06_vital_only_vs_full / locked_full,locked_full,oof_2020_2023,RAW_RECORDED_PREDICTIONS,raw,VALIDATED_COMPUTED,Full locked input feature order,d5d5e2d8a0734a0ce9af97a6606994868307c154f09eee30ee788ada6108d568,764,"0.79096 [0.778558, 0.802239]","0.462028 [0.440072, 0.485914]",8731,1613,0.7909602664638099,0.7785576863211479,0.8022387256547202,0.46202768676985884,0.4400722186661306,0.4859135931919223,0.13214881595063419,0.12888102635500248,0.13553998426203778,0.4631578947368421,-0.002176153934257244,0.5,0.5,0.5,0.43645381277123374,0.8984265243045799,0.4933426769446391,0.8755476451259584,704,723,6395,909,ESTIMATED,ESTIMATED,ESTIMATED,cdeda8b89cb382da0875dc3f5f746b4add6ab4242dce65d69170fe4395e3bd1b,"Descriptive arm estimate. CI is an individual-arm CI, not a paired-difference CI; no significance claim for a delta. Raw layer; operating point is the recorded P104 comparator rule, not a final clinical threshold.",D:\Codex_分拆Prompt嚴格無到院\outputs\v2\.p104rv\sweep_20260906T171453Z_account-03_v2\t25\r,0dab724db4bfc365f69208e84264a0d24fe3534448cc8b0d2300e7b0209144a5,D:\Codex_分拆Prompt嚴格無到院\outputs\v2\.p104k10\cloud_validation_index_20260906T211456Z\task_surgery__S3__06_vital_only_vs_full_validation.json,879fe3fa79c252f9e1cbe10ccc55b3d5ee83d1fd398b6fc1edbe35d4fc67e891
surgery__S3__06_vital_only_vs_full,surgery,S3,ablation,06_vital_only_vs_full,06_vital_only_vs_full / locked_full,locked_full,validation_2024,RAW_RECORDED_PREDICTIONS,raw,VALIDATED_COMPUTED,Full locked input feature order,d5d5e2d8a0734a0ce9af97a6606994868307c154f09eee30ee788ada6108d568,764,"0.752583 [0.728931, 0.774047]","0.429943 [0.391587, 0.470177]",2712,521,0.7525831989354461,0.72893081864265,0.7740469757539702,0.42994326082517786,0.391586878046779,0.47017733386259064,0.14510323020320387,0.13946875690022525,0.15136850074664013,0.43248730964467,-0.014011799410029498,0.5,0.5,0.5,0.4088291746641075,0.8854404381560931,0.45905172413793105,0.8629893238434164,213,251,1940,308,ESTIMATED,ESTIMATED,ESTIMATED,1343830167fd3476b203c5fca6918f96aea4a030b0c48711870a461bbef21e10,"Descriptive arm estimate. CI is an individual-arm CI, not a paired-difference CI; no significance claim for a delta. Raw layer; operating point is the recorded P104 comparator rule, not a final clinical threshold.",D:\Codex_分拆Prompt嚴格無到院\outputs\v2\.p104rv\sweep_20260906T171453Z_account-03_v2\t25\r,0dab724db4bfc365f69208e84264a0d24fe3534448cc8b0d2300e7b0209144a5,D:\Codex_分拆Prompt嚴格無到院\outputs\v2\.p104k10\cloud_validation_index_20260906T211456Z\task_surgery__S3__06_vital_only_vs_full_validation.json,879fe3fa79c252f9e1cbe10ccc55b3d5ee83d1fd398b6fc1edbe35d4fc67e891
surgery__S3__06_vital_only_vs_full,surgery,S3,ablation,06_vital_only_vs_full,06_vital_only_vs_full / vital_only,vital_only,oof_2020_2023,RAW_RECORDED_PREDICTIONS,raw,VALIDATED_COMPUTED,Source-defined seven vital inputs,b7159d74cac9585de4a626c67f6e0ab787e218710adc8d4911e7cc0c608ac2c8,7,"0.574801 [0.558745, 0.5897]","0.233458 [0.221297, 0.247502]",8731,1613,0.574801238253325,0.5587449672607281,0.5897002103917038,0.23345833699344665,0.22129692695506697,0.24750230527471817,0.1701292369512317,0.16856414624746963,0.17204541518303426,0.09896907216494845,-0.015462146374985683,0.5,0.5,0.5,0.059516429014259145,0.9675470637819612,0.29357798165137616,0.8194907187053784,96,231,6887,1517,ESTIMATED,ESTIMATED,ESTIMATED,cdeda8b89cb382da0875dc3f5f746b4add6ab4242dce65d69170fe4395e3bd1b,"Descriptive arm estimate. CI is an individual-arm CI, not a paired-difference CI; no significance claim for a delta. Raw layer; operating point is the recorded P104 comparator rule, not a final clinical threshold.",D:\Codex_分拆Prompt嚴格無到院\outputs\v2\.p104rv\sweep_20260906T171453Z_account-03_v2\t25\r,0dab724db4bfc365f69208e84264a0d24fe3534448cc8b0d2300e7b0209144a5,D:\Codex_分拆Prompt嚴格無到院\outputs\v2\.p104k10\cloud_validation_index_20260906T211456Z\task_surgery__S3__06_vital_only_vs_full_validation.json,879fe3fa79c252f9e1cbe10ccc55b3d5ee83d1fd398b6fc1edbe35d4fc67e891
surgery__S3__06_vital_only_vs_full,surgery,S3,ablation,06_vital_only_vs_full,06_vital_only_vs_full / vital_only,vital_only,validation_2024,RAW_RECORDED_PREDICTIONS,raw,VALIDATED_COMPUTED,Source-defined seven vital inputs,b7159d74cac9585de4a626c67f6e0ab787e218710adc8d4911e7cc0c608ac2c8,7,"0.569154 [0.542693, 0.597046]","0.243408 [0.223789, 0.272356]",2712,521,0.5691543927303373,0.542693373414305,0.5970455491696074,0.2434082840393719,0.2237894966244299,0.2723557938924565,0.17262338404564925,0.16927461013884368,0.17571626857026335,0.1140215716486903,-0.01991150442477876,0.5,0.5,0.5,0.0710172744721689,0.9584664536741214,0.2890625,0.8126934984520123,37,91,2100,484,ESTIMATED,ESTIMATED,ESTIMATED,1343830167fd3476b203c5fca6918f96aea4a030b0c48711870a461bbef21e10,"Descriptive arm estimate. CI is an individual-arm CI, not a paired-difference CI; no significance claim for a delta. Raw layer; operating point is the recorded P104 comparator rule, not a final clinical threshold.",D:\Codex_分拆Prompt嚴格無到院\outputs\v2\.p104rv\sweep_20260906T171453Z_account-03_v2\t25\r,0dab724db4bfc365f69208e84264a0d24fe3534448cc8b0d2300e7b0209144a5,D:\Codex_分拆Prompt嚴格無到院\outputs\v2\.p104k10\cloud_validation_index_20260906T211456Z\task_surgery__S3__06_vital_only_vs_full_validation.json,879fe3fa79c252f9e1cbe10ccc55b3d5ee83d1fd398b6fc1edbe35d4fc67e891
surgery__S3__07_logistic_vs_xgboost,surgery,S3,ablation,07_logistic_vs_xgboost,07_logistic_vs_xgboost / logistic_l2,logistic_l2,oof_2020_2023,RAW_RECORDED_PREDICTIONS,raw,VALIDATED_COMPUTED,Full locked input feature order,d5d5e2d8a0734a0ce9af97a6606994868307c154f09eee30ee788ada6108d568,764,"0.744572 [0.730603, 0.758466]","0.38308 [0.364376, 0.40318]",8731,1613,0.7445719286626451,0.7306026276201987,0.7584663019350378,0.38307960957168896,0.36437580864745467,0.4031795246717448,0.19550702294219202,0.1904869513477666,0.2004638037127454,0.4637425611637646,-0.09391822242583897,0.5,0.5,0.5,0.6522008679479231,0.7370047766226469,0.359781121751026,0.9033924573790253,1052,1872,5246,561,ESTIMATED,ESTIMATED,ESTIMATED,cdeda8b89cb382da0875dc3f5f746b4add6ab4242dce65d69170fe4395e3bd1b,"Descriptive arm estimate. CI is an individual-arm CI, not a paired-difference CI; no significance claim for a delta. Raw layer; operating point is the recorded P104 comparator rule, not a final clinical threshold.",D:\Codex_分拆Prompt嚴格無到院\outputs\v2\.p104k10\failed_revalidation_20260906T211456Z\f04\repo\outputs\v2\specialty_opname_v1\p1_04_extension_20260905\runs\surgery__S3__07_logistic_vs_xgboost,c3e2f149fed9d8350e2cd3fba364a3ea89a7e67a5dc328a103e4d55041fbdbfa,D:\Codex_分拆Prompt嚴格無到院\outputs\v2\.p104k10\cloud_validation_index_20260906T211456Z\task_surgery__S3__07_logistic_vs_xgboost_validation.json,1225f6d4ce76760d9e61f4663c48c9503cd2e63b36b0b8512c9f47b9f78e58fa
surgery__S3__07_logistic_vs_xgboost,surgery,S3,ablation,07_logistic_vs_xgboost,07_logistic_vs_xgboost / logistic_l2,logistic_l2,validation_2024,RAW_RECORDED_PREDICTIONS,raw,VALIDATED_COMPUTED,Full locked input feature order,d5d5e2d8a0734a0ce9af97a6606994868307c154f09eee30ee788ada6108d568,764,"0.694284 [0.667737, 0.720603]","0.349412 [0.319708, 0.38597]",2712,521,0.6942837169330826,0.6677373456697523,0.7206034340917385,0.349412104012072,0.3197082766847626,0.38596968635233925,0.2187432250020181,0.2092555074380296,0.22874413322772155,0.41924851680949243,-0.13274336283185842,0.5,0.5,0.5,0.6103646833013435,0.6905522592423551,0.3192771084337349,0.8817016317016317,318,678,1513,203,ESTIMATED,ESTIMATED,ESTIMATED,1343830167fd3476b203c5fca6918f96aea4a030b0c48711870a461bbef21e10,"Descriptive arm estimate. CI is an individual-arm CI, not a paired-difference CI; no significance claim for a delta. Raw layer; operating point is the recorded P104 comparator rule, not a final clinical threshold.",D:\Codex_分拆Prompt嚴格無到院\outputs\v2\.p104k10\failed_revalidation_20260906T211456Z\f04\repo\outputs\v2\specialty_opname_v1\p1_04_extension_20260905\runs\surgery__S3__07_logistic_vs_xgboost,c3e2f149fed9d8350e2cd3fba364a3ea89a7e67a5dc328a103e4d55041fbdbfa,D:\Codex_分拆Prompt嚴格無到院\outputs\v2\.p104k10\cloud_validation_index_20260906T211456Z\task_surgery__S3__07_logistic_vs_xgboost_validation.json,1225f6d4ce76760d9e61f4663c48c9503cd2e63b36b0b8512c9f47b9f78e58fa
surgery__S3__07_logistic_vs_xgboost,surgery,S3,ablation,07_logistic_vs_xgboost,07_logistic_vs_xgboost / xgboost,xgboost,oof_2020_2023,RAW_RECORDED_PREDICTIONS,raw,VALIDATED_COMPUTED,Full locked input feature order,d5d5e2d8a0734a0ce9af97a6606994868307c154f09eee30ee788ada6108d568,764,"0.791255 [0.779093, 0.802644]","0.458291 [0.436333, 0.482411]",8731,1613,0.7912545702441893,0.7790930759434729,0.8026441957846282,0.4582909447633921,0.43633327534502275,0.48241058086807975,0.12491814594555253,0.12186071930116417,0.12787625794970175,0.3196428571428571,0.010193563165731303,0.5,0.5,0.5,0.22194668319900807,0.9622084855296431,0.5709728867623605,0.8451382033563672,358,269,6849,1255,ESTIMATED,ESTIMATED,ESTIMATED,cdeda8b89cb382da0875dc3f5f746b4add6ab4242dce65d69170fe4395e3bd1b,"Descriptive arm estimate. CI is an individual-arm CI, not a paired-difference CI; no significance claim for a delta. Raw layer; operating point is the recorded P104 comparator rule, not a final clinical threshold.",D:\Codex_分拆Prompt嚴格無到院\outputs\v2\.p104k10\failed_revalidation_20260906T211456Z\f04\repo\outputs\v2\specialty_opname_v1\p1_04_extension_20260905\runs\surgery__S3__07_logistic_vs_xgboost,c3e2f149fed9d8350e2cd3fba364a3ea89a7e67a5dc328a103e4d55041fbdbfa,D:\Codex_分拆Prompt嚴格無到院\outputs\v2\.p104k10\cloud_validation_index_20260906T211456Z\task_surgery__S3__07_logistic_vs_xgboost_validation.json,1225f6d4ce76760d9e61f4663c48c9503cd2e63b36b0b8512c9f47b9f78e58fa
surgery__S3__07_logistic_vs_xgboost,surgery,S3,ablation,07_logistic_vs_xgboost,07_logistic_vs_xgboost / xgboost,xgboost,validation_2024,RAW_RECORDED_PREDICTIONS,raw,VALIDATED_COMPUTED,Full locked input feature order,d5d5e2d8a0734a0ce9af97a6606994868307c154f09eee30ee788ada6108d568,764,"0.740933 [0.716902, 0.763868]","0.405534 [0.369815, 0.447625]",2712,521,0.740932851282204,0.7169016712934047,0.763868085838191,0.4055342978738968,0.3698147187581949,0.4476245787290612,0.13730280661679276,0.13202268158766364,0.14283536863599927,0.2742857142857143,0.004793510324483776,0.5,0.5,0.5,0.18426103646833014,0.9621177544500228,0.5363128491620112,0.8322147651006712,96,83,2108,425,ESTIMATED,ESTIMATED,ESTIMATED,1343830167fd3476b203c5fca6918f96aea4a030b0c48711870a461bbef21e10,"Descriptive arm estimate. CI is an individual-arm CI, not a paired-difference CI; no significance claim for a delta. Raw layer; operating point is the recorded P104 comparator rule, not a final clinical threshold.",D:\Codex_分拆Prompt嚴格無到院\outputs\v2\.p104k10\failed_revalidation_20260906T211456Z\f04\repo\outputs\v2\specialty_opname_v1\p1_04_extension_20260905\runs\surgery__S3__07_logistic_vs_xgboost,c3e2f149fed9d8350e2cd3fba364a3ea89a7e67a5dc328a103e4d55041fbdbfa,D:\Codex_分拆Prompt嚴格無到院\outputs\v2\.p104k10\cloud_validation_index_20260906T211456Z\task_surgery__S3__07_logistic_vs_xgboost_validation.json,1225f6d4ce76760d9e61f4663c48c9503cd2e63b36b0b8512c9f47b9f78e58fa
surgery__S3__08_median_vs_knn,surgery,S3,ablation,08_median_vs_knn,08_median_vs_knn / knn,knn,oof_2020_2023,RAW_RECORDED_PREDICTIONS,raw,VALIDATED_COMPUTED,Full locked input feature order,d5d5e2d8a0734a0ce9af97a6606994868307c154f09eee30ee788ada6108d568,764,"0.794563 [0.782834, 0.806483]","0.468899 [0.447627, 0.492809]",8731,1613,0.79456280951325,0.7828342690875172,0.8064833313988107,0.4688989661919937,0.4476272880226641,0.4928088969357199,0.13186015259489114,0.12845344520240393,0.13510260748957348,0.4719321148825065,-0.0005726720879624327,0.5,0.5,0.5,0.4482331060136392,0.897724079797696,0.4982770503101309,0.8777472527472527,723,728,6390,890,ESTIMATED,ESTIMATED,ESTIMATED,cdeda8b89cb382da0875dc3f5f746b4add6ab4242dce65d69170fe4395e3bd1b,"Descriptive arm estimate. CI is an individual-arm CI, not a paired-difference CI; no significance claim for a delta. Raw layer; operating point is the recorded P104 comparator rule, not a final clinical threshold.",D:\Codex_分拆Prompt嚴格無到院\outputs\v2\.p104rv\sweep_20260906T151250Z_account-05_v2\t25\r,2c2f193644030f4e39b412592f2adf10ee7186878fc5d33c950d37dd8c1388e0,D:\Codex_分拆Prompt嚴格無到院\outputs\v2\.p104k10\cloud_validation_index_20260906T211456Z\task_surgery__S3__08_median_vs_knn_validation.json,26d287aa58c7b6a0f26fc85adab98304cfc6b227876c533998dc015f32802526
surgery__S3__08_median_vs_knn,surgery,S3,ablation,08_median_vs_knn,08_median_vs_knn / knn,knn,validation_2024,RAW_RECORDED_PREDICTIONS,raw,VALIDATED_COMPUTED,Full locked input feature order,d5d5e2d8a0734a0ce9af97a6606994868307c154f09eee30ee788ada6108d568,764,"0.752954 [0.729597, 0.776929]","0.433802 [0.39864, 0.476747]",2712,521,0.7529537604105434,0.7295966122343004,0.776928566878779,0.43380176102498474,0.39863955602186857,0.4767473122551171,0.14590539611654482,0.13969052940693616,0.15180228683369393,0.44240570846075433,-0.009587020648967551,0.5,0.5,0.5,0.4165067178502879,0.8890917389319946,0.4717391304347826,0.8650088809946714,217,243,1948,304,ESTIMATED,ESTIMATED,ESTIMATED,1343830167fd3476b203c5fca6918f96aea4a030b0c48711870a461bbef21e10,"Descriptive arm estimate. CI is an individual-arm CI, not a paired-difference CI; no significance claim for a delta. Raw layer; operating point is the recorded P104 comparator rule, not a final clinical threshold.",D:\Codex_分拆Prompt嚴格無到院\outputs\v2\.p104rv\sweep_20260906T151250Z_account-05_v2\t25\r,2c2f193644030f4e39b412592f2adf10ee7186878fc5d33c950d37dd8c1388e0,D:\Codex_分拆Prompt嚴格無到院\outputs\v2\.p104k10\cloud_validation_index_20260906T211456Z\task_surgery__S3__08_median_vs_knn_validation.json,26d287aa58c7b6a0f26fc85adab98304cfc6b227876c533998dc015f32802526
surgery__S3__08_median_vs_knn,surgery,S3,ablation,08_median_vs_knn,08_median_vs_knn / median,median,oof_2020_2023,RAW_RECORDED_PREDICTIONS,raw,VALIDATED_COMPUTED,Full locked input feature order,d5d5e2d8a0734a0ce9af97a6606994868307c154f09eee30ee788ada6108d568,764,"0.79096 [0.7789, 0.802657]","0.462028 [0.439529, 0.485291]",8731,1613,0.7909602664638099,0.7788997685372716,0.8026568164757149,0.46202768676985884,0.4395294392945151,0.4852911448490217,0.13214881595063419,0.12884582393646923,0.13562675724977957,0.4631578947368421,-0.002176153934257244,0.5,0.5,0.5,0.43645381277123374,0.8984265243045799,0.4933426769446391,0.8755476451259584,704,723,6395,909,ESTIMATED,ESTIMATED,ESTIMATED,cdeda8b89cb382da0875dc3f5f746b4add6ab4242dce65d69170fe4395e3bd1b,"Descriptive arm estimate. CI is an individual-arm CI, not a paired-difference CI; no significance claim for a delta. Raw layer; operating point is the recorded P104 comparator rule, not a final clinical threshold.",D:\Codex_分拆Prompt嚴格無到院\outputs\v2\.p104rv\sweep_20260906T151250Z_account-05_v2\t25\r,2c2f193644030f4e39b412592f2adf10ee7186878fc5d33c950d37dd8c1388e0,D:\Codex_分拆Prompt嚴格無到院\outputs\v2\.p104k10\cloud_validation_index_20260906T211456Z\task_surgery__S3__08_median_vs_knn_validation.json,26d287aa58c7b6a0f26fc85adab98304cfc6b227876c533998dc015f32802526
surgery__S3__08_median_vs_knn,surgery,S3,ablation,08_median_vs_knn,08_median_vs_knn / median,median,validation_2024,RAW_RECORDED_PREDICTIONS,raw,VALIDATED_COMPUTED,Full locked input feature order,d5d5e2d8a0734a0ce9af97a6606994868307c154f09eee30ee788ada6108d568,764,"0.752583 [0.730142, 0.775774]","0.429943 [0.393122, 0.472097]",2712,521,0.7525831989354461,0.7301421595593208,0.7757742327819576,0.42994326082517786,0.39312180525444906,0.4720969226559787,0.14510323020320387,0.13920567498798858,0.15132002618909818,0.43248730964467,-0.014011799410029498,0.5,0.5,0.5,0.4088291746641075,0.8854404381560931,0.45905172413793105,0.8629893238434164,213,251,1940,308,ESTIMATED,ESTIMATED,ESTIMATED,1343830167fd3476b203c5fca6918f96aea4a030b0c48711870a461bbef21e10,"Descriptive arm estimate. CI is an individual-arm CI, not a paired-difference CI; no significance claim for a delta. Raw layer; operating point is the recorded P104 comparator rule, not a final clinical threshold.",D:\Codex_分拆Prompt嚴格無到院\outputs\v2\.p104rv\sweep_20260906T151250Z_account-05_v2\t25\r,2c2f193644030f4e39b412592f2adf10ee7186878fc5d33c950d37dd8c1388e0,D:\Codex_分拆Prompt嚴格無到院\outputs\v2\.p104k10\cloud_validation_index_20260906T211456Z\task_surgery__S3__08_median_vs_knn_validation.json,26d287aa58c7b6a0f26fc85adab98304cfc6b227876c533998dc015f32802526
surgery__S3__09_class_weight_smotenc_threshold,surgery,S3,ablation,09_class_weight_smotenc_threshold,09_class_weight_smotenc_threshold / class_weight,class_weight,oof_2020_2023,RAW_RECORDED_PREDICTIONS,raw,VALIDATED_COMPUTED,Full locked input feature order,d5d5e2d8a0734a0ce9af97a6606994868307c154f09eee30ee788ada6108d568,764,"0.744572 [0.731431, 0.756948]","0.38308 [0.364415, 0.403876]",8731,1613,0.7445719286626451,0.7314313982568609,0.7569477087400159,0.38307960957168896,0.3644150504908674,0.4038763734399915,0.19550702294219202,0.19074949466352117,0.20058917206734372,0.4637425611637646,-0.09391822242583897,0.5,0.5,0.5,0.6522008679479231,0.7370047766226469,0.359781121751026,0.9033924573790253,1052,1872,5246,561,ESTIMATED,ESTIMATED,ESTIMATED,cdeda8b89cb382da0875dc3f5f746b4add6ab4242dce65d69170fe4395e3bd1b,"Descriptive arm estimate. CI is an individual-arm CI, not a paired-difference CI; no significance claim for a delta. Raw layer; operating point is the recorded P104 comparator rule, not a final clinical threshold.",D:\Codex_分拆Prompt嚴格無到院\outputs\v2\specialty_opname_v1\p1_04_extension_20260905\runs\surgery__S3__09_class_weight_smotenc_threshold,66407020a282f7ea23feeb29c40056de54dafa52ac6ea5d00574571c47adbfed,D:\Codex_分拆Prompt嚴格無到院\outputs\v2\specialty_opname_v1\p1_04_extension_20260905\local_dispatch_full\validations\surgery__S3__09_class_weight_smotenc_threshold\66407020a282f7ea_3c510f4d0008.report.json,bcdf61256364caf16c871ae3f1394dbcb9ab41bf6e093cdfa213ad674bf28b36
surgery__S3__09_class_weight_smotenc_threshold,surgery,S3,ablation,09_class_weight_smotenc_threshold,09_class_weight_smotenc_threshold / class_weight,class_weight,validation_2024,RAW_RECORDED_PREDICTIONS,raw,VALIDATED_COMPUTED,Full locked input feature order,d5d5e2d8a0734a0ce9af97a6606994868307c154f09eee30ee788ada6108d568,764,"0.694284 [0.668759, 0.719445]","0.349412 [0.320737, 0.387296]",2712,521,0.6942837169330826,0.6687585449383128,0.7194446319891202,0.349412104012072,0.32073743252326614,0.38729571832683984,0.2187432250020181,0.20929143221508675,0.22812122109658114,0.41924851680949243,-0.13274336283185842,0.5,0.5,0.5,0.6103646833013435,0.6905522592423551,0.3192771084337349,0.8817016317016317,318,678,1513,203,ESTIMATED,ESTIMATED,ESTIMATED,1343830167fd3476b203c5fca6918f96aea4a030b0c48711870a461bbef21e10,"Descriptive arm estimate. CI is an individual-arm CI, not a paired-difference CI; no significance claim for a delta. Raw layer; operating point is the recorded P104 comparator rule, not a final clinical threshold.",D:\Codex_分拆Prompt嚴格無到院\outputs\v2\specialty_opname_v1\p1_04_extension_20260905\runs\surgery__S3__09_class_weight_smotenc_threshold,66407020a282f7ea23feeb29c40056de54dafa52ac6ea5d00574571c47adbfed,D:\Codex_分拆Prompt嚴格無到院\outputs\v2\specialty_opname_v1\p1_04_extension_20260905\local_dispatch_full\validations\surgery__S3__09_class_weight_smotenc_threshold\66407020a282f7ea_3c510f4d0008.report.json,bcdf61256364caf16c871ae3f1394dbcb9ab41bf6e093cdfa213ad674bf28b36
surgery__S3__09_class_weight_smotenc_threshold,surgery,S3,ablation,09_class_weight_smotenc_threshold,09_class_weight_smotenc_threshold / smotenc,smotenc,oof_2020_2023,RAW_RECORDED_PREDICTIONS,raw,VALIDATED_COMPUTED,Full locked input feature order,d5d5e2d8a0734a0ce9af97a6606994868307c154f09eee30ee788ada6108d568,764,"0.712029 [0.697292, 0.727242]","0.362553 [0.345162, 0.384494]",8731,1613,0.7120290638701043,0.697292406994693,0.7272416179759084,0.3625534918032019,0.34516221143843395,0.3844938735601397,0.15278145932417875,0.14829562023850199,0.15693006900583487,0.39549519708512754,-0.024281296529607147,0.5,0.5,0.5,0.37011779293242403,0.8863444787861758,0.42460881934566147,0.861296928327645,597,809,6309,1016,ESTIMATED,ESTIMATED,ESTIMATED,cdeda8b89cb382da0875dc3f5f746b4add6ab4242dce65d69170fe4395e3bd1b,"Descriptive arm estimate. CI is an individual-arm CI, not a paired-difference CI; no significance claim for a delta. Raw layer; operating point is the recorded P104 comparator rule, not a final clinical threshold.",D:\Codex_分拆Prompt嚴格無到院\outputs\v2\specialty_opname_v1\p1_04_extension_20260905\runs\surgery__S3__09_class_weight_smotenc_threshold,66407020a282f7ea23feeb29c40056de54dafa52ac6ea5d00574571c47adbfed,D:\Codex_分拆Prompt嚴格無到院\outputs\v2\specialty_opname_v1\p1_04_extension_20260905\local_dispatch_full\validations\surgery__S3__09_class_weight_smotenc_threshold\66407020a282f7ea_3c510f4d0008.report.json,bcdf61256364caf16c871ae3f1394dbcb9ab41bf6e093cdfa213ad674bf28b36
surgery__S3__09_class_weight_smotenc_threshold,surgery,S3,ablation,09_class_weight_smotenc_threshold,09_class_weight_smotenc_threshold / smotenc,smotenc,validation_2024,RAW_RECORDED_PREDICTIONS,raw,VALIDATED_COMPUTED,Full locked input feature order,d5d5e2d8a0734a0ce9af97a6606994868307c154f09eee30ee788ada6108d568,764,"0.666654 [0.639675, 0.692469]","0.330503 [0.302369, 0.364524]",2712,521,0.6666541102100637,0.6396748455720862,0.6924694480392088,0.33050308323856803,0.3023688984457727,0.36452411172010424,0.1726084415334167,0.16445763405905747,0.18099107423392488,0.3638132295719844,-0.04904129793510324,0.5,0.5,0.5,0.35892514395393477,0.8539479689639434,0.368836291913215,0.8485260770975057,187,320,1871,334,ESTIMATED,ESTIMATED,ESTIMATED,1343830167fd3476b203c5fca6918f96aea4a030b0c48711870a461bbef21e10,"Descriptive arm estimate. CI is an individual-arm CI, not a paired-difference CI; no significance claim for a delta. Raw layer; operating point is the recorded P104 comparator rule, not a final clinical threshold.",D:\Codex_分拆Prompt嚴格無到院\outputs\v2\specialty_opname_v1\p1_04_extension_20260905\runs\surgery__S3__09_class_weight_smotenc_threshold,66407020a282f7ea23feeb29c40056de54dafa52ac6ea5d00574571c47adbfed,D:\Codex_分拆Prompt嚴格無到院\outputs\v2\specialty_opname_v1\p1_04_extension_20260905\local_dispatch_full\validations\surgery__S3__09_class_weight_smotenc_threshold\66407020a282f7ea_3c510f4d0008.report.json,bcdf61256364caf16c871ae3f1394dbcb9ab41bf6e093cdfa213ad674bf28b36
surgery__S3__09_class_weight_smotenc_threshold,surgery,S3,ablation,09_class_weight_smotenc_threshold,09_class_weight_smotenc_threshold / threshold_shift,threshold_shift,oof_2020_2023,RAW_RECORDED_PREDICTIONS,raw,VALIDATED_COMPUTED,Full locked input feature order,d5d5e2d8a0734a0ce9af97a6606994868307c154f09eee30ee788ada6108d568,764,"0.741575 [0.727262, 0.755626]","0.383925 [0.366288, 0.40499]",8731,1613,0.7415754998504529,0.7272618965170327,0.7556258669030265,0.38392456765816063,0.36628757614879776,0.40499001227219417,0.13726406306410271,0.133702344867441,0.14066686815904011,0.4383307573415765,0.03151553937359402,0.3222045787050985,0.31388928746360684,0.32813040511180336,0.43955362678239307,0.8717336330429896,0.43711467324291,0.8728372485581657,709,913,6205,904,ESTIMATED,ESTIMATED,ESTIMATED,cdeda8b89cb382da0875dc3f5f746b4add6ab4242dce65d69170fe4395e3bd1b,"Descriptive arm estimate. CI is an individual-arm CI, not a paired-difference CI; no significance claim for a delta. Raw layer; operating point is the recorded P104 comparator rule, not a final clinical threshold.",D:\Codex_分拆Prompt嚴格無到院\outputs\v2\specialty_opname_v1\p1_04_extension_20260905\runs\surgery__S3__09_class_weight_smotenc_threshold,66407020a282f7ea23feeb29c40056de54dafa52ac6ea5d00574571c47adbfed,D:\Codex_分拆Prompt嚴格無到院\outputs\v2\specialty_opname_v1\p1_04_extension_20260905\local_dispatch_full\validations\surgery__S3__09_class_weight_smotenc_threshold\66407020a282f7ea_3c510f4d0008.report.json,bcdf61256364caf16c871ae3f1394dbcb9ab41bf6e093cdfa213ad674bf28b36
surgery__S3__09_class_weight_smotenc_threshold,surgery,S3,ablation,09_class_weight_smotenc_threshold,09_class_weight_smotenc_threshold / threshold_shift,threshold_shift,validation_2024,RAW_RECORDED_PREDICTIONS,raw,VALIDATED_COMPUTED,Full locked input feature order,d5d5e2d8a0734a0ce9af97a6606994868307c154f09eee30ee788ada6108d568,764,"0.696077 [0.669777, 0.721506]","0.346967 [0.31867, 0.383424]",2712,521,0.6960773921582885,0.6697771040200562,0.7215062697722348,0.34696707529928794,0.31866966448290945,0.3834241609048765,0.15230868388005842,0.14557359691152652,0.1593326514678253,0.40037243947858475,0.021243180528677026,0.31770720592708473,0.31770720592708473,0.31770720592708473,0.4126679462571977,0.8457325422181652,0.3887884267631103,0.8582677165354331,215,338,1853,306,ESTIMATED,ESTIMATED,ESTIMATED,1343830167fd3476b203c5fca6918f96aea4a030b0c48711870a461bbef21e10,"Descriptive arm estimate. CI is an individual-arm CI, not a paired-difference CI; no significance claim for a delta. Raw layer; operating point is the recorded P104 comparator rule, not a final clinical threshold.",D:\Codex_分拆Prompt嚴格無到院\outputs\v2\specialty_opname_v1\p1_04_extension_20260905\runs\surgery__S3__09_class_weight_smotenc_threshold,66407020a282f7ea23feeb29c40056de54dafa52ac6ea5d00574571c47adbfed,D:\Codex_分拆Prompt嚴格無到院\outputs\v2\specialty_opname_v1\p1_04_extension_20260905\local_dispatch_full\validations\surgery__S3__09_class_weight_smotenc_threshold\66407020a282f7ea_3c510f4d0008.report.json,bcdf61256364caf16c871ae3f1394dbcb9ab41bf6e093cdfa213ad674bf28b36
surgery__S3__10_prehospital_vs_ed_early,surgery,S3,ablation,10_prehospital_vs_ed_early,10_prehospital_vs_ed_early / locked_full,locked_full,oof_2020_2023,RAW_RECORDED_PREDICTIONS,raw,VALIDATED_COMPUTED,Full locked input feature order,d5d5e2d8a0734a0ce9af97a6606994868307c154f09eee30ee788ada6108d568,764,"0.79096 [0.778558, 0.802239]","0.462028 [0.440072, 0.485914]",8731,1613,0.7909602664638099,0.7785576863211479,0.8022387256547202,0.46202768676985884,0.4400722186661306,0.4859135931919223,0.13214881595063419,0.12888102635500248,0.13553998426203778,0.4631578947368421,-0.002176153934257244,0.5,0.5,0.5,0.43645381277123374,0.8984265243045799,0.4933426769446391,0.8755476451259584,704,723,6395,909,ESTIMATED,ESTIMATED,ESTIMATED,cdeda8b89cb382da0875dc3f5f746b4add6ab4242dce65d69170fe4395e3bd1b,"Descriptive arm estimate. CI is an individual-arm CI, not a paired-difference CI; no significance claim for a delta. Raw layer; operating point is the recorded P104 comparator rule, not a final clinical threshold.",D:\Codex_分拆Prompt嚴格無到院\outputs\v2\.p104rv\sweep_20260906T151250Z_account-06_v2\t25\r,fbcb05377d13cbd6340692965e6c11096cd1dfb9a0f4179700ce3ae27e0b5cd3,D:\Codex_分拆Prompt嚴格無到院\outputs\v2\.p104k10\cloud_validation_index_20260906T211456Z\task_surgery__S3__10_prehospital_vs_ed_early_validation.json,dde7a265675944d21f7a983b0e42bd73c7d5b596a345ec1335fcf40bdb92d9f2
surgery__S3__10_prehospital_vs_ed_early,surgery,S3,ablation,10_prehospital_vs_ed_early,10_prehospital_vs_ed_early / locked_full,locked_full,validation_2024,RAW_RECORDED_PREDICTIONS,raw,VALIDATED_COMPUTED,Full locked input feature order,d5d5e2d8a0734a0ce9af97a6606994868307c154f09eee30ee788ada6108d568,764,"0.752583 [0.728931, 0.774047]","0.429943 [0.391587, 0.470177]",2712,521,0.7525831989354461,0.72893081864265,0.7740469757539702,0.42994326082517786,0.391586878046779,0.47017733386259064,0.14510323020320387,0.13946875690022525,0.15136850074664013,0.43248730964467,-0.014011799410029498,0.5,0.5,0.5,0.4088291746641075,0.8854404381560931,0.45905172413793105,0.8629893238434164,213,251,1940,308,ESTIMATED,ESTIMATED,ESTIMATED,1343830167fd3476b203c5fca6918f96aea4a030b0c48711870a461bbef21e10,"Descriptive arm estimate. CI is an individual-arm CI, not a paired-difference CI; no significance claim for a delta. Raw layer; operating point is the recorded P104 comparator rule, not a final clinical threshold.",D:\Codex_分拆Prompt嚴格無到院\outputs\v2\.p104rv\sweep_20260906T151250Z_account-06_v2\t25\r,fbcb05377d13cbd6340692965e6c11096cd1dfb9a0f4179700ce3ae27e0b5cd3,D:\Codex_分拆Prompt嚴格無到院\outputs\v2\.p104k10\cloud_validation_index_20260906T211456Z\task_surgery__S3__10_prehospital_vs_ed_early_validation.json,dde7a265675944d21f7a983b0e42bd73c7d5b596a345ec1335fcf40bdb92d9f2
surgery__S3__10_prehospital_vs_ed_early,surgery,S3,ablation,10_prehospital_vs_ed_early,10_prehospital_vs_ed_early / plus_ed_early,plus_ed_early,oof_2020_2023,RAW_RECORDED_PREDICTIONS,raw,VALIDATED_COMPUTED,Full prehospital inputs plus separately labelled ED-early comparator inputs,a13b2333d99c92de94917b98c1bf5db5969fce60a635c467dff6a04ee3da0e03,790,"0.793124 [0.781264, 0.805328]","0.46653 [0.44385, 0.490276]",8731,1613,0.7931244749085778,0.781263646372969,0.8053284104608613,0.46652971750741373,0.44384955572160606,0.4902763380488439,0.13206568517242973,0.12867196139681103,0.1352736515425035,0.47287076619533047,0.0011453441759248654,0.5,0.5,0.5,0.44575325480471173,0.900393368923855,0.5035014005602241,0.8775845542927564,719,709,6409,894,ESTIMATED,ESTIMATED,ESTIMATED,cdeda8b89cb382da0875dc3f5f746b4add6ab4242dce65d69170fe4395e3bd1b,"Descriptive arm estimate. CI is an individual-arm CI, not a paired-difference CI; no significance claim for a delta. Raw layer; operating point is the recorded P104 comparator rule, not a final clinical threshold.",D:\Codex_分拆Prompt嚴格無到院\outputs\v2\.p104rv\sweep_20260906T151250Z_account-06_v2\t25\r,fbcb05377d13cbd6340692965e6c11096cd1dfb9a0f4179700ce3ae27e0b5cd3,D:\Codex_分拆Prompt嚴格無到院\outputs\v2\.p104k10\cloud_validation_index_20260906T211456Z\task_surgery__S3__10_prehospital_vs_ed_early_validation.json,dde7a265675944d21f7a983b0e42bd73c7d5b596a345ec1335fcf40bdb92d9f2
surgery__S3__10_prehospital_vs_ed_early,surgery,S3,ablation,10_prehospital_vs_ed_early,10_prehospital_vs_ed_early / plus_ed_early,plus_ed_early,validation_2024,RAW_RECORDED_PREDICTIONS,raw,VALIDATED_COMPUTED,Full prehospital inputs plus separately labelled ED-early comparator inputs,a13b2333d99c92de94917b98c1bf5db5969fce60a635c467dff6a04ee3da0e03,790,"0.755131 [0.732219, 0.776873]","0.435032 [0.400083, 0.477203]",2712,521,0.7551306995727592,0.7322193640247242,0.7768725507498668,0.43503222473487024,0.40008338405012395,0.47720322111430624,0.14518364746920087,0.13949226623894592,0.1511278310569877,0.43983402489626555,-0.007005899705014749,0.5,0.5,0.5,0.4069097888675624,0.8945686900958466,0.4785553047404063,0.8638166593212869,212,231,1960,309,ESTIMATED,ESTIMATED,ESTIMATED,1343830167fd3476b203c5fca6918f96aea4a030b0c48711870a461bbef21e10,"Descriptive arm estimate. CI is an individual-arm CI, not a paired-difference CI; no significance claim for a delta. Raw layer; operating point is the recorded P104 comparator rule, not a final clinical threshold.",D:\Codex_分拆Prompt嚴格無到院\outputs\v2\.p104rv\sweep_20260906T151250Z_account-06_v2\t25\r,fbcb05377d13cbd6340692965e6c11096cd1dfb9a0f4179700ce3ae27e0b5cd3,D:\Codex_分拆Prompt嚴格無到院\outputs\v2\.p104k10\cloud_validation_index_20260906T211456Z\task_surgery__S3__10_prehospital_vs_ed_early_validation.json,dde7a265675944d21f7a983b0e42bd73c7d5b596a345ec1335fcf40bdb92d9f2
surgery__S3__11_collaborator_variables,surgery,S3,ablation,11_collaborator_variables,11_collaborator_variables / locked_full,locked_full,oof_2020_2023,RAW_RECORDED_PREDICTIONS,raw,VALIDATED_COMPUTED,Full locked input feature order,d5d5e2d8a0734a0ce9af97a6606994868307c154f09eee30ee788ada6108d568,764,"0.79096 [0.778558, 0.802239]","0.462028 [0.440072, 0.485914]",8731,1613,0.7909602664638099,0.7785576863211479,0.8022387256547202,0.46202768676985884,0.4400722186661306,0.4859135931919223,0.13214881595063419,0.12888102635500248,0.13553998426203778,0.4631578947368421,-0.002176153934257244,0.5,0.5,0.5,0.43645381277123374,0.8984265243045799,0.4933426769446391,0.8755476451259584,704,723,6395,909,ESTIMATED,ESTIMATED,ESTIMATED,cdeda8b89cb382da0875dc3f5f746b4add6ab4242dce65d69170fe4395e3bd1b,"Descriptive arm estimate. CI is an individual-arm CI, not a paired-difference CI; no significance claim for a delta. Raw layer; operating point is the recorded P104 comparator rule, not a final clinical threshold.",D:\Codex_分拆Prompt嚴格無到院\outputs\v2\.p104rv\sweep_20260906T171453Z_account-07_v2\t25\r,deceecb0e0f014166cb5d369bca9392471e3295c98acc663a6f9c427c2d5c57c,D:\Codex_分拆Prompt嚴格無到院\outputs\v2\.p104k10\cloud_validation_index_20260906T211456Z\task_surgery__S3__11_collaborator_variables_validation.json,71acc87f1ffd32cdc484e76360530ca4f984a2b21f243b024a484912f14ebef3
surgery__S3__11_collaborator_variables,surgery,S3,ablation,11_collaborator_variables,11_collaborator_variables / locked_full,locked_full,validation_2024,RAW_RECORDED_PREDICTIONS,raw,VALIDATED_COMPUTED,Full locked input feature order,d5d5e2d8a0734a0ce9af97a6606994868307c154f09eee30ee788ada6108d568,764,"0.752583 [0.728931, 0.774047]","0.429943 [0.391587, 0.470177]",2712,521,0.7525831989354461,0.72893081864265,0.7740469757539702,0.42994326082517786,0.391586878046779,0.47017733386259064,0.14510323020320387,0.13946875690022525,0.15136850074664013,0.43248730964467,-0.014011799410029498,0.5,0.5,0.5,0.4088291746641075,0.8854404381560931,0.45905172413793105,0.8629893238434164,213,251,1940,308,ESTIMATED,ESTIMATED,ESTIMATED,1343830167fd3476b203c5fca6918f96aea4a030b0c48711870a461bbef21e10,"Descriptive arm estimate. CI is an individual-arm CI, not a paired-difference CI; no significance claim for a delta. Raw layer; operating point is the recorded P104 comparator rule, not a final clinical threshold.",D:\Codex_分拆Prompt嚴格無到院\outputs\v2\.p104rv\sweep_20260906T171453Z_account-07_v2\t25\r,deceecb0e0f014166cb5d369bca9392471e3295c98acc663a6f9c427c2d5c57c,D:\Codex_分拆Prompt嚴格無到院\outputs\v2\.p104k10\cloud_validation_index_20260906T211456Z\task_surgery__S3__11_collaborator_variables_validation.json,71acc87f1ffd32cdc484e76360530ca4f984a2b21f243b024a484912f14ebef3
surgery__S3__11_collaborator_variables,surgery,S3,ablation,11_collaborator_variables,11_collaborator_variables / without_collaborator_variables_exact,without_collaborator_variables_exact,oof_2020_2023,RAW_RECORDED_PREDICTIONS,raw,VALIDATED_COMPUTED,Full inputs excluding source-defined collaborator_variables_exact,b99f46275695791d2b4760ac050107910386b57ca1ee6453e725319cacf616b2,754,"0.794682 [0.782793, 0.806033]","0.470516 [0.448818, 0.494254]",8731,1613,0.7946820465287397,0.7827933034607271,0.8060334663045292,0.4705156463745136,0.44881824026973893,0.4942538031976978,0.132128905115475,0.12884101515346516,0.13534129059025865,0.4747310074991849,0.0002290688351849731,0.5,0.5,0.5,0.4513329200247985,0.8980050576004496,0.5006877579092159,0.8783839494297101,728,726,6392,885,ESTIMATED,ESTIMATED,ESTIMATED,cdeda8b89cb382da0875dc3f5f746b4add6ab4242dce65d69170fe4395e3bd1b,"Descriptive arm estimate. CI is an individual-arm CI, not a paired-difference CI; no significance claim for a delta. Raw layer; operating point is the recorded P104 comparator rule, not a final clinical threshold.",D:\Codex_分拆Prompt嚴格無到院\outputs\v2\.p104rv\sweep_20260906T171453Z_account-07_v2\t25\r,deceecb0e0f014166cb5d369bca9392471e3295c98acc663a6f9c427c2d5c57c,D:\Codex_分拆Prompt嚴格無到院\outputs\v2\.p104k10\cloud_validation_index_20260906T211456Z\task_surgery__S3__11_collaborator_variables_validation.json,71acc87f1ffd32cdc484e76360530ca4f984a2b21f243b024a484912f14ebef3
surgery__S3__11_collaborator_variables,surgery,S3,ablation,11_collaborator_variables,11_collaborator_variables / without_collaborator_variables_exact,without_collaborator_variables_exact,validation_2024,RAW_RECORDED_PREDICTIONS,raw,VALIDATED_COMPUTED,Full inputs excluding source-defined collaborator_variables_exact,b99f46275695791d2b4760ac050107910386b57ca1ee6453e725319cacf616b2,754,"0.753078 [0.730926, 0.775057]","0.431579 [0.396506, 0.474491]",2712,521,0.7530781569340989,0.7309259069124044,0.7750565560072279,0.431578951432116,0.3965055198945158,0.4744905027072291,0.14639551627845265,0.14062383003836926,0.1523190228005023,0.4385786802030457,-0.011799410029498525,0.5,0.5,0.5,0.4145873320537428,0.8868096759470562,0.46551724137931033,0.8643238434163701,216,248,1943,305,ESTIMATED,ESTIMATED,ESTIMATED,1343830167fd3476b203c5fca6918f96aea4a030b0c48711870a461bbef21e10,"Descriptive arm estimate. CI is an individual-arm CI, not a paired-difference CI; no significance claim for a delta. Raw layer; operating point is the recorded P104 comparator rule, not a final clinical threshold.",D:\Codex_分拆Prompt嚴格無到院\outputs\v2\.p104rv\sweep_20260906T171453Z_account-07_v2\t25\r,deceecb0e0f014166cb5d369bca9392471e3295c98acc663a6f9c427c2d5c57c,D:\Codex_分拆Prompt嚴格無到院\outputs\v2\.p104k10\cloud_validation_index_20260906T211456Z\task_surgery__S3__11_collaborator_variables_validation.json,71acc87f1ffd32cdc484e76360530ca4f984a2b21f243b024a484912f14ebef3
surgery__S3__12_remove_distance,surgery,S3,ablation,12_remove_distance,12_remove_distance / locked_full,locked_full,oof_2020_2023,RAW_RECORDED_PREDICTIONS,raw,VALIDATED_COMPUTED,Full locked input feature order,d5d5e2d8a0734a0ce9af97a6606994868307c154f09eee30ee788ada6108d568,764,"0.79096 [0.778558, 0.802239]","0.462028 [0.440072, 0.485914]",8731,1613,0.7909602664638099,0.7785576863211479,0.8022387256547202,0.46202768676985884,0.4400722186661306,0.4859135931919223,0.13214881595063419,0.12888102635500248,0.13553998426203778,0.4631578947368421,-0.002176153934257244,0.5,0.5,0.5,0.43645381277123374,0.8984265243045799,0.4933426769446391,0.8755476451259584,704,723,6395,909,ESTIMATED,ESTIMATED,ESTIMATED,cdeda8b89cb382da0875dc3f5f746b4add6ab4242dce65d69170fe4395e3bd1b,"Descriptive arm estimate. CI is an individual-arm CI, not a paired-difference CI; no significance claim for a delta. Raw layer; operating point is the recorded P104 comparator rule, not a final clinical threshold.",D:\Codex_分拆Prompt嚴格無到院\outputs\v2\.p104rv\sweep_20260906T171453Z_account-08_v2\t25\r,ef99d1addcf3c32d8958a84b98b1b5f8002e1245a4ffffdbc251ac86d3559322,D:\Codex_分拆Prompt嚴格無到院\outputs\v2\.p104k10\cloud_validation_index_20260906T211456Z\task_surgery__S3__12_remove_distance_validation.json,36658846b67c369ee3920cca5441ad1ee64179b087339b6e045e15fd81a26284
surgery__S3__12_remove_distance,surgery,S3,ablation,12_remove_distance,12_remove_distance / locked_full,locked_full,validation_2024,RAW_RECORDED_PREDICTIONS,raw,VALIDATED_COMPUTED,Full locked input feature order,d5d5e2d8a0734a0ce9af97a6606994868307c154f09eee30ee788ada6108d568,764,"0.752583 [0.728931, 0.774047]","0.429943 [0.391587, 0.470177]",2712,521,0.7525831989354461,0.72893081864265,0.7740469757539702,0.42994326082517786,0.391586878046779,0.47017733386259064,0.14510323020320387,0.13946875690022525,0.15136850074664013,0.43248730964467,-0.014011799410029498,0.5,0.5,0.5,0.4088291746641075,0.8854404381560931,0.45905172413793105,0.8629893238434164,213,251,1940,308,ESTIMATED,ESTIMATED,ESTIMATED,1343830167fd3476b203c5fca6918f96aea4a030b0c48711870a461bbef21e10,"Descriptive arm estimate. CI is an individual-arm CI, not a paired-difference CI; no significance claim for a delta. Raw layer; operating point is the recorded P104 comparator rule, not a final clinical threshold.",D:\Codex_分拆Prompt嚴格無到院\outputs\v2\.p104rv\sweep_20260906T171453Z_account-08_v2\t25\r,ef99d1addcf3c32d8958a84b98b1b5f8002e1245a4ffffdbc251ac86d3559322,D:\Codex_分拆Prompt嚴格無到院\outputs\v2\.p104k10\cloud_validation_index_20260906T211456Z\task_surgery__S3__12_remove_distance_validation.json,36658846b67c369ee3920cca5441ad1ee64179b087339b6e045e15fd81a26284
surgery__S3__12_remove_distance,surgery,S3,ablation,12_remove_distance,12_remove_distance / without_distance,without_distance,oof_2020_2023,RAW_RECORDED_PREDICTIONS,raw,VALIDATED_COMPUTED,Full inputs excluding source-defined distance,b536524057bac4c3a9a2df49d51ed66f7aaaf993958d9bf190a45c54ec06df08,752,"0.794184 [0.78217, 0.80574]","0.469543 [0.448338, 0.49383]",8731,1613,0.7941842820703587,0.7821695107438943,0.805740048125417,0.46954295426464104,0.4483383404650822,0.49382960666152903,0.13234491813667207,0.12904854147736974,0.135752541512613,0.47310434219053793,-0.001488947428702325,0.5,0.5,0.5,0.45257284562926225,0.8956167462770441,0.4955872369314325,0.8783411408101406,730,743,6375,883,ESTIMATED,ESTIMATED,ESTIMATED,cdeda8b89cb382da0875dc3f5f746b4add6ab4242dce65d69170fe4395e3bd1b,"Descriptive arm estimate. CI is an individual-arm CI, not a paired-difference CI; no significance claim for a delta. Raw layer; operating point is the recorded P104 comparator rule, not a final clinical threshold.",D:\Codex_分拆Prompt嚴格無到院\outputs\v2\.p104rv\sweep_20260906T171453Z_account-08_v2\t25\r,ef99d1addcf3c32d8958a84b98b1b5f8002e1245a4ffffdbc251ac86d3559322,D:\Codex_分拆Prompt嚴格無到院\outputs\v2\.p104k10\cloud_validation_index_20260906T211456Z\task_surgery__S3__12_remove_distance_validation.json,36658846b67c369ee3920cca5441ad1ee64179b087339b6e045e15fd81a26284
surgery__S3__12_remove_distance,surgery,S3,ablation,12_remove_distance,12_remove_distance / without_distance,without_distance,validation_2024,RAW_RECORDED_PREDICTIONS,raw,VALIDATED_COMPUTED,Full inputs excluding source-defined distance,b536524057bac4c3a9a2df49d51ed66f7aaaf993958d9bf190a45c54ec06df08,752,"0.750492 [0.727574, 0.773689]","0.426058 [0.392096, 0.470007]",2712,521,0.7504921108951206,0.7275740365794103,0.7736885616794569,0.426057999953987,0.3920960795915357,0.47000723746566575,0.14737437506419562,0.14129138774177125,0.15307391492254438,0.43724696356275305,-0.012905604719764012,0.5,0.5,0.5,0.4145873320537428,0.8854404381560931,0.4625267665952891,0.8641425389755011,216,251,1940,305,ESTIMATED,ESTIMATED,ESTIMATED,1343830167fd3476b203c5fca6918f96aea4a030b0c48711870a461bbef21e10,"Descriptive arm estimate. CI is an individual-arm CI, not a paired-difference CI; no significance claim for a delta. Raw layer; operating point is the recorded P104 comparator rule, not a final clinical threshold.",D:\Codex_分拆Prompt嚴格無到院\outputs\v2\.p104rv\sweep_20260906T171453Z_account-08_v2\t25\r,ef99d1addcf3c32d8958a84b98b1b5f8002e1245a4ffffdbc251ac86d3559322,D:\Codex_分拆Prompt嚴格無到院\outputs\v2\.p104k10\cloud_validation_index_20260906T211456Z\task_surgery__S3__12_remove_distance_validation.json,36658846b67c369ee3920cca5441ad1ee64179b087339b6e045e15fd81a26284
surgery__S4__01_standardization,surgery,S4,ablation,01_standardization,01_standardization / logistic_scaled,logistic_scaled,oof_2020_2023,RAW_RECORDED_PREDICTIONS,raw,VALIDATED_COMPUTED,Full locked input feature order,d5d5e2d8a0734a0ce9af97a6606994868307c154f09eee30ee788ada6108d568,764,"0.736144 [0.707485, 0.763722]","0.204266 [0.172276, 0.244266]",8731,425,0.7361442472486225,0.7074848146196832,0.763722415222491,0.20426607072089864,0.1722758600615783,0.24426643795781375,0.13668378257205796,0.13171319539948628,0.14163336942649846,0.22532498796340877,-0.13560875042950407,0.5,0.5,0.5,0.5505882352941176,0.8292800385263664,0.14164648910411623,0.9730187879644018,234,1418,6888,191,ESTIMATED,ESTIMATED,ESTIMATED,12327803fe3644d3a4a06c87b635493d070dfaf7615c6bcd450594e40a3a22dc,"Descriptive arm estimate. CI is an individual-arm CI, not a paired-difference CI; no significance claim for a delta. Raw layer; operating point is the recorded P104 comparator rule, not a final clinical threshold.",D:\Codex_分拆Prompt嚴格無到院\outputs\v2\specialty_opname_v1\p1_04_extension_20260905\runs\surgery__S4__01_standardization,c8c39ec17ef861acf4d0ad00f41d30f0a4d69d573fe5327c9d1bc1d32e91c372,D:\Codex_分拆Prompt嚴格無到院\outputs\v2\specialty_opname_v1\p1_04_extension_20260905\local_dispatch_full\validations\surgery__S4__01_standardization\c8c39ec17ef861ac_3c510f4d0008.report.json,f9d6854bfa9c2bfea5dcca349b087e2d703356409d124427083d69788aed5aec
surgery__S4__01_standardization,surgery,S4,ablation,01_standardization,01_standardization / logistic_scaled,logistic_scaled,validation_2024,RAW_RECORDED_PREDICTIONS,raw,VALIDATED_COMPUTED,Full locked input feature order,d5d5e2d8a0734a0ce9af97a6606994868307c154f09eee30ee788ada6108d568,764,"0.600812 [0.533872, 0.666698]","0.180327 [0.129869, 0.251214]",2712,140,0.6008123194845589,0.5338720671217112,0.6666982344288077,0.18032737363013207,0.1298691504891622,0.2512141423859743,0.12938386949158082,0.12070064873381056,0.13897732466882995,0.2110912343470483,-0.1109882005899705,0.5,0.5,0.5,0.42142857142857143,0.8600311041990669,0.14081145584725538,0.9646750981247274,59,360,2212,81,ESTIMATED,ESTIMATED,ESTIMATED,fcb0d787f7d02d945c1a56a663a00676783420e18ba0aeee616d9f0943dce939,"Descriptive arm estimate. CI is an individual-arm CI, not a paired-difference CI; no significance claim for a delta. Raw layer; operating point is the recorded P104 comparator rule, not a final clinical threshold.",D:\Codex_分拆Prompt嚴格無到院\outputs\v2\specialty_opname_v1\p1_04_extension_20260905\runs\surgery__S4__01_standardization,c8c39ec17ef861acf4d0ad00f41d30f0a4d69d573fe5327c9d1bc1d32e91c372,D:\Codex_分拆Prompt嚴格無到院\outputs\v2\specialty_opname_v1\p1_04_extension_20260905\local_dispatch_full\validations\surgery__S4__01_standardization\c8c39ec17ef861ac_3c510f4d0008.report.json,f9d6854bfa9c2bfea5dcca349b087e2d703356409d124427083d69788aed5aec
surgery__S4__01_standardization,surgery,S4,ablation,01_standardization,01_standardization / logistic_unscaled,logistic_unscaled,oof_2020_2023,RAW_RECORDED_PREDICTIONS,raw,VALIDATED_COMPUTED,Full locked input feature order,d5d5e2d8a0734a0ce9af97a6606994868307c154f09eee30ee788ada6108d568,764,"0.79062 [0.766048, 0.813075]","0.239324 [0.204595, 0.282459]",8731,425,0.7906199628900441,0.7660484503682042,0.8130750990467838,0.23932372052682457,0.20459531450845744,0.28245861736779887,0.13562919583456054,0.13085632054151639,0.14023926946056853,0.2379841343910406,-0.13835757645172375,0.5,0.5,0.5,0.6,0.8238622682398267,0.14842840512223515,0.9757593041494368,255,1463,6843,170,ESTIMATED,ESTIMATED,ESTIMATED,12327803fe3644d3a4a06c87b635493d070dfaf7615c6bcd450594e40a3a22dc,"Descriptive arm estimate. CI is an individual-arm CI, not a paired-difference CI; no significance claim for a delta. Raw layer; operating point is the recorded P104 comparator rule, not a final clinical threshold.",D:\Codex_分拆Prompt嚴格無到院\outputs\v2\specialty_opname_v1\p1_04_extension_20260905\runs\surgery__S4__01_standardization,c8c39ec17ef861acf4d0ad00f41d30f0a4d69d573fe5327c9d1bc1d32e91c372,D:\Codex_分拆Prompt嚴格無到院\outputs\v2\specialty_opname_v1\p1_04_extension_20260905\local_dispatch_full\validations\surgery__S4__01_standardization\c8c39ec17ef861ac_3c510f4d0008.report.json,f9d6854bfa9c2bfea5dcca349b087e2d703356409d124427083d69788aed5aec
surgery__S4__01_standardization,surgery,S4,ablation,01_standardization,01_standardization / logistic_unscaled,logistic_unscaled,validation_2024,RAW_RECORDED_PREDICTIONS,raw,VALIDATED_COMPUTED,Full locked input feature order,d5d5e2d8a0734a0ce9af97a6606994868307c154f09eee30ee788ada6108d568,764,"0.80576 [0.760359, 0.849984]","0.313018 [0.246649, 0.393821]",2712,140,0.8057598311486337,0.7603589446577556,0.8499838943840653,0.313018442674635,0.24664924405105987,0.393820670204904,0.12083876978010039,0.11273807619435114,0.12844699827206124,0.29372937293729373,-0.10619469026548672,0.5,0.5,0.5,0.6357142857142857,0.8534214618973561,0.19098712446351931,0.9772929652715939,89,377,2195,51,ESTIMATED,ESTIMATED,ESTIMATED,fcb0d787f7d02d945c1a56a663a00676783420e18ba0aeee616d9f0943dce939,"Descriptive arm estimate. CI is an individual-arm CI, not a paired-difference CI; no significance claim for a delta. Raw layer; operating point is the recorded P104 comparator rule, not a final clinical threshold.",D:\Codex_分拆Prompt嚴格無到院\outputs\v2\specialty_opname_v1\p1_04_extension_20260905\runs\surgery__S4__01_standardization,c8c39ec17ef861acf4d0ad00f41d30f0a4d69d573fe5327c9d1bc1d32e91c372,D:\Codex_分拆Prompt嚴格無到院\outputs\v2\specialty_opname_v1\p1_04_extension_20260905\local_dispatch_full\validations\surgery__S4__01_standardization\c8c39ec17ef861ac_3c510f4d0008.report.json,f9d6854bfa9c2bfea5dcca349b087e2d703356409d124427083d69788aed5aec
surgery__S4__02_time_variables,surgery,S4,ablation,02_time_variables,02_time_variables / locked_full,locked_full,oof_2020_2023,RAW_RECORDED_PREDICTIONS,raw,VALIDATED_COMPUTED,Full locked input feature order,d5d5e2d8a0734a0ce9af97a6606994868307c154f09eee30ee788ada6108d568,764,"0.818382 [0.797245, 0.837989]","0.283916 [0.241279, 0.328808]",8731,425,0.8183818926077535,0.7972450326008594,0.8379890013819672,0.2839159369355089,0.24127865140660099,0.3288078486870229,0.040382633840116,0.038894394915457854,0.0420246834081581,0.2082514734774067,0.0025197571870347038,0.5,0.5,0.5,0.12470588235294118,0.9962677582470503,0.6309523809523809,0.956979299178906,53,31,8275,372,ESTIMATED,ESTIMATED,ESTIMATED,12327803fe3644d3a4a06c87b635493d070dfaf7615c6bcd450594e40a3a22dc,"Descriptive arm estimate. CI is an individual-arm CI, not a paired-difference CI; no significance claim for a delta. Raw layer; operating point is the recorded P104 comparator rule, not a final clinical threshold. Primary amended time contrast uses the exact corrected plan; old20 results are secondary evidence only.",D:\Codex_分拆Prompt嚴格無到院\outputs\v2\specialty_opname_v1\time_interval_complete_successor_20260905\runs\surgery__S4__02_time_variables,db40ae6c6d18dea5621c6a027fe2e5c3d415c07e01093f31a2365d483e81b166,D:\Codex_分拆Prompt嚴格無到院\outputs\v2\specialty_opname_v1\time_interval_complete_successor_20260905\runs\surgery__S4__02_time_variables\validation_report.json,712e36338435d4e398b0ccce301cb79c15eec398173c5d697db48812c43d3ade
surgery__S4__02_time_variables,surgery,S4,ablation,02_time_variables,02_time_variables / locked_full,locked_full,validation_2024,RAW_RECORDED_PREDICTIONS,raw,VALIDATED_COMPUTED,Full locked input feature order,d5d5e2d8a0734a0ce9af97a6606994868307c154f09eee30ee788ada6108d568,764,"0.860761 [0.829043, 0.889779]","0.393825 [0.319503, 0.481202]",2712,140,0.8607614974450122,0.8290434609778957,0.8897786069634342,0.39382515840548316,0.31950255546304424,0.48120240905141076,0.03951635619540681,0.035616017748312453,0.043111366521610434,0.37320574162679426,0.00331858407079646,0.5,0.5,0.5,0.2785714285714286,0.9883359253499222,0.5652173913043478,0.9617858494135452,39,30,2542,101,ESTIMATED,ESTIMATED,ESTIMATED,fcb0d787f7d02d945c1a56a663a00676783420e18ba0aeee616d9f0943dce939,"Descriptive arm estimate. CI is an individual-arm CI, not a paired-difference CI; no significance claim for a delta. Raw layer; operating point is the recorded P104 comparator rule, not a final clinical threshold. Primary amended time contrast uses the exact corrected plan; old20 results are secondary evidence only.",D:\Codex_分拆Prompt嚴格無到院\outputs\v2\specialty_opname_v1\time_interval_complete_successor_20260905\runs\surgery__S4__02_time_variables,db40ae6c6d18dea5621c6a027fe2e5c3d415c07e01093f31a2365d483e81b166,D:\Codex_分拆Prompt嚴格無到院\outputs\v2\specialty_opname_v1\time_interval_complete_successor_20260905\runs\surgery__S4__02_time_variables\validation_report.json,712e36338435d4e398b0ccce301cb79c15eec398173c5d697db48812c43d3ade
surgery__S4__02_time_variables,surgery,S4,ablation,02_time_variables,02_time_variables / without_time_intervals_complete,without_time_intervals_complete,oof_2020_2023,RAW_RECORDED_PREDICTIONS,raw,VALIDATED_COMPUTED,Exact corrected time-plan inputs; original time group and six transport-interval aliases excluded,4134699b4820dc78a3efecb755bbe61150f1bbeb88a8b157c8816e5bec8558f4,738,"0.812693 [0.791866, 0.83312]","0.281434 [0.244467, 0.327712]",8731,425,0.8126930213453067,0.7918658089783278,0.8331196531368872,0.2814342084509671,0.24446659217754735,0.32771178770514514,0.04053259478437377,0.03889994440406899,0.04199724197338185,0.2174757281553398,0.0025197571870347038,0.5,0.5,0.5,0.13176470588235295,0.995906573561281,0.6222222222222222,0.9572966091887513,56,34,8272,369,ESTIMATED,ESTIMATED,ESTIMATED,12327803fe3644d3a4a06c87b635493d070dfaf7615c6bcd450594e40a3a22dc,"Descriptive arm estimate. CI is an individual-arm CI, not a paired-difference CI; no significance claim for a delta. Raw layer; operating point is the recorded P104 comparator rule, not a final clinical threshold. Primary amended time contrast uses the exact corrected plan; old20 results are secondary evidence only.",D:\Codex_分拆Prompt嚴格無到院\outputs\v2\specialty_opname_v1\time_interval_complete_successor_20260905\runs\surgery__S4__02_time_variables,db40ae6c6d18dea5621c6a027fe2e5c3d415c07e01093f31a2365d483e81b166,D:\Codex_分拆Prompt嚴格無到院\outputs\v2\specialty_opname_v1\time_interval_complete_successor_20260905\runs\surgery__S4__02_time_variables\validation_report.json,712e36338435d4e398b0ccce301cb79c15eec398173c5d697db48812c43d3ade
surgery__S4__02_time_variables,surgery,S4,ablation,02_time_variables,02_time_variables / without_time_intervals_complete,without_time_intervals_complete,validation_2024,RAW_RECORDED_PREDICTIONS,raw,VALIDATED_COMPUTED,Exact corrected time-plan inputs; original time group and six transport-interval aliases excluded,4134699b4820dc78a3efecb755bbe61150f1bbeb88a8b157c8816e5bec8558f4,738,"0.858468 [0.826738, 0.88679]","0.396366 [0.319264, 0.473618]",2712,140,0.8584675627638303,0.8267379194270641,0.8867900408764564,0.39636626654428725,0.31926360911389307,0.4736181115975846,0.03968808758431659,0.03622764962080211,0.043492554183833014,0.3804878048780488,0.004793510324483776,0.5,0.5,0.5,0.2785714285714286,0.9898911353032659,0.6,0.9618435965243672,39,26,2546,101,ESTIMATED,ESTIMATED,ESTIMATED,fcb0d787f7d02d945c1a56a663a00676783420e18ba0aeee616d9f0943dce939,"Descriptive arm estimate. CI is an individual-arm CI, not a paired-difference CI; no significance claim for a delta. Raw layer; operating point is the recorded P104 comparator rule, not a final clinical threshold. Primary amended time contrast uses the exact corrected plan; old20 results are secondary evidence only.",D:\Codex_分拆Prompt嚴格無到院\outputs\v2\specialty_opname_v1\time_interval_complete_successor_20260905\runs\surgery__S4__02_time_variables,db40ae6c6d18dea5621c6a027fe2e5c3d415c07e01093f31a2365d483e81b166,D:\Codex_分拆Prompt嚴格無到院\outputs\v2\specialty_opname_v1\time_interval_complete_successor_20260905\runs\surgery__S4__02_time_variables\validation_report.json,712e36338435d4e398b0ccce301cb79c15eec398173c5d697db48812c43d3ade
surgery__S4__03_emt_treatment,surgery,S4,ablation,03_emt_treatment,03_emt_treatment / locked_full,locked_full,oof_2020_2023,RAW_RECORDED_PREDICTIONS,raw,VALIDATED_COMPUTED,Full locked input feature order,d5d5e2d8a0734a0ce9af97a6606994868307c154f09eee30ee788ada6108d568,764,"0.818382 [0.797245, 0.837989]","0.283916 [0.241279, 0.328808]",8731,425,0.8183818926077535,0.7972450326008594,0.8379890013819672,0.2839159369355089,0.24127865140660099,0.3288078486870229,0.040382633840116,0.038894394915457854,0.0420246834081581,0.2082514734774067,0.0025197571870347038,0.5,0.5,0.5,0.12470588235294118,0.9962677582470503,0.6309523809523809,0.956979299178906,53,31,8275,372,ESTIMATED,ESTIMATED,ESTIMATED,12327803fe3644d3a4a06c87b635493d070dfaf7615c6bcd450594e40a3a22dc,"Descriptive arm estimate. CI is an individual-arm CI, not a paired-difference CI; no significance claim for a delta. Raw layer; operating point is the recorded P104 comparator rule, not a final clinical threshold.",D:\Codex_分拆Prompt嚴格無到院\outputs\v2\.p104k10\failed_revalidation_20260906T211456Z\f03\repo\outputs\v2\specialty_opname_v1\p1_04_extension_20260905\runs\surgery__S4__03_emt_treatment,e563ddf3a69385735124c5e06071c6a0b2e943e0a5c248f96a784845c83e4a81,D:\Codex_分拆Prompt嚴格無到院\outputs\v2\.p104k10\cloud_validation_index_20260906T211456Z\task_surgery__S4__03_emt_treatment_validation.json,817e73c2d290d7ead726a16252d0cdb1c73365d59ff6443cda1ba8b5bf9390f3
surgery__S4__03_emt_treatment,surgery,S4,ablation,03_emt_treatment,03_emt_treatment / locked_full,locked_full,validation_2024,RAW_RECORDED_PREDICTIONS,raw,VALIDATED_COMPUTED,Full locked input feature order,d5d5e2d8a0734a0ce9af97a6606994868307c154f09eee30ee788ada6108d568,764,"0.860761 [0.829043, 0.889779]","0.393825 [0.319503, 0.481202]",2712,140,0.8607614974450122,0.8290434609778957,0.8897786069634342,0.39382515840548316,0.31950255546304424,0.48120240905141076,0.03951635619540681,0.035616017748312453,0.043111366521610434,0.37320574162679426,0.00331858407079646,0.5,0.5,0.5,0.2785714285714286,0.9883359253499222,0.5652173913043478,0.9617858494135452,39,30,2542,101,ESTIMATED,ESTIMATED,ESTIMATED,fcb0d787f7d02d945c1a56a663a00676783420e18ba0aeee616d9f0943dce939,"Descriptive arm estimate. CI is an individual-arm CI, not a paired-difference CI; no significance claim for a delta. Raw layer; operating point is the recorded P104 comparator rule, not a final clinical threshold.",D:\Codex_分拆Prompt嚴格無到院\outputs\v2\.p104k10\failed_revalidation_20260906T211456Z\f03\repo\outputs\v2\specialty_opname_v1\p1_04_extension_20260905\runs\surgery__S4__03_emt_treatment,e563ddf3a69385735124c5e06071c6a0b2e943e0a5c248f96a784845c83e4a81,D:\Codex_分拆Prompt嚴格無到院\outputs\v2\.p104k10\cloud_validation_index_20260906T211456Z\task_surgery__S4__03_emt_treatment_validation.json,817e73c2d290d7ead726a16252d0cdb1c73365d59ff6443cda1ba8b5bf9390f3
surgery__S4__03_emt_treatment,surgery,S4,ablation,03_emt_treatment,03_emt_treatment / without_emt_treatment,without_emt_treatment,oof_2020_2023,RAW_RECORDED_PREDICTIONS,raw,VALIDATED_COMPUTED,Full inputs excluding source-defined emt_treatment,8729234a9522c03841d126bd593d462cbbdfe532c85f62a35343b36e9241d6fd,672,"0.817041 [0.796479, 0.837165]","0.28557 [0.245357, 0.331561]",8731,425,0.8170406934745966,0.7964789733157809,0.8371652953899656,0.285569859537859,0.2453565993561157,0.33156078273255607,0.04034155764605987,0.0388305906692441,0.04187492101153024,0.20634920634920634,0.0028633604398121634,0.5,0.5,0.5,0.1223529411764706,0.9967493378280761,0.6582278481012658,0.9568885806749884,52,27,8279,373,ESTIMATED,ESTIMATED,ESTIMATED,12327803fe3644d3a4a06c87b635493d070dfaf7615c6bcd450594e40a3a22dc,"Descriptive arm estimate. CI is an individual-arm CI, not a paired-difference CI; no significance claim for a delta. Raw layer; operating point is the recorded P104 comparator rule, not a final clinical threshold.",D:\Codex_分拆Prompt嚴格無到院\outputs\v2\.p104k10\failed_revalidation_20260906T211456Z\f03\repo\outputs\v2\specialty_opname_v1\p1_04_extension_20260905\runs\surgery__S4__03_emt_treatment,e563ddf3a69385735124c5e06071c6a0b2e943e0a5c248f96a784845c83e4a81,D:\Codex_分拆Prompt嚴格無到院\outputs\v2\.p104k10\cloud_validation_index_20260906T211456Z\task_surgery__S4__03_emt_treatment_validation.json,817e73c2d290d7ead726a16252d0cdb1c73365d59ff6443cda1ba8b5bf9390f3
surgery__S4__03_emt_treatment,surgery,S4,ablation,03_emt_treatment,03_emt_treatment / without_emt_treatment,without_emt_treatment,validation_2024,RAW_RECORDED_PREDICTIONS,raw,VALIDATED_COMPUTED,Full inputs excluding source-defined emt_treatment,8729234a9522c03841d126bd593d462cbbdfe532c85f62a35343b36e9241d6fd,672,"0.859923 [0.827251, 0.888137]","0.403388 [0.328161, 0.485693]",2712,140,0.859922794934459,0.8272514631128287,0.8881371585687028,0.40338780758498544,0.3281611019255531,0.4856925414061671,0.039537203013911164,0.035752403573996006,0.04312705979664907,0.357487922705314,0.0025811209439528023,0.5,0.5,0.5,0.2642857142857143,0.9883359253499222,0.5522388059701493,0.9610586011342155,37,30,2542,103,ESTIMATED,ESTIMATED,ESTIMATED,fcb0d787f7d02d945c1a56a663a00676783420e18ba0aeee616d9f0943dce939,"Descriptive arm estimate. CI is an individual-arm CI, not a paired-difference CI; no significance claim for a delta. Raw layer; operating point is the recorded P104 comparator rule, not a final clinical threshold.",D:\Codex_分拆Prompt嚴格無到院\outputs\v2\.p104k10\failed_revalidation_20260906T211456Z\f03\repo\outputs\v2\specialty_opname_v1\p1_04_extension_20260905\runs\surgery__S4__03_emt_treatment,e563ddf3a69385735124c5e06071c6a0b2e943e0a5c248f96a784845c83e4a81,D:\Codex_分拆Prompt嚴格無到院\outputs\v2\.p104k10\cloud_validation_index_20260906T211456Z\task_surgery__S4__03_emt_treatment_validation.json,817e73c2d290d7ead726a16252d0cdb1c73365d59ff6443cda1ba8b5bf9390f3
surgery__S4__04_gcs_consciousness,surgery,S4,ablation,04_gcs_consciousness,04_gcs_consciousness / locked_full,locked_full,oof_2020_2023,RAW_RECORDED_PREDICTIONS,raw,VALIDATED_COMPUTED,Full locked input feature order,d5d5e2d8a0734a0ce9af97a6606994868307c154f09eee30ee788ada6108d568,764,"0.818382 [0.797245, 0.837989]","0.283916 [0.241279, 0.328808]",8731,425,0.8183818926077535,0.7972450326008594,0.8379890013819672,0.2839159369355089,0.24127865140660099,0.3288078486870229,0.040382633840116,0.038894394915457854,0.0420246834081581,0.2082514734774067,0.0025197571870347038,0.5,0.5,0.5,0.12470588235294118,0.9962677582470503,0.6309523809523809,0.956979299178906,53,31,8275,372,ESTIMATED,ESTIMATED,ESTIMATED,12327803fe3644d3a4a06c87b635493d070dfaf7615c6bcd450594e40a3a22dc,"Descriptive arm estimate. CI is an individual-arm CI, not a paired-difference CI; no significance claim for a delta. Raw layer; operating point is the recorded P104 comparator rule, not a final clinical threshold.",D:\Codex_分拆Prompt嚴格無到院\outputs\v2\.p104k10\failed_revalidation_20260906T211456Z\f10\repo\outputs\v2\specialty_opname_v1\p1_04_extension_20260905\runs\surgery__S4__04_gcs_consciousness,dfcf2c90820be67d59e6093f0a927a97520fb9311a65a471fc68d495897d007a,D:\Codex_分拆Prompt嚴格無到院\outputs\v2\.p104k10\cloud_validation_index_20260906T211456Z\task_surgery__S4__04_gcs_consciousness_validation.json,2731bdd7c3b39b8cef94f05f62c150679fe862ed09f288dd8a5a7ab266813df4
surgery__S4__04_gcs_consciousness,surgery,S4,ablation,04_gcs_consciousness,04_gcs_consciousness / locked_full,locked_full,validation_2024,RAW_RECORDED_PREDICTIONS,raw,VALIDATED_COMPUTED,Full locked input feature order,d5d5e2d8a0734a0ce9af97a6606994868307c154f09eee30ee788ada6108d568,764,"0.860761 [0.829043, 0.889779]","0.393825 [0.319503, 0.481202]",2712,140,0.8607614974450122,0.8290434609778957,0.8897786069634342,0.39382515840548316,0.31950255546304424,0.48120240905141076,0.03951635619540681,0.035616017748312453,0.043111366521610434,0.37320574162679426,0.00331858407079646,0.5,0.5,0.5,0.2785714285714286,0.9883359253499222,0.5652173913043478,0.9617858494135452,39,30,2542,101,ESTIMATED,ESTIMATED,ESTIMATED,fcb0d787f7d02d945c1a56a663a00676783420e18ba0aeee616d9f0943dce939,"Descriptive arm estimate. CI is an individual-arm CI, not a paired-difference CI; no significance claim for a delta. Raw layer; operating point is the recorded P104 comparator rule, not a final clinical threshold.",D:\Codex_分拆Prompt嚴格無到院\outputs\v2\.p104k10\failed_revalidation_20260906T211456Z\f10\repo\outputs\v2\specialty_opname_v1\p1_04_extension_20260905\runs\surgery__S4__04_gcs_consciousness,dfcf2c90820be67d59e6093f0a927a97520fb9311a65a471fc68d495897d007a,D:\Codex_分拆Prompt嚴格無到院\outputs\v2\.p104k10\cloud_validation_index_20260906T211456Z\task_surgery__S4__04_gcs_consciousness_validation.json,2731bdd7c3b39b8cef94f05f62c150679fe862ed09f288dd8a5a7ab266813df4
surgery__S4__04_gcs_consciousness,surgery,S4,ablation,04_gcs_consciousness,04_gcs_consciousness / without_gcs_consciousness,without_gcs_consciousness,oof_2020_2023,RAW_RECORDED_PREDICTIONS,raw,VALIDATED_COMPUTED,Full inputs excluding source-defined gcs_consciousness,96da2f388f093d3a5dad841e1d389aeeb55c27e3fb7bdbd9924937a80904969d,705,"0.819152 [0.799069, 0.838846]","0.280876 [0.241144, 0.324752]",8731,425,0.8191518533731817,0.7990691276875216,0.8388455023341268,0.2808762234423834,0.24114356460439978,0.3247523660475294,0.04049501685755516,0.038940955206064366,0.04208057125975701,0.20866141732283464,0.0026342916046271903,0.5,0.5,0.5,0.12470588235294118,0.9963881531423068,0.6385542168674698,0.9569842738205365,53,30,8276,372,ESTIMATED,ESTIMATED,ESTIMATED,12327803fe3644d3a4a06c87b635493d070dfaf7615c6bcd450594e40a3a22dc,"Descriptive arm estimate. CI is an individual-arm CI, not a paired-difference CI; no significance claim for a delta. Raw layer; operating point is the recorded P104 comparator rule, not a final clinical threshold.",D:\Codex_分拆Prompt嚴格無到院\outputs\v2\.p104k10\failed_revalidation_20260906T211456Z\f10\repo\outputs\v2\specialty_opname_v1\p1_04_extension_20260905\runs\surgery__S4__04_gcs_consciousness,dfcf2c90820be67d59e6093f0a927a97520fb9311a65a471fc68d495897d007a,D:\Codex_分拆Prompt嚴格無到院\outputs\v2\.p104k10\cloud_validation_index_20260906T211456Z\task_surgery__S4__04_gcs_consciousness_validation.json,2731bdd7c3b39b8cef94f05f62c150679fe862ed09f288dd8a5a7ab266813df4
surgery__S4__04_gcs_consciousness,surgery,S4,ablation,04_gcs_consciousness,04_gcs_consciousness / without_gcs_consciousness,without_gcs_consciousness,validation_2024,RAW_RECORDED_PREDICTIONS,raw,VALIDATED_COMPUTED,Full inputs excluding source-defined gcs_consciousness,96da2f388f093d3a5dad841e1d389aeeb55c27e3fb7bdbd9924937a80904969d,705,"0.860803 [0.829327, 0.890335]","0.393862 [0.318649, 0.475593]",2712,140,0.8608031548544769,0.8293267389707499,0.890335362869618,0.39386201384592945,0.3186494127639575,0.4755927990333803,0.03982565131306381,0.03606366947848315,0.04350633395972069,0.37623762376237624,0.005162241887905605,0.5,0.5,0.5,0.2714285714285714,0.9906687402799378,0.6129032258064516,0.9615094339622642,38,24,2548,102,ESTIMATED,ESTIMATED,ESTIMATED,fcb0d787f7d02d945c1a56a663a00676783420e18ba0aeee616d9f0943dce939,"Descriptive arm estimate. CI is an individual-arm CI, not a paired-difference CI; no significance claim for a delta. Raw layer; operating point is the recorded P104 comparator rule, not a final clinical threshold.",D:\Codex_分拆Prompt嚴格無到院\outputs\v2\.p104k10\failed_revalidation_20260906T211456Z\f10\repo\outputs\v2\specialty_opname_v1\p1_04_extension_20260905\runs\surgery__S4__04_gcs_consciousness,dfcf2c90820be67d59e6093f0a927a97520fb9311a65a471fc68d495897d007a,D:\Codex_分拆Prompt嚴格無到院\outputs\v2\.p104k10\cloud_validation_index_20260906T211456Z\task_surgery__S4__04_gcs_consciousness_validation.json,2731bdd7c3b39b8cef94f05f62c150679fe862ed09f288dd8a5a7ab266813df4
surgery__S4__05_shock_index_rsig,surgery,S4,ablation,05_shock_index_rsig,05_shock_index_rsig / locked_full,locked_full,oof_2020_2023,RAW_RECORDED_PREDICTIONS,raw,VALIDATED_COMPUTED,Full locked input feature order,d5d5e2d8a0734a0ce9af97a6606994868307c154f09eee30ee788ada6108d568,764,"0.818382 [0.797245, 0.837989]","0.283916 [0.241279, 0.328808]",8731,425,0.8183818926077535,0.7972450326008594,0.8379890013819672,0.2839159369355089,0.24127865140660099,0.3288078486870229,0.040382633840116,0.038894394915457854,0.0420246834081581,0.2082514734774067,0.0025197571870347038,0.5,0.5,0.5,0.12470588235294118,0.9962677582470503,0.6309523809523809,0.956979299178906,53,31,8275,372,ESTIMATED,ESTIMATED,ESTIMATED,12327803fe3644d3a4a06c87b635493d070dfaf7615c6bcd450594e40a3a22dc,"Descriptive arm estimate. CI is an individual-arm CI, not a paired-difference CI; no significance claim for a delta. Raw layer; operating point is the recorded P104 comparator rule, not a final clinical threshold.",D:\Codex_分拆Prompt嚴格無到院\outputs\v2\.p104k10\failed_revalidation_20260906T211456Z\f05\repo\outputs\v2\specialty_opname_v1\p1_04_extension_20260905\runs\surgery__S4__05_shock_index_rsig,dd554e36d6af582b460ef6773a5c4ee684d22c25eba9a854b56347c3a83aa981,D:\Codex_分拆Prompt嚴格無到院\outputs\v2\.p104k10\cloud_validation_index_20260906T211456Z\task_surgery__S4__05_shock_index_rsig_validation.json,2c9546d975464fd1a95225b35e7e22e0d418b9d6e22c10be36759db4afcd2445
surgery__S4__05_shock_index_rsig,surgery,S4,ablation,05_shock_index_rsig,05_shock_index_rsig / locked_full,locked_full,validation_2024,RAW_RECORDED_PREDICTIONS,raw,VALIDATED_COMPUTED,Full locked input feature order,d5d5e2d8a0734a0ce9af97a6606994868307c154f09eee30ee788ada6108d568,764,"0.860761 [0.829043, 0.889779]","0.393825 [0.319503, 0.481202]",2712,140,0.8607614974450122,0.8290434609778957,0.8897786069634342,0.39382515840548316,0.31950255546304424,0.48120240905141076,0.03951635619540681,0.035616017748312453,0.043111366521610434,0.37320574162679426,0.00331858407079646,0.5,0.5,0.5,0.2785714285714286,0.9883359253499222,0.5652173913043478,0.9617858494135452,39,30,2542,101,ESTIMATED,ESTIMATED,ESTIMATED,fcb0d787f7d02d945c1a56a663a00676783420e18ba0aeee616d9f0943dce939,"Descriptive arm estimate. CI is an individual-arm CI, not a paired-difference CI; no significance claim for a delta. Raw layer; operating point is the recorded P104 comparator rule, not a final clinical threshold.",D:\Codex_分拆Prompt嚴格無到院\outputs\v2\.p104k10\failed_revalidation_20260906T211456Z\f05\repo\outputs\v2\specialty_opname_v1\p1_04_extension_20260905\runs\surgery__S4__05_shock_index_rsig,dd554e36d6af582b460ef6773a5c4ee684d22c25eba9a854b56347c3a83aa981,D:\Codex_分拆Prompt嚴格無到院\outputs\v2\.p104k10\cloud_validation_index_20260906T211456Z\task_surgery__S4__05_shock_index_rsig_validation.json,2c9546d975464fd1a95225b35e7e22e0d418b9d6e22c10be36759db4afcd2445
surgery__S4__05_shock_index_rsig,surgery,S4,ablation,05_shock_index_rsig,05_shock_index_rsig / without_shock_index_rsig,without_shock_index_rsig,oof_2020_2023,RAW_RECORDED_PREDICTIONS,raw,VALIDATED_COMPUTED,Full inputs excluding source-defined shock_index_rsig,622faa177bc7a5c0a0264d57f4d33dd05051258db8a5647c23291c4a5c87f257,741,"0.81889 [0.79768, 0.837697]","0.281592 [0.243652, 0.328406]",8731,425,0.8188899590657357,0.7976800504057797,0.8376969033375332,0.2815918882189584,0.24365200778083138,0.3284064030065456,0.04038058199686715,0.03880025222025692,0.04190894708511903,0.2109375,0.0024052227694422172,0.5,0.5,0.5,0.12705882352941175,0.9960269684565375,0.6206896551724138,0.9570800555298473,54,33,8273,371,ESTIMATED,ESTIMATED,ESTIMATED,12327803fe3644d3a4a06c87b635493d070dfaf7615c6bcd450594e40a3a22dc,"Descriptive arm estimate. CI is an individual-arm CI, not a paired-difference CI; no significance claim for a delta. Raw layer; operating point is the recorded P104 comparator rule, not a final clinical threshold.",D:\Codex_分拆Prompt嚴格無到院\outputs\v2\.p104k10\failed_revalidation_20260906T211456Z\f05\repo\outputs\v2\specialty_opname_v1\p1_04_extension_20260905\runs\surgery__S4__05_shock_index_rsig,dd554e36d6af582b460ef6773a5c4ee684d22c25eba9a854b56347c3a83aa981,D:\Codex_分拆Prompt嚴格無到院\outputs\v2\.p104k10\cloud_validation_index_20260906T211456Z\task_surgery__S4__05_shock_index_rsig_validation.json,2c9546d975464fd1a95225b35e7e22e0d418b9d6e22c10be36759db4afcd2445
surgery__S4__05_shock_index_rsig,surgery,S4,ablation,05_shock_index_rsig,05_shock_index_rsig / without_shock_index_rsig,without_shock_index_rsig,validation_2024,RAW_RECORDED_PREDICTIONS,raw,VALIDATED_COMPUTED,Full inputs excluding source-defined shock_index_rsig,622faa177bc7a5c0a0264d57f4d33dd05051258db8a5647c23291c4a5c87f257,741,"0.859334 [0.827682, 0.889281]","0.405702 [0.328692, 0.487522]",2712,140,0.8593340368806931,0.8276817369354248,0.8892812850382722,0.40570231411708735,0.32869158834872697,0.48752229785301887,0.039077934790002974,0.035461980728864854,0.04270844292114565,0.3681592039800995,0.004793510324483776,0.5,0.5,0.5,0.2642857142857143,0.9906687402799378,0.6065573770491803,0.961146737080347,37,24,2548,103,ESTIMATED,ESTIMATED,ESTIMATED,fcb0d787f7d02d945c1a56a663a00676783420e18ba0aeee616d9f0943dce939,"Descriptive arm estimate. CI is an individual-arm CI, not a paired-difference CI; no significance claim for a delta. Raw layer; operating point is the recorded P104 comparator rule, not a final clinical threshold.",D:\Codex_分拆Prompt嚴格無到院\outputs\v2\.p104k10\failed_revalidation_20260906T211456Z\f05\repo\outputs\v2\specialty_opname_v1\p1_04_extension_20260905\runs\surgery__S4__05_shock_index_rsig,dd554e36d6af582b460ef6773a5c4ee684d22c25eba9a854b56347c3a83aa981,D:\Codex_分拆Prompt嚴格無到院\outputs\v2\.p104k10\cloud_validation_index_20260906T211456Z\task_surgery__S4__05_shock_index_rsig_validation.json,2c9546d975464fd1a95225b35e7e22e0d418b9d6e22c10be36759db4afcd2445
surgery__S4__06_vital_only_vs_full,surgery,S4,ablation,06_vital_only_vs_full,06_vital_only_vs_full / locked_full,locked_full,oof_2020_2023,RAW_RECORDED_PREDICTIONS,raw,VALIDATED_COMPUTED,Full locked input feature order,d5d5e2d8a0734a0ce9af97a6606994868307c154f09eee30ee788ada6108d568,764,"0.818382 [0.797245, 0.837989]","0.283916 [0.241279, 0.328808]",8731,425,0.8183818926077535,0.7972450326008594,0.8379890013819672,0.2839159369355089,0.24127865140660099,0.3288078486870229,0.040382633840116,0.038894394915457854,0.0420246834081581,0.2082514734774067,0.0025197571870347038,0.5,0.5,0.5,0.12470588235294118,0.9962677582470503,0.6309523809523809,0.956979299178906,53,31,8275,372,ESTIMATED,ESTIMATED,ESTIMATED,12327803fe3644d3a4a06c87b635493d070dfaf7615c6bcd450594e40a3a22dc,"Descriptive arm estimate. CI is an individual-arm CI, not a paired-difference CI; no significance claim for a delta. Raw layer; operating point is the recorded P104 comparator rule, not a final clinical threshold.",D:\Codex_分拆Prompt嚴格無到院\outputs\v2\.p104k10\failed_revalidation_20260906T211456Z\f12\repo\outputs\v2\specialty_opname_v1\p1_04_extension_20260905\runs\surgery__S4__06_vital_only_vs_full,f881c2374929861f0e8e06aa91440aa714e03a9219446c9f6ce9f7e71052caed,D:\Codex_分拆Prompt嚴格無到院\outputs\v2\.p104k10\cloud_validation_index_20260906T211456Z\task_surgery__S4__06_vital_only_vs_full_validation.json,fc3b742d70527366f6cfffbd8cd0857d99a914b8143a0c22e3f0437fd583eaf8
surgery__S4__06_vital_only_vs_full,surgery,S4,ablation,06_vital_only_vs_full,06_vital_only_vs_full / locked_full,locked_full,validation_2024,RAW_RECORDED_PREDICTIONS,raw,VALIDATED_COMPUTED,Full locked input feature order,d5d5e2d8a0734a0ce9af97a6606994868307c154f09eee30ee788ada6108d568,764,"0.860761 [0.829043, 0.889779]","0.393825 [0.319503, 0.481202]",2712,140,0.8607614974450122,0.8290434609778957,0.8897786069634342,0.39382515840548316,0.31950255546304424,0.48120240905141076,0.03951635619540681,0.035616017748312453,0.043111366521610434,0.37320574162679426,0.00331858407079646,0.5,0.5,0.5,0.2785714285714286,0.9883359253499222,0.5652173913043478,0.9617858494135452,39,30,2542,101,ESTIMATED,ESTIMATED,ESTIMATED,fcb0d787f7d02d945c1a56a663a00676783420e18ba0aeee616d9f0943dce939,"Descriptive arm estimate. CI is an individual-arm CI, not a paired-difference CI; no significance claim for a delta. Raw layer; operating point is the recorded P104 comparator rule, not a final clinical threshold.",D:\Codex_分拆Prompt嚴格無到院\outputs\v2\.p104k10\failed_revalidation_20260906T211456Z\f12\repo\outputs\v2\specialty_opname_v1\p1_04_extension_20260905\runs\surgery__S4__06_vital_only_vs_full,f881c2374929861f0e8e06aa91440aa714e03a9219446c9f6ce9f7e71052caed,D:\Codex_分拆Prompt嚴格無到院\outputs\v2\.p104k10\cloud_validation_index_20260906T211456Z\task_surgery__S4__06_vital_only_vs_full_validation.json,fc3b742d70527366f6cfffbd8cd0857d99a914b8143a0c22e3f0437fd583eaf8
surgery__S4__06_vital_only_vs_full,surgery,S4,ablation,06_vital_only_vs_full,06_vital_only_vs_full / vital_only,vital_only,oof_2020_2023,RAW_RECORDED_PREDICTIONS,raw,VALIDATED_COMPUTED,Source-defined seven vital inputs,b7159d74cac9585de4a626c67f6e0ab787e218710adc8d4911e7cc0c608ac2c8,7,"0.661788 [0.63189, 0.689943]","0.190831 [0.157294, 0.230996]",8731,425,0.6617883599382445,0.6318898531106425,0.6899427041875487,0.1908306717102045,0.1572941936371687,0.2309957884594897,0.04316456743911012,0.04190927858360417,0.04434768974138273,0.13025210084033614,0.0012598785935173519,0.5,0.5,0.5,0.07294117647058823,0.9975921020948711,0.6078431372549019,0.9546082949308756,31,20,8286,394,ESTIMATED,ESTIMATED,ESTIMATED,12327803fe3644d3a4a06c87b635493d070dfaf7615c6bcd450594e40a3a22dc,"Descriptive arm estimate. CI is an individual-arm CI, not a paired-difference CI; no significance claim for a delta. Raw layer; operating point is the recorded P104 comparator rule, not a final clinical threshold.",D:\Codex_分拆Prompt嚴格無到院\outputs\v2\.p104k10\failed_revalidation_20260906T211456Z\f12\repo\outputs\v2\specialty_opname_v1\p1_04_extension_20260905\runs\surgery__S4__06_vital_only_vs_full,f881c2374929861f0e8e06aa91440aa714e03a9219446c9f6ce9f7e71052caed,D:\Codex_分拆Prompt嚴格無到院\outputs\v2\.p104k10\cloud_validation_index_20260906T211456Z\task_surgery__S4__06_vital_only_vs_full_validation.json,fc3b742d70527366f6cfffbd8cd0857d99a914b8143a0c22e3f0437fd583eaf8
surgery__S4__06_vital_only_vs_full,surgery,S4,ablation,06_vital_only_vs_full,06_vital_only_vs_full / vital_only,vital_only,validation_2024,RAW_RECORDED_PREDICTIONS,raw,VALIDATED_COMPUTED,Source-defined seven vital inputs,b7159d74cac9585de4a626c67f6e0ab787e218710adc8d4911e7cc0c608ac2c8,7,"0.723692 [0.674209, 0.770571]","0.267537 [0.205152, 0.354107]",2712,140,0.7236919573428128,0.6742086664303354,0.7705709171880342,0.26753676240475505,0.2051516010537531,0.3541069664481528,0.04289582300485903,0.03984686863659684,0.045807036828664494,0.2541436464088398,0.0018436578171091445,0.5,0.5,0.5,0.16428571428571428,0.9930015552099534,0.5609756097560976,0.956196181205541,23,18,2554,117,ESTIMATED,ESTIMATED,ESTIMATED,fcb0d787f7d02d945c1a56a663a00676783420e18ba0aeee616d9f0943dce939,"Descriptive arm estimate. CI is an individual-arm CI, not a paired-difference CI; no significance claim for a delta. Raw layer; operating point is the recorded P104 comparator rule, not a final clinical threshold.",D:\Codex_分拆Prompt嚴格無到院\outputs\v2\.p104k10\failed_revalidation_20260906T211456Z\f12\repo\outputs\v2\specialty_opname_v1\p1_04_extension_20260905\runs\surgery__S4__06_vital_only_vs_full,f881c2374929861f0e8e06aa91440aa714e03a9219446c9f6ce9f7e71052caed,D:\Codex_分拆Prompt嚴格無到院\outputs\v2\.p104k10\cloud_validation_index_20260906T211456Z\task_surgery__S4__06_vital_only_vs_full_validation.json,fc3b742d70527366f6cfffbd8cd0857d99a914b8143a0c22e3f0437fd583eaf8
surgery__S4__07_logistic_vs_xgboost,surgery,S4,ablation,07_logistic_vs_xgboost,07_logistic_vs_xgboost / logistic_l2,logistic_l2,oof_2020_2023,RAW_RECORDED_PREDICTIONS,raw,VALIDATED_COMPUTED,Full locked input feature order,d5d5e2d8a0734a0ce9af97a6606994868307c154f09eee30ee788ada6108d568,764,"0.736144 [0.707082, 0.764574]","0.204266 [0.173365, 0.24252]",8731,425,0.7361442472486225,0.7070816735182813,0.7645737552751367,0.20426607072089864,0.17336463689473408,0.24252038768408338,0.13668378257205796,0.1314116741281461,0.1417716432749948,0.22532498796340877,-0.13560875042950407,0.5,0.5,0.5,0.5505882352941176,0.8292800385263664,0.14164648910411623,0.9730187879644018,234,1418,6888,191,ESTIMATED,ESTIMATED,ESTIMATED,12327803fe3644d3a4a06c87b635493d070dfaf7615c6bcd450594e40a3a22dc,"Descriptive arm estimate. CI is an individual-arm CI, not a paired-difference CI; no significance claim for a delta. Raw layer; operating point is the recorded P104 comparator rule, not a final clinical threshold.",D:\Codex_分拆Prompt嚴格無到院\outputs\v2\.p104k10\failed_revalidation_20260906T211456Z\f07\repo\outputs\v2\specialty_opname_v1\p1_04_extension_20260905\runs\surgery__S4__07_logistic_vs_xgboost,4d6d849ceb0602768a8a9a18ddfd412f25fb6a883f99c70d9eb986bdc75a345a,D:\Codex_分拆Prompt嚴格無到院\outputs\v2\.p104k10\cloud_validation_index_20260906T211456Z\task_surgery__S4__07_logistic_vs_xgboost_validation.json,6c9d24ef5399e0b106815f833569db59807282cce2bc4b1fced88b3877189e39
surgery__S4__07_logistic_vs_xgboost,surgery,S4,ablation,07_logistic_vs_xgboost,07_logistic_vs_xgboost / logistic_l2,logistic_l2,validation_2024,RAW_RECORDED_PREDICTIONS,raw,VALIDATED_COMPUTED,Full locked input feature order,d5d5e2d8a0734a0ce9af97a6606994868307c154f09eee30ee788ada6108d568,764,"0.600812 [0.536687, 0.666464]","0.180327 [0.127118, 0.246564]",2712,140,0.6008123194845589,0.5366869318019571,0.6664637509029282,0.18032737363013207,0.12711788726526216,0.2465637626766338,0.12938386949158082,0.12064893861562946,0.1386087897478017,0.2110912343470483,-0.1109882005899705,0.5,0.5,0.5,0.42142857142857143,0.8600311041990669,0.14081145584725538,0.9646750981247274,59,360,2212,81,ESTIMATED,ESTIMATED,ESTIMATED,fcb0d787f7d02d945c1a56a663a00676783420e18ba0aeee616d9f0943dce939,"Descriptive arm estimate. CI is an individual-arm CI, not a paired-difference CI; no significance claim for a delta. Raw layer; operating point is the recorded P104 comparator rule, not a final clinical threshold.",D:\Codex_分拆Prompt嚴格無到院\outputs\v2\.p104k10\failed_revalidation_20260906T211456Z\f07\repo\outputs\v2\specialty_opname_v1\p1_04_extension_20260905\runs\surgery__S4__07_logistic_vs_xgboost,4d6d849ceb0602768a8a9a18ddfd412f25fb6a883f99c70d9eb986bdc75a345a,D:\Codex_分拆Prompt嚴格無到院\outputs\v2\.p104k10\cloud_validation_index_20260906T211456Z\task_surgery__S4__07_logistic_vs_xgboost_validation.json,6c9d24ef5399e0b106815f833569db59807282cce2bc4b1fced88b3877189e39
surgery__S4__07_logistic_vs_xgboost,surgery,S4,ablation,07_logistic_vs_xgboost,07_logistic_vs_xgboost / xgboost,xgboost,oof_2020_2023,RAW_RECORDED_PREDICTIONS,raw,VALIDATED_COMPUTED,Full locked input feature order,d5d5e2d8a0734a0ce9af97a6606994868307c154f09eee30ee788ada6108d568,764,"0.818382 [0.797456, 0.836466]","0.283916 [0.246084, 0.327964]",8731,425,0.8183818926077535,0.7974555121881416,0.8364657719221876,0.2839159369355089,0.24608441722781457,0.32796391304640576,0.040382633840116,0.03892147727023724,0.041818149234598506,0.2082514734774067,0.0025197571870347038,0.5,0.5,0.5,0.12470588235294118,0.9962677582470503,0.6309523809523809,0.956979299178906,53,31,8275,372,ESTIMATED,ESTIMATED,ESTIMATED,12327803fe3644d3a4a06c87b635493d070dfaf7615c6bcd450594e40a3a22dc,"Descriptive arm estimate. CI is an individual-arm CI, not a paired-difference CI; no significance claim for a delta. Raw layer; operating point is the recorded P104 comparator rule, not a final clinical threshold.",D:\Codex_分拆Prompt嚴格無到院\outputs\v2\.p104k10\failed_revalidation_20260906T211456Z\f07\repo\outputs\v2\specialty_opname_v1\p1_04_extension_20260905\runs\surgery__S4__07_logistic_vs_xgboost,4d6d849ceb0602768a8a9a18ddfd412f25fb6a883f99c70d9eb986bdc75a345a,D:\Codex_分拆Prompt嚴格無到院\outputs\v2\.p104k10\cloud_validation_index_20260906T211456Z\task_surgery__S4__07_logistic_vs_xgboost_validation.json,6c9d24ef5399e0b106815f833569db59807282cce2bc4b1fced88b3877189e39
surgery__S4__07_logistic_vs_xgboost,surgery,S4,ablation,07_logistic_vs_xgboost,07_logistic_vs_xgboost / xgboost,xgboost,validation_2024,RAW_RECORDED_PREDICTIONS,raw,VALIDATED_COMPUTED,Full locked input feature order,d5d5e2d8a0734a0ce9af97a6606994868307c154f09eee30ee788ada6108d568,764,"0.860761 [0.828733, 0.888597]","0.393825 [0.3158, 0.476182]",2712,140,0.8607614974450122,0.8287330622332012,0.8885967547373106,0.39382515840548316,0.3157995696291667,0.4761815698732657,0.03951635619540681,0.035776614797999325,0.04335316799255276,0.37320574162679426,0.00331858407079646,0.5,0.5,0.5,0.2785714285714286,0.9883359253499222,0.5652173913043478,0.9617858494135452,39,30,2542,101,ESTIMATED,ESTIMATED,ESTIMATED,fcb0d787f7d02d945c1a56a663a00676783420e18ba0aeee616d9f0943dce939,"Descriptive arm estimate. CI is an individual-arm CI, not a paired-difference CI; no significance claim for a delta. Raw layer; operating point is the recorded P104 comparator rule, not a final clinical threshold.",D:\Codex_分拆Prompt嚴格無到院\outputs\v2\.p104k10\failed_revalidation_20260906T211456Z\f07\repo\outputs\v2\specialty_opname_v1\p1_04_extension_20260905\runs\surgery__S4__07_logistic_vs_xgboost,4d6d849ceb0602768a8a9a18ddfd412f25fb6a883f99c70d9eb986bdc75a345a,D:\Codex_分拆Prompt嚴格無到院\outputs\v2\.p104k10\cloud_validation_index_20260906T211456Z\task_surgery__S4__07_logistic_vs_xgboost_validation.json,6c9d24ef5399e0b106815f833569db59807282cce2bc4b1fced88b3877189e39
surgery__S4__08_median_vs_knn,surgery,S4,ablation,08_median_vs_knn,08_median_vs_knn / knn,knn,oof_2020_2023,RAW_RECORDED_PREDICTIONS,raw,VALIDATED_COMPUTED,Full locked input feature order,d5d5e2d8a0734a0ce9af97a6606994868307c154f09eee30ee788ada6108d568,764,"0.822069 [0.802419, 0.841274]","0.289286 [0.248739, 0.333221]",8731,425,0.8220693757878783,0.8024192859912612,0.841273918738747,0.2892860266102566,0.24873872208649364,0.3332211510117317,0.040200934314546896,0.038697699495655526,0.04173034021644468,0.1988071570576541,0.0025197571870347038,0.5,0.5,0.5,0.11764705882352941,0.9966289429328197,0.6410256410256411,0.9566624292153011,50,28,8278,375,ESTIMATED,ESTIMATED,ESTIMATED,12327803fe3644d3a4a06c87b635493d070dfaf7615c6bcd450594e40a3a22dc,"Descriptive arm estimate. CI is an individual-arm CI, not a paired-difference CI; no significance claim for a delta. Raw layer; operating point is the recorded P104 comparator rule, not a final clinical threshold.",D:\Codex_分拆Prompt嚴格無到院\outputs\v2\.p104k10\failed_revalidation_20260906T211456Z\f01\repo\outputs\v2\specialty_opname_v1\p1_04_extension_20260905\runs\surgery__S4__08_median_vs_knn,ceb3779773aed33349d27016f3b3d9b09d62e4c62f23ca27436f55c978c7f906,D:\Codex_分拆Prompt嚴格無到院\outputs\v2\.p104k10\cloud_validation_index_20260906T211456Z\task_surgery__S4__08_median_vs_knn_validation.json,380684db504efbf27644f81138ec2983e4fe45e27600bca89f2932d7d708105f
surgery__S4__08_median_vs_knn,surgery,S4,ablation,08_median_vs_knn,08_median_vs_knn / knn,knn,validation_2024,RAW_RECORDED_PREDICTIONS,raw,VALIDATED_COMPUTED,Full locked input feature order,d5d5e2d8a0734a0ce9af97a6606994868307c154f09eee30ee788ada6108d568,764,"0.861403 [0.831601, 0.890353]","0.386693 [0.312535, 0.474797]",2712,140,0.8614030215507666,0.8316008063165514,0.8903529368773409,0.3866933534200407,0.31253503606057825,0.47479736505161724,0.03950918322118917,0.03576583801079456,0.04306692635179969,0.37254901960784315,0.004424778761061947,0.5,0.5,0.5,0.2714285714285714,0.9898911353032659,0.59375,0.9614803625377644,38,26,2546,102,ESTIMATED,ESTIMATED,ESTIMATED,fcb0d787f7d02d945c1a56a663a00676783420e18ba0aeee616d9f0943dce939,"Descriptive arm estimate. CI is an individual-arm CI, not a paired-difference CI; no significance claim for a delta. Raw layer; operating point is the recorded P104 comparator rule, not a final clinical threshold.",D:\Codex_分拆Prompt嚴格無到院\outputs\v2\.p104k10\failed_revalidation_20260906T211456Z\f01\repo\outputs\v2\specialty_opname_v1\p1_04_extension_20260905\runs\surgery__S4__08_median_vs_knn,ceb3779773aed33349d27016f3b3d9b09d62e4c62f23ca27436f55c978c7f906,D:\Codex_分拆Prompt嚴格無到院\outputs\v2\.p104k10\cloud_validation_index_20260906T211456Z\task_surgery__S4__08_median_vs_knn_validation.json,380684db504efbf27644f81138ec2983e4fe45e27600bca89f2932d7d708105f
surgery__S4__08_median_vs_knn,surgery,S4,ablation,08_median_vs_knn,08_median_vs_knn / median,median,oof_2020_2023,RAW_RECORDED_PREDICTIONS,raw,VALIDATED_COMPUTED,Full locked input feature order,d5d5e2d8a0734a0ce9af97a6606994868307c154f09eee30ee788ada6108d568,764,"0.818382 [0.799163, 0.838582]","0.283916 [0.244932, 0.329922]",8731,425,0.8183818926077535,0.7991633247934158,0.8385816990600335,0.2839159369355089,0.24493199236458285,0.32992229695715386,0.040382633840116,0.03879348286184448,0.041899636493190194,0.2082514734774067,0.0025197571870347038,0.5,0.5,0.5,0.12470588235294118,0.9962677582470503,0.6309523809523809,0.956979299178906,53,31,8275,372,ESTIMATED,ESTIMATED,ESTIMATED,12327803fe3644d3a4a06c87b635493d070dfaf7615c6bcd450594e40a3a22dc,"Descriptive arm estimate. CI is an individual-arm CI, not a paired-difference CI; no significance claim for a delta. Raw layer; operating point is the recorded P104 comparator rule, not a final clinical threshold.",D:\Codex_分拆Prompt嚴格無到院\outputs\v2\.p104k10\failed_revalidation_20260906T211456Z\f01\repo\outputs\v2\specialty_opname_v1\p1_04_extension_20260905\runs\surgery__S4__08_median_vs_knn,ceb3779773aed33349d27016f3b3d9b09d62e4c62f23ca27436f55c978c7f906,D:\Codex_分拆Prompt嚴格無到院\outputs\v2\.p104k10\cloud_validation_index_20260906T211456Z\task_surgery__S4__08_median_vs_knn_validation.json,380684db504efbf27644f81138ec2983e4fe45e27600bca89f2932d7d708105f
surgery__S4__08_median_vs_knn,surgery,S4,ablation,08_median_vs_knn,08_median_vs_knn / median,median,validation_2024,RAW_RECORDED_PREDICTIONS,raw,VALIDATED_COMPUTED,Full locked input feature order,d5d5e2d8a0734a0ce9af97a6606994868307c154f09eee30ee788ada6108d568,764,"0.860761 [0.830519, 0.889152]","0.393825 [0.319533, 0.476265]",2712,140,0.8607614974450122,0.8305191722771897,0.8891524087582671,0.39382515840548316,0.3195333997636423,0.4762647179184938,0.03951635619540681,0.03598107199005459,0.043214046964383995,0.37320574162679426,0.00331858407079646,0.5,0.5,0.5,0.2785714285714286,0.9883359253499222,0.5652173913043478,0.9617858494135452,39,30,2542,101,ESTIMATED,ESTIMATED,ESTIMATED,fcb0d787f7d02d945c1a56a663a00676783420e18ba0aeee616d9f0943dce939,"Descriptive arm estimate. CI is an individual-arm CI, not a paired-difference CI; no significance claim for a delta. Raw layer; operating point is the recorded P104 comparator rule, not a final clinical threshold.",D:\Codex_分拆Prompt嚴格無到院\outputs\v2\.p104k10\failed_revalidation_20260906T211456Z\f01\repo\outputs\v2\specialty_opname_v1\p1_04_extension_20260905\runs\surgery__S4__08_median_vs_knn,ceb3779773aed33349d27016f3b3d9b09d62e4c62f23ca27436f55c978c7f906,D:\Codex_分拆Prompt嚴格無到院\outputs\v2\.p104k10\cloud_validation_index_20260906T211456Z\task_surgery__S4__08_median_vs_knn_validation.json,380684db504efbf27644f81138ec2983e4fe45e27600bca89f2932d7d708105f
surgery__S4__09_class_weight_smotenc_threshold,surgery,S4,ablation,09_class_weight_smotenc_threshold,09_class_weight_smotenc_threshold / class_weight,class_weight,oof_2020_2023,RAW_RECORDED_PREDICTIONS,raw,VALIDATED_COMPUTED,Full locked input feature order,d5d5e2d8a0734a0ce9af97a6606994868307c154f09eee30ee788ada6108d568,764,"0.736144 [0.706816, 0.762452]","0.204266 [0.171695, 0.242603]",8731,425,0.7361442472486225,0.7068161959791665,0.7624524172927409,0.20426607072089864,0.17169534951178603,0.24260347678073121,0.13668378257205796,0.13155352184221913,0.14184033638709645,0.22532498796340877,-0.13560875042950407,0.5,0.5,0.5,0.5505882352941176,0.8292800385263664,0.14164648910411623,0.9730187879644018,234,1418,6888,191,ESTIMATED,ESTIMATED,ESTIMATED,12327803fe3644d3a4a06c87b635493d070dfaf7615c6bcd450594e40a3a22dc,"Descriptive arm estimate. CI is an individual-arm CI, not a paired-difference CI; no significance claim for a delta. Raw layer; operating point is the recorded P104 comparator rule, not a final clinical threshold.",D:\Codex_分拆Prompt嚴格無到院\outputs\v2\specialty_opname_v1\p1_04_extension_20260905\runs\surgery__S4__09_class_weight_smotenc_threshold,3532a5265cedbf07e397a371013043b507d2a684670a3abdcc6261e3af72753a,D:\Codex_分拆Prompt嚴格無到院\outputs\v2\specialty_opname_v1\p1_04_extension_20260905\local_dispatch_full\validations\surgery__S4__09_class_weight_smotenc_threshold\3532a5265cedbf07_3c510f4d0008.report.json,e21f9edb19332978e55fcaed8abdd54256474403f3340022cd6da015240d205f
surgery__S4__09_class_weight_smotenc_threshold,surgery,S4,ablation,09_class_weight_smotenc_threshold,09_class_weight_smotenc_threshold / class_weight,class_weight,validation_2024,RAW_RECORDED_PREDICTIONS,raw,VALIDATED_COMPUTED,Full locked input feature order,d5d5e2d8a0734a0ce9af97a6606994868307c154f09eee30ee788ada6108d568,764,"0.600812 [0.537578, 0.666851]","0.180327 [0.130877, 0.250726]",2712,140,0.6008123194845589,0.5375775056267434,0.666851260761879,0.18032737363013207,0.1308769684479129,0.25072643474032763,0.12938386949158082,0.12029984165778464,0.13839197118704727,0.2110912343470483,-0.1109882005899705,0.5,0.5,0.5,0.42142857142857143,0.8600311041990669,0.14081145584725538,0.9646750981247274,59,360,2212,81,ESTIMATED,ESTIMATED,ESTIMATED,fcb0d787f7d02d945c1a56a663a00676783420e18ba0aeee616d9f0943dce939,"Descriptive arm estimate. CI is an individual-arm CI, not a paired-difference CI; no significance claim for a delta. Raw layer; operating point is the recorded P104 comparator rule, not a final clinical threshold.",D:\Codex_分拆Prompt嚴格無到院\outputs\v2\specialty_opname_v1\p1_04_extension_20260905\runs\surgery__S4__09_class_weight_smotenc_threshold,3532a5265cedbf07e397a371013043b507d2a684670a3abdcc6261e3af72753a,D:\Codex_分拆Prompt嚴格無到院\outputs\v2\specialty_opname_v1\p1_04_extension_20260905\local_dispatch_full\validations\surgery__S4__09_class_weight_smotenc_threshold\3532a5265cedbf07_3c510f4d0008.report.json,e21f9edb19332978e55fcaed8abdd54256474403f3340022cd6da015240d205f
surgery__S4__09_class_weight_smotenc_threshold,surgery,S4,ablation,09_class_weight_smotenc_threshold,09_class_weight_smotenc_threshold / smotenc,smotenc,oof_2020_2023,RAW_RECORDED_PREDICTIONS,raw,VALIDATED_COMPUTED,Full locked input feature order,d5d5e2d8a0734a0ce9af97a6606994868307c154f09eee30ee788ada6108d568,764,"0.658594 [0.628341, 0.690582]","0.149413 [0.125155, 0.183218]",8731,425,0.6585939292644579,0.6283407108081924,0.6905815283964177,0.14941308585372834,0.12515547019510298,0.18321811601137608,0.0666736521267012,0.06350124328484921,0.0698616874385652,0.21980413492927095,-0.03344404993700607,0.5,0.5,0.5,0.2376470588235294,0.9526848061642187,0.20445344129554655,0.9606652907611994,101,393,7913,324,ESTIMATED,ESTIMATED,ESTIMATED,12327803fe3644d3a4a06c87b635493d070dfaf7615c6bcd450594e40a3a22dc,"Descriptive arm estimate. CI is an individual-arm CI, not a paired-difference CI; no significance claim for a delta. Raw layer; operating point is the recorded P104 comparator rule, not a final clinical threshold.",D:\Codex_分拆Prompt嚴格無到院\outputs\v2\specialty_opname_v1\p1_04_extension_20260905\runs\surgery__S4__09_class_weight_smotenc_threshold,3532a5265cedbf07e397a371013043b507d2a684670a3abdcc6261e3af72753a,D:\Codex_分拆Prompt嚴格無到院\outputs\v2\specialty_opname_v1\p1_04_extension_20260905\local_dispatch_full\validations\surgery__S4__09_class_weight_smotenc_threshold\3532a5265cedbf07_3c510f4d0008.report.json,e21f9edb19332978e55fcaed8abdd54256474403f3340022cd6da015240d205f
surgery__S4__09_class_weight_smotenc_threshold,surgery,S4,ablation,09_class_weight_smotenc_threshold,09_class_weight_smotenc_threshold / smotenc,smotenc,validation_2024,RAW_RECORDED_PREDICTIONS,raw,VALIDATED_COMPUTED,Full locked input feature order,d5d5e2d8a0734a0ce9af97a6606994868307c154f09eee30ee788ada6108d568,764,"0.547081 [0.48236, 0.606836]","0.164152 [0.112166, 0.230301]",2712,140,0.5470812041768496,0.4823603389366043,0.6068356538187083,0.16415212753223646,0.1121659496657766,0.23030111157725394,0.07068610765629599,0.06521128905354213,0.07621911635894404,0.18571428571428572,-0.032448377581120944,0.5,0.5,0.5,0.18571428571428572,0.9556765163297045,0.18571428571428572,0.9556765163297045,26,114,2458,114,ESTIMATED,ESTIMATED,ESTIMATED,fcb0d787f7d02d945c1a56a663a00676783420e18ba0aeee616d9f0943dce939,"Descriptive arm estimate. CI is an individual-arm CI, not a paired-difference CI; no significance claim for a delta. Raw layer; operating point is the recorded P104 comparator rule, not a final clinical threshold.",D:\Codex_分拆Prompt嚴格無到院\outputs\v2\specialty_opname_v1\p1_04_extension_20260905\runs\surgery__S4__09_class_weight_smotenc_threshold,3532a5265cedbf07e397a371013043b507d2a684670a3abdcc6261e3af72753a,D:\Codex_分拆Prompt嚴格無到院\outputs\v2\specialty_opname_v1\p1_04_extension_20260905\local_dispatch_full\validations\surgery__S4__09_class_weight_smotenc_threshold\3532a5265cedbf07_3c510f4d0008.report.json,e21f9edb19332978e55fcaed8abdd54256474403f3340022cd6da015240d205f
surgery__S4__09_class_weight_smotenc_threshold,surgery,S4,ablation,09_class_weight_smotenc_threshold,09_class_weight_smotenc_threshold / threshold_shift,threshold_shift,oof_2020_2023,RAW_RECORDED_PREDICTIONS,raw,VALIDATED_COMPUTED,Full locked input feature order,d5d5e2d8a0734a0ce9af97a6606994868307c154f09eee30ee788ada6108d568,764,"0.755821 [0.72638, 0.782259]","0.21156 [0.179981, 0.250877]",8731,425,0.7558211640061755,0.7263799191148553,0.7822589524522695,0.21155962631975417,0.179981256530733,0.25087740106443446,0.046226652662986166,0.04401749512672534,0.04842259280536255,0.2834101382488479,0.003329749675481972,0.22676942901453295,0.21601334806809608,0.23340039906754811,0.28941176470588237,0.9614736335179388,0.27765237020316025,0.9635617760617761,123,320,7986,302,ESTIMATED,ESTIMATED,ESTIMATED,12327803fe3644d3a4a06c87b635493d070dfaf7615c6bcd450594e40a3a22dc,"Descriptive arm estimate. CI is an individual-arm CI, not a paired-difference CI; no significance claim for a delta. Raw layer; operating point is the recorded P104 comparator rule, not a final clinical threshold.",D:\Codex_分拆Prompt嚴格無到院\outputs\v2\specialty_opname_v1\p1_04_extension_20260905\runs\surgery__S4__09_class_weight_smotenc_threshold,3532a5265cedbf07e397a371013043b507d2a684670a3abdcc6261e3af72753a,D:\Codex_分拆Prompt嚴格無到院\outputs\v2\specialty_opname_v1\p1_04_extension_20260905\local_dispatch_full\validations\surgery__S4__09_class_weight_smotenc_threshold\3532a5265cedbf07_3c510f4d0008.report.json,e21f9edb19332978e55fcaed8abdd54256474403f3340022cd6da015240d205f
surgery__S4__09_class_weight_smotenc_threshold,surgery,S4,ablation,09_class_weight_smotenc_threshold,09_class_weight_smotenc_threshold / threshold_shift,threshold_shift,validation_2024,RAW_RECORDED_PREDICTIONS,raw,VALIDATED_COMPUTED,Full locked input feature order,d5d5e2d8a0734a0ce9af97a6606994868307c154f09eee30ee788ada6108d568,764,"0.622752 [0.555208, 0.687358]","0.190004 [0.137375, 0.267649]",2712,140,0.6227518884692291,0.5552082223273269,0.6873576099316442,0.19000364927199193,0.1373749507069221,0.26764916301115266,0.05263863562630909,0.04809689155053441,0.05724654501272901,0.2553191489361702,0.0021800730364902403,0.22109018496779992,0.22109018496779986,0.22109018496779986,0.2571428571428571,0.9587869362363919,0.2535211267605634,0.9595330739299611,36,106,2466,104,ESTIMATED,ESTIMATED,ESTIMATED,fcb0d787f7d02d945c1a56a663a00676783420e18ba0aeee616d9f0943dce939,"Descriptive arm estimate. CI is an individual-arm CI, not a paired-difference CI; no significance claim for a delta. Raw layer; operating point is the recorded P104 comparator rule, not a final clinical threshold.",D:\Codex_分拆Prompt嚴格無到院\outputs\v2\specialty_opname_v1\p1_04_extension_20260905\runs\surgery__S4__09_class_weight_smotenc_threshold,3532a5265cedbf07e397a371013043b507d2a684670a3abdcc6261e3af72753a,D:\Codex_分拆Prompt嚴格無到院\outputs\v2\specialty_opname_v1\p1_04_extension_20260905\local_dispatch_full\validations\surgery__S4__09_class_weight_smotenc_threshold\3532a5265cedbf07_3c510f4d0008.report.json,e21f9edb19332978e55fcaed8abdd54256474403f3340022cd6da015240d205f
surgery__S4__10_prehospital_vs_ed_early,surgery,S4,ablation,10_prehospital_vs_ed_early,10_prehospital_vs_ed_early / locked_full,locked_full,oof_2020_2023,RAW_RECORDED_PREDICTIONS,raw,VALIDATED_COMPUTED,Full locked input feature order,d5d5e2d8a0734a0ce9af97a6606994868307c154f09eee30ee788ada6108d568,764,"0.818382 [0.797245, 0.837989]","0.283916 [0.241279, 0.328808]",8731,425,0.8183818926077535,0.7972450326008594,0.8379890013819672,0.2839159369355089,0.24127865140660099,0.3288078486870229,0.040382633840116,0.038894394915457854,0.0420246834081581,0.2082514734774067,0.0025197571870347038,0.5,0.5,0.5,0.12470588235294118,0.9962677582470503,0.6309523809523809,0.956979299178906,53,31,8275,372,ESTIMATED,ESTIMATED,ESTIMATED,12327803fe3644d3a4a06c87b635493d070dfaf7615c6bcd450594e40a3a22dc,"Descriptive arm estimate. CI is an individual-arm CI, not a paired-difference CI; no significance claim for a delta. Raw layer; operating point is the recorded P104 comparator rule, not a final clinical threshold.",D:\Codex_分拆Prompt嚴格無到院\outputs\v2\.p104k10\failed_revalidation_20260906T211456Z\f08\repo\outputs\v2\specialty_opname_v1\p1_04_extension_20260905\runs\surgery__S4__10_prehospital_vs_ed_early,59ac6915a2883f96e8e40d8e6211366486e43e99107e8e58246f3f54ffc382b9,D:\Codex_分拆Prompt嚴格無到院\outputs\v2\.p104k10\cloud_validation_index_20260906T211456Z\task_surgery__S4__10_prehospital_vs_ed_early_validation.json,de44f2b53416f85b5381e5b25c87af6245f2680ee904f5d56756bf17d960acc4
surgery__S4__10_prehospital_vs_ed_early,surgery,S4,ablation,10_prehospital_vs_ed_early,10_prehospital_vs_ed_early / locked_full,locked_full,validation_2024,RAW_RECORDED_PREDICTIONS,raw,VALIDATED_COMPUTED,Full locked input feature order,d5d5e2d8a0734a0ce9af97a6606994868307c154f09eee30ee788ada6108d568,764,"0.860761 [0.829043, 0.889779]","0.393825 [0.319503, 0.481202]",2712,140,0.8607614974450122,0.8290434609778957,0.8897786069634342,0.39382515840548316,0.31950255546304424,0.48120240905141076,0.03951635619540681,0.035616017748312453,0.043111366521610434,0.37320574162679426,0.00331858407079646,0.5,0.5,0.5,0.2785714285714286,0.9883359253499222,0.5652173913043478,0.9617858494135452,39,30,2542,101,ESTIMATED,ESTIMATED,ESTIMATED,fcb0d787f7d02d945c1a56a663a00676783420e18ba0aeee616d9f0943dce939,"Descriptive arm estimate. CI is an individual-arm CI, not a paired-difference CI; no significance claim for a delta. Raw layer; operating point is the recorded P104 comparator rule, not a final clinical threshold.",D:\Codex_分拆Prompt嚴格無到院\outputs\v2\.p104k10\failed_revalidation_20260906T211456Z\f08\repo\outputs\v2\specialty_opname_v1\p1_04_extension_20260905\runs\surgery__S4__10_prehospital_vs_ed_early,59ac6915a2883f96e8e40d8e6211366486e43e99107e8e58246f3f54ffc382b9,D:\Codex_分拆Prompt嚴格無到院\outputs\v2\.p104k10\cloud_validation_index_20260906T211456Z\task_surgery__S4__10_prehospital_vs_ed_early_validation.json,de44f2b53416f85b5381e5b25c87af6245f2680ee904f5d56756bf17d960acc4
surgery__S4__10_prehospital_vs_ed_early,surgery,S4,ablation,10_prehospital_vs_ed_early,10_prehospital_vs_ed_early / plus_ed_early,plus_ed_early,oof_2020_2023,RAW_RECORDED_PREDICTIONS,raw,VALIDATED_COMPUTED,Full prehospital inputs plus separately labelled ED-early comparator inputs,a13b2333d99c92de94917b98c1bf5db5969fce60a635c467dff6a04ee3da0e03,790,"0.819801 [0.799071, 0.839627]","0.286513 [0.246303, 0.331529]",8731,425,0.8198008526791405,0.7990705792882684,0.8396271200757425,0.2865125950922076,0.24630290995846554,0.331529369718944,0.04021967984346028,0.038696456207514766,0.04174705193499787,0.2043222003929273,0.0022906883518497307,0.5,0.5,0.5,0.1223529411764706,0.9961473633517939,0.6190476190476191,0.956863652133688,52,32,8274,373,ESTIMATED,ESTIMATED,ESTIMATED,12327803fe3644d3a4a06c87b635493d070dfaf7615c6bcd450594e40a3a22dc,"Descriptive arm estimate. CI is an individual-arm CI, not a paired-difference CI; no significance claim for a delta. Raw layer; operating point is the recorded P104 comparator rule, not a final clinical threshold.",D:\Codex_分拆Prompt嚴格無到院\outputs\v2\.p104k10\failed_revalidation_20260906T211456Z\f08\repo\outputs\v2\specialty_opname_v1\p1_04_extension_20260905\runs\surgery__S4__10_prehospital_vs_ed_early,59ac6915a2883f96e8e40d8e6211366486e43e99107e8e58246f3f54ffc382b9,D:\Codex_分拆Prompt嚴格無到院\outputs\v2\.p104k10\cloud_validation_index_20260906T211456Z\task_surgery__S4__10_prehospital_vs_ed_early_validation.json,de44f2b53416f85b5381e5b25c87af6245f2680ee904f5d56756bf17d960acc4
surgery__S4__10_prehospital_vs_ed_early,surgery,S4,ablation,10_prehospital_vs_ed_early,10_prehospital_vs_ed_early / plus_ed_early,plus_ed_early,validation_2024,RAW_RECORDED_PREDICTIONS,raw,VALIDATED_COMPUTED,Full prehospital inputs plus separately labelled ED-early comparator inputs,a13b2333d99c92de94917b98c1bf5db5969fce60a635c467dff6a04ee3da0e03,790,"0.863869 [0.832846, 0.893963]","0.401711 [0.326138, 0.491019]",2712,140,0.8638691401910686,0.8328460238488938,0.8939632453865735,0.4017107778245312,0.32613803404150055,0.4910185259508898,0.03874195463579916,0.03483076327610025,0.04232768361276064,0.3804878048780488,0.004793510324483776,0.5,0.5,0.5,0.2785714285714286,0.9898911353032659,0.6,0.9618435965243672,39,26,2546,101,ESTIMATED,ESTIMATED,ESTIMATED,fcb0d787f7d02d945c1a56a663a00676783420e18ba0aeee616d9f0943dce939,"Descriptive arm estimate. CI is an individual-arm CI, not a paired-difference CI; no significance claim for a delta. Raw layer; operating point is the recorded P104 comparator rule, not a final clinical threshold.",D:\Codex_分拆Prompt嚴格無到院\outputs\v2\.p104k10\failed_revalidation_20260906T211456Z\f08\repo\outputs\v2\specialty_opname_v1\p1_04_extension_20260905\runs\surgery__S4__10_prehospital_vs_ed_early,59ac6915a2883f96e8e40d8e6211366486e43e99107e8e58246f3f54ffc382b9,D:\Codex_分拆Prompt嚴格無到院\outputs\v2\.p104k10\cloud_validation_index_20260906T211456Z\task_surgery__S4__10_prehospital_vs_ed_early_validation.json,de44f2b53416f85b5381e5b25c87af6245f2680ee904f5d56756bf17d960acc4
surgery__S4__11_collaborator_variables,surgery,S4,ablation,11_collaborator_variables,11_collaborator_variables / locked_full,locked_full,oof_2020_2023,RAW_RECORDED_PREDICTIONS,raw,VALIDATED_COMPUTED,Full locked input feature order,d5d5e2d8a0734a0ce9af97a6606994868307c154f09eee30ee788ada6108d568,764,"0.818382 [0.797245, 0.837989]","0.283916 [0.241279, 0.328808]",8731,425,0.8183818926077535,0.7972450326008594,0.8379890013819672,0.2839159369355089,0.24127865140660099,0.3288078486870229,0.040382633840116,0.038894394915457854,0.0420246834081581,0.2082514734774067,0.0025197571870347038,0.5,0.5,0.5,0.12470588235294118,0.9962677582470503,0.6309523809523809,0.956979299178906,53,31,8275,372,ESTIMATED,ESTIMATED,ESTIMATED,12327803fe3644d3a4a06c87b635493d070dfaf7615c6bcd450594e40a3a22dc,"Descriptive arm estimate. CI is an individual-arm CI, not a paired-difference CI; no significance claim for a delta. Raw layer; operating point is the recorded P104 comparator rule, not a final clinical threshold.",D:\Codex_分拆Prompt嚴格無到院\outputs\v2\.p104k10\failed_revalidation_20260906T211456Z\f16\repo\outputs\v2\specialty_opname_v1\p1_04_extension_20260905\runs\surgery__S4__11_collaborator_variables,08aae13e5779dfdeec53d45224d6311b061554bcd37c400fdc4d8b65f9aa2baa,D:\Codex_分拆Prompt嚴格無到院\outputs\v2\.p104k10\cloud_validation_index_20260906T211456Z\task_surgery__S4__11_collaborator_variables_validation.json,7f1e48b72321d47984cef1de1cad78ec1fca84d9b9f6522c6395edb8f350fccd
surgery__S4__11_collaborator_variables,surgery,S4,ablation,11_collaborator_variables,11_collaborator_variables / locked_full,locked_full,validation_2024,RAW_RECORDED_PREDICTIONS,raw,VALIDATED_COMPUTED,Full locked input feature order,d5d5e2d8a0734a0ce9af97a6606994868307c154f09eee30ee788ada6108d568,764,"0.860761 [0.829043, 0.889779]","0.393825 [0.319503, 0.481202]",2712,140,0.8607614974450122,0.8290434609778957,0.8897786069634342,0.39382515840548316,0.31950255546304424,0.48120240905141076,0.03951635619540681,0.035616017748312453,0.043111366521610434,0.37320574162679426,0.00331858407079646,0.5,0.5,0.5,0.2785714285714286,0.9883359253499222,0.5652173913043478,0.9617858494135452,39,30,2542,101,ESTIMATED,ESTIMATED,ESTIMATED,fcb0d787f7d02d945c1a56a663a00676783420e18ba0aeee616d9f0943dce939,"Descriptive arm estimate. CI is an individual-arm CI, not a paired-difference CI; no significance claim for a delta. Raw layer; operating point is the recorded P104 comparator rule, not a final clinical threshold.",D:\Codex_分拆Prompt嚴格無到院\outputs\v2\.p104k10\failed_revalidation_20260906T211456Z\f16\repo\outputs\v2\specialty_opname_v1\p1_04_extension_20260905\runs\surgery__S4__11_collaborator_variables,08aae13e5779dfdeec53d45224d6311b061554bcd37c400fdc4d8b65f9aa2baa,D:\Codex_分拆Prompt嚴格無到院\outputs\v2\.p104k10\cloud_validation_index_20260906T211456Z\task_surgery__S4__11_collaborator_variables_validation.json,7f1e48b72321d47984cef1de1cad78ec1fca84d9b9f6522c6395edb8f350fccd
surgery__S4__11_collaborator_variables,surgery,S4,ablation,11_collaborator_variables,11_collaborator_variables / without_collaborator_variables_exact,without_collaborator_variables_exact,oof_2020_2023,RAW_RECORDED_PREDICTIONS,raw,VALIDATED_COMPUTED,Full inputs excluding source-defined collaborator_variables_exact,b99f46275695791d2b4760ac050107910386b57ca1ee6453e725319cacf616b2,754,"0.818191 [0.797359, 0.838309]","0.283106 [0.244036, 0.32811]",8731,425,0.8181912437500886,0.7973585163273007,0.8383090202922675,0.28310598261652076,0.24403646877096036,0.3281103527485326,0.04038567109007746,0.0388675478477479,0.041905375412438044,0.2248062015503876,0.0028633604398121634,0.5,0.5,0.5,0.13647058823529412,0.9960269684565375,0.6373626373626373,0.9575231481481481,58,33,8273,367,ESTIMATED,ESTIMATED,ESTIMATED,12327803fe3644d3a4a06c87b635493d070dfaf7615c6bcd450594e40a3a22dc,"Descriptive arm estimate. CI is an individual-arm CI, not a paired-difference CI; no significance claim for a delta. Raw layer; operating point is the recorded P104 comparator rule, not a final clinical threshold.",D:\Codex_分拆Prompt嚴格無到院\outputs\v2\.p104k10\failed_revalidation_20260906T211456Z\f16\repo\outputs\v2\specialty_opname_v1\p1_04_extension_20260905\runs\surgery__S4__11_collaborator_variables,08aae13e5779dfdeec53d45224d6311b061554bcd37c400fdc4d8b65f9aa2baa,D:\Codex_分拆Prompt嚴格無到院\outputs\v2\.p104k10\cloud_validation_index_20260906T211456Z\task_surgery__S4__11_collaborator_variables_validation.json,7f1e48b72321d47984cef1de1cad78ec1fca84d9b9f6522c6395edb8f350fccd
surgery__S4__11_collaborator_variables,surgery,S4,ablation,11_collaborator_variables,11_collaborator_variables / without_collaborator_variables_exact,without_collaborator_variables_exact,validation_2024,RAW_RECORDED_PREDICTIONS,raw,VALIDATED_COMPUTED,Full inputs excluding source-defined collaborator_variables_exact,b99f46275695791d2b4760ac050107910386b57ca1ee6453e725319cacf616b2,754,"0.862728 [0.831429, 0.893447]","0.399323 [0.324291, 0.48285]",2712,140,0.8627277271717397,0.831429308008048,0.8934467591697879,0.39932307790847227,0.324291189797288,0.4828504954908157,0.03942729541199021,0.035708409586377,0.043110751195827135,0.3671497584541063,0.00331858407079646,0.5,0.5,0.5,0.2714285714285714,0.9887247278382582,0.5671641791044776,0.961436672967864,38,29,2543,102,ESTIMATED,ESTIMATED,ESTIMATED,fcb0d787f7d02d945c1a56a663a00676783420e18ba0aeee616d9f0943dce939,"Descriptive arm estimate. CI is an individual-arm CI, not a paired-difference CI; no significance claim for a delta. Raw layer; operating point is the recorded P104 comparator rule, not a final clinical threshold.",D:\Codex_分拆Prompt嚴格無到院\outputs\v2\.p104k10\failed_revalidation_20260906T211456Z\f16\repo\outputs\v2\specialty_opname_v1\p1_04_extension_20260905\runs\surgery__S4__11_collaborator_variables,08aae13e5779dfdeec53d45224d6311b061554bcd37c400fdc4d8b65f9aa2baa,D:\Codex_分拆Prompt嚴格無到院\outputs\v2\.p104k10\cloud_validation_index_20260906T211456Z\task_surgery__S4__11_collaborator_variables_validation.json,7f1e48b72321d47984cef1de1cad78ec1fca84d9b9f6522c6395edb8f350fccd
surgery__S4__12_remove_distance,surgery,S4,ablation,12_remove_distance,12_remove_distance / locked_full,locked_full,oof_2020_2023,RAW_RECORDED_PREDICTIONS,raw,VALIDATED_COMPUTED,Full locked input feature order,d5d5e2d8a0734a0ce9af97a6606994868307c154f09eee30ee788ada6108d568,764,"0.818382 [0.797245, 0.837989]","0.283916 [0.241279, 0.328808]",8731,425,0.8183818926077535,0.7972450326008594,0.8379890013819672,0.2839159369355089,0.24127865140660099,0.3288078486870229,0.040382633840116,0.038894394915457854,0.0420246834081581,0.2082514734774067,0.0025197571870347038,0.5,0.5,0.5,0.12470588235294118,0.9962677582470503,0.6309523809523809,0.956979299178906,53,31,8275,372,ESTIMATED,ESTIMATED,ESTIMATED,12327803fe3644d3a4a06c87b635493d070dfaf7615c6bcd450594e40a3a22dc,"Descriptive arm estimate. CI is an individual-arm CI, not a paired-difference CI; no significance claim for a delta. Raw layer; operating point is the recorded P104 comparator rule, not a final clinical threshold.",D:\Codex_分拆Prompt嚴格無到院\outputs\v2\.p104k10\failed_revalidation_20260906T211456Z\f14\repo\outputs\v2\specialty_opname_v1\p1_04_extension_20260905\runs\surgery__S4__12_remove_distance,d47b113c4dbaa2a60194599df29a9801b5340888fba850bbfbe8ad0b064e46fb,D:\Codex_分拆Prompt嚴格無到院\outputs\v2\.p104k10\cloud_validation_index_20260906T211456Z\task_surgery__S4__12_remove_distance_validation.json,d1369c20025b34f21d65b5da6045117aada38d2be8832f7e7d2467befa38aeac
surgery__S4__12_remove_distance,surgery,S4,ablation,12_remove_distance,12_remove_distance / locked_full,locked_full,validation_2024,RAW_RECORDED_PREDICTIONS,raw,VALIDATED_COMPUTED,Full locked input feature order,d5d5e2d8a0734a0ce9af97a6606994868307c154f09eee30ee788ada6108d568,764,"0.860761 [0.829043, 0.889779]","0.393825 [0.319503, 0.481202]",2712,140,0.8607614974450122,0.8290434609778957,0.8897786069634342,0.39382515840548316,0.31950255546304424,0.48120240905141076,0.03951635619540681,0.035616017748312453,0.043111366521610434,0.37320574162679426,0.00331858407079646,0.5,0.5,0.5,0.2785714285714286,0.9883359253499222,0.5652173913043478,0.9617858494135452,39,30,2542,101,ESTIMATED,ESTIMATED,ESTIMATED,fcb0d787f7d02d945c1a56a663a00676783420e18ba0aeee616d9f0943dce939,"Descriptive arm estimate. CI is an individual-arm CI, not a paired-difference CI; no significance claim for a delta. Raw layer; operating point is the recorded P104 comparator rule, not a final clinical threshold.",D:\Codex_分拆Prompt嚴格無到院\outputs\v2\.p104k10\failed_revalidation_20260906T211456Z\f14\repo\outputs\v2\specialty_opname_v1\p1_04_extension_20260905\runs\surgery__S4__12_remove_distance,d47b113c4dbaa2a60194599df29a9801b5340888fba850bbfbe8ad0b064e46fb,D:\Codex_分拆Prompt嚴格無到院\outputs\v2\.p104k10\cloud_validation_index_20260906T211456Z\task_surgery__S4__12_remove_distance_validation.json,d1369c20025b34f21d65b5da6045117aada38d2be8832f7e7d2467befa38aeac
surgery__S4__12_remove_distance,surgery,S4,ablation,12_remove_distance,12_remove_distance / without_distance,without_distance,oof_2020_2023,RAW_RECORDED_PREDICTIONS,raw,VALIDATED_COMPUTED,Full inputs excluding source-defined distance,b536524057bac4c3a9a2df49d51ed66f7aaaf993958d9bf190a45c54ec06df08,752,"0.815945 [0.796269, 0.835742]","0.281131 [0.241279, 0.325494]",8731,425,0.8159453832098695,0.796269374901291,0.8357424910650757,0.2811314967705738,0.24127947027843508,0.32549417876615944,0.04049601396931129,0.03897817954647845,0.04203698911411104,0.21052631578947367,0.0022906883518497307,0.5,0.5,0.5,0.12705882352941175,0.995906573561281,0.6136363636363636,0.9570750896679394,54,34,8272,371,ESTIMATED,ESTIMATED,ESTIMATED,12327803fe3644d3a4a06c87b635493d070dfaf7615c6bcd450594e40a3a22dc,"Descriptive arm estimate. CI is an individual-arm CI, not a paired-difference CI; no significance claim for a delta. Raw layer; operating point is the recorded P104 comparator rule, not a final clinical threshold.",D:\Codex_分拆Prompt嚴格無到院\outputs\v2\.p104k10\failed_revalidation_20260906T211456Z\f14\repo\outputs\v2\specialty_opname_v1\p1_04_extension_20260905\runs\surgery__S4__12_remove_distance,d47b113c4dbaa2a60194599df29a9801b5340888fba850bbfbe8ad0b064e46fb,D:\Codex_分拆Prompt嚴格無到院\outputs\v2\.p104k10\cloud_validation_index_20260906T211456Z\task_surgery__S4__12_remove_distance_validation.json,d1369c20025b34f21d65b5da6045117aada38d2be8832f7e7d2467befa38aeac
surgery__S4__12_remove_distance,surgery,S4,ablation,12_remove_distance,12_remove_distance / without_distance,without_distance,validation_2024,RAW_RECORDED_PREDICTIONS,raw,VALIDATED_COMPUTED,Full inputs excluding source-defined distance,b536524057bac4c3a9a2df49d51ed66f7aaaf993958d9bf190a45c54ec06df08,752,"0.864874 [0.834866, 0.892304]","0.384531 [0.312447, 0.469518]",2712,140,0.8648744723394801,0.8348659067866422,0.8923037045259479,0.3845308965708832,0.3124467902548425,0.46951834350484156,0.03938447871428044,0.03585241223019746,0.043019345209553625,0.37254901960784315,0.004424778761061947,0.5,0.5,0.5,0.2714285714285714,0.9898911353032659,0.59375,0.9614803625377644,38,26,2546,102,ESTIMATED,ESTIMATED,ESTIMATED,fcb0d787f7d02d945c1a56a663a00676783420e18ba0aeee616d9f0943dce939,"Descriptive arm estimate. CI is an individual-arm CI, not a paired-difference CI; no significance claim for a delta. Raw layer; operating point is the recorded P104 comparator rule, not a final clinical threshold.",D:\Codex_分拆Prompt嚴格無到院\outputs\v2\.p104k10\failed_revalidation_20260906T211456Z\f14\repo\outputs\v2\specialty_opname_v1\p1_04_extension_20260905\runs\surgery__S4__12_remove_distance,d47b113c4dbaa2a60194599df29a9801b5340888fba850bbfbe8ad0b064e46fb,D:\Codex_分拆Prompt嚴格無到院\outputs\v2\.p104k10\cloud_validation_index_20260906T211456Z\task_surgery__S4__12_remove_distance_validation.json,d1369c20025b34f21d65b5da6045117aada38d2be8832f7e7d2467befa38aeac
surgery__S5__01_standardization,surgery,S5,ablation,01_standardization,01_standardization / logistic_scaled,logistic_scaled,oof_2020_2023,RAW_RECORDED_PREDICTIONS,raw,VALIDATED_COMPUTED,Full locked input feature order,d5d5e2d8a0734a0ce9af97a6606994868307c154f09eee30ee788ada6108d568,764,"0.691437 [0.572188, 0.799141]","0.0459544 [0.0137422, 0.130932]",8731,34,0.6914368714025797,0.5721876956619356,0.7991410273780885,0.04595439681020304,0.01374219096167448,0.1309315202185185,0.020013350944364038,0.017687255011898842,0.022370039537218753,0.07860262008733625,-0.020272591913870118,0.5,0.5,0.5,0.2647058823529412,0.9786133149361849,0.046153846153846156,0.9970712277413308,9,186,8511,25,ESTIMATED,ESTIMATED,ESTIMATED,c1f7fe77a50609caa41b80a32da4697589a3f186693d6b1d5aa950051d99332c,"Descriptive arm estimate. CI is an individual-arm CI, not a paired-difference CI; no significance claim for a delta. Raw layer; operating point is the recorded P104 comparator rule, not a final clinical threshold.",D:\Codex_分拆Prompt嚴格無到院\outputs\v2\specialty_opname_v1\p1_04_extension_20260905\runs\surgery__S5__01_standardization,d7957b8084d93b1fe1d0cc8a9aa6936d7c34c2a9e11268826e56a4989a5c3491,D:\Codex_分拆Prompt嚴格無到院\outputs\v2\specialty_opname_v1\p1_04_extension_20260905\local_dispatch_full\validations\surgery__S5__01_standardization\d7957b8084d93b1f_3c510f4d0008.report.json,771c9fd22675a29d2056c29e274288f70a248f1856be0248ffc8d5cd59310146
surgery__S5__01_standardization,surgery,S5,ablation,01_standardization,01_standardization / logistic_scaled,logistic_scaled,validation_2024,RAW_RECORDED_PREDICTIONS,raw,VALIDATED_COMPUTED,Full locked input feature order,d5d5e2d8a0734a0ce9af97a6606994868307c154f09eee30ee788ada6108d568,764,"0.57863 [0.373662, 0.787195]","0.0316518 [0.00929878, 0.124882]",2712,14,0.578629672773483,0.3736623105300195,0.7871945769142502,0.03165180471106571,0.009298776626294887,0.12488199316363977,0.02543305439260459,0.02069615884574288,0.030066752589291246,0.06896551724137931,-0.024705014749262538,0.5,0.5,0.5,0.21428571428571427,0.9740548554484804,0.0410958904109589,0.9958317544524441,3,70,2628,11,ESTIMATED,ESTIMATED,ESTIMATED,be07b87357bdb773e3590c73f9f5c84fb227461166dc737778f0e0fe0e2d13ce,"Descriptive arm estimate. CI is an individual-arm CI, not a paired-difference CI; no significance claim for a delta. Raw layer; operating point is the recorded P104 comparator rule, not a final clinical threshold.",D:\Codex_分拆Prompt嚴格無到院\outputs\v2\specialty_opname_v1\p1_04_extension_20260905\runs\surgery__S5__01_standardization,d7957b8084d93b1fe1d0cc8a9aa6936d7c34c2a9e11268826e56a4989a5c3491,D:\Codex_分拆Prompt嚴格無到院\outputs\v2\specialty_opname_v1\p1_04_extension_20260905\local_dispatch_full\validations\surgery__S5__01_standardization\d7957b8084d93b1f_3c510f4d0008.report.json,771c9fd22675a29d2056c29e274288f70a248f1856be0248ffc8d5cd59310146
surgery__S5__01_standardization,surgery,S5,ablation,01_standardization,01_standardization / logistic_unscaled,logistic_unscaled,oof_2020_2023,RAW_RECORDED_PREDICTIONS,raw,VALIDATED_COMPUTED,Full locked input feature order,d5d5e2d8a0734a0ce9af97a6606994868307c154f09eee30ee788ada6108d568,764,"0.767658 [0.67361, 0.856112]","0.0457735 [0.0172813, 0.142096]",8731,34,0.7676582188584299,0.6736099863602792,0.8561117008548272,0.04577346572813242,0.017281294171582993,0.14209624504104917,0.018619059025779414,0.016243412651680635,0.020957922359804183,0.08571428571428572,-0.018096437979612873,0.5,0.5,0.5,0.2647058823529412,0.9807979763136714,0.05113636363636364,0.9970777323202805,9,167,8530,25,ESTIMATED,ESTIMATED,ESTIMATED,c1f7fe77a50609caa41b80a32da4697589a3f186693d6b1d5aa950051d99332c,"Descriptive arm estimate. CI is an individual-arm CI, not a paired-difference CI; no significance claim for a delta. Raw layer; operating point is the recorded P104 comparator rule, not a final clinical threshold.",D:\Codex_分拆Prompt嚴格無到院\outputs\v2\specialty_opname_v1\p1_04_extension_20260905\runs\surgery__S5__01_standardization,d7957b8084d93b1fe1d0cc8a9aa6936d7c34c2a9e11268826e56a4989a5c3491,D:\Codex_分拆Prompt嚴格無到院\outputs\v2\specialty_opname_v1\p1_04_extension_20260905\local_dispatch_full\validations\surgery__S5__01_standardization\d7957b8084d93b1f_3c510f4d0008.report.json,771c9fd22675a29d2056c29e274288f70a248f1856be0248ffc8d5cd59310146
surgery__S5__01_standardization,surgery,S5,ablation,01_standardization,01_standardization / logistic_unscaled,logistic_unscaled,validation_2024,RAW_RECORDED_PREDICTIONS,raw,VALIDATED_COMPUTED,Full locked input feature order,d5d5e2d8a0734a0ce9af97a6606994868307c154f09eee30ee788ada6108d568,764,"0.562613 [0.366746, 0.753108]","0.0148133 [0.00623869, 0.0582115]",2712,14,0.5626125172085142,0.3667462907213882,0.7531083428394639,0.014813277728430147,0.006238693658039023,0.05821151650355838,0.025953279957769915,0.02160062988330719,0.031023251911397782,0.047058823529411764,-0.024705014749262538,0.5,0.5,0.5,0.14285714285714285,0.9744255003706449,0.028169014084507043,0.9954562665656949,2,69,2629,12,ESTIMATED,ESTIMATED,ESTIMATED,be07b87357bdb773e3590c73f9f5c84fb227461166dc737778f0e0fe0e2d13ce,"Descriptive arm estimate. CI is an individual-arm CI, not a paired-difference CI; no significance claim for a delta. Raw layer; operating point is the recorded P104 comparator rule, not a final clinical threshold.",D:\Codex_分拆Prompt嚴格無到院\outputs\v2\specialty_opname_v1\p1_04_extension_20260905\runs\surgery__S5__01_standardization,d7957b8084d93b1fe1d0cc8a9aa6936d7c34c2a9e11268826e56a4989a5c3491,D:\Codex_分拆Prompt嚴格無到院\outputs\v2\specialty_opname_v1\p1_04_extension_20260905\local_dispatch_full\validations\surgery__S5__01_standardization\d7957b8084d93b1f_3c510f4d0008.report.json,771c9fd22675a29d2056c29e274288f70a248f1856be0248ffc8d5cd59310146
surgery__S5__02_time_variables,surgery,S5,ablation,02_time_variables,02_time_variables / locked_full,locked_full,oof_2020_2023,RAW_RECORDED_PREDICTIONS,raw,VALIDATED_COMPUTED,Full locked input feature order,d5d5e2d8a0734a0ce9af97a6606994868307c154f09eee30ee788ada6108d568,764,"0.845883 [0.775471, 0.906076]","0.102883 [0.0454361, 0.229426]",8731,34,0.8458832998532286,0.7754707592335335,0.9060755927881,0.10288326340760923,0.04543610597393868,0.2294256312171317,0.0038111472728140808,0.0035134050267274894,0.004122352396865078,0.0,-0.0003436032527774596,0.5,0.5,0.5,0.0,0.9996550534667127,0.0,0.9961044912923923,0,3,8694,34,ESTIMATED,ESTIMATED,ESTIMATED,c1f7fe77a50609caa41b80a32da4697589a3f186693d6b1d5aa950051d99332c,"Descriptive arm estimate. CI is an individual-arm CI, not a paired-difference CI; no significance claim for a delta. Raw layer; operating point is the recorded P104 comparator rule, not a final clinical threshold. Primary amended time contrast uses the exact corrected plan; old20 results are secondary evidence only.",D:\Codex_分拆Prompt嚴格無到院\outputs\v2\specialty_opname_v1\time_interval_complete_successor_20260905\runs\surgery__S5__02_time_variables,c3a4fef84c4d55ae39a063c8016fa28e6d5a199c32dd5d621932ba6ea3e3ad6e,D:\Codex_分拆Prompt嚴格無到院\outputs\v2\specialty_opname_v1\time_interval_complete_successor_20260905\runs\surgery__S5__02_time_variables\validation_report.json,5248c386f9ccf04f2e5ef92d365bd9539b53c5e0ac731b8604d895a6f1165cdf
surgery__S5__02_time_variables,surgery,S5,ablation,02_time_variables,02_time_variables / locked_full,locked_full,validation_2024,RAW_RECORDED_PREDICTIONS,raw,VALIDATED_COMPUTED,Full locked input feature order,d5d5e2d8a0734a0ce9af97a6606994868307c154f09eee30ee788ada6108d568,764,"0.859287 [0.794972, 0.918916]","0.0475746 [0.0183505, 0.158259]",2712,14,0.8592873027639522,0.7949722222222223,0.9189157190671633,0.04757459168726714,0.018350547701836376,0.15825897327465632,0.005412288612441037,0.004908323978717628,0.005918787062198283,0.0,-0.0003687315634218289,0.5,0.5,0.5,0.0,0.9996293550778355,0.0,0.9948358539284397,0,1,2697,14,ESTIMATED,ESTIMATED,ESTIMATED,be07b87357bdb773e3590c73f9f5c84fb227461166dc737778f0e0fe0e2d13ce,"Descriptive arm estimate. CI is an individual-arm CI, not a paired-difference CI; no significance claim for a delta. Raw layer; operating point is the recorded P104 comparator rule, not a final clinical threshold. Primary amended time contrast uses the exact corrected plan; old20 results are secondary evidence only.",D:\Codex_分拆Prompt嚴格無到院\outputs\v2\specialty_opname_v1\time_interval_complete_successor_20260905\runs\surgery__S5__02_time_variables,c3a4fef84c4d55ae39a063c8016fa28e6d5a199c32dd5d621932ba6ea3e3ad6e,D:\Codex_分拆Prompt嚴格無到院\outputs\v2\specialty_opname_v1\time_interval_complete_successor_20260905\runs\surgery__S5__02_time_variables\validation_report.json,5248c386f9ccf04f2e5ef92d365bd9539b53c5e0ac731b8604d895a6f1165cdf
surgery__S5__02_time_variables,surgery,S5,ablation,02_time_variables,02_time_variables / without_time_intervals_complete,without_time_intervals_complete,oof_2020_2023,RAW_RECORDED_PREDICTIONS,raw,VALIDATED_COMPUTED,Exact corrected time-plan inputs; original time group and six transport-interval aliases excluded,4134699b4820dc78a3efecb755bbe61150f1bbeb88a8b157c8816e5bec8558f4,738,"0.857902 [0.791884, 0.915034]","0.112973 [0.048516, 0.251742]",8731,34,0.857902319258162,0.7918839983627153,0.9150338343277011,0.11297287501260686,0.048516015202591904,0.2517420875766087,0.003726238587054252,0.003429195679060969,0.004023553632289499,0.0,-0.0002290688351849731,0.5,0.5,0.5,0.0,0.9997700356444751,0.0,0.9961049375644404,0,2,8695,34,ESTIMATED,ESTIMATED,ESTIMATED,c1f7fe77a50609caa41b80a32da4697589a3f186693d6b1d5aa950051d99332c,"Descriptive arm estimate. CI is an individual-arm CI, not a paired-difference CI; no significance claim for a delta. Raw layer; operating point is the recorded P104 comparator rule, not a final clinical threshold. Primary amended time contrast uses the exact corrected plan; old20 results are secondary evidence only.",D:\Codex_分拆Prompt嚴格無到院\outputs\v2\specialty_opname_v1\time_interval_complete_successor_20260905\runs\surgery__S5__02_time_variables,c3a4fef84c4d55ae39a063c8016fa28e6d5a199c32dd5d621932ba6ea3e3ad6e,D:\Codex_分拆Prompt嚴格無到院\outputs\v2\specialty_opname_v1\time_interval_complete_successor_20260905\runs\surgery__S5__02_time_variables\validation_report.json,5248c386f9ccf04f2e5ef92d365bd9539b53c5e0ac731b8604d895a6f1165cdf
surgery__S5__02_time_variables,surgery,S5,ablation,02_time_variables,02_time_variables / without_time_intervals_complete,without_time_intervals_complete,validation_2024,RAW_RECORDED_PREDICTIONS,raw,VALIDATED_COMPUTED,Exact corrected time-plan inputs; original time group and six transport-interval aliases excluded,4134699b4820dc78a3efecb755bbe61150f1bbeb88a8b157c8816e5bec8558f4,738,"0.843429 [0.773318, 0.912791]","0.0464371 [0.0173236, 0.154414]",2712,14,0.8434289950227682,0.773318467860724,0.9127912395911449,0.04643706861209532,0.017323589452542854,0.15441438571582775,0.005395691776609056,0.00487418807258912,0.0058958318285270575,0.0,-0.0007374631268436578,0.5,0.5,0.5,0.0,0.9992587101556709,0.0,0.9948339483394834,0,2,2696,14,ESTIMATED,ESTIMATED,ESTIMATED,be07b87357bdb773e3590c73f9f5c84fb227461166dc737778f0e0fe0e2d13ce,"Descriptive arm estimate. CI is an individual-arm CI, not a paired-difference CI; no significance claim for a delta. Raw layer; operating point is the recorded P104 comparator rule, not a final clinical threshold. Primary amended time contrast uses the exact corrected plan; old20 results are secondary evidence only.",D:\Codex_分拆Prompt嚴格無到院\outputs\v2\specialty_opname_v1\time_interval_complete_successor_20260905\runs\surgery__S5__02_time_variables,c3a4fef84c4d55ae39a063c8016fa28e6d5a199c32dd5d621932ba6ea3e3ad6e,D:\Codex_分拆Prompt嚴格無到院\outputs\v2\specialty_opname_v1\time_interval_complete_successor_20260905\runs\surgery__S5__02_time_variables\validation_report.json,5248c386f9ccf04f2e5ef92d365bd9539b53c5e0ac731b8604d895a6f1165cdf
surgery__S5__03_emt_treatment,surgery,S5,ablation,03_emt_treatment,03_emt_treatment / locked_full,locked_full,oof_2020_2023,RAW_RECORDED_PREDICTIONS,raw,VALIDATED_COMPUTED,Full locked input feature order,d5d5e2d8a0734a0ce9af97a6606994868307c154f09eee30ee788ada6108d568,764,"0.845883 [0.775471, 0.906076]","0.102883 [0.0454361, 0.229426]",8731,34,0.8458832998532286,0.7754707592335335,0.9060755927881,0.10288326340760923,0.04543610597393868,0.2294256312171317,0.0038111472728140808,0.0035134050267274894,0.004122352396865078,0.0,-0.0003436032527774596,0.5,0.5,0.5,0.0,0.9996550534667127,0.0,0.9961044912923923,0,3,8694,34,ESTIMATED,ESTIMATED,ESTIMATED,c1f7fe77a50609caa41b80a32da4697589a3f186693d6b1d5aa950051d99332c,"Descriptive arm estimate. CI is an individual-arm CI, not a paired-difference CI; no significance claim for a delta. Raw layer; operating point is the recorded P104 comparator rule, not a final clinical threshold.",D:\Codex_分拆Prompt嚴格無到院\outputs\v2\specialty_opname_v1\p1_04_extension_20260905\runs\surgery__S5__03_emt_treatment,55d054240d1c9af3ddd1a58ea3d5e813c1fc9bd81f45e35274fb044c2da4ffde,D:\Codex_分拆Prompt嚴格無到院\outputs\v2\specialty_opname_v1\p1_04_extension_20260905\local_dispatch_full\validations\surgery__S5__03_emt_treatment\55d054240d1c9af3_3c510f4d0008.report.json,7dc51fd1b5df37e6e36c2270e1052b69e4d1b6ca0a4a630bb31206ea03704359
surgery__S5__03_emt_treatment,surgery,S5,ablation,03_emt_treatment,03_emt_treatment / locked_full,locked_full,validation_2024,RAW_RECORDED_PREDICTIONS,raw,VALIDATED_COMPUTED,Full locked input feature order,d5d5e2d8a0734a0ce9af97a6606994868307c154f09eee30ee788ada6108d568,764,"0.859287 [0.794972, 0.918916]","0.0475746 [0.0183505, 0.158259]",2712,14,0.8592873027639522,0.7949722222222223,0.9189157190671633,0.04757459168726714,0.018350547701836376,0.15825897327465632,0.005412288612441037,0.004908323978717628,0.005918787062198283,0.0,-0.0003687315634218289,0.5,0.5,0.5,0.0,0.9996293550778355,0.0,0.9948358539284397,0,1,2697,14,ESTIMATED,ESTIMATED,ESTIMATED,be07b87357bdb773e3590c73f9f5c84fb227461166dc737778f0e0fe0e2d13ce,"Descriptive arm estimate. CI is an individual-arm CI, not a paired-difference CI; no significance claim for a delta. Raw layer; operating point is the recorded P104 comparator rule, not a final clinical threshold.",D:\Codex_分拆Prompt嚴格無到院\outputs\v2\specialty_opname_v1\p1_04_extension_20260905\runs\surgery__S5__03_emt_treatment,55d054240d1c9af3ddd1a58ea3d5e813c1fc9bd81f45e35274fb044c2da4ffde,D:\Codex_分拆Prompt嚴格無到院\outputs\v2\specialty_opname_v1\p1_04_extension_20260905\local_dispatch_full\validations\surgery__S5__03_emt_treatment\55d054240d1c9af3_3c510f4d0008.report.json,7dc51fd1b5df37e6e36c2270e1052b69e4d1b6ca0a4a630bb31206ea03704359
surgery__S5__03_emt_treatment,surgery,S5,ablation,03_emt_treatment,03_emt_treatment / without_emt_treatment,without_emt_treatment,oof_2020_2023,RAW_RECORDED_PREDICTIONS,raw,VALIDATED_COMPUTED,Full inputs excluding source-defined emt_treatment,8729234a9522c03841d126bd593d462cbbdfe532c85f62a35343b36e9241d6fd,672,"0.841859 [0.774484, 0.907772]","0.108352 [0.0450533, 0.2369]",8731,34,0.8418589236315429,0.7744836884268487,0.9077720002227988,0.10835161202157673,0.04505330440138456,0.2368999909573492,0.0037885701943466,0.003503140611193165,0.004104573820115689,0.0,-0.0003436032527774596,0.5,0.5,0.5,0.0,0.9996550534667127,0.0,0.9961044912923923,0,3,8694,34,ESTIMATED,ESTIMATED,ESTIMATED,c1f7fe77a50609caa41b80a32da4697589a3f186693d6b1d5aa950051d99332c,"Descriptive arm estimate. CI is an individual-arm CI, not a paired-difference CI; no significance claim for a delta. Raw layer; operating point is the recorded P104 comparator rule, not a final clinical threshold.",D:\Codex_分拆Prompt嚴格無到院\outputs\v2\specialty_opname_v1\p1_04_extension_20260905\runs\surgery__S5__03_emt_treatment,55d054240d1c9af3ddd1a58ea3d5e813c1fc9bd81f45e35274fb044c2da4ffde,D:\Codex_分拆Prompt嚴格無到院\outputs\v2\specialty_opname_v1\p1_04_extension_20260905\local_dispatch_full\validations\surgery__S5__03_emt_treatment\55d054240d1c9af3_3c510f4d0008.report.json,7dc51fd1b5df37e6e36c2270e1052b69e4d1b6ca0a4a630bb31206ea03704359
surgery__S5__03_emt_treatment,surgery,S5,ablation,03_emt_treatment,03_emt_treatment / without_emt_treatment,without_emt_treatment,validation_2024,RAW_RECORDED_PREDICTIONS,raw,VALIDATED_COMPUTED,Full inputs excluding source-defined emt_treatment,8729234a9522c03841d126bd593d462cbbdfe532c85f62a35343b36e9241d6fd,672,"0.833633 [0.762639, 0.904419]","0.0430277 [0.0159276, 0.148661]",2712,14,0.8336333792227048,0.762638763870182,0.9044187946011396,0.04302774223518253,0.015927605584521037,0.14866074972233226,0.005468163868484781,0.004931634493967536,0.005983860623513675,0.0,-0.0003687315634218289,0.5,0.5,0.5,0.0,0.9996293550778355,0.0,0.9948358539284397,0,1,2697,14,ESTIMATED,ESTIMATED,ESTIMATED,be07b87357bdb773e3590c73f9f5c84fb227461166dc737778f0e0fe0e2d13ce,"Descriptive arm estimate. CI is an individual-arm CI, not a paired-difference CI; no significance claim for a delta. Raw layer; operating point is the recorded P104 comparator rule, not a final clinical threshold.",D:\Codex_分拆Prompt嚴格無到院\outputs\v2\specialty_opname_v1\p1_04_extension_20260905\runs\surgery__S5__03_emt_treatment,55d054240d1c9af3ddd1a58ea3d5e813c1fc9bd81f45e35274fb044c2da4ffde,D:\Codex_分拆Prompt嚴格無到院\outputs\v2\specialty_opname_v1\p1_04_extension_20260905\local_dispatch_full\validations\surgery__S5__03_emt_treatment\55d054240d1c9af3_3c510f4d0008.report.json,7dc51fd1b5df37e6e36c2270e1052b69e4d1b6ca0a4a630bb31206ea03704359
surgery__S5__04_gcs_consciousness,surgery,S5,ablation,04_gcs_consciousness,04_gcs_consciousness / locked_full,locked_full,oof_2020_2023,RAW_RECORDED_PREDICTIONS,raw,VALIDATED_COMPUTED,Full locked input feature order,d5d5e2d8a0734a0ce9af97a6606994868307c154f09eee30ee788ada6108d568,764,"0.845883 [0.775471, 0.906076]","0.102883 [0.0454361, 0.229426]",8731,34,0.8458832998532286,0.7754707592335335,0.9060755927881,0.10288326340760923,0.04543610597393868,0.2294256312171317,0.0038111472728140808,0.0035134050267274894,0.004122352396865078,0.0,-0.0003436032527774596,0.5,0.5,0.5,0.0,0.9996550534667127,0.0,0.9961044912923923,0,3,8694,34,ESTIMATED,ESTIMATED,ESTIMATED,c1f7fe77a50609caa41b80a32da4697589a3f186693d6b1d5aa950051d99332c,"Descriptive arm estimate. CI is an individual-arm CI, not a paired-difference CI; no significance claim for a delta. Raw layer; operating point is the recorded P104 comparator rule, not a final clinical threshold.",D:\Codex_分拆Prompt嚴格無到院\outputs\v2\specialty_opname_v1\p1_04_extension_20260905\runs\surgery__S5__04_gcs_consciousness,ba1b6df2c1d3cb7ea719a188c99afd769cbcbd14aba00d59809e482fe68aebae,D:\Codex_分拆Prompt嚴格無到院\outputs\v2\specialty_opname_v1\p1_04_extension_20260905\local_dispatch_full\validations\surgery__S5__04_gcs_consciousness\ba1b6df2c1d3cb7e_3c510f4d0008.report.json,90b575f9c0f6f66b35f79d57b41cb06432f11b7cfe06e3e00c44688d9d6e12f7
surgery__S5__04_gcs_consciousness,surgery,S5,ablation,04_gcs_consciousness,04_gcs_consciousness / locked_full,locked_full,validation_2024,RAW_RECORDED_PREDICTIONS,raw,VALIDATED_COMPUTED,Full locked input feature order,d5d5e2d8a0734a0ce9af97a6606994868307c154f09eee30ee788ada6108d568,764,"0.859287 [0.794972, 0.918916]","0.0475746 [0.0183505, 0.158259]",2712,14,0.8592873027639522,0.7949722222222223,0.9189157190671633,0.04757459168726714,0.018350547701836376,0.15825897327465632,0.005412288612441037,0.004908323978717628,0.005918787062198283,0.0,-0.0003687315634218289,0.5,0.5,0.5,0.0,0.9996293550778355,0.0,0.9948358539284397,0,1,2697,14,ESTIMATED,ESTIMATED,ESTIMATED,be07b87357bdb773e3590c73f9f5c84fb227461166dc737778f0e0fe0e2d13ce,"Descriptive arm estimate. CI is an individual-arm CI, not a paired-difference CI; no significance claim for a delta. Raw layer; operating point is the recorded P104 comparator rule, not a final clinical threshold.",D:\Codex_分拆Prompt嚴格無到院\outputs\v2\specialty_opname_v1\p1_04_extension_20260905\runs\surgery__S5__04_gcs_consciousness,ba1b6df2c1d3cb7ea719a188c99afd769cbcbd14aba00d59809e482fe68aebae,D:\Codex_分拆Prompt嚴格無到院\outputs\v2\specialty_opname_v1\p1_04_extension_20260905\local_dispatch_full\validations\surgery__S5__04_gcs_consciousness\ba1b6df2c1d3cb7e_3c510f4d0008.report.json,90b575f9c0f6f66b35f79d57b41cb06432f11b7cfe06e3e00c44688d9d6e12f7
surgery__S5__04_gcs_consciousness,surgery,S5,ablation,04_gcs_consciousness,04_gcs_consciousness / without_gcs_consciousness,without_gcs_consciousness,oof_2020_2023,RAW_RECORDED_PREDICTIONS,raw,VALIDATED_COMPUTED,Full inputs excluding source-defined gcs_consciousness,96da2f388f093d3a5dad841e1d389aeeb55c27e3fb7bdbd9924937a80904969d,705,"0.849377 [0.78092, 0.911257]","0.0981523 [0.0448558, 0.208969]",8731,34,0.8493767289599523,0.7809199734277731,0.9112572107240609,0.0981523053501073,0.04485580193858641,0.2089692717754545,0.0037810549935640586,0.0035478261405718432,0.004046948830378171,0.0,-0.0002290688351849731,0.5,0.5,0.5,0.0,0.9997700356444751,0.0,0.9961049375644404,0,2,8695,34,ESTIMATED,ESTIMATED,ESTIMATED,c1f7fe77a50609caa41b80a32da4697589a3f186693d6b1d5aa950051d99332c,"Descriptive arm estimate. CI is an individual-arm CI, not a paired-difference CI; no significance claim for a delta. Raw layer; operating point is the recorded P104 comparator rule, not a final clinical threshold.",D:\Codex_分拆Prompt嚴格無到院\outputs\v2\specialty_opname_v1\p1_04_extension_20260905\runs\surgery__S5__04_gcs_consciousness,ba1b6df2c1d3cb7ea719a188c99afd769cbcbd14aba00d59809e482fe68aebae,D:\Codex_分拆Prompt嚴格無到院\outputs\v2\specialty_opname_v1\p1_04_extension_20260905\local_dispatch_full\validations\surgery__S5__04_gcs_consciousness\ba1b6df2c1d3cb7e_3c510f4d0008.report.json,90b575f9c0f6f66b35f79d57b41cb06432f11b7cfe06e3e00c44688d9d6e12f7
surgery__S5__04_gcs_consciousness,surgery,S5,ablation,04_gcs_consciousness,04_gcs_consciousness / without_gcs_consciousness,without_gcs_consciousness,validation_2024,RAW_RECORDED_PREDICTIONS,raw,VALIDATED_COMPUTED,Full inputs excluding source-defined gcs_consciousness,96da2f388f093d3a5dad841e1d389aeeb55c27e3fb7bdbd9924937a80904969d,705,"0.874934 [0.815363, 0.927944]","0.0439052 [0.0196385, 0.129931]",2712,14,0.8749338134067562,0.8153632646928338,0.9279437886400402,0.04390524194197195,0.019638470130466507,0.12993108396516254,0.00537463468641323,0.004924087298439241,0.005791238198542818,0.0,0.0,0.5,0.5,0.5,0.0,1.0,,0.9948377581120944,0,0,2698,14,ESTIMATED,ESTIMATED,ESTIMATED,be07b87357bdb773e3590c73f9f5c84fb227461166dc737778f0e0fe0e2d13ce,"Descriptive arm estimate. CI is an individual-arm CI, not a paired-difference CI; no significance claim for a delta. Raw layer; operating point is the recorded P104 comparator rule, not a final clinical threshold.",D:\Codex_分拆Prompt嚴格無到院\outputs\v2\specialty_opname_v1\p1_04_extension_20260905\runs\surgery__S5__04_gcs_consciousness,ba1b6df2c1d3cb7ea719a188c99afd769cbcbd14aba00d59809e482fe68aebae,D:\Codex_分拆Prompt嚴格無到院\outputs\v2\specialty_opname_v1\p1_04_extension_20260905\local_dispatch_full\validations\surgery__S5__04_gcs_consciousness\ba1b6df2c1d3cb7e_3c510f4d0008.report.json,90b575f9c0f6f66b35f79d57b41cb06432f11b7cfe06e3e00c44688d9d6e12f7
surgery__S5__05_shock_index_rsig,surgery,S5,ablation,05_shock_index_rsig,05_shock_index_rsig / locked_full,locked_full,oof_2020_2023,RAW_RECORDED_PREDICTIONS,raw,VALIDATED_COMPUTED,Full locked input feature order,d5d5e2d8a0734a0ce9af97a6606994868307c154f09eee30ee788ada6108d568,764,"0.845883 [0.775471, 0.906076]","0.102883 [0.0454361, 0.229426]",8731,34,0.8458832998532286,0.7754707592335335,0.9060755927881,0.10288326340760923,0.04543610597393868,0.2294256312171317,0.0038111472728140808,0.0035134050267274894,0.004122352396865078,0.0,-0.0003436032527774596,0.5,0.5,0.5,0.0,0.9996550534667127,0.0,0.9961044912923923,0,3,8694,34,ESTIMATED,ESTIMATED,ESTIMATED,c1f7fe77a50609caa41b80a32da4697589a3f186693d6b1d5aa950051d99332c,"Descriptive arm estimate. CI is an individual-arm CI, not a paired-difference CI; no significance claim for a delta. Raw layer; operating point is the recorded P104 comparator rule, not a final clinical threshold.",D:\Codex_分拆Prompt嚴格無到院\outputs\v2\specialty_opname_v1\p1_04_extension_20260905\runs\surgery__S5__05_shock_index_rsig,5e2f5c88af472e24ac76491aa058eff09ece822fb5316c0e42e111a63d3fda17,D:\Codex_分拆Prompt嚴格無到院\outputs\v2\specialty_opname_v1\p1_04_extension_20260905\local_dispatch_full\validations\surgery__S5__05_shock_index_rsig\5e2f5c88af472e24_3c510f4d0008.report.json,340b4a3cd2c3aa0340253ce141b8b12b6ea0c5142ff9b649a6f54d6fcb07b29d
surgery__S5__05_shock_index_rsig,surgery,S5,ablation,05_shock_index_rsig,05_shock_index_rsig / locked_full,locked_full,validation_2024,RAW_RECORDED_PREDICTIONS,raw,VALIDATED_COMPUTED,Full locked input feature order,d5d5e2d8a0734a0ce9af97a6606994868307c154f09eee30ee788ada6108d568,764,"0.859287 [0.794972, 0.918916]","0.0475746 [0.0183505, 0.158259]",2712,14,0.8592873027639522,0.7949722222222223,0.9189157190671633,0.04757459168726714,0.018350547701836376,0.15825897327465632,0.005412288612441037,0.004908323978717628,0.005918787062198283,0.0,-0.0003687315634218289,0.5,0.5,0.5,0.0,0.9996293550778355,0.0,0.9948358539284397,0,1,2697,14,ESTIMATED,ESTIMATED,ESTIMATED,be07b87357bdb773e3590c73f9f5c84fb227461166dc737778f0e0fe0e2d13ce,"Descriptive arm estimate. CI is an individual-arm CI, not a paired-difference CI; no significance claim for a delta. Raw layer; operating point is the recorded P104 comparator rule, not a final clinical threshold.",D:\Codex_分拆Prompt嚴格無到院\outputs\v2\specialty_opname_v1\p1_04_extension_20260905\runs\surgery__S5__05_shock_index_rsig,5e2f5c88af472e24ac76491aa058eff09ece822fb5316c0e42e111a63d3fda17,D:\Codex_分拆Prompt嚴格無到院\outputs\v2\specialty_opname_v1\p1_04_extension_20260905\local_dispatch_full\validations\surgery__S5__05_shock_index_rsig\5e2f5c88af472e24_3c510f4d0008.report.json,340b4a3cd2c3aa0340253ce141b8b12b6ea0c5142ff9b649a6f54d6fcb07b29d
surgery__S5__05_shock_index_rsig,surgery,S5,ablation,05_shock_index_rsig,05_shock_index_rsig / without_shock_index_rsig,without_shock_index_rsig,oof_2020_2023,RAW_RECORDED_PREDICTIONS,raw,VALIDATED_COMPUTED,Full inputs excluding source-defined shock_index_rsig,622faa177bc7a5c0a0264d57f4d33dd05051258db8a5647c23291c4a5c87f257,741,"0.885863 [0.828122, 0.933346]","0.100635 [0.0496611, 0.211364]",8731,34,0.885863279426983,0.828122423192126,0.9333462536111559,0.10063504486024234,0.049661099012325086,0.21136435822468802,0.0037653288583682897,0.0035199975058256127,0.004023100823830766,0.0,-0.0002290688351849731,0.5,0.5,0.5,0.0,0.9997700356444751,0.0,0.9961049375644404,0,2,8695,34,ESTIMATED,ESTIMATED,ESTIMATED,c1f7fe77a50609caa41b80a32da4697589a3f186693d6b1d5aa950051d99332c,"Descriptive arm estimate. CI is an individual-arm CI, not a paired-difference CI; no significance claim for a delta. Raw layer; operating point is the recorded P104 comparator rule, not a final clinical threshold.",D:\Codex_分拆Prompt嚴格無到院\outputs\v2\specialty_opname_v1\p1_04_extension_20260905\runs\surgery__S5__05_shock_index_rsig,5e2f5c88af472e24ac76491aa058eff09ece822fb5316c0e42e111a63d3fda17,D:\Codex_分拆Prompt嚴格無到院\outputs\v2\specialty_opname_v1\p1_04_extension_20260905\local_dispatch_full\validations\surgery__S5__05_shock_index_rsig\5e2f5c88af472e24_3c510f4d0008.report.json,340b4a3cd2c3aa0340253ce141b8b12b6ea0c5142ff9b649a6f54d6fcb07b29d
surgery__S5__05_shock_index_rsig,surgery,S5,ablation,05_shock_index_rsig,05_shock_index_rsig / without_shock_index_rsig,without_shock_index_rsig,validation_2024,RAW_RECORDED_PREDICTIONS,raw,VALIDATED_COMPUTED,Full inputs excluding source-defined shock_index_rsig,622faa177bc7a5c0a0264d57f4d33dd05051258db8a5647c23291c4a5c87f257,741,"0.851848 [0.782555, 0.916909]","0.059383 [0.0205332, 0.181005]",2712,14,0.8518479296833634,0.7825545666380339,0.9169089785423064,0.059383043355704906,0.02053318969727964,0.18100494095885628,0.005291945771722967,0.004818454195054875,0.005747319718916004,0.0,-0.0003687315634218289,0.5,0.5,0.5,0.0,0.9996293550778355,0.0,0.9948358539284397,0,1,2697,14,ESTIMATED,ESTIMATED,ESTIMATED,be07b87357bdb773e3590c73f9f5c84fb227461166dc737778f0e0fe0e2d13ce,"Descriptive arm estimate. CI is an individual-arm CI, not a paired-difference CI; no significance claim for a delta. Raw layer; operating point is the recorded P104 comparator rule, not a final clinical threshold.",D:\Codex_分拆Prompt嚴格無到院\outputs\v2\specialty_opname_v1\p1_04_extension_20260905\runs\surgery__S5__05_shock_index_rsig,5e2f5c88af472e24ac76491aa058eff09ece822fb5316c0e42e111a63d3fda17,D:\Codex_分拆Prompt嚴格無到院\outputs\v2\specialty_opname_v1\p1_04_extension_20260905\local_dispatch_full\validations\surgery__S5__05_shock_index_rsig\5e2f5c88af472e24_3c510f4d0008.report.json,340b4a3cd2c3aa0340253ce141b8b12b6ea0c5142ff9b649a6f54d6fcb07b29d
surgery__S5__06_vital_only_vs_full,surgery,S5,ablation,06_vital_only_vs_full,06_vital_only_vs_full / locked_full,locked_full,oof_2020_2023,RAW_RECORDED_PREDICTIONS,raw,VALIDATED_COMPUTED,Full locked input feature order,d5d5e2d8a0734a0ce9af97a6606994868307c154f09eee30ee788ada6108d568,764,"0.845883 [0.775471, 0.906076]","0.102883 [0.0454361, 0.229426]",8731,34,0.8458832998532286,0.7754707592335335,0.9060755927881,0.10288326340760923,0.04543610597393868,0.2294256312171317,0.0038111472728140808,0.0035134050267274894,0.004122352396865078,0.0,-0.0003436032527774596,0.5,0.5,0.5,0.0,0.9996550534667127,0.0,0.9961044912923923,0,3,8694,34,ESTIMATED,ESTIMATED,ESTIMATED,c1f7fe77a50609caa41b80a32da4697589a3f186693d6b1d5aa950051d99332c,"Descriptive arm estimate. CI is an individual-arm CI, not a paired-difference CI; no significance claim for a delta. Raw layer; operating point is the recorded P104 comparator rule, not a final clinical threshold.",D:\Codex_分拆Prompt嚴格無到院\outputs\v2\specialty_opname_v1\p1_04_extension_20260905\runs\surgery__S5__06_vital_only_vs_full,eaaac213ab89bf98edb2793c13c22d1324f3d02bb749fa16331f57158c138805,D:\Codex_分拆Prompt嚴格無到院\outputs\v2\specialty_opname_v1\p1_04_extension_20260905\local_dispatch_full\validations\surgery__S5__06_vital_only_vs_full\eaaac213ab89bf98_3c510f4d0008.report.json,546e78d0ebe84efedcfacdb26aca2aa56d1ab8a38aa9ead1af526cc37e72316d
surgery__S5__06_vital_only_vs_full,surgery,S5,ablation,06_vital_only_vs_full,06_vital_only_vs_full / locked_full,locked_full,validation_2024,RAW_RECORDED_PREDICTIONS,raw,VALIDATED_COMPUTED,Full locked input feature order,d5d5e2d8a0734a0ce9af97a6606994868307c154f09eee30ee788ada6108d568,764,"0.859287 [0.794972, 0.918916]","0.0475746 [0.0183505, 0.158259]",2712,14,0.8592873027639522,0.7949722222222223,0.9189157190671633,0.04757459168726714,0.018350547701836376,0.15825897327465632,0.005412288612441037,0.004908323978717628,0.005918787062198283,0.0,-0.0003687315634218289,0.5,0.5,0.5,0.0,0.9996293550778355,0.0,0.9948358539284397,0,1,2697,14,ESTIMATED,ESTIMATED,ESTIMATED,be07b87357bdb773e3590c73f9f5c84fb227461166dc737778f0e0fe0e2d13ce,"Descriptive arm estimate. CI is an individual-arm CI, not a paired-difference CI; no significance claim for a delta. Raw layer; operating point is the recorded P104 comparator rule, not a final clinical threshold.",D:\Codex_分拆Prompt嚴格無到院\outputs\v2\specialty_opname_v1\p1_04_extension_20260905\runs\surgery__S5__06_vital_only_vs_full,eaaac213ab89bf98edb2793c13c22d1324f3d02bb749fa16331f57158c138805,D:\Codex_分拆Prompt嚴格無到院\outputs\v2\specialty_opname_v1\p1_04_extension_20260905\local_dispatch_full\validations\surgery__S5__06_vital_only_vs_full\eaaac213ab89bf98_3c510f4d0008.report.json,546e78d0ebe84efedcfacdb26aca2aa56d1ab8a38aa9ead1af526cc37e72316d
surgery__S5__06_vital_only_vs_full,surgery,S5,ablation,06_vital_only_vs_full,06_vital_only_vs_full / vital_only,vital_only,oof_2020_2023,RAW_RECORDED_PREDICTIONS,raw,VALIDATED_COMPUTED,Source-defined seven vital inputs,b7159d74cac9585de4a626c67f6e0ab787e218710adc8d4911e7cc0c608ac2c8,7,"0.791475 [0.687847, 0.885054]","0.101182 [0.0301504, 0.219526]",8731,34,0.7914747478846661,0.6878471116000443,0.8850537447994888,0.10118244833804012,0.03015040841960523,0.21952584883345602,0.003720202474632575,0.00346448041384737,0.00394529200448455,0.05555555555555555,0.0,0.5,0.5,0.5,0.029411764705882353,0.9998850178222376,0.5,0.9962194982243098,1,1,8696,33,ESTIMATED,ESTIMATED,ESTIMATED,c1f7fe77a50609caa41b80a32da4697589a3f186693d6b1d5aa950051d99332c,"Descriptive arm estimate. CI is an individual-arm CI, not a paired-difference CI; no significance claim for a delta. Raw layer; operating point is the recorded P104 comparator rule, not a final clinical threshold.",D:\Codex_分拆Prompt嚴格無到院\outputs\v2\specialty_opname_v1\p1_04_extension_20260905\runs\surgery__S5__06_vital_only_vs_full,eaaac213ab89bf98edb2793c13c22d1324f3d02bb749fa16331f57158c138805,D:\Codex_分拆Prompt嚴格無到院\outputs\v2\specialty_opname_v1\p1_04_extension_20260905\local_dispatch_full\validations\surgery__S5__06_vital_only_vs_full\eaaac213ab89bf98_3c510f4d0008.report.json,546e78d0ebe84efedcfacdb26aca2aa56d1ab8a38aa9ead1af526cc37e72316d
surgery__S5__06_vital_only_vs_full,surgery,S5,ablation,06_vital_only_vs_full,06_vital_only_vs_full / vital_only,vital_only,validation_2024,RAW_RECORDED_PREDICTIONS,raw,VALIDATED_COMPUTED,Source-defined seven vital inputs,b7159d74cac9585de4a626c67f6e0ab787e218710adc8d4911e7cc0c608ac2c8,7,"0.42186 [0.228028, 0.633323]","0.0228287 [0.00408892, 0.118223]",2712,14,0.42186010801652013,0.22802810276857247,0.633323226471536,0.022828651824816037,0.004088915211777177,0.11822292972746784,0.005559239974335712,0.005068044447284243,0.006086428590185839,0.0,-0.0007374631268436578,0.5,0.5,0.5,0.0,0.9992587101556709,0.0,0.9948339483394834,0,2,2696,14,ESTIMATED,ESTIMATED,ESTIMATED,be07b87357bdb773e3590c73f9f5c84fb227461166dc737778f0e0fe0e2d13ce,"Descriptive arm estimate. CI is an individual-arm CI, not a paired-difference CI; no significance claim for a delta. Raw layer; operating point is the recorded P104 comparator rule, not a final clinical threshold.",D:\Codex_分拆Prompt嚴格無到院\outputs\v2\specialty_opname_v1\p1_04_extension_20260905\runs\surgery__S5__06_vital_only_vs_full,eaaac213ab89bf98edb2793c13c22d1324f3d02bb749fa16331f57158c138805,D:\Codex_分拆Prompt嚴格無到院\outputs\v2\specialty_opname_v1\p1_04_extension_20260905\local_dispatch_full\validations\surgery__S5__06_vital_only_vs_full\eaaac213ab89bf98_3c510f4d0008.report.json,546e78d0ebe84efedcfacdb26aca2aa56d1ab8a38aa9ead1af526cc37e72316d
surgery__S5__07_logistic_vs_xgboost,surgery,S5,ablation,07_logistic_vs_xgboost,07_logistic_vs_xgboost / logistic_l2,logistic_l2,oof_2020_2023,RAW_RECORDED_PREDICTIONS,raw,VALIDATED_COMPUTED,Full locked input feature order,d5d5e2d8a0734a0ce9af97a6606994868307c154f09eee30ee788ada6108d568,764,"0.691437 [0.580873, 0.804575]","0.0459544 [0.0142227, 0.129552]",8731,34,0.6914368714025797,0.5808733472654448,0.8045752667626005,0.04595439681020304,0.014222714494140521,0.1295521621005778,0.020013350944364038,0.017682390752015838,0.02234407425675915,0.07860262008733625,-0.020272591913870118,0.5,0.5,0.5,0.2647058823529412,0.9786133149361849,0.046153846153846156,0.9970712277413308,9,186,8511,25,ESTIMATED,ESTIMATED,ESTIMATED,c1f7fe77a50609caa41b80a32da4697589a3f186693d6b1d5aa950051d99332c,"Descriptive arm estimate. CI is an individual-arm CI, not a paired-difference CI; no significance claim for a delta. Raw layer; operating point is the recorded P104 comparator rule, not a final clinical threshold.",D:\Codex_分拆Prompt嚴格無到院\outputs\v2\.p104k10\failed_revalidation_20260906T211456Z\f06\repo\outputs\v2\specialty_opname_v1\p1_04_extension_20260905\runs\surgery__S5__07_logistic_vs_xgboost,7c81df69ea9d1c07933df5e2e5ff468979019efd82238a72ad0df5aead2722f0,D:\Codex_分拆Prompt嚴格無到院\outputs\v2\.p104k10\cloud_validation_index_20260906T211456Z\task_surgery__S5__07_logistic_vs_xgboost_validation.json,67d9b5e097c3b374a839ca3ab26f0c5c17a1a5ff632247187787d0366e3f71ca
surgery__S5__07_logistic_vs_xgboost,surgery,S5,ablation,07_logistic_vs_xgboost,07_logistic_vs_xgboost / logistic_l2,logistic_l2,validation_2024,RAW_RECORDED_PREDICTIONS,raw,VALIDATED_COMPUTED,Full locked input feature order,d5d5e2d8a0734a0ce9af97a6606994868307c154f09eee30ee788ada6108d568,764,"0.57863 [0.389252, 0.780084]","0.0316518 [0.00970229, 0.128153]",2712,14,0.578629672773483,0.38925204642806344,0.7800838401455487,0.03165180471106571,0.009702287092278092,0.12815265521807342,0.02543305439260459,0.020626235770964618,0.03046327689368169,0.06896551724137931,-0.024705014749262538,0.5,0.5,0.5,0.21428571428571427,0.9740548554484804,0.0410958904109589,0.9958317544524441,3,70,2628,11,ESTIMATED,ESTIMATED,ESTIMATED,be07b87357bdb773e3590c73f9f5c84fb227461166dc737778f0e0fe0e2d13ce,"Descriptive arm estimate. CI is an individual-arm CI, not a paired-difference CI; no significance claim for a delta. Raw layer; operating point is the recorded P104 comparator rule, not a final clinical threshold.",D:\Codex_分拆Prompt嚴格無到院\outputs\v2\.p104k10\failed_revalidation_20260906T211456Z\f06\repo\outputs\v2\specialty_opname_v1\p1_04_extension_20260905\runs\surgery__S5__07_logistic_vs_xgboost,7c81df69ea9d1c07933df5e2e5ff468979019efd82238a72ad0df5aead2722f0,D:\Codex_分拆Prompt嚴格無到院\outputs\v2\.p104k10\cloud_validation_index_20260906T211456Z\task_surgery__S5__07_logistic_vs_xgboost_validation.json,67d9b5e097c3b374a839ca3ab26f0c5c17a1a5ff632247187787d0366e3f71ca
surgery__S5__07_logistic_vs_xgboost,surgery,S5,ablation,07_logistic_vs_xgboost,07_logistic_vs_xgboost / xgboost,xgboost,oof_2020_2023,RAW_RECORDED_PREDICTIONS,raw,VALIDATED_COMPUTED,Full locked input feature order,d5d5e2d8a0734a0ce9af97a6606994868307c154f09eee30ee788ada6108d568,764,"0.867923 [0.801588, 0.920775]","0.0770389 [0.0361892, 0.183983]",8731,34,0.8679226778672835,0.8015878529043785,0.9207748911741261,0.07703886168157488,0.03618918663992408,0.18398321299341355,0.0037966219492526617,0.0035469978171848984,0.004027421396325227,0.0,-0.0003436032527774596,0.5,0.5,0.5,0.0,0.9996550534667127,0.0,0.9961044912923923,0,3,8694,34,ESTIMATED,ESTIMATED,ESTIMATED,c1f7fe77a50609caa41b80a32da4697589a3f186693d6b1d5aa950051d99332c,"Descriptive arm estimate. CI is an individual-arm CI, not a paired-difference CI; no significance claim for a delta. Raw layer; operating point is the recorded P104 comparator rule, not a final clinical threshold.",D:\Codex_分拆Prompt嚴格無到院\outputs\v2\.p104k10\failed_revalidation_20260906T211456Z\f06\repo\outputs\v2\specialty_opname_v1\p1_04_extension_20260905\runs\surgery__S5__07_logistic_vs_xgboost,7c81df69ea9d1c07933df5e2e5ff468979019efd82238a72ad0df5aead2722f0,D:\Codex_分拆Prompt嚴格無到院\outputs\v2\.p104k10\cloud_validation_index_20260906T211456Z\task_surgery__S5__07_logistic_vs_xgboost_validation.json,67d9b5e097c3b374a839ca3ab26f0c5c17a1a5ff632247187787d0366e3f71ca
surgery__S5__07_logistic_vs_xgboost,surgery,S5,ablation,07_logistic_vs_xgboost,07_logistic_vs_xgboost / xgboost,xgboost,validation_2024,RAW_RECORDED_PREDICTIONS,raw,VALIDATED_COMPUTED,Full locked input feature order,d5d5e2d8a0734a0ce9af97a6606994868307c154f09eee30ee788ada6108d568,764,"0.826459 [0.733586, 0.90765]","0.0586872 [0.0176955, 0.205813]",2712,14,0.8264587525150906,0.7335856943371368,0.9076499545022692,0.05868723881222369,0.01769554376534608,0.20581295551261036,0.0055230161932888,0.004791136128610518,0.006231609298940795,0.0,-0.0007374631268436578,0.5,0.5,0.5,0.0,0.9992587101556709,0.0,0.9948339483394834,0,2,2696,14,ESTIMATED,ESTIMATED,ESTIMATED,be07b87357bdb773e3590c73f9f5c84fb227461166dc737778f0e0fe0e2d13ce,"Descriptive arm estimate. CI is an individual-arm CI, not a paired-difference CI; no significance claim for a delta. Raw layer; operating point is the recorded P104 comparator rule, not a final clinical threshold.",D:\Codex_分拆Prompt嚴格無到院\outputs\v2\.p104k10\failed_revalidation_20260906T211456Z\f06\repo\outputs\v2\specialty_opname_v1\p1_04_extension_20260905\runs\surgery__S5__07_logistic_vs_xgboost,7c81df69ea9d1c07933df5e2e5ff468979019efd82238a72ad0df5aead2722f0,D:\Codex_分拆Prompt嚴格無到院\outputs\v2\.p104k10\cloud_validation_index_20260906T211456Z\task_surgery__S5__07_logistic_vs_xgboost_validation.json,67d9b5e097c3b374a839ca3ab26f0c5c17a1a5ff632247187787d0366e3f71ca
surgery__S5__08_median_vs_knn,surgery,S5,ablation,08_median_vs_knn,08_median_vs_knn / knn,knn,oof_2020_2023,RAW_RECORDED_PREDICTIONS,raw,VALIDATED_COMPUTED,Full locked input feature order,d5d5e2d8a0734a0ce9af97a6606994868307c154f09eee30ee788ada6108d568,764,"0.838734 [0.758578, 0.906002]","0.0900946 [0.0446756, 0.199338]",8731,34,0.8387341138594105,0.7585777741616461,0.906001662417739,0.09009458075881097,0.044675621223834484,0.19933767844509945,0.003815890241379979,0.0035879412748575958,0.004051172748034831,0.0,-0.0002290688351849731,0.5,0.5,0.5,0.0,0.9997700356444751,0.0,0.9961049375644404,0,2,8695,34,ESTIMATED,ESTIMATED,ESTIMATED,c1f7fe77a50609caa41b80a32da4697589a3f186693d6b1d5aa950051d99332c,"Descriptive arm estimate. CI is an individual-arm CI, not a paired-difference CI; no significance claim for a delta. Raw layer; operating point is the recorded P104 comparator rule, not a final clinical threshold.",D:\Codex_分拆Prompt嚴格無到院\outputs\v2\specialty_opname_v1\p1_04_extension_20260905\runs\surgery__S5__08_median_vs_knn,25cde320ff083e79c2d8717b3af1ef22ef042047064dcb9787f538ae1746e575,D:\Codex_分拆Prompt嚴格無到院\outputs\v2\specialty_opname_v1\p1_04_extension_20260905\local_dispatch_full\validations\surgery__S5__08_median_vs_knn\25cde320ff083e79_3c510f4d0008.report.json,18c40f7385701a4633cb937b6bb2c887bf339fbc11b7a2712c7499160cfcf2f7
surgery__S5__08_median_vs_knn,surgery,S5,ablation,08_median_vs_knn,08_median_vs_knn / knn,knn,validation_2024,RAW_RECORDED_PREDICTIONS,raw,VALIDATED_COMPUTED,Full locked input feature order,d5d5e2d8a0734a0ce9af97a6606994868307c154f09eee30ee788ada6108d568,764,"0.876363 [0.797744, 0.94403]","0.0797227 [0.0258181, 0.259947]",2712,14,0.8763634438208197,0.7977435603407088,0.9440299503388131,0.07972274626081474,0.025818119431236367,0.2599466924354569,0.005075005525014973,0.004549711557951179,0.005539501736589084,0.0,0.0,0.5,0.5,0.5,0.0,1.0,,0.9948377581120944,0,0,2698,14,ESTIMATED,ESTIMATED,ESTIMATED,be07b87357bdb773e3590c73f9f5c84fb227461166dc737778f0e0fe0e2d13ce,"Descriptive arm estimate. CI is an individual-arm CI, not a paired-difference CI; no significance claim for a delta. Raw layer; operating point is the recorded P104 comparator rule, not a final clinical threshold.",D:\Codex_分拆Prompt嚴格無到院\outputs\v2\specialty_opname_v1\p1_04_extension_20260905\runs\surgery__S5__08_median_vs_knn,25cde320ff083e79c2d8717b3af1ef22ef042047064dcb9787f538ae1746e575,D:\Codex_分拆Prompt嚴格無到院\outputs\v2\specialty_opname_v1\p1_04_extension_20260905\local_dispatch_full\validations\surgery__S5__08_median_vs_knn\25cde320ff083e79_3c510f4d0008.report.json,18c40f7385701a4633cb937b6bb2c887bf339fbc11b7a2712c7499160cfcf2f7
surgery__S5__08_median_vs_knn,surgery,S5,ablation,08_median_vs_knn,08_median_vs_knn / median,median,oof_2020_2023,RAW_RECORDED_PREDICTIONS,raw,VALIDATED_COMPUTED,Full locked input feature order,d5d5e2d8a0734a0ce9af97a6606994868307c154f09eee30ee788ada6108d568,764,"0.845883 [0.773594, 0.907469]","0.102883 [0.0450443, 0.230765]",8731,34,0.8458832998532286,0.7735938876840338,0.9074691312954156,0.10288326340760923,0.0450442983585721,0.2307645775085372,0.0038111472728140808,0.0034984692628315297,0.004133562370863681,0.0,-0.0003436032527774596,0.5,0.5,0.5,0.0,0.9996550534667127,0.0,0.9961044912923923,0,3,8694,34,ESTIMATED,ESTIMATED,ESTIMATED,c1f7fe77a50609caa41b80a32da4697589a3f186693d6b1d5aa950051d99332c,"Descriptive arm estimate. CI is an individual-arm CI, not a paired-difference CI; no significance claim for a delta. Raw layer; operating point is the recorded P104 comparator rule, not a final clinical threshold.",D:\Codex_分拆Prompt嚴格無到院\outputs\v2\specialty_opname_v1\p1_04_extension_20260905\runs\surgery__S5__08_median_vs_knn,25cde320ff083e79c2d8717b3af1ef22ef042047064dcb9787f538ae1746e575,D:\Codex_分拆Prompt嚴格無到院\outputs\v2\specialty_opname_v1\p1_04_extension_20260905\local_dispatch_full\validations\surgery__S5__08_median_vs_knn\25cde320ff083e79_3c510f4d0008.report.json,18c40f7385701a4633cb937b6bb2c887bf339fbc11b7a2712c7499160cfcf2f7
surgery__S5__08_median_vs_knn,surgery,S5,ablation,08_median_vs_knn,08_median_vs_knn / median,median,validation_2024,RAW_RECORDED_PREDICTIONS,raw,VALIDATED_COMPUTED,Full locked input feature order,d5d5e2d8a0734a0ce9af97a6606994868307c154f09eee30ee788ada6108d568,764,"0.859287 [0.789948, 0.921967]","0.0475746 [0.0169574, 0.163719]",2712,14,0.8592873027639522,0.7899481279037474,0.9219665785925463,0.04757459168726714,0.01695741653977467,0.1637189061667529,0.005412288612441037,0.004887839088798861,0.005911678953148816,0.0,-0.0003687315634218289,0.5,0.5,0.5,0.0,0.9996293550778355,0.0,0.9948358539284397,0,1,2697,14,ESTIMATED,ESTIMATED,ESTIMATED,be07b87357bdb773e3590c73f9f5c84fb227461166dc737778f0e0fe0e2d13ce,"Descriptive arm estimate. CI is an individual-arm CI, not a paired-difference CI; no significance claim for a delta. Raw layer; operating point is the recorded P104 comparator rule, not a final clinical threshold.",D:\Codex_分拆Prompt嚴格無到院\outputs\v2\specialty_opname_v1\p1_04_extension_20260905\runs\surgery__S5__08_median_vs_knn,25cde320ff083e79c2d8717b3af1ef22ef042047064dcb9787f538ae1746e575,D:\Codex_分拆Prompt嚴格無到院\outputs\v2\specialty_opname_v1\p1_04_extension_20260905\local_dispatch_full\validations\surgery__S5__08_median_vs_knn\25cde320ff083e79_3c510f4d0008.report.json,18c40f7385701a4633cb937b6bb2c887bf339fbc11b7a2712c7499160cfcf2f7
surgery__S5__09_class_weight_smotenc_threshold,surgery,S5,ablation,09_class_weight_smotenc_threshold,09_class_weight_smotenc_threshold / class_weight,class_weight,oof_2020_2023,RAW_RECORDED_PREDICTIONS,raw,VALIDATED_COMPUTED,Full locked input feature order,d5d5e2d8a0734a0ce9af97a6606994868307c154f09eee30ee788ada6108d568,764,"0.691437 [0.574003, 0.797975]","0.0459544 [0.0138923, 0.135953]",8731,34,0.6914368714025797,0.574003349629517,0.7979754425607889,0.04595439681020304,0.013892305407497628,0.13595349207954435,0.020013350944364038,0.01770820437010189,0.022447088346345425,0.07860262008733625,-0.020272591913870118,0.5,0.5,0.5,0.2647058823529412,0.9786133149361849,0.046153846153846156,0.9970712277413308,9,186,8511,25,ESTIMATED,ESTIMATED,ESTIMATED,c1f7fe77a50609caa41b80a32da4697589a3f186693d6b1d5aa950051d99332c,"Descriptive arm estimate. CI is an individual-arm CI, not a paired-difference CI; no significance claim for a delta. Raw layer; operating point is the recorded P104 comparator rule, not a final clinical threshold.",D:\Codex_分拆Prompt嚴格無到院\outputs\v2\specialty_opname_v1\p1_04_extension_20260905\runs\surgery__S5__09_class_weight_smotenc_threshold,89925852ece1f03bf521252f22e891ce59863de78d9f8800be0d290193d6ab97,D:\Codex_分拆Prompt嚴格無到院\outputs\v2\specialty_opname_v1\p1_04_extension_20260905\local_dispatch_full\validations\surgery__S5__09_class_weight_smotenc_threshold\89925852ece1f03b_3c510f4d0008.report.json,2c66e5a8dee7619b92fd273862157ac8337c57807d8326abf6de24b91400822c
surgery__S5__09_class_weight_smotenc_threshold,surgery,S5,ablation,09_class_weight_smotenc_threshold,09_class_weight_smotenc_threshold / class_weight,class_weight,validation_2024,RAW_RECORDED_PREDICTIONS,raw,VALIDATED_COMPUTED,Full locked input feature order,d5d5e2d8a0734a0ce9af97a6606994868307c154f09eee30ee788ada6108d568,764,"0.57863 [0.389133, 0.786453]","0.0316518 [0.00965264, 0.13341]",2712,14,0.578629672773483,0.3891332137703595,0.786452646794812,0.03165180471106571,0.009652642910466247,0.13340970880322772,0.02543305439260459,0.02063463316822407,0.03058277710596771,0.06896551724137931,-0.024705014749262538,0.5,0.5,0.5,0.21428571428571427,0.9740548554484804,0.0410958904109589,0.9958317544524441,3,70,2628,11,ESTIMATED,ESTIMATED,ESTIMATED,be07b87357bdb773e3590c73f9f5c84fb227461166dc737778f0e0fe0e2d13ce,"Descriptive arm estimate. CI is an individual-arm CI, not a paired-difference CI; no significance claim for a delta. Raw layer; operating point is the recorded P104 comparator rule, not a final clinical threshold.",D:\Codex_分拆Prompt嚴格無到院\outputs\v2\specialty_opname_v1\p1_04_extension_20260905\runs\surgery__S5__09_class_weight_smotenc_threshold,89925852ece1f03bf521252f22e891ce59863de78d9f8800be0d290193d6ab97,D:\Codex_分拆Prompt嚴格無到院\outputs\v2\specialty_opname_v1\p1_04_extension_20260905\local_dispatch_full\validations\surgery__S5__09_class_weight_smotenc_threshold\89925852ece1f03b_3c510f4d0008.report.json,2c66e5a8dee7619b92fd273862157ac8337c57807d8326abf6de24b91400822c
surgery__S5__09_class_weight_smotenc_threshold,surgery,S5,ablation,09_class_weight_smotenc_threshold,09_class_weight_smotenc_threshold / smotenc,smotenc,oof_2020_2023,RAW_RECORDED_PREDICTIONS,raw,VALIDATED_COMPUTED,Full locked input feature order,d5d5e2d8a0734a0ce9af97a6606994868307c154f09eee30ee788ada6108d568,764,"0.713755 [0.608639, 0.813065]","0.0473672 [0.016334, 0.138103]",8731,34,0.7137552502891464,0.6086394643615121,0.8130645913290264,0.04736718354074137,0.016333963387835233,0.13810298851383493,0.007235638264423201,0.006065368300497994,0.00842395418560687,0.11904761904761904,-0.004581376703699461,0.5,0.5,0.5,0.14705882352941177,0.9948258020006899,0.1,0.9966593710402027,5,45,8652,29,ESTIMATED,ESTIMATED,ESTIMATED,c1f7fe77a50609caa41b80a32da4697589a3f186693d6b1d5aa950051d99332c,"Descriptive arm estimate. CI is an individual-arm CI, not a paired-difference CI; no significance claim for a delta. Raw layer; operating point is the recorded P104 comparator rule, not a final clinical threshold.",D:\Codex_分拆Prompt嚴格無到院\outputs\v2\specialty_opname_v1\p1_04_extension_20260905\runs\surgery__S5__09_class_weight_smotenc_threshold,89925852ece1f03bf521252f22e891ce59863de78d9f8800be0d290193d6ab97,D:\Codex_分拆Prompt嚴格無到院\outputs\v2\specialty_opname_v1\p1_04_extension_20260905\local_dispatch_full\validations\surgery__S5__09_class_weight_smotenc_threshold\89925852ece1f03b_3c510f4d0008.report.json,2c66e5a8dee7619b92fd273862157ac8337c57807d8326abf6de24b91400822c
surgery__S5__09_class_weight_smotenc_threshold,surgery,S5,ablation,09_class_weight_smotenc_threshold,09_class_weight_smotenc_threshold / smotenc,smotenc,validation_2024,RAW_RECORDED_PREDICTIONS,raw,VALIDATED_COMPUTED,Full locked input feature order,d5d5e2d8a0734a0ce9af97a6606994868307c154f09eee30ee788ada6108d568,764,"0.595256 [0.432072, 0.752877]","0.0177634 [0.00582175, 0.0797523]",2712,14,0.5952557449962936,0.43207164228742206,0.7528770261814618,0.017763440115338345,0.005821751036365316,0.07975231030979656,0.009628526855084545,0.007415624284937099,0.011979244436177441,0.07142857142857142,-0.004424778761061947,0.5,0.5,0.5,0.07142857142857142,0.9951816160118606,0.07142857142857142,0.9951816160118606,1,13,2685,13,ESTIMATED,ESTIMATED,ESTIMATED,be07b87357bdb773e3590c73f9f5c84fb227461166dc737778f0e0fe0e2d13ce,"Descriptive arm estimate. CI is an individual-arm CI, not a paired-difference CI; no significance claim for a delta. Raw layer; operating point is the recorded P104 comparator rule, not a final clinical threshold.",D:\Codex_分拆Prompt嚴格無到院\outputs\v2\specialty_opname_v1\p1_04_extension_20260905\runs\surgery__S5__09_class_weight_smotenc_threshold,89925852ece1f03bf521252f22e891ce59863de78d9f8800be0d290193d6ab97,D:\Codex_分拆Prompt嚴格無到院\outputs\v2\specialty_opname_v1\p1_04_extension_20260905\local_dispatch_full\validations\surgery__S5__09_class_weight_smotenc_threshold\89925852ece1f03b_3c510f4d0008.report.json,2c66e5a8dee7619b92fd273862157ac8337c57807d8326abf6de24b91400822c
surgery__S5__09_class_weight_smotenc_threshold,surgery,S5,ablation,09_class_weight_smotenc_threshold,09_class_weight_smotenc_threshold / threshold_shift,threshold_shift,oof_2020_2023,RAW_RECORDED_PREDICTIONS,raw,VALIDATED_COMPUTED,Full locked input feature order,d5d5e2d8a0734a0ce9af97a6606994868307c154f09eee30ee788ada6108d568,764,"0.733106 [0.621702, 0.833099]","0.0789471 [0.0206888, 0.190228]",8731,34,0.7331060744408145,0.6217022805942548,0.8330993534236489,0.07894714757673776,0.020688839325257776,0.19022818447752488,0.0052121655623326175,0.004440303445825537,0.0060352670434398355,0.09259259259259259,-0.0008194506368254653,0.1494095159388629,0.12743677889818886,0.1723521290651862,0.14705882352941177,0.9920662297343912,0.06756756756756757,0.9966501097377845,5,69,8628,29,ESTIMATED,ESTIMATED,ESTIMATED,c1f7fe77a50609caa41b80a32da4697589a3f186693d6b1d5aa950051d99332c,"Descriptive arm estimate. CI is an individual-arm CI, not a paired-difference CI; no significance claim for a delta. Raw layer; operating point is the recorded P104 comparator rule, not a final clinical threshold.",D:\Codex_分拆Prompt嚴格無到院\outputs\v2\specialty_opname_v1\p1_04_extension_20260905\runs\surgery__S5__09_class_weight_smotenc_threshold,89925852ece1f03bf521252f22e891ce59863de78d9f8800be0d290193d6ab97,D:\Codex_分拆Prompt嚴格無到院\outputs\v2\specialty_opname_v1\p1_04_extension_20260905\local_dispatch_full\validations\surgery__S5__09_class_weight_smotenc_threshold\89925852ece1f03b_3c510f4d0008.report.json,2c66e5a8dee7619b92fd273862157ac8337c57807d8326abf6de24b91400822c
surgery__S5__09_class_weight_smotenc_threshold,surgery,S5,ablation,09_class_weight_smotenc_threshold,09_class_weight_smotenc_threshold / threshold_shift,threshold_shift,validation_2024,RAW_RECORDED_PREDICTIONS,raw,VALIDATED_COMPUTED,Full locked input feature order,d5d5e2d8a0734a0ce9af97a6606994868307c154f09eee30ee788ada6108d568,764,"0.675712 [0.490786, 0.833356]","0.0429886 [0.00939805, 0.163805]",2712,14,0.675712167743302,0.4907861430199496,0.833356044895009,0.042988590824038,0.00939805402376211,0.16380531738408086,0.008219184691708847,0.006114946355610343,0.01059083882650044,0.09523809523809523,-0.0011634732538803353,0.16547210054937275,0.16547210054937278,0.16547210054937278,0.14285714285714285,0.9903632320237212,0.07142857142857142,0.9955290611028316,2,26,2672,12,ESTIMATED,ESTIMATED,ESTIMATED,be07b87357bdb773e3590c73f9f5c84fb227461166dc737778f0e0fe0e2d13ce,"Descriptive arm estimate. CI is an individual-arm CI, not a paired-difference CI; no significance claim for a delta. Raw layer; operating point is the recorded P104 comparator rule, not a final clinical threshold.",D:\Codex_分拆Prompt嚴格無到院\outputs\v2\specialty_opname_v1\p1_04_extension_20260905\runs\surgery__S5__09_class_weight_smotenc_threshold,89925852ece1f03bf521252f22e891ce59863de78d9f8800be0d290193d6ab97,D:\Codex_分拆Prompt嚴格無到院\outputs\v2\specialty_opname_v1\p1_04_extension_20260905\local_dispatch_full\validations\surgery__S5__09_class_weight_smotenc_threshold\89925852ece1f03b_3c510f4d0008.report.json,2c66e5a8dee7619b92fd273862157ac8337c57807d8326abf6de24b91400822c
surgery__S5__10_prehospital_vs_ed_early,surgery,S5,ablation,10_prehospital_vs_ed_early,10_prehospital_vs_ed_early / locked_full,locked_full,oof_2020_2023,RAW_RECORDED_PREDICTIONS,raw,VALIDATED_COMPUTED,Full locked input feature order,d5d5e2d8a0734a0ce9af97a6606994868307c154f09eee30ee788ada6108d568,764,"0.845883 [0.775471, 0.906076]","0.102883 [0.0454361, 0.229426]",8731,34,0.8458832998532286,0.7754707592335335,0.9060755927881,0.10288326340760923,0.04543610597393868,0.2294256312171317,0.0038111472728140808,0.0035134050267274894,0.004122352396865078,0.0,-0.0003436032527774596,0.5,0.5,0.5,0.0,0.9996550534667127,0.0,0.9961044912923923,0,3,8694,34,ESTIMATED,ESTIMATED,ESTIMATED,c1f7fe77a50609caa41b80a32da4697589a3f186693d6b1d5aa950051d99332c,"Descriptive arm estimate. CI is an individual-arm CI, not a paired-difference CI; no significance claim for a delta. Raw layer; operating point is the recorded P104 comparator rule, not a final clinical threshold.",D:\Codex_分拆Prompt嚴格無到院\outputs\v2\specialty_opname_v1\p1_04_extension_20260905\runs\surgery__S5__10_prehospital_vs_ed_early,b6713a624da842959c91808eaffb4989614915f32f8d830f9d5eb99275db59f2,D:\Codex_分拆Prompt嚴格無到院\outputs\v2\specialty_opname_v1\p1_04_extension_20260905\local_dispatch_full\validations\surgery__S5__10_prehospital_vs_ed_early\b6713a624da84295_3c510f4d0008.report.json,cdd9496dfdbf65dd735e9c066815ea3f44bfa8aa1d7b3b7e2d1f3d1527270cad
surgery__S5__10_prehospital_vs_ed_early,surgery,S5,ablation,10_prehospital_vs_ed_early,10_prehospital_vs_ed_early / locked_full,locked_full,validation_2024,RAW_RECORDED_PREDICTIONS,raw,VALIDATED_COMPUTED,Full locked input feature order,d5d5e2d8a0734a0ce9af97a6606994868307c154f09eee30ee788ada6108d568,764,"0.859287 [0.794972, 0.918916]","0.0475746 [0.0183505, 0.158259]",2712,14,0.8592873027639522,0.7949722222222223,0.9189157190671633,0.04757459168726714,0.018350547701836376,0.15825897327465632,0.005412288612441037,0.004908323978717628,0.005918787062198283,0.0,-0.0003687315634218289,0.5,0.5,0.5,0.0,0.9996293550778355,0.0,0.9948358539284397,0,1,2697,14,ESTIMATED,ESTIMATED,ESTIMATED,be07b87357bdb773e3590c73f9f5c84fb227461166dc737778f0e0fe0e2d13ce,"Descriptive arm estimate. CI is an individual-arm CI, not a paired-difference CI; no significance claim for a delta. Raw layer; operating point is the recorded P104 comparator rule, not a final clinical threshold.",D:\Codex_分拆Prompt嚴格無到院\outputs\v2\specialty_opname_v1\p1_04_extension_20260905\runs\surgery__S5__10_prehospital_vs_ed_early,b6713a624da842959c91808eaffb4989614915f32f8d830f9d5eb99275db59f2,D:\Codex_分拆Prompt嚴格無到院\outputs\v2\specialty_opname_v1\p1_04_extension_20260905\local_dispatch_full\validations\surgery__S5__10_prehospital_vs_ed_early\b6713a624da84295_3c510f4d0008.report.json,cdd9496dfdbf65dd735e9c066815ea3f44bfa8aa1d7b3b7e2d1f3d1527270cad
surgery__S5__10_prehospital_vs_ed_early,surgery,S5,ablation,10_prehospital_vs_ed_early,10_prehospital_vs_ed_early / plus_ed_early,plus_ed_early,oof_2020_2023,RAW_RECORDED_PREDICTIONS,raw,VALIDATED_COMPUTED,Full prehospital inputs plus separately labelled ED-early comparator inputs,a13b2333d99c92de94917b98c1bf5db5969fce60a635c467dff6a04ee3da0e03,790,"0.831257 [0.752808, 0.902824]","0.0928927 [0.0470972, 0.200482]",8731,34,0.8312568904760939,0.7528079344897888,0.9028240143611304,0.09289271929439233,0.04709717555011407,0.20048170419884118,0.003811410234622714,0.0035920942706021944,0.004040659902234091,0.0,-0.0002290688351849731,0.5,0.5,0.5,0.0,0.9997700356444751,0.0,0.9961049375644404,0,2,8695,34,ESTIMATED,ESTIMATED,ESTIMATED,c1f7fe77a50609caa41b80a32da4697589a3f186693d6b1d5aa950051d99332c,"Descriptive arm estimate. CI is an individual-arm CI, not a paired-difference CI; no significance claim for a delta. Raw layer; operating point is the recorded P104 comparator rule, not a final clinical threshold.",D:\Codex_分拆Prompt嚴格無到院\outputs\v2\specialty_opname_v1\p1_04_extension_20260905\runs\surgery__S5__10_prehospital_vs_ed_early,b6713a624da842959c91808eaffb4989614915f32f8d830f9d5eb99275db59f2,D:\Codex_分拆Prompt嚴格無到院\outputs\v2\specialty_opname_v1\p1_04_extension_20260905\local_dispatch_full\validations\surgery__S5__10_prehospital_vs_ed_early\b6713a624da84295_3c510f4d0008.report.json,cdd9496dfdbf65dd735e9c066815ea3f44bfa8aa1d7b3b7e2d1f3d1527270cad
surgery__S5__10_prehospital_vs_ed_early,surgery,S5,ablation,10_prehospital_vs_ed_early,10_prehospital_vs_ed_early / plus_ed_early,plus_ed_early,validation_2024,RAW_RECORDED_PREDICTIONS,raw,VALIDATED_COMPUTED,Full prehospital inputs plus separately labelled ED-early comparator inputs,a13b2333d99c92de94917b98c1bf5db5969fce60a635c467dff6a04ee3da0e03,790,"0.85108 [0.781145, 0.919352]","0.0397429 [0.0168051, 0.115324]",2712,14,0.8510801652017368,0.7811451149899076,0.9193515984810247,0.03974294216843537,0.016805139223701835,0.11532352507536152,0.00556279281221327,0.005082505716031405,0.0060392341168631365,0.0,-0.0007374631268436578,0.5,0.5,0.5,0.0,0.9992587101556709,0.0,0.9948339483394834,0,2,2696,14,ESTIMATED,ESTIMATED,ESTIMATED,be07b87357bdb773e3590c73f9f5c84fb227461166dc737778f0e0fe0e2d13ce,"Descriptive arm estimate. CI is an individual-arm CI, not a paired-difference CI; no significance claim for a delta. Raw layer; operating point is the recorded P104 comparator rule, not a final clinical threshold.",D:\Codex_分拆Prompt嚴格無到院\outputs\v2\specialty_opname_v1\p1_04_extension_20260905\runs\surgery__S5__10_prehospital_vs_ed_early,b6713a624da842959c91808eaffb4989614915f32f8d830f9d5eb99275db59f2,D:\Codex_分拆Prompt嚴格無到院\outputs\v2\specialty_opname_v1\p1_04_extension_20260905\local_dispatch_full\validations\surgery__S5__10_prehospital_vs_ed_early\b6713a624da84295_3c510f4d0008.report.json,cdd9496dfdbf65dd735e9c066815ea3f44bfa8aa1d7b3b7e2d1f3d1527270cad
surgery__S5__11_collaborator_variables,surgery,S5,ablation,11_collaborator_variables,11_collaborator_variables / locked_full,locked_full,oof_2020_2023,RAW_RECORDED_PREDICTIONS,raw,VALIDATED_COMPUTED,Full locked input feature order,d5d5e2d8a0734a0ce9af97a6606994868307c154f09eee30ee788ada6108d568,764,"0.845883 [0.775471, 0.906076]","0.102883 [0.0454361, 0.229426]",8731,34,0.8458832998532286,0.7754707592335335,0.9060755927881,0.10288326340760923,0.04543610597393868,0.2294256312171317,0.0038111472728140808,0.0035134050267274894,0.004122352396865078,0.0,-0.0003436032527774596,0.5,0.5,0.5,0.0,0.9996550534667127,0.0,0.9961044912923923,0,3,8694,34,ESTIMATED,ESTIMATED,ESTIMATED,c1f7fe77a50609caa41b80a32da4697589a3f186693d6b1d5aa950051d99332c,"Descriptive arm estimate. CI is an individual-arm CI, not a paired-difference CI; no significance claim for a delta. Raw layer; operating point is the recorded P104 comparator rule, not a final clinical threshold.",D:\Codex_分拆Prompt嚴格無到院\outputs\v2\specialty_opname_v1\p1_04_extension_20260905\runs\surgery__S5__11_collaborator_variables,cf93509e97b9b9e0f03c6a64207c791bd8a6bedf3dafcf84ca66158f37ad8256,D:\Codex_分拆Prompt嚴格無到院\outputs\v2\specialty_opname_v1\p1_04_extension_20260905\local_dispatch_full\validations\surgery__S5__11_collaborator_variables\cf93509e97b9b9e0_3c510f4d0008.report.json,f13ee7e68a7507232e59e576e646994de4944b3e0e0faa1d169002aa2905ac63
surgery__S5__11_collaborator_variables,surgery,S5,ablation,11_collaborator_variables,11_collaborator_variables / locked_full,locked_full,validation_2024,RAW_RECORDED_PREDICTIONS,raw,VALIDATED_COMPUTED,Full locked input feature order,d5d5e2d8a0734a0ce9af97a6606994868307c154f09eee30ee788ada6108d568,764,"0.859287 [0.794972, 0.918916]","0.0475746 [0.0183505, 0.158259]",2712,14,0.8592873027639522,0.7949722222222223,0.9189157190671633,0.04757459168726714,0.018350547701836376,0.15825897327465632,0.005412288612441037,0.004908323978717628,0.005918787062198283,0.0,-0.0003687315634218289,0.5,0.5,0.5,0.0,0.9996293550778355,0.0,0.9948358539284397,0,1,2697,14,ESTIMATED,ESTIMATED,ESTIMATED,be07b87357bdb773e3590c73f9f5c84fb227461166dc737778f0e0fe0e2d13ce,"Descriptive arm estimate. CI is an individual-arm CI, not a paired-difference CI; no significance claim for a delta. Raw layer; operating point is the recorded P104 comparator rule, not a final clinical threshold.",D:\Codex_分拆Prompt嚴格無到院\outputs\v2\specialty_opname_v1\p1_04_extension_20260905\runs\surgery__S5__11_collaborator_variables,cf93509e97b9b9e0f03c6a64207c791bd8a6bedf3dafcf84ca66158f37ad8256,D:\Codex_分拆Prompt嚴格無到院\outputs\v2\specialty_opname_v1\p1_04_extension_20260905\local_dispatch_full\validations\surgery__S5__11_collaborator_variables\cf93509e97b9b9e0_3c510f4d0008.report.json,f13ee7e68a7507232e59e576e646994de4944b3e0e0faa1d169002aa2905ac63
surgery__S5__11_collaborator_variables,surgery,S5,ablation,11_collaborator_variables,11_collaborator_variables / without_collaborator_variables_exact,without_collaborator_variables_exact,oof_2020_2023,RAW_RECORDED_PREDICTIONS,raw,VALIDATED_COMPUTED,Full inputs excluding source-defined collaborator_variables_exact,b99f46275695791d2b4760ac050107910386b57ca1ee6453e725319cacf616b2,754,"0.842474 [0.77228, 0.908867]","0.103167 [0.0448482, 0.236942]",8731,34,0.8424744164654479,0.7722802070902748,0.9088667325061919,0.10316692646974691,0.04484819001407741,0.2369416778230318,0.003757451315459096,0.003436467601056175,0.004071393208104137,0.05263157894736842,-0.0002290688351849731,0.5,0.5,0.5,0.029411764705882353,0.9996550534667127,0.25,0.9962186318322448,1,3,8694,33,ESTIMATED,ESTIMATED,ESTIMATED,c1f7fe77a50609caa41b80a32da4697589a3f186693d6b1d5aa950051d99332c,"Descriptive arm estimate. CI is an individual-arm CI, not a paired-difference CI; no significance claim for a delta. Raw layer; operating point is the recorded P104 comparator rule, not a final clinical threshold.",D:\Codex_分拆Prompt嚴格無到院\outputs\v2\specialty_opname_v1\p1_04_extension_20260905\runs\surgery__S5__11_collaborator_variables,cf93509e97b9b9e0f03c6a64207c791bd8a6bedf3dafcf84ca66158f37ad8256,D:\Codex_分拆Prompt嚴格無到院\outputs\v2\specialty_opname_v1\p1_04_extension_20260905\local_dispatch_full\validations\surgery__S5__11_collaborator_variables\cf93509e97b9b9e0_3c510f4d0008.report.json,f13ee7e68a7507232e59e576e646994de4944b3e0e0faa1d169002aa2905ac63
surgery__S5__11_collaborator_variables,surgery,S5,ablation,11_collaborator_variables,11_collaborator_variables / without_collaborator_variables_exact,without_collaborator_variables_exact,validation_2024,RAW_RECORDED_PREDICTIONS,raw,VALIDATED_COMPUTED,Full inputs excluding source-defined collaborator_variables_exact,b99f46275695791d2b4760ac050107910386b57ca1ee6453e725319cacf616b2,754,"0.863073 [0.800265, 0.921667]","0.0427054 [0.0184109, 0.12596]",2712,14,0.8630731758974901,0.8002651279906434,0.9216665100102558,0.0427054198563346,0.018410886785308,0.12596026205073702,0.005431300931520312,0.0049480011538970865,0.0059285996901967015,0.0,-0.0003687315634218289,0.5,0.5,0.5,0.0,0.9996293550778355,0.0,0.9948358539284397,0,1,2697,14,ESTIMATED,ESTIMATED,ESTIMATED,be07b87357bdb773e3590c73f9f5c84fb227461166dc737778f0e0fe0e2d13ce,"Descriptive arm estimate. CI is an individual-arm CI, not a paired-difference CI; no significance claim for a delta. Raw layer; operating point is the recorded P104 comparator rule, not a final clinical threshold.",D:\Codex_分拆Prompt嚴格無到院\outputs\v2\specialty_opname_v1\p1_04_extension_20260905\runs\surgery__S5__11_collaborator_variables,cf93509e97b9b9e0f03c6a64207c791bd8a6bedf3dafcf84ca66158f37ad8256,D:\Codex_分拆Prompt嚴格無到院\outputs\v2\specialty_opname_v1\p1_04_extension_20260905\local_dispatch_full\validations\surgery__S5__11_collaborator_variables\cf93509e97b9b9e0_3c510f4d0008.report.json,f13ee7e68a7507232e59e576e646994de4944b3e0e0faa1d169002aa2905ac63
surgery__S5__12_remove_distance,surgery,S5,ablation,12_remove_distance,12_remove_distance / locked_full,locked_full,oof_2020_2023,RAW_RECORDED_PREDICTIONS,raw,VALIDATED_COMPUTED,Full locked input feature order,d5d5e2d8a0734a0ce9af97a6606994868307c154f09eee30ee788ada6108d568,764,"0.845883 [0.775471, 0.906076]","0.102883 [0.0454361, 0.229426]",8731,34,0.8458832998532286,0.7754707592335335,0.9060755927881,0.10288326340760923,0.04543610597393868,0.2294256312171317,0.0038111472728140808,0.0035134050267274894,0.004122352396865078,0.0,-0.0003436032527774596,0.5,0.5,0.5,0.0,0.9996550534667127,0.0,0.9961044912923923,0,3,8694,34,ESTIMATED,ESTIMATED,ESTIMATED,c1f7fe77a50609caa41b80a32da4697589a3f186693d6b1d5aa950051d99332c,"Descriptive arm estimate. CI is an individual-arm CI, not a paired-difference CI; no significance claim for a delta. Raw layer; operating point is the recorded P104 comparator rule, not a final clinical threshold.",D:\Codex_分拆Prompt嚴格無到院\outputs\v2\specialty_opname_v1\p1_04_extension_20260905\runs\surgery__S5__12_remove_distance,a0a616e652f0e314d49b2e115d19a336271ad42f3691f08d403019de3f029455,D:\Codex_分拆Prompt嚴格無到院\outputs\v2\specialty_opname_v1\p1_04_extension_20260905\local_dispatch_full\validations\surgery__S5__12_remove_distance\a0a616e652f0e314_3c510f4d0008.report.json,cb5ba0624c7c14596ff9d13c3c5cf81302c7c79aeae66da42d7eb47bc1f82840
surgery__S5__12_remove_distance,surgery,S5,ablation,12_remove_distance,12_remove_distance / locked_full,locked_full,validation_2024,RAW_RECORDED_PREDICTIONS,raw,VALIDATED_COMPUTED,Full locked input feature order,d5d5e2d8a0734a0ce9af97a6606994868307c154f09eee30ee788ada6108d568,764,"0.859287 [0.794972, 0.918916]","0.0475746 [0.0183505, 0.158259]",2712,14,0.8592873027639522,0.7949722222222223,0.9189157190671633,0.04757459168726714,0.018350547701836376,0.15825897327465632,0.005412288612441037,0.004908323978717628,0.005918787062198283,0.0,-0.0003687315634218289,0.5,0.5,0.5,0.0,0.9996293550778355,0.0,0.9948358539284397,0,1,2697,14,ESTIMATED,ESTIMATED,ESTIMATED,be07b87357bdb773e3590c73f9f5c84fb227461166dc737778f0e0fe0e2d13ce,"Descriptive arm estimate. CI is an individual-arm CI, not a paired-difference CI; no significance claim for a delta. Raw layer; operating point is the recorded P104 comparator rule, not a final clinical threshold.",D:\Codex_分拆Prompt嚴格無到院\outputs\v2\specialty_opname_v1\p1_04_extension_20260905\runs\surgery__S5__12_remove_distance,a0a616e652f0e314d49b2e115d19a336271ad42f3691f08d403019de3f029455,D:\Codex_分拆Prompt嚴格無到院\outputs\v2\specialty_opname_v1\p1_04_extension_20260905\local_dispatch_full\validations\surgery__S5__12_remove_distance\a0a616e652f0e314_3c510f4d0008.report.json,cb5ba0624c7c14596ff9d13c3c5cf81302c7c79aeae66da42d7eb47bc1f82840
surgery__S5__12_remove_distance,surgery,S5,ablation,12_remove_distance,12_remove_distance / without_distance,without_distance,oof_2020_2023,RAW_RECORDED_PREDICTIONS,raw,VALIDATED_COMPUTED,Full inputs excluding source-defined distance,b536524057bac4c3a9a2df49d51ed66f7aaaf993958d9bf190a45c54ec06df08,752,"0.818284 [0.73359, 0.888655]","0.0896504 [0.0361918, 0.207305]",8731,34,0.8182841953614839,0.7335901734309179,0.8886549165645882,0.08965042382144507,0.03619175585748492,0.20730474212757904,0.0038384717005045537,0.0035875841665761517,0.004117931817227573,0.0,-0.0003436032527774596,0.5,0.5,0.5,0.0,0.9996550534667127,0.0,0.9961044912923923,0,3,8694,34,ESTIMATED,ESTIMATED,ESTIMATED,c1f7fe77a50609caa41b80a32da4697589a3f186693d6b1d5aa950051d99332c,"Descriptive arm estimate. CI is an individual-arm CI, not a paired-difference CI; no significance claim for a delta. Raw layer; operating point is the recorded P104 comparator rule, not a final clinical threshold.",D:\Codex_分拆Prompt嚴格無到院\outputs\v2\specialty_opname_v1\p1_04_extension_20260905\runs\surgery__S5__12_remove_distance,a0a616e652f0e314d49b2e115d19a336271ad42f3691f08d403019de3f029455,D:\Codex_分拆Prompt嚴格無到院\outputs\v2\specialty_opname_v1\p1_04_extension_20260905\local_dispatch_full\validations\surgery__S5__12_remove_distance\a0a616e652f0e314_3c510f4d0008.report.json,cb5ba0624c7c14596ff9d13c3c5cf81302c7c79aeae66da42d7eb47bc1f82840
surgery__S5__12_remove_distance,surgery,S5,ablation,12_remove_distance,12_remove_distance / without_distance,without_distance,validation_2024,RAW_RECORDED_PREDICTIONS,raw,VALIDATED_COMPUTED,Full inputs excluding source-defined distance,b536524057bac4c3a9a2df49d51ed66f7aaaf993958d9bf190a45c54ec06df08,752,"0.83681 [0.743769, 0.918843]","0.0397927 [0.0165133, 0.126805]",2712,14,0.836810335698401,0.743768559762435,0.9188429521802522,0.039792665347053585,0.016513276613757826,0.1268053402944484,0.005351815479774098,0.0049551762512260395,0.005707408315234324,0.0,0.0,0.5,0.5,0.5,0.0,1.0,,0.9948377581120944,0,0,2698,14,ESTIMATED,ESTIMATED,ESTIMATED,be07b87357bdb773e3590c73f9f5c84fb227461166dc737778f0e0fe0e2d13ce,"Descriptive arm estimate. CI is an individual-arm CI, not a paired-difference CI; no significance claim for a delta. Raw layer; operating point is the recorded P104 comparator rule, not a final clinical threshold.",D:\Codex_分拆Prompt嚴格無到院\outputs\v2\specialty_opname_v1\p1_04_extension_20260905\runs\surgery__S5__12_remove_distance,a0a616e652f0e314d49b2e115d19a336271ad42f3691f08d403019de3f029455,D:\Codex_分拆Prompt嚴格無到院\outputs\v2\specialty_opname_v1\p1_04_extension_20260905\local_dispatch_full\validations\surgery__S5__12_remove_distance\a0a616e652f0e314_3c510f4d0008.report.json,cb5ba0624c7c14596ff9d13c3c5cf81302c7c79aeae66da42d7eb47bc1f82840
surgery__S6__01_standardization,surgery,S6,ablation,01_standardization,01_standardization / logistic_scaled,logistic_scaled,oof_2020_2023,RAW_RECORDED_PREDICTIONS,raw,VALIDATED_COMPUTED,Full locked input feature order,d5d5e2d8a0734a0ce9af97a6606994868307c154f09eee30ee788ada6108d568,764,"0.59493 [0.52797, 0.659555]","0.0275032 [0.0193722, 0.0446885]",8731,103,0.5949302564241058,0.5279695300569297,0.6595553325121213,0.027503244747138583,0.01937224074240031,0.04468851832933619,0.07378091195315446,0.0693554579315195,0.07829799328131055,0.06511627906976744,-0.08028862673233307,0.5,0.5,0.5,0.27184466019417475,0.9155076495132128,0.036988110964332896,0.990594431903687,28,729,7899,75,ESTIMATED,ESTIMATED,ESTIMATED,c0ab089b4f6f786d7eb07f8a635988081a1cf2a6aa92a4e4bc8b4b54a5718c52,"Descriptive arm estimate. CI is an individual-arm CI, not a paired-difference CI; no significance claim for a delta. Raw layer; operating point is the recorded P104 comparator rule, not a final clinical threshold.",D:\Codex_分拆Prompt嚴格無到院\outputs\v2\specialty_opname_v1\p1_04_extension_20260905\runs\surgery__S6__01_standardization,178f5cdd856bae7fb88595e215c97ac1aa15fc2428121e1685cacfe7d135b9b9,D:\Codex_分拆Prompt嚴格無到院\outputs\v2\specialty_opname_v1\p1_04_extension_20260905\local_dispatch_full\validations\surgery__S6__01_standardization\178f5cdd856bae7f_3c510f4d0008.report.json,81ceb5c97cef30b1642165f2fdf887056b6b0561be8219d5c8a73b6e2d0c42cb
surgery__S6__01_standardization,surgery,S6,ablation,01_standardization,01_standardization / logistic_scaled,logistic_scaled,validation_2024,RAW_RECORDED_PREDICTIONS,raw,VALIDATED_COMPUTED,Full locked input feature order,d5d5e2d8a0734a0ce9af97a6606994868307c154f09eee30ee788ada6108d568,764,"0.648872 [0.538221, 0.752712]","0.0694382 [0.0373732, 0.141362]",2712,42,0.6488719457820582,0.5382206575671548,0.7527122274627185,0.06943823702600975,0.037373163680652535,0.14136163679735217,0.07594316701820067,0.06846203797147711,0.08370292900641056,0.11447811447811448,-0.08148967551622419,0.5,0.5,0.5,0.40476190476190477,0.9108614232209737,0.06666666666666667,0.9898249898249898,17,238,2432,25,ESTIMATED,ESTIMATED,ESTIMATED,97bb052487e3f5d08d7e10a8c652c5de376262b9b9f6dc11dab49edfb58227ab,"Descriptive arm estimate. CI is an individual-arm CI, not a paired-difference CI; no significance claim for a delta. Raw layer; operating point is the recorded P104 comparator rule, not a final clinical threshold.",D:\Codex_分拆Prompt嚴格無到院\outputs\v2\specialty_opname_v1\p1_04_extension_20260905\runs\surgery__S6__01_standardization,178f5cdd856bae7fb88595e215c97ac1aa15fc2428121e1685cacfe7d135b9b9,D:\Codex_分拆Prompt嚴格無到院\outputs\v2\specialty_opname_v1\p1_04_extension_20260905\local_dispatch_full\validations\surgery__S6__01_standardization\178f5cdd856bae7f_3c510f4d0008.report.json,81ceb5c97cef30b1642165f2fdf887056b6b0561be8219d5c8a73b6e2d0c42cb
surgery__S6__01_standardization,surgery,S6,ablation,01_standardization,01_standardization / logistic_unscaled,logistic_unscaled,oof_2020_2023,RAW_RECORDED_PREDICTIONS,raw,VALIDATED_COMPUTED,Full locked input feature order,d5d5e2d8a0734a0ce9af97a6606994868307c154f09eee30ee788ada6108d568,764,"0.648358 [0.584956, 0.709046]","0.0295674 [0.0212188, 0.0457545]",8731,103,0.6483575714202124,0.5849559510252454,0.7090464606879642,0.02956737519998398,0.02121876603461002,0.045754492175711856,0.08148544890697623,0.07730601846511577,0.08608670527365236,0.06018054162487462,-0.09552170427213377,0.5,0.5,0.5,0.2912621359223301,0.8998609179415855,0.03355704697986577,0.9906852111777465,30,864,7764,73,ESTIMATED,ESTIMATED,ESTIMATED,c0ab089b4f6f786d7eb07f8a635988081a1cf2a6aa92a4e4bc8b4b54a5718c52,"Descriptive arm estimate. CI is an individual-arm CI, not a paired-difference CI; no significance claim for a delta. Raw layer; operating point is the recorded P104 comparator rule, not a final clinical threshold.",D:\Codex_分拆Prompt嚴格無到院\outputs\v2\specialty_opname_v1\p1_04_extension_20260905\runs\surgery__S6__01_standardization,178f5cdd856bae7fb88595e215c97ac1aa15fc2428121e1685cacfe7d135b9b9,D:\Codex_分拆Prompt嚴格無到院\outputs\v2\specialty_opname_v1\p1_04_extension_20260905\local_dispatch_full\validations\surgery__S6__01_standardization\178f5cdd856bae7f_3c510f4d0008.report.json,81ceb5c97cef30b1642165f2fdf887056b6b0561be8219d5c8a73b6e2d0c42cb
surgery__S6__01_standardization,surgery,S6,ablation,01_standardization,01_standardization / logistic_unscaled,logistic_unscaled,validation_2024,RAW_RECORDED_PREDICTIONS,raw,VALIDATED_COMPUTED,Full locked input feature order,d5d5e2d8a0734a0ce9af97a6606994868307c154f09eee30ee788ada6108d568,764,"0.737266 [0.645051, 0.834268]","0.134061 [0.076533, 0.251376]",2712,42,0.7372659176029963,0.6450514864846374,0.8342680297523329,0.13406097356474037,0.07653296911513391,0.25137589630740054,0.08078412983195697,0.07301605871344063,0.08873904680327857,0.1377245508982036,-0.09070796460176991,0.5,0.5,0.5,0.5476190476190477,0.899250936329588,0.07876712328767123,0.9921487603305785,23,269,2401,19,ESTIMATED,ESTIMATED,ESTIMATED,97bb052487e3f5d08d7e10a8c652c5de376262b9b9f6dc11dab49edfb58227ab,"Descriptive arm estimate. CI is an individual-arm CI, not a paired-difference CI; no significance claim for a delta. Raw layer; operating point is the recorded P104 comparator rule, not a final clinical threshold.",D:\Codex_分拆Prompt嚴格無到院\outputs\v2\specialty_opname_v1\p1_04_extension_20260905\runs\surgery__S6__01_standardization,178f5cdd856bae7fb88595e215c97ac1aa15fc2428121e1685cacfe7d135b9b9,D:\Codex_分拆Prompt嚴格無到院\outputs\v2\specialty_opname_v1\p1_04_extension_20260905\local_dispatch_full\validations\surgery__S6__01_standardization\178f5cdd856bae7f_3c510f4d0008.report.json,81ceb5c97cef30b1642165f2fdf887056b6b0561be8219d5c8a73b6e2d0c42cb
surgery__S6__02_time_variables,surgery,S6,ablation,02_time_variables,02_time_variables / locked_full,locked_full,oof_2020_2023,RAW_RECORDED_PREDICTIONS,raw,VALIDATED_COMPUTED,Full locked input feature order,d5d5e2d8a0734a0ce9af97a6606994868307c154f09eee30ee788ada6108d568,764,"0.833896 [0.797434, 0.869632]","0.0630928 [0.047285, 0.0946515]",8731,103,0.833895963019476,0.7974341206662117,0.8696317533658985,0.06309281287388144,0.047285007143659255,0.09465150747923004,0.014475983578773537,0.013933418225645776,0.015007658018003132,0.0,-0.0008017409231474057,0.5,0.5,0.5,0.0,0.9991886879925823,0.0,0.9881934892251261,0,7,8621,103,ESTIMATED,ESTIMATED,ESTIMATED,c0ab089b4f6f786d7eb07f8a635988081a1cf2a6aa92a4e4bc8b4b54a5718c52,"Descriptive arm estimate. CI is an individual-arm CI, not a paired-difference CI; no significance claim for a delta. Raw layer; operating point is the recorded P104 comparator rule, not a final clinical threshold. Primary amended time contrast uses the exact corrected plan; old20 results are secondary evidence only.",D:\Codex_分拆Prompt嚴格無到院\outputs\v2\specialty_opname_v1\time_interval_complete_successor_20260905\runs\surgery__S6__02_time_variables,8651841519267473d9220898f02b796d72a25c4afe4f974d443546d05e0bff2a,D:\Codex_分拆Prompt嚴格無到院\outputs\v2\specialty_opname_v1\time_interval_complete_successor_20260905\runs\surgery__S6__02_time_variables\validation_report.json,9a5f4fd6b49958d568a1f81670f18b9d002f69503a83a7fcaf47ceda7d990902
surgery__S6__02_time_variables,surgery,S6,ablation,02_time_variables,02_time_variables / locked_full,locked_full,validation_2024,RAW_RECORDED_PREDICTIONS,raw,VALIDATED_COMPUTED,Full locked input feature order,d5d5e2d8a0734a0ce9af97a6606994868307c154f09eee30ee788ada6108d568,764,"0.856528 [0.804332, 0.902832]","0.111085 [0.0711517, 0.207811]",2712,42,0.8565275548421616,0.8043318061431409,0.9028316896922662,0.11108467098054217,0.0711516626888558,0.20781059306016755,0.01881776145283156,0.017384936255584273,0.020273377085005196,0.08163265306122448,-0.0011061946902654867,0.5,0.5,0.5,0.047619047619047616,0.99812734082397,0.2857142857142857,0.9852125693160814,2,5,2665,40,ESTIMATED,ESTIMATED,ESTIMATED,97bb052487e3f5d08d7e10a8c652c5de376262b9b9f6dc11dab49edfb58227ab,"Descriptive arm estimate. CI is an individual-arm CI, not a paired-difference CI; no significance claim for a delta. Raw layer; operating point is the recorded P104 comparator rule, not a final clinical threshold. Primary amended time contrast uses the exact corrected plan; old20 results are secondary evidence only.",D:\Codex_分拆Prompt嚴格無到院\outputs\v2\specialty_opname_v1\time_interval_complete_successor_20260905\runs\surgery__S6__02_time_variables,8651841519267473d9220898f02b796d72a25c4afe4f974d443546d05e0bff2a,D:\Codex_分拆Prompt嚴格無到院\outputs\v2\specialty_opname_v1\time_interval_complete_successor_20260905\runs\surgery__S6__02_time_variables\validation_report.json,9a5f4fd6b49958d568a1f81670f18b9d002f69503a83a7fcaf47ceda7d990902
surgery__S6__02_time_variables,surgery,S6,ablation,02_time_variables,02_time_variables / without_time_intervals_complete,without_time_intervals_complete,oof_2020_2023,RAW_RECORDED_PREDICTIONS,raw,VALIDATED_COMPUTED,Exact corrected time-plan inputs; original time group and six transport-interval aliases excluded,4134699b4820dc78a3efecb755bbe61150f1bbeb88a8b157c8816e5bec8558f4,738,"0.824691 [0.785608, 0.862531]","0.0702468 [0.0513121, 0.106714]",8731,103,0.8246913413541821,0.7856082745568712,0.8625306149476607,0.07024680112949439,0.05131213069158575,0.10671371986608273,0.014349946472906987,0.013756722366820361,0.014876433479092958,0.0,-0.0006872065055549192,0.5,0.5,0.5,0.0,0.9993045897079277,0.0,0.9881948424068768,0,6,8622,103,ESTIMATED,ESTIMATED,ESTIMATED,c0ab089b4f6f786d7eb07f8a635988081a1cf2a6aa92a4e4bc8b4b54a5718c52,"Descriptive arm estimate. CI is an individual-arm CI, not a paired-difference CI; no significance claim for a delta. Raw layer; operating point is the recorded P104 comparator rule, not a final clinical threshold. Primary amended time contrast uses the exact corrected plan; old20 results are secondary evidence only.",D:\Codex_分拆Prompt嚴格無到院\outputs\v2\specialty_opname_v1\time_interval_complete_successor_20260905\runs\surgery__S6__02_time_variables,8651841519267473d9220898f02b796d72a25c4afe4f974d443546d05e0bff2a,D:\Codex_分拆Prompt嚴格無到院\outputs\v2\specialty_opname_v1\time_interval_complete_successor_20260905\runs\surgery__S6__02_time_variables\validation_report.json,9a5f4fd6b49958d568a1f81670f18b9d002f69503a83a7fcaf47ceda7d990902
surgery__S6__02_time_variables,surgery,S6,ablation,02_time_variables,02_time_variables / without_time_intervals_complete,without_time_intervals_complete,validation_2024,RAW_RECORDED_PREDICTIONS,raw,VALIDATED_COMPUTED,Exact corrected time-plan inputs; original time group and six transport-interval aliases excluded,4134699b4820dc78a3efecb755bbe61150f1bbeb88a8b157c8816e5bec8558f4,738,"0.857072 [0.794507, 0.907212]","0.110958 [0.0709374, 0.197418]",2712,42,0.857071517745675,0.7945073654797085,0.9072124562002293,0.11095846505373988,0.07093735222854744,0.1974176595816395,0.01898966361277708,0.017513049264852257,0.020520756515861723,0.04,-0.0022123893805309734,0.5,0.5,0.5,0.023809523809523808,0.9973782771535581,0.125,0.9848372781065089,1,7,2663,41,ESTIMATED,ESTIMATED,ESTIMATED,97bb052487e3f5d08d7e10a8c652c5de376262b9b9f6dc11dab49edfb58227ab,"Descriptive arm estimate. CI is an individual-arm CI, not a paired-difference CI; no significance claim for a delta. Raw layer; operating point is the recorded P104 comparator rule, not a final clinical threshold. Primary amended time contrast uses the exact corrected plan; old20 results are secondary evidence only.",D:\Codex_分拆Prompt嚴格無到院\outputs\v2\specialty_opname_v1\time_interval_complete_successor_20260905\runs\surgery__S6__02_time_variables,8651841519267473d9220898f02b796d72a25c4afe4f974d443546d05e0bff2a,D:\Codex_分拆Prompt嚴格無到院\outputs\v2\specialty_opname_v1\time_interval_complete_successor_20260905\runs\surgery__S6__02_time_variables\validation_report.json,9a5f4fd6b49958d568a1f81670f18b9d002f69503a83a7fcaf47ceda7d990902
surgery__S6__03_emt_treatment,surgery,S6,ablation,03_emt_treatment,03_emt_treatment / locked_full,locked_full,oof_2020_2023,RAW_RECORDED_PREDICTIONS,raw,VALIDATED_COMPUTED,Full locked input feature order,d5d5e2d8a0734a0ce9af97a6606994868307c154f09eee30ee788ada6108d568,764,"0.833896 [0.797434, 0.869632]","0.0630928 [0.047285, 0.0946515]",8731,103,0.833895963019476,0.7974341206662117,0.8696317533658985,0.06309281287388144,0.047285007143659255,0.09465150747923004,0.014475983578773537,0.013933418225645776,0.015007658018003132,0.0,-0.0008017409231474057,0.5,0.5,0.5,0.0,0.9991886879925823,0.0,0.9881934892251261,0,7,8621,103,ESTIMATED,ESTIMATED,ESTIMATED,c0ab089b4f6f786d7eb07f8a635988081a1cf2a6aa92a4e4bc8b4b54a5718c52,"Descriptive arm estimate. CI is an individual-arm CI, not a paired-difference CI; no significance claim for a delta. Raw layer; operating point is the recorded P104 comparator rule, not a final clinical threshold.",D:\Codex_分拆Prompt嚴格無到院\outputs\v2\.p104rv\sweep_20260906T151250Z_account-05_v2\t29\r,25766cd75ad961628ebdf5afe23bdda154a0768a08182099f456b80ed366135e,D:\Codex_分拆Prompt嚴格無到院\outputs\v2\.p104k10\cloud_validation_index_20260906T211456Z\task_surgery__S6__03_emt_treatment_validation.json,c467e74bbe3f386005c0ff22e1d33edae1863a91eefc0059cb58c7557a07f803
surgery__S6__03_emt_treatment,surgery,S6,ablation,03_emt_treatment,03_emt_treatment / locked_full,locked_full,validation_2024,RAW_RECORDED_PREDICTIONS,raw,VALIDATED_COMPUTED,Full locked input feature order,d5d5e2d8a0734a0ce9af97a6606994868307c154f09eee30ee788ada6108d568,764,"0.856528 [0.804332, 0.902832]","0.111085 [0.0711517, 0.207811]",2712,42,0.8565275548421616,0.8043318061431409,0.9028316896922662,0.11108467098054217,0.0711516626888558,0.20781059306016755,0.01881776145283156,0.017384936255584273,0.020273377085005196,0.08163265306122448,-0.0011061946902654867,0.5,0.5,0.5,0.047619047619047616,0.99812734082397,0.2857142857142857,0.9852125693160814,2,5,2665,40,ESTIMATED,ESTIMATED,ESTIMATED,97bb052487e3f5d08d7e10a8c652c5de376262b9b9f6dc11dab49edfb58227ab,"Descriptive arm estimate. CI is an individual-arm CI, not a paired-difference CI; no significance claim for a delta. Raw layer; operating point is the recorded P104 comparator rule, not a final clinical threshold.",D:\Codex_分拆Prompt嚴格無到院\outputs\v2\.p104rv\sweep_20260906T151250Z_account-05_v2\t29\r,25766cd75ad961628ebdf5afe23bdda154a0768a08182099f456b80ed366135e,D:\Codex_分拆Prompt嚴格無到院\outputs\v2\.p104k10\cloud_validation_index_20260906T211456Z\task_surgery__S6__03_emt_treatment_validation.json,c467e74bbe3f386005c0ff22e1d33edae1863a91eefc0059cb58c7557a07f803
surgery__S6__03_emt_treatment,surgery,S6,ablation,03_emt_treatment,03_emt_treatment / without_emt_treatment,without_emt_treatment,oof_2020_2023,RAW_RECORDED_PREDICTIONS,raw,VALIDATED_COMPUTED,Full inputs excluding source-defined emt_treatment,8729234a9522c03841d126bd593d462cbbdfe532c85f62a35343b36e9241d6fd,672,"0.830277 [0.795336, 0.864081]","0.059732 [0.044758, 0.0893474]",8731,103,0.8302771288782064,0.7953357090720796,0.8640807676408349,0.059731976062193486,0.044757982161494896,0.08934735736143277,0.01495935073466813,0.01449073197852706,0.015445960825051522,0.0,-0.0005726720879624327,0.5,0.5,0.5,0.0,0.999420491423273,0.0,0.9881961952784781,0,5,8623,103,ESTIMATED,ESTIMATED,ESTIMATED,c0ab089b4f6f786d7eb07f8a635988081a1cf2a6aa92a4e4bc8b4b54a5718c52,"Descriptive arm estimate. CI is an individual-arm CI, not a paired-difference CI; no significance claim for a delta. Raw layer; operating point is the recorded P104 comparator rule, not a final clinical threshold.",D:\Codex_分拆Prompt嚴格無到院\outputs\v2\.p104rv\sweep_20260906T151250Z_account-05_v2\t29\r,25766cd75ad961628ebdf5afe23bdda154a0768a08182099f456b80ed366135e,D:\Codex_分拆Prompt嚴格無到院\outputs\v2\.p104k10\cloud_validation_index_20260906T211456Z\task_surgery__S6__03_emt_treatment_validation.json,c467e74bbe3f386005c0ff22e1d33edae1863a91eefc0059cb58c7557a07f803
surgery__S6__03_emt_treatment,surgery,S6,ablation,03_emt_treatment,03_emt_treatment / without_emt_treatment,without_emt_treatment,validation_2024,RAW_RECORDED_PREDICTIONS,raw,VALIDATED_COMPUTED,Full inputs excluding source-defined emt_treatment,8729234a9522c03841d126bd593d462cbbdfe532c85f62a35343b36e9241d6fd,672,"0.858935 [0.802674, 0.905183]","0.117083 [0.0706349, 0.223089]",2712,42,0.8589352594970573,0.8026743005358948,0.9051830953272361,0.11708274076463107,0.0706348579626328,0.22308892373715253,0.0198797324449788,0.018355293350831962,0.021394476251913087,0.10909090909090909,-0.0025811209439528023,0.5,0.5,0.5,0.07142857142857142,0.9962546816479401,0.23076923076923078,0.9855502037791775,3,10,2660,39,ESTIMATED,ESTIMATED,ESTIMATED,97bb052487e3f5d08d7e10a8c652c5de376262b9b9f6dc11dab49edfb58227ab,"Descriptive arm estimate. CI is an individual-arm CI, not a paired-difference CI; no significance claim for a delta. Raw layer; operating point is the recorded P104 comparator rule, not a final clinical threshold.",D:\Codex_分拆Prompt嚴格無到院\outputs\v2\.p104rv\sweep_20260906T151250Z_account-05_v2\t29\r,25766cd75ad961628ebdf5afe23bdda154a0768a08182099f456b80ed366135e,D:\Codex_分拆Prompt嚴格無到院\outputs\v2\.p104k10\cloud_validation_index_20260906T211456Z\task_surgery__S6__03_emt_treatment_validation.json,c467e74bbe3f386005c0ff22e1d33edae1863a91eefc0059cb58c7557a07f803
surgery__S6__04_gcs_consciousness,surgery,S6,ablation,04_gcs_consciousness,04_gcs_consciousness / locked_full,locked_full,oof_2020_2023,RAW_RECORDED_PREDICTIONS,raw,VALIDATED_COMPUTED,Full locked input feature order,d5d5e2d8a0734a0ce9af97a6606994868307c154f09eee30ee788ada6108d568,764,"0.833896 [0.797434, 0.869632]","0.0630928 [0.047285, 0.0946515]",8731,103,0.833895963019476,0.7974341206662117,0.8696317533658985,0.06309281287388144,0.047285007143659255,0.09465150747923004,0.014475983578773537,0.013933418225645776,0.015007658018003132,0.0,-0.0008017409231474057,0.5,0.5,0.5,0.0,0.9991886879925823,0.0,0.9881934892251261,0,7,8621,103,ESTIMATED,ESTIMATED,ESTIMATED,c0ab089b4f6f786d7eb07f8a635988081a1cf2a6aa92a4e4bc8b4b54a5718c52,"Descriptive arm estimate. CI is an individual-arm CI, not a paired-difference CI; no significance claim for a delta. Raw layer; operating point is the recorded P104 comparator rule, not a final clinical threshold.",D:\Codex_分拆Prompt嚴格無到院\outputs\v2\.p104rv\sweep_20260906T151250Z_account-06_v2\t29\r,5dcfc9ed6fb836dac9280eb9d0ab288e923ceb3d6dc1f186844317a393a3c9c1,D:\Codex_分拆Prompt嚴格無到院\outputs\v2\.p104k10\cloud_validation_index_20260906T211456Z\task_surgery__S6__04_gcs_consciousness_validation.json,c9eacab8a7cd77bb3ab041d7d96387412f8262ad16c4e369636a3c71d91c48d4
surgery__S6__04_gcs_consciousness,surgery,S6,ablation,04_gcs_consciousness,04_gcs_consciousness / locked_full,locked_full,validation_2024,RAW_RECORDED_PREDICTIONS,raw,VALIDATED_COMPUTED,Full locked input feature order,d5d5e2d8a0734a0ce9af97a6606994868307c154f09eee30ee788ada6108d568,764,"0.856528 [0.804332, 0.902832]","0.111085 [0.0711517, 0.207811]",2712,42,0.8565275548421616,0.8043318061431409,0.9028316896922662,0.11108467098054217,0.0711516626888558,0.20781059306016755,0.01881776145283156,0.017384936255584273,0.020273377085005196,0.08163265306122448,-0.0011061946902654867,0.5,0.5,0.5,0.047619047619047616,0.99812734082397,0.2857142857142857,0.9852125693160814,2,5,2665,40,ESTIMATED,ESTIMATED,ESTIMATED,97bb052487e3f5d08d7e10a8c652c5de376262b9b9f6dc11dab49edfb58227ab,"Descriptive arm estimate. CI is an individual-arm CI, not a paired-difference CI; no significance claim for a delta. Raw layer; operating point is the recorded P104 comparator rule, not a final clinical threshold.",D:\Codex_分拆Prompt嚴格無到院\outputs\v2\.p104rv\sweep_20260906T151250Z_account-06_v2\t29\r,5dcfc9ed6fb836dac9280eb9d0ab288e923ceb3d6dc1f186844317a393a3c9c1,D:\Codex_分拆Prompt嚴格無到院\outputs\v2\.p104k10\cloud_validation_index_20260906T211456Z\task_surgery__S6__04_gcs_consciousness_validation.json,c9eacab8a7cd77bb3ab041d7d96387412f8262ad16c4e369636a3c71d91c48d4
surgery__S6__04_gcs_consciousness,surgery,S6,ablation,04_gcs_consciousness,04_gcs_consciousness / without_gcs_consciousness,without_gcs_consciousness,oof_2020_2023,RAW_RECORDED_PREDICTIONS,raw,VALIDATED_COMPUTED,Full inputs excluding source-defined gcs_consciousness,96da2f388f093d3a5dad841e1d389aeeb55c27e3fb7bdbd9924937a80904969d,705,"0.837148 [0.801072, 0.871153]","0.063968 [0.0485761, 0.0975774]",8731,103,0.8371479626053806,0.8010716285230931,0.8711534294310699,0.06396802917964382,0.048576066879897774,0.0975774056271832,0.014757402496817687,0.014244872789146148,0.01525554774207382,0.0,-0.0005726720879624327,0.5,0.5,0.5,0.0,0.999420491423273,0.0,0.9881961952784781,0,5,8623,103,ESTIMATED,ESTIMATED,ESTIMATED,c0ab089b4f6f786d7eb07f8a635988081a1cf2a6aa92a4e4bc8b4b54a5718c52,"Descriptive arm estimate. CI is an individual-arm CI, not a paired-difference CI; no significance claim for a delta. Raw layer; operating point is the recorded P104 comparator rule, not a final clinical threshold.",D:\Codex_分拆Prompt嚴格無到院\outputs\v2\.p104rv\sweep_20260906T151250Z_account-06_v2\t29\r,5dcfc9ed6fb836dac9280eb9d0ab288e923ceb3d6dc1f186844317a393a3c9c1,D:\Codex_分拆Prompt嚴格無到院\outputs\v2\.p104k10\cloud_validation_index_20260906T211456Z\task_surgery__S6__04_gcs_consciousness_validation.json,c9eacab8a7cd77bb3ab041d7d96387412f8262ad16c4e369636a3c71d91c48d4
surgery__S6__04_gcs_consciousness,surgery,S6,ablation,04_gcs_consciousness,04_gcs_consciousness / without_gcs_consciousness,without_gcs_consciousness,validation_2024,RAW_RECORDED_PREDICTIONS,raw,VALIDATED_COMPUTED,Full inputs excluding source-defined gcs_consciousness,96da2f388f093d3a5dad841e1d389aeeb55c27e3fb7bdbd9924937a80904969d,705,"0.864027 [0.813187, 0.908238]","0.11575 [0.072666, 0.216081]",2712,42,0.8640271089709292,0.8131867558241995,0.9082379980084151,0.11574968409186626,0.0726660189271066,0.2160814523773665,0.019441678936657145,0.018050581117448408,0.020842633696990784,0.11764705882352941,-0.0011061946902654867,0.5,0.5,0.5,0.07142857142857142,0.9977528089887641,0.3333333333333333,0.9855715871254163,3,6,2664,39,ESTIMATED,ESTIMATED,ESTIMATED,97bb052487e3f5d08d7e10a8c652c5de376262b9b9f6dc11dab49edfb58227ab,"Descriptive arm estimate. CI is an individual-arm CI, not a paired-difference CI; no significance claim for a delta. Raw layer; operating point is the recorded P104 comparator rule, not a final clinical threshold.",D:\Codex_分拆Prompt嚴格無到院\outputs\v2\.p104rv\sweep_20260906T151250Z_account-06_v2\t29\r,5dcfc9ed6fb836dac9280eb9d0ab288e923ceb3d6dc1f186844317a393a3c9c1,D:\Codex_分拆Prompt嚴格無到院\outputs\v2\.p104k10\cloud_validation_index_20260906T211456Z\task_surgery__S6__04_gcs_consciousness_validation.json,c9eacab8a7cd77bb3ab041d7d96387412f8262ad16c4e369636a3c71d91c48d4
surgery__S6__05_shock_index_rsig,surgery,S6,ablation,05_shock_index_rsig,05_shock_index_rsig / locked_full,locked_full,oof_2020_2023,RAW_RECORDED_PREDICTIONS,raw,VALIDATED_COMPUTED,Full locked input feature order,d5d5e2d8a0734a0ce9af97a6606994868307c154f09eee30ee788ada6108d568,764,"0.833896 [0.797434, 0.869632]","0.0630928 [0.047285, 0.0946515]",8731,103,0.833895963019476,0.7974341206662117,0.8696317533658985,0.06309281287388144,0.047285007143659255,0.09465150747923004,0.014475983578773537,0.013933418225645776,0.015007658018003132,0.0,-0.0008017409231474057,0.5,0.5,0.5,0.0,0.9991886879925823,0.0,0.9881934892251261,0,7,8621,103,ESTIMATED,ESTIMATED,ESTIMATED,c0ab089b4f6f786d7eb07f8a635988081a1cf2a6aa92a4e4bc8b4b54a5718c52,"Descriptive arm estimate. CI is an individual-arm CI, not a paired-difference CI; no significance claim for a delta. Raw layer; operating point is the recorded P104 comparator rule, not a final clinical threshold.",D:\Codex_分拆Prompt嚴格無到院\outputs\v2\.p104rv\sweep_20260906T171453Z_account-07_v2\t29\r,70d3172ed78b85d8e3c3a18ab824170bf848dbfba6617b6f039fdcb1dd99c698,D:\Codex_分拆Prompt嚴格無到院\outputs\v2\.p104k10\cloud_validation_index_20260906T211456Z\task_surgery__S6__05_shock_index_rsig_validation.json,9e146faacbc96c51669d34e4afabc64af5d435e54f503fa93fd7757e9f35f5c8
surgery__S6__05_shock_index_rsig,surgery,S6,ablation,05_shock_index_rsig,05_shock_index_rsig / locked_full,locked_full,validation_2024,RAW_RECORDED_PREDICTIONS,raw,VALIDATED_COMPUTED,Full locked input feature order,d5d5e2d8a0734a0ce9af97a6606994868307c154f09eee30ee788ada6108d568,764,"0.856528 [0.804332, 0.902832]","0.111085 [0.0711517, 0.207811]",2712,42,0.8565275548421616,0.8043318061431409,0.9028316896922662,0.11108467098054217,0.0711516626888558,0.20781059306016755,0.01881776145283156,0.017384936255584273,0.020273377085005196,0.08163265306122448,-0.0011061946902654867,0.5,0.5,0.5,0.047619047619047616,0.99812734082397,0.2857142857142857,0.9852125693160814,2,5,2665,40,ESTIMATED,ESTIMATED,ESTIMATED,97bb052487e3f5d08d7e10a8c652c5de376262b9b9f6dc11dab49edfb58227ab,"Descriptive arm estimate. CI is an individual-arm CI, not a paired-difference CI; no significance claim for a delta. Raw layer; operating point is the recorded P104 comparator rule, not a final clinical threshold.",D:\Codex_分拆Prompt嚴格無到院\outputs\v2\.p104rv\sweep_20260906T171453Z_account-07_v2\t29\r,70d3172ed78b85d8e3c3a18ab824170bf848dbfba6617b6f039fdcb1dd99c698,D:\Codex_分拆Prompt嚴格無到院\outputs\v2\.p104k10\cloud_validation_index_20260906T211456Z\task_surgery__S6__05_shock_index_rsig_validation.json,9e146faacbc96c51669d34e4afabc64af5d435e54f503fa93fd7757e9f35f5c8
surgery__S6__05_shock_index_rsig,surgery,S6,ablation,05_shock_index_rsig,05_shock_index_rsig / without_shock_index_rsig,without_shock_index_rsig,oof_2020_2023,RAW_RECORDED_PREDICTIONS,raw,VALIDATED_COMPUTED,Full inputs excluding source-defined shock_index_rsig,622faa177bc7a5c0a0264d57f4d33dd05051258db8a5647c23291c4a5c87f257,741,"0.839991 [0.80314, 0.873232]","0.06975 [0.0519244, 0.107508]",8731,103,0.8399914930391456,0.8031400596840896,0.8732315152547216,0.06975001472929686,0.05192438177773316,0.10750762752585832,0.014753431852184005,0.014224486627441793,0.015260958196210178,0.0,-0.0008017409231474057,0.5,0.5,0.5,0.0,0.9991886879925823,0.0,0.9881934892251261,0,7,8621,103,ESTIMATED,ESTIMATED,ESTIMATED,c0ab089b4f6f786d7eb07f8a635988081a1cf2a6aa92a4e4bc8b4b54a5718c52,"Descriptive arm estimate. CI is an individual-arm CI, not a paired-difference CI; no significance claim for a delta. Raw layer; operating point is the recorded P104 comparator rule, not a final clinical threshold.",D:\Codex_分拆Prompt嚴格無到院\outputs\v2\.p104rv\sweep_20260906T171453Z_account-07_v2\t29\r,70d3172ed78b85d8e3c3a18ab824170bf848dbfba6617b6f039fdcb1dd99c698,D:\Codex_分拆Prompt嚴格無到院\outputs\v2\.p104k10\cloud_validation_index_20260906T211456Z\task_surgery__S6__05_shock_index_rsig_validation.json,9e146faacbc96c51669d34e4afabc64af5d435e54f503fa93fd7757e9f35f5c8
surgery__S6__05_shock_index_rsig,surgery,S6,ablation,05_shock_index_rsig,05_shock_index_rsig / without_shock_index_rsig,without_shock_index_rsig,validation_2024,RAW_RECORDED_PREDICTIONS,raw,VALIDATED_COMPUTED,Full inputs excluding source-defined shock_index_rsig,622faa177bc7a5c0a0264d57f4d33dd05051258db8a5647c23291c4a5c87f257,741,"0.871232 [0.819204, 0.914421]","0.121788 [0.0767958, 0.220514]",2712,42,0.8712323880863206,0.8192043987086359,0.9144213954631598,0.1217878959147746,0.07679579017802547,0.22051445804540193,0.01933352261281271,0.017968324940623365,0.02072157968651381,0.08163265306122448,-0.0011061946902654867,0.5,0.5,0.5,0.047619047619047616,0.99812734082397,0.2857142857142857,0.9852125693160814,2,5,2665,40,ESTIMATED,ESTIMATED,ESTIMATED,97bb052487e3f5d08d7e10a8c652c5de376262b9b9f6dc11dab49edfb58227ab,"Descriptive arm estimate. CI is an individual-arm CI, not a paired-difference CI; no significance claim for a delta. Raw layer; operating point is the recorded P104 comparator rule, not a final clinical threshold.",D:\Codex_分拆Prompt嚴格無到院\outputs\v2\.p104rv\sweep_20260906T171453Z_account-07_v2\t29\r,70d3172ed78b85d8e3c3a18ab824170bf848dbfba6617b6f039fdcb1dd99c698,D:\Codex_分拆Prompt嚴格無到院\outputs\v2\.p104k10\cloud_validation_index_20260906T211456Z\task_surgery__S6__05_shock_index_rsig_validation.json,9e146faacbc96c51669d34e4afabc64af5d435e54f503fa93fd7757e9f35f5c8
surgery__S6__06_vital_only_vs_full,surgery,S6,ablation,06_vital_only_vs_full,06_vital_only_vs_full / locked_full,locked_full,oof_2020_2023,RAW_RECORDED_PREDICTIONS,raw,VALIDATED_COMPUTED,Full locked input feature order,d5d5e2d8a0734a0ce9af97a6606994868307c154f09eee30ee788ada6108d568,764,"0.833896 [0.797434, 0.869632]","0.0630928 [0.047285, 0.0946515]",8731,103,0.833895963019476,0.7974341206662117,0.8696317533658985,0.06309281287388144,0.047285007143659255,0.09465150747923004,0.014475983578773537,0.013933418225645776,0.015007658018003132,0.0,-0.0008017409231474057,0.5,0.5,0.5,0.0,0.9991886879925823,0.0,0.9881934892251261,0,7,8621,103,ESTIMATED,ESTIMATED,ESTIMATED,c0ab089b4f6f786d7eb07f8a635988081a1cf2a6aa92a4e4bc8b4b54a5718c52,"Descriptive arm estimate. CI is an individual-arm CI, not a paired-difference CI; no significance claim for a delta. Raw layer; operating point is the recorded P104 comparator rule, not a final clinical threshold.",D:\Codex_分拆Prompt嚴格無到院\outputs\v2\.p104rv\sweep_20260906T171453Z_account-08_v2\t29\r,3217b0e2d81ca691ccafecc1faa7630e168ddda651e2c07d187c63b6d89d4e33,D:\Codex_分拆Prompt嚴格無到院\outputs\v2\.p104k10\cloud_validation_index_20260906T211456Z\task_surgery__S6__06_vital_only_vs_full_validation.json,59b6c11593b1853e08da39b34062d7e1e2650eb10842231fefd28198c9054984
surgery__S6__06_vital_only_vs_full,surgery,S6,ablation,06_vital_only_vs_full,06_vital_only_vs_full / locked_full,locked_full,validation_2024,RAW_RECORDED_PREDICTIONS,raw,VALIDATED_COMPUTED,Full locked input feature order,d5d5e2d8a0734a0ce9af97a6606994868307c154f09eee30ee788ada6108d568,764,"0.856528 [0.804332, 0.902832]","0.111085 [0.0711517, 0.207811]",2712,42,0.8565275548421616,0.8043318061431409,0.9028316896922662,0.11108467098054217,0.0711516626888558,0.20781059306016755,0.01881776145283156,0.017384936255584273,0.020273377085005196,0.08163265306122448,-0.0011061946902654867,0.5,0.5,0.5,0.047619047619047616,0.99812734082397,0.2857142857142857,0.9852125693160814,2,5,2665,40,ESTIMATED,ESTIMATED,ESTIMATED,97bb052487e3f5d08d7e10a8c652c5de376262b9b9f6dc11dab49edfb58227ab,"Descriptive arm estimate. CI is an individual-arm CI, not a paired-difference CI; no significance claim for a delta. Raw layer; operating point is the recorded P104 comparator rule, not a final clinical threshold.",D:\Codex_分拆Prompt嚴格無到院\outputs\v2\.p104rv\sweep_20260906T171453Z_account-08_v2\t29\r,3217b0e2d81ca691ccafecc1faa7630e168ddda651e2c07d187c63b6d89d4e33,D:\Codex_分拆Prompt嚴格無到院\outputs\v2\.p104k10\cloud_validation_index_20260906T211456Z\task_surgery__S6__06_vital_only_vs_full_validation.json,59b6c11593b1853e08da39b34062d7e1e2650eb10842231fefd28198c9054984
surgery__S6__06_vital_only_vs_full,surgery,S6,ablation,06_vital_only_vs_full,06_vital_only_vs_full / vital_only,vital_only,oof_2020_2023,RAW_RECORDED_PREDICTIONS,raw,VALIDATED_COMPUTED,Source-defined seven vital inputs,b7159d74cac9585de4a626c67f6e0ab787e218710adc8d4911e7cc0c608ac2c8,7,"0.650619 [0.593231, 0.705451]","0.0350586 [0.0231904, 0.0634679]",8731,103,0.6506187801288196,0.5932312741381349,0.7054511199791519,0.03505863020526509,0.02319038525015617,0.06346791389258376,0.018120636651615802,0.01754211894735498,0.018702197896261104,0.03418803418803419,-0.0011453441759248654,0.5,0.5,0.5,0.019417475728155338,0.9986091794158554,0.14285714285714285,0.9884134449925434,2,12,8616,101,ESTIMATED,ESTIMATED,ESTIMATED,c0ab089b4f6f786d7eb07f8a635988081a1cf2a6aa92a4e4bc8b4b54a5718c52,"Descriptive arm estimate. CI is an individual-arm CI, not a paired-difference CI; no significance claim for a delta. Raw layer; operating point is the recorded P104 comparator rule, not a final clinical threshold.",D:\Codex_分拆Prompt嚴格無到院\outputs\v2\.p104rv\sweep_20260906T171453Z_account-08_v2\t29\r,3217b0e2d81ca691ccafecc1faa7630e168ddda651e2c07d187c63b6d89d4e33,D:\Codex_分拆Prompt嚴格無到院\outputs\v2\.p104k10\cloud_validation_index_20260906T211456Z\task_surgery__S6__06_vital_only_vs_full_validation.json,59b6c11593b1853e08da39b34062d7e1e2650eb10842231fefd28198c9054984
surgery__S6__06_vital_only_vs_full,surgery,S6,ablation,06_vital_only_vs_full,06_vital_only_vs_full / vital_only,vital_only,validation_2024,RAW_RECORDED_PREDICTIONS,raw,VALIDATED_COMPUTED,Source-defined seven vital inputs,b7159d74cac9585de4a626c67f6e0ab787e218710adc8d4911e7cc0c608ac2c8,7,"0.704432 [0.612669, 0.789942]","0.0725715 [0.0375826, 0.168381]",2712,42,0.7044319600499376,0.6126692041539163,0.7899415351973459,0.07257150241519339,0.037582579463549266,0.16838057002464416,0.02238069704726793,0.020963027693354373,0.023789746436946473,0.07547169811320754,-0.0025811209439528023,0.5,0.5,0.5,0.047619047619047616,0.996629213483146,0.18181818181818182,0.985190670122177,2,9,2661,40,ESTIMATED,ESTIMATED,ESTIMATED,97bb052487e3f5d08d7e10a8c652c5de376262b9b9f6dc11dab49edfb58227ab,"Descriptive arm estimate. CI is an individual-arm CI, not a paired-difference CI; no significance claim for a delta. Raw layer; operating point is the recorded P104 comparator rule, not a final clinical threshold.",D:\Codex_分拆Prompt嚴格無到院\outputs\v2\.p104rv\sweep_20260906T171453Z_account-08_v2\t29\r,3217b0e2d81ca691ccafecc1faa7630e168ddda651e2c07d187c63b6d89d4e33,D:\Codex_分拆Prompt嚴格無到院\outputs\v2\.p104k10\cloud_validation_index_20260906T211456Z\task_surgery__S6__06_vital_only_vs_full_validation.json,59b6c11593b1853e08da39b34062d7e1e2650eb10842231fefd28198c9054984
surgery__S6__07_logistic_vs_xgboost,surgery,S6,ablation,07_logistic_vs_xgboost,07_logistic_vs_xgboost / logistic_l2,logistic_l2,oof_2020_2023,RAW_RECORDED_PREDICTIONS,raw,VALIDATED_COMPUTED,Full locked input feature order,d5d5e2d8a0734a0ce9af97a6606994868307c154f09eee30ee788ada6108d568,764,"0.59493 [0.53123, 0.658863]","0.0275032 [0.0194743, 0.0452488]",8731,103,0.5949302564241058,0.531230193073321,0.6588628158478483,0.027503244747138583,0.019474289481274117,0.04524878764885789,0.07378091195315446,0.06928512217014493,0.07829211867221854,0.06511627906976744,-0.08028862673233307,0.5,0.5,0.5,0.27184466019417475,0.9155076495132128,0.036988110964332896,0.990594431903687,28,729,7899,75,ESTIMATED,ESTIMATED,ESTIMATED,c0ab089b4f6f786d7eb07f8a635988081a1cf2a6aa92a4e4bc8b4b54a5718c52,"Descriptive arm estimate. CI is an individual-arm CI, not a paired-difference CI; no significance claim for a delta. Raw layer; operating point is the recorded P104 comparator rule, not a final clinical threshold.",D:\Codex_分拆Prompt嚴格無到院\outputs\v2\.p104k10\failed_revalidation_20260906T211456Z\f17\repo\outputs\v2\specialty_opname_v1\p1_04_extension_20260905\runs\surgery__S6__07_logistic_vs_xgboost,a155ec809f379e32c823f4ce5e48e9fcccf77c2a5c6e52dd2fea1f6119672ca6,D:\Codex_分拆Prompt嚴格無到院\outputs\v2\.p104k10\cloud_validation_index_20260906T211456Z\task_surgery__S6__07_logistic_vs_xgboost_validation.json,49a116d73e8030fe69c1906f91781cb07d1372222e7237af15b1169e167d4a0c
surgery__S6__07_logistic_vs_xgboost,surgery,S6,ablation,07_logistic_vs_xgboost,07_logistic_vs_xgboost / logistic_l2,logistic_l2,validation_2024,RAW_RECORDED_PREDICTIONS,raw,VALIDATED_COMPUTED,Full locked input feature order,d5d5e2d8a0734a0ce9af97a6606994868307c154f09eee30ee788ada6108d568,764,"0.648872 [0.543014, 0.750069]","0.0694382 [0.0378207, 0.142578]",2712,42,0.6488719457820582,0.5430143409135841,0.7500689176655803,0.06943823702600975,0.037820712725842,0.1425779460578997,0.07594316701820067,0.06816112403440601,0.08394901625531619,0.11447811447811448,-0.08148967551622419,0.5,0.5,0.5,0.40476190476190477,0.9108614232209737,0.06666666666666667,0.9898249898249898,17,238,2432,25,ESTIMATED,ESTIMATED,ESTIMATED,97bb052487e3f5d08d7e10a8c652c5de376262b9b9f6dc11dab49edfb58227ab,"Descriptive arm estimate. CI is an individual-arm CI, not a paired-difference CI; no significance claim for a delta. Raw layer; operating point is the recorded P104 comparator rule, not a final clinical threshold.",D:\Codex_分拆Prompt嚴格無到院\outputs\v2\.p104k10\failed_revalidation_20260906T211456Z\f17\repo\outputs\v2\specialty_opname_v1\p1_04_extension_20260905\runs\surgery__S6__07_logistic_vs_xgboost,a155ec809f379e32c823f4ce5e48e9fcccf77c2a5c6e52dd2fea1f6119672ca6,D:\Codex_分拆Prompt嚴格無到院\outputs\v2\.p104k10\cloud_validation_index_20260906T211456Z\task_surgery__S6__07_logistic_vs_xgboost_validation.json,49a116d73e8030fe69c1906f91781cb07d1372222e7237af15b1169e167d4a0c
surgery__S6__07_logistic_vs_xgboost,surgery,S6,ablation,07_logistic_vs_xgboost,07_logistic_vs_xgboost / xgboost,xgboost,oof_2020_2023,RAW_RECORDED_PREDICTIONS,raw,VALIDATED_COMPUTED,Full locked input feature order,d5d5e2d8a0734a0ce9af97a6606994868307c154f09eee30ee788ada6108d568,764,"0.803738 [0.759539, 0.844327]","0.0622493 [0.0409214, 0.100908]",8731,103,0.8037384492125434,0.7595389207204442,0.8443267485445619,0.06224927134904495,0.040921380522720416,0.10090764772375573,0.011438994584878265,0.011227527668438658,0.011632474552508588,0.0,0.0,0.5,0.5,0.5,0.0,1.0,,0.9882029549879738,0,0,8628,103,ESTIMATED,ESTIMATED,ESTIMATED,c0ab089b4f6f786d7eb07f8a635988081a1cf2a6aa92a4e4bc8b4b54a5718c52,"Descriptive arm estimate. CI is an individual-arm CI, not a paired-difference CI; no significance claim for a delta. Raw layer; operating point is the recorded P104 comparator rule, not a final clinical threshold.",D:\Codex_分拆Prompt嚴格無到院\outputs\v2\.p104k10\failed_revalidation_20260906T211456Z\f17\repo\outputs\v2\specialty_opname_v1\p1_04_extension_20260905\runs\surgery__S6__07_logistic_vs_xgboost,a155ec809f379e32c823f4ce5e48e9fcccf77c2a5c6e52dd2fea1f6119672ca6,D:\Codex_分拆Prompt嚴格無到院\outputs\v2\.p104k10\cloud_validation_index_20260906T211456Z\task_surgery__S6__07_logistic_vs_xgboost_validation.json,49a116d73e8030fe69c1906f91781cb07d1372222e7237af15b1169e167d4a0c
surgery__S6__07_logistic_vs_xgboost,surgery,S6,ablation,07_logistic_vs_xgboost,07_logistic_vs_xgboost / xgboost,xgboost,validation_2024,RAW_RECORDED_PREDICTIONS,raw,VALIDATED_COMPUTED,Full locked input feature order,d5d5e2d8a0734a0ce9af97a6606994868307c154f09eee30ee788ada6108d568,764,"0.823694 [0.762527, 0.876787]","0.132304 [0.0635012, 0.246583]",2712,42,0.8236935972891029,0.762526806261351,0.8767866010351004,0.132304218342374,0.0635011628641798,0.24658265888335587,0.014522816826587254,0.013612379779219455,0.01530637580373102,0.0,0.0,0.5,0.5,0.5,0.0,1.0,,0.9845132743362832,0,0,2670,42,ESTIMATED,ESTIMATED,ESTIMATED,97bb052487e3f5d08d7e10a8c652c5de376262b9b9f6dc11dab49edfb58227ab,"Descriptive arm estimate. CI is an individual-arm CI, not a paired-difference CI; no significance claim for a delta. Raw layer; operating point is the recorded P104 comparator rule, not a final clinical threshold.",D:\Codex_分拆Prompt嚴格無到院\outputs\v2\.p104k10\failed_revalidation_20260906T211456Z\f17\repo\outputs\v2\specialty_opname_v1\p1_04_extension_20260905\runs\surgery__S6__07_logistic_vs_xgboost,a155ec809f379e32c823f4ce5e48e9fcccf77c2a5c6e52dd2fea1f6119672ca6,D:\Codex_分拆Prompt嚴格無到院\outputs\v2\.p104k10\cloud_validation_index_20260906T211456Z\task_surgery__S6__07_logistic_vs_xgboost_validation.json,49a116d73e8030fe69c1906f91781cb07d1372222e7237af15b1169e167d4a0c
surgery__S6__08_median_vs_knn,surgery,S6,ablation,08_median_vs_knn,08_median_vs_knn / knn,knn,oof_2020_2023,RAW_RECORDED_PREDICTIONS,raw,VALIDATED_COMPUTED,Full locked input feature order,d5d5e2d8a0734a0ce9af97a6606994868307c154f09eee30ee788ada6108d568,764,"0.830034 [0.794573, 0.865467]","0.0637635 [0.0478542, 0.0965132]",8731,103,0.8300340728537928,0.794572746929662,0.865466965633089,0.06376349011830726,0.04785417542488612,0.09651317107828629,0.014741512956057539,0.014235132368770796,0.01525327653924709,0.0,-0.0006872065055549192,0.5,0.5,0.5,0.0,0.9993045897079277,0.0,0.9881948424068768,0,6,8622,103,ESTIMATED,ESTIMATED,ESTIMATED,c0ab089b4f6f786d7eb07f8a635988081a1cf2a6aa92a4e4bc8b4b54a5718c52,"Descriptive arm estimate. CI is an individual-arm CI, not a paired-difference CI; no significance claim for a delta. Raw layer; operating point is the recorded P104 comparator rule, not a final clinical threshold.",D:\Codex_分拆Prompt嚴格無到院\outputs\v2\.p104rv\sweep_20260906T151250Z_account-10_v2\t29\r,1ad72b67fa20ba3fb2401d0a4af68afb2899f06ba1bec7bc23145ae6b7f0d78b,D:\Codex_分拆Prompt嚴格無到院\outputs\v2\.p104k10\cloud_validation_index_20260906T211456Z\task_surgery__S6__08_median_vs_knn_validation.json,54a08ef0f5cd4c2bcc3db78dacb8ecdc9fd1916038ad4c25d91fa670bbf8bf5a
surgery__S6__08_median_vs_knn,surgery,S6,ablation,08_median_vs_knn,08_median_vs_knn / knn,knn,validation_2024,RAW_RECORDED_PREDICTIONS,raw,VALIDATED_COMPUTED,Full locked input feature order,d5d5e2d8a0734a0ce9af97a6606994868307c154f09eee30ee788ada6108d568,764,"0.868245 [0.816904, 0.914848]","0.116721 [0.074145, 0.219192]",2712,42,0.8682450508293205,0.8169035374568829,0.9148480395485408,0.11672106352148269,0.07414498183321415,0.21919245560062842,0.019342487675228195,0.017944646019222046,0.020798611679339364,0.08,-0.0014749262536873156,0.5,0.5,0.5,0.047619047619047616,0.9977528089887641,0.25,0.985207100591716,2,6,2664,40,ESTIMATED,ESTIMATED,ESTIMATED,97bb052487e3f5d08d7e10a8c652c5de376262b9b9f6dc11dab49edfb58227ab,"Descriptive arm estimate. CI is an individual-arm CI, not a paired-difference CI; no significance claim for a delta. Raw layer; operating point is the recorded P104 comparator rule, not a final clinical threshold.",D:\Codex_分拆Prompt嚴格無到院\outputs\v2\.p104rv\sweep_20260906T151250Z_account-10_v2\t29\r,1ad72b67fa20ba3fb2401d0a4af68afb2899f06ba1bec7bc23145ae6b7f0d78b,D:\Codex_分拆Prompt嚴格無到院\outputs\v2\.p104k10\cloud_validation_index_20260906T211456Z\task_surgery__S6__08_median_vs_knn_validation.json,54a08ef0f5cd4c2bcc3db78dacb8ecdc9fd1916038ad4c25d91fa670bbf8bf5a
surgery__S6__08_median_vs_knn,surgery,S6,ablation,08_median_vs_knn,08_median_vs_knn / median,median,oof_2020_2023,RAW_RECORDED_PREDICTIONS,raw,VALIDATED_COMPUTED,Full locked input feature order,d5d5e2d8a0734a0ce9af97a6606994868307c154f09eee30ee788ada6108d568,764,"0.833896 [0.796849, 0.868201]","0.0630928 [0.0477497, 0.0951064]",8731,103,0.833895963019476,0.7968489444554918,0.8682010454048975,0.06309281287388144,0.047749743346809884,0.09510642125599565,0.014475983578773537,0.01393910166247348,0.014996817802308606,0.0,-0.0008017409231474057,0.5,0.5,0.5,0.0,0.9991886879925823,0.0,0.9881934892251261,0,7,8621,103,ESTIMATED,ESTIMATED,ESTIMATED,c0ab089b4f6f786d7eb07f8a635988081a1cf2a6aa92a4e4bc8b4b54a5718c52,"Descriptive arm estimate. CI is an individual-arm CI, not a paired-difference CI; no significance claim for a delta. Raw layer; operating point is the recorded P104 comparator rule, not a final clinical threshold.",D:\Codex_分拆Prompt嚴格無到院\outputs\v2\.p104rv\sweep_20260906T151250Z_account-10_v2\t29\r,1ad72b67fa20ba3fb2401d0a4af68afb2899f06ba1bec7bc23145ae6b7f0d78b,D:\Codex_分拆Prompt嚴格無到院\outputs\v2\.p104k10\cloud_validation_index_20260906T211456Z\task_surgery__S6__08_median_vs_knn_validation.json,54a08ef0f5cd4c2bcc3db78dacb8ecdc9fd1916038ad4c25d91fa670bbf8bf5a
surgery__S6__08_median_vs_knn,surgery,S6,ablation,08_median_vs_knn,08_median_vs_knn / median,median,validation_2024,RAW_RECORDED_PREDICTIONS,raw,VALIDATED_COMPUTED,Full locked input feature order,d5d5e2d8a0734a0ce9af97a6606994868307c154f09eee30ee788ada6108d568,764,"0.856528 [0.802582, 0.905441]","0.111085 [0.0701556, 0.207237]",2712,42,0.8565275548421616,0.8025821853698369,0.9054410437612922,0.11108467098054217,0.07015556300583277,0.20723680581590034,0.01881776145283156,0.01742242654325509,0.020234294591363226,0.08163265306122448,-0.0011061946902654867,0.5,0.5,0.5,0.047619047619047616,0.99812734082397,0.2857142857142857,0.9852125693160814,2,5,2665,40,ESTIMATED,ESTIMATED,ESTIMATED,97bb052487e3f5d08d7e10a8c652c5de376262b9b9f6dc11dab49edfb58227ab,"Descriptive arm estimate. CI is an individual-arm CI, not a paired-difference CI; no significance claim for a delta. Raw layer; operating point is the recorded P104 comparator rule, not a final clinical threshold.",D:\Codex_分拆Prompt嚴格無到院\outputs\v2\.p104rv\sweep_20260906T151250Z_account-10_v2\t29\r,1ad72b67fa20ba3fb2401d0a4af68afb2899f06ba1bec7bc23145ae6b7f0d78b,D:\Codex_分拆Prompt嚴格無到院\outputs\v2\.p104k10\cloud_validation_index_20260906T211456Z\task_surgery__S6__08_median_vs_knn_validation.json,54a08ef0f5cd4c2bcc3db78dacb8ecdc9fd1916038ad4c25d91fa670bbf8bf5a
surgery__S6__09_class_weight_smotenc_threshold,surgery,S6,ablation,09_class_weight_smotenc_threshold,09_class_weight_smotenc_threshold / class_weight,class_weight,oof_2020_2023,RAW_RECORDED_PREDICTIONS,raw,VALIDATED_COMPUTED,Full locked input feature order,d5d5e2d8a0734a0ce9af97a6606994868307c154f09eee30ee788ada6108d568,764,"0.59493 [0.531872, 0.658193]","0.0275032 [0.0195186, 0.0442859]",8731,103,0.5949302564241058,0.5318716461891726,0.6581929350543273,0.027503244747138583,0.01951858539864049,0.04428585091521591,0.07378091195315446,0.06935277123542428,0.07825857308985609,0.06511627906976744,-0.08028862673233307,0.5,0.5,0.5,0.27184466019417475,0.9155076495132128,0.036988110964332896,0.990594431903687,28,729,7899,75,ESTIMATED,ESTIMATED,ESTIMATED,c0ab089b4f6f786d7eb07f8a635988081a1cf2a6aa92a4e4bc8b4b54a5718c52,"Descriptive arm estimate. CI is an individual-arm CI, not a paired-difference CI; no significance claim for a delta. Raw layer; operating point is the recorded P104 comparator rule, not a final clinical threshold.",D:\Codex_分拆Prompt嚴格無到院\outputs\v2\specialty_opname_v1\p1_04_extension_20260905\runs\surgery__S6__09_class_weight_smotenc_threshold,1388c8c3b9538aa317b3ed117a8f1535b47ed045f1a2598bec9f96cc07d8d7f2,D:\Codex_分拆Prompt嚴格無到院\outputs\v2\specialty_opname_v1\p1_04_extension_20260905\local_dispatch_full\validations\surgery__S6__09_class_weight_smotenc_threshold\1388c8c3b9538aa3_3c510f4d0008.report.json,415eea532fb49ff7b1d82667c66ea013799a2e9c0c9c54e43995f72ede6923b3
surgery__S6__09_class_weight_smotenc_threshold,surgery,S6,ablation,09_class_weight_smotenc_threshold,09_class_weight_smotenc_threshold / class_weight,class_weight,validation_2024,RAW_RECORDED_PREDICTIONS,raw,VALIDATED_COMPUTED,Full locked input feature order,d5d5e2d8a0734a0ce9af97a6606994868307c154f09eee30ee788ada6108d568,764,"0.648872 [0.543247, 0.749477]","0.0694382 [0.0387705, 0.145336]",2712,42,0.6488719457820582,0.5432474260846741,0.7494774765820358,0.06943823702600975,0.0387704608631041,0.14533641327505956,0.07594316701820067,0.06812692308026952,0.08386460403777048,0.11447811447811448,-0.08148967551622419,0.5,0.5,0.5,0.40476190476190477,0.9108614232209737,0.06666666666666667,0.9898249898249898,17,238,2432,25,ESTIMATED,ESTIMATED,ESTIMATED,97bb052487e3f5d08d7e10a8c652c5de376262b9b9f6dc11dab49edfb58227ab,"Descriptive arm estimate. CI is an individual-arm CI, not a paired-difference CI; no significance claim for a delta. Raw layer; operating point is the recorded P104 comparator rule, not a final clinical threshold.",D:\Codex_分拆Prompt嚴格無到院\outputs\v2\specialty_opname_v1\p1_04_extension_20260905\runs\surgery__S6__09_class_weight_smotenc_threshold,1388c8c3b9538aa317b3ed117a8f1535b47ed045f1a2598bec9f96cc07d8d7f2,D:\Codex_分拆Prompt嚴格無到院\outputs\v2\specialty_opname_v1\p1_04_extension_20260905\local_dispatch_full\validations\surgery__S6__09_class_weight_smotenc_threshold\1388c8c3b9538aa3_3c510f4d0008.report.json,415eea532fb49ff7b1d82667c66ea013799a2e9c0c9c54e43995f72ede6923b3
surgery__S6__09_class_weight_smotenc_threshold,surgery,S6,ablation,09_class_weight_smotenc_threshold,09_class_weight_smotenc_threshold / smotenc,smotenc,oof_2020_2023,RAW_RECORDED_PREDICTIONS,raw,VALIDATED_COMPUTED,Full locked input feature order,d5d5e2d8a0734a0ce9af97a6606994868307c154f09eee30ee788ada6108d568,764,"0.567829 [0.510992, 0.625944]","0.020332 [0.0147007, 0.0364202]",8731,103,0.5678289470723001,0.5109920141977463,0.6259437121533761,0.020332005349445695,0.014700670532714623,0.03642024734384519,0.026255736939623246,0.024158272977607854,0.028435208286999056,0.04912280701754386,-0.019241782155537738,0.5,0.5,0.5,0.06796116504854369,0.9797171998145573,0.038461538461538464,0.988770616446368,7,175,8453,96,ESTIMATED,ESTIMATED,ESTIMATED,c0ab089b4f6f786d7eb07f8a635988081a1cf2a6aa92a4e4bc8b4b54a5718c52,"Descriptive arm estimate. CI is an individual-arm CI, not a paired-difference CI; no significance claim for a delta. Raw layer; operating point is the recorded P104 comparator rule, not a final clinical threshold.",D:\Codex_分拆Prompt嚴格無到院\outputs\v2\specialty_opname_v1\p1_04_extension_20260905\runs\surgery__S6__09_class_weight_smotenc_threshold,1388c8c3b9538aa317b3ed117a8f1535b47ed045f1a2598bec9f96cc07d8d7f2,D:\Codex_分拆Prompt嚴格無到院\outputs\v2\specialty_opname_v1\p1_04_extension_20260905\local_dispatch_full\validations\surgery__S6__09_class_weight_smotenc_threshold\1388c8c3b9538aa3_3c510f4d0008.report.json,415eea532fb49ff7b1d82667c66ea013799a2e9c0c9c54e43995f72ede6923b3
surgery__S6__09_class_weight_smotenc_threshold,surgery,S6,ablation,09_class_weight_smotenc_threshold,09_class_weight_smotenc_threshold / smotenc,smotenc,validation_2024,RAW_RECORDED_PREDICTIONS,raw,VALIDATED_COMPUTED,Full locked input feature order,d5d5e2d8a0734a0ce9af97a6606994868307c154f09eee30ee788ada6108d568,764,"0.602158 [0.497384, 0.696475]","0.0351624 [0.0207621, 0.0746002]",2712,42,0.6021580167647583,0.4973838994644775,0.6964751910343548,0.03516238864993361,0.020762081162550083,0.0746001623920534,0.026359776506297047,0.023001235981859897,0.029999071432685886,0.06818181818181818,-0.014749262536873156,0.5,0.5,0.5,0.07142857142857142,0.9838951310861423,0.06521739130434782,0.9853713428357089,3,43,2627,39,ESTIMATED,ESTIMATED,ESTIMATED,97bb052487e3f5d08d7e10a8c652c5de376262b9b9f6dc11dab49edfb58227ab,"Descriptive arm estimate. CI is an individual-arm CI, not a paired-difference CI; no significance claim for a delta. Raw layer; operating point is the recorded P104 comparator rule, not a final clinical threshold.",D:\Codex_分拆Prompt嚴格無到院\outputs\v2\specialty_opname_v1\p1_04_extension_20260905\runs\surgery__S6__09_class_weight_smotenc_threshold,1388c8c3b9538aa317b3ed117a8f1535b47ed045f1a2598bec9f96cc07d8d7f2,D:\Codex_分拆Prompt嚴格無到院\outputs\v2\specialty_opname_v1\p1_04_extension_20260905\local_dispatch_full\validations\surgery__S6__09_class_weight_smotenc_threshold\1388c8c3b9538aa3_3c510f4d0008.report.json,415eea532fb49ff7b1d82667c66ea013799a2e9c0c9c54e43995f72ede6923b3
surgery__S6__09_class_weight_smotenc_threshold,surgery,S6,ablation,09_class_weight_smotenc_threshold,09_class_weight_smotenc_threshold / threshold_shift,threshold_shift,oof_2020_2023,RAW_RECORDED_PREDICTIONS,raw,VALIDATED_COMPUTED,Full locked input feature order,d5d5e2d8a0734a0ce9af97a6606994868307c154f09eee30ee788ada6108d568,764,"0.653941 [0.587923, 0.714618]","0.0401676 [0.0267153, 0.0685319]",8731,103,0.6539411084254921,0.5879228064511597,0.7146184419391215,0.040167618072796354,0.02671525302644344,0.06853191226657036,0.01577182555805106,0.014519152588086406,0.017141314889606657,0.12448132780082988,-0.0018503856873849289,0.2035379256854911,0.1939306514986461,0.21579264664828504,0.14563106796116504,0.9857440890125174,0.10869565217391304,0.9897591062492727,15,123,8505,88,ESTIMATED,ESTIMATED,ESTIMATED,c0ab089b4f6f786d7eb07f8a635988081a1cf2a6aa92a4e4bc8b4b54a5718c52,"Descriptive arm estimate. CI is an individual-arm CI, not a paired-difference CI; no significance claim for a delta. Raw layer; operating point is the recorded P104 comparator rule, not a final clinical threshold.",D:\Codex_分拆Prompt嚴格無到院\outputs\v2\specialty_opname_v1\p1_04_extension_20260905\runs\surgery__S6__09_class_weight_smotenc_threshold,1388c8c3b9538aa317b3ed117a8f1535b47ed045f1a2598bec9f96cc07d8d7f2,D:\Codex_分拆Prompt嚴格無到院\outputs\v2\specialty_opname_v1\p1_04_extension_20260905\local_dispatch_full\validations\surgery__S6__09_class_weight_smotenc_threshold\1388c8c3b9538aa3_3c510f4d0008.report.json,415eea532fb49ff7b1d82667c66ea013799a2e9c0c9c54e43995f72ede6923b3
surgery__S6__09_class_weight_smotenc_threshold,surgery,S6,ablation,09_class_weight_smotenc_threshold,09_class_weight_smotenc_threshold / threshold_shift,threshold_shift,validation_2024,RAW_RECORDED_PREDICTIONS,raw,VALIDATED_COMPUTED,Full locked input feature order,d5d5e2d8a0734a0ce9af97a6606994868307c154f09eee30ee788ada6108d568,764,"0.722195 [0.619072, 0.818544]","0.144744 [0.0776454, 0.283612]",2712,42,0.7221954699482789,0.6190720758234312,0.8185435573204974,0.14474367263042892,0.0776453906122224,0.2836116668093306,0.015695562987957875,0.013525281805084095,0.017932697296719025,0.26373626373626374,0.001356620790635358,0.18359861831913749,0.18359861831913749,0.18359861831913749,0.2857142857142857,0.9861423220973783,0.24489795918367346,0.9887345099511828,12,37,2633,30,ESTIMATED,ESTIMATED,ESTIMATED,97bb052487e3f5d08d7e10a8c652c5de376262b9b9f6dc11dab49edfb58227ab,"Descriptive arm estimate. CI is an individual-arm CI, not a paired-difference CI; no significance claim for a delta. Raw layer; operating point is the recorded P104 comparator rule, not a final clinical threshold.",D:\Codex_分拆Prompt嚴格無到院\outputs\v2\specialty_opname_v1\p1_04_extension_20260905\runs\surgery__S6__09_class_weight_smotenc_threshold,1388c8c3b9538aa317b3ed117a8f1535b47ed045f1a2598bec9f96cc07d8d7f2,D:\Codex_分拆Prompt嚴格無到院\outputs\v2\specialty_opname_v1\p1_04_extension_20260905\local_dispatch_full\validations\surgery__S6__09_class_weight_smotenc_threshold\1388c8c3b9538aa3_3c510f4d0008.report.json,415eea532fb49ff7b1d82667c66ea013799a2e9c0c9c54e43995f72ede6923b3
surgery__S6__10_prehospital_vs_ed_early,surgery,S6,ablation,10_prehospital_vs_ed_early,10_prehospital_vs_ed_early / locked_full,locked_full,oof_2020_2023,RAW_RECORDED_PREDICTIONS,raw,VALIDATED_COMPUTED,Full locked input feature order,d5d5e2d8a0734a0ce9af97a6606994868307c154f09eee30ee788ada6108d568,764,"0.833896 [0.797434, 0.869632]","0.0630928 [0.047285, 0.0946515]",8731,103,0.833895963019476,0.7974341206662117,0.8696317533658985,0.06309281287388144,0.047285007143659255,0.09465150747923004,0.014475983578773537,0.013933418225645776,0.015007658018003132,0.0,-0.0008017409231474057,0.5,0.5,0.5,0.0,0.9991886879925823,0.0,0.9881934892251261,0,7,8621,103,ESTIMATED,ESTIMATED,ESTIMATED,c0ab089b4f6f786d7eb07f8a635988081a1cf2a6aa92a4e4bc8b4b54a5718c52,"Descriptive arm estimate. CI is an individual-arm CI, not a paired-difference CI; no significance claim for a delta. Raw layer; operating point is the recorded P104 comparator rule, not a final clinical threshold.",D:\Codex_分拆Prompt嚴格無到院\outputs\v2\.p104rv\sweep_20260906T211456Z_account-01_v2\t30\r,741f8a4dc461e93a9a84bf69cf22abff6973405cbe75d9b4bdc952a5ccf6e30a,D:\Codex_分拆Prompt嚴格無到院\outputs\v2\.p104k10\cloud_validation_index_20260906T211456Z\task_surgery__S6__10_prehospital_vs_ed_early_validation.json,8ebdb9a1d12f794ddfb80697383787d33471fb671c59d233f12e8e6ea5b7bc13
surgery__S6__10_prehospital_vs_ed_early,surgery,S6,ablation,10_prehospital_vs_ed_early,10_prehospital_vs_ed_early / locked_full,locked_full,validation_2024,RAW_RECORDED_PREDICTIONS,raw,VALIDATED_COMPUTED,Full locked input feature order,d5d5e2d8a0734a0ce9af97a6606994868307c154f09eee30ee788ada6108d568,764,"0.856528 [0.804332, 0.902832]","0.111085 [0.0711517, 0.207811]",2712,42,0.8565275548421616,0.8043318061431409,0.9028316896922662,0.11108467098054217,0.0711516626888558,0.20781059306016755,0.01881776145283156,0.017384936255584273,0.020273377085005196,0.08163265306122448,-0.0011061946902654867,0.5,0.5,0.5,0.047619047619047616,0.99812734082397,0.2857142857142857,0.9852125693160814,2,5,2665,40,ESTIMATED,ESTIMATED,ESTIMATED,97bb052487e3f5d08d7e10a8c652c5de376262b9b9f6dc11dab49edfb58227ab,"Descriptive arm estimate. CI is an individual-arm CI, not a paired-difference CI; no significance claim for a delta. Raw layer; operating point is the recorded P104 comparator rule, not a final clinical threshold.",D:\Codex_分拆Prompt嚴格無到院\outputs\v2\.p104rv\sweep_20260906T211456Z_account-01_v2\t30\r,741f8a4dc461e93a9a84bf69cf22abff6973405cbe75d9b4bdc952a5ccf6e30a,D:\Codex_分拆Prompt嚴格無到院\outputs\v2\.p104k10\cloud_validation_index_20260906T211456Z\task_surgery__S6__10_prehospital_vs_ed_early_validation.json,8ebdb9a1d12f794ddfb80697383787d33471fb671c59d233f12e8e6ea5b7bc13
surgery__S6__10_prehospital_vs_ed_early,surgery,S6,ablation,10_prehospital_vs_ed_early,10_prehospital_vs_ed_early / plus_ed_early,plus_ed_early,oof_2020_2023,RAW_RECORDED_PREDICTIONS,raw,VALIDATED_COMPUTED,Full prehospital inputs plus separately labelled ED-early comparator inputs,a13b2333d99c92de94917b98c1bf5db5969fce60a635c467dff6a04ee3da0e03,790,"0.835634 [0.801604, 0.870124]","0.0630498 [0.047331, 0.0956697]",8731,103,0.8356344887496567,0.8016044723496135,0.870124421124926,0.06304983166898805,0.04733096088818739,0.0956697234501763,0.014487094328188217,0.013985654195200195,0.014933635218616107,0.0,-0.0006872065055549192,0.5,0.5,0.5,0.0,0.9993045897079277,0.0,0.9881948424068768,0,6,8622,103,ESTIMATED,ESTIMATED,ESTIMATED,c0ab089b4f6f786d7eb07f8a635988081a1cf2a6aa92a4e4bc8b4b54a5718c52,"Descriptive arm estimate. CI is an individual-arm CI, not a paired-difference CI; no significance claim for a delta. Raw layer; operating point is the recorded P104 comparator rule, not a final clinical threshold.",D:\Codex_分拆Prompt嚴格無到院\outputs\v2\.p104rv\sweep_20260906T211456Z_account-01_v2\t30\r,741f8a4dc461e93a9a84bf69cf22abff6973405cbe75d9b4bdc952a5ccf6e30a,D:\Codex_分拆Prompt嚴格無到院\outputs\v2\.p104k10\cloud_validation_index_20260906T211456Z\task_surgery__S6__10_prehospital_vs_ed_early_validation.json,8ebdb9a1d12f794ddfb80697383787d33471fb671c59d233f12e8e6ea5b7bc13
surgery__S6__10_prehospital_vs_ed_early,surgery,S6,ablation,10_prehospital_vs_ed_early,10_prehospital_vs_ed_early / plus_ed_early,plus_ed_early,validation_2024,RAW_RECORDED_PREDICTIONS,raw,VALIDATED_COMPUTED,Full prehospital inputs plus separately labelled ED-early comparator inputs,a13b2333d99c92de94917b98c1bf5db5969fce60a635c467dff6a04ee3da0e03,790,"0.878848 [0.826881, 0.92166]","0.12597 [0.0827742, 0.213686]",2712,42,0.8788478687355091,0.8268811414883552,0.9216597383447459,0.12597008653668582,0.08277420056596753,0.21368600838008045,0.018661620747687038,0.017337065500745243,0.020014551431769865,0.04081632653061224,-0.0018436578171091445,0.5,0.5,0.5,0.023809523809523808,0.9977528089887641,0.14285714285714285,0.9848428835489834,1,6,2664,41,ESTIMATED,ESTIMATED,ESTIMATED,97bb052487e3f5d08d7e10a8c652c5de376262b9b9f6dc11dab49edfb58227ab,"Descriptive arm estimate. CI is an individual-arm CI, not a paired-difference CI; no significance claim for a delta. Raw layer; operating point is the recorded P104 comparator rule, not a final clinical threshold.",D:\Codex_分拆Prompt嚴格無到院\outputs\v2\.p104rv\sweep_20260906T211456Z_account-01_v2\t30\r,741f8a4dc461e93a9a84bf69cf22abff6973405cbe75d9b4bdc952a5ccf6e30a,D:\Codex_分拆Prompt嚴格無到院\outputs\v2\.p104k10\cloud_validation_index_20260906T211456Z\task_surgery__S6__10_prehospital_vs_ed_early_validation.json,8ebdb9a1d12f794ddfb80697383787d33471fb671c59d233f12e8e6ea5b7bc13
surgery__S6__11_collaborator_variables,surgery,S6,ablation,11_collaborator_variables,11_collaborator_variables / locked_full,locked_full,oof_2020_2023,RAW_RECORDED_PREDICTIONS,raw,VALIDATED_COMPUTED,Full locked input feature order,d5d5e2d8a0734a0ce9af97a6606994868307c154f09eee30ee788ada6108d568,764,"0.833896 [0.797434, 0.869632]","0.0630928 [0.047285, 0.0946515]",8731,103,0.833895963019476,0.7974341206662117,0.8696317533658985,0.06309281287388144,0.047285007143659255,0.09465150747923004,0.014475983578773537,0.013933418225645776,0.015007658018003132,0.0,-0.0008017409231474057,0.5,0.5,0.5,0.0,0.9991886879925823,0.0,0.9881934892251261,0,7,8621,103,ESTIMATED,ESTIMATED,ESTIMATED,c0ab089b4f6f786d7eb07f8a635988081a1cf2a6aa92a4e4bc8b4b54a5718c52,"Descriptive arm estimate. CI is an individual-arm CI, not a paired-difference CI; no significance claim for a delta. Raw layer; operating point is the recorded P104 comparator rule, not a final clinical threshold.",D:\Codex_分拆Prompt嚴格無到院\outputs\v2\.p104rv\sweep_20260906T191424Z_account-02_v2\t30\r,d3d54dfd1619ff1ab27fabe562e5ce1f524dffe9a8ac039ac606d269cc4dd030,D:\Codex_分拆Prompt嚴格無到院\outputs\v2\.p104k10\cloud_validation_index_20260906T211456Z\task_surgery__S6__11_collaborator_variables_validation.json,0e344a39f89fce3969dc9d410286138d5b0faaa5c29ac65cbcddc74853943a66
surgery__S6__11_collaborator_variables,surgery,S6,ablation,11_collaborator_variables,11_collaborator_variables / locked_full,locked_full,validation_2024,RAW_RECORDED_PREDICTIONS,raw,VALIDATED_COMPUTED,Full locked input feature order,d5d5e2d8a0734a0ce9af97a6606994868307c154f09eee30ee788ada6108d568,764,"0.856528 [0.804332, 0.902832]","0.111085 [0.0711517, 0.207811]",2712,42,0.8565275548421616,0.8043318061431409,0.9028316896922662,0.11108467098054217,0.0711516626888558,0.20781059306016755,0.01881776145283156,0.017384936255584273,0.020273377085005196,0.08163265306122448,-0.0011061946902654867,0.5,0.5,0.5,0.047619047619047616,0.99812734082397,0.2857142857142857,0.9852125693160814,2,5,2665,40,ESTIMATED,ESTIMATED,ESTIMATED,97bb052487e3f5d08d7e10a8c652c5de376262b9b9f6dc11dab49edfb58227ab,"Descriptive arm estimate. CI is an individual-arm CI, not a paired-difference CI; no significance claim for a delta. Raw layer; operating point is the recorded P104 comparator rule, not a final clinical threshold.",D:\Codex_分拆Prompt嚴格無到院\outputs\v2\.p104rv\sweep_20260906T191424Z_account-02_v2\t30\r,d3d54dfd1619ff1ab27fabe562e5ce1f524dffe9a8ac039ac606d269cc4dd030,D:\Codex_分拆Prompt嚴格無到院\outputs\v2\.p104k10\cloud_validation_index_20260906T211456Z\task_surgery__S6__11_collaborator_variables_validation.json,0e344a39f89fce3969dc9d410286138d5b0faaa5c29ac65cbcddc74853943a66
surgery__S6__11_collaborator_variables,surgery,S6,ablation,11_collaborator_variables,11_collaborator_variables / without_collaborator_variables_exact,without_collaborator_variables_exact,oof_2020_2023,RAW_RECORDED_PREDICTIONS,raw,VALIDATED_COMPUTED,Full inputs excluding source-defined collaborator_variables_exact,b99f46275695791d2b4760ac050107910386b57ca1ee6453e725319cacf616b2,754,"0.838378 [0.802945, 0.869954]","0.0653046 [0.0483514, 0.0985328]",8731,103,0.8383778710992884,0.8029450338721469,0.8699536125867176,0.0653045755348213,0.04835137333883823,0.09853280378456994,0.014801385767673899,0.014293010902562256,0.015324467148209163,0.0,-0.0008017409231474057,0.5,0.5,0.5,0.0,0.9991886879925823,0.0,0.9881934892251261,0,7,8621,103,ESTIMATED,ESTIMATED,ESTIMATED,c0ab089b4f6f786d7eb07f8a635988081a1cf2a6aa92a4e4bc8b4b54a5718c52,"Descriptive arm estimate. CI is an individual-arm CI, not a paired-difference CI; no significance claim for a delta. Raw layer; operating point is the recorded P104 comparator rule, not a final clinical threshold.",D:\Codex_分拆Prompt嚴格無到院\outputs\v2\.p104rv\sweep_20260906T191424Z_account-02_v2\t30\r,d3d54dfd1619ff1ab27fabe562e5ce1f524dffe9a8ac039ac606d269cc4dd030,D:\Codex_分拆Prompt嚴格無到院\outputs\v2\.p104k10\cloud_validation_index_20260906T211456Z\task_surgery__S6__11_collaborator_variables_validation.json,0e344a39f89fce3969dc9d410286138d5b0faaa5c29ac65cbcddc74853943a66
surgery__S6__11_collaborator_variables,surgery,S6,ablation,11_collaborator_variables,11_collaborator_variables / without_collaborator_variables_exact,without_collaborator_variables_exact,validation_2024,RAW_RECORDED_PREDICTIONS,raw,VALIDATED_COMPUTED,Full inputs excluding source-defined collaborator_variables_exact,b99f46275695791d2b4760ac050107910386b57ca1ee6453e725319cacf616b2,754,"0.858641 [0.8043, 0.906541]","0.114328 [0.0720467, 0.216443]",2712,42,0.8586409844836812,0.8042996851999372,0.9065409559346126,0.1143282822879381,0.07204673526613825,0.2164432271636094,0.019664709908495653,0.018199258861312326,0.021098387085652013,0.08163265306122448,-0.0011061946902654867,0.5,0.5,0.5,0.047619047619047616,0.99812734082397,0.2857142857142857,0.9852125693160814,2,5,2665,40,ESTIMATED,ESTIMATED,ESTIMATED,97bb052487e3f5d08d7e10a8c652c5de376262b9b9f6dc11dab49edfb58227ab,"Descriptive arm estimate. CI is an individual-arm CI, not a paired-difference CI; no significance claim for a delta. Raw layer; operating point is the recorded P104 comparator rule, not a final clinical threshold.",D:\Codex_分拆Prompt嚴格無到院\outputs\v2\.p104rv\sweep_20260906T191424Z_account-02_v2\t30\r,d3d54dfd1619ff1ab27fabe562e5ce1f524dffe9a8ac039ac606d269cc4dd030,D:\Codex_分拆Prompt嚴格無到院\outputs\v2\.p104k10\cloud_validation_index_20260906T211456Z\task_surgery__S6__11_collaborator_variables_validation.json,0e344a39f89fce3969dc9d410286138d5b0faaa5c29ac65cbcddc74853943a66
surgery__S6__12_remove_distance,surgery,S6,ablation,12_remove_distance,12_remove_distance / locked_full,locked_full,oof_2020_2023,RAW_RECORDED_PREDICTIONS,raw,VALIDATED_COMPUTED,Full locked input feature order,d5d5e2d8a0734a0ce9af97a6606994868307c154f09eee30ee788ada6108d568,764,"0.833896 [0.797434, 0.869632]","0.0630928 [0.047285, 0.0946515]",8731,103,0.833895963019476,0.7974341206662117,0.8696317533658985,0.06309281287388144,0.047285007143659255,0.09465150747923004,0.014475983578773537,0.013933418225645776,0.015007658018003132,0.0,-0.0008017409231474057,0.5,0.5,0.5,0.0,0.9991886879925823,0.0,0.9881934892251261,0,7,8621,103,ESTIMATED,ESTIMATED,ESTIMATED,c0ab089b4f6f786d7eb07f8a635988081a1cf2a6aa92a4e4bc8b4b54a5718c52,"Descriptive arm estimate. CI is an individual-arm CI, not a paired-difference CI; no significance claim for a delta. Raw layer; operating point is the recorded P104 comparator rule, not a final clinical threshold.",D:\Codex_分拆Prompt嚴格無到院\outputs\v2\.p104rv\sweep_20260906T171453Z_account-03_v2\t30\r,31e972cdf286cc11ce606e86447da7cf74534f2534c8b0c236d862fc699a4240,D:\Codex_分拆Prompt嚴格無到院\outputs\v2\.p104k10\cloud_validation_index_20260906T211456Z\task_surgery__S6__12_remove_distance_validation.json,7a29b29b975a1790b2961d30e7509e534e8bf69bf31fee9869f4dc4a9ba1741b
surgery__S6__12_remove_distance,surgery,S6,ablation,12_remove_distance,12_remove_distance / locked_full,locked_full,validation_2024,RAW_RECORDED_PREDICTIONS,raw,VALIDATED_COMPUTED,Full locked input feature order,d5d5e2d8a0734a0ce9af97a6606994868307c154f09eee30ee788ada6108d568,764,"0.856528 [0.804332, 0.902832]","0.111085 [0.0711517, 0.207811]",2712,42,0.8565275548421616,0.8043318061431409,0.9028316896922662,0.11108467098054217,0.0711516626888558,0.20781059306016755,0.01881776145283156,0.017384936255584273,0.020273377085005196,0.08163265306122448,-0.0011061946902654867,0.5,0.5,0.5,0.047619047619047616,0.99812734082397,0.2857142857142857,0.9852125693160814,2,5,2665,40,ESTIMATED,ESTIMATED,ESTIMATED,97bb052487e3f5d08d7e10a8c652c5de376262b9b9f6dc11dab49edfb58227ab,"Descriptive arm estimate. CI is an individual-arm CI, not a paired-difference CI; no significance claim for a delta. Raw layer; operating point is the recorded P104 comparator rule, not a final clinical threshold.",D:\Codex_分拆Prompt嚴格無到院\outputs\v2\.p104rv\sweep_20260906T171453Z_account-03_v2\t30\r,31e972cdf286cc11ce606e86447da7cf74534f2534c8b0c236d862fc699a4240,D:\Codex_分拆Prompt嚴格無到院\outputs\v2\.p104k10\cloud_validation_index_20260906T211456Z\task_surgery__S6__12_remove_distance_validation.json,7a29b29b975a1790b2961d30e7509e534e8bf69bf31fee9869f4dc4a9ba1741b
surgery__S6__12_remove_distance,surgery,S6,ablation,12_remove_distance,12_remove_distance / without_distance,without_distance,oof_2020_2023,RAW_RECORDED_PREDICTIONS,raw,VALIDATED_COMPUTED,Full inputs excluding source-defined distance,b536524057bac4c3a9a2df49d51ed66f7aaaf993958d9bf190a45c54ec06df08,752,"0.837731 [0.803187, 0.870356]","0.0637213 [0.0479785, 0.0972286]",8731,103,0.8377308469602244,0.8031866229247298,0.870355793101102,0.06372134873784707,0.04797848119323426,0.09722858866780185,0.014894126198099343,0.014357676028926989,0.015393219071872565,0.0,-0.0006872065055549192,0.5,0.5,0.5,0.0,0.9993045897079277,0.0,0.9881948424068768,0,6,8622,103,ESTIMATED,ESTIMATED,ESTIMATED,c0ab089b4f6f786d7eb07f8a635988081a1cf2a6aa92a4e4bc8b4b54a5718c52,"Descriptive arm estimate. CI is an individual-arm CI, not a paired-difference CI; no significance claim for a delta. Raw layer; operating point is the recorded P104 comparator rule, not a final clinical threshold.",D:\Codex_分拆Prompt嚴格無到院\outputs\v2\.p104rv\sweep_20260906T171453Z_account-03_v2\t30\r,31e972cdf286cc11ce606e86447da7cf74534f2534c8b0c236d862fc699a4240,D:\Codex_分拆Prompt嚴格無到院\outputs\v2\.p104k10\cloud_validation_index_20260906T211456Z\task_surgery__S6__12_remove_distance_validation.json,7a29b29b975a1790b2961d30e7509e534e8bf69bf31fee9869f4dc4a9ba1741b
surgery__S6__12_remove_distance,surgery,S6,ablation,12_remove_distance,12_remove_distance / without_distance,without_distance,validation_2024,RAW_RECORDED_PREDICTIONS,raw,VALIDATED_COMPUTED,Full inputs excluding source-defined distance,b536524057bac4c3a9a2df49d51ed66f7aaaf993958d9bf190a45c54ec06df08,752,"0.860594 [0.811285, 0.904147]","0.111978 [0.072909, 0.205889]",2712,42,0.8605939004815408,0.8112854863369371,0.9041472117248069,0.1119784019684769,0.0729089846795308,0.20588926200310134,0.019806651367376412,0.018359298964161292,0.021215694898406846,0.07692307692307693,-0.0022123893805309734,0.5,0.5,0.5,0.047619047619047616,0.997003745318352,0.2,0.9851961509992598,2,8,2662,40,ESTIMATED,ESTIMATED,ESTIMATED,97bb052487e3f5d08d7e10a8c652c5de376262b9b9f6dc11dab49edfb58227ab,"Descriptive arm estimate. CI is an individual-arm CI, not a paired-difference CI; no significance claim for a delta. Raw layer; operating point is the recorded P104 comparator rule, not a final clinical threshold.",D:\Codex_分拆Prompt嚴格無到院\outputs\v2\.p104rv\sweep_20260906T171453Z_account-03_v2\t30\r,31e972cdf286cc11ce606e86447da7cf74534f2534c8b0c236d862fc699a4240,D:\Codex_分拆Prompt嚴格無到院\outputs\v2\.p104k10\cloud_validation_index_20260906T211456Z\task_surgery__S6__12_remove_distance_validation.json,7a29b29b975a1790b2961d30e7509e534e8bf69bf31fee9869f4dc4a9ba1741b
