task_id,group,outcome,kind,analysis,Experiment,arm,split,probability_layer,presentation,completion_status,Features included,feature_set_id,feature_count,AUROC[CI],AUPRC[CI],N,events,AUROC,AUROC_lower_ci,AUROC_upper_ci,AUPRC,AUPRC_lower_ci,AUPRC_upper_ci,Brier,Brier_lower_ci,Brier_upper_ci,F1,net benefit,threshold_mean,threshold_min,threshold_max,sensitivity,specificity,PPV,NPV,TP,FP,TN,FN,AUROC_status,AUPRC_status,Brier_status,cohort_identity_sha256,Interpretation,source_result_root,source_result_receipt_sha256,source_validation_path,source_validation_sha256
surgery__P1__missingness_median_indicator,surgery,P1,missingness,median_indicator,median_indicator / median_indicator,median_indicator,oof_2020_2023,RAW_LOCKED_BASE_PREDICTIONS,raw,VALIDATED_COMPUTED,Locked inputs; missingness strategy=median_indicator,d5d5e2d8a0734a0ce9af97a6606994868307c154f09eee30ee788ada6108d568,764,"0.962419 [0.914026, 0.998572]","0.177373 [0.0734659, 0.453883]",8731,9,0.9624194246987184,0.9140259772858041,0.9985723936624475,0.177372565678338,0.07346586735518162,0.45388287050289755,0.0009842727647613695,0.0008935705777403643,0.0010801146805467898,0.0,-0.00011453441759248655,0.5,0.5,0.5,0.0,0.9998853473973859,0.0,0.9989690721649485,0,1,8721,9,ESTIMATED,ESTIMATED,ESTIMATED,1932ab87fa0d7e44ab97647eaaf7048d214482266e54e2c6f8f2735bc7bcc360,"Descriptive arm estimate. CI is an individual-arm CI, not a paired-difference CI; no significance claim for a delta. Raw layer; operating point is the recorded P104 comparator rule, not a final clinical threshold.",D:\Codex_分拆Prompt嚴格無到院\outputs\v2\.p104rv\sweep_20260906T151250Z_account-06_v2\t14\r,7112a50ac2b85a82e43823dd27ee645168bbe5c1bd47cc02c420c8eea70f11f0,D:\Codex_分拆Prompt嚴格無到院\outputs\v2\.p104k10\cloud_validation_index_20260906T211456Z\task_surgery__P1__missingness_median_indicator_validation.json,ffc88e46eefc9910f9191dc3e9346bf1a7dbbf35e428be5b3078b67fba299931
surgery__P1__missingness_median_indicator,surgery,P1,missingness,median_indicator,median_indicator / median_indicator,median_indicator,validation_2024,RAW_LOCKED_BASE_PREDICTIONS,raw,VALIDATED_COMPUTED,Locked inputs; missingness strategy=median_indicator,d5d5e2d8a0734a0ce9af97a6606994868307c154f09eee30ee788ada6108d568,764,"0.96658 [0.906992, 0.99737]","0.261247 [0.135924, 0.584968]",2712,9,0.9665803428289556,0.9069924618635362,0.9973701755217467,0.26124708624708626,0.13592374109099714,0.5849679067515535,0.0029067913075611408,0.0024490264916502556,0.003319920875062647,0.0,0.0,0.5,0.5,0.5,0.0,1.0,,0.9966814159292036,0,0,2703,9,ESTIMATED,ESTIMATED,ESTIMATED,275a2492f4ab239e2924d96e5ac4b4b8de9740d648fcdb97738717fab3e688ae,"Descriptive arm estimate. CI is an individual-arm CI, not a paired-difference CI; no significance claim for a delta. Raw layer; operating point is the recorded P104 comparator rule, not a final clinical threshold.",D:\Codex_分拆Prompt嚴格無到院\outputs\v2\.p104rv\sweep_20260906T151250Z_account-06_v2\t14\r,7112a50ac2b85a82e43823dd27ee645168bbe5c1bd47cc02c420c8eea70f11f0,D:\Codex_分拆Prompt嚴格無到院\outputs\v2\.p104k10\cloud_validation_index_20260906T211456Z\task_surgery__P1__missingness_median_indicator_validation.json,ffc88e46eefc9910f9191dc3e9346bf1a7dbbf35e428be5b3078b67fba299931
surgery__P1__missingness_mean_indicator,surgery,P1,missingness,mean_indicator,mean_indicator / mean_indicator,mean_indicator,oof_2020_2023,RAW_LOCKED_BASE_PREDICTIONS,raw,VALIDATED_COMPUTED,Locked inputs; missingness strategy=mean_indicator,d5d5e2d8a0734a0ce9af97a6606994868307c154f09eee30ee788ada6108d568,764,"0.964369 [0.915791, 0.998348]","0.184321 [0.070195, 0.495267]",8731,9,0.9643685189431578,0.91579085372375,0.9983479646087596,0.18432103074881978,0.07019496249156655,0.49526662428269114,0.0010039416744065499,0.0009005829452843776,0.0011152124784428023,0.0,-0.00011453441759248655,0.5,0.5,0.5,0.0,0.9998853473973859,0.0,0.9989690721649485,0,1,8721,9,ESTIMATED,ESTIMATED,ESTIMATED,1932ab87fa0d7e44ab97647eaaf7048d214482266e54e2c6f8f2735bc7bcc360,"Descriptive arm estimate. CI is an individual-arm CI, not a paired-difference CI; no significance claim for a delta. Raw layer; operating point is the recorded P104 comparator rule, not a final clinical threshold.",D:\Codex_分拆Prompt嚴格無到院\outputs\v2\.p104rv\sweep_20260906T151250Z_account-05_v2\t14\r,b43b1abaa21d4147b4f079cefbe83a6c3aaa04ce91d03f5d3fce2a95e5282ee1,D:\Codex_分拆Prompt嚴格無到院\outputs\v2\.p104k10\cloud_validation_index_20260906T211456Z\task_surgery__P1__missingness_mean_indicator_validation.json,3266a743fb9e690d08c1f7a65fb48bc67d9d3a66b511f174b09d8bf0efa2c221
surgery__P1__missingness_mean_indicator,surgery,P1,missingness,mean_indicator,mean_indicator / mean_indicator,mean_indicator,validation_2024,RAW_LOCKED_BASE_PREDICTIONS,raw,VALIDATED_COMPUTED,Locked inputs; missingness strategy=mean_indicator,d5d5e2d8a0734a0ce9af97a6606994868307c154f09eee30ee788ada6108d568,764,"0.969992 [0.914406, 0.998477]","0.325215 [0.173072, 0.673695]",2712,9,0.9699921897480166,0.9144061517117821,0.998477380348385,0.325214646372331,0.17307224407659014,0.6736947928614594,0.0027907073403239174,0.0023310094199328357,0.0032545733474275726,0.0,0.0,0.5,0.5,0.5,0.0,1.0,,0.9966814159292036,0,0,2703,9,ESTIMATED,ESTIMATED,ESTIMATED,275a2492f4ab239e2924d96e5ac4b4b8de9740d648fcdb97738717fab3e688ae,"Descriptive arm estimate. CI is an individual-arm CI, not a paired-difference CI; no significance claim for a delta. Raw layer; operating point is the recorded P104 comparator rule, not a final clinical threshold.",D:\Codex_分拆Prompt嚴格無到院\outputs\v2\.p104rv\sweep_20260906T151250Z_account-05_v2\t14\r,b43b1abaa21d4147b4f079cefbe83a6c3aaa04ce91d03f5d3fce2a95e5282ee1,D:\Codex_分拆Prompt嚴格無到院\outputs\v2\.p104k10\cloud_validation_index_20260906T211456Z\task_surgery__P1__missingness_mean_indicator_validation.json,3266a743fb9e690d08c1f7a65fb48bc67d9d3a66b511f174b09d8bf0efa2c221
surgery__P1__missingness_tree_native,surgery,P1,missingness,tree_native,tree_native / tree_native,tree_native,oof_2020_2023,RAW_LOCKED_BASE_PREDICTIONS,raw,VALIDATED_COMPUTED,Locked inputs; missingness strategy=tree_native,d5d5e2d8a0734a0ce9af97a6606994868307c154f09eee30ee788ada6108d568,764,"0.941565 [0.839706, 0.996483]","0.117489 [0.0422728, 0.353189]",8731,9,0.9415653902010243,0.8397061846597842,0.9964826704972035,0.11748897540890155,0.042272781684681265,0.3531890944587667,0.0009900792819609473,0.0008555519116904515,0.0010978870593255827,0.0,0.0,0.5,0.5,0.5,0.0,1.0,,0.9989691902416676,0,0,8722,9,ESTIMATED,ESTIMATED,ESTIMATED,1932ab87fa0d7e44ab97647eaaf7048d214482266e54e2c6f8f2735bc7bcc360,"Descriptive arm estimate. CI is an individual-arm CI, not a paired-difference CI; no significance claim for a delta. Raw layer; operating point is the recorded P104 comparator rule, not a final clinical threshold.",D:\Codex_分拆Prompt嚴格無到院\outputs\v2\.p104rv\sweep_20260906T151250Z_account-10_v2\t14\r,d07dc4904ce544d18870a075f4e2b623488390fe660a180779aded9507137aea,D:\Codex_分拆Prompt嚴格無到院\outputs\v2\.p104k10\cloud_validation_index_20260906T211456Z\task_surgery__P1__missingness_tree_native_validation.json,068b4259c7da6ce51e45065553b9b4d402c8cba79dc5196e95c4dbb7c336a791
surgery__P1__missingness_tree_native,surgery,P1,missingness,tree_native,tree_native / tree_native,tree_native,validation_2024,RAW_LOCKED_BASE_PREDICTIONS,raw,VALIDATED_COMPUTED,Locked inputs; missingness strategy=tree_native,d5d5e2d8a0734a0ce9af97a6606994868307c154f09eee30ee788ada6108d568,764,"0.973856 [0.923425, 0.999097]","0.434532 [0.234239, 0.805373]",2712,9,0.9738562091503268,0.9234249769229226,0.9990967242023193,0.43453225971251486,0.23423870993434018,0.8053728704596591,0.002481190237271786,0.0019628943748657823,0.003018452516405725,0.0,-0.0003687315634218289,0.5,0.5,0.5,0.0,0.9996300406955235,0.0,0.9966801918111398,0,1,2702,9,ESTIMATED,ESTIMATED,ESTIMATED,275a2492f4ab239e2924d96e5ac4b4b8de9740d648fcdb97738717fab3e688ae,"Descriptive arm estimate. CI is an individual-arm CI, not a paired-difference CI; no significance claim for a delta. Raw layer; operating point is the recorded P104 comparator rule, not a final clinical threshold.",D:\Codex_分拆Prompt嚴格無到院\outputs\v2\.p104rv\sweep_20260906T151250Z_account-10_v2\t14\r,d07dc4904ce544d18870a075f4e2b623488390fe660a180779aded9507137aea,D:\Codex_分拆Prompt嚴格無到院\outputs\v2\.p104k10\cloud_validation_index_20260906T211456Z\task_surgery__P1__missingness_tree_native_validation.json,068b4259c7da6ce51e45065553b9b4d402c8cba79dc5196e95c4dbb7c336a791
surgery__P1__missingness_median_no_indicator,surgery,P1,missingness,median_no_indicator,median_no_indicator / median_no_indicator,median_no_indicator,oof_2020_2023,RAW_LOCKED_BASE_PREDICTIONS,raw,VALIDATED_COMPUTED,Remove specified baseline missingness indicators; retain undefined-score safeguards,0be3019014561edcf1c1cb3d305a4c74d405f0e1a6a4b35b5b24545e22ab35a6,512,"0.964649 [0.918403, 0.998474]","0.203338 [0.0787762, 0.509522]",8731,9,0.9646487808606589,0.9184026835604541,0.9984739318934469,0.20333768652784528,0.07877616328715546,0.5095223485989394,0.0009843402535600779,0.000877869890188099,0.001099464773418819,0.0,-0.00011453441759248655,0.5,0.5,0.5,0.0,0.9998853473973859,0.0,0.9989690721649485,0,1,8721,9,ESTIMATED,ESTIMATED,ESTIMATED,1932ab87fa0d7e44ab97647eaaf7048d214482266e54e2c6f8f2735bc7bcc360,"Descriptive arm estimate. CI is an individual-arm CI, not a paired-difference CI; no significance claim for a delta. Raw layer; operating point is the recorded P104 comparator rule, not a final clinical threshold. Specified MISS/indicator inputs removed; UNDEFINED_SCORE safeguards remain, so missingness information is not completely absent.",D:\Codex_分拆Prompt嚴格無到院\outputs\v2\.p104rv\sweep_20260906T171453Z_account-07_v2\t14\r,dea3c0106e1831df6f0fbfe8a06851ef77191b6772a691c0f3896eb65ce56b5e,D:\Codex_分拆Prompt嚴格無到院\outputs\v2\.p104k10\cloud_validation_index_20260906T211456Z\task_surgery__P1__missingness_median_no_indicator_validation.json,ed15862926a10ea5b26ff068a83734ccbe5b95dfaaa98460632f8c6f1763e673
surgery__P1__missingness_median_no_indicator,surgery,P1,missingness,median_no_indicator,median_no_indicator / median_no_indicator,median_no_indicator,validation_2024,RAW_LOCKED_BASE_PREDICTIONS,raw,VALIDATED_COMPUTED,Remove specified baseline missingness indicators; retain undefined-score safeguards,0be3019014561edcf1c1cb3d305a4c74d405f0e1a6a4b35b5b24545e22ab35a6,512,"0.972006 [0.920906, 0.998035]","0.398107 [0.1827, 0.695915]",2712,9,0.9720064126279443,0.9209061551846459,0.9980349170413669,0.3981072375899962,0.18270043779060066,0.6959145956913291,0.0027982600090830693,0.00224531291777271,0.003285049635238374,0.0,0.0,0.5,0.5,0.5,0.0,1.0,,0.9966814159292036,0,0,2703,9,ESTIMATED,ESTIMATED,ESTIMATED,275a2492f4ab239e2924d96e5ac4b4b8de9740d648fcdb97738717fab3e688ae,"Descriptive arm estimate. CI is an individual-arm CI, not a paired-difference CI; no significance claim for a delta. Raw layer; operating point is the recorded P104 comparator rule, not a final clinical threshold. Specified MISS/indicator inputs removed; UNDEFINED_SCORE safeguards remain, so missingness information is not completely absent.",D:\Codex_分拆Prompt嚴格無到院\outputs\v2\.p104rv\sweep_20260906T171453Z_account-07_v2\t14\r,dea3c0106e1831df6f0fbfe8a06851ef77191b6772a691c0f3896eb65ce56b5e,D:\Codex_分拆Prompt嚴格無到院\outputs\v2\.p104k10\cloud_validation_index_20260906T211456Z\task_surgery__P1__missingness_median_no_indicator_validation.json,ed15862926a10ea5b26ff068a83734ccbe5b95dfaaa98460632f8c6f1763e673
surgery__P1__missingness_full_complete_case,surgery,P1,missingness,full_complete_case,full_complete_case,,,RAW_LOCKED_BASE_PREDICTIONS,raw,VALIDATED_NOT_ESTIMABLE,,,,,,,,,,,,,,,,,,,,,,,,,,,,,,,,,,Validated not-estimable disposition; no performance value invented. empty evaluation or single-class training cohort,D:\Codex_分拆Prompt嚴格無到院\outputs\v2\.p104rv\sweep_20260906T171453Z_account-03_v2\t14\r,0e145048df7004d68dac8cc0eb7620ab04b65a3dfcb2cef0be7ac8e70086c34c,D:\Codex_分拆Prompt嚴格無到院\outputs\v2\.p104k10\cloud_validation_index_20260906T211456Z\task_surgery__P1__missingness_full_complete_case_validation.json,043c82169d3e61750efc2b8deefbd01be4af4347dae6a2121626aff69351dde7
surgery__P1__missingness_core_vitals_complete_case,surgery,P1,missingness,core_vitals_complete_case,core_vitals_complete_case / core_vitals_complete_case,core_vitals_complete_case,oof_2020_2023,RAW_LOCKED_BASE_PREDICTIONS,raw,VALIDATED_COMPUTED,Locked inputs; missingness strategy=core_vitals_complete_case,d5d5e2d8a0734a0ce9af97a6606994868307c154f09eee30ee788ada6108d568,764,"0.965887 [0.910687, 0.998078]","0.290044 [0.0356749, 0.64636]",8261,7,0.9658866696666553,0.9106868287692491,0.9980778284862938,0.2900441616730197,0.03567488532769938,0.6463601601780805,0.0007415512958850426,0.0005597174693523974,0.0008782907169765214,0.25,0.0001210507202517855,0.5,0.5,0.5,0.14285714285714285,1.0,1.0,0.999273607748184,1,0,8254,6,ESTIMATED,ESTIMATED,ESTIMATED,c504107781cc7f8a684bb7660cffd673d5ef5da91003622e05ba5e22902a01bc,"Descriptive arm estimate. CI is an individual-arm CI, not a paired-difference CI; no significance claim for a delta. Raw layer; operating point is the recorded P104 comparator rule, not a final clinical threshold.",D:\Codex_分拆Prompt嚴格無到院\outputs\v2\.p104rv\sweep_20260906T191424Z_account-02_v2\t14\r,dcb838c75add6b80f5a21fcc5ef95f52a94122e90ab04da5a2f072f0bc0a49b2,D:\Codex_分拆Prompt嚴格無到院\outputs\v2\.p104k10\cloud_validation_index_20260906T211456Z\task_surgery__P1__missingness_core_vitals_complete_case_validation.json,0f4dee35de92f473ef1d89b66a0e7580b2e998888de405c35b7b1a9af79652c7
surgery__P1__missingness_core_vitals_complete_case,surgery,P1,missingness,core_vitals_complete_case,core_vitals_complete_case / core_vitals_complete_case,core_vitals_complete_case,validation_2024,RAW_LOCKED_BASE_PREDICTIONS,raw,VALIDATED_COMPUTED,Locked inputs; missingness strategy=core_vitals_complete_case,d5d5e2d8a0734a0ce9af97a6606994868307c154f09eee30ee788ada6108d568,764,"0.940052 [0.87308, 0.999139]","0.0869565 [0.00671141, 0.5]",2329,2,0.9400515685431887,0.8730802471581363,0.9991390443392165,0.08695652173913043,0.006711409395973154,0.5,0.0010568034384791007,0.0008174251230958526,0.0014070141265747373,0.0,-0.00042936882782310007,0.5,0.5,0.5,0.0,0.9995702621400946,0.0,0.9991408934707904,0,1,2326,2,ESTIMATED,ESTIMATED,ESTIMATED,b8d4a30d94c56d1197d1ef54e48e9fc575e0aac524bf90a690c71d0f157102de,"Descriptive arm estimate. CI is an individual-arm CI, not a paired-difference CI; no significance claim for a delta. Raw layer; operating point is the recorded P104 comparator rule, not a final clinical threshold.",D:\Codex_分拆Prompt嚴格無到院\outputs\v2\.p104rv\sweep_20260906T191424Z_account-02_v2\t14\r,dcb838c75add6b80f5a21fcc5ef95f52a94122e90ab04da5a2f072f0bc0a49b2,D:\Codex_分拆Prompt嚴格無到院\outputs\v2\.p104k10\cloud_validation_index_20260906T211456Z\task_surgery__P1__missingness_core_vitals_complete_case_validation.json,0f4dee35de92f473ef1d89b66a0e7580b2e998888de405c35b7b1a9af79652c7
surgery__P1__missingness_knn_k5_continuous_ordinal_block,surgery,P1,missingness,knn_k5_continuous_ordinal_block,knn_k5_continuous_ordinal_block / knn_k5_continuous_ordinal_block,knn_k5_continuous_ordinal_block,oof_2020_2023,RAW_LOCKED_BASE_PREDICTIONS,raw,VALIDATED_COMPUTED,Locked inputs; missingness strategy=knn_k5_continuous_ordinal_block,d5d5e2d8a0734a0ce9af97a6606994868307c154f09eee30ee788ada6108d568,764,"0.934865 [0.8516, 0.996213]","0.118074 [0.0403694, 0.3087]",8731,9,0.9348645825371348,0.8515995194050687,0.9962134196975784,0.11807432472091633,0.04036937453473375,0.3087004650821479,0.0010683786210024218,0.0009740303953515869,0.0011858458571810256,0.0,-0.00011453441759248655,0.5,0.5,0.5,0.0,0.9998853473973859,0.0,0.9989690721649485,0,1,8721,9,ESTIMATED,ESTIMATED,ESTIMATED,1932ab87fa0d7e44ab97647eaaf7048d214482266e54e2c6f8f2735bc7bcc360,"Descriptive arm estimate. CI is an individual-arm CI, not a paired-difference CI; no significance claim for a delta. Raw layer; operating point is the recorded P104 comparator rule, not a final clinical threshold.",D:\Codex_分拆Prompt嚴格無到院\outputs\v2\.p104rv\sweep_20260906T161352Z_account-04_v3\t14\r,4c29951add574eca1715221c106d8c23ad7321b4279cc8ca4c7388ca120af152,D:\Codex_分拆Prompt嚴格無到院\outputs\v2\.p104k10\cloud_validation_index_20260906T211456Z\task_surgery__P1__missingness_knn_k5_continuous_ordinal_block_validation.json,7b0ab00bcdaf2913939404b1888837b0f3ff59bad0eb5bde4d7dce1f2ae595fb
surgery__P1__missingness_knn_k5_continuous_ordinal_block,surgery,P1,missingness,knn_k5_continuous_ordinal_block,knn_k5_continuous_ordinal_block / knn_k5_continuous_ordinal_block,knn_k5_continuous_ordinal_block,validation_2024,RAW_LOCKED_BASE_PREDICTIONS,raw,VALIDATED_COMPUTED,Locked inputs; missingness strategy=knn_k5_continuous_ordinal_block,d5d5e2d8a0734a0ce9af97a6606994868307c154f09eee30ee788ada6108d568,764,"0.976281 [0.930139, 0.99938]","0.542149 [0.29072, 0.877632]",2712,9,0.9762814979241172,0.9301392368426047,0.9993800177711003,0.5421489621489621,0.29072044831388444,0.8776322751322752,0.0024342038968067263,0.001905255409088595,0.0029581198410259324,0.0,0.0,0.5,0.5,0.5,0.0,1.0,,0.9966814159292036,0,0,2703,9,ESTIMATED,ESTIMATED,ESTIMATED,275a2492f4ab239e2924d96e5ac4b4b8de9740d648fcdb97738717fab3e688ae,"Descriptive arm estimate. CI is an individual-arm CI, not a paired-difference CI; no significance claim for a delta. Raw layer; operating point is the recorded P104 comparator rule, not a final clinical threshold.",D:\Codex_分拆Prompt嚴格無到院\outputs\v2\.p104rv\sweep_20260906T161352Z_account-04_v3\t14\r,4c29951add574eca1715221c106d8c23ad7321b4279cc8ca4c7388ca120af152,D:\Codex_分拆Prompt嚴格無到院\outputs\v2\.p104k10\cloud_validation_index_20260906T211456Z\task_surgery__P1__missingness_knn_k5_continuous_ordinal_block_validation.json,7b0ab00bcdaf2913939404b1888837b0f3ff59bad0eb5bde4d7dce1f2ae595fb
surgery__P1__missingness_bayesian_iterative_m10,surgery,P1,missingness,bayesian_iterative_m10,bayesian_iterative_m10 / bayesian_iterative_m10,bayesian_iterative_m10,oof_2020_2023,RAW_LOCKED_BASE_PREDICTIONS,raw,VALIDATED_COMPUTED,Locked inputs; missingness strategy=bayesian_iterative_m10,d5d5e2d8a0734a0ce9af97a6606994868307c154f09eee30ee788ada6108d568,764,"0.962228 [0.905399, 0.998301]","0.167889 [0.0694907, 0.430074]",8731,9,0.962228337027695,0.9053985980763003,0.9983012351346044,0.167889379868751,0.0694907024783704,0.4300735196568528,0.0009694114442489054,0.0009053434206124503,0.001031176714216578,0.0,0.0,0.5,0.5,0.5,0.0,1.0,,0.9989691902416676,0,0,8722,9,ESTIMATED,ESTIMATED,ESTIMATED,1932ab87fa0d7e44ab97647eaaf7048d214482266e54e2c6f8f2735bc7bcc360,"Descriptive arm estimate. CI is an individual-arm CI, not a paired-difference CI; no significance claim for a delta. Raw layer; operating point is the recorded P104 comparator rule, not a final clinical threshold.",D:\Codex_分拆Prompt嚴格無到院\outputs\v2\.p104rv\sweep_20260906T211456Z_account-01_v2\t14\r,c9efb1e97db03b2b672aca458e802be802c94cf4cf26f3ec7e4baaf096ef2479,D:\Codex_分拆Prompt嚴格無到院\outputs\v2\.p104k10\cloud_validation_index_20260906T211456Z\task_surgery__P1__missingness_bayesian_iterative_m10_validation.json,cb59e6363cd683bb5723fb3a9966d37e43f04793a6b5de477f9ceb201804d832
surgery__P1__missingness_bayesian_iterative_m10,surgery,P1,missingness,bayesian_iterative_m10,bayesian_iterative_m10 / bayesian_iterative_m10,bayesian_iterative_m10,validation_2024,RAW_LOCKED_BASE_PREDICTIONS,raw,VALIDATED_COMPUTED,Locked inputs; missingness strategy=bayesian_iterative_m10,d5d5e2d8a0734a0ce9af97a6606994868307c154f09eee30ee788ada6108d568,764,"0.985325 [0.961171, 0.998112]","0.281887 [0.171342, 0.5461]",2712,9,0.9853249475890985,0.9611705280536975,0.9981119104261253,0.28188693196776543,0.1713424114013266,0.5460998723498722,0.0030031126514849086,0.002674520650661349,0.0033479729221488463,0.0,0.0,0.5,0.5,0.5,0.0,1.0,,0.9966814159292036,0,0,2703,9,ESTIMATED,ESTIMATED,ESTIMATED,275a2492f4ab239e2924d96e5ac4b4b8de9740d648fcdb97738717fab3e688ae,"Descriptive arm estimate. CI is an individual-arm CI, not a paired-difference CI; no significance claim for a delta. Raw layer; operating point is the recorded P104 comparator rule, not a final clinical threshold.",D:\Codex_分拆Prompt嚴格無到院\outputs\v2\.p104rv\sweep_20260906T211456Z_account-01_v2\t14\r,c9efb1e97db03b2b672aca458e802be802c94cf4cf26f3ec7e4baaf096ef2479,D:\Codex_分拆Prompt嚴格無到院\outputs\v2\.p104k10\cloud_validation_index_20260906T211456Z\task_surgery__P1__missingness_bayesian_iterative_m10_validation.json,cb59e6363cd683bb5723fb3a9966d37e43f04793a6b5de477f9ceb201804d832
surgery__P1__missingness_mnar_minus_0_5sd,surgery,P1,missingness,mnar_minus_0_5sd,mnar_minus_0_5sd / mnar_minus_0_5sd,mnar_minus_0_5sd,oof_2020_2023,RAW_LOCKED_BASE_PREDICTIONS,raw,VALIDATED_COMPUTED,Locked inputs; missingness strategy=mnar_minus_0_5sd,d5d5e2d8a0734a0ce9af97a6606994868307c154f09eee30ee788ada6108d568,764,"0.958521 [0.899958, 0.998276]","0.175197 [0.0685606, 0.454181]",8731,9,0.9585212362098398,0.8999575117785158,0.9982764211347239,0.17519720832777294,0.06856059258337163,0.4541805043378045,0.0010039563003301274,0.0008981780542799505,0.0011259714464620443,0.0,-0.00011453441759248655,0.5,0.5,0.5,0.0,0.9998853473973859,0.0,0.9989690721649485,0,1,8721,9,ESTIMATED,ESTIMATED,ESTIMATED,1932ab87fa0d7e44ab97647eaaf7048d214482266e54e2c6f8f2735bc7bcc360,"Descriptive arm estimate. CI is an individual-arm CI, not a paired-difference CI; no significance claim for a delta. Raw layer; operating point is the recorded P104 comparator rule, not a final clinical threshold.",D:\Codex_分拆Prompt嚴格無到院\outputs\v2\.p104rv\sweep_20260906T171453Z_account-08_v2\t14\r,bb1505f853ee856b9331c520f6f030437d62ec35eedd9568764e53a9ee9f1328,D:\Codex_分拆Prompt嚴格無到院\outputs\v2\.p104k10\cloud_validation_index_20260906T211456Z\task_surgery__P1__missingness_mnar_minus_0_5sd_validation.json,ba5c71b21e449d2363796f830a2942073c36d424315515a07ca673a782c2de0a
surgery__P1__missingness_mnar_minus_0_5sd,surgery,P1,missingness,mnar_minus_0_5sd,mnar_minus_0_5sd / mnar_minus_0_5sd,mnar_minus_0_5sd,validation_2024,RAW_LOCKED_BASE_PREDICTIONS,raw,VALIDATED_COMPUTED,Locked inputs; missingness strategy=mnar_minus_0_5sd,d5d5e2d8a0734a0ce9af97a6606994868307c154f09eee30ee788ada6108d568,764,"0.972541 [0.921105, 0.998652]","0.438057 [0.211693, 0.757283]",2712,9,0.972540798289966,0.9211048604530868,0.9986516504317903,0.4380574569796612,0.2116931613717724,0.7572826479076479,0.0027528486065171794,0.002282987123878213,0.003168929507837359,0.0,0.0,0.5,0.5,0.5,0.0,1.0,,0.9966814159292036,0,0,2703,9,ESTIMATED,ESTIMATED,ESTIMATED,275a2492f4ab239e2924d96e5ac4b4b8de9740d648fcdb97738717fab3e688ae,"Descriptive arm estimate. CI is an individual-arm CI, not a paired-difference CI; no significance claim for a delta. Raw layer; operating point is the recorded P104 comparator rule, not a final clinical threshold.",D:\Codex_分拆Prompt嚴格無到院\outputs\v2\.p104rv\sweep_20260906T171453Z_account-08_v2\t14\r,bb1505f853ee856b9331c520f6f030437d62ec35eedd9568764e53a9ee9f1328,D:\Codex_分拆Prompt嚴格無到院\outputs\v2\.p104k10\cloud_validation_index_20260906T211456Z\task_surgery__P1__missingness_mnar_minus_0_5sd_validation.json,ba5c71b21e449d2363796f830a2942073c36d424315515a07ca673a782c2de0a
surgery__P1__missingness_mnar_plus_0_5sd,surgery,P1,missingness,mnar_plus_0_5sd,mnar_plus_0_5sd / mnar_plus_0_5sd,mnar_plus_0_5sd,oof_2020_2023,RAW_LOCKED_BASE_PREDICTIONS,raw,VALIDATED_COMPUTED,Locked inputs; missingness strategy=mnar_plus_0_5sd,d5d5e2d8a0734a0ce9af97a6606994868307c154f09eee30ee788ada6108d568,764,"0.963757 [0.916563, 0.998467]","0.164145 [0.0689261, 0.407094]",8731,9,0.9637570383958827,0.9165631833546735,0.9984669141444057,0.16414469642218313,0.068926092428249,0.40709435887931006,0.0010033553128117718,0.0009086181728201047,0.00111063635561547,0.0,-0.00011453441759248655,0.5,0.5,0.5,0.0,0.9998853473973859,0.0,0.9989690721649485,0,1,8721,9,ESTIMATED,ESTIMATED,ESTIMATED,1932ab87fa0d7e44ab97647eaaf7048d214482266e54e2c6f8f2735bc7bcc360,"Descriptive arm estimate. CI is an individual-arm CI, not a paired-difference CI; no significance claim for a delta. Raw layer; operating point is the recorded P104 comparator rule, not a final clinical threshold.",D:\Codex_分拆Prompt嚴格無到院\outputs\v2\.p104rv\sweep_20260906T171453Z_account-09_v2\t14\r,144b4444f4bc098a7894de227371fd46e3d78df255f32e7d5f2733cd94bfb38c,D:\Codex_分拆Prompt嚴格無到院\outputs\v2\.p104k10\cloud_validation_index_20260906T211456Z\task_surgery__P1__missingness_mnar_plus_0_5sd_validation.json,22e8cbef2205762d183dcb3e2ff8c1ec331ce6454ba1e0b1f3ed5e461c45698f
surgery__P1__missingness_mnar_plus_0_5sd,surgery,P1,missingness,mnar_plus_0_5sd,mnar_plus_0_5sd / mnar_plus_0_5sd,mnar_plus_0_5sd,validation_2024,RAW_LOCKED_BASE_PREDICTIONS,raw,VALIDATED_COMPUTED,Locked inputs; missingness strategy=mnar_plus_0_5sd,d5d5e2d8a0734a0ce9af97a6606994868307c154f09eee30ee788ada6108d568,764,"0.973774 [0.925292, 0.998562]","0.384559 [0.201592, 0.733805]",2712,9,0.9737739959715542,0.9252918584163987,0.998561907508257,0.38455907589928207,0.2015919891820677,0.7338045634920634,0.002761303332470356,0.002255908382164283,0.0032100824053701124,0.0,0.0,0.5,0.5,0.5,0.0,1.0,,0.9966814159292036,0,0,2703,9,ESTIMATED,ESTIMATED,ESTIMATED,275a2492f4ab239e2924d96e5ac4b4b8de9740d648fcdb97738717fab3e688ae,"Descriptive arm estimate. CI is an individual-arm CI, not a paired-difference CI; no significance claim for a delta. Raw layer; operating point is the recorded P104 comparator rule, not a final clinical threshold.",D:\Codex_分拆Prompt嚴格無到院\outputs\v2\.p104rv\sweep_20260906T171453Z_account-09_v2\t14\r,144b4444f4bc098a7894de227371fd46e3d78df255f32e7d5f2733cd94bfb38c,D:\Codex_分拆Prompt嚴格無到院\outputs\v2\.p104k10\cloud_validation_index_20260906T211456Z\task_surgery__P1__missingness_mnar_plus_0_5sd_validation.json,22e8cbef2205762d183dcb3e2ff8c1ec331ce6454ba1e0b1f3ed5e461c45698f
surgery__P2__missingness_median_indicator,surgery,P2,missingness,median_indicator,median_indicator / median_indicator,median_indicator,oof_2020_2023,RAW_LOCKED_BASE_PREDICTIONS,raw,VALIDATED_COMPUTED,Locked inputs; missingness strategy=median_indicator,d5d5e2d8a0734a0ce9af97a6606994868307c154f09eee30ee788ada6108d568,764,"0.93904 [0.924057, 0.952638]","0.302333 [0.227944, 0.390376]",8731,120,0.939040181163628,0.9240569982688555,0.9526376858854677,0.30233259584687333,0.22794444429813648,0.39037564970254807,0.01125544667033203,0.010515237822903778,0.011971807966639743,0.14492753623188406,0.0002290688351849731,0.5,0.5,0.5,0.08333333333333333,0.9990709557542677,0.5555555555555556,0.9873751865029267,10,8,8603,110,ESTIMATED,ESTIMATED,ESTIMATED,130bc8455e784aaee6dc8388642d0acdd1930bbe7cc625bb9771c4ca288a7be7,"Descriptive arm estimate. CI is an individual-arm CI, not a paired-difference CI; no significance claim for a delta. Raw layer; operating point is the recorded P104 comparator rule, not a final clinical threshold.",D:\Codex_分拆Prompt嚴格無到院\outputs\v2\.p104rv\sweep_20260906T191424Z_account-02_v2\t17\r,91396ac4f807b7365996e2fbf91efca76769c0db3831a5e34782ff72c04ef1e2,D:\Codex_分拆Prompt嚴格無到院\outputs\v2\.p104k10\cloud_validation_index_20260906T211456Z\task_surgery__P2__missingness_median_indicator_validation.json,bc2f8c90ed35eaf438686cbe12088150cc14e52838442c1d6dee0388a61fba32
surgery__P2__missingness_median_indicator,surgery,P2,missingness,median_indicator,median_indicator / median_indicator,median_indicator,validation_2024,RAW_LOCKED_BASE_PREDICTIONS,raw,VALIDATED_COMPUTED,Locked inputs; missingness strategy=median_indicator,d5d5e2d8a0734a0ce9af97a6606994868307c154f09eee30ee788ada6108d568,764,"0.920661 [0.877126, 0.954071]","0.369869 [0.234783, 0.530098]",2712,41,0.9206609381705947,0.8771264877386816,0.9540714148320695,0.3698694359231532,0.23478293743103482,0.5300979316351248,0.011737251258580987,0.01004016022869917,0.0134925060193446,0.3728813559322034,0.0014749262536873156,0.5,0.5,0.5,0.2682926829268293,0.997379258704605,0.6111111111111112,0.9888641425389755,11,7,2664,30,ESTIMATED,ESTIMATED,ESTIMATED,21ebd3380ad1406a8f533d9a1de9595edd1deb562833aa9f07147c175011bf44,"Descriptive arm estimate. CI is an individual-arm CI, not a paired-difference CI; no significance claim for a delta. Raw layer; operating point is the recorded P104 comparator rule, not a final clinical threshold.",D:\Codex_分拆Prompt嚴格無到院\outputs\v2\.p104rv\sweep_20260906T191424Z_account-02_v2\t17\r,91396ac4f807b7365996e2fbf91efca76769c0db3831a5e34782ff72c04ef1e2,D:\Codex_分拆Prompt嚴格無到院\outputs\v2\.p104k10\cloud_validation_index_20260906T211456Z\task_surgery__P2__missingness_median_indicator_validation.json,bc2f8c90ed35eaf438686cbe12088150cc14e52838442c1d6dee0388a61fba32
surgery__P2__missingness_mean_indicator,surgery,P2,missingness,mean_indicator,mean_indicator / mean_indicator,mean_indicator,oof_2020_2023,RAW_LOCKED_BASE_PREDICTIONS,raw,VALIDATED_COMPUTED,Locked inputs; missingness strategy=mean_indicator,d5d5e2d8a0734a0ce9af97a6606994868307c154f09eee30ee788ada6108d568,764,"0.938813 [0.923465, 0.953042]","0.289956 [0.216592, 0.379003]",8731,120,0.938812758874308,0.9234651456623519,0.9530421334075786,0.2899559239349379,0.21659170226967409,0.37900284620267144,0.011348606047295828,0.0105691607914383,0.012072403647787501,0.15827338129496402,0.0003436032527774596,0.5,0.5,0.5,0.09166666666666666,0.9990709557542677,0.5789473684210527,0.9874885215794307,11,8,8603,109,ESTIMATED,ESTIMATED,ESTIMATED,130bc8455e784aaee6dc8388642d0acdd1930bbe7cc625bb9771c4ca288a7be7,"Descriptive arm estimate. CI is an individual-arm CI, not a paired-difference CI; no significance claim for a delta. Raw layer; operating point is the recorded P104 comparator rule, not a final clinical threshold.",D:\Codex_分拆Prompt嚴格無到院\outputs\v2\.p104rv\sweep_20260906T211456Z_account-01_v2\t17\r,f7c0b9d7607e8f011a319e2bdf74cbe6804c40a6ee6c48ad66e46f23de50ad21,D:\Codex_分拆Prompt嚴格無到院\outputs\v2\.p104k10\cloud_validation_index_20260906T211456Z\task_surgery__P2__missingness_mean_indicator_validation.json,0d3b4e283bf7810ac6d103253bfabf02b848f4715ed0d8f206441995083db8b8
surgery__P2__missingness_mean_indicator,surgery,P2,missingness,mean_indicator,mean_indicator / mean_indicator,mean_indicator,validation_2024,RAW_LOCKED_BASE_PREDICTIONS,raw,VALIDATED_COMPUTED,Locked inputs; missingness strategy=mean_indicator,d5d5e2d8a0734a0ce9af97a6606994868307c154f09eee30ee788ada6108d568,764,"0.920118 [0.874288, 0.95689]","0.387173 [0.255996, 0.547069]",2712,41,0.9201176137556958,0.8742880256930105,0.9568899435916173,0.3871732605300945,0.2559963053046171,0.547069381386345,0.011845762349933687,0.010047842269979514,0.013680133420925574,0.4444444444444444,0.0022123893805309734,0.5,0.5,0.5,0.34146341463414637,0.9970048670909771,0.6363636363636364,0.9899628252788104,14,8,2663,27,ESTIMATED,ESTIMATED,ESTIMATED,21ebd3380ad1406a8f533d9a1de9595edd1deb562833aa9f07147c175011bf44,"Descriptive arm estimate. CI is an individual-arm CI, not a paired-difference CI; no significance claim for a delta. Raw layer; operating point is the recorded P104 comparator rule, not a final clinical threshold.",D:\Codex_分拆Prompt嚴格無到院\outputs\v2\.p104rv\sweep_20260906T211456Z_account-01_v2\t17\r,f7c0b9d7607e8f011a319e2bdf74cbe6804c40a6ee6c48ad66e46f23de50ad21,D:\Codex_分拆Prompt嚴格無到院\outputs\v2\.p104k10\cloud_validation_index_20260906T211456Z\task_surgery__P2__missingness_mean_indicator_validation.json,0d3b4e283bf7810ac6d103253bfabf02b848f4715ed0d8f206441995083db8b8
surgery__P2__missingness_tree_native,surgery,P2,missingness,tree_native,tree_native / tree_native,tree_native,oof_2020_2023,RAW_LOCKED_BASE_PREDICTIONS,raw,VALIDATED_COMPUTED,Locked inputs; missingness strategy=tree_native,d5d5e2d8a0734a0ce9af97a6606994868307c154f09eee30ee788ada6108d568,764,"0.939211 [0.924177, 0.953359]","0.318778 [0.243496, 0.412925]",8731,120,0.9392105059420122,0.9241767537110674,0.953358883918044,0.318778426717796,0.24349617464814066,0.4129251683084792,0.011037745972020863,0.010254395688212065,0.011773268890304467,0.2127659574468085,0.0010308097583323788,0.5,0.5,0.5,0.125,0.9993032168157009,0.7142857142857143,0.9879448909299655,15,6,8605,105,ESTIMATED,ESTIMATED,ESTIMATED,130bc8455e784aaee6dc8388642d0acdd1930bbe7cc625bb9771c4ca288a7be7,"Descriptive arm estimate. CI is an individual-arm CI, not a paired-difference CI; no significance claim for a delta. Raw layer; operating point is the recorded P104 comparator rule, not a final clinical threshold.",D:\Codex_分拆Prompt嚴格無到院\outputs\v2\.p104rv\sweep_20260906T151250Z_account-06_v2\t17\r,0ca03fba3b18f5aff4022eb0c3ea00e7b5e246147eb8a96e9426130682de2b36,D:\Codex_分拆Prompt嚴格無到院\outputs\v2\.p104k10\cloud_validation_index_20260906T211456Z\task_surgery__P2__missingness_tree_native_validation.json,f288510611b1035b91a6ef625510e8986e19c14b2653ebcc4ef15873d973a3c3
surgery__P2__missingness_tree_native,surgery,P2,missingness,tree_native,tree_native / tree_native,tree_native,validation_2024,RAW_LOCKED_BASE_PREDICTIONS,raw,VALIDATED_COMPUTED,Locked inputs; missingness strategy=tree_native,d5d5e2d8a0734a0ce9af97a6606994868307c154f09eee30ee788ada6108d568,764,"0.922496 [0.881197, 0.957798]","0.443185 [0.301071, 0.598326]",2712,41,0.9224963702276483,0.8811966557710924,0.9577975426136336,0.4431851790674846,0.3010710330827376,0.5983260820542806,0.011050885722266637,0.009169037002243656,0.01283039971448039,0.4838709677419355,0.00331858407079646,0.5,0.5,0.5,0.36585365853658536,0.9977536503182328,0.7142857142857143,0.9903381642512077,15,6,2665,26,ESTIMATED,ESTIMATED,ESTIMATED,21ebd3380ad1406a8f533d9a1de9595edd1deb562833aa9f07147c175011bf44,"Descriptive arm estimate. CI is an individual-arm CI, not a paired-difference CI; no significance claim for a delta. Raw layer; operating point is the recorded P104 comparator rule, not a final clinical threshold.",D:\Codex_分拆Prompt嚴格無到院\outputs\v2\.p104rv\sweep_20260906T151250Z_account-06_v2\t17\r,0ca03fba3b18f5aff4022eb0c3ea00e7b5e246147eb8a96e9426130682de2b36,D:\Codex_分拆Prompt嚴格無到院\outputs\v2\.p104k10\cloud_validation_index_20260906T211456Z\task_surgery__P2__missingness_tree_native_validation.json,f288510611b1035b91a6ef625510e8986e19c14b2653ebcc4ef15873d973a3c3
surgery__P2__missingness_median_no_indicator,surgery,P2,missingness,median_no_indicator,median_no_indicator / median_no_indicator,median_no_indicator,oof_2020_2023,RAW_LOCKED_BASE_PREDICTIONS,raw,VALIDATED_COMPUTED,Remove specified baseline missingness indicators; retain undefined-score safeguards,0be3019014561edcf1c1cb3d305a4c74d405f0e1a6a4b35b5b24545e22ab35a6,512,"0.93787 [0.923203, 0.950838]","0.287945 [0.212542, 0.374468]",8731,120,0.9378701660666589,0.923202828096214,0.9508384566475908,0.28794519829260723,0.21254248665641973,0.37446839163512385,0.011362767100395008,0.010616996490427638,0.012123786405567463,0.17266187050359713,0.0005726720879624327,0.5,0.5,0.5,0.1,0.9991870862849843,0.631578947368421,0.987603305785124,12,7,8604,108,ESTIMATED,ESTIMATED,ESTIMATED,130bc8455e784aaee6dc8388642d0acdd1930bbe7cc625bb9771c4ca288a7be7,"Descriptive arm estimate. CI is an individual-arm CI, not a paired-difference CI; no significance claim for a delta. Raw layer; operating point is the recorded P104 comparator rule, not a final clinical threshold. Specified MISS/indicator inputs removed; UNDEFINED_SCORE safeguards remain, so missingness information is not completely absent.",D:\Codex_分拆Prompt嚴格無到院\outputs\v2\.p104rv\sweep_20260906T171453Z_account-03_v2\t17\r,4f736c0e40667a248e4858bf8af72bea40f0ce175084ebd915cb3463bc2fee63,D:\Codex_分拆Prompt嚴格無到院\outputs\v2\.p104k10\cloud_validation_index_20260906T211456Z\task_surgery__P2__missingness_median_no_indicator_validation.json,e9bee5579a74e27841a5cb06f827f4feb421f4c5b728991cb719d734382b55f3
surgery__P2__missingness_median_no_indicator,surgery,P2,missingness,median_no_indicator,median_no_indicator / median_no_indicator,median_no_indicator,validation_2024,RAW_LOCKED_BASE_PREDICTIONS,raw,VALIDATED_COMPUTED,Remove specified baseline missingness indicators; retain undefined-score safeguards,0be3019014561edcf1c1cb3d305a4c74d405f0e1a6a4b35b5b24545e22ab35a6,512,"0.918931 [0.875022, 0.955122]","0.361168 [0.232699, 0.527724]",2712,41,0.9189305183954124,0.875022476121504,0.9551218011085969,0.3611680906196806,0.2326990029281649,0.5277242945041379,0.011766614090881382,0.009805268061579204,0.013670349194880324,0.4262295081967213,0.0022123893805309734,0.5,0.5,0.5,0.3170731707317073,0.997379258704605,0.65,0.9895988112927192,13,7,2664,28,ESTIMATED,ESTIMATED,ESTIMATED,21ebd3380ad1406a8f533d9a1de9595edd1deb562833aa9f07147c175011bf44,"Descriptive arm estimate. CI is an individual-arm CI, not a paired-difference CI; no significance claim for a delta. Raw layer; operating point is the recorded P104 comparator rule, not a final clinical threshold. Specified MISS/indicator inputs removed; UNDEFINED_SCORE safeguards remain, so missingness information is not completely absent.",D:\Codex_分拆Prompt嚴格無到院\outputs\v2\.p104rv\sweep_20260906T171453Z_account-03_v2\t17\r,4f736c0e40667a248e4858bf8af72bea40f0ce175084ebd915cb3463bc2fee63,D:\Codex_分拆Prompt嚴格無到院\outputs\v2\.p104k10\cloud_validation_index_20260906T211456Z\task_surgery__P2__missingness_median_no_indicator_validation.json,e9bee5579a74e27841a5cb06f827f4feb421f4c5b728991cb719d734382b55f3
surgery__P2__missingness_full_complete_case,surgery,P2,missingness,full_complete_case,full_complete_case,,,RAW_LOCKED_BASE_PREDICTIONS,raw,VALIDATED_NOT_ESTIMABLE,,,,,,,,,,,,,,,,,,,,,,,,,,,,,,,,,,Validated not-estimable disposition; no performance value invented. empty evaluation or single-class training cohort,D:\Codex_分拆Prompt嚴格無到院\outputs\v2\.p104rv\sweep_20260906T171453Z_account-09_v2\t16\r,2d5de47e5d835e76d5ae8ec3031d2e1a94c2fb366e77046ab3cf8cbdcff4e501,D:\Codex_分拆Prompt嚴格無到院\outputs\v2\.p104k10\cloud_validation_index_20260906T211456Z\task_surgery__P2__missingness_full_complete_case_validation.json,fc9dbdcf75fcae2411051fd307705e68533ef3f3a48f97867cd5910b2d37c874
surgery__P2__missingness_core_vitals_complete_case,surgery,P2,missingness,core_vitals_complete_case,core_vitals_complete_case / core_vitals_complete_case,core_vitals_complete_case,oof_2020_2023,RAW_LOCKED_BASE_PREDICTIONS,raw,VALIDATED_COMPUTED,Locked inputs; missingness strategy=core_vitals_complete_case,d5d5e2d8a0734a0ce9af97a6606994868307c154f09eee30ee788ada6108d568,764,"0.937069 [0.9216, 0.950804]","0.265817 [0.195015, 0.349731]",8261,107,0.9370689003046494,0.9216001932019625,0.9508035058298177,0.26581652350992546,0.19501481228015502,0.34973134830246344,0.010923526387898732,0.010215650572580845,0.01160682941019085,0.16260162601626016,0.000484202881007142,0.5,0.5,0.5,0.09345794392523364,0.9992641648270787,0.625,0.9882352941176471,10,6,8148,97,ESTIMATED,ESTIMATED,ESTIMATED,dc5d0c2897cb9dd7884e37ada949f13ae25aef00c3eabbdc850364069870d811,"Descriptive arm estimate. CI is an individual-arm CI, not a paired-difference CI; no significance claim for a delta. Raw layer; operating point is the recorded P104 comparator rule, not a final clinical threshold.",D:\Codex_分拆Prompt嚴格無到院\outputs\v2\.p104rv\sweep_20260906T171453Z_account-08_v2\t16\r,dfc36fd68a20e65289a520c67065d05608ada9745da885439b384fb15d878489,D:\Codex_分拆Prompt嚴格無到院\outputs\v2\.p104k10\cloud_validation_index_20260906T211456Z\task_surgery__P2__missingness_core_vitals_complete_case_validation.json,5132e2d117ba7395fd8afaa549e2ff054abcfd0ca1f7b0e715505cae2f74d81c
surgery__P2__missingness_core_vitals_complete_case,surgery,P2,missingness,core_vitals_complete_case,core_vitals_complete_case / core_vitals_complete_case,core_vitals_complete_case,validation_2024,RAW_LOCKED_BASE_PREDICTIONS,raw,VALIDATED_COMPUTED,Locked inputs; missingness strategy=core_vitals_complete_case,d5d5e2d8a0734a0ce9af97a6606994868307c154f09eee30ee788ada6108d568,764,"0.901953 [0.841021, 0.949686]","0.241761 [0.127277, 0.423564]",2329,27,0.9019532129870966,0.8410211879658464,0.9496862934057628,0.24176133766444885,0.1272773014707005,0.42356412002899374,0.01061794939462342,0.00892821919013262,0.012372169102249912,0.2926829268292683,-0.0008587376556462001,0.5,0.5,0.5,0.2222222222222222,0.996524761077324,0.42857142857142855,0.9909287257019438,6,8,2294,21,ESTIMATED,ESTIMATED,ESTIMATED,f0fb9f089e6e7f32aacbd583ceb2b4f22f94805a215dfdd1a9b2c356ce002662,"Descriptive arm estimate. CI is an individual-arm CI, not a paired-difference CI; no significance claim for a delta. Raw layer; operating point is the recorded P104 comparator rule, not a final clinical threshold.",D:\Codex_分拆Prompt嚴格無到院\outputs\v2\.p104rv\sweep_20260906T171453Z_account-08_v2\t16\r,dfc36fd68a20e65289a520c67065d05608ada9745da885439b384fb15d878489,D:\Codex_分拆Prompt嚴格無到院\outputs\v2\.p104k10\cloud_validation_index_20260906T211456Z\task_surgery__P2__missingness_core_vitals_complete_case_validation.json,5132e2d117ba7395fd8afaa549e2ff054abcfd0ca1f7b0e715505cae2f74d81c
surgery__P2__missingness_knn_k5_continuous_ordinal_block,surgery,P2,missingness,knn_k5_continuous_ordinal_block,knn_k5_continuous_ordinal_block / knn_k5_continuous_ordinal_block,knn_k5_continuous_ordinal_block,oof_2020_2023,RAW_LOCKED_BASE_PREDICTIONS,raw,VALIDATED_COMPUTED,Locked inputs; missingness strategy=knn_k5_continuous_ordinal_block,d5d5e2d8a0734a0ce9af97a6606994868307c154f09eee30ee788ada6108d568,764,"0.938495 [0.924699, 0.952107]","0.280638 [0.211986, 0.366996]",8731,120,0.9384953354236829,0.9246988350873525,0.9521073519466332,0.2806381503599066,0.2119861011940496,0.36699629867571926,0.011475074767297547,0.010700609982707937,0.012192203327708153,0.14814814814814814,0.0005726720879624327,0.5,0.5,0.5,0.08333333333333333,0.9994193473464174,0.6666666666666666,0.9873795318953649,10,5,8606,110,ESTIMATED,ESTIMATED,ESTIMATED,130bc8455e784aaee6dc8388642d0acdd1930bbe7cc625bb9771c4ca288a7be7,"Descriptive arm estimate. CI is an individual-arm CI, not a paired-difference CI; no significance claim for a delta. Raw layer; operating point is the recorded P104 comparator rule, not a final clinical threshold.",D:\Codex_分拆Prompt嚴格無到院\outputs\v2\.p104rv\sweep_20260906T151250Z_account-10_v2\t16\r,5d07d571f15e6ac9f1f769e6b1c298b6d39ab7f3566ebff10344dc194aa0459b,D:\Codex_分拆Prompt嚴格無到院\outputs\v2\.p104k10\cloud_validation_index_20260906T211456Z\task_surgery__P2__missingness_knn_k5_continuous_ordinal_block_validation.json,fb29975f3bb20ee6f53ab70c136958f646e9fe5402a5b93002832917200361ad
surgery__P2__missingness_knn_k5_continuous_ordinal_block,surgery,P2,missingness,knn_k5_continuous_ordinal_block,knn_k5_continuous_ordinal_block / knn_k5_continuous_ordinal_block,knn_k5_continuous_ordinal_block,validation_2024,RAW_LOCKED_BASE_PREDICTIONS,raw,VALIDATED_COMPUTED,Locked inputs; missingness strategy=knn_k5_continuous_ordinal_block,d5d5e2d8a0734a0ce9af97a6606994868307c154f09eee30ee788ada6108d568,764,"0.918474 [0.872021, 0.955782]","0.41267 [0.274995, 0.563117]",2712,41,0.9184739432568417,0.8720205894549264,0.9557818279342944,0.41266979445168867,0.2749948144201156,0.5631174166884653,0.011665653731988218,0.009689899310861939,0.013677920714477992,0.417910447761194,0.0007374631268436578,0.5,0.5,0.5,0.34146341463414637,0.9955073006364658,0.5384615384615384,0.9899478778853313,14,12,2659,27,ESTIMATED,ESTIMATED,ESTIMATED,21ebd3380ad1406a8f533d9a1de9595edd1deb562833aa9f07147c175011bf44,"Descriptive arm estimate. CI is an individual-arm CI, not a paired-difference CI; no significance claim for a delta. Raw layer; operating point is the recorded P104 comparator rule, not a final clinical threshold.",D:\Codex_分拆Prompt嚴格無到院\outputs\v2\.p104rv\sweep_20260906T151250Z_account-10_v2\t16\r,5d07d571f15e6ac9f1f769e6b1c298b6d39ab7f3566ebff10344dc194aa0459b,D:\Codex_分拆Prompt嚴格無到院\outputs\v2\.p104k10\cloud_validation_index_20260906T211456Z\task_surgery__P2__missingness_knn_k5_continuous_ordinal_block_validation.json,fb29975f3bb20ee6f53ab70c136958f646e9fe5402a5b93002832917200361ad
surgery__P2__missingness_bayesian_iterative_m10,surgery,P2,missingness,bayesian_iterative_m10,bayesian_iterative_m10 / bayesian_iterative_m10,bayesian_iterative_m10,oof_2020_2023,RAW_LOCKED_BASE_PREDICTIONS,raw,VALIDATED_COMPUTED,Locked inputs; missingness strategy=bayesian_iterative_m10,d5d5e2d8a0734a0ce9af97a6606994868307c154f09eee30ee788ada6108d568,764,"0.938577 [0.924532, 0.95204]","0.29143 [0.216806, 0.375549]",8731,120,0.9385766267951845,0.9245315965917689,0.9520403303235563,0.29142990837782246,0.21680553338767186,0.37554861354431723,0.011327315195084484,0.01059181434138876,0.012069562205364804,0.15827338129496402,0.0003436032527774596,0.5,0.5,0.5,0.09166666666666666,0.9990709557542677,0.5789473684210527,0.9874885215794307,11,8,8603,109,ESTIMATED,ESTIMATED,ESTIMATED,130bc8455e784aaee6dc8388642d0acdd1930bbe7cc625bb9771c4ca288a7be7,"Descriptive arm estimate. CI is an individual-arm CI, not a paired-difference CI; no significance claim for a delta. Raw layer; operating point is the recorded P104 comparator rule, not a final clinical threshold.",D:\Codex_分拆Prompt嚴格無到院\outputs\v2\.p104rv\sweep_20260906T171453Z_account-07_v2\t16\r,64da2285e766af15469156b6c20297e8c6e6da24717a2f4534baf1333d8673e8,D:\Codex_分拆Prompt嚴格無到院\outputs\v2\.p104k10\cloud_validation_index_20260906T211456Z\task_surgery__P2__missingness_bayesian_iterative_m10_validation.json,b57d4d3c471abd33735c684603db69d37255670af77c5d5e8cd68df181af537f
surgery__P2__missingness_bayesian_iterative_m10,surgery,P2,missingness,bayesian_iterative_m10,bayesian_iterative_m10 / bayesian_iterative_m10,bayesian_iterative_m10,validation_2024,RAW_LOCKED_BASE_PREDICTIONS,raw,VALIDATED_COMPUTED,Locked inputs; missingness strategy=bayesian_iterative_m10,d5d5e2d8a0734a0ce9af97a6606994868307c154f09eee30ee788ada6108d568,764,"0.923076 [0.879238, 0.959567]","0.406759 [0.269315, 0.568436]",2712,41,0.9230762206536329,0.8792381933050253,0.9595667286509403,0.40675939824553525,0.2693145136786615,0.568436112125751,0.011688282162932053,0.009757996775305288,0.01359873186591197,0.39344262295081966,0.0014749262536873156,0.5,0.5,0.5,0.2926829268292683,0.9970048670909771,0.6,0.9892273402674592,12,8,2663,29,ESTIMATED,ESTIMATED,ESTIMATED,21ebd3380ad1406a8f533d9a1de9595edd1deb562833aa9f07147c175011bf44,"Descriptive arm estimate. CI is an individual-arm CI, not a paired-difference CI; no significance claim for a delta. Raw layer; operating point is the recorded P104 comparator rule, not a final clinical threshold.",D:\Codex_分拆Prompt嚴格無到院\outputs\v2\.p104rv\sweep_20260906T171453Z_account-07_v2\t16\r,64da2285e766af15469156b6c20297e8c6e6da24717a2f4534baf1333d8673e8,D:\Codex_分拆Prompt嚴格無到院\outputs\v2\.p104k10\cloud_validation_index_20260906T211456Z\task_surgery__P2__missingness_bayesian_iterative_m10_validation.json,b57d4d3c471abd33735c684603db69d37255670af77c5d5e8cd68df181af537f
surgery__P2__missingness_mnar_minus_0_5sd,surgery,P2,missingness,mnar_minus_0_5sd,mnar_minus_0_5sd / mnar_minus_0_5sd,mnar_minus_0_5sd,oof_2020_2023,RAW_LOCKED_BASE_PREDICTIONS,raw,VALIDATED_COMPUTED,Locked inputs; missingness strategy=mnar_minus_0_5sd,d5d5e2d8a0734a0ce9af97a6606994868307c154f09eee30ee788ada6108d568,764,"0.937685 [0.922035, 0.951867]","0.303854 [0.22856, 0.390379]",8731,120,0.9376853249719351,0.9220351913341523,0.9518672631544798,0.3038539739865697,0.22856044042281398,0.3903789427179334,0.011237949129845135,0.01048378728853747,0.01198017930344744,0.17391304347826086,0.0006872065055549192,0.5,0.5,0.5,0.1,0.9993032168157009,0.6666666666666666,0.9876047285665098,12,6,8605,108,ESTIMATED,ESTIMATED,ESTIMATED,130bc8455e784aaee6dc8388642d0acdd1930bbe7cc625bb9771c4ca288a7be7,"Descriptive arm estimate. CI is an individual-arm CI, not a paired-difference CI; no significance claim for a delta. Raw layer; operating point is the recorded P104 comparator rule, not a final clinical threshold.",D:\Codex_分拆Prompt嚴格無到院\outputs\v2\.p104rv\sweep_20260906T161352Z_account-04_v3\t17\r,762718a6ae6a85a572ed131e780fdaf4aa4462053d46779c9c16be7e294cffbf,D:\Codex_分拆Prompt嚴格無到院\outputs\v2\.p104k10\cloud_validation_index_20260906T211456Z\task_surgery__P2__missingness_mnar_minus_0_5sd_validation.json,9731b47cde8fb74fbe95d8fcbb021a5e2685c21ceca6f9bd4dfcdeaf9c9b0daa
surgery__P2__missingness_mnar_minus_0_5sd,surgery,P2,missingness,mnar_minus_0_5sd,mnar_minus_0_5sd / mnar_minus_0_5sd,mnar_minus_0_5sd,validation_2024,RAW_LOCKED_BASE_PREDICTIONS,raw,VALIDATED_COMPUTED,Locked inputs; missingness strategy=mnar_minus_0_5sd,d5d5e2d8a0734a0ce9af97a6606994868307c154f09eee30ee788ada6108d568,764,"0.917497 [0.871087, 0.955071]","0.393049 [0.260682, 0.551904]",2712,41,0.9174968724603008,0.8710868391838689,0.9550713798651268,0.393048834809086,0.2606824667975167,0.5519036616956234,0.01172729198159397,0.009893067623651747,0.013620812648436958,0.4444444444444444,0.0022123893805309734,0.5,0.5,0.5,0.34146341463414637,0.9970048670909771,0.6363636363636364,0.9899628252788104,14,8,2663,27,ESTIMATED,ESTIMATED,ESTIMATED,21ebd3380ad1406a8f533d9a1de9595edd1deb562833aa9f07147c175011bf44,"Descriptive arm estimate. CI is an individual-arm CI, not a paired-difference CI; no significance claim for a delta. Raw layer; operating point is the recorded P104 comparator rule, not a final clinical threshold.",D:\Codex_分拆Prompt嚴格無到院\outputs\v2\.p104rv\sweep_20260906T161352Z_account-04_v3\t17\r,762718a6ae6a85a572ed131e780fdaf4aa4462053d46779c9c16be7e294cffbf,D:\Codex_分拆Prompt嚴格無到院\outputs\v2\.p104k10\cloud_validation_index_20260906T211456Z\task_surgery__P2__missingness_mnar_minus_0_5sd_validation.json,9731b47cde8fb74fbe95d8fcbb021a5e2685c21ceca6f9bd4dfcdeaf9c9b0daa
surgery__P2__missingness_mnar_plus_0_5sd,surgery,P2,missingness,mnar_plus_0_5sd,mnar_plus_0_5sd / mnar_plus_0_5sd,mnar_plus_0_5sd,oof_2020_2023,RAW_LOCKED_BASE_PREDICTIONS,raw,VALIDATED_COMPUTED,Locked inputs; missingness strategy=mnar_plus_0_5sd,d5d5e2d8a0734a0ce9af97a6606994868307c154f09eee30ee788ada6108d568,764,"0.938276 [0.922889, 0.952499]","0.30247 [0.228597, 0.386897]",8731,120,0.9382756551697442,0.9228894187676181,0.9524989526163868,0.3024696194490263,0.2285967093762824,0.38689663641763666,0.011235227934433066,0.01050813593917286,0.011969558674699175,0.17266187050359713,0.0005726720879624327,0.5,0.5,0.5,0.1,0.9991870862849843,0.631578947368421,0.987603305785124,12,7,8604,108,ESTIMATED,ESTIMATED,ESTIMATED,130bc8455e784aaee6dc8388642d0acdd1930bbe7cc625bb9771c4ca288a7be7,"Descriptive arm estimate. CI is an individual-arm CI, not a paired-difference CI; no significance claim for a delta. Raw layer; operating point is the recorded P104 comparator rule, not a final clinical threshold.",D:\Codex_分拆Prompt嚴格無到院\outputs\v2\.p104rv\sweep_20260906T151250Z_account-05_v2\t17\r,6f327331d71612ec4b815f5c12d4ecccadee5e7ffc45785ddb410cdcb4c60617,D:\Codex_分拆Prompt嚴格無到院\outputs\v2\.p104k10\cloud_validation_index_20260906T211456Z\task_surgery__P2__missingness_mnar_plus_0_5sd_validation.json,b3a9c86e5331015341ed6406e92b12d3818014977e398d914b4adbd736ad7ed9
surgery__P2__missingness_mnar_plus_0_5sd,surgery,P2,missingness,mnar_plus_0_5sd,mnar_plus_0_5sd / mnar_plus_0_5sd,mnar_plus_0_5sd,validation_2024,RAW_LOCKED_BASE_PREDICTIONS,raw,VALIDATED_COMPUTED,Locked inputs; missingness strategy=mnar_plus_0_5sd,d5d5e2d8a0734a0ce9af97a6606994868307c154f09eee30ee788ada6108d568,764,"0.918337 [0.872808, 0.95525]","0.363572 [0.237757, 0.53214]",2712,41,0.9183369707152707,0.8728082173604399,0.955249675368918,0.3635717550479248,0.23775721148226023,0.5321399680672488,0.011880610223675482,0.009952630531688668,0.013704558169313761,0.4067796610169492,0.0022123893805309734,0.5,0.5,0.5,0.2926829268292683,0.9977536503182328,0.6666666666666666,0.9892353377876764,12,6,2665,29,ESTIMATED,ESTIMATED,ESTIMATED,21ebd3380ad1406a8f533d9a1de9595edd1deb562833aa9f07147c175011bf44,"Descriptive arm estimate. CI is an individual-arm CI, not a paired-difference CI; no significance claim for a delta. Raw layer; operating point is the recorded P104 comparator rule, not a final clinical threshold.",D:\Codex_分拆Prompt嚴格無到院\outputs\v2\.p104rv\sweep_20260906T151250Z_account-05_v2\t17\r,6f327331d71612ec4b815f5c12d4ecccadee5e7ffc45785ddb410cdcb4c60617,D:\Codex_分拆Prompt嚴格無到院\outputs\v2\.p104k10\cloud_validation_index_20260906T211456Z\task_surgery__P2__missingness_mnar_plus_0_5sd_validation.json,b3a9c86e5331015341ed6406e92b12d3818014977e398d914b4adbd736ad7ed9
surgery__P3__missingness_median_indicator,surgery,P3,missingness,median_indicator,median_indicator / median_indicator,median_indicator,oof_2020_2023,RAW_LOCKED_BASE_PREDICTIONS,raw,VALIDATED_COMPUTED,Locked inputs; missingness strategy=median_indicator,d5d5e2d8a0734a0ce9af97a6606994868307c154f09eee30ee788ada6108d568,764,"0.954658 [0.92544, 0.978011]","0.408077 [0.294645, 0.538375]",8731,56,0.9546582955948949,0.9254398748223545,0.9780110757539948,0.4080767144890416,0.2946446182860344,0.5383750307503518,0.0048739688103548355,0.004222315681431431,0.0055066620663833925,0.34210526315789475,0.0006872065055549192,0.5,0.5,0.5,0.23214285714285715,0.999193083573487,0.65,0.9950637125473539,13,7,8668,43,ESTIMATED,ESTIMATED,ESTIMATED,c42a4719722ee0c224b5fadf049344c464798fd56614702960c820c014c78731,"Descriptive arm estimate. CI is an individual-arm CI, not a paired-difference CI; no significance claim for a delta. Raw layer; operating point is the recorded P104 comparator rule, not a final clinical threshold.",D:\Codex_分拆Prompt嚴格無到院\outputs\v2\.p104rv\sweep_20260906T171453Z_account-08_v2\t19\r,3529ed2c7635e3d326eead6dd57f4ba1964595bade3c27c9737b86c6345a70b7,D:\Codex_分拆Prompt嚴格無到院\outputs\v2\.p104k10\cloud_validation_index_20260906T211456Z\task_surgery__P3__missingness_median_indicator_validation.json,23d760e9a4e19d2717d3f2a6a7693e39e5e1819df5d5b2ded6486f93b58f5f23
surgery__P3__missingness_median_indicator,surgery,P3,missingness,median_indicator,median_indicator / median_indicator,median_indicator,validation_2024,RAW_LOCKED_BASE_PREDICTIONS,raw,VALIDATED_COMPUTED,Locked inputs; missingness strategy=median_indicator,d5d5e2d8a0734a0ce9af97a6606994868307c154f09eee30ee788ada6108d568,764,"0.950105 [0.901995, 0.986097]","0.628467 [0.459432, 0.81665]",2712,32,0.9501049440298507,0.9019952059485832,0.9860973677428095,0.6284667143403513,0.4594318860601947,0.8166498156059818,0.005934259600849671,0.004232882844672812,0.0077788217855656264,0.6909090909090909,0.0055309734513274336,0.5,0.5,0.5,0.59375,0.9985074626865672,0.8260869565217391,0.995165489029379,19,4,2676,13,ESTIMATED,ESTIMATED,ESTIMATED,8362377c52501bcb78d857c69f7a66e78bcb3e8291d74a36208230b84f828621,"Descriptive arm estimate. CI is an individual-arm CI, not a paired-difference CI; no significance claim for a delta. Raw layer; operating point is the recorded P104 comparator rule, not a final clinical threshold.",D:\Codex_分拆Prompt嚴格無到院\outputs\v2\.p104rv\sweep_20260906T171453Z_account-08_v2\t19\r,3529ed2c7635e3d326eead6dd57f4ba1964595bade3c27c9737b86c6345a70b7,D:\Codex_分拆Prompt嚴格無到院\outputs\v2\.p104k10\cloud_validation_index_20260906T211456Z\task_surgery__P3__missingness_median_indicator_validation.json,23d760e9a4e19d2717d3f2a6a7693e39e5e1819df5d5b2ded6486f93b58f5f23
surgery__P3__missingness_mean_indicator,surgery,P3,missingness,mean_indicator,mean_indicator / mean_indicator,mean_indicator,oof_2020_2023,RAW_LOCKED_BASE_PREDICTIONS,raw,VALIDATED_COMPUTED,Locked inputs; missingness strategy=mean_indicator,d5d5e2d8a0734a0ce9af97a6606994868307c154f09eee30ee788ada6108d568,764,"0.954599 [0.925052, 0.977211]","0.416705 [0.304394, 0.550055]",8731,56,0.9545986002470153,0.9250524507304019,0.9772112222634963,0.41670517388664036,0.3043938252834298,0.5500554384104233,0.004858359702598198,0.004170633770222232,0.005451977104203641,0.3157894736842105,0.0004581376703699462,0.5,0.5,0.5,0.21428571428571427,0.9990778097982709,0.6,0.9949489151647343,12,8,8667,44,ESTIMATED,ESTIMATED,ESTIMATED,c42a4719722ee0c224b5fadf049344c464798fd56614702960c820c014c78731,"Descriptive arm estimate. CI is an individual-arm CI, not a paired-difference CI; no significance claim for a delta. Raw layer; operating point is the recorded P104 comparator rule, not a final clinical threshold.",D:\Codex_分拆Prompt嚴格無到院\outputs\v2\.p104rv\sweep_20260906T171453Z_account-07_v2\t19\r,bf82fc752eac14ac849ebd005c5e5a9dc4ddbc646c2e3fcea7f8eaea928be665,D:\Codex_分拆Prompt嚴格無到院\outputs\v2\.p104k10\cloud_validation_index_20260906T211456Z\task_surgery__P3__missingness_mean_indicator_validation.json,e31de5cebdf7ede799a35a37b84edb0d81abecee750266bfe33b26a3b149bc47
surgery__P3__missingness_mean_indicator,surgery,P3,missingness,mean_indicator,mean_indicator / mean_indicator,mean_indicator,validation_2024,RAW_LOCKED_BASE_PREDICTIONS,raw,VALIDATED_COMPUTED,Locked inputs; missingness strategy=mean_indicator,d5d5e2d8a0734a0ce9af97a6606994868307c154f09eee30ee788ada6108d568,764,"0.9526 [0.903473, 0.988193]","0.599171 [0.4461, 0.817513]",2712,32,0.9526002798507462,0.9034731337393265,0.9881926438912665,0.5991709278150776,0.4460998986175968,0.8175127386258318,0.0059295977280879215,0.004183490537453564,0.007762031622812344,0.7272727272727273,0.006268436578171091,0.5,0.5,0.5,0.625,0.9988805970149254,0.8695652173913043,0.9955373744886575,20,3,2677,12,ESTIMATED,ESTIMATED,ESTIMATED,8362377c52501bcb78d857c69f7a66e78bcb3e8291d74a36208230b84f828621,"Descriptive arm estimate. CI is an individual-arm CI, not a paired-difference CI; no significance claim for a delta. Raw layer; operating point is the recorded P104 comparator rule, not a final clinical threshold.",D:\Codex_分拆Prompt嚴格無到院\outputs\v2\.p104rv\sweep_20260906T171453Z_account-07_v2\t19\r,bf82fc752eac14ac849ebd005c5e5a9dc4ddbc646c2e3fcea7f8eaea928be665,D:\Codex_分拆Prompt嚴格無到院\outputs\v2\.p104k10\cloud_validation_index_20260906T211456Z\task_surgery__P3__missingness_mean_indicator_validation.json,e31de5cebdf7ede799a35a37b84edb0d81abecee750266bfe33b26a3b149bc47
surgery__P3__missingness_tree_native,surgery,P3,missingness,tree_native,tree_native / tree_native,tree_native,oof_2020_2023,RAW_LOCKED_BASE_PREDICTIONS,raw,VALIDATED_COMPUTED,Locked inputs; missingness strategy=tree_native,d5d5e2d8a0734a0ce9af97a6606994868307c154f09eee30ee788ada6108d568,764,"0.955358 [0.928264, 0.977755]","0.428833 [0.309279, 0.558722]",8731,56,0.9553581720872787,0.9282639923847887,0.9777552005567421,0.4288334773252298,0.3092794255560779,0.5587220689182326,0.004790701466970827,0.004116380535591229,0.005420878555435606,0.2972972972972973,0.0004581376703699462,0.5,0.5,0.5,0.19642857142857142,0.999193083573487,0.6111111111111112,0.9948353035693791,11,7,8668,45,ESTIMATED,ESTIMATED,ESTIMATED,c42a4719722ee0c224b5fadf049344c464798fd56614702960c820c014c78731,"Descriptive arm estimate. CI is an individual-arm CI, not a paired-difference CI; no significance claim for a delta. Raw layer; operating point is the recorded P104 comparator rule, not a final clinical threshold.",D:\Codex_分拆Prompt嚴格無到院\outputs\v2\.p104rv\sweep_20260906T191424Z_account-02_v2\t20\r,2e9a055d0eff4541fe45b644246a05e71f2e63e74cae41705105937a8df98c3b,D:\Codex_分拆Prompt嚴格無到院\outputs\v2\.p104k10\cloud_validation_index_20260906T211456Z\task_surgery__P3__missingness_tree_native_validation.json,d277151b22a28ab47fe4de46c328f43abbe9cfa9db88ea0b0d48400c2a47b6ff
surgery__P3__missingness_tree_native,surgery,P3,missingness,tree_native,tree_native / tree_native,tree_native,validation_2024,RAW_LOCKED_BASE_PREDICTIONS,raw,VALIDATED_COMPUTED,Locked inputs; missingness strategy=tree_native,d5d5e2d8a0734a0ce9af97a6606994868307c154f09eee30ee788ada6108d568,764,"0.936322 [0.87094, 0.983602]","0.607325 [0.440469, 0.806348]",2712,32,0.9363222947761194,0.8709399041978141,0.9836018884361002,0.6073248773443131,0.4404688508541311,0.8063476079107343,0.005883808521587845,0.004084395220511011,0.007864836369179397,0.6785714285714286,0.005162241887905605,0.5,0.5,0.5,0.59375,0.9981343283582089,0.7916666666666666,0.9951636904761905,19,5,2675,13,ESTIMATED,ESTIMATED,ESTIMATED,8362377c52501bcb78d857c69f7a66e78bcb3e8291d74a36208230b84f828621,"Descriptive arm estimate. CI is an individual-arm CI, not a paired-difference CI; no significance claim for a delta. Raw layer; operating point is the recorded P104 comparator rule, not a final clinical threshold.",D:\Codex_分拆Prompt嚴格無到院\outputs\v2\.p104rv\sweep_20260906T191424Z_account-02_v2\t20\r,2e9a055d0eff4541fe45b644246a05e71f2e63e74cae41705105937a8df98c3b,D:\Codex_分拆Prompt嚴格無到院\outputs\v2\.p104k10\cloud_validation_index_20260906T211456Z\task_surgery__P3__missingness_tree_native_validation.json,d277151b22a28ab47fe4de46c328f43abbe9cfa9db88ea0b0d48400c2a47b6ff
surgery__P3__missingness_median_no_indicator,surgery,P3,missingness,median_no_indicator,median_no_indicator / median_no_indicator,median_no_indicator,oof_2020_2023,RAW_LOCKED_BASE_PREDICTIONS,raw,VALIDATED_COMPUTED,Remove specified baseline missingness indicators; retain undefined-score safeguards,0be3019014561edcf1c1cb3d305a4c74d405f0e1a6a4b35b5b24545e22ab35a6,512,"0.956027 [0.931001, 0.976461]","0.399378 [0.284828, 0.529282]",8731,56,0.9560271716755866,0.9310008576096198,0.9764606090620691,0.3993775174197779,0.2848276349794841,0.5292817192377316,0.004908435541432737,0.004256049366853524,0.005543578682613517,0.3466666666666667,0.0008017409231474057,0.5,0.5,0.5,0.23214285714285715,0.9993083573487032,0.6842105263157895,0.9950642791551882,13,6,8669,43,ESTIMATED,ESTIMATED,ESTIMATED,c42a4719722ee0c224b5fadf049344c464798fd56614702960c820c014c78731,"Descriptive arm estimate. CI is an individual-arm CI, not a paired-difference CI; no significance claim for a delta. Raw layer; operating point is the recorded P104 comparator rule, not a final clinical threshold. Specified MISS/indicator inputs removed; UNDEFINED_SCORE safeguards remain, so missingness information is not completely absent.",D:\Codex_分拆Prompt嚴格無到院\outputs\v2\.p104rv\sweep_20260906T171453Z_account-09_v2\t19\r,a176ce5adb7eb4dd0236b8e60b7d2b95a786be76b03aece5fe92a9484f95abdb,D:\Codex_分拆Prompt嚴格無到院\outputs\v2\.p104k10\cloud_validation_index_20260906T211456Z\task_surgery__P3__missingness_median_no_indicator_validation.json,28691629ce983489d0b78868288fb528fd2bd241f9336d3b530ad991a4eea7fa
surgery__P3__missingness_median_no_indicator,surgery,P3,missingness,median_no_indicator,median_no_indicator / median_no_indicator,median_no_indicator,validation_2024,RAW_LOCKED_BASE_PREDICTIONS,raw,VALIDATED_COMPUTED,Remove specified baseline missingness indicators; retain undefined-score safeguards,0be3019014561edcf1c1cb3d305a4c74d405f0e1a6a4b35b5b24545e22ab35a6,512,"0.951364 [0.899397, 0.986528]","0.585279 [0.418248, 0.805221]",2712,32,0.9513642723880598,0.899397037625316,0.9865284613357723,0.5852790278820754,0.41824771240193614,0.8052208471684219,0.0061108436476099304,0.004330312361461901,0.00807772248645461,0.7037037037037037,0.0058997050147492625,0.5,0.5,0.5,0.59375,0.9988805970149254,0.8636363636363636,0.9951672862453531,19,3,2677,13,ESTIMATED,ESTIMATED,ESTIMATED,8362377c52501bcb78d857c69f7a66e78bcb3e8291d74a36208230b84f828621,"Descriptive arm estimate. CI is an individual-arm CI, not a paired-difference CI; no significance claim for a delta. Raw layer; operating point is the recorded P104 comparator rule, not a final clinical threshold. Specified MISS/indicator inputs removed; UNDEFINED_SCORE safeguards remain, so missingness information is not completely absent.",D:\Codex_分拆Prompt嚴格無到院\outputs\v2\.p104rv\sweep_20260906T171453Z_account-09_v2\t19\r,a176ce5adb7eb4dd0236b8e60b7d2b95a786be76b03aece5fe92a9484f95abdb,D:\Codex_分拆Prompt嚴格無到院\outputs\v2\.p104k10\cloud_validation_index_20260906T211456Z\task_surgery__P3__missingness_median_no_indicator_validation.json,28691629ce983489d0b78868288fb528fd2bd241f9336d3b530ad991a4eea7fa
surgery__P3__missingness_full_complete_case,surgery,P3,missingness,full_complete_case,full_complete_case,,,RAW_LOCKED_BASE_PREDICTIONS,raw,VALIDATED_NOT_ESTIMABLE,,,,,,,,,,,,,,,,,,,,,,,,,,,,,,,,,,Validated not-estimable disposition; no performance value invented. empty evaluation or single-class training cohort,D:\Codex_分拆Prompt嚴格無到院\outputs\v2\.p104rv\sweep_20260906T151250Z_account-05_v2\t19\r,43a9cdde30f905eba7e5ab62ffdf13d21ef33694b227faf60ac1c523e4b18d8d,D:\Codex_分拆Prompt嚴格無到院\outputs\v2\.p104k10\cloud_validation_index_20260906T211456Z\task_surgery__P3__missingness_full_complete_case_validation.json,3f99cf7f90f7c4bc519b568262a727867b0826585a2fb4948f48f1e447a41a4b
surgery__P3__missingness_core_vitals_complete_case,surgery,P3,missingness,core_vitals_complete_case,core_vitals_complete_case / core_vitals_complete_case,core_vitals_complete_case,oof_2020_2023,RAW_LOCKED_BASE_PREDICTIONS,raw,VALIDATED_COMPUTED,Locked inputs; missingness strategy=core_vitals_complete_case,d5d5e2d8a0734a0ce9af97a6606994868307c154f09eee30ee788ada6108d568,764,"0.954025 [0.926906, 0.977872]","0.373754 [0.253125, 0.530034]",8261,45,0.9540246673158065,0.926906146028889,0.9778720312245913,0.3737542266674801,0.2531250048613591,0.5300335091402734,0.0041698303984021344,0.0035106820371798857,0.004803413871079708,0.375,0.0006052536012589275,0.5,0.5,0.5,0.26666666666666666,0.9991480038948394,0.631578947368421,0.9959961174472215,12,7,8209,33,ESTIMATED,ESTIMATED,ESTIMATED,f694a145b478a05b84a46391c4857ca9cfcf3eb18f56c20839a12665e2be6698,"Descriptive arm estimate. CI is an individual-arm CI, not a paired-difference CI; no significance claim for a delta. Raw layer; operating point is the recorded P104 comparator rule, not a final clinical threshold.",D:\Codex_分拆Prompt嚴格無到院\outputs\v2\.p104rv\sweep_20260906T161352Z_account-04_v3\t19\r,0053bcb294170721c39f62035235135b3c36944da45944d2da1d49acc72c0a40,D:\Codex_分拆Prompt嚴格無到院\outputs\v2\.p104k10\cloud_validation_index_20260906T211456Z\task_surgery__P3__missingness_core_vitals_complete_case_validation.json,3651de256d16e5ab2e244d92f995514a8aaac72446739592a1e42be41a464007
surgery__P3__missingness_core_vitals_complete_case,surgery,P3,missingness,core_vitals_complete_case,core_vitals_complete_case / core_vitals_complete_case,core_vitals_complete_case,validation_2024,RAW_LOCKED_BASE_PREDICTIONS,raw,VALIDATED_COMPUTED,Locked inputs; missingness strategy=core_vitals_complete_case,d5d5e2d8a0734a0ce9af97a6606994868307c154f09eee30ee788ada6108d568,764,"0.948016 [0.900938, 0.982869]","0.686996 [0.512622, 0.841445]",2329,27,0.9480162177816391,0.9009382081987016,0.9828693471920263,0.686996141981209,0.5126218802444374,0.8414447639478855,0.005732786366728274,0.004012513037353123,0.0075145603207459125,0.6829268292682927,0.0060111635895234005,0.5,0.5,0.5,0.5185185185185185,1.0,1.0,0.9943844492440604,14,0,2302,13,ESTIMATED,ESTIMATED,ESTIMATED,f54d80550f85771d5d1d4665d43b9838bd997b669dd997cba2ef2dcff3e3d4ef,"Descriptive arm estimate. CI is an individual-arm CI, not a paired-difference CI; no significance claim for a delta. Raw layer; operating point is the recorded P104 comparator rule, not a final clinical threshold.",D:\Codex_分拆Prompt嚴格無到院\outputs\v2\.p104rv\sweep_20260906T161352Z_account-04_v3\t19\r,0053bcb294170721c39f62035235135b3c36944da45944d2da1d49acc72c0a40,D:\Codex_分拆Prompt嚴格無到院\outputs\v2\.p104k10\cloud_validation_index_20260906T211456Z\task_surgery__P3__missingness_core_vitals_complete_case_validation.json,3651de256d16e5ab2e244d92f995514a8aaac72446739592a1e42be41a464007
surgery__P3__missingness_knn_k5_continuous_ordinal_block,surgery,P3,missingness,knn_k5_continuous_ordinal_block,knn_k5_continuous_ordinal_block / knn_k5_continuous_ordinal_block,knn_k5_continuous_ordinal_block,oof_2020_2023,RAW_LOCKED_BASE_PREDICTIONS,raw,VALIDATED_COMPUTED,Locked inputs; missingness strategy=knn_k5_continuous_ordinal_block,d5d5e2d8a0734a0ce9af97a6606994868307c154f09eee30ee788ada6108d568,764,"0.957079 [0.928589, 0.980374]","0.407115 [0.287973, 0.542893]",8731,56,0.957079044874434,0.928588718000418,0.9803735954897733,0.4071149369716536,0.2879725153603364,0.542892563995773,0.0048661357196671425,0.004184190969835539,0.005528937818398077,0.32,0.0005726720879624327,0.5,0.5,0.5,0.21428571428571427,0.999193083573487,0.631578947368421,0.9949494949494949,12,7,8668,44,ESTIMATED,ESTIMATED,ESTIMATED,c42a4719722ee0c224b5fadf049344c464798fd56614702960c820c014c78731,"Descriptive arm estimate. CI is an individual-arm CI, not a paired-difference CI; no significance claim for a delta. Raw layer; operating point is the recorded P104 comparator rule, not a final clinical threshold.",D:\Codex_分拆Prompt嚴格無到院\outputs\v2\.p104rv\sweep_20260906T151250Z_account-06_v2\t19\r,d95dbb4598173f0768159fcd6204212fbb505e23babb7e34cb32d040f5a36f46,D:\Codex_分拆Prompt嚴格無到院\outputs\v2\.p104k10\cloud_validation_index_20260906T211456Z\task_surgery__P3__missingness_knn_k5_continuous_ordinal_block_validation.json,adaa0ae938d445ca3821839a5a55126c178e6455251fc99c3afa9d84b7fc19f2
surgery__P3__missingness_knn_k5_continuous_ordinal_block,surgery,P3,missingness,knn_k5_continuous_ordinal_block,knn_k5_continuous_ordinal_block / knn_k5_continuous_ordinal_block,knn_k5_continuous_ordinal_block,validation_2024,RAW_LOCKED_BASE_PREDICTIONS,raw,VALIDATED_COMPUTED,Locked inputs; missingness strategy=knn_k5_continuous_ordinal_block,d5d5e2d8a0734a0ce9af97a6606994868307c154f09eee30ee788ada6108d568,764,"0.953848 [0.908418, 0.986432]","0.593174 [0.427121, 0.813599]",2712,32,0.953847947761194,0.9084181017817057,0.9864320666067702,0.5931743787771862,0.4271206175829841,0.8135985657297277,0.005908592934009555,0.003992195024604829,0.00784039036768362,0.75,0.00663716814159292,0.5,0.5,0.5,0.65625,0.9988805970149254,0.875,0.9959077380952381,21,3,2677,11,ESTIMATED,ESTIMATED,ESTIMATED,8362377c52501bcb78d857c69f7a66e78bcb3e8291d74a36208230b84f828621,"Descriptive arm estimate. CI is an individual-arm CI, not a paired-difference CI; no significance claim for a delta. Raw layer; operating point is the recorded P104 comparator rule, not a final clinical threshold.",D:\Codex_分拆Prompt嚴格無到院\outputs\v2\.p104rv\sweep_20260906T151250Z_account-06_v2\t19\r,d95dbb4598173f0768159fcd6204212fbb505e23babb7e34cb32d040f5a36f46,D:\Codex_分拆Prompt嚴格無到院\outputs\v2\.p104k10\cloud_validation_index_20260906T211456Z\task_surgery__P3__missingness_knn_k5_continuous_ordinal_block_validation.json,adaa0ae938d445ca3821839a5a55126c178e6455251fc99c3afa9d84b7fc19f2
surgery__P3__missingness_bayesian_iterative_m10,surgery,P3,missingness,bayesian_iterative_m10,bayesian_iterative_m10 / bayesian_iterative_m10,bayesian_iterative_m10,oof_2020_2023,RAW_LOCKED_BASE_PREDICTIONS,raw,VALIDATED_COMPUTED,Locked inputs; missingness strategy=bayesian_iterative_m10,d5d5e2d8a0734a0ce9af97a6606994868307c154f09eee30ee788ada6108d568,764,"0.954199 [0.926446, 0.977736]","0.407605 [0.288434, 0.543573]",8731,56,0.9541992589543022,0.9264462283465813,0.9777357779506523,0.4076046848556405,0.2884341883264392,0.5435732566742395,0.004846109263077644,0.004179018511696557,0.005515647939673529,0.32432432432432434,0.0006872065055549192,0.5,0.5,0.5,0.21428571428571427,0.9993083573487032,0.6666666666666666,0.9949500746011707,12,6,8669,44,ESTIMATED,ESTIMATED,ESTIMATED,c42a4719722ee0c224b5fadf049344c464798fd56614702960c820c014c78731,"Descriptive arm estimate. CI is an individual-arm CI, not a paired-difference CI; no significance claim for a delta. Raw layer; operating point is the recorded P104 comparator rule, not a final clinical threshold.",D:\Codex_分拆Prompt嚴格無到院\outputs\v2\.p104rv\sweep_20260906T171453Z_account-03_v2\t19\r,f28c18653323de2ea94091d60b81531c6ce48b6aa63a1d68105c11f74fc808bd,D:\Codex_分拆Prompt嚴格無到院\outputs\v2\.p104k10\cloud_validation_index_20260906T211456Z\task_surgery__P3__missingness_bayesian_iterative_m10_validation.json,4404f50aa9ae961aa72146e111df6e19c5f37c5e70460e336c16c45988408754
surgery__P3__missingness_bayesian_iterative_m10,surgery,P3,missingness,bayesian_iterative_m10,bayesian_iterative_m10 / bayesian_iterative_m10,bayesian_iterative_m10,validation_2024,RAW_LOCKED_BASE_PREDICTIONS,raw,VALIDATED_COMPUTED,Locked inputs; missingness strategy=bayesian_iterative_m10,d5d5e2d8a0734a0ce9af97a6606994868307c154f09eee30ee788ada6108d568,764,"0.949837 [0.899711, 0.985507]","0.606003 [0.45044, 0.804353]",2712,32,0.9498367537313432,0.8997114970599511,0.9855073619032368,0.6060027051118679,0.4504397488079,0.804352763570509,0.005924947090465027,0.004220801099367092,0.007765979108010356,0.75,0.00663716814159292,0.5,0.5,0.5,0.65625,0.9988805970149254,0.875,0.9959077380952381,21,3,2677,11,ESTIMATED,ESTIMATED,ESTIMATED,8362377c52501bcb78d857c69f7a66e78bcb3e8291d74a36208230b84f828621,"Descriptive arm estimate. CI is an individual-arm CI, not a paired-difference CI; no significance claim for a delta. Raw layer; operating point is the recorded P104 comparator rule, not a final clinical threshold.",D:\Codex_分拆Prompt嚴格無到院\outputs\v2\.p104rv\sweep_20260906T171453Z_account-03_v2\t19\r,f28c18653323de2ea94091d60b81531c6ce48b6aa63a1d68105c11f74fc808bd,D:\Codex_分拆Prompt嚴格無到院\outputs\v2\.p104k10\cloud_validation_index_20260906T211456Z\task_surgery__P3__missingness_bayesian_iterative_m10_validation.json,4404f50aa9ae961aa72146e111df6e19c5f37c5e70460e336c16c45988408754
surgery__P3__missingness_mnar_minus_0_5sd,surgery,P3,missingness,mnar_minus_0_5sd,mnar_minus_0_5sd / mnar_minus_0_5sd,mnar_minus_0_5sd,oof_2020_2023,RAW_LOCKED_BASE_PREDICTIONS,raw,VALIDATED_COMPUTED,Locked inputs; missingness strategy=mnar_minus_0_5sd,d5d5e2d8a0734a0ce9af97a6606994868307c154f09eee30ee788ada6108d568,764,"0.954539 [0.926495, 0.979242]","0.424837 [0.304661, 0.558452]",8731,56,0.9545389048991355,0.9264954341681234,0.9792415130294057,0.4248368598946209,0.30466114468194033,0.5584520721765179,0.004816693346786486,0.0041587411796085725,0.005469967639834898,0.3466666666666667,0.0008017409231474057,0.5,0.5,0.5,0.23214285714285715,0.9993083573487032,0.6842105263157895,0.9950642791551882,13,6,8669,43,ESTIMATED,ESTIMATED,ESTIMATED,c42a4719722ee0c224b5fadf049344c464798fd56614702960c820c014c78731,"Descriptive arm estimate. CI is an individual-arm CI, not a paired-difference CI; no significance claim for a delta. Raw layer; operating point is the recorded P104 comparator rule, not a final clinical threshold.",D:\Codex_分拆Prompt嚴格無到院\outputs\v2\.p104rv\sweep_20260906T151250Z_account-10_v2\t19\r,610d241456d283e124d96933794d73260ee3312cb1b0f4ca72f78dbbf954e8f6,D:\Codex_分拆Prompt嚴格無到院\outputs\v2\.p104k10\cloud_validation_index_20260906T211456Z\task_surgery__P3__missingness_mnar_minus_0_5sd_validation.json,d2c2ec9805db0159dfcfdb5b21710bf290b81fbc8f0296f32a48df700a49f233
surgery__P3__missingness_mnar_minus_0_5sd,surgery,P3,missingness,mnar_minus_0_5sd,mnar_minus_0_5sd / mnar_minus_0_5sd,mnar_minus_0_5sd,validation_2024,RAW_LOCKED_BASE_PREDICTIONS,raw,VALIDATED_COMPUTED,Locked inputs; missingness strategy=mnar_minus_0_5sd,d5d5e2d8a0734a0ce9af97a6606994868307c154f09eee30ee788ada6108d568,764,"0.944496 [0.88672, 0.985559]","0.603171 [0.434043, 0.798266]",2712,32,0.9444962686567164,0.8867195153602019,0.9855588644157008,0.6031709407037745,0.4340427776518683,0.798266074017756,0.006136331979850929,0.0043382304830860705,0.0081232226710662,0.6545454545454545,0.004793510324483776,0.5,0.5,0.5,0.5625,0.9981343283582089,0.782608695652174,0.9947936035701004,18,5,2675,14,ESTIMATED,ESTIMATED,ESTIMATED,8362377c52501bcb78d857c69f7a66e78bcb3e8291d74a36208230b84f828621,"Descriptive arm estimate. CI is an individual-arm CI, not a paired-difference CI; no significance claim for a delta. Raw layer; operating point is the recorded P104 comparator rule, not a final clinical threshold.",D:\Codex_分拆Prompt嚴格無到院\outputs\v2\.p104rv\sweep_20260906T151250Z_account-10_v2\t19\r,610d241456d283e124d96933794d73260ee3312cb1b0f4ca72f78dbbf954e8f6,D:\Codex_分拆Prompt嚴格無到院\outputs\v2\.p104k10\cloud_validation_index_20260906T211456Z\task_surgery__P3__missingness_mnar_minus_0_5sd_validation.json,d2c2ec9805db0159dfcfdb5b21710bf290b81fbc8f0296f32a48df700a49f233
surgery__P3__missingness_mnar_plus_0_5sd,surgery,P3,missingness,mnar_plus_0_5sd,mnar_plus_0_5sd / mnar_plus_0_5sd,mnar_plus_0_5sd,oof_2020_2023,RAW_LOCKED_BASE_PREDICTIONS,raw,VALIDATED_COMPUTED,Locked inputs; missingness strategy=mnar_plus_0_5sd,d5d5e2d8a0734a0ce9af97a6606994868307c154f09eee30ee788ada6108d568,764,"0.955208 [0.928307, 0.97832]","0.407574 [0.294802, 0.538744]",8731,56,0.9552079044874434,0.9283067326718514,0.9783198643457477,0.4075737871658606,0.2948018428897139,0.538743647188661,0.00487403709291751,0.004209909562222196,0.005507143518496823,0.3116883116883117,0.0003436032527774596,0.5,0.5,0.5,0.21428571428571427,0.9989625360230547,0.5714285714285714,0.9949483352468427,12,9,8666,44,ESTIMATED,ESTIMATED,ESTIMATED,c42a4719722ee0c224b5fadf049344c464798fd56614702960c820c014c78731,"Descriptive arm estimate. CI is an individual-arm CI, not a paired-difference CI; no significance claim for a delta. Raw layer; operating point is the recorded P104 comparator rule, not a final clinical threshold.",D:\Codex_分拆Prompt嚴格無到院\outputs\v2\.p104rv\sweep_20260906T211456Z_account-01_v2\t20\r,361abff77d438bf2821c64359de3e6327c416fa3ab87529b19dce5da05f1271f,D:\Codex_分拆Prompt嚴格無到院\outputs\v2\.p104k10\cloud_validation_index_20260906T211456Z\task_surgery__P3__missingness_mnar_plus_0_5sd_validation.json,6f763c150f39d964bb676b2625af21b913d38592a4d8bcd9b64f2702b606a5b2
surgery__P3__missingness_mnar_plus_0_5sd,surgery,P3,missingness,mnar_plus_0_5sd,mnar_plus_0_5sd / mnar_plus_0_5sd,mnar_plus_0_5sd,validation_2024,RAW_LOCKED_BASE_PREDICTIONS,raw,VALIDATED_COMPUTED,Locked inputs; missingness strategy=mnar_plus_0_5sd,d5d5e2d8a0734a0ce9af97a6606994868307c154f09eee30ee788ada6108d568,764,"0.95056 [0.900322, 0.986713]","0.608504 [0.446237, 0.81788]",2712,32,0.9505597014925373,0.9003219490135705,0.9867133626869236,0.6085041163625091,0.446236937041225,0.8178799157609826,0.00591040133473464,0.004198063179457412,0.007887772076744508,0.7272727272727273,0.006268436578171091,0.5,0.5,0.5,0.625,0.9988805970149254,0.8695652173913043,0.9955373744886575,20,3,2677,12,ESTIMATED,ESTIMATED,ESTIMATED,8362377c52501bcb78d857c69f7a66e78bcb3e8291d74a36208230b84f828621,"Descriptive arm estimate. CI is an individual-arm CI, not a paired-difference CI; no significance claim for a delta. Raw layer; operating point is the recorded P104 comparator rule, not a final clinical threshold.",D:\Codex_分拆Prompt嚴格無到院\outputs\v2\.p104rv\sweep_20260906T211456Z_account-01_v2\t20\r,361abff77d438bf2821c64359de3e6327c416fa3ab87529b19dce5da05f1271f,D:\Codex_分拆Prompt嚴格無到院\outputs\v2\.p104k10\cloud_validation_index_20260906T211456Z\task_surgery__P3__missingness_mnar_plus_0_5sd_validation.json,6f763c150f39d964bb676b2625af21b913d38592a4d8bcd9b64f2702b606a5b2
surgery__S1__missingness_median_indicator,surgery,S1,missingness,median_indicator,median_indicator / median_indicator,median_indicator,oof_2020_2023,RAW_LOCKED_BASE_PREDICTIONS,raw,VALIDATED_COMPUTED,Locked inputs; missingness strategy=median_indicator,d5d5e2d8a0734a0ce9af97a6606994868307c154f09eee30ee788ada6108d568,764,"0.95318 [0.925607, 0.974892]","0.27753 [0.149245, 0.441993]",8731,33,0.9531797626761986,0.9256068427862713,0.974892017457212,0.27752955762933346,0.14924498557611354,0.4419927841071917,0.0032191726009515266,0.0028381215815156137,0.0035417705358121256,0.16666666666666666,0.0003436032527774596,0.5,0.5,0.5,0.09090909090909091,1.0,1.0,0.9965627864344638,3,0,8698,30,ESTIMATED,ESTIMATED,ESTIMATED,e36be2ccf01e9f9066972174040cb96ae5a7f44a48be310e6ecef55e34ed0a92,"Descriptive arm estimate. CI is an individual-arm CI, not a paired-difference CI; no significance claim for a delta. Raw layer; operating point is the recorded P104 comparator rule, not a final clinical threshold.",D:\Codex_分拆Prompt嚴格無到院\outputs\v2\.p104rv\sweep_20260906T171453Z_account-03_v2\t22\r,ed542beea129b07bdc7defd9763c8af20717417d3cf0ea3bc9228d8f262c15de,D:\Codex_分拆Prompt嚴格無到院\outputs\v2\.p104k10\cloud_validation_index_20260906T211456Z\task_surgery__S1__missingness_median_indicator_validation.json,1d729c1af77259784cf502199c028c6c2b28d9fed12089f76a31253d0add1135
surgery__S1__missingness_median_indicator,surgery,S1,missingness,median_indicator,median_indicator / median_indicator,median_indicator,validation_2024,RAW_LOCKED_BASE_PREDICTIONS,raw,VALIDATED_COMPUTED,Locked inputs; missingness strategy=median_indicator,d5d5e2d8a0734a0ce9af97a6606994868307c154f09eee30ee788ada6108d568,764,"0.965885 [0.934887, 0.990515]","0.458543 [0.255847, 0.688782]",2712,17,0.9658845356324348,0.934887377297842,0.9905149627785896,0.4585432987032801,0.25584692326354835,0.6887819048208914,0.004521732886786054,0.0033223594361678752,0.00568617185009345,0.4166666666666667,0.0011061946902654867,0.5,0.5,0.5,0.29411764705882354,0.9992578849721707,0.7142857142857143,0.9955637707948244,5,2,2693,12,ESTIMATED,ESTIMATED,ESTIMATED,435b8e63ad8401164262620952d03dcad8d1703894308692be9e580ed2f46fa7,"Descriptive arm estimate. CI is an individual-arm CI, not a paired-difference CI; no significance claim for a delta. Raw layer; operating point is the recorded P104 comparator rule, not a final clinical threshold.",D:\Codex_分拆Prompt嚴格無到院\outputs\v2\.p104rv\sweep_20260906T171453Z_account-03_v2\t22\r,ed542beea129b07bdc7defd9763c8af20717417d3cf0ea3bc9228d8f262c15de,D:\Codex_分拆Prompt嚴格無到院\outputs\v2\.p104k10\cloud_validation_index_20260906T211456Z\task_surgery__S1__missingness_median_indicator_validation.json,1d729c1af77259784cf502199c028c6c2b28d9fed12089f76a31253d0add1135
surgery__S1__missingness_mean_indicator,surgery,S1,missingness,mean_indicator,mean_indicator / mean_indicator,mean_indicator,oof_2020_2023,RAW_LOCKED_BASE_PREDICTIONS,raw,VALIDATED_COMPUTED,Locked inputs; missingness strategy=mean_indicator,d5d5e2d8a0734a0ce9af97a6606994868307c154f09eee30ee788ada6108d568,764,"0.951985 [0.926509, 0.973623]","0.259217 [0.13871, 0.42105]",8731,33,0.9519847822905998,0.9265094065067409,0.97362298487334,0.25921686171833197,0.1387097776439087,0.42105018819560125,0.003254516784464368,0.0028836518460513176,0.003577691165121897,0.1111111111111111,0.00011453441759248655,0.5,0.5,0.5,0.06060606060606061,0.9998850310416187,0.6666666666666666,0.9964482126489459,2,1,8697,31,ESTIMATED,ESTIMATED,ESTIMATED,e36be2ccf01e9f9066972174040cb96ae5a7f44a48be310e6ecef55e34ed0a92,"Descriptive arm estimate. CI is an individual-arm CI, not a paired-difference CI; no significance claim for a delta. Raw layer; operating point is the recorded P104 comparator rule, not a final clinical threshold.",D:\Codex_分拆Prompt嚴格無到院\outputs\v2\.p104rv\sweep_20260906T191424Z_account-02_v2\t22\r,e9f550c973dc503b1e23025aff85ff62f6c36ac2a462ad0871f60ca72d31089a,D:\Codex_分拆Prompt嚴格無到院\outputs\v2\.p104k10\cloud_validation_index_20260906T211456Z\task_surgery__S1__missingness_mean_indicator_validation.json,1ba16bbc9f24daf826d7e42e0a917722a01343b8e75595ae356a09269ba8064e
surgery__S1__missingness_mean_indicator,surgery,S1,missingness,mean_indicator,mean_indicator / mean_indicator,mean_indicator,validation_2024,RAW_LOCKED_BASE_PREDICTIONS,raw,VALIDATED_COMPUTED,Locked inputs; missingness strategy=mean_indicator,d5d5e2d8a0734a0ce9af97a6606994868307c154f09eee30ee788ada6108d568,764,"0.967543 [0.937672, 0.991403]","0.44899 [0.240952, 0.688343]",2712,17,0.9675433809887591,0.9376716901090606,0.9914030769455466,0.44899023816212524,0.2409519844430046,0.6883428213136821,0.00451664967607508,0.0033665829295904132,0.005737781253176642,0.4,0.0007374631268436578,0.5,0.5,0.5,0.29411764705882354,0.9988868274582561,0.625,0.9955621301775148,5,3,2692,12,ESTIMATED,ESTIMATED,ESTIMATED,435b8e63ad8401164262620952d03dcad8d1703894308692be9e580ed2f46fa7,"Descriptive arm estimate. CI is an individual-arm CI, not a paired-difference CI; no significance claim for a delta. Raw layer; operating point is the recorded P104 comparator rule, not a final clinical threshold.",D:\Codex_分拆Prompt嚴格無到院\outputs\v2\.p104rv\sweep_20260906T191424Z_account-02_v2\t22\r,e9f550c973dc503b1e23025aff85ff62f6c36ac2a462ad0871f60ca72d31089a,D:\Codex_分拆Prompt嚴格無到院\outputs\v2\.p104k10\cloud_validation_index_20260906T211456Z\task_surgery__S1__missingness_mean_indicator_validation.json,1ba16bbc9f24daf826d7e42e0a917722a01343b8e75595ae356a09269ba8064e
surgery__S1__missingness_tree_native,surgery,S1,missingness,tree_native,tree_native / tree_native,tree_native,oof_2020_2023,RAW_LOCKED_BASE_PREDICTIONS,raw,VALIDATED_COMPUTED,Locked inputs; missingness strategy=tree_native,d5d5e2d8a0734a0ce9af97a6606994868307c154f09eee30ee788ada6108d568,764,"0.951912 [0.926618, 0.973357]","0.250671 [0.122606, 0.410145]",8731,33,0.9519116202261753,0.9266175036340538,0.9733570434505224,0.25067072519902833,0.12260599141314794,0.4101446308074139,0.0032799727402485408,0.0028772970220748172,0.0036491289949436255,0.15789473684210525,0.00011453441759248655,0.5,0.5,0.5,0.09090909090909091,0.9997700620832375,0.6,0.9965619986247994,3,2,8696,30,ESTIMATED,ESTIMATED,ESTIMATED,e36be2ccf01e9f9066972174040cb96ae5a7f44a48be310e6ecef55e34ed0a92,"Descriptive arm estimate. CI is an individual-arm CI, not a paired-difference CI; no significance claim for a delta. Raw layer; operating point is the recorded P104 comparator rule, not a final clinical threshold.",D:\Codex_分拆Prompt嚴格無到院\outputs\v2\.p104rv\sweep_20260906T151250Z_account-05_v2\t22\r,f1b02ac7393f49f5ae8d215fec995ba813df106b47ee2b96173d451bf306a896,D:\Codex_分拆Prompt嚴格無到院\outputs\v2\.p104k10\cloud_validation_index_20260906T211456Z\task_surgery__S1__missingness_tree_native_validation.json,1d6a13f122c23e0554a65c25177a5e29fd6884e9a147c92b1548ff91dbd5376a
surgery__S1__missingness_tree_native,surgery,S1,missingness,tree_native,tree_native / tree_native,tree_native,validation_2024,RAW_LOCKED_BASE_PREDICTIONS,raw,VALIDATED_COMPUTED,Locked inputs; missingness strategy=tree_native,d5d5e2d8a0734a0ce9af97a6606994868307c154f09eee30ee788ada6108d568,764,"0.959162 [0.919619, 0.989241]","0.518942 [0.297974, 0.738026]",2712,17,0.9591618465568045,0.9196191706921801,0.9892412111657659,0.5189417958938054,0.29797394609030364,0.7380262712018886,0.004304052939177758,0.003195099850346044,0.005528914900544047,0.48,0.0014749262536873156,0.5,0.5,0.5,0.35294117647058826,0.9992578849721707,0.75,0.9959319526627219,6,2,2693,11,ESTIMATED,ESTIMATED,ESTIMATED,435b8e63ad8401164262620952d03dcad8d1703894308692be9e580ed2f46fa7,"Descriptive arm estimate. CI is an individual-arm CI, not a paired-difference CI; no significance claim for a delta. Raw layer; operating point is the recorded P104 comparator rule, not a final clinical threshold.",D:\Codex_分拆Prompt嚴格無到院\outputs\v2\.p104rv\sweep_20260906T151250Z_account-05_v2\t22\r,f1b02ac7393f49f5ae8d215fec995ba813df106b47ee2b96173d451bf306a896,D:\Codex_分拆Prompt嚴格無到院\outputs\v2\.p104k10\cloud_validation_index_20260906T211456Z\task_surgery__S1__missingness_tree_native_validation.json,1d6a13f122c23e0554a65c25177a5e29fd6884e9a147c92b1548ff91dbd5376a
surgery__S1__missingness_median_no_indicator,surgery,S1,missingness,median_no_indicator,median_no_indicator / median_no_indicator,median_no_indicator,oof_2020_2023,RAW_LOCKED_BASE_PREDICTIONS,raw,VALIDATED_COMPUTED,Remove specified baseline missingness indicators; retain undefined-score safeguards,0be3019014561edcf1c1cb3d305a4c74d405f0e1a6a4b35b5b24545e22ab35a6,512,"0.953347 [0.927456, 0.974289]","0.270379 [0.138156, 0.437186]",8731,33,0.9533469902520258,0.9274562030155987,0.9742894485605397,0.2703794217120185,0.13815617848706999,0.4371864929680747,0.0032255791408093686,0.0028488219668409125,0.003563880542562198,0.16666666666666666,0.0003436032527774596,0.5,0.5,0.5,0.09090909090909091,1.0,1.0,0.9965627864344638,3,0,8698,30,ESTIMATED,ESTIMATED,ESTIMATED,e36be2ccf01e9f9066972174040cb96ae5a7f44a48be310e6ecef55e34ed0a92,"Descriptive arm estimate. CI is an individual-arm CI, not a paired-difference CI; no significance claim for a delta. Raw layer; operating point is the recorded P104 comparator rule, not a final clinical threshold. Specified MISS/indicator inputs removed; UNDEFINED_SCORE safeguards remain, so missingness information is not completely absent.",D:\Codex_分拆Prompt嚴格無到院\outputs\v2\.p104rv\sweep_20260906T161352Z_account-04_v3\t22\r,cdd90a0ac9b86ae2cd83adf0961f068b201e84c2b3b68fb0c4eac6317406083b,D:\Codex_分拆Prompt嚴格無到院\outputs\v2\.p104k10\cloud_validation_index_20260906T211456Z\task_surgery__S1__missingness_median_no_indicator_validation.json,d84ab09c7be52a07c0301edc7205465a63d56b920890fe68eac3f46316d10078
surgery__S1__missingness_median_no_indicator,surgery,S1,missingness,median_no_indicator,median_no_indicator / median_no_indicator,median_no_indicator,validation_2024,RAW_LOCKED_BASE_PREDICTIONS,raw,VALIDATED_COMPUTED,Remove specified baseline missingness indicators; retain undefined-score safeguards,0be3019014561edcf1c1cb3d305a4c74d405f0e1a6a4b35b5b24545e22ab35a6,512,"0.966779 [0.935658, 0.991659]","0.440034 [0.239438, 0.690702]",2712,17,0.9667794390483466,0.935657618052814,0.9916585918296064,0.44003394697465176,0.2394375406714282,0.6907020812928247,0.004563672708992552,0.00330545193355575,0.005697617762498261,0.4166666666666667,0.0011061946902654867,0.5,0.5,0.5,0.29411764705882354,0.9992578849721707,0.7142857142857143,0.9955637707948244,5,2,2693,12,ESTIMATED,ESTIMATED,ESTIMATED,435b8e63ad8401164262620952d03dcad8d1703894308692be9e580ed2f46fa7,"Descriptive arm estimate. CI is an individual-arm CI, not a paired-difference CI; no significance claim for a delta. Raw layer; operating point is the recorded P104 comparator rule, not a final clinical threshold. Specified MISS/indicator inputs removed; UNDEFINED_SCORE safeguards remain, so missingness information is not completely absent.",D:\Codex_分拆Prompt嚴格無到院\outputs\v2\.p104rv\sweep_20260906T161352Z_account-04_v3\t22\r,cdd90a0ac9b86ae2cd83adf0961f068b201e84c2b3b68fb0c4eac6317406083b,D:\Codex_分拆Prompt嚴格無到院\outputs\v2\.p104k10\cloud_validation_index_20260906T211456Z\task_surgery__S1__missingness_median_no_indicator_validation.json,d84ab09c7be52a07c0301edc7205465a63d56b920890fe68eac3f46316d10078
surgery__S1__missingness_full_complete_case,surgery,S1,missingness,full_complete_case,full_complete_case,,,RAW_LOCKED_BASE_PREDICTIONS,raw,VALIDATED_NOT_ESTIMABLE,,,,,,,,,,,,,,,,,,,,,,,,,,,,,,,,,,Validated not-estimable disposition; no performance value invented. empty evaluation or single-class training cohort,D:\Codex_分拆Prompt嚴格無到院\outputs\v2\.p104rv\sweep_20260906T151250Z_account-10_v2\t21\r,3b7d6ffa7f4be533cddf6f008a52aa231a62394ed159280dd007fd6fac7addda,D:\Codex_分拆Prompt嚴格無到院\outputs\v2\.p104k10\cloud_validation_index_20260906T211456Z\task_surgery__S1__missingness_full_complete_case_validation.json,8e9ebccc8c10139ad9b5669901e2d558eca4efadfc4102561c98e32d27638634
surgery__S1__missingness_core_vitals_complete_case,surgery,S1,missingness,core_vitals_complete_case,core_vitals_complete_case / core_vitals_complete_case,core_vitals_complete_case,oof_2020_2023,RAW_LOCKED_BASE_PREDICTIONS,raw,VALIDATED_COMPUTED,Locked inputs; missingness strategy=core_vitals_complete_case,d5d5e2d8a0734a0ce9af97a6606994868307c154f09eee30ee788ada6108d568,764,"0.945424 [0.917305, 0.96911]","0.162795 [0.0445651, 0.330366]",8261,24,0.9454241026263608,0.9173049585337165,0.969109947518897,0.16279484189647125,0.044565077952225626,0.33036643102111,0.0026591825606557184,0.002351724559336863,0.002903718030612787,0.15384615384615385,0.000242101440503571,0.5,0.5,0.5,0.08333333333333333,1.0,1.0,0.9973362392541469,2,0,8237,22,ESTIMATED,ESTIMATED,ESTIMATED,725c43839ba0448436cdef98a73de7a416900377c7c5574a2ddf77608503b5c8,"Descriptive arm estimate. CI is an individual-arm CI, not a paired-difference CI; no significance claim for a delta. Raw layer; operating point is the recorded P104 comparator rule, not a final clinical threshold.",D:\Codex_分拆Prompt嚴格無到院\outputs\v2\.p104rv\sweep_20260906T171453Z_account-09_v2\t21\r,5ab5b43177ee7229dac512a1713947a28097237c65a7f01edac805bbe7000ce2,D:\Codex_分拆Prompt嚴格無到院\outputs\v2\.p104k10\cloud_validation_index_20260906T211456Z\task_surgery__S1__missingness_core_vitals_complete_case_validation.json,332cad8e97e70282613ae76e68f745e7f9822001ac27d4ad2aec1e44edcba871
surgery__S1__missingness_core_vitals_complete_case,surgery,S1,missingness,core_vitals_complete_case,core_vitals_complete_case / core_vitals_complete_case,core_vitals_complete_case,validation_2024,RAW_LOCKED_BASE_PREDICTIONS,raw,VALIDATED_COMPUTED,Locked inputs; missingness strategy=core_vitals_complete_case,d5d5e2d8a0734a0ce9af97a6606994868307c154f09eee30ee788ada6108d568,764,"0.956466 [0.924611, 0.983842]","0.0976318 [0.0414301, 0.27633]",2329,9,0.9564655172413793,0.9246114879661661,0.9838416679233117,0.09763178009500825,0.041430071509037575,0.2763296474699924,0.004450105089755612,0.00368233002850926,0.005373692750854712,0.0,-0.0017174753112924003,0.5,0.5,0.5,0.0,0.9982758620689656,0.0,0.9961290322580645,0,4,2316,9,ESTIMATED,ESTIMATED,ESTIMATED,ee6200b78c26c9d34f4df73d1ba8748b786b0a45d7e3489051ef6761a9495208,"Descriptive arm estimate. CI is an individual-arm CI, not a paired-difference CI; no significance claim for a delta. Raw layer; operating point is the recorded P104 comparator rule, not a final clinical threshold.",D:\Codex_分拆Prompt嚴格無到院\outputs\v2\.p104rv\sweep_20260906T171453Z_account-09_v2\t21\r,5ab5b43177ee7229dac512a1713947a28097237c65a7f01edac805bbe7000ce2,D:\Codex_分拆Prompt嚴格無到院\outputs\v2\.p104k10\cloud_validation_index_20260906T211456Z\task_surgery__S1__missingness_core_vitals_complete_case_validation.json,332cad8e97e70282613ae76e68f745e7f9822001ac27d4ad2aec1e44edcba871
surgery__S1__missingness_knn_k5_continuous_ordinal_block,surgery,S1,missingness,knn_k5_continuous_ordinal_block,knn_k5_continuous_ordinal_block / knn_k5_continuous_ordinal_block,knn_k5_continuous_ordinal_block,oof_2020_2023,RAW_LOCKED_BASE_PREDICTIONS,raw,VALIDATED_COMPUTED,Locked inputs; missingness strategy=knn_k5_continuous_ordinal_block,d5d5e2d8a0734a0ce9af97a6606994868307c154f09eee30ee788ada6108d568,764,"0.953887 [0.928834, 0.974824]","0.257749 [0.134362, 0.427563]",8731,33,0.9538869959656348,0.9288343765832835,0.9748237360031136,0.2577488193221581,0.1343616411673914,0.42756300410710546,0.003285240535828199,0.0028728491619413976,0.0036795371143272205,0.2,0.00011453441759248655,0.5,0.5,0.5,0.12121212121212122,0.9996550931248563,0.5714285714285714,0.9966758367721229,4,3,8695,29,ESTIMATED,ESTIMATED,ESTIMATED,e36be2ccf01e9f9066972174040cb96ae5a7f44a48be310e6ecef55e34ed0a92,"Descriptive arm estimate. CI is an individual-arm CI, not a paired-difference CI; no significance claim for a delta. Raw layer; operating point is the recorded P104 comparator rule, not a final clinical threshold.",D:\Codex_分拆Prompt嚴格無到院\outputs\v2\.p104rv\sweep_20260906T211456Z_account-01_v2\t22\r,85b87f61e189dcb739b5558d8a334790d266abedf2af9d0b61f140f6751d2717,D:\Codex_分拆Prompt嚴格無到院\outputs\v2\.p104k10\cloud_validation_index_20260906T211456Z\task_surgery__S1__missingness_knn_k5_continuous_ordinal_block_validation.json,17ea463cc212455e5afa9f9cca313a2607b2979ac04d9bd3ad5fa2f94b250579
surgery__S1__missingness_knn_k5_continuous_ordinal_block,surgery,S1,missingness,knn_k5_continuous_ordinal_block,knn_k5_continuous_ordinal_block / knn_k5_continuous_ordinal_block,knn_k5_continuous_ordinal_block,validation_2024,RAW_LOCKED_BASE_PREDICTIONS,raw,VALIDATED_COMPUTED,Locked inputs; missingness strategy=knn_k5_continuous_ordinal_block,d5d5e2d8a0734a0ce9af97a6606994868307c154f09eee30ee788ada6108d568,764,"0.972105 [0.947296, 0.992626]","0.490106 [0.272667, 0.72711]",2712,17,0.972105205718651,0.9472955847895947,0.9926255856950241,0.4901055345071107,0.27266662304246375,0.72710983581754,0.004515482373924263,0.00310517734981518,0.005920856067731055,0.42857142857142855,0.0003687315634218289,0.5,0.5,0.5,0.35294117647058826,0.9981447124304267,0.5454545454545454,0.9959274342835986,6,5,2690,11,ESTIMATED,ESTIMATED,ESTIMATED,435b8e63ad8401164262620952d03dcad8d1703894308692be9e580ed2f46fa7,"Descriptive arm estimate. CI is an individual-arm CI, not a paired-difference CI; no significance claim for a delta. Raw layer; operating point is the recorded P104 comparator rule, not a final clinical threshold.",D:\Codex_分拆Prompt嚴格無到院\outputs\v2\.p104rv\sweep_20260906T211456Z_account-01_v2\t22\r,85b87f61e189dcb739b5558d8a334790d266abedf2af9d0b61f140f6751d2717,D:\Codex_分拆Prompt嚴格無到院\outputs\v2\.p104k10\cloud_validation_index_20260906T211456Z\task_surgery__S1__missingness_knn_k5_continuous_ordinal_block_validation.json,17ea463cc212455e5afa9f9cca313a2607b2979ac04d9bd3ad5fa2f94b250579
surgery__S1__missingness_bayesian_iterative_m10,surgery,S1,missingness,bayesian_iterative_m10,bayesian_iterative_m10 / bayesian_iterative_m10,bayesian_iterative_m10,oof_2020_2023,RAW_LOCKED_BASE_PREDICTIONS,raw,VALIDATED_COMPUTED,Locked inputs; missingness strategy=bayesian_iterative_m10,d5d5e2d8a0734a0ce9af97a6606994868307c154f09eee30ee788ada6108d568,764,"0.95412 [0.930233, 0.974555]","0.276409 [0.150713, 0.452417]",8731,33,0.9541204177902269,0.9302325840683888,0.9745549583204556,0.27640909086977655,0.1507125043688933,0.4524174579921827,0.0032131481367326568,0.002816251388668317,0.0035516501768259787,0.16216216216216217,0.0002290688351849731,0.5,0.5,0.5,0.09090909090909091,0.9998850310416187,0.75,0.996562392574768,3,1,8697,30,ESTIMATED,ESTIMATED,ESTIMATED,e36be2ccf01e9f9066972174040cb96ae5a7f44a48be310e6ecef55e34ed0a92,"Descriptive arm estimate. CI is an individual-arm CI, not a paired-difference CI; no significance claim for a delta. Raw layer; operating point is the recorded P104 comparator rule, not a final clinical threshold.",D:\Codex_分拆Prompt嚴格無到院\outputs\v2\.p104rv\sweep_20260906T171453Z_account-08_v2\t21\r,a3330e001171139f1c6c992ee3654b9430feb09eceb38a9c1b2f31d21b9b1852,D:\Codex_分拆Prompt嚴格無到院\outputs\v2\.p104k10\cloud_validation_index_20260906T211456Z\task_surgery__S1__missingness_bayesian_iterative_m10_validation.json,00ea6442e6566c457c12eea0b0f9702620f28ce265049ae0aac1f00f2e13b91d
surgery__S1__missingness_bayesian_iterative_m10,surgery,S1,missingness,bayesian_iterative_m10,bayesian_iterative_m10 / bayesian_iterative_m10,bayesian_iterative_m10,validation_2024,RAW_LOCKED_BASE_PREDICTIONS,raw,VALIDATED_COMPUTED,Locked inputs; missingness strategy=bayesian_iterative_m10,d5d5e2d8a0734a0ce9af97a6606994868307c154f09eee30ee788ada6108d568,764,"0.97503 [0.951658, 0.992446]","0.458225 [0.260314, 0.706777]",2712,17,0.975030012004802,0.9516584128102176,0.9924463046284773,0.458225336645673,0.2603141054117744,0.7067765338014026,0.004475770229939274,0.0032460830971207054,0.005730576115233094,0.4444444444444444,0.0007374631268436578,0.5,0.5,0.5,0.35294117647058826,0.9985157699443413,0.6,0.9959289415247965,6,4,2691,11,ESTIMATED,ESTIMATED,ESTIMATED,435b8e63ad8401164262620952d03dcad8d1703894308692be9e580ed2f46fa7,"Descriptive arm estimate. CI is an individual-arm CI, not a paired-difference CI; no significance claim for a delta. Raw layer; operating point is the recorded P104 comparator rule, not a final clinical threshold.",D:\Codex_分拆Prompt嚴格無到院\outputs\v2\.p104rv\sweep_20260906T171453Z_account-08_v2\t21\r,a3330e001171139f1c6c992ee3654b9430feb09eceb38a9c1b2f31d21b9b1852,D:\Codex_分拆Prompt嚴格無到院\outputs\v2\.p104k10\cloud_validation_index_20260906T211456Z\task_surgery__S1__missingness_bayesian_iterative_m10_validation.json,00ea6442e6566c457c12eea0b0f9702620f28ce265049ae0aac1f00f2e13b91d
surgery__S2__missingness_median_indicator,surgery,S2,missingness,median_indicator,median_indicator / median_indicator,median_indicator,oof_2020_2023,RAW_LOCKED_BASE_PREDICTIONS,raw,VALIDATED_COMPUTED,Locked inputs; missingness strategy=median_indicator,d5d5e2d8a0734a0ce9af97a6606994868307c154f09eee30ee788ada6108d568,764,"0.945454 [0.917769, 0.967229]","0.230794 [0.141869, 0.365656]",8731,52,0.9454541022982088,0.917769070039587,0.9672286316168761,0.23079447548967633,0.14186891800231913,0.36565581375112277,0.005150907886711917,0.0047970635824587495,0.005503481117227013,0.037037037037037035,0.0,0.5,0.5,0.5,0.019230769230769232,0.99988477935246,0.5,0.9941574063466606,1,1,8678,51,ESTIMATED,ESTIMATED,ESTIMATED,3b8e5e950942afa497fb5c1add095e6bc2632c086131c4326c07bb9f3f57eafa,"Descriptive arm estimate. CI is an individual-arm CI, not a paired-difference CI; no significance claim for a delta. Raw layer; operating point is the recorded P104 comparator rule, not a final clinical threshold.",D:\Codex_分拆Prompt嚴格無到院\outputs\v2\.p104rv\sweep_20260906T151250Z_account-05_v2\t24\r,53a294541fb429dc2d0e6a9644d4f4c36b45a27650957a6bb06d2fd9d43e72e6,D:\Codex_分拆Prompt嚴格無到院\outputs\v2\.p104k10\cloud_validation_index_20260906T211456Z\task_surgery__S2__missingness_median_indicator_validation.json,0c6d7cf1da78adc27586d44d2da4ec8e71067286fbaddb5288c807f7172395c4
surgery__S2__missingness_median_indicator,surgery,S2,missingness,median_indicator,median_indicator / median_indicator,median_indicator,validation_2024,RAW_LOCKED_BASE_PREDICTIONS,raw,VALIDATED_COMPUTED,Locked inputs; missingness strategy=median_indicator,d5d5e2d8a0734a0ce9af97a6606994868307c154f09eee30ee788ada6108d568,764,"0.946878 [0.910682, 0.976239]","0.431307 [0.249238, 0.646009]",2712,24,0.9468781001984127,0.9106822458805102,0.9762391102984724,0.43130705526754726,0.24923768500459942,0.6460091600157537,0.006460176080700561,0.0053108121045669044,0.0076113098298469855,0.14814814814814814,0.0003687315634218289,0.5,0.5,0.5,0.08333333333333333,0.9996279761904762,0.6666666666666666,0.9918789221114802,2,1,2687,22,ESTIMATED,ESTIMATED,ESTIMATED,ad7ca72b10793842ba8fdc8859126bc4bad1b65e1030d4fb45bc7f9bdd76145c,"Descriptive arm estimate. CI is an individual-arm CI, not a paired-difference CI; no significance claim for a delta. Raw layer; operating point is the recorded P104 comparator rule, not a final clinical threshold.",D:\Codex_分拆Prompt嚴格無到院\outputs\v2\.p104rv\sweep_20260906T151250Z_account-05_v2\t24\r,53a294541fb429dc2d0e6a9644d4f4c36b45a27650957a6bb06d2fd9d43e72e6,D:\Codex_分拆Prompt嚴格無到院\outputs\v2\.p104k10\cloud_validation_index_20260906T211456Z\task_surgery__S2__missingness_median_indicator_validation.json,0c6d7cf1da78adc27586d44d2da4ec8e71067286fbaddb5288c807f7172395c4
surgery__S2__missingness_mean_indicator,surgery,S2,missingness,mean_indicator,mean_indicator / mean_indicator,mean_indicator,oof_2020_2023,RAW_LOCKED_BASE_PREDICTIONS,raw,VALIDATED_COMPUTED,Locked inputs; missingness strategy=mean_indicator,d5d5e2d8a0734a0ce9af97a6606994868307c154f09eee30ee788ada6108d568,764,"0.944382 [0.917503, 0.965866]","0.205184 [0.127835, 0.335594]",8731,52,0.944381663963413,0.9175030629768154,0.9658660917313784,0.20518374297281317,0.12783525277311691,0.3355939145540969,0.005206427533460896,0.0048489366376038325,0.005553086378935157,0.037037037037037035,0.0,0.5,0.5,0.5,0.019230769230769232,0.99988477935246,0.5,0.9941574063466606,1,1,8678,51,ESTIMATED,ESTIMATED,ESTIMATED,3b8e5e950942afa497fb5c1add095e6bc2632c086131c4326c07bb9f3f57eafa,"Descriptive arm estimate. CI is an individual-arm CI, not a paired-difference CI; no significance claim for a delta. Raw layer; operating point is the recorded P104 comparator rule, not a final clinical threshold.",D:\Codex_分拆Prompt嚴格無到院\outputs\v2\.p104rv\sweep_20260906T161352Z_account-04_v3\t24\r,4fe753c55f5c3db8dc555d1a3292367acaf9cb21cbfb48cfb9402eb574ac5d74,D:\Codex_分拆Prompt嚴格無到院\outputs\v2\.p104k10\cloud_validation_index_20260906T211456Z\task_surgery__S2__missingness_mean_indicator_validation.json,2e2ef232f801b5e749281cac7e2780fadd653399b0b61caeccf43af88db5313c
surgery__S2__missingness_mean_indicator,surgery,S2,missingness,mean_indicator,mean_indicator / mean_indicator,mean_indicator,validation_2024,RAW_LOCKED_BASE_PREDICTIONS,raw,VALIDATED_COMPUTED,Locked inputs; missingness strategy=mean_indicator,d5d5e2d8a0734a0ce9af97a6606994868307c154f09eee30ee788ada6108d568,764,"0.947033 [0.910756, 0.976924]","0.42591 [0.244533, 0.64389]",2712,24,0.9470331101190477,0.910756217061468,0.9769241517472077,0.42590969629136954,0.24453323137463673,0.6438896951855541,0.0064781310578352555,0.00531902169069264,0.007657388450903564,0.27586206896551724,0.0011061946902654867,0.5,0.5,0.5,0.16666666666666666,0.9996279761904762,0.8,0.9926117473217584,4,1,2687,20,ESTIMATED,ESTIMATED,ESTIMATED,ad7ca72b10793842ba8fdc8859126bc4bad1b65e1030d4fb45bc7f9bdd76145c,"Descriptive arm estimate. CI is an individual-arm CI, not a paired-difference CI; no significance claim for a delta. Raw layer; operating point is the recorded P104 comparator rule, not a final clinical threshold.",D:\Codex_分拆Prompt嚴格無到院\outputs\v2\.p104rv\sweep_20260906T161352Z_account-04_v3\t24\r,4fe753c55f5c3db8dc555d1a3292367acaf9cb21cbfb48cfb9402eb574ac5d74,D:\Codex_分拆Prompt嚴格無到院\outputs\v2\.p104k10\cloud_validation_index_20260906T211456Z\task_surgery__S2__missingness_mean_indicator_validation.json,2e2ef232f801b5e749281cac7e2780fadd653399b0b61caeccf43af88db5313c
surgery__S2__missingness_tree_native,surgery,S2,missingness,tree_native,tree_native / tree_native,tree_native,oof_2020_2023,RAW_LOCKED_BASE_PREDICTIONS,raw,VALIDATED_COMPUTED,Locked inputs; missingness strategy=tree_native,d5d5e2d8a0734a0ce9af97a6606994868307c154f09eee30ee788ada6108d568,764,"0.946445 [0.922163, 0.965823]","0.220491 [0.134341, 0.357746]",8731,52,0.9464445567107165,0.9221625864713542,0.9658226770268113,0.22049085694165166,0.13434113246764212,0.3577459062643635,0.005207441072903105,0.004832214204985514,0.005561067728586165,0.0,-0.00011453441759248655,0.5,0.5,0.5,0.0,0.99988477935246,0.0,0.9940435280641466,0,1,8678,52,ESTIMATED,ESTIMATED,ESTIMATED,3b8e5e950942afa497fb5c1add095e6bc2632c086131c4326c07bb9f3f57eafa,"Descriptive arm estimate. CI is an individual-arm CI, not a paired-difference CI; no significance claim for a delta. Raw layer; operating point is the recorded P104 comparator rule, not a final clinical threshold.",D:\Codex_分拆Prompt嚴格無到院\outputs\v2\.p104rv\sweep_20260906T171453Z_account-07_v2\t24\r,d71b84acd1f5fb894bc9ed74be0a806131a5ba3523b25fc09ed1aa237dcc86e3,D:\Codex_分拆Prompt嚴格無到院\outputs\v2\.p104k10\cloud_validation_index_20260906T211456Z\task_surgery__S2__missingness_tree_native_validation.json,716a3e798ef28d159ff20476c0b1afc90b82ca8514a06382ae8b671ae9448f74
surgery__S2__missingness_tree_native,surgery,S2,missingness,tree_native,tree_native / tree_native,tree_native,validation_2024,RAW_LOCKED_BASE_PREDICTIONS,raw,VALIDATED_COMPUTED,Locked inputs; missingness strategy=tree_native,d5d5e2d8a0734a0ce9af97a6606994868307c154f09eee30ee788ada6108d568,764,"0.949436 [0.917915, 0.976707]","0.362821 [0.212469, 0.607994]",2712,24,0.9494357638888888,0.9179145242895818,0.9767073566861076,0.362820576984364,0.21246887601990427,0.6079936296989128,0.006487380275435572,0.0053124875442829185,0.007671063473563716,0.07692307692307693,0.0,0.5,0.5,0.5,0.041666666666666664,0.9996279761904762,0.5,0.9915129151291513,1,1,2687,23,ESTIMATED,ESTIMATED,ESTIMATED,ad7ca72b10793842ba8fdc8859126bc4bad1b65e1030d4fb45bc7f9bdd76145c,"Descriptive arm estimate. CI is an individual-arm CI, not a paired-difference CI; no significance claim for a delta. Raw layer; operating point is the recorded P104 comparator rule, not a final clinical threshold.",D:\Codex_分拆Prompt嚴格無到院\outputs\v2\.p104rv\sweep_20260906T171453Z_account-07_v2\t24\r,d71b84acd1f5fb894bc9ed74be0a806131a5ba3523b25fc09ed1aa237dcc86e3,D:\Codex_分拆Prompt嚴格無到院\outputs\v2\.p104k10\cloud_validation_index_20260906T211456Z\task_surgery__S2__missingness_tree_native_validation.json,716a3e798ef28d159ff20476c0b1afc90b82ca8514a06382ae8b671ae9448f74
surgery__S2__missingness_median_no_indicator,surgery,S2,missingness,median_no_indicator,median_no_indicator / median_no_indicator,median_no_indicator,oof_2020_2023,RAW_LOCKED_BASE_PREDICTIONS,raw,VALIDATED_COMPUTED,Remove specified baseline missingness indicators; retain undefined-score safeguards,0be3019014561edcf1c1cb3d305a4c74d405f0e1a6a4b35b5b24545e22ab35a6,512,"0.950801 [0.927163, 0.970482]","0.248127 [0.154656, 0.375858]",8731,52,0.9508007835004032,0.9271630194266531,0.9704818303236192,0.24812669382602714,0.15465562632489122,0.37585778759770466,0.005158415494157358,0.00481662849681198,0.005487918771064821,0.03773584905660377,0.00011453441759248655,0.5,0.5,0.5,0.019230769230769232,1.0,1.0,0.9941580756013746,1,0,8679,51,ESTIMATED,ESTIMATED,ESTIMATED,3b8e5e950942afa497fb5c1add095e6bc2632c086131c4326c07bb9f3f57eafa,"Descriptive arm estimate. CI is an individual-arm CI, not a paired-difference CI; no significance claim for a delta. Raw layer; operating point is the recorded P104 comparator rule, not a final clinical threshold. Specified MISS/indicator inputs removed; UNDEFINED_SCORE safeguards remain, so missingness information is not completely absent.",D:\Codex_分拆Prompt嚴格無到院\outputs\v2\.p104rv\sweep_20260906T151250Z_account-06_v2\t24\r,8d194c2ca2910980259a21dbafb1e040dc97181646fa3aabc351f41a727572e0,D:\Codex_分拆Prompt嚴格無到院\outputs\v2\.p104k10\cloud_validation_index_20260906T211456Z\task_surgery__S2__missingness_median_no_indicator_validation.json,6de8137e0786c3e0676a03e7424ae0427c79dfb3ab2b4d6399fa3ebc4e3fc44f
surgery__S2__missingness_median_no_indicator,surgery,S2,missingness,median_no_indicator,median_no_indicator / median_no_indicator,median_no_indicator,validation_2024,RAW_LOCKED_BASE_PREDICTIONS,raw,VALIDATED_COMPUTED,Remove specified baseline missingness indicators; retain undefined-score safeguards,0be3019014561edcf1c1cb3d305a4c74d405f0e1a6a4b35b5b24545e22ab35a6,512,"0.953156 [0.923903, 0.978051]","0.4161 [0.236575, 0.630723]",2712,24,0.953156001984127,0.9239032402889887,0.9780511051924033,0.41609972753123775,0.23657492900285026,0.6307226610654665,0.006664313806333537,0.005585729655535582,0.007757102253739011,0.15384615384615385,0.0007374631268436578,0.5,0.5,0.5,0.08333333333333333,1.0,1.0,0.9918819188191882,2,0,2688,22,ESTIMATED,ESTIMATED,ESTIMATED,ad7ca72b10793842ba8fdc8859126bc4bad1b65e1030d4fb45bc7f9bdd76145c,"Descriptive arm estimate. CI is an individual-arm CI, not a paired-difference CI; no significance claim for a delta. Raw layer; operating point is the recorded P104 comparator rule, not a final clinical threshold. Specified MISS/indicator inputs removed; UNDEFINED_SCORE safeguards remain, so missingness information is not completely absent.",D:\Codex_分拆Prompt嚴格無到院\outputs\v2\.p104rv\sweep_20260906T151250Z_account-06_v2\t24\r,8d194c2ca2910980259a21dbafb1e040dc97181646fa3aabc351f41a727572e0,D:\Codex_分拆Prompt嚴格無到院\outputs\v2\.p104k10\cloud_validation_index_20260906T211456Z\task_surgery__S2__missingness_median_no_indicator_validation.json,6de8137e0786c3e0676a03e7424ae0427c79dfb3ab2b4d6399fa3ebc4e3fc44f
surgery__S2__missingness_full_complete_case,surgery,S2,missingness,full_complete_case,full_complete_case,,,RAW_LOCKED_BASE_PREDICTIONS,raw,VALIDATED_NOT_ESTIMABLE,,,,,,,,,,,,,,,,,,,,,,,,,,,,,,,,,,Validated not-estimable disposition; no performance value invented. empty evaluation or single-class training cohort,D:\Codex_分拆Prompt嚴格無到院\outputs\v2\.p104rv\sweep_20260906T191424Z_account-02_v2\t24\r,9fb5b053f8c06a70f717cd9055a1db0139a5cc158885de7ab2bb844894413dc3,D:\Codex_分拆Prompt嚴格無到院\outputs\v2\.p104k10\cloud_validation_index_20260906T211456Z\task_surgery__S2__missingness_full_complete_case_validation.json,fb1f6673e5b361a1557e66ebb16382574798f45b038222355f7c4bacfe0efdaa
surgery__S2__missingness_core_vitals_complete_case,surgery,S2,missingness,core_vitals_complete_case,core_vitals_complete_case / core_vitals_complete_case,core_vitals_complete_case,oof_2020_2023,RAW_LOCKED_BASE_PREDICTIONS,raw,VALIDATED_COMPUTED,Locked inputs; missingness strategy=core_vitals_complete_case,d5d5e2d8a0734a0ce9af97a6606994868307c154f09eee30ee788ada6108d568,764,"0.944371 [0.918834, 0.96485]","0.214044 [0.109099, 0.343823]",8261,42,0.9443710566109884,0.9188342723884259,0.9648501285420359,0.2140439885899671,0.10909909551584597,0.343823361363396,0.004564860617064319,0.004231660839439602,0.004870535863782715,0.0,0.0,0.5,0.5,0.5,0.0,1.0,,0.994915869749425,0,0,8219,42,ESTIMATED,ESTIMATED,ESTIMATED,dd89f903a0fa4588f7574421baa125cc70f3c8ae9e2ad8bf627b8212c8823afa,"Descriptive arm estimate. CI is an individual-arm CI, not a paired-difference CI; no significance claim for a delta. Raw layer; operating point is the recorded P104 comparator rule, not a final clinical threshold.",D:\Codex_分拆Prompt嚴格無到院\outputs\v2\.p104rv\sweep_20260906T211456Z_account-01_v2\t24\r,8c64b3b06817e046dbba919c1270baf4ce1949385989284d8121b34e07bf85ba,D:\Codex_分拆Prompt嚴格無到院\outputs\v2\.p104k10\cloud_validation_index_20260906T211456Z\task_surgery__S2__missingness_core_vitals_complete_case_validation.json,40ce9fc661e9a1c11427ac4addcd32f919c11e40a1617ad6f3b08bcec3099e9e
surgery__S2__missingness_core_vitals_complete_case,surgery,S2,missingness,core_vitals_complete_case,core_vitals_complete_case / core_vitals_complete_case,core_vitals_complete_case,validation_2024,RAW_LOCKED_BASE_PREDICTIONS,raw,VALIDATED_COMPUTED,Locked inputs; missingness strategy=core_vitals_complete_case,d5d5e2d8a0734a0ce9af97a6606994868307c154f09eee30ee788ada6108d568,764,"0.938986 [0.90303, 0.970216]","0.191746 [0.0902915, 0.44685]",2329,16,0.9389861651534803,0.9030301634077111,0.9702155210433467,0.19174641660875835,0.09029154212989737,0.44684958704823063,0.006219942101566942,0.0053102656248378965,0.007051143730180631,0.0,-0.00042936882782310007,0.5,0.5,0.5,0.0,0.9995676610462603,0.0,0.993127147766323,0,1,2312,16,ESTIMATED,ESTIMATED,ESTIMATED,62e8fdfdb93a6d539dff24a3970aa22cb063eec8b14a1ecb99fb9573c7db4d96,"Descriptive arm estimate. CI is an individual-arm CI, not a paired-difference CI; no significance claim for a delta. Raw layer; operating point is the recorded P104 comparator rule, not a final clinical threshold.",D:\Codex_分拆Prompt嚴格無到院\outputs\v2\.p104rv\sweep_20260906T211456Z_account-01_v2\t24\r,8c64b3b06817e046dbba919c1270baf4ce1949385989284d8121b34e07bf85ba,D:\Codex_分拆Prompt嚴格無到院\outputs\v2\.p104k10\cloud_validation_index_20260906T211456Z\task_surgery__S2__missingness_core_vitals_complete_case_validation.json,40ce9fc661e9a1c11427ac4addcd32f919c11e40a1617ad6f3b08bcec3099e9e
surgery__S2__missingness_knn_k5_continuous_ordinal_block,surgery,S2,missingness,knn_k5_continuous_ordinal_block,knn_k5_continuous_ordinal_block / knn_k5_continuous_ordinal_block,knn_k5_continuous_ordinal_block,oof_2020_2023,RAW_LOCKED_BASE_PREDICTIONS,raw,VALIDATED_COMPUTED,Locked inputs; missingness strategy=knn_k5_continuous_ordinal_block,d5d5e2d8a0734a0ce9af97a6606994868307c154f09eee30ee788ada6108d568,764,"0.942385 [0.911788, 0.964795]","0.233165 [0.143198, 0.381139]",8731,52,0.9423852446666134,0.9117884055053574,0.9647946364756291,0.23316496323939934,0.1431984769706241,0.38113906493674926,0.0051479553733465005,0.004719720453441896,0.005528916748080572,0.037037037037037035,0.0,0.5,0.5,0.5,0.019230769230769232,0.99988477935246,0.5,0.9941574063466606,1,1,8678,51,ESTIMATED,ESTIMATED,ESTIMATED,3b8e5e950942afa497fb5c1add095e6bc2632c086131c4326c07bb9f3f57eafa,"Descriptive arm estimate. CI is an individual-arm CI, not a paired-difference CI; no significance claim for a delta. Raw layer; operating point is the recorded P104 comparator rule, not a final clinical threshold.",D:\Codex_分拆Prompt嚴格無到院\outputs\v2\.p104rv\sweep_20260906T171453Z_account-03_v2\t24\r,b359ae7b64e9a98dba7be4be8cdebf11af75a663ee2f904a61022ce218000adc,D:\Codex_分拆Prompt嚴格無到院\outputs\v2\.p104k10\cloud_validation_index_20260906T211456Z\task_surgery__S2__missingness_knn_k5_continuous_ordinal_block_validation.json,0468dadb7b1916ce1408d1bc3f0302e716c85d9ab8021398b9760c18b4b839ee
surgery__S2__missingness_knn_k5_continuous_ordinal_block,surgery,S2,missingness,knn_k5_continuous_ordinal_block,knn_k5_continuous_ordinal_block / knn_k5_continuous_ordinal_block,knn_k5_continuous_ordinal_block,validation_2024,RAW_LOCKED_BASE_PREDICTIONS,raw,VALIDATED_COMPUTED,Locked inputs; missingness strategy=knn_k5_continuous_ordinal_block,d5d5e2d8a0734a0ce9af97a6606994868307c154f09eee30ee788ada6108d568,764,"0.94863 [0.916107, 0.977089]","0.441891 [0.26891, 0.641084]",2712,24,0.9486297123015874,0.9161069184169537,0.9770893448138996,0.44189134534028707,0.2689100293035824,0.6410841585671654,0.006388488555014245,0.005242390883647239,0.007595193592457043,0.21428571428571427,0.0007374631268436578,0.5,0.5,0.5,0.125,0.9996279761904762,0.75,0.992245199409158,3,1,2687,21,ESTIMATED,ESTIMATED,ESTIMATED,ad7ca72b10793842ba8fdc8859126bc4bad1b65e1030d4fb45bc7f9bdd76145c,"Descriptive arm estimate. CI is an individual-arm CI, not a paired-difference CI; no significance claim for a delta. Raw layer; operating point is the recorded P104 comparator rule, not a final clinical threshold.",D:\Codex_分拆Prompt嚴格無到院\outputs\v2\.p104rv\sweep_20260906T171453Z_account-03_v2\t24\r,b359ae7b64e9a98dba7be4be8cdebf11af75a663ee2f904a61022ce218000adc,D:\Codex_分拆Prompt嚴格無到院\outputs\v2\.p104k10\cloud_validation_index_20260906T211456Z\task_surgery__S2__missingness_knn_k5_continuous_ordinal_block_validation.json,0468dadb7b1916ce1408d1bc3f0302e716c85d9ab8021398b9760c18b4b839ee
surgery__S2__missingness_bayesian_iterative_m10,surgery,S2,missingness,bayesian_iterative_m10,bayesian_iterative_m10 / bayesian_iterative_m10,bayesian_iterative_m10,oof_2020_2023,RAW_LOCKED_BASE_PREDICTIONS,raw,VALIDATED_COMPUTED,Locked inputs; missingness strategy=bayesian_iterative_m10,d5d5e2d8a0734a0ce9af97a6606994868307c154f09eee30ee788ada6108d568,764,"0.94321 [0.914947, 0.964602]","0.230347 [0.143268, 0.367322]",8731,52,0.9432095154528615,0.9149466354385917,0.9646018603972227,0.23034684350542123,0.14326784856041283,0.36732230099974633,0.005157394790437337,0.0047632666015742274,0.005521784576218618,0.0,-0.00011453441759248655,0.5,0.5,0.5,0.0,0.99988477935246,0.0,0.9940435280641466,0,1,8678,52,ESTIMATED,ESTIMATED,ESTIMATED,3b8e5e950942afa497fb5c1add095e6bc2632c086131c4326c07bb9f3f57eafa,"Descriptive arm estimate. CI is an individual-arm CI, not a paired-difference CI; no significance claim for a delta. Raw layer; operating point is the recorded P104 comparator rule, not a final clinical threshold.",D:\Codex_分拆Prompt嚴格無到院\outputs\v2\.p104rv\sweep_20260906T151250Z_account-10_v2\t23\r,415e7b4acb1c63b505d0958945f861c580ea2c51ad432a0706198dca54482bfe,D:\Codex_分拆Prompt嚴格無到院\outputs\v2\.p104k10\cloud_validation_index_20260906T211456Z\task_surgery__S2__missingness_bayesian_iterative_m10_validation.json,53432f8f7255de2424868aad6efa50dc90c959a8c17d41b314d43be91aad410b
surgery__S2__missingness_bayesian_iterative_m10,surgery,S2,missingness,bayesian_iterative_m10,bayesian_iterative_m10 / bayesian_iterative_m10,bayesian_iterative_m10,validation_2024,RAW_LOCKED_BASE_PREDICTIONS,raw,VALIDATED_COMPUTED,Locked inputs; missingness strategy=bayesian_iterative_m10,d5d5e2d8a0734a0ce9af97a6606994868307c154f09eee30ee788ada6108d568,764,"0.949684 [0.91678, 0.976701]","0.441388 [0.258898, 0.663167]",2712,24,0.9496837797619049,0.9167802557171779,0.9767014564986731,0.4413879266564249,0.2588975515910988,0.6631671947538148,0.006365569605912842,0.005117675652078378,0.007554543524071652,0.21428571428571427,0.0007374631268436578,0.5,0.5,0.5,0.125,0.9996279761904762,0.75,0.992245199409158,3,1,2687,21,ESTIMATED,ESTIMATED,ESTIMATED,ad7ca72b10793842ba8fdc8859126bc4bad1b65e1030d4fb45bc7f9bdd76145c,"Descriptive arm estimate. CI is an individual-arm CI, not a paired-difference CI; no significance claim for a delta. Raw layer; operating point is the recorded P104 comparator rule, not a final clinical threshold.",D:\Codex_分拆Prompt嚴格無到院\outputs\v2\.p104rv\sweep_20260906T151250Z_account-10_v2\t23\r,415e7b4acb1c63b505d0958945f861c580ea2c51ad432a0706198dca54482bfe,D:\Codex_分拆Prompt嚴格無到院\outputs\v2\.p104k10\cloud_validation_index_20260906T211456Z\task_surgery__S2__missingness_bayesian_iterative_m10_validation.json,53432f8f7255de2424868aad6efa50dc90c959a8c17d41b314d43be91aad410b
surgery__S3__missingness_median_indicator,surgery,S3,missingness,median_indicator,median_indicator / median_indicator,median_indicator,oof_2020_2023,RAW_LOCKED_BASE_PREDICTIONS,raw,VALIDATED_COMPUTED,Locked inputs; missingness strategy=median_indicator,d5d5e2d8a0734a0ce9af97a6606994868307c154f09eee30ee788ada6108d568,764,"0.79352 [0.781919, 0.805152]","0.469416 [0.447523, 0.494104]",8731,1613,0.7935198122448142,0.7819187935510257,0.8051515901215458,0.469415821293834,0.44752275300308225,0.4941040996057769,0.1322481815204453,0.12892536847646466,0.13544720381947142,0.47177814029363785,-0.0006872065055549192,0.5,0.5,0.5,0.4482331060136392,0.8975835908963192,0.49793388429752067,0.8777304574804231,723,729,6389,890,ESTIMATED,ESTIMATED,ESTIMATED,cdeda8b89cb382da0875dc3f5f746b4add6ab4242dce65d69170fe4395e3bd1b,"Descriptive arm estimate. CI is an individual-arm CI, not a paired-difference CI; no significance claim for a delta. Raw layer; operating point is the recorded P104 comparator rule, not a final clinical threshold.",D:\Codex_分拆Prompt嚴格無到院\outputs\v2\.p104rv\sweep_20260906T171453Z_account-07_v2\t26\r,5b10d4d9c3eaf951534fbd331915c8b76c4c2c844817210f34cb430b7de36758,D:\Codex_分拆Prompt嚴格無到院\outputs\v2\.p104k10\cloud_validation_index_20260906T211456Z\task_surgery__S3__missingness_median_indicator_validation.json,e542032e372dc6cde269bd6b2b5027c40d94081fbdd3202626a671cb8609e613
surgery__S3__missingness_median_indicator,surgery,S3,missingness,median_indicator,median_indicator / median_indicator,median_indicator,validation_2024,RAW_LOCKED_BASE_PREDICTIONS,raw,VALIDATED_COMPUTED,Locked inputs; missingness strategy=median_indicator,d5d5e2d8a0734a0ce9af97a6606994868307c154f09eee30ee788ada6108d568,764,"0.750984 [0.728027, 0.774474]","0.426438 [0.39205, 0.469374]",2712,521,0.7509835647663492,0.7280269395049971,0.774474459954264,0.4264383151150402,0.3920497270821449,0.46937411052360195,0.14698049262318566,0.14082027208551295,0.15291428866549953,0.43584521384928715,-0.012168141592920354,0.5,0.5,0.5,0.4107485604606526,0.8872660885440438,0.4642082429501085,0.8636161705908485,214,247,1944,307,ESTIMATED,ESTIMATED,ESTIMATED,1343830167fd3476b203c5fca6918f96aea4a030b0c48711870a461bbef21e10,"Descriptive arm estimate. CI is an individual-arm CI, not a paired-difference CI; no significance claim for a delta. Raw layer; operating point is the recorded P104 comparator rule, not a final clinical threshold.",D:\Codex_分拆Prompt嚴格無到院\outputs\v2\.p104rv\sweep_20260906T171453Z_account-07_v2\t26\r,5b10d4d9c3eaf951534fbd331915c8b76c4c2c844817210f34cb430b7de36758,D:\Codex_分拆Prompt嚴格無到院\outputs\v2\.p104k10\cloud_validation_index_20260906T211456Z\task_surgery__S3__missingness_median_indicator_validation.json,e542032e372dc6cde269bd6b2b5027c40d94081fbdd3202626a671cb8609e613
surgery__S3__missingness_mean_indicator,surgery,S3,missingness,mean_indicator,mean_indicator / mean_indicator,mean_indicator,oof_2020_2023,RAW_LOCKED_BASE_PREDICTIONS,raw,VALIDATED_COMPUTED,Locked inputs; missingness strategy=mean_indicator,d5d5e2d8a0734a0ce9af97a6606994868307c154f09eee30ee788ada6108d568,764,"0.794331 [0.782156, 0.805387]","0.468896 [0.446126, 0.491845]",8731,1613,0.794330954922137,0.7821555968968473,0.8053872781523164,0.46889559511723033,0.4461263216554883,0.4918445865720663,0.13203639132877612,0.12879233982176475,0.13533763031016366,0.47093403004572176,-0.0008017409231474057,0.5,0.5,0.5,0.44699318040917546,0.897724079797696,0.4975845410628019,0.8775061796209832,721,728,6390,892,ESTIMATED,ESTIMATED,ESTIMATED,cdeda8b89cb382da0875dc3f5f746b4add6ab4242dce65d69170fe4395e3bd1b,"Descriptive arm estimate. CI is an individual-arm CI, not a paired-difference CI; no significance claim for a delta. Raw layer; operating point is the recorded P104 comparator rule, not a final clinical threshold.",D:\Codex_分拆Prompt嚴格無到院\outputs\v2\.p104rv\sweep_20260906T151250Z_account-06_v2\t26\r,32be798cc79b433e4ec0c1b5b03c63b5e0777c5b9f78ebbc1f05f55a35b49ef8,D:\Codex_分拆Prompt嚴格無到院\outputs\v2\.p104k10\cloud_validation_index_20260906T211456Z\task_surgery__S3__missingness_mean_indicator_validation.json,22b0802cead47393c7cfcb2d53bb6cbe7473baebb32fe98c5fcb037c252d21da
surgery__S3__missingness_mean_indicator,surgery,S3,missingness,mean_indicator,mean_indicator / mean_indicator,mean_indicator,validation_2024,RAW_LOCKED_BASE_PREDICTIONS,raw,VALIDATED_COMPUTED,Locked inputs; missingness strategy=mean_indicator,d5d5e2d8a0734a0ce9af97a6606994868307c154f09eee30ee788ada6108d568,764,"0.752144 [0.728146, 0.775004]","0.428127 [0.392672, 0.469998]",2712,521,0.7521443069755789,0.7281460814096344,0.7750042830723102,0.4281274078292298,0.39267200873452046,0.4699979744851936,0.14648999087375106,0.1407505893163963,0.15257952448390436,0.43121149897330596,-0.012168141592920354,0.5,0.5,0.5,0.40307101727447214,0.8890917389319946,0.46357615894039733,0.8623284639220894,210,243,1948,311,ESTIMATED,ESTIMATED,ESTIMATED,1343830167fd3476b203c5fca6918f96aea4a030b0c48711870a461bbef21e10,"Descriptive arm estimate. CI is an individual-arm CI, not a paired-difference CI; no significance claim for a delta. Raw layer; operating point is the recorded P104 comparator rule, not a final clinical threshold.",D:\Codex_分拆Prompt嚴格無到院\outputs\v2\.p104rv\sweep_20260906T151250Z_account-06_v2\t26\r,32be798cc79b433e4ec0c1b5b03c63b5e0777c5b9f78ebbc1f05f55a35b49ef8,D:\Codex_分拆Prompt嚴格無到院\outputs\v2\.p104k10\cloud_validation_index_20260906T211456Z\task_surgery__S3__missingness_mean_indicator_validation.json,22b0802cead47393c7cfcb2d53bb6cbe7473baebb32fe98c5fcb037c252d21da
surgery__S3__missingness_tree_native,surgery,S3,missingness,tree_native,tree_native / tree_native,tree_native,oof_2020_2023,RAW_LOCKED_BASE_PREDICTIONS,raw,VALIDATED_COMPUTED,Locked inputs; missingness strategy=tree_native,d5d5e2d8a0734a0ce9af97a6606994868307c154f09eee30ee788ada6108d568,764,"0.796224 [0.784063, 0.808011]","0.472616 [0.450335, 0.497727]",8731,1613,0.796223940528165,0.7840627734460668,0.8080109756702494,0.47261592896817445,0.4503351495164521,0.497726753334822,0.13156885263747312,0.1282738394956017,0.1349175585430006,0.4789833822091887,0.0016034818462948115,0.5,0.5,0.5,0.4556726596404216,0.8987075021073335,0.5048076923076923,0.8793127147766323,735,721,6397,878,ESTIMATED,ESTIMATED,ESTIMATED,cdeda8b89cb382da0875dc3f5f746b4add6ab4242dce65d69170fe4395e3bd1b,"Descriptive arm estimate. CI is an individual-arm CI, not a paired-difference CI; no significance claim for a delta. Raw layer; operating point is the recorded P104 comparator rule, not a final clinical threshold.",D:\Codex_分拆Prompt嚴格無到院\outputs\v2\.p104rv\sweep_20260906T171453Z_account-09_v2\t26\r,ef58bc8d17d2a5ddc253c7e426ce0e68f1d4b13c9235aaa907bf10a8f1654d77,D:\Codex_分拆Prompt嚴格無到院\outputs\v2\.p104k10\cloud_validation_index_20260906T211456Z\task_surgery__S3__missingness_tree_native_validation.json,26063163a6896fd8ef85d92bbebb29384b443efd7c2bee865b808fd5aa42be2b
surgery__S3__missingness_tree_native,surgery,S3,missingness,tree_native,tree_native / tree_native,tree_native,validation_2024,RAW_LOCKED_BASE_PREDICTIONS,raw,VALIDATED_COMPUTED,Locked inputs; missingness strategy=tree_native,d5d5e2d8a0734a0ce9af97a6606994868307c154f09eee30ee788ada6108d568,764,"0.753619 [0.731142, 0.776497]","0.430049 [0.393631, 0.47288]",2712,521,0.7536186685892647,0.7311417855551241,0.7764973748898344,0.43004945195007027,0.3936314871919291,0.47287965534235543,0.1464971374533714,0.14075273145475561,0.15253406350552215,0.4381909547738693,-0.014011799410029498,0.5,0.5,0.5,0.418426103646833,0.8831583751711547,0.459915611814346,0.8646112600536193,218,256,1935,303,ESTIMATED,ESTIMATED,ESTIMATED,1343830167fd3476b203c5fca6918f96aea4a030b0c48711870a461bbef21e10,"Descriptive arm estimate. CI is an individual-arm CI, not a paired-difference CI; no significance claim for a delta. Raw layer; operating point is the recorded P104 comparator rule, not a final clinical threshold.",D:\Codex_分拆Prompt嚴格無到院\outputs\v2\.p104rv\sweep_20260906T171453Z_account-09_v2\t26\r,ef58bc8d17d2a5ddc253c7e426ce0e68f1d4b13c9235aaa907bf10a8f1654d77,D:\Codex_分拆Prompt嚴格無到院\outputs\v2\.p104k10\cloud_validation_index_20260906T211456Z\task_surgery__S3__missingness_tree_native_validation.json,26063163a6896fd8ef85d92bbebb29384b443efd7c2bee865b808fd5aa42be2b
surgery__S3__missingness_median_no_indicator,surgery,S3,missingness,median_no_indicator,median_no_indicator / median_no_indicator,median_no_indicator,oof_2020_2023,RAW_LOCKED_BASE_PREDICTIONS,raw,VALIDATED_COMPUTED,Remove specified baseline missingness indicators; retain undefined-score safeguards,0be3019014561edcf1c1cb3d305a4c74d405f0e1a6a4b35b5b24545e22ab35a6,512,"0.793707 [0.781345, 0.80503]","0.469834 [0.446719, 0.492759]",8731,1613,0.7937072469105071,0.7813448188921297,0.805029610030679,0.4698341542418864,0.4467187027985399,0.4927585282788014,0.1322492731959717,0.12902964061824182,0.13552624947533448,0.47227658186562294,-0.0005726720879624327,0.5,0.5,0.5,0.44885306881587106,0.8975835908963192,0.49827942188575364,0.8778510579829624,724,729,6389,889,ESTIMATED,ESTIMATED,ESTIMATED,cdeda8b89cb382da0875dc3f5f746b4add6ab4242dce65d69170fe4395e3bd1b,"Descriptive arm estimate. CI is an individual-arm CI, not a paired-difference CI; no significance claim for a delta. Raw layer; operating point is the recorded P104 comparator rule, not a final clinical threshold. Specified MISS/indicator inputs removed; UNDEFINED_SCORE safeguards remain, so missingness information is not completely absent.",D:\Codex_分拆Prompt嚴格無到院\outputs\v2\.p104rv\sweep_20260906T171453Z_account-08_v2\t26\r,054a4c0883af0c1d37b71916ef20c51b93ed46657a5e10d858236c5c77fa475c,D:\Codex_分拆Prompt嚴格無到院\outputs\v2\.p104k10\cloud_validation_index_20260906T211456Z\task_surgery__S3__missingness_median_no_indicator_validation.json,5525ace2a406ed18a877dbffad2a7a7ec76517c75e7c915c395cc3ffd8d3b996
surgery__S3__missingness_median_no_indicator,surgery,S3,missingness,median_no_indicator,median_no_indicator / median_no_indicator,median_no_indicator,validation_2024,RAW_LOCKED_BASE_PREDICTIONS,raw,VALIDATED_COMPUTED,Remove specified baseline missingness indicators; retain undefined-score safeguards,0be3019014561edcf1c1cb3d305a4c74d405f0e1a6a4b35b5b24545e22ab35a6,512,"0.750552 [0.728203, 0.772327]","0.426685 [0.392322, 0.468459]",2712,521,0.7505516810613301,0.7282034576722277,0.7723270643621887,0.4266850520633901,0.39232186513592754,0.4684593739868263,0.14694865683238692,0.14101445822824557,0.15265931631393478,0.4439918533604888,-0.009218289085545723,0.5,0.5,0.5,0.418426103646833,0.8890917389319946,0.47288503253796094,0.8653931585961795,218,243,1948,303,ESTIMATED,ESTIMATED,ESTIMATED,1343830167fd3476b203c5fca6918f96aea4a030b0c48711870a461bbef21e10,"Descriptive arm estimate. CI is an individual-arm CI, not a paired-difference CI; no significance claim for a delta. Raw layer; operating point is the recorded P104 comparator rule, not a final clinical threshold. Specified MISS/indicator inputs removed; UNDEFINED_SCORE safeguards remain, so missingness information is not completely absent.",D:\Codex_分拆Prompt嚴格無到院\outputs\v2\.p104rv\sweep_20260906T171453Z_account-08_v2\t26\r,054a4c0883af0c1d37b71916ef20c51b93ed46657a5e10d858236c5c77fa475c,D:\Codex_分拆Prompt嚴格無到院\outputs\v2\.p104k10\cloud_validation_index_20260906T211456Z\task_surgery__S3__missingness_median_no_indicator_validation.json,5525ace2a406ed18a877dbffad2a7a7ec76517c75e7c915c395cc3ffd8d3b996
surgery__S3__missingness_full_complete_case,surgery,S3,missingness,full_complete_case,full_complete_case,,,RAW_LOCKED_BASE_PREDICTIONS,raw,VALIDATED_NOT_ESTIMABLE,,,,,,,,,,,,,,,,,,,,,,,,,,,,,,,,,,Validated not-estimable disposition; no performance value invented. empty evaluation or single-class training cohort,D:\Codex_分拆Prompt嚴格無到院\outputs\v2\.p104rv\sweep_20260906T161352Z_account-04_v3\t26\r,7d5399567a043b73a4e8574872a26f2ce95c49024db0791e42910726f475dd7e,D:\Codex_分拆Prompt嚴格無到院\outputs\v2\.p104k10\cloud_validation_index_20260906T211456Z\task_surgery__S3__missingness_full_complete_case_validation.json,d412be95ed2325e1cd5f1ba47b4ad9f466879c0d1d5c3f6fcaa1dfa83c0ee106
surgery__S3__missingness_core_vitals_complete_case,surgery,S3,missingness,core_vitals_complete_case,core_vitals_complete_case / core_vitals_complete_case,core_vitals_complete_case,oof_2020_2023,RAW_LOCKED_BASE_PREDICTIONS,raw,VALIDATED_COMPUTED,Locked inputs; missingness strategy=core_vitals_complete_case,d5d5e2d8a0734a0ce9af97a6606994868307c154f09eee30ee788ada6108d568,764,"0.795935 [0.783543, 0.808339]","0.476782 [0.454402, 0.501461]",8261,1541,0.7959350182318222,0.7835432297747995,0.808339277212023,0.4767819090762998,0.45440176227671264,0.5014608613684101,0.13194979530278098,0.12852768996334482,0.13533511899390135,0.47956403269754766,0.0015736593632732115,0.5,0.5,0.5,0.45684620376378976,0.897172619047619,0.5046594982078854,0.8780949606757937,704,691,6029,837,ESTIMATED,ESTIMATED,ESTIMATED,9c71584d266938e0a359b2c58a031b12df51d087d24277a4e1b328b396896cd1,"Descriptive arm estimate. CI is an individual-arm CI, not a paired-difference CI; no significance claim for a delta. Raw layer; operating point is the recorded P104 comparator rule, not a final clinical threshold.",D:\Codex_分拆Prompt嚴格無到院\outputs\v2\.p104rv\sweep_20260906T171453Z_account-03_v2\t26\r,8dd28f51e3c415f4c92ab9012cf0a855ec28e5db17c1190959003e3ba8fc0578,D:\Codex_分拆Prompt嚴格無到院\outputs\v2\.p104k10\cloud_validation_index_20260906T211456Z\task_surgery__S3__missingness_core_vitals_complete_case_validation.json,f5360c95c001f24448dbae921aa745d4e98a7c199c6c5f7993272261cc26dbe5
surgery__S3__missingness_core_vitals_complete_case,surgery,S3,missingness,core_vitals_complete_case,core_vitals_complete_case / core_vitals_complete_case,core_vitals_complete_case,validation_2024,RAW_LOCKED_BASE_PREDICTIONS,raw,VALIDATED_COMPUTED,Locked inputs; missingness strategy=core_vitals_complete_case,d5d5e2d8a0734a0ce9af97a6606994868307c154f09eee30ee788ada6108d568,764,"0.765086 [0.739703, 0.787903]","0.447863 [0.409148, 0.494196]",2329,448,0.765086247816511,0.7397032809379425,0.7879026647514827,0.4478631110452709,0.40914822816263824,0.4941958938518152,0.1447251265732882,0.1385744198713722,0.15151056260841672,0.4672686230248307,-0.010304851867754402,0.5,0.5,0.5,0.46205357142857145,0.8771929824561403,0.4726027397260274,0.8725542041248017,207,231,1650,241,ESTIMATED,ESTIMATED,ESTIMATED,6bcbd7df8de89087959ab16b6a35ec5714a056cf3aad7b8bb34f92cda50ea371,"Descriptive arm estimate. CI is an individual-arm CI, not a paired-difference CI; no significance claim for a delta. Raw layer; operating point is the recorded P104 comparator rule, not a final clinical threshold.",D:\Codex_分拆Prompt嚴格無到院\outputs\v2\.p104rv\sweep_20260906T171453Z_account-03_v2\t26\r,8dd28f51e3c415f4c92ab9012cf0a855ec28e5db17c1190959003e3ba8fc0578,D:\Codex_分拆Prompt嚴格無到院\outputs\v2\.p104k10\cloud_validation_index_20260906T211456Z\task_surgery__S3__missingness_core_vitals_complete_case_validation.json,f5360c95c001f24448dbae921aa745d4e98a7c199c6c5f7993272261cc26dbe5
surgery__S3__missingness_knn_k5_continuous_ordinal_block,surgery,S3,missingness,knn_k5_continuous_ordinal_block,knn_k5_continuous_ordinal_block / knn_k5_continuous_ordinal_block,knn_k5_continuous_ordinal_block,oof_2020_2023,RAW_LOCKED_BASE_PREDICTIONS,raw,VALIDATED_COMPUTED,Locked inputs; missingness strategy=knn_k5_continuous_ordinal_block,d5d5e2d8a0734a0ce9af97a6606994868307c154f09eee30ee788ada6108d568,764,"0.794563 [0.782228, 0.806305]","0.468899 [0.446398, 0.492896]",8731,1613,0.79456280951325,0.7822284816228099,0.8063050802270257,0.4688989661919937,0.4463979343816671,0.4928958539051018,0.13186015259489114,0.12862828631100517,0.13528907627527112,0.4719321148825065,-0.0005726720879624327,0.5,0.5,0.5,0.4482331060136392,0.897724079797696,0.4982770503101309,0.8777472527472527,723,728,6390,890,ESTIMATED,ESTIMATED,ESTIMATED,cdeda8b89cb382da0875dc3f5f746b4add6ab4242dce65d69170fe4395e3bd1b,"Descriptive arm estimate. CI is an individual-arm CI, not a paired-difference CI; no significance claim for a delta. Raw layer; operating point is the recorded P104 comparator rule, not a final clinical threshold.",D:\Codex_分拆Prompt嚴格無到院\outputs\v2\.p104rv\sweep_20260906T151250Z_account-05_v2\t26\r,98271299a093067559a2259b1d0dc5d211b13f2bc5e4c1d86c06b232668e7350,D:\Codex_分拆Prompt嚴格無到院\outputs\v2\.p104k10\cloud_validation_index_20260906T211456Z\task_surgery__S3__missingness_knn_k5_continuous_ordinal_block_validation.json,67da16b68b5b0cf2dc04eab58095e1472404edb70b0db06538eb2efb2d30401e
surgery__S3__missingness_knn_k5_continuous_ordinal_block,surgery,S3,missingness,knn_k5_continuous_ordinal_block,knn_k5_continuous_ordinal_block / knn_k5_continuous_ordinal_block,knn_k5_continuous_ordinal_block,validation_2024,RAW_LOCKED_BASE_PREDICTIONS,raw,VALIDATED_COMPUTED,Locked inputs; missingness strategy=knn_k5_continuous_ordinal_block,d5d5e2d8a0734a0ce9af97a6606994868307c154f09eee30ee788ada6108d568,764,"0.752954 [0.72946, 0.774891]","0.433802 [0.399086, 0.475323]",2712,521,0.7529537604105434,0.7294597557716926,0.7748908992843841,0.43380176102498474,0.39908552548475484,0.47532323582888597,0.14590539611654482,0.14011105569682947,0.15163205902588575,0.44240570846075433,-0.009587020648967551,0.5,0.5,0.5,0.4165067178502879,0.8890917389319946,0.4717391304347826,0.8650088809946714,217,243,1948,304,ESTIMATED,ESTIMATED,ESTIMATED,1343830167fd3476b203c5fca6918f96aea4a030b0c48711870a461bbef21e10,"Descriptive arm estimate. CI is an individual-arm CI, not a paired-difference CI; no significance claim for a delta. Raw layer; operating point is the recorded P104 comparator rule, not a final clinical threshold.",D:\Codex_分拆Prompt嚴格無到院\outputs\v2\.p104rv\sweep_20260906T151250Z_account-05_v2\t26\r,98271299a093067559a2259b1d0dc5d211b13f2bc5e4c1d86c06b232668e7350,D:\Codex_分拆Prompt嚴格無到院\outputs\v2\.p104k10\cloud_validation_index_20260906T211456Z\task_surgery__S3__missingness_knn_k5_continuous_ordinal_block_validation.json,67da16b68b5b0cf2dc04eab58095e1472404edb70b0db06538eb2efb2d30401e
surgery__S3__missingness_bayesian_iterative_m10,surgery,S3,missingness,bayesian_iterative_m10,bayesian_iterative_m10 / bayesian_iterative_m10,bayesian_iterative_m10,oof_2020_2023,RAW_LOCKED_BASE_PREDICTIONS,raw,VALIDATED_COMPUTED,Locked inputs; missingness strategy=bayesian_iterative_m10,d5d5e2d8a0734a0ce9af97a6606994868307c154f09eee30ee788ada6108d568,764,"0.796051 [0.784337, 0.807015]","0.470597 [0.44942, 0.495086]",8731,1613,0.7960505286232418,0.7843366211725954,0.8070152875491123,0.47059722991594977,0.44941996202222945,0.49508587816754074,0.1319029727928486,0.12869344213430256,0.13501902957988474,0.4759427828348505,0.00011453441759248655,0.5,0.5,0.5,0.453812771233726,0.8973026130935656,0.5003417634996582,0.8787837094111173,732,731,6387,881,ESTIMATED,ESTIMATED,ESTIMATED,cdeda8b89cb382da0875dc3f5f746b4add6ab4242dce65d69170fe4395e3bd1b,"Descriptive arm estimate. CI is an individual-arm CI, not a paired-difference CI; no significance claim for a delta. Raw layer; operating point is the recorded P104 comparator rule, not a final clinical threshold.",D:\Codex_分拆Prompt嚴格無到院\outputs\v2\.p104rv\sweep_20260906T191424Z_account-02_v2\t26\r,f9ad42289124bce4090a70d5d952b2bfe48b4ca7b286d43aa5807e4f4fa2a4b1,D:\Codex_分拆Prompt嚴格無到院\outputs\v2\.p104k10\cloud_validation_index_20260906T211456Z\task_surgery__S3__missingness_bayesian_iterative_m10_validation.json,f3544ca39a8a388287383b14004ad03abb3edf1de822e841acc6be756e392806
surgery__S3__missingness_bayesian_iterative_m10,surgery,S3,missingness,bayesian_iterative_m10,bayesian_iterative_m10 / bayesian_iterative_m10,bayesian_iterative_m10,validation_2024,RAW_LOCKED_BASE_PREDICTIONS,raw,VALIDATED_COMPUTED,Locked inputs; missingness strategy=bayesian_iterative_m10,d5d5e2d8a0734a0ce9af97a6606994868307c154f09eee30ee788ada6108d568,764,"0.753161 [0.729692, 0.775458]","0.432585 [0.396003, 0.475775]",2712,521,0.753161379960421,0.7296920423216242,0.7754582161073458,0.4325847685867882,0.39600296375952376,0.47577545838657304,0.1455197280605443,0.13974355442860154,0.1517655331640595,0.4387229660144181,-0.008849557522123894,0.5,0.5,0.5,0.4088291746641075,0.8918302145139206,0.47333333333333333,0.8638373121131742,213,237,1954,308,ESTIMATED,ESTIMATED,ESTIMATED,1343830167fd3476b203c5fca6918f96aea4a030b0c48711870a461bbef21e10,"Descriptive arm estimate. CI is an individual-arm CI, not a paired-difference CI; no significance claim for a delta. Raw layer; operating point is the recorded P104 comparator rule, not a final clinical threshold.",D:\Codex_分拆Prompt嚴格無到院\outputs\v2\.p104rv\sweep_20260906T191424Z_account-02_v2\t26\r,f9ad42289124bce4090a70d5d952b2bfe48b4ca7b286d43aa5807e4f4fa2a4b1,D:\Codex_分拆Prompt嚴格無到院\outputs\v2\.p104k10\cloud_validation_index_20260906T211456Z\task_surgery__S3__missingness_bayesian_iterative_m10_validation.json,f3544ca39a8a388287383b14004ad03abb3edf1de822e841acc6be756e392806
surgery__S4__missingness_median_indicator,surgery,S4,missingness,median_indicator,median_indicator / median_indicator,median_indicator,oof_2020_2023,RAW_LOCKED_BASE_PREDICTIONS,raw,VALIDATED_COMPUTED,Locked inputs; missingness strategy=median_indicator,d5d5e2d8a0734a0ce9af97a6606994868307c154f09eee30ee788ada6108d568,764,"0.818382 [0.797191, 0.838539]","0.283916 [0.24409, 0.32958]",8731,425,0.8183818926077535,0.7971905729602979,0.8385392975156328,0.2839159369355089,0.24409015049838664,0.32957999353319445,0.040382633840116,0.03881621876525734,0.041879813089390344,0.2082514734774067,0.0025197571870347038,0.5,0.5,0.5,0.12470588235294118,0.9962677582470503,0.6309523809523809,0.956979299178906,53,31,8275,372,ESTIMATED,ESTIMATED,ESTIMATED,12327803fe3644d3a4a06c87b635493d070dfaf7615c6bcd450594e40a3a22dc,"Descriptive arm estimate. CI is an individual-arm CI, not a paired-difference CI; no significance claim for a delta. Raw layer; operating point is the recorded P104 comparator rule, not a final clinical threshold.",D:\Codex_分拆Prompt嚴格無到院\outputs\v2\.p104rv\sweep_20260906T171453Z_account-09_v2\t28\r,31f374139b143d0ee0e17621f837b936260cd22d9e06e695a43fc87c194bb551,D:\Codex_分拆Prompt嚴格無到院\outputs\v2\.p104k10\cloud_validation_index_20260906T211456Z\task_surgery__S4__missingness_median_indicator_validation.json,b38860426e4ccd23b332802439ae0938b51e1675b2117424b567cef7b6fcf559
surgery__S4__missingness_median_indicator,surgery,S4,missingness,median_indicator,median_indicator / median_indicator,median_indicator,validation_2024,RAW_LOCKED_BASE_PREDICTIONS,raw,VALIDATED_COMPUTED,Locked inputs; missingness strategy=median_indicator,d5d5e2d8a0734a0ce9af97a6606994868307c154f09eee30ee788ada6108d568,764,"0.860731 [0.829076, 0.889291]","0.396425 [0.31809, 0.480802]",2712,140,0.8607309486780715,0.8290761144783348,0.8892913643020157,0.3964253789036768,0.3180901832161476,0.480802483093628,0.039540178846443876,0.035799715143539045,0.04331068628811193,0.3645320197044335,0.004056047197640118,0.5,0.5,0.5,0.2642857142857143,0.9898911353032659,0.5873015873015873,0.961117402793507,37,26,2546,103,ESTIMATED,ESTIMATED,ESTIMATED,fcb0d787f7d02d945c1a56a663a00676783420e18ba0aeee616d9f0943dce939,"Descriptive arm estimate. CI is an individual-arm CI, not a paired-difference CI; no significance claim for a delta. Raw layer; operating point is the recorded P104 comparator rule, not a final clinical threshold.",D:\Codex_分拆Prompt嚴格無到院\outputs\v2\.p104rv\sweep_20260906T171453Z_account-09_v2\t28\r,31f374139b143d0ee0e17621f837b936260cd22d9e06e695a43fc87c194bb551,D:\Codex_分拆Prompt嚴格無到院\outputs\v2\.p104k10\cloud_validation_index_20260906T211456Z\task_surgery__S4__missingness_median_indicator_validation.json,b38860426e4ccd23b332802439ae0938b51e1675b2117424b567cef7b6fcf559
surgery__S4__missingness_mean_indicator,surgery,S4,missingness,mean_indicator,mean_indicator / mean_indicator,mean_indicator,oof_2020_2023,RAW_LOCKED_BASE_PREDICTIONS,raw,VALIDATED_COMPUTED,Locked inputs; missingness strategy=mean_indicator,d5d5e2d8a0734a0ce9af97a6606994868307c154f09eee30ee788ada6108d568,764,"0.818659 [0.798603, 0.838862]","0.284503 [0.243387, 0.329711]",8731,425,0.8186589425078965,0.798603241740171,0.838861690604012,0.2845026364856913,0.24338670970604276,0.32971140251999115,0.04034945654603994,0.038770796353092336,0.04190252458511798,0.21484375,0.0026342916046271903,0.5,0.5,0.5,0.12941176470588237,0.9961473633517939,0.632183908045977,0.9571957427117076,55,32,8274,370,ESTIMATED,ESTIMATED,ESTIMATED,12327803fe3644d3a4a06c87b635493d070dfaf7615c6bcd450594e40a3a22dc,"Descriptive arm estimate. CI is an individual-arm CI, not a paired-difference CI; no significance claim for a delta. Raw layer; operating point is the recorded P104 comparator rule, not a final clinical threshold.",D:\Codex_分拆Prompt嚴格無到院\outputs\v2\.p104rv\sweep_20260906T171453Z_account-08_v2\t28\r,153df711687c9ce27a1c8fa96608613268df9c83979195ad8e8c92343c9476f3,D:\Codex_分拆Prompt嚴格無到院\outputs\v2\.p104k10\cloud_validation_index_20260906T211456Z\task_surgery__S4__missingness_mean_indicator_validation.json,522293f01e83b267b8ed3a4b3c83e6acf77aaf5c7efb2273894fcb40c3a6c6eb
surgery__S4__missingness_mean_indicator,surgery,S4,missingness,mean_indicator,mean_indicator / mean_indicator,mean_indicator,validation_2024,RAW_LOCKED_BASE_PREDICTIONS,raw,VALIDATED_COMPUTED,Locked inputs; missingness strategy=mean_indicator,d5d5e2d8a0734a0ce9af97a6606994868307c154f09eee30ee788ada6108d568,764,"0.862589 [0.83274, 0.890278]","0.400911 [0.327273, 0.486959]",2712,140,0.8625888691401912,0.832740474450061,0.8902782455619977,0.4009113931299658,0.3272732278408346,0.48695945844803507,0.039411935056389374,0.035712041574148264,0.04294043145272233,0.36633663366336633,0.004424778761061947,0.5,0.5,0.5,0.2642857142857143,0.9902799377916018,0.5967741935483871,0.9611320754716981,37,25,2547,103,ESTIMATED,ESTIMATED,ESTIMATED,fcb0d787f7d02d945c1a56a663a00676783420e18ba0aeee616d9f0943dce939,"Descriptive arm estimate. CI is an individual-arm CI, not a paired-difference CI; no significance claim for a delta. Raw layer; operating point is the recorded P104 comparator rule, not a final clinical threshold.",D:\Codex_分拆Prompt嚴格無到院\outputs\v2\.p104rv\sweep_20260906T171453Z_account-08_v2\t28\r,153df711687c9ce27a1c8fa96608613268df9c83979195ad8e8c92343c9476f3,D:\Codex_分拆Prompt嚴格無到院\outputs\v2\.p104k10\cloud_validation_index_20260906T211456Z\task_surgery__S4__missingness_mean_indicator_validation.json,522293f01e83b267b8ed3a4b3c83e6acf77aaf5c7efb2273894fcb40c3a6c6eb
surgery__S4__missingness_tree_native,surgery,S4,missingness,tree_native,tree_native / tree_native,tree_native,oof_2020_2023,RAW_LOCKED_BASE_PREDICTIONS,raw,VALIDATED_COMPUTED,Locked inputs; missingness strategy=tree_native,d5d5e2d8a0734a0ce9af97a6606994868307c154f09eee30ee788ada6108d568,764,"0.819377 [0.799726, 0.838797]","0.282301 [0.244, 0.328144]",8731,425,0.8193769210067846,0.7997261529988621,0.8387966542958543,0.2823012931271316,0.24399992907216714,0.32814410120873205,0.04036286514331612,0.038827594350714034,0.04188809429662502,0.2043222003929273,0.0022906883518497307,0.5,0.5,0.5,0.1223529411764706,0.9961473633517939,0.6190476190476191,0.956863652133688,52,32,8274,373,ESTIMATED,ESTIMATED,ESTIMATED,12327803fe3644d3a4a06c87b635493d070dfaf7615c6bcd450594e40a3a22dc,"Descriptive arm estimate. CI is an individual-arm CI, not a paired-difference CI; no significance claim for a delta. Raw layer; operating point is the recorded P104 comparator rule, not a final clinical threshold.",D:\Codex_分拆Prompt嚴格無到院\outputs\v2\.p104rv\sweep_20260906T211456Z_account-01_v2\t29\r,32eb4090df51e6861048cb5698a2ba1789dff3ce977fe3816fd26c0806b33cb7,D:\Codex_分拆Prompt嚴格無到院\outputs\v2\.p104k10\cloud_validation_index_20260906T211456Z\task_surgery__S4__missingness_tree_native_validation.json,9421743715913294b625e4a70a54c23bd462daafe8c4a49356a3e710b21dc16b
surgery__S4__missingness_tree_native,surgery,S4,missingness,tree_native,tree_native / tree_native,tree_native,validation_2024,RAW_LOCKED_BASE_PREDICTIONS,raw,VALIDATED_COMPUTED,Locked inputs; missingness strategy=tree_native,d5d5e2d8a0734a0ce9af97a6606994868307c154f09eee30ee788ada6108d568,764,"0.85889 [0.827461, 0.887639]","0.397163 [0.320387, 0.482146]",2712,140,0.8588896911797378,0.8274611747467105,0.8876389412446205,0.39716333379101004,0.320386762407209,0.4821456858833014,0.03971341680320766,0.03589987247823257,0.04350424502486619,0.3582089552238806,0.004056047197640118,0.5,0.5,0.5,0.2571428571428571,0.9902799377916018,0.5901639344262295,0.9607695209354961,36,25,2547,104,ESTIMATED,ESTIMATED,ESTIMATED,fcb0d787f7d02d945c1a56a663a00676783420e18ba0aeee616d9f0943dce939,"Descriptive arm estimate. CI is an individual-arm CI, not a paired-difference CI; no significance claim for a delta. Raw layer; operating point is the recorded P104 comparator rule, not a final clinical threshold.",D:\Codex_分拆Prompt嚴格無到院\outputs\v2\.p104rv\sweep_20260906T211456Z_account-01_v2\t29\r,32eb4090df51e6861048cb5698a2ba1789dff3ce977fe3816fd26c0806b33cb7,D:\Codex_分拆Prompt嚴格無到院\outputs\v2\.p104k10\cloud_validation_index_20260906T211456Z\task_surgery__S4__missingness_tree_native_validation.json,9421743715913294b625e4a70a54c23bd462daafe8c4a49356a3e710b21dc16b
surgery__S4__missingness_median_no_indicator,surgery,S4,missingness,median_no_indicator,median_no_indicator / median_no_indicator,median_no_indicator,oof_2020_2023,RAW_LOCKED_BASE_PREDICTIONS,raw,VALIDATED_COMPUTED,Remove specified baseline missingness indicators; retain undefined-score safeguards,0be3019014561edcf1c1cb3d305a4c74d405f0e1a6a4b35b5b24545e22ab35a6,512,"0.818699 [0.79806, 0.83858]","0.280588 [0.241208, 0.324569]",8731,425,0.818698885284911,0.7980598917590869,0.8385802919984086,0.28058804303489143,0.24120814405186852,0.3245689116526428,0.04051931334099153,0.03899322219628087,0.04201285640859527,0.1908548707753479,0.0020616195166647576,0.5,0.5,0.5,0.11294117647058824,0.9963881531423068,0.6153846153846154,0.9564312955044493,48,30,8276,377,ESTIMATED,ESTIMATED,ESTIMATED,12327803fe3644d3a4a06c87b635493d070dfaf7615c6bcd450594e40a3a22dc,"Descriptive arm estimate. CI is an individual-arm CI, not a paired-difference CI; no significance claim for a delta. Raw layer; operating point is the recorded P104 comparator rule, not a final clinical threshold. Specified MISS/indicator inputs removed; UNDEFINED_SCORE safeguards remain, so missingness information is not completely absent.",D:\Codex_分拆Prompt嚴格無到院\outputs\v2\.p104rv\sweep_20260906T151250Z_account-10_v2\t28\r,7798cee9235deb7e59ff92f7e55463a3baa684ec2d32fe36585c9666e50d2944,D:\Codex_分拆Prompt嚴格無到院\outputs\v2\.p104k10\cloud_validation_index_20260906T211456Z\task_surgery__S4__missingness_median_no_indicator_validation.json,7b70fc7a5a45d6fe13212d6b2f06ec3a3cac04ebdca30facaa189a2b1ec7e703
surgery__S4__missingness_median_no_indicator,surgery,S4,missingness,median_no_indicator,median_no_indicator / median_no_indicator,median_no_indicator,validation_2024,RAW_LOCKED_BASE_PREDICTIONS,raw,VALIDATED_COMPUTED,Remove specified baseline missingness indicators; retain undefined-score safeguards,0be3019014561edcf1c1cb3d305a4c74d405f0e1a6a4b35b5b24545e22ab35a6,512,"0.86265 [0.830423, 0.890564]","0.395468 [0.324039, 0.47643]",2712,140,0.8626499666740725,0.8304227511112434,0.8905636754638911,0.3954684070473025,0.32403857425801513,0.47643008259800057,0.03952770655887887,0.035933181164927226,0.04309989342619658,0.35467980295566504,0.00331858407079646,0.5,0.5,0.5,0.2571428571428571,0.98950233281493,0.5714285714285714,0.9607399018497547,36,27,2545,104,ESTIMATED,ESTIMATED,ESTIMATED,fcb0d787f7d02d945c1a56a663a00676783420e18ba0aeee616d9f0943dce939,"Descriptive arm estimate. CI is an individual-arm CI, not a paired-difference CI; no significance claim for a delta. Raw layer; operating point is the recorded P104 comparator rule, not a final clinical threshold. Specified MISS/indicator inputs removed; UNDEFINED_SCORE safeguards remain, so missingness information is not completely absent.",D:\Codex_分拆Prompt嚴格無到院\outputs\v2\.p104rv\sweep_20260906T151250Z_account-10_v2\t28\r,7798cee9235deb7e59ff92f7e55463a3baa684ec2d32fe36585c9666e50d2944,D:\Codex_分拆Prompt嚴格無到院\outputs\v2\.p104k10\cloud_validation_index_20260906T211456Z\task_surgery__S4__missingness_median_no_indicator_validation.json,7b70fc7a5a45d6fe13212d6b2f06ec3a3cac04ebdca30facaa189a2b1ec7e703
surgery__S4__missingness_full_complete_case,surgery,S4,missingness,full_complete_case,full_complete_case,,,RAW_LOCKED_BASE_PREDICTIONS,raw,VALIDATED_NOT_ESTIMABLE,,,,,,,,,,,,,,,,,,,,,,,,,,,,,,,,,,Validated not-estimable disposition; no performance value invented. empty evaluation or single-class training cohort,D:\Codex_分拆Prompt嚴格無到院\outputs\v2\.p104rv\sweep_20260906T151250Z_account-06_v2\t28\r,9a349602896feba2c2c93a6dc6c5be56cb8f5d1bcdfdda0fd24628091b66ffb4,D:\Codex_分拆Prompt嚴格無到院\outputs\v2\.p104k10\cloud_validation_index_20260906T211456Z\task_surgery__S4__missingness_full_complete_case_validation.json,503e6e93fb18ec74ad95343acbc6032538a2c73f8b41b5d4c03b4edc3638df0d
surgery__S4__missingness_core_vitals_complete_case,surgery,S4,missingness,core_vitals_complete_case,core_vitals_complete_case / core_vitals_complete_case,core_vitals_complete_case,oof_2020_2023,RAW_LOCKED_BASE_PREDICTIONS,raw,VALIDATED_COMPUTED,Locked inputs; missingness strategy=core_vitals_complete_case,d5d5e2d8a0734a0ce9af97a6606994868307c154f09eee30ee788ada6108d568,764,"0.816816 [0.795947, 0.837174]","0.267245 [0.227424, 0.313497]",8261,394,0.8168160838921692,0.7959468739503441,0.8371741176404741,0.2672445704565646,0.22742438148878236,0.3134974134685685,0.04016728852039816,0.03861932089852149,0.04166065518517345,0.208067940552017,0.0025420651252874953,0.5,0.5,0.5,0.12436548223350254,0.9964408287784416,0.6363636363636364,0.9578445747800587,49,28,7839,345,ESTIMATED,ESTIMATED,ESTIMATED,c45467daef2c8cbb42196946903060857f700ebeb516baa132c449d267c6d337,"Descriptive arm estimate. CI is an individual-arm CI, not a paired-difference CI; no significance claim for a delta. Raw layer; operating point is the recorded P104 comparator rule, not a final clinical threshold.",D:\Codex_分拆Prompt嚴格無到院\outputs\v2\.p104rv\sweep_20260906T151250Z_account-05_v2\t28\r,4530d1fa3731ff00c38fe0ff60edd3c14a628b1210b84d41a4f1951b115abb39,D:\Codex_分拆Prompt嚴格無到院\outputs\v2\.p104k10\cloud_validation_index_20260906T211456Z\task_surgery__S4__missingness_core_vitals_complete_case_validation.json,22c258fec01b84a05165b221065f89dc9c5e67bcccd31383eade34054eda912a
surgery__S4__missingness_core_vitals_complete_case,surgery,S4,missingness,core_vitals_complete_case,core_vitals_complete_case / core_vitals_complete_case,core_vitals_complete_case,validation_2024,RAW_LOCKED_BASE_PREDICTIONS,raw,VALIDATED_COMPUTED,Locked inputs; missingness strategy=core_vitals_complete_case,d5d5e2d8a0734a0ce9af97a6606994868307c154f09eee30ee788ada6108d568,764,"0.86694 [0.831215, 0.896861]","0.433166 [0.346816, 0.528613]",2329,118,0.8669403368366181,0.8312153410202564,0.8968609416205886,0.4331657185297505,0.3468160547120057,0.5286125147289262,0.037193907265575366,0.033248584023150674,0.041032601256226306,0.4093567251461988,0.0072992700729927005,0.5,0.5,0.5,0.2966101694915254,0.9918588873812755,0.660377358490566,0.9635325131810193,35,18,2193,83,ESTIMATED,ESTIMATED,ESTIMATED,dcf34cf46428fca4b3b44221b42d3bd65d899b4207034692a145dbd882f8e525,"Descriptive arm estimate. CI is an individual-arm CI, not a paired-difference CI; no significance claim for a delta. Raw layer; operating point is the recorded P104 comparator rule, not a final clinical threshold.",D:\Codex_分拆Prompt嚴格無到院\outputs\v2\.p104rv\sweep_20260906T151250Z_account-05_v2\t28\r,4530d1fa3731ff00c38fe0ff60edd3c14a628b1210b84d41a4f1951b115abb39,D:\Codex_分拆Prompt嚴格無到院\outputs\v2\.p104k10\cloud_validation_index_20260906T211456Z\task_surgery__S4__missingness_core_vitals_complete_case_validation.json,22c258fec01b84a05165b221065f89dc9c5e67bcccd31383eade34054eda912a
surgery__S4__missingness_knn_k5_continuous_ordinal_block,surgery,S4,missingness,knn_k5_continuous_ordinal_block,knn_k5_continuous_ordinal_block / knn_k5_continuous_ordinal_block,knn_k5_continuous_ordinal_block,oof_2020_2023,RAW_LOCKED_BASE_PREDICTIONS,raw,VALIDATED_COMPUTED,Locked inputs; missingness strategy=knn_k5_continuous_ordinal_block,d5d5e2d8a0734a0ce9af97a6606994868307c154f09eee30ee788ada6108d568,764,"0.822069 [0.801986, 0.841563]","0.289286 [0.248076, 0.33287]",8731,425,0.8220693757878783,0.8019860673919667,0.8415631992600918,0.2892860266102566,0.2480764919536382,0.3328695475051035,0.040200934314546896,0.038698032406519485,0.041776130866810854,0.1988071570576541,0.0025197571870347038,0.5,0.5,0.5,0.11764705882352941,0.9966289429328197,0.6410256410256411,0.9566624292153011,50,28,8278,375,ESTIMATED,ESTIMATED,ESTIMATED,12327803fe3644d3a4a06c87b635493d070dfaf7615c6bcd450594e40a3a22dc,"Descriptive arm estimate. CI is an individual-arm CI, not a paired-difference CI; no significance claim for a delta. Raw layer; operating point is the recorded P104 comparator rule, not a final clinical threshold.",D:\Codex_分拆Prompt嚴格無到院\outputs\v2\.p104rv\sweep_20260906T171453Z_account-07_v2\t28\r,eb86215da9aa140d0e3e014f0ea0ea0456cf704068c8a3ddcf4011a21e712f6d,D:\Codex_分拆Prompt嚴格無到院\outputs\v2\.p104k10\cloud_validation_index_20260906T211456Z\task_surgery__S4__missingness_knn_k5_continuous_ordinal_block_validation.json,86b9adf27e88a15cec7292ee6ea6a2bfb0e12aff1f67895f8a1ed9f7711d3fd9
surgery__S4__missingness_knn_k5_continuous_ordinal_block,surgery,S4,missingness,knn_k5_continuous_ordinal_block,knn_k5_continuous_ordinal_block / knn_k5_continuous_ordinal_block,knn_k5_continuous_ordinal_block,validation_2024,RAW_LOCKED_BASE_PREDICTIONS,raw,VALIDATED_COMPUTED,Locked inputs; missingness strategy=knn_k5_continuous_ordinal_block,d5d5e2d8a0734a0ce9af97a6606994868307c154f09eee30ee788ada6108d568,764,"0.861403 [0.830453, 0.889671]","0.386693 [0.312838, 0.465608]",2712,140,0.8614030215507666,0.8304533466824026,0.8896712319008238,0.3866933534200407,0.31283787323670054,0.4656080701235961,0.03950918322118917,0.03617725581932382,0.04319277736998546,0.37254901960784315,0.004424778761061947,0.5,0.5,0.5,0.2714285714285714,0.9898911353032659,0.59375,0.9614803625377644,38,26,2546,102,ESTIMATED,ESTIMATED,ESTIMATED,fcb0d787f7d02d945c1a56a663a00676783420e18ba0aeee616d9f0943dce939,"Descriptive arm estimate. CI is an individual-arm CI, not a paired-difference CI; no significance claim for a delta. Raw layer; operating point is the recorded P104 comparator rule, not a final clinical threshold.",D:\Codex_分拆Prompt嚴格無到院\outputs\v2\.p104rv\sweep_20260906T171453Z_account-07_v2\t28\r,eb86215da9aa140d0e3e014f0ea0ea0456cf704068c8a3ddcf4011a21e712f6d,D:\Codex_分拆Prompt嚴格無到院\outputs\v2\.p104k10\cloud_validation_index_20260906T211456Z\task_surgery__S4__missingness_knn_k5_continuous_ordinal_block_validation.json,86b9adf27e88a15cec7292ee6ea6a2bfb0e12aff1f67895f8a1ed9f7711d3fd9
surgery__S4__missingness_bayesian_iterative_m10,surgery,S4,missingness,bayesian_iterative_m10,bayesian_iterative_m10 / bayesian_iterative_m10,bayesian_iterative_m10,oof_2020_2023,RAW_LOCKED_BASE_PREDICTIONS,raw,VALIDATED_COMPUTED,Locked inputs; missingness strategy=bayesian_iterative_m10,d5d5e2d8a0734a0ce9af97a6606994868307c154f09eee30ee788ada6108d568,764,"0.821027 [0.801125, 0.841048]","0.28831 [0.249204, 0.335357]",8731,425,0.8210271809181173,0.8011254010775498,0.8410481180192609,0.2883097815905387,0.2492040599458472,0.33535706440276336,0.040205269948249425,0.038595275006915196,0.041704106956777016,0.21484375,0.0026342916046271903,0.5,0.5,0.5,0.12941176470588237,0.9961473633517939,0.632183908045977,0.9571957427117076,55,32,8274,370,ESTIMATED,ESTIMATED,ESTIMATED,12327803fe3644d3a4a06c87b635493d070dfaf7615c6bcd450594e40a3a22dc,"Descriptive arm estimate. CI is an individual-arm CI, not a paired-difference CI; no significance claim for a delta. Raw layer; operating point is the recorded P104 comparator rule, not a final clinical threshold.",D:\Codex_分拆Prompt嚴格無到院\outputs\v2\.p104rv\sweep_20260906T161352Z_account-04_v3\t28\r,7bba5533e695d4670ec80e44ea118bc001c0d0b3f8434e127c5578e666f1447c,D:\Codex_分拆Prompt嚴格無到院\outputs\v2\.p104k10\cloud_validation_index_20260906T211456Z\task_surgery__S4__missingness_bayesian_iterative_m10_validation.json,01886e84966dab1a7873a1f9201d3b43a0c46cc4abfabf2cef34f2bd9ab5b2c0
surgery__S4__missingness_bayesian_iterative_m10,surgery,S4,missingness,bayesian_iterative_m10,bayesian_iterative_m10 / bayesian_iterative_m10,bayesian_iterative_m10,validation_2024,RAW_LOCKED_BASE_PREDICTIONS,raw,VALIDATED_COMPUTED,Locked inputs; missingness strategy=bayesian_iterative_m10,d5d5e2d8a0734a0ce9af97a6606994868307c154f09eee30ee788ada6108d568,764,"0.864402 [0.832397, 0.892335]","0.40116 [0.324121, 0.485505]",2712,140,0.8644023550322151,0.8323974163358673,0.8923354987196748,0.4011601118949153,0.32412103765344197,0.4855052390148028,0.03916023841091889,0.03560233675812436,0.0429028500176795,0.3781094527363184,0.0055309734513274336,0.5,0.5,0.5,0.2714285714285714,0.9910575427682737,0.6229508196721312,0.961523953225198,38,23,2549,102,ESTIMATED,ESTIMATED,ESTIMATED,fcb0d787f7d02d945c1a56a663a00676783420e18ba0aeee616d9f0943dce939,"Descriptive arm estimate. CI is an individual-arm CI, not a paired-difference CI; no significance claim for a delta. Raw layer; operating point is the recorded P104 comparator rule, not a final clinical threshold.",D:\Codex_分拆Prompt嚴格無到院\outputs\v2\.p104rv\sweep_20260906T161352Z_account-04_v3\t28\r,7bba5533e695d4670ec80e44ea118bc001c0d0b3f8434e127c5578e666f1447c,D:\Codex_分拆Prompt嚴格無到院\outputs\v2\.p104k10\cloud_validation_index_20260906T211456Z\task_surgery__S4__missingness_bayesian_iterative_m10_validation.json,01886e84966dab1a7873a1f9201d3b43a0c46cc4abfabf2cef34f2bd9ab5b2c0
surgery__S5__missingness_median_indicator,surgery,S5,missingness,median_indicator,median_indicator / median_indicator,median_indicator,oof_2020_2023,RAW_LOCKED_BASE_PREDICTIONS,raw,VALIDATED_COMPUTED,Locked inputs; missingness strategy=median_indicator,d5d5e2d8a0734a0ce9af97a6606994868307c154f09eee30ee788ada6108d568,764,"0.845883 [0.773349, 0.909184]","0.102883 [0.0474996, 0.227747]",8731,34,0.8458832998532286,0.7733486607088975,0.9091840824132964,0.10288326340760923,0.047499567940678354,0.2277467869549042,0.0038111472728140808,0.003514747481015833,0.004131845810528007,0.0,-0.0003436032527774596,0.5,0.5,0.5,0.0,0.9996550534667127,0.0,0.9961044912923923,0,3,8694,34,ESTIMATED,ESTIMATED,ESTIMATED,c1f7fe77a50609caa41b80a32da4697589a3f186693d6b1d5aa950051d99332c,"Descriptive arm estimate. CI is an individual-arm CI, not a paired-difference CI; no significance claim for a delta. Raw layer; operating point is the recorded P104 comparator rule, not a final clinical threshold.",D:\Codex_分拆Prompt嚴格無到院\outputs\v2\specialty_opname_v1\p1_04_extension_20260905\runs\surgery__S5__missingness_median_indicator,26b6874fba047559689168c6ff0dbcba91ffaa4d0cfa6945fc1c3babd6b91509,D:\Codex_分拆Prompt嚴格無到院\outputs\v2\specialty_opname_v1\p1_04_extension_20260905\local_dispatch_full\validations\surgery__S5__missingness_median_indicator\26b6874fba047559_3c510f4d0008.report.json,c2ae8ff4d01388d0ba19208f4851acc16c99e988d5734c8a6e7cf8d8502e9d55
surgery__S5__missingness_median_indicator,surgery,S5,missingness,median_indicator,median_indicator / median_indicator,median_indicator,validation_2024,RAW_LOCKED_BASE_PREDICTIONS,raw,VALIDATED_COMPUTED,Locked inputs; missingness strategy=median_indicator,d5d5e2d8a0734a0ce9af97a6606994868307c154f09eee30ee788ada6108d568,764,"0.859817 [0.793826, 0.919912]","0.0496877 [0.0188079, 0.163983]",2712,14,0.8598167955099015,0.7938263648430202,0.9199115936649344,0.04968771668512001,0.018807883812972524,0.16398279757380407,0.005416217937719582,0.0049085763262150675,0.005927625224130019,0.0,-0.0007374631268436578,0.5,0.5,0.5,0.0,0.9992587101556709,0.0,0.9948339483394834,0,2,2696,14,ESTIMATED,ESTIMATED,ESTIMATED,be07b87357bdb773e3590c73f9f5c84fb227461166dc737778f0e0fe0e2d13ce,"Descriptive arm estimate. CI is an individual-arm CI, not a paired-difference CI; no significance claim for a delta. Raw layer; operating point is the recorded P104 comparator rule, not a final clinical threshold.",D:\Codex_分拆Prompt嚴格無到院\outputs\v2\specialty_opname_v1\p1_04_extension_20260905\runs\surgery__S5__missingness_median_indicator,26b6874fba047559689168c6ff0dbcba91ffaa4d0cfa6945fc1c3babd6b91509,D:\Codex_分拆Prompt嚴格無到院\outputs\v2\specialty_opname_v1\p1_04_extension_20260905\local_dispatch_full\validations\surgery__S5__missingness_median_indicator\26b6874fba047559_3c510f4d0008.report.json,c2ae8ff4d01388d0ba19208f4851acc16c99e988d5734c8a6e7cf8d8502e9d55
surgery__S5__missingness_mean_indicator,surgery,S5,missingness,mean_indicator,mean_indicator / mean_indicator,mean_indicator,oof_2020_2023,RAW_LOCKED_BASE_PREDICTIONS,raw,VALIDATED_COMPUTED,Locked inputs; missingness strategy=mean_indicator,d5d5e2d8a0734a0ce9af97a6606994868307c154f09eee30ee788ada6108d568,764,"0.840378 [0.76499, 0.906737]","0.0940887 [0.0432376, 0.216228]",8731,34,0.840377682635662,0.7649896473263014,0.9067370004002109,0.09408865657760038,0.0432376381112502,0.21622799545237142,0.0038380489265035654,0.003561220495686178,0.004141732826394602,0.0,-0.0003436032527774596,0.5,0.5,0.5,0.0,0.9996550534667127,0.0,0.9961044912923923,0,3,8694,34,ESTIMATED,ESTIMATED,ESTIMATED,c1f7fe77a50609caa41b80a32da4697589a3f186693d6b1d5aa950051d99332c,"Descriptive arm estimate. CI is an individual-arm CI, not a paired-difference CI; no significance claim for a delta. Raw layer; operating point is the recorded P104 comparator rule, not a final clinical threshold.",D:\Codex_分拆Prompt嚴格無到院\outputs\v2\specialty_opname_v1\p1_04_extension_20260905\runs\surgery__S5__missingness_mean_indicator,4b8504351aaf18364100e1b30b55bc3cffdd7005cb8434b6e0d5883be44fbac8,D:\Codex_分拆Prompt嚴格無到院\outputs\v2\specialty_opname_v1\p1_04_extension_20260905\local_dispatch_full\validations\surgery__S5__missingness_mean_indicator\4b8504351aaf1836_3c510f4d0008.report.json,1125d115aab930faa2e5837318f8d0aee5091086ddd079bcb462bc8a0fa36cea
surgery__S5__missingness_mean_indicator,surgery,S5,missingness,mean_indicator,mean_indicator / mean_indicator,mean_indicator,validation_2024,RAW_LOCKED_BASE_PREDICTIONS,raw,VALIDATED_COMPUTED,Locked inputs; missingness strategy=mean_indicator,d5d5e2d8a0734a0ce9af97a6606994868307c154f09eee30ee788ada6108d568,764,"0.859711 [0.787431, 0.925481]","0.0477112 [0.0182565, 0.159451]",2712,14,0.8597108969607116,0.7874306522157101,0.9254811120859437,0.047711163490640085,0.0182565346570502,0.15945056916379305,0.005309163848226415,0.0048066459561365606,0.0057553790585521,0.0,0.0,0.5,0.5,0.5,0.0,1.0,,0.9948377581120944,0,0,2698,14,ESTIMATED,ESTIMATED,ESTIMATED,be07b87357bdb773e3590c73f9f5c84fb227461166dc737778f0e0fe0e2d13ce,"Descriptive arm estimate. CI is an individual-arm CI, not a paired-difference CI; no significance claim for a delta. Raw layer; operating point is the recorded P104 comparator rule, not a final clinical threshold.",D:\Codex_分拆Prompt嚴格無到院\outputs\v2\specialty_opname_v1\p1_04_extension_20260905\runs\surgery__S5__missingness_mean_indicator,4b8504351aaf18364100e1b30b55bc3cffdd7005cb8434b6e0d5883be44fbac8,D:\Codex_分拆Prompt嚴格無到院\outputs\v2\specialty_opname_v1\p1_04_extension_20260905\local_dispatch_full\validations\surgery__S5__missingness_mean_indicator\4b8504351aaf1836_3c510f4d0008.report.json,1125d115aab930faa2e5837318f8d0aee5091086ddd079bcb462bc8a0fa36cea
surgery__S5__missingness_tree_native,surgery,S5,missingness,tree_native,tree_native / tree_native,tree_native,oof_2020_2023,RAW_LOCKED_BASE_PREDICTIONS,raw,VALIDATED_COMPUTED,Locked inputs; missingness strategy=tree_native,d5d5e2d8a0734a0ce9af97a6606994868307c154f09eee30ee788ada6108d568,764,"0.843878 [0.778378, 0.903789]","0.0748948 [0.0340489, 0.175776]",8731,34,0.8438778753999012,0.7783783981033061,0.9037886274307951,0.07489480959088382,0.03404885105285559,0.1757759759045754,0.0038887085713539106,0.003633784177788055,0.004177210767995589,0.0,-0.0003436032527774596,0.5,0.5,0.5,0.0,0.9996550534667127,0.0,0.9961044912923923,0,3,8694,34,ESTIMATED,ESTIMATED,ESTIMATED,c1f7fe77a50609caa41b80a32da4697589a3f186693d6b1d5aa950051d99332c,"Descriptive arm estimate. CI is an individual-arm CI, not a paired-difference CI; no significance claim for a delta. Raw layer; operating point is the recorded P104 comparator rule, not a final clinical threshold.",D:\Codex_分拆Prompt嚴格無到院\outputs\v2\specialty_opname_v1\p1_04_extension_20260905\runs\surgery__S5__missingness_tree_native,82b374e80f9299613674246039eb8b49938b74dac0815da235d7d7fed711df12,D:\Codex_分拆Prompt嚴格無到院\outputs\v2\specialty_opname_v1\p1_04_extension_20260905\local_dispatch_full\validations\surgery__S5__missingness_tree_native\82b374e80f929961_3c510f4d0008.report.json,b3849f068c04159e49133e96379eca2e8479f33c3b0e0ad37af86f24489b8a8a
surgery__S5__missingness_tree_native,surgery,S5,missingness,tree_native,tree_native / tree_native,tree_native,validation_2024,RAW_LOCKED_BASE_PREDICTIONS,raw,VALIDATED_COMPUTED,Locked inputs; missingness strategy=tree_native,d5d5e2d8a0734a0ce9af97a6606994868307c154f09eee30ee788ada6108d568,764,"0.85161 [0.795166, 0.907384]","0.0613395 [0.0153485, 0.234738]",2712,14,0.8516096579476862,0.795166354780992,0.9073840075416568,0.0613395172412259,0.015348520084087538,0.2347377077958906,0.005407638431458332,0.0046981922039378635,0.006047198673792673,0.11764705882352941,-0.0003687315634218289,0.5,0.5,0.5,0.07142857142857142,0.9992587101556709,0.3333333333333333,0.9952011812476929,1,2,2696,13,ESTIMATED,ESTIMATED,ESTIMATED,be07b87357bdb773e3590c73f9f5c84fb227461166dc737778f0e0fe0e2d13ce,"Descriptive arm estimate. CI is an individual-arm CI, not a paired-difference CI; no significance claim for a delta. Raw layer; operating point is the recorded P104 comparator rule, not a final clinical threshold.",D:\Codex_分拆Prompt嚴格無到院\outputs\v2\specialty_opname_v1\p1_04_extension_20260905\runs\surgery__S5__missingness_tree_native,82b374e80f9299613674246039eb8b49938b74dac0815da235d7d7fed711df12,D:\Codex_分拆Prompt嚴格無到院\outputs\v2\specialty_opname_v1\p1_04_extension_20260905\local_dispatch_full\validations\surgery__S5__missingness_tree_native\82b374e80f929961_3c510f4d0008.report.json,b3849f068c04159e49133e96379eca2e8479f33c3b0e0ad37af86f24489b8a8a
surgery__S5__missingness_median_no_indicator,surgery,S5,missingness,median_no_indicator,median_no_indicator / median_no_indicator,median_no_indicator,oof_2020_2023,RAW_LOCKED_BASE_PREDICTIONS,raw,VALIDATED_COMPUTED,Remove specified baseline missingness indicators; retain undefined-score safeguards,0be3019014561edcf1c1cb3d305a4c74d405f0e1a6a4b35b5b24545e22ab35a6,512,"0.840127 [0.771508, 0.900768]","0.111809 [0.0506668, 0.251052]",8731,34,0.8401274273075908,0.7715076758034676,0.9007682080671955,0.11180919251333502,0.05066681108603465,0.2510521048431913,0.0037586305252848896,0.003465884753468086,0.004043266224681409,0.0,-0.0003436032527774596,0.5,0.5,0.5,0.0,0.9996550534667127,0.0,0.9961044912923923,0,3,8694,34,ESTIMATED,ESTIMATED,ESTIMATED,c1f7fe77a50609caa41b80a32da4697589a3f186693d6b1d5aa950051d99332c,"Descriptive arm estimate. CI is an individual-arm CI, not a paired-difference CI; no significance claim for a delta. Raw layer; operating point is the recorded P104 comparator rule, not a final clinical threshold. Specified MISS/indicator inputs removed; UNDEFINED_SCORE safeguards remain, so missingness information is not completely absent.",D:\Codex_分拆Prompt嚴格無到院\outputs\v2\specialty_opname_v1\p1_04_extension_20260905\runs\surgery__S5__missingness_median_no_indicator,de3a5ab467b2258bc5091a0f3c4beb29f3d6bbfcac1dd478af0a6836c5764f28,D:\Codex_分拆Prompt嚴格無到院\outputs\v2\specialty_opname_v1\p1_04_extension_20260905\local_dispatch_full\validations\surgery__S5__missingness_median_no_indicator\de3a5ab467b2258b_3c510f4d0008.report.json,faa37bd62b7cd088dc7287ad34c89192e8de76c7120ff1c3e24a5aaab4317f7b
surgery__S5__missingness_median_no_indicator,surgery,S5,missingness,median_no_indicator,median_no_indicator / median_no_indicator,median_no_indicator,validation_2024,RAW_LOCKED_BASE_PREDICTIONS,raw,VALIDATED_COMPUTED,Remove specified baseline missingness indicators; retain undefined-score safeguards,0be3019014561edcf1c1cb3d305a4c74d405f0e1a6a4b35b5b24545e22ab35a6,512,"0.848777 [0.782797, 0.912679]","0.0376164 [0.0157175, 0.125808]",2712,14,0.8487768717568569,0.7827972987729964,0.9126791126017675,0.03761642822933166,0.015717463909993307,0.12580838264220395,0.00548799159222818,0.005008824058060495,0.005978750389378268,0.0,-0.0007374631268436578,0.5,0.5,0.5,0.0,0.9992587101556709,0.0,0.9948339483394834,0,2,2696,14,ESTIMATED,ESTIMATED,ESTIMATED,be07b87357bdb773e3590c73f9f5c84fb227461166dc737778f0e0fe0e2d13ce,"Descriptive arm estimate. CI is an individual-arm CI, not a paired-difference CI; no significance claim for a delta. Raw layer; operating point is the recorded P104 comparator rule, not a final clinical threshold. Specified MISS/indicator inputs removed; UNDEFINED_SCORE safeguards remain, so missingness information is not completely absent.",D:\Codex_分拆Prompt嚴格無到院\outputs\v2\specialty_opname_v1\p1_04_extension_20260905\runs\surgery__S5__missingness_median_no_indicator,de3a5ab467b2258bc5091a0f3c4beb29f3d6bbfcac1dd478af0a6836c5764f28,D:\Codex_分拆Prompt嚴格無到院\outputs\v2\specialty_opname_v1\p1_04_extension_20260905\local_dispatch_full\validations\surgery__S5__missingness_median_no_indicator\de3a5ab467b2258b_3c510f4d0008.report.json,faa37bd62b7cd088dc7287ad34c89192e8de76c7120ff1c3e24a5aaab4317f7b
surgery__S5__missingness_full_complete_case,surgery,S5,missingness,full_complete_case,full_complete_case,,,RAW_LOCKED_BASE_PREDICTIONS,raw,VALIDATED_NOT_ESTIMABLE,,,,,,,,,,,,,,,,,,,,,,,,,,,,,,,,,,Validated not-estimable disposition; no performance value invented. empty evaluation or single-class training cohort,D:\Codex_分拆Prompt嚴格無到院\outputs\v2\specialty_opname_v1\p1_04_extension_20260905\runs\surgery__S5__missingness_full_complete_case,479ee626112e9b898314027446ab57e8721240b368d435111fb11b5c873edfe7,D:\Codex_分拆Prompt嚴格無到院\outputs\v2\specialty_opname_v1\p1_04_extension_20260905\review\full_complete_case_surgery_S5_20260905T2035Z_validation.json,18446a17287f09dd90fec41900ecd70d5d53f54427c24766b17b6810c72b3fdc
surgery__S5__missingness_core_vitals_complete_case,surgery,S5,missingness,core_vitals_complete_case,core_vitals_complete_case / core_vitals_complete_case,core_vitals_complete_case,oof_2020_2023,RAW_LOCKED_BASE_PREDICTIONS,raw,VALIDATED_COMPUTED,Locked inputs; missingness strategy=core_vitals_complete_case,d5d5e2d8a0734a0ce9af97a6606994868307c154f09eee30ee788ada6108d568,764,"0.847608 [0.773017, 0.911987]","0.0775969 [0.0380558, 0.167421]",8261,33,0.8476083145504633,0.7730171311133044,0.9119870890931583,0.07759691679399357,0.03805576818904184,0.16742147801187116,0.003953696397737062,0.0037371094855198576,0.004194850788035986,0.0,-0.000242101440503571,0.5,0.5,0.5,0.0,0.9997569275644141,0.0,0.9960043588812205,0,2,8226,33,ESTIMATED,ESTIMATED,ESTIMATED,5713449e19fcb8af16dc459e7a1b6c3aa208d715699bb33960498ca1a1512434,"Descriptive arm estimate. CI is an individual-arm CI, not a paired-difference CI; no significance claim for a delta. Raw layer; operating point is the recorded P104 comparator rule, not a final clinical threshold.",D:\Codex_分拆Prompt嚴格無到院\outputs\v2\specialty_opname_v1\p1_04_extension_20260905\runs\surgery__S5__missingness_core_vitals_complete_case,a5ab0a10fedc87d1728df489e774d0d7b1b6aeb4fe58fe9e4357fa46819e4a3d,D:\Codex_分拆Prompt嚴格無到院\outputs\v2\specialty_opname_v1\p1_04_extension_20260905\local_dispatch_full\validations\surgery__S5__missingness_core_vitals_complete_case\a5ab0a10fedc87d1_3c510f4d0008.report.json,b0790b553a0dd4e0f51cc1bcb01b19af0b2bd395f6636538def90c8e7edb2bfb
surgery__S5__missingness_core_vitals_complete_case,surgery,S5,missingness,core_vitals_complete_case,core_vitals_complete_case / core_vitals_complete_case,core_vitals_complete_case,validation_2024,RAW_LOCKED_BASE_PREDICTIONS,raw,VALIDATED_COMPUTED,Locked inputs; missingness strategy=core_vitals_complete_case,d5d5e2d8a0734a0ce9af97a6606994868307c154f09eee30ee788ada6108d568,764,"0.868392 [0.799611, 0.936908]","0.140109 [0.0156126, 0.370137]",2329,10,0.8683915480810694,0.7996105386824116,0.936908019068603,0.14010895857413172,0.015612578768930855,0.37013661661511127,0.004262986038681296,0.0036187123703725283,0.00483035075410382,0.0,0.0,0.5,0.5,0.5,0.0,1.0,,0.995706311721769,0,0,2319,10,ESTIMATED,ESTIMATED,ESTIMATED,e806b8757c39af9a61c146c5b7ea2dc492542e879f6637e91ef8eb655b5c04b2,"Descriptive arm estimate. CI is an individual-arm CI, not a paired-difference CI; no significance claim for a delta. Raw layer; operating point is the recorded P104 comparator rule, not a final clinical threshold.",D:\Codex_分拆Prompt嚴格無到院\outputs\v2\specialty_opname_v1\p1_04_extension_20260905\runs\surgery__S5__missingness_core_vitals_complete_case,a5ab0a10fedc87d1728df489e774d0d7b1b6aeb4fe58fe9e4357fa46819e4a3d,D:\Codex_分拆Prompt嚴格無到院\outputs\v2\specialty_opname_v1\p1_04_extension_20260905\local_dispatch_full\validations\surgery__S5__missingness_core_vitals_complete_case\a5ab0a10fedc87d1_3c510f4d0008.report.json,b0790b553a0dd4e0f51cc1bcb01b19af0b2bd395f6636538def90c8e7edb2bfb
surgery__S5__missingness_knn_k5_continuous_ordinal_block,surgery,S5,missingness,knn_k5_continuous_ordinal_block,knn_k5_continuous_ordinal_block / knn_k5_continuous_ordinal_block,knn_k5_continuous_ordinal_block,oof_2020_2023,RAW_LOCKED_BASE_PREDICTIONS,raw,VALIDATED_COMPUTED,Locked inputs; missingness strategy=knn_k5_continuous_ordinal_block,d5d5e2d8a0734a0ce9af97a6606994868307c154f09eee30ee788ada6108d568,764,"0.838734 [0.764867, 0.910195]","0.0900946 [0.0434139, 0.196586]",8731,34,0.8387341138594105,0.7648671339605332,0.9101945009974335,0.09009458075881097,0.04341392330284342,0.1965862107394532,0.003815890241379979,0.0035909826340420363,0.004059789561303226,0.0,-0.0002290688351849731,0.5,0.5,0.5,0.0,0.9997700356444751,0.0,0.9961049375644404,0,2,8695,34,ESTIMATED,ESTIMATED,ESTIMATED,c1f7fe77a50609caa41b80a32da4697589a3f186693d6b1d5aa950051d99332c,"Descriptive arm estimate. CI is an individual-arm CI, not a paired-difference CI; no significance claim for a delta. Raw layer; operating point is the recorded P104 comparator rule, not a final clinical threshold.",D:\Codex_分拆Prompt嚴格無到院\outputs\v2\specialty_opname_v1\p1_04_extension_20260905\runs\surgery__S5__missingness_knn_k5_continuous_ordinal_block,982224cce9441661f58bb0ad3cfcf58ec7c67738e83ac65fc3063666d2ea00f7,D:\Codex_分拆Prompt嚴格無到院\outputs\v2\specialty_opname_v1\p1_04_extension_20260905\local_dispatch_full\validations\surgery__S5__missingness_knn_k5_continuous_ordinal_block\982224cce9441661_3c510f4d0008.report.json,87dc96daaee975a8d86ba19b45c011a00565a55a9d36b1cdb12a63ed3bba765f
surgery__S5__missingness_knn_k5_continuous_ordinal_block,surgery,S5,missingness,knn_k5_continuous_ordinal_block,knn_k5_continuous_ordinal_block / knn_k5_continuous_ordinal_block,knn_k5_continuous_ordinal_block,validation_2024,RAW_LOCKED_BASE_PREDICTIONS,raw,VALIDATED_COMPUTED,Locked inputs; missingness strategy=knn_k5_continuous_ordinal_block,d5d5e2d8a0734a0ce9af97a6606994868307c154f09eee30ee788ada6108d568,764,"0.876363 [0.805409, 0.939821]","0.0797227 [0.0264947, 0.254316]",2712,14,0.8763634438208197,0.8054092914373039,0.93982146875276,0.07972274626081474,0.02649474226671413,0.254315925469671,0.005075005525014973,0.0045672521850377385,0.005513997384661883,0.0,0.0,0.5,0.5,0.5,0.0,1.0,,0.9948377581120944,0,0,2698,14,ESTIMATED,ESTIMATED,ESTIMATED,be07b87357bdb773e3590c73f9f5c84fb227461166dc737778f0e0fe0e2d13ce,"Descriptive arm estimate. CI is an individual-arm CI, not a paired-difference CI; no significance claim for a delta. Raw layer; operating point is the recorded P104 comparator rule, not a final clinical threshold.",D:\Codex_分拆Prompt嚴格無到院\outputs\v2\specialty_opname_v1\p1_04_extension_20260905\runs\surgery__S5__missingness_knn_k5_continuous_ordinal_block,982224cce9441661f58bb0ad3cfcf58ec7c67738e83ac65fc3063666d2ea00f7,D:\Codex_分拆Prompt嚴格無到院\outputs\v2\specialty_opname_v1\p1_04_extension_20260905\local_dispatch_full\validations\surgery__S5__missingness_knn_k5_continuous_ordinal_block\982224cce9441661_3c510f4d0008.report.json,87dc96daaee975a8d86ba19b45c011a00565a55a9d36b1cdb12a63ed3bba765f
surgery__S5__missingness_bayesian_iterative_m10,surgery,S5,missingness,bayesian_iterative_m10,bayesian_iterative_m10 / bayesian_iterative_m10,bayesian_iterative_m10,oof_2020_2023,RAW_LOCKED_BASE_PREDICTIONS,raw,VALIDATED_COMPUTED,Locked inputs; missingness strategy=bayesian_iterative_m10,d5d5e2d8a0734a0ce9af97a6606994868307c154f09eee30ee788ada6108d568,764,"0.852809 [0.788385, 0.913089]","0.105371 [0.0461198, 0.239357]",8731,34,0.8528092851490372,0.7883851651291529,0.9130890984752956,0.10537062713808652,0.046119849373335964,0.23935718062737732,0.0037431246860170466,0.003524998785055273,0.003957974884848862,0.0,-0.0002290688351849731,0.5,0.5,0.5,0.0,0.9997700356444751,0.0,0.9961049375644404,0,2,8695,34,ESTIMATED,ESTIMATED,ESTIMATED,c1f7fe77a50609caa41b80a32da4697589a3f186693d6b1d5aa950051d99332c,"Descriptive arm estimate. CI is an individual-arm CI, not a paired-difference CI; no significance claim for a delta. Raw layer; operating point is the recorded P104 comparator rule, not a final clinical threshold.",D:\Codex_分拆Prompt嚴格無到院\outputs\v2\specialty_opname_v1\p1_04_extension_20260905\runs\surgery__S5__missingness_bayesian_iterative_m10,6c679cafa0770dd96622251e484079957fbde0bcbd7543648f2e5ea9c5655fac,D:\Codex_分拆Prompt嚴格無到院\outputs\v2\specialty_opname_v1\p1_04_extension_20260905\local_dispatch_full\validations\surgery__S5__missingness_bayesian_iterative_m10\6c679cafa0770dd9_3c510f4d0008.report.json,1ca4d5a1a388b9c6d618fd90f537e428988e61983bb84a7d55084610964bf39f
surgery__S5__missingness_bayesian_iterative_m10,surgery,S5,missingness,bayesian_iterative_m10,bayesian_iterative_m10 / bayesian_iterative_m10,bayesian_iterative_m10,validation_2024,RAW_LOCKED_BASE_PREDICTIONS,raw,VALIDATED_COMPUTED,Locked inputs; missingness strategy=bayesian_iterative_m10,d5d5e2d8a0734a0ce9af97a6606994868307c154f09eee30ee788ada6108d568,764,"0.863073 [0.798894, 0.923311]","0.0491538 [0.0178059, 0.165907]",2712,14,0.8630731758974901,0.7988941300235313,0.9233106957578795,0.0491537508868955,0.017805917703943627,0.1659066084350551,0.005215025559017812,0.0048208652861688244,0.005576183055461681,0.0,0.0,0.5,0.5,0.5,0.0,1.0,,0.9948377581120944,0,0,2698,14,ESTIMATED,ESTIMATED,ESTIMATED,be07b87357bdb773e3590c73f9f5c84fb227461166dc737778f0e0fe0e2d13ce,"Descriptive arm estimate. CI is an individual-arm CI, not a paired-difference CI; no significance claim for a delta. Raw layer; operating point is the recorded P104 comparator rule, not a final clinical threshold.",D:\Codex_分拆Prompt嚴格無到院\outputs\v2\specialty_opname_v1\p1_04_extension_20260905\runs\surgery__S5__missingness_bayesian_iterative_m10,6c679cafa0770dd96622251e484079957fbde0bcbd7543648f2e5ea9c5655fac,D:\Codex_分拆Prompt嚴格無到院\outputs\v2\specialty_opname_v1\p1_04_extension_20260905\local_dispatch_full\validations\surgery__S5__missingness_bayesian_iterative_m10\6c679cafa0770dd9_3c510f4d0008.report.json,1ca4d5a1a388b9c6d618fd90f537e428988e61983bb84a7d55084610964bf39f
surgery__S6__missingness_median_indicator,surgery,S6,missingness,median_indicator,median_indicator / median_indicator,median_indicator,oof_2020_2023,RAW_LOCKED_BASE_PREDICTIONS,raw,VALIDATED_COMPUTED,Locked inputs; missingness strategy=median_indicator,d5d5e2d8a0734a0ce9af97a6606994868307c154f09eee30ee788ada6108d568,764,"0.83537 [0.798391, 0.86901]","0.0638348 [0.0473762, 0.0962092]",8731,103,0.8353700527971698,0.7983912504132125,0.8690099277576359,0.0638347948514415,0.04737623463301294,0.09620923308222672,0.014834962694694122,0.014308333253632366,0.015352539753909128,0.0,-0.0006872065055549192,0.5,0.5,0.5,0.0,0.9993045897079277,0.0,0.9881948424068768,0,6,8622,103,ESTIMATED,ESTIMATED,ESTIMATED,c0ab089b4f6f786d7eb07f8a635988081a1cf2a6aa92a4e4bc8b4b54a5718c52,"Descriptive arm estimate. CI is an individual-arm CI, not a paired-difference CI; no significance claim for a delta. Raw layer; operating point is the recorded P104 comparator rule, not a final clinical threshold.",D:\Codex_分拆Prompt嚴格無到院\outputs\v2\.p104rv\sweep_20260906T191424Z_account-02_v2\t31\r,37c21ec6d43b43127e5d0cfc15327fd65c63ce04526c34c95fcd9cf75391bda7,D:\Codex_分拆Prompt嚴格無到院\outputs\v2\.p104k10\cloud_validation_index_20260906T211456Z\task_surgery__S6__missingness_median_indicator_validation.json,543bf2ac0c7227f46508292bf46814de041b97918edb0cf2dd145bbb33c410f5
surgery__S6__missingness_median_indicator,surgery,S6,missingness,median_indicator,median_indicator / median_indicator,median_indicator,validation_2024,RAW_LOCKED_BASE_PREDICTIONS,raw,VALIDATED_COMPUTED,Locked inputs; missingness strategy=median_indicator,d5d5e2d8a0734a0ce9af97a6606994868307c154f09eee30ee788ada6108d568,764,"0.862681 [0.814271, 0.908593]","0.11352 [0.0735365, 0.211974]",2712,42,0.8626805778491172,0.8142712011432471,0.9085925678682688,0.11351960408346545,0.07353651778024217,0.2119742168001815,0.019477556297857815,0.018026455433445335,0.020793629890745235,0.0784313725490196,-0.0018436578171091445,0.5,0.5,0.5,0.047619047619047616,0.9973782771535581,0.2222222222222222,0.9852016278209397,2,7,2663,40,ESTIMATED,ESTIMATED,ESTIMATED,97bb052487e3f5d08d7e10a8c652c5de376262b9b9f6dc11dab49edfb58227ab,"Descriptive arm estimate. CI is an individual-arm CI, not a paired-difference CI; no significance claim for a delta. Raw layer; operating point is the recorded P104 comparator rule, not a final clinical threshold.",D:\Codex_分拆Prompt嚴格無到院\outputs\v2\.p104rv\sweep_20260906T191424Z_account-02_v2\t31\r,37c21ec6d43b43127e5d0cfc15327fd65c63ce04526c34c95fcd9cf75391bda7,D:\Codex_分拆Prompt嚴格無到院\outputs\v2\.p104k10\cloud_validation_index_20260906T211456Z\task_surgery__S6__missingness_median_indicator_validation.json,543bf2ac0c7227f46508292bf46814de041b97918edb0cf2dd145bbb33c410f5
surgery__S6__missingness_mean_indicator,surgery,S6,missingness,mean_indicator,mean_indicator / mean_indicator,mean_indicator,oof_2020_2023,RAW_LOCKED_BASE_PREDICTIONS,raw,VALIDATED_COMPUTED,Locked inputs; missingness strategy=mean_indicator,d5d5e2d8a0734a0ce9af97a6606994868307c154f09eee30ee788ada6108d568,764,"0.838352 [0.803149, 0.870988]","0.065585 [0.0481172, 0.0981683]",8731,103,0.8383519901337259,0.8031487404301054,0.870988480819562,0.06558495319992794,0.04811724521967346,0.09816834523837288,0.014784028433507438,0.014278783829928619,0.015295786364437406,0.0,-0.0008017409231474057,0.5,0.5,0.5,0.0,0.9991886879925823,0.0,0.9881934892251261,0,7,8621,103,ESTIMATED,ESTIMATED,ESTIMATED,c0ab089b4f6f786d7eb07f8a635988081a1cf2a6aa92a4e4bc8b4b54a5718c52,"Descriptive arm estimate. CI is an individual-arm CI, not a paired-difference CI; no significance claim for a delta. Raw layer; operating point is the recorded P104 comparator rule, not a final clinical threshold.",D:\Codex_分拆Prompt嚴格無到院\outputs\v2\.p104rv\sweep_20260906T211456Z_account-01_v2\t31\r,962732417b05368a826f2549fe9fc201cefddd6a5681eb324223a30c0eecd3b4,D:\Codex_分拆Prompt嚴格無到院\outputs\v2\.p104k10\cloud_validation_index_20260906T211456Z\task_surgery__S6__missingness_mean_indicator_validation.json,e557c3c2ee7a520d6aa83e46f041fb2f72979f454a73d25290c2f5ece26dc7ba
surgery__S6__missingness_mean_indicator,surgery,S6,missingness,mean_indicator,mean_indicator / mean_indicator,mean_indicator,validation_2024,RAW_LOCKED_BASE_PREDICTIONS,raw,VALIDATED_COMPUTED,Locked inputs; missingness strategy=mean_indicator,d5d5e2d8a0734a0ce9af97a6606994868307c154f09eee30ee788ada6108d568,764,"0.863412 [0.808436, 0.909511]","0.114256 [0.071941, 0.212703]",2712,42,0.8634118066702337,0.8084360375808238,0.909510802341386,0.11425612449898254,0.07194097100194839,0.2127034383088419,0.019565937015579668,0.0181605543675322,0.02099702932906255,0.1111111111111111,-0.0022123893805309734,0.5,0.5,0.5,0.07142857142857142,0.996629213483146,0.25,0.9855555555555555,3,9,2661,39,ESTIMATED,ESTIMATED,ESTIMATED,97bb052487e3f5d08d7e10a8c652c5de376262b9b9f6dc11dab49edfb58227ab,"Descriptive arm estimate. CI is an individual-arm CI, not a paired-difference CI; no significance claim for a delta. Raw layer; operating point is the recorded P104 comparator rule, not a final clinical threshold.",D:\Codex_分拆Prompt嚴格無到院\outputs\v2\.p104rv\sweep_20260906T211456Z_account-01_v2\t31\r,962732417b05368a826f2549fe9fc201cefddd6a5681eb324223a30c0eecd3b4,D:\Codex_分拆Prompt嚴格無到院\outputs\v2\.p104k10\cloud_validation_index_20260906T211456Z\task_surgery__S6__missingness_mean_indicator_validation.json,e557c3c2ee7a520d6aa83e46f041fb2f72979f454a73d25290c2f5ece26dc7ba
surgery__S6__missingness_tree_native,surgery,S6,missingness,tree_native,tree_native / tree_native,tree_native,oof_2020_2023,RAW_LOCKED_BASE_PREDICTIONS,raw,VALIDATED_COMPUTED,Locked inputs; missingness strategy=tree_native,d5d5e2d8a0734a0ce9af97a6606994868307c154f09eee30ee788ada6108d568,764,"0.830656 [0.792267, 0.865614]","0.0606455 [0.0452815, 0.0912303]",8731,103,0.8306563412866665,0.7922670267964766,0.8656140118844589,0.060645516151991395,0.045281479900346935,0.0912302835345527,0.014842733276294049,0.01434639244387327,0.01532790596309303,0.0,-0.0006872065055549192,0.5,0.5,0.5,0.0,0.9993045897079277,0.0,0.9881948424068768,0,6,8622,103,ESTIMATED,ESTIMATED,ESTIMATED,c0ab089b4f6f786d7eb07f8a635988081a1cf2a6aa92a4e4bc8b4b54a5718c52,"Descriptive arm estimate. CI is an individual-arm CI, not a paired-difference CI; no significance claim for a delta. Raw layer; operating point is the recorded P104 comparator rule, not a final clinical threshold.",D:\Codex_分拆Prompt嚴格無到院\outputs\v2\.p104rv\sweep_20260906T161352Z_account-04_v3\t31\r,fdbcda8fcb66ff7241a9b1a3fc17235fb4e497fea0af47f344792b6b58792243,D:\Codex_分拆Prompt嚴格無到院\outputs\v2\.p104k10\cloud_validation_index_20260906T211456Z\task_surgery__S6__missingness_tree_native_validation.json,2d60a7f271c3959420d47bf9c726d2fbed402b462a8d5b83a412ede9206c0c35
surgery__S6__missingness_tree_native,surgery,S6,missingness,tree_native,tree_native / tree_native,tree_native,validation_2024,RAW_LOCKED_BASE_PREDICTIONS,raw,VALIDATED_COMPUTED,Locked inputs; missingness strategy=tree_native,d5d5e2d8a0734a0ce9af97a6606994868307c154f09eee30ee788ada6108d568,764,"0.858311 [0.799587, 0.907503]","0.115087 [0.0720073, 0.209238]",2712,42,0.8583110397717139,0.7995874490126147,0.90750264135955,0.11508675244680625,0.07200732082320051,0.20923755747870795,0.01928275621778694,0.0179326556268252,0.02071677237953051,0.12,-0.0007374631268436578,0.5,0.5,0.5,0.07142857142857142,0.99812734082397,0.375,0.9855769230769231,3,5,2665,39,ESTIMATED,ESTIMATED,ESTIMATED,97bb052487e3f5d08d7e10a8c652c5de376262b9b9f6dc11dab49edfb58227ab,"Descriptive arm estimate. CI is an individual-arm CI, not a paired-difference CI; no significance claim for a delta. Raw layer; operating point is the recorded P104 comparator rule, not a final clinical threshold.",D:\Codex_分拆Prompt嚴格無到院\outputs\v2\.p104rv\sweep_20260906T161352Z_account-04_v3\t31\r,fdbcda8fcb66ff7241a9b1a3fc17235fb4e497fea0af47f344792b6b58792243,D:\Codex_分拆Prompt嚴格無到院\outputs\v2\.p104k10\cloud_validation_index_20260906T211456Z\task_surgery__S6__missingness_tree_native_validation.json,2d60a7f271c3959420d47bf9c726d2fbed402b462a8d5b83a412ede9206c0c35
surgery__S6__missingness_median_no_indicator,surgery,S6,missingness,median_no_indicator,median_no_indicator / median_no_indicator,median_no_indicator,oof_2020_2023,RAW_LOCKED_BASE_PREDICTIONS,raw,VALIDATED_COMPUTED,Remove specified baseline missingness indicators; retain undefined-score safeguards,0be3019014561edcf1c1cb3d305a4c74d405f0e1a6a4b35b5b24545e22ab35a6,512,"0.83266 [0.79701, 0.865951]","0.0615558 [0.0468175, 0.0928519]",8731,103,0.8326604282287067,0.7970097149074018,0.8659513368643743,0.061555761031322626,0.046817542003399874,0.09285188568529258,0.014848520195850156,0.014318929655434364,0.015323533414823527,0.0,-0.0006872065055549192,0.5,0.5,0.5,0.0,0.9993045897079277,0.0,0.9881948424068768,0,6,8622,103,ESTIMATED,ESTIMATED,ESTIMATED,c0ab089b4f6f786d7eb07f8a635988081a1cf2a6aa92a4e4bc8b4b54a5718c52,"Descriptive arm estimate. CI is an individual-arm CI, not a paired-difference CI; no significance claim for a delta. Raw layer; operating point is the recorded P104 comparator rule, not a final clinical threshold. Specified MISS/indicator inputs removed; UNDEFINED_SCORE safeguards remain, so missingness information is not completely absent.",D:\Codex_分拆Prompt嚴格無到院\outputs\v2\.p104rv\sweep_20260906T171453Z_account-03_v2\t31\r,c176c88b753a2a5c4bcc71dd6f996928fd33e267c27c4048b3db2fe8c4a8223f,D:\Codex_分拆Prompt嚴格無到院\outputs\v2\.p104k10\cloud_validation_index_20260906T211456Z\task_surgery__S6__missingness_median_no_indicator_validation.json,463134e1f4752d958edfe20e17c73e5b8867e80194bb9ef337c6151dfac10799
surgery__S6__missingness_median_no_indicator,surgery,S6,missingness,median_no_indicator,median_no_indicator / median_no_indicator,median_no_indicator,validation_2024,RAW_LOCKED_BASE_PREDICTIONS,raw,VALIDATED_COMPUTED,Remove specified baseline missingness indicators; retain undefined-score safeguards,0be3019014561edcf1c1cb3d305a4c74d405f0e1a6a4b35b5b24545e22ab35a6,512,"0.866123 [0.815844, 0.91267]","0.114915 [0.0759133, 0.208743]",2712,42,0.8661227037631531,0.8158441616711588,0.9126698260996523,0.1149151010289159,0.07591334633058255,0.20874282634765853,0.0191328259360695,0.017797650983532077,0.02042399327013104,0.041666666666666664,-0.0014749262536873156,0.5,0.5,0.5,0.023809523809523808,0.99812734082397,0.16666666666666666,0.9848484848484849,1,5,2665,41,ESTIMATED,ESTIMATED,ESTIMATED,97bb052487e3f5d08d7e10a8c652c5de376262b9b9f6dc11dab49edfb58227ab,"Descriptive arm estimate. CI is an individual-arm CI, not a paired-difference CI; no significance claim for a delta. Raw layer; operating point is the recorded P104 comparator rule, not a final clinical threshold. Specified MISS/indicator inputs removed; UNDEFINED_SCORE safeguards remain, so missingness information is not completely absent.",D:\Codex_分拆Prompt嚴格無到院\outputs\v2\.p104rv\sweep_20260906T171453Z_account-03_v2\t31\r,c176c88b753a2a5c4bcc71dd6f996928fd33e267c27c4048b3db2fe8c4a8223f,D:\Codex_分拆Prompt嚴格無到院\outputs\v2\.p104k10\cloud_validation_index_20260906T211456Z\task_surgery__S6__missingness_median_no_indicator_validation.json,463134e1f4752d958edfe20e17c73e5b8867e80194bb9ef337c6151dfac10799
surgery__S6__missingness_full_complete_case,surgery,S6,missingness,full_complete_case,full_complete_case,,,RAW_LOCKED_BASE_PREDICTIONS,raw,VALIDATED_NOT_ESTIMABLE,,,,,,,,,,,,,,,,,,,,,,,,,,,,,,,,,,Validated not-estimable disposition; no performance value invented. empty evaluation or single-class training cohort,D:\Codex_分拆Prompt嚴格無到院\outputs\v2\.p104rv\sweep_20260906T171453Z_account-09_v2\t30\r,4c38e847a806a0077e9db08ddc7bb1b03ca3097e7458337147bba8df1e6ddb04,D:\Codex_分拆Prompt嚴格無到院\outputs\v2\.p104k10\cloud_validation_index_20260906T211456Z\task_surgery__S6__missingness_full_complete_case_validation.json,da4b94ca0789c1053cdde2717f5ee6bed777a6f9805048b07807d882caa27ff5
surgery__S6__missingness_core_vitals_complete_case,surgery,S6,missingness,core_vitals_complete_case,core_vitals_complete_case / core_vitals_complete_case,core_vitals_complete_case,oof_2020_2023,RAW_LOCKED_BASE_PREDICTIONS,raw,VALIDATED_COMPUTED,Locked inputs; missingness strategy=core_vitals_complete_case,d5d5e2d8a0734a0ce9af97a6606994868307c154f09eee30ee788ada6108d568,764,"0.831577 [0.790605, 0.867351]","0.0643855 [0.0474892, 0.0947661]",8261,96,0.8315765972647479,0.790604730763356,0.8673508066774063,0.06438550383531613,0.04748923376467305,0.09476606623024589,0.014477116088434881,0.013950019901093557,0.015015921381021934,0.0,-0.000726304321510713,0.5,0.5,0.5,0.0,0.9992651561543172,0.0,0.9883706844336766,0,6,8159,96,ESTIMATED,ESTIMATED,ESTIMATED,e4d5670a5cfbde6a8e149ddbb30d53bd6ca14a55bcb618926c74d9ea0a808c59,"Descriptive arm estimate. CI is an individual-arm CI, not a paired-difference CI; no significance claim for a delta. Raw layer; operating point is the recorded P104 comparator rule, not a final clinical threshold.",D:\Codex_分拆Prompt嚴格無到院\outputs\v2\.p104rv\sweep_20260906T171453Z_account-08_v2\t30\r,9fe3b3fba5935afd9b21470aa34ba2fc87643133340909975383ee8c39cbab27,D:\Codex_分拆Prompt嚴格無到院\outputs\v2\.p104k10\cloud_validation_index_20260906T211456Z\task_surgery__S6__missingness_core_vitals_complete_case_validation.json,cc6b990d8fb18b0c2b99f087972b697c510ace536fb67c1667b27ddc16498283
surgery__S6__missingness_core_vitals_complete_case,surgery,S6,missingness,core_vitals_complete_case,core_vitals_complete_case / core_vitals_complete_case,core_vitals_complete_case,validation_2024,RAW_LOCKED_BASE_PREDICTIONS,raw,VALIDATED_COMPUTED,Locked inputs; missingness strategy=core_vitals_complete_case,d5d5e2d8a0734a0ce9af97a6606994868307c154f09eee30ee788ada6108d568,764,"0.876952 [0.824992, 0.92197]","0.132672 [0.0803546, 0.247402]",2329,37,0.8769515588887317,0.8249917132993797,0.9219700269971165,0.13267237070882368,0.08035456763592481,0.2474021908250564,0.01905583721547381,0.01762094525073323,0.020485189536044807,0.047619047619047616,-0.0012881064834693002,0.5,0.5,0.5,0.02702702702702703,0.9982547993019197,0.2,0.9845094664371773,1,4,2288,36,ESTIMATED,ESTIMATED,ESTIMATED,58269aa26cc735aeb5380d8bc3b1d1e50326d432342f1b0f3eb94cb2efe641d4,"Descriptive arm estimate. CI is an individual-arm CI, not a paired-difference CI; no significance claim for a delta. Raw layer; operating point is the recorded P104 comparator rule, not a final clinical threshold.",D:\Codex_分拆Prompt嚴格無到院\outputs\v2\.p104rv\sweep_20260906T171453Z_account-08_v2\t30\r,9fe3b3fba5935afd9b21470aa34ba2fc87643133340909975383ee8c39cbab27,D:\Codex_分拆Prompt嚴格無到院\outputs\v2\.p104k10\cloud_validation_index_20260906T211456Z\task_surgery__S6__missingness_core_vitals_complete_case_validation.json,cc6b990d8fb18b0c2b99f087972b697c510ace536fb67c1667b27ddc16498283
surgery__S6__missingness_knn_k5_continuous_ordinal_block,surgery,S6,missingness,knn_k5_continuous_ordinal_block,knn_k5_continuous_ordinal_block / knn_k5_continuous_ordinal_block,knn_k5_continuous_ordinal_block,oof_2020_2023,RAW_LOCKED_BASE_PREDICTIONS,raw,VALIDATED_COMPUTED,Locked inputs; missingness strategy=knn_k5_continuous_ordinal_block,d5d5e2d8a0734a0ce9af97a6606994868307c154f09eee30ee788ada6108d568,764,"0.830034 [0.794521, 0.86459]","0.0637635 [0.0476992, 0.0955575]",8731,103,0.8300340728537928,0.7945212402479941,0.8645903329776002,0.06376349011830726,0.04769920300518492,0.09555746314120493,0.014741512956057539,0.014227683691179266,0.015247736952173876,0.0,-0.0006872065055549192,0.5,0.5,0.5,0.0,0.9993045897079277,0.0,0.9881948424068768,0,6,8622,103,ESTIMATED,ESTIMATED,ESTIMATED,c0ab089b4f6f786d7eb07f8a635988081a1cf2a6aa92a4e4bc8b4b54a5718c52,"Descriptive arm estimate. CI is an individual-arm CI, not a paired-difference CI; no significance claim for a delta. Raw layer; operating point is the recorded P104 comparator rule, not a final clinical threshold.",D:\Codex_分拆Prompt嚴格無到院\outputs\v2\.p104rv\sweep_20260906T151250Z_account-10_v2\t30\r,e295a762d074a0ac23ba1ae3f6046fbb3e556b79d99f62325d6e90c11bad8c32,D:\Codex_分拆Prompt嚴格無到院\outputs\v2\.p104k10\cloud_validation_index_20260906T211456Z\task_surgery__S6__missingness_knn_k5_continuous_ordinal_block_validation.json,8a7a1bd10849740b7956f73991a7bbfc75a251712ab8242547bd14b5cad74cbf
surgery__S6__missingness_knn_k5_continuous_ordinal_block,surgery,S6,missingness,knn_k5_continuous_ordinal_block,knn_k5_continuous_ordinal_block / knn_k5_continuous_ordinal_block,knn_k5_continuous_ordinal_block,validation_2024,RAW_LOCKED_BASE_PREDICTIONS,raw,VALIDATED_COMPUTED,Locked inputs; missingness strategy=knn_k5_continuous_ordinal_block,d5d5e2d8a0734a0ce9af97a6606994868307c154f09eee30ee788ada6108d568,764,"0.868245 [0.817531, 0.914101]","0.116721 [0.0758998, 0.211314]",2712,42,0.8682450508293205,0.8175314961991361,0.914100849559299,0.11672106352148269,0.07589982867543456,0.21131360174890187,0.019342487675228195,0.017972490424699873,0.020741101471323416,0.08,-0.0014749262536873156,0.5,0.5,0.5,0.047619047619047616,0.9977528089887641,0.25,0.985207100591716,2,6,2664,40,ESTIMATED,ESTIMATED,ESTIMATED,97bb052487e3f5d08d7e10a8c652c5de376262b9b9f6dc11dab49edfb58227ab,"Descriptive arm estimate. CI is an individual-arm CI, not a paired-difference CI; no significance claim for a delta. Raw layer; operating point is the recorded P104 comparator rule, not a final clinical threshold.",D:\Codex_分拆Prompt嚴格無到院\outputs\v2\.p104rv\sweep_20260906T151250Z_account-10_v2\t30\r,e295a762d074a0ac23ba1ae3f6046fbb3e556b79d99f62325d6e90c11bad8c32,D:\Codex_分拆Prompt嚴格無到院\outputs\v2\.p104k10\cloud_validation_index_20260906T211456Z\task_surgery__S6__missingness_knn_k5_continuous_ordinal_block_validation.json,8a7a1bd10849740b7956f73991a7bbfc75a251712ab8242547bd14b5cad74cbf
surgery__S6__missingness_bayesian_iterative_m10,surgery,S6,missingness,bayesian_iterative_m10,bayesian_iterative_m10 / bayesian_iterative_m10,bayesian_iterative_m10,oof_2020_2023,RAW_LOCKED_BASE_PREDICTIONS,raw,VALIDATED_COMPUTED,Locked inputs; missingness strategy=bayesian_iterative_m10,d5d5e2d8a0734a0ce9af97a6606994868307c154f09eee30ee788ada6108d568,764,"0.836646 [0.800772, 0.870139]","0.0652184 [0.0483473, 0.0978007]",8731,103,0.8366460969253413,0.8007720985649355,0.8701386653774718,0.06521839643939971,0.048347339250659614,0.0978007327158265,0.014571203380201906,0.014078383136341428,0.015060845746126076,0.0,-0.0008017409231474057,0.5,0.5,0.5,0.0,0.9991886879925823,0.0,0.9881934892251261,0,7,8621,103,ESTIMATED,ESTIMATED,ESTIMATED,c0ab089b4f6f786d7eb07f8a635988081a1cf2a6aa92a4e4bc8b4b54a5718c52,"Descriptive arm estimate. CI is an individual-arm CI, not a paired-difference CI; no significance claim for a delta. Raw layer; operating point is the recorded P104 comparator rule, not a final clinical threshold.",D:\Codex_分拆Prompt嚴格無到院\outputs\v2\.p104rv\sweep_20260906T171453Z_account-07_v2\t30\r,021b7ec27b714d0389731eb581f4bac4148f43501a354ff44a2fcb61ebb64a53,D:\Codex_分拆Prompt嚴格無到院\outputs\v2\.p104k10\cloud_validation_index_20260906T211456Z\task_surgery__S6__missingness_bayesian_iterative_m10_validation.json,97d27b8997837ab25b682625fa292e7aa2b56f706950740ff3c2df371e832f8c
surgery__S6__missingness_bayesian_iterative_m10,surgery,S6,missingness,bayesian_iterative_m10,bayesian_iterative_m10 / bayesian_iterative_m10,bayesian_iterative_m10,validation_2024,RAW_LOCKED_BASE_PREDICTIONS,raw,VALIDATED_COMPUTED,Locked inputs; missingness strategy=bayesian_iterative_m10,d5d5e2d8a0734a0ce9af97a6606994868307c154f09eee30ee788ada6108d568,764,"0.861486 [0.808485, 0.908825]","0.115298 [0.0721579, 0.217497]",2712,42,0.8614856429463171,0.8084851754521809,0.9088251268999841,0.1152976117620274,0.07215789760199942,0.21749651278506957,0.019598886576145003,0.01810552219252106,0.0209612825598373,0.04081632653061224,-0.0018436578171091445,0.5,0.5,0.5,0.023809523809523808,0.9977528089887641,0.14285714285714285,0.9848428835489834,1,6,2664,41,ESTIMATED,ESTIMATED,ESTIMATED,97bb052487e3f5d08d7e10a8c652c5de376262b9b9f6dc11dab49edfb58227ab,"Descriptive arm estimate. CI is an individual-arm CI, not a paired-difference CI; no significance claim for a delta. Raw layer; operating point is the recorded P104 comparator rule, not a final clinical threshold.",D:\Codex_分拆Prompt嚴格無到院\outputs\v2\.p104rv\sweep_20260906T171453Z_account-07_v2\t30\r,021b7ec27b714d0389731eb581f4bac4148f43501a354ff44a2fcb61ebb64a53,D:\Codex_分拆Prompt嚴格無到院\outputs\v2\.p104k10\cloud_validation_index_20260906T211456Z\task_surgery__S6__missingness_bayesian_iterative_m10_validation.json,97d27b8997837ab25b682625fa292e7aa2b56f706950740ff3c2df371e832f8c
